;OBJECTID;LAND;BEZ;LOR;UJAHR;UMONAT;USTUNDE;UWOCHENTAG;UKATEGORIE;UART;UTYP1;ULICHTVERH;IstRad;IstPKW;IstFuss;IstKrad;IstGkfz;IstSonstige;USTRZUSTAND;LINREFX;LINREFY;XGCSWGS84;YGCSWGS84
405;114347;11;7;7050502;2018;3;20;7;3;1;5;2;0;1;0;0;0;0;0;798510,7087;5818051,7;13,39165686;52,43099222
406;114348;11;5;5020628;2018;5;12;1;3;2;6;0;0;1;0;0;0;0;0;784480,4859;5826457,486;13,19302917;52,51383709
407;114349;11;4;7030301;2018;10;18;6;3;2;6;1;0;1;0;0;0;0;0;794491,9077;5823103,744;13,3371733;52,47845959
408;114350;11;1;1011105;2018;2;15;7;3;8;1;0;0;1;0;0;0;0;0;796718,0845;5826659,741;13,37302341;52,50913068
409;114351;11;1;1011303;2018;11;16;1;3;3;6;2;1;1;0;0;0;0;1;799170,9991;5828371,892;13,41059801;52,52313796
410;114352;11;7;7040403;2018;9;8;4;3;2;6;0;0;1;0;0;0;0;0;797018,4281;5822351,123;13,37359553;52,47034487
411;114353;11;3;3071638;2018;8;16;2;3;2;6;0;1;1;0;0;0;0;0;800047,2787;5828999,183;13,42404098;52,52827909
412;114354;11;7;7040403;2018;6;19;4;3;0;6;0;0;1;0;1;0;0;0;797829,0567;5822374,193;13,3855147;52,47011033
413;114355;11;4;4030724;2018;10;15;4;3;2;6;0;0;1;0;1;0;0;0;790673,408;5826095,53;13,2837178;52,50732701
414;114356;11;1;1033203;2018;6;15;6;3;2;6;0;0;1;0;0;0;0;0;796300,3729;5830090,524;13,36994344;52,5401113
415;114357;11;1;1011102;2018;8;15;7;3;0;1;0;1;0;0;0;0;0;0;795506,5582;5827220,737;13,35572228;52,51481718
416;114358;11;1;1011303;2018;5;19;3;2;5;3;0;1;0;0;0;0;1;0;799604,032;5828293,47;13,41689086;52,52219727
417;114359;11;12;12302212;2018;4;13;2;3;6;4;0;0;1;1;0;0;0;0;792805,6004;5837303,603;13,32493104;52,60666206
418;114360;11;4;4010101;2018;12;18;3;3;2;6;2;0;1;0;0;0;1;1;791140,5248;5829356,15;13,293435;52,53630915
419;114361;11;11;11030721;2018;9;8;3;3;6;2;0;0;1;1;0;0;0;0;803758,4174;5827566,686;13,47727119;52,51338498
420;114362;11;4;4041239;2018;9;17;4;3;2;6;0;0;1;0;0;0;0;0;792253,2879;5823626,049;13,30476301;52,48434456
421;114363;11;1;1011303;2018;6;16;4;3;2;6;0;1;1;0;0;0;0;0;799682,5704;5828428,48;13,41816661;52,52336426
422;114364;11;3;3040818;2018;7;15;2;3;2;6;0;0;1;0;0;0;1;0;800063,0316;5833722,265;13,42854029;52,57060472
423;114365;11;2;2010101;2018;7;16;3;3;5;3;0;1;1;0;0;0;0;0;797886,1161;5825493,067;13,3891393;52,49803631
424;114366;11;4;4020311;2018;5;14;3;2;2;6;0;0;1;0;0;0;0;0;789155,173;5826158,542;13,26146539;52,50869877
425;114367;11;4;4030622;2018;2;14;7;3;6;7;0;0;1;1;0;0;0;0;791990,151;5826637,438;13,30353898;52,51148197
426;114368;11;5;5020524;2018;11;10;2;3;0;6;0;0;0;0;0;0;1;1;782200,8376;5825001,51;13,15829103;52,50196642
427;114369;11;11;11041022;2018;8;15;5;3;2;6;0;0;1;0;0;0;0;0;806269,4963;5827346,995;13,51395697;52,51001195
428;114370;11;2;3071638;2018;3;12;2;3;5;3;0;1;1;0;0;0;0;0;799862,1347;5828781,209;13,42112339;52,52642718
429;114372;11;9;9020601;2018;10;6;6;2;5;2;2;0;1;0;0;0;0;0;805386,943;5822357,728;13,49642143;52,46579047
430;114373;11;9;9010201;2018;8;13;3;2;5;2;0;1;0;0;0;0;1;0;803126,0581;5824537,774;13,46522447;52,48658905
431;114374;11;3;3061131;2018;4;15;2;3;0;1;0;1;0;0;0;0;0;0;799184,6027;5831150,298;13,41329912;52,54803466
432;114375;11;4;4020313;2018;4;13;4;3;5;2;0;0;1;0;0;0;0;0;790519,246;5826375,536;13,28169716;52,50991941
433;114376;11;3;3061332;2018;5;16;3;3;5;2;0;1;1;0;0;0;0;0;799971,0722;5830201,888;13,42400643;52,53910128
434;114377;11;3;3040614;2018;11;9;6;3;1;5;0;0;1;0;1;0;0;0;798155,9158;5833518,273;13,4003009;52,5698242
435;114378;11;1;1011105;2018;12;10;2;3;2;2;0;1;1;0;0;0;0;1;796420,9362;5826330,177;13,36836442;52,506338
436;114379;11;3;3061126;2018;9;17;5;3;5;2;0;1;0;0;0;0;1;0;799196,197;5831434,082;13,41372528;52,55057197
437;114380;11;4;4041239;2018;8;13;6;2;3;6;0;0;1;0;0;0;1;0;792422,279;5823069,107;13,30675603;52,47926121
438;114381;11;9;9020601;2018;6;6;6;3;3;6;0;1;0;0;0;0;1;0;806375,7735;5821375,387;13,51003015;52,4564328
439;114382;11;1;1044102;2018;7;14;4;3;5;3;0;0;1;0;1;0;0;0;795878,0973;5832062,424;13,36549219;52,55801691
440;114383;11;2;2050602;2018;5;8;4;2;5;3;0;1;1;0;0;0;0;0;803093,0802;5827650,614;13,46757327;52,51450732
441;114384;11;4;4030623;2018;2;12;7;3;2;6;0;0;1;0;0;0;0;0;793426,9793;5826879,435;13,32486386;52,51288035
442;114385;11;1;1033203;2018;11;22;2;3;5;3;2;0;1;0;0;0;0;0;796185,6817;5830195,838;13,36835116;52,54111769
443;114386;11;3;3061126;2018;6;14;1;3;2;6;0;0;1;0;0;0;0;0;799199,3994;5831496,843;13,41382892;52,55113277
444;114387;11;7;7020203;2018;12;20;5;2;6;2;2;0;1;1;0;0;0;0;795796,0669;5824129,259;13,35723023;52,48694773
445;114388;11;4;4030623;2018;10;13;7;3;3;6;0;0;1;0;1;0;0;0;793021,3483;5826811,28;13,31884366;52,51248743
446;114389;11;4;4030623;2018;2;11;7;3;5;7;0;0;1;0;0;0;1;0;793443,7259;5826865,452;13,3250976;52,51274599
447;114390;11;10;10040933;2018;8;16;4;3;5;3;0;1;1;0;0;0;0;0;812566,7895;5827181,035;13,60629127;52,50495334
448;114391;11;2;2050802;2018;4;22;4;3;6;4;2;1;0;1;0;0;0;0;802062,0003;5827300,352;13,45210723;52,51193991
449;114392;11;2;2050602;2018;3;15;6;2;6;4;0;0;1;1;0;0;0;0;802734,8578;5827671,337;13,46232936;52,51489201
450;114393;11;1;1011304;2018;5;20;4;3;5;3;0;1;1;0;0;0;0;0;800002,0919;5828076,13;13,42254422;52,52003031
451;114394;11;2;2020202;2018;10;9;4;3;2;2;0;1;1;0;0;0;0;0;797898,4872;5825431,844;13,38926624;52,49748077
452;114395;11;3;3040818;2018;2;12;7;2;5;2;0;1;1;0;0;0;0;0;798793,3216;5832828,26;13,40905624;52,5632898
453;114396;11;11;11041022;2018;11;5;3;3;2;6;2;0;1;0;0;0;0;0;806096,5111;5827373,781;13,51144065;52,5103491
454;114397;11;4;4020208;2018;9;17;7;3;1;5;0;1;1;0;0;0;0;0;787869,6435;5825953,017;13,24239853;52,50753603
455;114398;11;3;3061429;2018;8;14;6;3;3;6;0;0;1;0;0;0;1;0;801300,3016;5830961,404;13,44423493;52,54517559
456;114399;11;3;3061434;2018;6;23;1;3;6;2;2;0;1;1;0;0;0;0;800918,663;5829714,529;13,43749481;52,53421058
457;114400;11;4;4030623;2018;7;13;1;3;2;6;0;1;1;0;0;0;0;0;793122,6771;5826807,464;13,32032918;52,51239878
458;114401;11;3;3071633;2018;6;20;3;3;6;4;0;1;0;1;0;0;0;0;800070,6435;5830538,54;13,4257742;52,54206397
459;114402;11;3;3040513;2018;8;20;4;2;0;1;0;0;0;0;1;0;0;0;798014,9706;5833641,658;13,39833831;52,57100736
460;114403;11;7;7020203;2018;5;15;5;3;3;6;0;1;0;0;0;0;1;0;795784,752;5824104,839;13,35704241;52,48673495
461;114404;11;2;2050602;2018;4;10;5;3;0;1;0;0;0;0;1;0;0;0;803540,8439;5827588,058;13,47409437;52,51369765
462;114405;11;6;6030503;2018;12;16;2;3;6;4;2;0;1;1;0;0;0;0;790449,8817;5818459,552;13,27378434;52,43898821
463;114406;11;1;1011104;2018;9;11;7;3;5;7;0;1;1;0;0;0;0;0;796349,339;5826136,498;13,36714022;52,50464075
464;114407;11;6;6040703;2018;9;11;7;3;2;2;0;0;1;0;0;0;0;0;785263,0836;5816291,104;13,19583825;52,4222758
465;114408;11;3;3061131;2018;7;18;6;3;0;1;0;1;1;0;0;0;0;0;799163,4288;5830571,461;13,41246644;52,54285791
466;114409;11;1;1011204;2018;3;21;3;3;3;6;2;1;1;0;0;0;0;1;797703,5182;5826841,386;13,38766298;52,51022204
467;114410;11;2;2040503;2018;7;22;6;3;1;5;2;1;1;0;0;0;0;0;801882,8554;5827775,058;13,44990611;52,51629389
468;114411;11;3;3061332;2018;3;9;4;3;0;1;0;0;0;0;1;0;0;1;799186,561;5830368,697;13,41262392;52,54102775
469;114412;11;2;2050602;2018;5;15;6;3;3;6;0;0;1;0;1;0;0;0;802146,7508;5827745,195;13,45375618;52,5158801
470;114413;11;3;3071639;2018;10;17;5;3;1;5;0;1;0;0;0;0;1;0;800473,2;5829681,542;13,43091734;52,53416067
471;114414;11;3;3061429;2018;2;5;7;3;5;3;2;0;1;0;0;0;1;2;801341,8612;5830997,418;13,44487861;52,5454754
472;114415;11;1;1011104;2018;11;23;6;3;2;6;2;0;1;0;0;0;0;0;796175,3283;5825767,071;13,36425541;52,50142365
473;114416;11;4;4030417;2018;9;9;2;3;0;2;0;1;1;0;0;0;0;0;791021,9995;5826457,547;13,28915596;52,51038665
474;114417;11;3;3040614;2018;8;14;7;3;2;6;0;1;1;0;0;0;1;0;798401,4422;5833432,991;13,40383611;52,56892524
475;114418;11;7;7050502;2018;3;15;1;3;6;7;0;0;1;1;0;0;0;0;797542,4084;5818270,173;13,37765096;52,43347813
476;114419;11;1;1011303;2018;10;16;3;3;5;2;0;0;1;0;1;0;1;0;799229,2056;5827873,061;13,41100463;52,51863475
477;114420;11;9;9020601;2018;8;21;5;3;8;1;2;0;1;0;0;0;0;0;806594,5939;5821141,56;13,51302578;52,45421446
478;114421;11;4;4030623;2018;4;17;7;3;3;6;0;0;1;0;1;0;0;0;793672,9179;5826920,96;13,3285142;52,51312024
479;114422;11;1;1011303;2018;4;7;7;3;5;7;0;0;1;0;0;0;0;0;799698,6594;5828473,117;13,41844327;52,52375551
480;114423;11;4;4041239;2018;6;15;6;3;3;6;0;0;1;0;0;0;0;0;792390,2505;5823506,181;13,30666908;52,48319664
481;114424;11;1;1011104;2018;12;17;6;3;2;6;2;0;1;0;0;0;0;1;796189,9736;5825799,411;13,3644993;52,5017056
482;114425;11;2;2050602;2018;9;7;2;2;5;3;0;1;0;0;1;0;0;0;803308,6414;5827628,703;13,47072015;52,51419111
483;114426;11;1;1011201;2018;9;8;3;3;2;6;0;1;1;0;0;0;0;0;797315,6179;5826777,616;13,38190718;52,50986198
484;114427;11;11;11010101;2018;6;17;3;3;5;3;0;0;1;0;1;0;0;0;803673,798;5835112,243;13,4829273;52,58106016
485;114428;11;4;4010102;2018;7;11;7;3;8;1;0;0;1;0;0;0;0;0;792239,019;5829354,206;13,30958302;52,53570378
486;114429;11;3;3071633;2018;5;19;1;3;2;2;0;1;0;0;0;0;0;0;800391,0857;5830003,013;13,43000094;52,53708736
487;114430;11;7;7030303;2018;2;16;6;3;2;6;0;0;1;0;0;0;0;0;795695,3261;5823158,448;13,35488984;52,47829972
488;114431;11;12;12214422;2018;11;21;6;3;2;6;2;0;1;0;0;0;0;0;791725,5724;5833271,936;13,30547724;52,57110028
489;114433;11;3;3071633;2018;10;10;4;3;2;6;0;0;1;0;0;0;0;0;800233,881;5830079,569;13,42775927;52,53786018
490;114434;11;2;2050602;2018;8;8;2;3;5;2;0;0;1;0;0;0;0;0;802582,9506;5827686,57;13,46011146;52,51511283
491;114435;11;7;7040405;2018;4;21;1;3;8;1;2;0;1;0;0;0;0;0;799064,3607;5821745,458;13,40308275;52,4637997
492;114436;11;12;12103115;2018;4;20;2;3;5;2;2;0;1;0;0;0;0;0;795337,3903;5833744,548;13,35903702;52,57338911
493;114437;11;4;4030417;2018;5;15;2;3;0;1;0;1;0;0;0;0;0;0;790984,1939;5826470,001;13,28861135;52,51051846
494;114438;11;2;2050801;2018;10;17;3;3;5;3;1;1;0;0;0;0;0;1;802151,1522;5827578,603;13,45366957;52,5143845
495;114439;11;7;7030303;2018;2;14;6;3;2;6;0;0;1;0;0;0;0;0;795811,6803;5822635,173;13,35613395;52,47354595
496;114440;11;3;3061332;2018;12;12;7;3;5;2;0;1;1;0;0;0;0;0;799993,3696;5830194,546;13,42432758;52,5390232
497;114441;11;4;4020311;2018;9;14;4;3;2;6;0;0;1;0;0;0;0;0;789219,5507;5826168,989;13,26242039;52,5087583
498;114442;11;3;3050925;2018;8;19;5;3;0;1;2;0;0;0;1;0;0;1;802289,2107;5831572,211;13,45932954;52,55010241
499;114443;11;1;1011304;2018;6;8;5;3;3;6;0;0;1;0;1;0;0;0;799896,8594;5828150,061;13,42106459;52,52075087
500;114444;11;3;3061131;2018;6;16;5;3;5;2;0;1;0;0;0;0;1;0;799138,236;5830604,496;13,4121258;52,54316786
501;114445;11;2;2040501;2018;8;12;6;3;0;6;0;0;0;0;1;1;0;0;799901,4579;5828783,816;13,42170364;52,52642892
502;114446;11;1;1011303;2018;3;12;2;3;5;3;0;1;1;0;0;0;0;1;799319,0588;5827969,789;13,41241194;52,51945246
503;114447;11;6;6030503;2018;4;17;2;3;1;7;0;0;1;0;0;0;0;0;789203,8535;5817998,912;13,25510629;52,4355187
504;114448;11;2;2020203;2018;4;15;1;3;0;7;0;1;0;0;0;0;0;0;797738,5453;5824433,445;13,38602493;52,48861856
505;114449;11;1;1011102;2018;6;19;6;3;2;6;1;0;1;0;0;0;0;1;795570,514;5827243,44;13,35668218;52,51498604
506;114450;11;7;7040403;2018;12;20;1;3;2;6;2;0;1;0;0;0;0;1;797850,9933;5821996,635;13,38549964;52,46671398
507;114451;11;1;1044102;2018;9;16;2;3;5;3;0;0;1;0;0;0;0;0;795878,0973;5832062,424;13,36549219;52,55801691
508;114452;11;4;4010101;2018;9;11;3;2;2;6;0;0;1;0;0;0;0;0;791285,1515;5829951,633;13,29608333;52,54157028
509;114453;11;1;1011105;2018;6;12;4;3;5;3;0;0;1;0;0;0;0;0;796449,195;5826441,205;13,36887843;52,50731791
510;114454;11;3;3071638;2018;7;7;2;3;5;2;0;1;1;0;0;0;0;0;800008,4531;5828978,782;13,42345197;52,52811761
511;114455;11;2;2050602;2018;5;8;2;2;3;6;0;1;0;0;0;0;0;0;803330,2025;5827626,444;13,47103485;52,51415888
512;114456;11;4;4020313;2018;2;13;6;3;3;6;0;0;1;0;0;0;0;0;790692,7074;5826330,259;13,28420635;52,50942109
513;114457;11;8;8020619;2018;11;2;1;3;2;6;2;0;1;0;0;0;0;0;802297,0042;5821930,239;13,45068877;52,46367715
514;114459;11;4;4041137;2018;10;20;4;2;2;6;2;0;1;0;0;0;0;0;791569,971;5824363,707;13,29537418;52,49132295
515;114460;11;12;12214528;2018;8;22;2;3;0;6;2;0;1;0;1;0;0;0;787889,0259;5837523,083;13,25272039;52,6112559
516;114461;11;1;1011102;2018;4;17;1;3;0;6;0;0;1;0;1;0;0;0;796574,1898;5827397,273;13,37156667;52,51582017
517;114462;11;7;7040405;2018;4;9;3;2;2;6;0;0;1;0;0;0;0;1;799455,588;5821513,785;13,40861638;52,4615088
518;114463;11;9;9010402;2018;5;8;2;3;2;6;0;0;1;0;0;0;0;0;805750,1536;5818798,566;13,49849355;52,43368826
519;114464;11;4;4030623;2018;10;8;4;3;5;3;0;0;1;0;0;0;0;0;793713,9456;5826927,887;13,32912315;52,51316025
520;114465;11;5;5020524;2018;2;9;6;3;6;4;0;0;1;1;0;0;0;0;783324,415;5826483,454;13,17606094;52,51467171
521;114466;11;7;7060604;2018;12;8;2;3;2;6;0;0;1;0;0;0;0;1;796378,7331;5815290,17;13,3579444;52,40739628
522;114467;11;3;3061228;2018;9;17;4;3;0;2;0;1;1;0;0;0;0;0;800219,41;5831110,197;13,42847793;52,54710595
523;114468;11;3;3051017;2018;8;11;5;3;2;6;0;0;1;0;0;1;1;1;802863,3197;5833053,837;13,46912259;52,56306298
524;114469;11;4;4051655;2018;6;15;5;3;2;6;0;0;1;0;0;0;0;0;793890,3113;5823008,437;13,32825669;52,47792928
525;114470;11;1;1011105;2018;7;12;4;3;3;6;0;0;1;0;1;0;0;0;796605,418;5826802,971;13,37149582;52,51047586
526;114471;11;10;10040830;2018;2;13;6;3;2;6;0;0;1;0;0;0;0;0;811520,9099;5827129,5;13,59088379;52,50508964
527;114472;11;2;2050602;2018;11;3;1;1;6;4;2;0;1;1;0;0;0;0;803314,7001;5827611,831;13,47079378;52,51403653
528;114473;11;7;7070701;2018;6;13;6;3;6;4;0;0;0;1;0;0;1;0;799366,0264;5815999,087;13,40236332;52,41212573
529;114474;11;7;7040405;2018;5;9;3;3;2;6;0;0;1;0;0;0;0;0;798516,1416;5822086,933;13,39534268;52,46716038
530;114475;11;3;3061429;2018;12;18;3;2;5;2;2;0;1;0;0;0;0;1;801344,29;5830999,574;13,44491627;52,54549338
531;114476;11;2;2040703;2018;10;20;5;3;6;4;2;1;0;1;0;0;0;0;801871,4046;5826517,026;13,44859688;52,50502442
532;114477;11;6;6030503;2018;2;16;6;3;6;4;0;0;1;1;0;0;0;0;789576,585;5817961,86;13,26054181;52,4349893
533;114478;11;3;3061126;2018;7;16;2;3;6;4;0;1;0;1;0;0;0;0;799214,0426;5831306,642;13,41387286;52,54941987
534;114479;11;1;1011102;2018;4;11;4;3;2;6;0;0;1;0;0;0;0;0;794430,0666;5827034,35;13,33973958;52,51372853
535;114480;11;1;1011105;2018;7;21;1;2;5;3;2;0;1;0;0;0;0;0;796672,2589;5826217,936;13,37195644;52,50519526
536;114481;11;2;2020203;2018;3;17;5;3;6;7;2;1;0;1;0;0;0;1;797754,3193;5824624,881;13,38642761;52,49032596
537;114482;11;2;2050602;2018;5;16;4;3;3;6;0;1;1;0;0;0;0;0;802646,2833;5827680,219;13,46103614;52,51502077
538;114483;11;7;7050502;2018;10;14;3;3;5;2;0;0;1;0;0;0;1;1;797491,9697;5818043,162;13,37670924;52,43147062
539;114484;11;12;12231101;2018;2;8;5;3;6;2;0;0;1;1;0;0;0;1;792161,2123;5838425,515;13,31643315;52,61706615
540;114485;11;4;4020208;2018;11;22;1;3;5;2;2;0;1;0;0;0;1;0;787146,9995;5825836,514;13,23167987;52,50687235
541;114486;11;2;2050602;2018;9;17;6;3;5;2;0;1;1;0;0;0;0;0;802177,644;5827745,738;13,45421055;52,51586785
542;114487;11;1;1033203;2018;8;21;5;3;5;2;2;1;1;0;0;0;0;0;796195,046;5830185,826;13,36847991;52,54102285
543;114488;11;2;2050602;2018;6;10;7;3;5;2;0;1;1;0;0;0;0;0;802177,644;5827745,738;13,45421055;52,51586785
544;114489;11;7;7020203;2018;6;16;7;3;2;6;0;0;1;0;0;0;0;0;795935,0916;5824418,414;13,35952847;52,48946442
545;114490;11;3;3061429;2018;6;15;2;3;2;6;0;0;0;0;1;1;0;0;801291,3975;5830986,625;13,4441269;52,54540657
546;114491;11;2;2040703;2018;8;15;4;3;2;6;0;0;1;0;0;0;1;0;801820,8468;5826375,937;13,44772636;52,50378779
547;114492;11;7;7050502;2018;5;9;5;2;6;6;0;1;0;1;0;0;0;0;798627,5198;5817773,586;13,39312153;52,42843549
548;114493;11;11;11030721;2018;4;17;4;3;3;6;0;1;1;0;0;0;0;0;804979,9159;5827441,052;13,49510035;52,51157741
549;114494;11;10;10030726;2018;12;20;6;3;2;6;2;0;1;0;0;0;0;0;808878,3338;5827412,24;13,55233659;52,50912584
550;114495;11;12;12103219;2018;9;8;6;3;5;2;0;1;1;0;0;0;0;0;795559,6196;5833204,293;13,36182522;52,56842561
551;114496;11;4;4020313;2018;9;19;6;3;6;7;1;1;0;1;0;0;0;0;790301,4983;5826357,903;13,27848233;52,50987725
552;114497;11;12;12214528;2018;7;14;5;3;2;6;0;0;1;0;1;0;0;0;789301,9262;5836731,935;13,27283725;52,60341302
553;114498;11;4;4020310;2018;3;15;2;3;2;6;0;0;1;0;0;0;0;0;790556,7567;5827377,035;13,28312285;52,51887791
554;114499;11;1;1011204;2018;7;16;5;3;2;6;0;0;1;0;0;0;0;1;798812,1881;5827209,407;13,40428103;52,51291468
555;114500;11;4;4020314;2018;3;17;2;3;2;6;0;0;1;0;0;0;0;0;790460,0497;5825435,582;13,28000728;52,50152416
556;114501;11;4;4010101;2018;5;14;5;3;3;6;0;0;1;0;1;0;0;0;790859,2215;5828945,872;13,28894022;52,53278123
557;114502;11;12;12214528;2018;2;8;5;3;2;6;0;0;1;0;0;0;0;0;788114,988;5837395,578;13,25593727;52,60999305
558;114503;11;8;9010302;2018;11;21;4;2;2;6;2;0;1;0;0;1;0;0;802939,9971;5821204,888;13,45946613;52,45681974
559;114504;11;3;3061434;2018;9;9;1;3;5;3;0;1;1;0;0;0;0;0;800844,5183;5830326,69;13,43695919;52,53973842
560;114505;11;1;1011303;2018;8;10;7;3;9;1;0;0;0;0;1;0;0;1;799790,6118;5828610,011;13,41991794;52,524932
561;114507;11;3;3010104;2018;10;16;2;3;2;6;0;0;1;0;0;0;0;0;800921,977;5838661,237;13,44566279;52,61439859
562;114508;11;2;2040703;2018;8;3;5;3;6;6;2;1;0;1;0;0;0;0;801855,9962;5826471,537;13,44832931;52,50462522
563;114509;11;1;1011304;2018;4;10;6;3;3;6;0;0;1;0;1;0;0;0;799786,3142;5828197,842;13,41948327;52,52123993
564;114510;11;7;7040403;2018;4;15;6;2;8;1;0;0;1;0;0;0;0;0;797577,0687;5822327,712;13,38177452;52,46983099
565;114511;11;1;1011303;2018;5;17;5;3;3;6;0;0;1;0;0;1;0;0;799231,3454;5828414,676;13,41152331;52,52348834
566;114512;11;2;2020201;2018;12;19;5;3;2;6;2;0;1;0;0;0;0;1;796862,533;5825938,161;13,37450212;52,50258388
567;114513;11;9;9010202;2018;9;3;1;3;9;1;2;0;1;0;0;0;0;1;803711,5274;5824016,397;13,47334524;52,48159069
568;114514;11;3;3040614;2018;9;16;3;3;3;6;0;0;0;0;1;0;1;0;798398,6137;5833438,064;13,40379907;52,56897226
569;114515;11;10;10030726;2018;6;10;2;2;3;6;0;0;1;0;1;0;0;0;809554,4957;5827388,801;13,56224597;52,50853255
570;114516;11;1;1011303;2018;7;16;6;3;5;2;0;1;1;0;0;0;0;0;799571,012;5828269,929;13,41638443;52,5220044
571;114517;11;1;1011201;2018;5;13;7;3;1;5;0;1;1;0;0;0;1;0;797301,5961;5826775,264;13,38169908;52,50984853
572;114518;11;3;3051017;2018;2;15;5;3;2;6;0;0;1;0;0;0;0;0;802774,2448;5832798,266;13,46757933;52,5608219
573;114519;11;2;2050602;2018;11;15;6;3;2;6;0;0;1;0;0;0;0;0;803267,8891;5827632,916;13,47012529;52,51425153
574;114521;11;7;7020203;2018;10;15;3;3;1;5;0;0;1;0;1;0;0;0;795805,3312;5824182,291;13,35741334;52,4874181
575;114522;11;4;4041134;2018;8;13;1;3;2;6;0;0;1;0;0;0;0;0;790760,633;5824872,301;13,28393125;52,49631424
576;114523;11;4;4030417;2018;4;19;7;3;3;6;0;0;1;0;0;0;0;0;790799,8739;5826477,901;13,28590995;52,51068758
577;114524;11;3;3020209;2018;3;17;7;3;0;1;0;0;1;0;0;0;0;1;797966,269;5834631,456;13,39851134;52,57990615
578;114525;11;9;9010101;2018;5;3;1;2;5;3;2;1;1;0;0;0;0;0;802580,269;5825073,445;13,4576975;52,491693
579;114526;11;1;1033203;2018;10;11;3;3;6;7;0;0;1;1;0;0;0;0;796270,2136;5830362,029;13,36974216;52,54256147
580;114527;11;4;4030623;2018;2;15;5;3;3;2;0;0;1;0;0;0;0;0;793142,6318;5826842,202;13,32065298;52,51269946
581;114528;11;10;10040933;2018;11;19;6;3;2;6;2;0;1;0;0;0;0;1;812809,8414;5827178,937;13,60985856;52,50479525
582;114529;11;2;2020202;2018;9;18;3;3;3;6;1;0;1;0;1;0;0;0;797895,0762;5825129,566;13,38894582;52,49477307
583;114530;11;12;12103218;2018;8;8;4;3;5;2;0;0;1;0;0;0;0;0;794372,2524;5834512,631;13,34551867;52,58079722
584;114531;11;11;11030721;2018;6;15;4;2;0;1;0;0;0;0;1;0;0;0;804143,4215;5827527,967;13,48289174;52,51282342
585;114532;11;6;6040703;2018;7;13;3;3;2;2;0;0;1;0;0;0;0;0;785240,7079;5816187,65;13,19542188;52,42135987
586;114533;11;1;1011304;2018;6;0;4;3;5;3;2;1;1;0;0;0;0;0;799999,9857;5828077,04;13,42251409;52,52003963
587;114534;11;12;12214424;2018;5;11;2;2;0;6;0;0;1;0;1;0;0;0;792250,7596;5832574,279;13,31258976;52,56456433
588;114535;11;4;4020314;2018;4;15;7;3;3;6;0;0;1;0;0;1;0;0;790465,4412;5825331,734;13,2799959;52,50059029
589;114536;11;3;3061131;2018;12;18;7;3;5;2;2;1;0;0;0;0;1;1;799141,926;5830367,385;13,41196655;52,54104049
590;114537;11;7;7040403;2018;10;6;3;3;2;6;2;0;1;0;0;0;0;0;797846,1507;5822370,06;13,38576192;52,47006396
591;114538;11;6;6040703;2018;2;5;4;3;0;7;2;0;1;0;0;1;0;0;785006,9056;5817649,481;13,19323884;52,4345888
592;114539;11;4;4030621;2018;7;8;2;3;3;6;0;1;1;0;0;0;0;0;793963,9415;5826951,772;13,33281756;52,51323968
593;114540;11;4;4041137;2018;4;12;3;3;2;6;0;0;1;0;0;0;0;0;791502,6084;5824421,034;13,29443498;52,49187286
594;114541;11;1;1044201;2018;7;14;5;2;6;4;0;1;0;1;0;0;0;0;796193,7458;5831014,162;13,36919944;52,54844875
595;114542;11;9;9010302;2018;3;9;3;3;2;6;0;0;1;0;0;0;1;1;803092,2608;5820916,366;13,46143828;52,4541493
596;114543;11;4;4010103;2018;5;8;3;3;3;6;0;0;1;0;0;1;0;0;791731,8903;5829187,113;13,30198076;52,53447752
597;114544;11;7;7040403;2018;10;6;2;3;2;6;2;0;1;0;0;0;0;0;797863,6978;5820463,326;13,38431797;52,45296261
598;114545;11;4;4020311;2018;2;19;4;2;6;4;2;0;0;1;1;0;0;0;789218,9204;5826168,886;13,26241104;52,50875772
599;114546;11;1;1011303;2018;11;19;4;3;6;4;2;1;0;1;0;0;0;1;799094,5443;5827618,902;13,40879746;52,51643045
600;114547;11;3;3061131;2018;9;19;5;3;3;6;2;1;0;0;0;0;0;1;799187,0853;5830934,489;13,41314121;52,54609891
601;114548;11;3;3061332;2018;8;16;3;3;5;3;0;1;0;0;0;0;0;0;799324,8119;5830348,681;13,41463833;52,54077241
602;114549;11;12;12301203;2018;6;11;6;3;5;2;0;0;1;0;0;0;0;0;794097,9932;5835017,312;13,34193057;52,58546962
603;114550;11;3;3071633;2018;6;6;7;3;1;5;0;0;1;0;1;0;1;0;800121,9058;5830163,208;13,42618879;52,53867154
604;114551;11;12;12214422;2018;8;17;2;3;2;6;0;0;1;0;0;0;0;0;792099,0837;5832634,544;13,31041151;52,56518598
605;114552;11;7;7070701;2018;5;12;4;3;6;4;0;1;0;1;0;0;0;0;799139,7557;5816600,771;13,39958427;52,41764279
606;114553;11;9;9020601;2018;4;15;3;2;2;6;0;0;1;0;0;0;0;0;805385,423;5822335,482;13,49637877;52,46559194