;OBJECTID;LAND;BEZ;LOR;UJAHR;UMONAT;USTUNDE;UWOCHENTAG;UKATEGORIE;UART;UTYP1;ULICHTVERH;IstRad;IstPKW;IstFuss;IstKrad;IstGkfz;IstSonstige;USTRZUSTAND;LINREFX;LINREFY;XGCSWGS84;YGCSWGS84
607;114554;11;2;2010101;2018;7;18;3;3;6;2;0;0;1;1;0;0;0;0;797030,721;5825876,304;13,37691747;52,50193787
608;114555;11;3;3061434;2018;2;11;4;3;2;6;0;0;1;0;0;0;0;0;800607,911;5829898,62;13,43309373;52,53603211
609;114556;11;7;7020203;2018;11;9;7;3;1;5;0;1;0;0;0;0;1;0;795948,0646;5824445,538;13,35974306;52,48970053
610;114557;11;3;3050920;2018;6;13;5;3;0;6;0;0;1;0;1;0;0;1;802801,0353;5831938,215;13,46718876;52,55309857
611;114558;11;11;11041022;2018;5;16;3;3;2;6;0;0;1;0;0;0;0;0;805603,119;5827379,345;13,50419827;52,51067559
612;114559;11;12;12103117;2018;12;13;1;3;2;6;0;0;1;0;0;0;0;1;795838,8102;5832196,91;13,36503424;52,55924379
613;114560;11;2;2050801;2018;10;5;4;3;0;1;2;0;0;0;1;0;0;1;802141,5988;5827682,012;13,45362311;52,51531665
614;114561;11;7;7050501;2018;2;16;4;3;2;6;0;0;1;0;0;0;0;0;797951,9778;5819967,858;13,38517126;52,44847315
615;114562;11;3;3071639;2018;7;20;2;3;3;6;0;1;0;0;0;0;0;0;800379,2383;5829577,239;13,42944198;52,53327756
616;114563;11;1;1011303;2018;4;5;3;3;5;2;0;0;1;0;1;0;0;0;799100,0577;5827681,931;13,40893513;52,5169924
617;114564;11;10;10030726;2018;7;13;6;3;3;6;0;0;1;0;0;1;0;0;809585,6772;5827356,846;13,56267422;52,50822849
618;114565;11;1;1011204;2018;3;15;4;3;0;6;0;0;1;0;0;0;1;0;798530,766;5826999,338;13,39995793;52,5111858
619;114566;11;1;1011105;2018;5;15;3;3;2;6;0;0;1;0;0;0;0;0;796767,0215;5826691,228;13,37377043;52,50938631
620;114567;11;1;1011105;2018;10;17;2;3;2;6;1;0;1;0;0;0;1;1;796427,883;5826353,63;13,36848736;52,50654446
621;114568;11;9;9010201;2018;2;14;4;2;9;1;0;0;1;0;0;0;0;0;803104,6808;5824558,304;13,46492928;52,48678492
622;114569;11;2;2040703;2018;11;18;6;2;3;6;2;1;0;0;0;0;0;0;801803,8277;5826336,724;13,44744084;52,50344574
623;114570;11;12;12301203;2018;9;15;6;3;0;3;0;1;0;0;0;0;0;0;794065,5399;5835077,796;13,34150662;52,58602936
624;114571;11;11;11041022;2018;8;11;4;2;5;2;0;1;1;0;0;0;0;0;805656,9675;5827375,724;13,50498594;52,51061296
625;114572;11;1;1011303;2018;6;4;7;3;3;6;0;1;0;0;0;0;0;0;799074,1288;5827637,288;13,40851402;52,51660646
626;114573;11;2;2050602;2018;6;17;1;3;0;7;0;1;0;0;0;0;1;0;802140,6829;5827876,701;13,45378645;52,51706215
627;114574;11;7;7060601;2018;8;6;3;3;5;2;0;1;1;0;0;0;0;0;796608,2271;5815999,176;13,36193641;52,41362773
628;114575;11;4;4030724;2018;5;14;5;3;2;6;0;0;1;0;0;0;0;0;790766,9119;5826367,36;13,28532905;52,50971415
629;114576;11;10;10040933;2018;4;6;3;2;5;2;1;0;1;0;1;0;0;0;813054,7227;5827191,132;13,61346612;52,5047641
630;114577;11;4;4041134;2018;12;17;5;3;2;6;1;0;1;0;0;0;1;1;790772,9528;5824849,312;13,28409214;52,49610157
631;114578;11;1;2040501;2018;9;14;5;3;6;4;0;0;0;1;1;0;0;0;799796,4284;5828684,429;13,42007051;52,52559584
632;114579;11;6;6040702;2018;9;8;6;3;2;6;0;0;1;0;0;0;0;1;785305,4958;5815842,031;13,19607732;52,41822721
633;114580;11;3;3061131;2018;7;3;4;3;3;6;2;0;1;0;1;0;0;0;799166,8645;5830719,772;13,41265052;52,54418541
634;114581;11;1;1011303;2018;7;14;4;3;5;3;0;1;1;0;0;0;0;0;799100,0786;5827681,967;13,40893547;52,51699271
635;114582;11;2;2050602;2018;5;18;5;3;5;2;0;1;1;0;0;0;0;0;802145,2146;5827751,832;13,45373964;52,51594044
636;114583;11;3;3071633;2018;2;13;3;3;3;6;0;0;1;0;0;0;1;0;800021,0336;5830211,335;13,42474941;52,53915846
637;114584;11;9;9010201;2018;11;18;3;3;6;7;2;1;0;1;0;0;0;1;803014,3394;5824645,431;13,46368209;52,48761598
638;114585;11;2;2050602;2018;8;7;6;3;2;6;0;0;1;0;1;0;0;0;802179,496;5827736,933;13,45422977;52,51578791
639;114587;11;3;3061131;2018;10;7;2;3;2;6;0;0;1;0;0;0;0;0;799140,6706;5830441,906;13,41201519;52,54170915
640;114588;11;1;1011202;2018;8;23;4;3;3;6;2;1;1;0;0;0;0;0;798472,6651;5827727,583;13,39975756;52,51774532
641;114589;11;6;6030503;2018;4;19;5;3;2;6;0;0;1;0;0;0;0;0;789618,8409;5817968,158;13,26116711;52,4350234
642;114590;11;4;4041239;2018;4;17;6;3;2;6;0;0;1;0;0;0;0;0;792273,0342;5823601,056;13,30503106;52,48410994
643;114591;11;7;7050502;2018;5;11;5;2;2;6;0;0;1;0;1;0;0;0;797473,7414;5817962,641;13,37637028;52,43075874
644;114592;11;6;6030503;2018;12;12;5;3;6;6;0;1;0;1;0;0;0;0;790303,9928;5818374,075;13,27156991;52,43829934
645;114593;11;1;1011104;2018;9;19;6;2;6;4;2;0;0;1;0;0;1;1;796205,8067;5825834,375;13,36476297;52,50201043
646;114594;11;3;3030716;2018;9;12;2;3;5;3;0;1;1;0;0;0;0;0;803323,4279;5833646,58;13,47643147;52,56811941
647;114595;11;3;3040818;2018;6;16;7;2;3;6;0;1;1;0;0;0;0;0;799129,458;5832328,878;13,4135502;52,55862907
648;114596;11;11;11041022;2018;7;10;5;3;5;2;0;1;0;0;0;0;1;0;805622,4503;5827377,984;13,50448098;52,51065256
649;114597;11;7;7010104;2018;5;20;5;2;6;4;1;0;1;1;0;0;0;0;796008,5053;5824739,029;13,36089137;52,49229866
650;114598;11;2;2050602;2018;2;15;3;3;6;4;0;0;1;1;0;0;0;0;803296,3404;5827613,649;13,47052572;52,51406303
651;114599;11;1;1033203;2018;11;16;4;3;5;2;1;0;1;0;0;0;0;0;796334,595;5830070,19;13,37042842;52,53991042
652;114601;11;4;4020310;2018;10;18;3;3;2;6;0;0;0;0;1;0;1;0;790555,8514;5827379,668;13,28311184;52,51890199
653;114602;11;3;3061332;2018;8;3;1;3;0;3;2;1;1;0;0;0;0;0;799992,7845;5830194,828;13,42431923;52,53902605
654;114603;11;3;3030716;2018;4;4;7;2;9;1;2;0;1;0;0;0;0;0;803097,846;5833459,277;13,47294225;52,56656631
655;114604;11;7;7030303;2018;3;12;5;3;2;6;0;0;1;0;0;1;0;1;796060,1936;5822723,331;13,35986031;52,47420158
656;114605;11;2;2020202;2018;5;22;6;3;0;3;2;0;0;0;1;1;0;0;797896,5687;5825440,614;13,3892459;52,49756043
657;114606;11;2;2050602;2018;10;18;2;3;2;6;1;1;1;0;0;0;0;1;803518,9813;5827606,193;13,47378973;52,51387236
658;114607;11;12;12103218;2018;2;19;3;3;1;5;2;0;1;0;0;0;0;0;794660,5544;5833794,579;13,34912303;52,57420444
659;114608;11;7;7040405;2018;11;23;5;3;2;7;2;0;1;0;0;0;0;0;799273,159;5821561,987;13,40598248;52,46204081
660;114609;11;2;2050802;2018;9;15;3;3;0;1;0;1;0;0;0;0;0;0;802133,5429;5827492,331;13,45333254;52,513621
661;114610;11;2;2050602;2018;8;20;3;3;1;5;2;1;1;0;0;0;0;0;802132,6311;5827903,878;13,45369283;52,5173102
662;114611;11;4;4030622;2018;6;12;3;2;5;2;0;1;1;0;0;0;0;0;792099,7504;5826634,762;13,30514703;52,5113993
663;114612;11;7;7050501;2018;7;9;3;3;2;6;0;0;1;0;0;0;0;0;797992,3426;5819800,397;13,38561407;52,44695005
664;114613;11;9;9010402;2018;6;16;4;3;2;6;0;0;1;0;0;0;0;0;807065,2002;5818211,529;13,51723761;52,42769045
665;114614;11;2;2020201;2018;5;13;1;3;1;1;0;0;1;0;0;0;0;0;797026,1729;5825773,347;13,37675883;52,50101744
666;114615;11;3;3061131;2018;4;22;6;3;6;4;2;1;0;1;0;0;0;1;799182,3199;5830886,871;13,41302825;52,5456747
667;114616;11;2;2050602;2018;12;13;6;3;5;3;0;1;1;0;0;0;0;1;803069,3203;5827636,33;13,4672112;52,5143925
668;114617;11;7;7030303;2018;10;6;3;2;3;6;1;0;1;0;0;1;1;0;795409,2108;5822717,28;13,35029845;52,47449979
669;114618;11;3;3050925;2018;7;11;1;3;1;5;0;1;1;0;0;0;0;0;801603,9342;5831241,252;13,44895302;52,54751588
670;114619;11;7;7020203;2018;4;15;2;3;1;5;0;1;1;0;0;0;0;1;795677,5358;5823969,51;13,35534797;52,4855799
671;114620;11;3;3061131;2018;7;16;4;2;1;5;0;1;0;0;0;0;1;0;799173,8832;5830797,901;13,41282407;52,54488186
672;114621;11;3;3020209;2018;3;16;2;3;5;3;0;1;1;0;0;0;0;0;798153,948;5836016,099;13,40251883;52,59221462
673;114622;11;2;2050601;2018;5;19;1;3;2;6;1;0;1;0;0;0;0;0;801890,9673;5828389,13;13,45058255;52,52179335
674;114623;11;6;6040703;2018;10;18;1;2;0;1;2;0;0;0;1;0;0;0;787578,6817;5821435,162;13,23422482;52,46718408
675;114624;11;2;2050802;2018;2;14;3;3;1;6;0;0;1;0;0;1;0;0;802050,5213;5827093,329;13,45175072;52,51009072
676;114625;11;4;4020313;2018;11;9;2;3;5;2;0;0;1;0;0;0;0;0;790525,759;5826395,247;13,28181007;52,51009265
677;114626;11;2;2020201;2018;9;19;4;3;3;6;0;0;1;0;1;0;0;0;797033,835;5825757,427;13,37685718;52,50087057
678;114627;11;7;7060601;2018;8;7;3;3;2;6;0;0;0;0;1;1;0;0;796651,7538;5816010,235;13,36258431;52,41370328
679;114628;11;12;12302212;2018;3;20;2;3;6;2;2;0;1;1;0;0;0;1;792728,3358;5837423,887;13,32389972;52,60778195
680;114629;11;9;9010301;2018;6;7;5;3;2;6;0;0;1;0;1;0;0;0;805142,1848;5822596,479;13,49304805;52,46806704
681;114630;11;2;2050602;2018;3;17;3;3;6;4;0;0;1;1;0;0;0;1;802682,7417;5827691,929;13,46158243;52,51510549
682;114631;11;11;11030721;2018;6;16;6;3;2;6;0;0;1;0;0;0;0;0;804272,7433;5827529,547;13,48479297;52,51276546
683;114632;11;12;12103218;2018;8;11;1;2;1;7;0;0;1;0;0;0;1;0;795198,7566;5833727,313;13,35698194;52,57330982
684;114633;11;7;7050502;2018;5;9;4;3;2;6;0;0;1;0;0;0;0;0;797463,4415;5817917,143;13,37617876;52,43035649
685;114634;11;4;4051551;2018;4;16;2;2;2;1;0;0;1;0;0;0;1;0;792605,9629;5823370,321;13,30971734;52,48186313
686;114635;11;6;6030605;2018;12;7;3;3;0;1;1;1;0;0;0;0;0;1;792177,4758;5819558,538;13,30008827;52,44792034
687;114636;11;11;11010101;2018;9;11;3;3;5;2;0;1;0;0;0;0;1;0;803730,9711;5834701,297;13,48339197;52,57734513
688;114637;11;7;7050506;2018;9;22;4;3;5;2;2;0;1;0;0;0;0;0;798881,0264;5817223,067;13,39634705;52,42336231
689;114638;11;9;9010202;2018;6;12;5;3;5;3;0;0;1;0;0;0;0;0;804104,843;5824365,269;13,47943738;52,48449864
690;114639;11;3;3061429;2018;7;10;3;2;0;3;0;1;1;0;0;0;0;0;800934,3667;5830473,336;13,4384128;52,54100321
691;114640;11;7;7050506;2018;7;19;3;2;1;1;0;0;1;0;1;0;0;0;799010,6924;5816850,929;13,39791568;52,41995569
692;114641;11;5;5020524;2018;5;6;3;3;3;2;0;0;1;0;1;0;0;0;783598,7563;5826692,822;13,18027137;52,51640636
693;114642;11;4;4010101;2018;2;1;2;2;8;1;2;0;0;0;0;1;0;0;790982,8098;5828997,981;13,29080269;52,53318243
694;114643;11;12;12214125;2018;11;13;2;3;2;6;0;0;1;0;0;1;0;1;791735,7009;5831101,821;13,30371834;52,55164039
695;114644;11;3;3010101;2018;8;12;5;3;9;1;0;0;1;0;0;0;0;0;803091,7609;5840238,441;13,47905748;52,62732864
696;114646;11;2;2050602;2018;10;22;6;3;5;3;2;1;1;0;0;0;0;0;802177,9154;5827744,448;13,45421337;52,51585614
697;114647;11;3;3061435;2018;8;16;3;3;3;6;0;1;1;0;0;0;0;0;801530,6443;5829045,208;13,4458828;52,5278732
698;114648;11;2;2040701;2018;4;12;3;2;5;3;0;1;0;0;0;0;0;0;800471,7926;5827936,997;13,42932028;52,51852463
699;114649;11;10;10040933;2018;4;10;5;3;5;3;0;0;1;0;0;0;0;0;812425,9845;5827173,583;13,60421652;52,5049672
700;114650;11;11;11041022;2018;5;8;4;3;5;5;0;1;1;0;0;0;0;0;806232,6231;5827367,663;13,51343436;52,51021788
701;114651;11;7;7050506;2018;11;14;6;3;6;4;0;0;1;1;0;0;0;0;799070,094;5816706,95;13,39865789;52,41863263
702;114652;11;7;7050501;2018;12;16;3;3;1;5;2;1;1;0;0;0;1;1;797999,047;5819700,261;13,3856231;52,44604879
703;114653;11;4;4041134;2018;9;7;5;2;2;6;0;0;1;0;1;0;0;0;790678,8881;5824978,777;13,28282343;52,49731234
704;114654;11;9;9020601;2018;8;8;6;3;5;3;0;1;0;0;0;0;1;0;806370,2294;5821380,99;13,50995396;52,45648613
705;114655;11;9;9010301;2018;6;12;6;3;5;3;0;1;1;0;0;0;0;0;805147,852;5822568,757;13,49310587;52,46781541
706;114656;11;7;7050501;2018;7;22;4;3;8;1;2;1;0;0;0;0;0;0;797713,1868;5818795,048;13,38062303;52,43809019
707;114657;11;12;12103219;2018;5;18;4;3;5;2;0;1;1;0;0;0;0;0;795562,0196;5833198,113;13,36185502;52,56836891
708;114658;11;7;7020202;2018;12;17;3;3;2;3;2;0;1;0;0;0;1;1;795223,509;5823525,402;13,34828776;52,48184447
709;114659;11;4;4030417;2018;9;18;4;2;5;3;1;0;1;0;0;0;0;0;791854,0035;5826614,8;13,30151865;52,51135189
710;114660;11;1;1011303;2018;9;20;5;3;0;1;1;1;0;0;0;0;0;0;799783,6372;5828664,365;13,41986444;52,52542303
711;114661;11;4;4010101;2018;7;23;3;3;0;1;2;0;0;0;1;0;0;0;791541,2211;5830633,123;13,30044663;52,54754275
712;114662;11;4;4041134;2018;7;11;3;3;2;6;0;0;1;0;0;0;1;0;791156,2579;5824653,143;13,28955091;52,49413857
713;114663;11;4;4020314;2018;5;9;4;3;2;6;0;0;0;0;0;1;1;0;790540,8634;5825810,174;13,28152134;52,50483938
714;114664;11;7;7050501;2018;2;8;2;3;2;6;0;0;1;0;0;0;0;0;798109,5865;5819231,646;13,38682664;52,44178791
715;114665;11;4;4020208;2018;11;16;3;3;3;6;1;0;1;0;0;1;0;1;787184,1337;5825842,578;13,23223073;52,50690717
716;114666;11;1;1011202;2018;8;23;5;2;5;3;2;1;1;0;0;0;0;0;798076,5803;5827663,129;13,39387983;52,51738421
717;114668;11;4;4020311;2018;10;13;7;3;5;2;0;1;1;0;0;0;0;0;789716,6806;5826249,239;13,26979469;52,50921397
718;114669;11;1;1011303;2018;8;11;4;3;5;2;0;1;1;0;0;0;0;0;799114,3642;5827649,668;13,40911633;52,51669535
719;114670;11;2;2010101;2018;4;7;5;2;1;5;0;1;1;0;0;0;1;0;797436,0552;5825600,775;13,38262525;52,49924727
720;114671;11;1;1011303;2018;4;14;5;3;2;7;0;0;1;0;0;0;1;0;799291,2317;5827914,946;13,41195371;52,51897614
721;114672;11;4;4020208;2018;5;21;4;3;1;5;1;0;1;0;0;0;0;0;788126,5762;5825994,551;13,24620966;52,50777276
722;114673;11;1;1011201;2018;12;18;4;3;6;4;2;0;1;1;0;0;0;0;797069,4667;5826735,667;13,37825342;52,50962004
723;114674;11;1;1022202;2018;9;12;5;2;0;7;0;0;0;0;1;0;0;0;796324,144;5828832,492;13,36917128;52,5288214
724;114675;11;4;4020313;2018;9;17;7;3;5;2;0;0;1;0;0;0;0;0;790530,9694;5826396,121;13,28188739;52,51009771
725;114676;11;4;4051551;2018;6;11;7;3;0;1;0;0;0;0;1;0;0;0;793010,2815;5823080,925;13,31539978;52,47905198
726;114677;11;2;2040703;2018;7;20;5;3;5;3;0;1;1;0;0;0;0;0;801877,0593;5826535,506;13,44869669;52,50518693
727;114678;11;7;7030303;2018;5;10;4;3;2;6;0;0;1;0;0;1;1;0;795177,7807;5822932,755;13,3470917;52,47655651
728;114679;11;2;2010101;2018;2;17;2;3;5;3;0;0;1;0;0;0;1;0;797886,0999;5825493,193;13,38913917;52,49803745
729;114680;11;10;10010204;2018;11;20;4;3;5;2;2;1;1;0;0;0;0;0;808678,3961;5832820,868;13,55442259;52,55770983
730;114681;11;7;7040406;2018;6;20;3;2;9;1;0;0;0;0;1;0;0;0;800100,6214;5821462,537;13,41803593;52,4606956
731;114682;11;11;11041022;2018;12;16;1;3;2;6;1;0;1;0;0;0;0;0;805671,8762;5827389,101;13,50521722;52,5107245
732;114683;11;7;7030303;2018;10;14;1;2;9;7;0;0;0;0;1;0;0;0;795526,4855;5823328;13,35256128;52,47991102
733;114684;11;3;3061434;2018;8;13;7;3;3;6;0;1;0;0;0;1;0;0;800693,6694;5830036,796;13,43447933;52,5372233
734;114685;11;4;4020311;2018;4;13;6;3;5;2;0;0;1;0;1;0;0;0;789014,6881;5826137,962;13,25938332;52,50858871
735;114686;11;7;7050501;2018;3;18;3;3;2;6;0;0;1;0;0;0;0;0;797716,7308;5818802,132;13,38068133;52,43815176
736;114687;11;1;1011102;2018;5;10;6;2;5;2;0;1;0;0;0;1;0;0;796917,337;5827454,155;13,37665947;52,51614335
737;114688;11;3;3061429;2018;10;11;7;2;6;4;0;0;1;1;0;0;0;0;801395,2583;5831073,29;13,4457325;52,54612591
738;114689;11;7;7050502;2018;2;16;2;3;5;3;0;1;1;0;0;0;0;0;798223,7586;5818777,462;13,38809612;52,43765439
739;114690;11;2;2050602;2018;11;16;5;3;6;7;1;0;1;1;0;0;0;0;802715,2041;5827673,308;13,46204241;52,51492058
740;114691;11;10;10040933;2018;9;18;2;3;5;2;0;1;1;0;0;0;0;0;813059,7279;5827205,879;13,61355349;52,50489337
741;114692;11;11;11030721;2018;8;0;7;3;0;1;2;1;0;0;0;0;0;0;804237,6704;5827533,01;13,4842809;52,51281606
742;114693;11;2;2020202;2018;6;9;3;3;3;6;0;1;0;0;0;0;0;0;797918,7381;5825337,459;13,38947925;52,49662367
743;114694;11;1;1011303;2018;7;19;2;3;2;6;0;0;1;0;1;0;0;0;799236,1062;5827839,107;13,41107549;52,51832662
744;114695;11;4;4030417;2018;6;16;3;3;2;2;0;0;1;0;0;0;0;0;791028,8994;5826477,33;13,28927464;52,51056032
745;114696;11;1;1011202;2018;5;14;7;3;0;1;0;0;0;0;1;0;0;0;798003,8949;5827629,834;13,39278199;52,51712548
746;114697;11;4;4030623;2018;4;20;6;3;2;6;2;0;1;0;1;0;0;1;793618,5319;5826911,777;13,32770697;52,5130672
747;114698;11;12;12103219;2018;12;14;4;3;2;2;0;0;1;0;0;0;0;1;795766,5797;5832693,71;13,36441466;52,56373634
748;114699;11;3;3020203;2018;9;16;1;2;2;6;0;0;0;0;1;0;0;0;797717,1902;5837974,112;13,39785116;52,61000462
749;114700;11;7;7040405;2018;7;13;7;3;2;6;0;0;1;0;0;0;0;0;798908,8814;5821875,105;13,40091711;52,4650469
750;114701;11;7;7070701;2018;4;0;2;3;1;5;2;0;1;0;0;0;1;0;799574,3432;5815500,903;13,40497117;52,40754618
751;114702;11;12;12103219;2018;7;18;2;3;5;2;0;1;1;0;0;0;0;0;795728,2917;5832799,927;13,36394613;52,56470927
752;114703;11;2;2050601;2018;3;20;6;3;3;6;2;0;1;0;0;0;0;0;801678,1302;5828887,457;13,44790714;52,52637768
753;114704;11;3;3030716;2018;5;14;1;2;5;2;0;1;1;0;0;0;0;0;803317,8751;5833641,705;13,47634534;52,56807881
754;114705;11;4;4030622;2018;10;15;6;3;5;2;0;0;1;0;1;0;0;0;792756,9992;5826766,471;13,31492001;52,51222768
755;114706;11;7;4051655;2018;2;15;2;3;0;6;0;0;1;0;0;0;0;0;794340,7441;5823062,871;13,33491786;52,47817467
756;114707;11;7;7030303;2018;11;19;7;3;2;6;2;0;1;0;0;0;1;1;795902,128;5822674,204;13,35749633;52,47384684
757;114708;11;5;5020628;2018;9;7;3;3;6;3;0;0;1;1;0;0;0;0;783944,9399;5826597,932;13,18527838;52,51537542
758;114709;11;3;3061131;2018;8;8;2;3;3;6;0;1;0;0;0;0;0;0;799138,5356;5830576,218;13,41210474;52,54291422
759;114710;11;1;1011104;2018;3;7;2;3;2;6;0;0;1;0;0;0;0;0;796178,3186;5825773,674;13,3643052;52,50148122
760;114711;11;7;7050502;2018;6;15;4;3;0;6;0;0;1;0;0;0;1;0;797919,0961;5818835,744;13,38367948;52,43834286
761;114712;11;7;7050502;2018;10;12;4;3;2;6;0;0;1;0;0;0;0;0;798176,0088;5819000,209;13,38759447;52,43967711
762;114713;11;5;5020628;2018;6;11;6;2;5;2;0;0;1;0;0;0;0;0;784342,9254;5826494,205;13,1910389;52,51423804
763;114714;11;3;3071639;2018;8;15;6;3;6;4;0;1;0;1;0;0;0;0;800338,2884;5829463,911;13,42873769;52,53228434
764;114715;11;7;7020203;2018;5;16;3;3;0;7;0;0;1;1;0;0;0;0;795819,7932;5824213,128;13,35765308;52,48768668
765;114716;11;8;8010510;2018;4;5;2;3;2;6;1;0;1;0;0;0;0;0;802647,0837;5821742,317;13,45565564;52,46179902
766;114717;11;6;6030503;2018;12;11;2;3;5;2;0;1;1;0;0;0;0;0;789688,2737;5817949,038;13,26216904;52,4348152
767;114718;11;4;4030724;2018;9;10;3;3;2;6;0;0;1;0;0;0;0;0;790625,5354;5825897,982;13,28284197;52,5055815
768;114719;11;10;10040933;2018;9;8;4;3;5;3;0;0;1;0;0;0;0;0;813551,1589;5827159,306;13,62072627;52,50419387
769;114720;11;2;2020202;2018;6;15;4;3;0;6;0;1;0;0;0;0;0;0;797898,4027;5825432,237;13,38926535;52,49748435
770;114721;11;4;4041133;2018;7;17;2;3;3;6;0;0;1;0;0;1;0;0;790619,3451;5825076,277;13,28203387;52,49821815
771;114722;11;12;12103115;2018;5;14;2;3;5;2;0;1;1;0;0;0;0;0;795421,8679;5833562,002;13,36011732;52,57170691
772;114723;11;3;3020209;2018;2;13;2;2;0;4;0;0;0;1;0;0;1;0;797979,4464;5834323,612;13,39842852;52,57713956
773;114724;11;3;3061434;2018;11;19;1;2;0;1;2;0;0;0;1;0;0;1;800593,8084;5829933,39;13,43291789;52,53635153
774;114725;11;12;12103117;2018;8;13;5;2;5;2;0;1;1;0;0;0;0;0;795812,978;5832341,4;13,36478308;52,56055303
775;114726;11;4;4041133;2018;3;13;1;3;2;6;0;0;1;0;0;0;0;0;790546,917;5825193,575;13,28107227;52,4993083
776;114728;11;1;1011201;2018;10;15;6;3;3;6;0;0;1;0;1;0;0;0;797030,0717;5826728,892;13,37766861;52,50958077
777;114729;11;3;3071639;2018;8;8;3;2;5;3;0;1;0;0;1;0;0;0;800362,9186;5829551,109;13,42917849;52,53305235
778;114730;11;7;7040405;2018;4;9;2;3;2;6;0;0;1;0;1;0;0;0;798522,9408;5822082,673;13,39543866;52,46711848
779;114731;11;4;4030417;2018;4;20;3;2;6;4;2;0;1;1;0;0;0;0;791287,0726;5826500,143;13,29308804;52,51062703
780;114732;11;4;4020314;2018;5;15;3;3;2;6;0;0;1;0;0;0;1;0;790490,0704;5825545,88;13,28054452;52,50249701
781;114733;11;4;4020313;2018;10;11;4;3;2;6;0;0;1;0;0;1;1;0;790593,9194;5827307,446;13,28360821;52,51823425
782;114734;11;7;7050502;2018;12;19;2;3;5;7;2;0;1;0;0;0;1;0;798203,5315;5818849,299;13,38786353;52,43830936
783;114735;11;7;7050501;2018;9;13;4;3;3;6;0;0;1;0;1;0;0;0;797743,3819;5818855,407;13,38111969;52,43861481
784;114736;11;11;11030721;2018;8;5;5;3;0;7;1;1;0;0;0;0;0;0;804085,1556;5827548,585;13,48205463;52,51304069
785;114737;11;4;4030417;2018;6;18;5;3;2;7;0;0;1;0;0;0;0;0;791326,2003;5826506,211;13,29366827;52,51066054
786;114738;11;2;2050803;2018;7;15;4;3;5;3;0;0;1;0;1;0;0;0;801836,5564;5826227,264;13,44782234;52,50244654
787;114739;11;4;4020208;2018;2;1;1;3;1;5;2;0;1;0;0;1;0;0;786526,7199;5825910,283;13,22262932;52,50785989
788;114740;11;3;3071639;2018;11;17;2;3;2;6;2;0;1;0;0;0;0;0;800319,5412;5829434,124;13,42843523;52,53202768
789;114741;11;7;7020203;2018;6;14;7;3;6;4;0;1;1;1;0;0;0;0;795634,7784;5823952,908;13,35470541;52,48545424
790;114742;11;1;1011105;2018;5;13;3;3;0;2;0;1;1;0;0;0;0;0;796451,8879;5826452,433;13,36892799;52,50741709
791;114743;11;12;12103218;2018;12;16;5;2;2;6;2;0;1;0;0;0;0;1;794559,2147;5833800,602;13,34763732;52,57431329
792;114744;11;2;2020203;2018;10;21;6;2;6;4;2;0;1;1;0;0;0;0;797742,361;5824522,489;13,38616051;52,48941465
793;114745;11;1;1011303;2018;2;19;1;3;5;3;2;1;1;0;0;0;0;0;799788,1967;5828606,137;13,41987896;52,52489861
794;114746;11;4;4030724;2018;8;18;4;3;2;6;0;0;1;0;0;0;0;0;790679,0568;5826111,881;13,28381507;52,5074706
795;114747;11;1;1011303;2018;4;15;4;3;5;2;0;1;1;0;0;0;0;0;799571,012;5828269,929;13,41638443;52,5220044
796;114748;11;7;7040403;2018;3;9;6;3;2;6;0;0;1;0;0;0;0;0;797851,369;5822246,299;13,38572802;52,46895173
797;114749;11;4;4020313;2018;5;14;4;3;3;6;0;0;1;0;0;1;0;0;790732,578;5826861,134;13,28525595;52,51415915
798;114750;11;8;8020619;2018;10;11;4;3;3;6;0;0;1;0;0;1;0;0;801869,7348;5821793,358;13,44429489;52,46268647
799;114751;11;1;1011303;2018;2;12;6;3;2;6;0;1;1;0;0;0;0;0;798822,2982;5828036,075;13,40517203;52,52031906
800;114752;11;4;4020310;2018;11;17;2;3;2;6;2;0;1;0;0;0;0;1;790524,4758;5827470,895;13,28273041;52,51973657
801;114753;11;12;12103219;2018;9;11;7;3;1;6;0;1;0;0;1;0;0;0;795701,7365;5832868,199;13,36361635;52,56533568
802;114754;11;3;3061126;2018;8;7;6;3;2;2;0;1;1;0;0;0;0;0;799197,2071;5831456,964;13,41376075;52,55077652
803;114755;11;1;1011102;2018;6;13;7;3;3;6;0;0;0;0;1;1;0;0;796706,229;5827419,135;13,37352629;52,51594432
804;114756;11;3;3020209;2018;3;11;1;3;5;2;0;1;1;0;0;0;0;0;798176,1116;5836277,444;13,40308032;52,59454504
805;114757;11;3;3071639;2018;6;5;7;3;5;3;0;1;1;0;0;0;0;0;800313,6532;5829472,3;13,42838318;52,53237311
806;114758;11;3;3050925;2018;6;18;2;2;5;3;0;1;0;0;1;0;0;0;801547,5023;5831195,779;13,44808203;52,54713954
807;114759;11;4;4020311;2018;8;10;4;2;3;6;0;0;1;0;1;0;0;0;790191,8664;5826340,16;13,27685599;52,50977651