;OBJECTID;LAND;BEZ;LOR;UJAHR;UMONAT;USTUNDE;UWOCHENTAG;UKATEGORIE;UART;UTYP1;ULICHTVERH;IstRad;IstPKW;IstFuss;IstKrad;IstGkfz;IstSonstige;USTRZUSTAND;LINREFX;LINREFY;XGCSWGS84;YGCSWGS84
808;114760;11;7;7050501;2018;5;6;5;2;5;7;0;0;1;0;1;0;0;0;797930,419;5820159,163;13,3850256;52,45019975
809;114761;11;11;11010101;2018;4;14;4;3;0;2;0;0;0;1;0;0;1;0;803703,6977;5835437,809;13,48366554;52,58396137
810;114762;11;3;3061429;2018;12;19;7;3;0;2;2;1;1;0;0;0;0;0;800972,6935;5830484,397;13,43898625;52,54108119
811;114763;11;4;4030417;2018;9;17;6;3;5;3;0;1;1;0;0;0;0;0;791745,8459;5826596,539;13,29991343;52,51124603
812;114764;11;6;6040701;2018;9;18;7;3;5;2;0;0;1;0;0;0;0;0;784014,2146;5815895,521;13,17718636;52,41937848
813;114765;11;10;10030726;2018;2;15;6;3;5;2;0;1;1;0;0;0;0;0;808926,9591;5827407,445;13,55304633;52,50905534
814;114766;11;12;12103117;2018;11;15;3;3;2;6;0;0;1;0;1;0;0;0;795838,4787;5832283,928;13,36510693;52,560024
815;114767;11;1;1033203;2018;6;8;2;2;0;7;0;1;0;0;0;0;0;0;796260,9984;5830426,636;13,36966429;52,54314561
816;114768;11;4;4041134;2018;12;5;6;3;0;1;2;0;0;0;1;0;0;1;790988,0175;5824646,009;13,28707357;52,49416433
817;114769;11;2;2040503;2018;10;21;7;3;2;6;2;0;1;0;0;0;1;0;801516,4238;5827796,336;13,44454168;52,51668731
818;114770;11;1;1011102;2018;8;9;5;3;2;2;0;1;1;0;0;0;0;0;796451,0178;5827390,383;13,36975069;52,51582536
819;114771;11;4;4030623;2018;4;10;5;3;2;6;0;0;0;0;1;0;1;0;793121,0376;5826807,179;13,32030484;52,5123971
820;114772;11;4;4020313;2018;3;17;2;3;8;1;0;0;0;0;1;0;0;0;790519,727;5826145,583;13,28150352;52,50785761
821;114773;11;2;2040701;2018;5;20;5;3;5;2;0;0;1;0;1;0;0;0;800437,719;5827898,987;13,42878529;52,5182027
822;114774;11;4;4030417;2018;10;13;5;3;2;6;0;0;1;0;0;0;1;1;791042,4631;5826479,553;13,28947588;52,51057301
823;114775;11;4;4030622;2018;2;17;6;3;5;2;0;1;1;0;0;0;0;0;791952,0955;5826609,851;13,30295561;52,51125502
824;114776;11;3;3040818;2018;11;16;3;2;5;3;1;1;1;0;0;0;0;0;800156,322;5832383,829;13,4287018;52,55855659
825;114777;11;9;9010102;2018;9;11;1;2;5;3;0;1;1;0;0;0;0;0;802808,8891;5825156,14;13,46112966;52,49230742
826;114778;11;4;4030417;2018;8;20;6;3;1;1;2;0;1;0;1;0;0;0;791702,6288;5826589,232;13,29927201;52,51120364
827;114779;11;10;10010204;2018;6;15;2;3;5;3;0;0;1;0;1;0;0;0;808895,6806;5833393,988;13,55815094;52,56272273
828;114780;11;10;10040830;2018;7;14;2;3;2;6;0;0;1;0;0;0;0;0;811454,3571;5827125,924;13,58990308;52,50509558
829;114781;11;6;6030503;2018;6;11;3;3;5;3;0;0;1;0;0;0;1;0;790290,6087;5818387,955;13,27138563;52,43843089
830;114782;11;1;1011303;2018;8;12;5;3;5;2;0;1;0;0;1;0;0;0;799785,8713;5828667,869;13,41990043;52,52545321
831;114783;11;6;6030503;2018;5;10;6;3;5;3;0;1;1;0;0;0;0;0;790931,9847;5818764,883;13,28112249;52,4414693
832;114784;11;3;3020209;2018;4;8;5;3;5;3;0;0;1;0;0;0;0;0;798153,948;5836016,099;13,40251883;52,59221462
833;114785;11;1;1011104;2018;12;18;3;3;2;6;2;0;1;0;0;0;0;0;796197,4739;5825815,974;13,3646242;52,50185
834;114786;11;7;7040403;2018;9;17;7;3;0;2;0;0;0;0;1;0;0;0;797829,3073;5822369,323;13,38551403;52,47006654
835;114787;11;9;9020601;2018;7;13;6;3;6;4;0;0;0;1;0;0;1;0;806490,1416;5821261,136;13,51160318;52,45534472
836;114788;11;9;9020601;2018;7;2;7;3;6;4;2;0;1;1;0;0;0;0;806348,3059;5821381,725;13,50963299;52,45650501
837;114789;11;4;4020313;2018;3;10;4;2;0;7;0;1;0;1;0;0;0;0;790486,5029;5826388,689;13,28122754;52,51005476
838;114790;11;3;3061434;2018;5;20;6;3;2;6;2;0;1;0;1;0;0;0;800708,0369;5829829,45;13,43450291;52,53535688
839;114791;11;7;7040403;2018;10;6;6;3;2;6;2;0;1;0;0;0;0;0;796849,091;5822404,119;13,37115708;52,47091197
840;114792;11;5;5020524;2018;2;19;6;3;5;2;2;0;1;0;0;0;0;0;783639,6536;5826681,622;13,18086291;52,51628467
841;114793;11;11;11030721;2018;11;14;7;3;5;3;0;1;1;0;0;0;0;0;803722,1511;5827570,082;13,47674151;52,51343562
842;114794;11;7;7040403;2018;9;14;2;2;6;4;0;1;0;1;0;0;0;0;797845,5417;5822077,488;13,3854918;52,46744171
843;114795;11;2;2050601;2018;8;13;1;3;2;6;0;0;1;0;0;0;0;0;802047,308;5828069,993;13,45259004;52,51884635
844;114796;11;7;7050502;2018;3;9;1;3;1;1;0;0;1;0;0;0;0;1;797537,0182;5818246,328;13,37755068;52,43326731
845;114797;11;4;4041137;2018;6;15;4;3;0;6;0;0;1;0;0;0;0;0;791484,2136;5824436,613;13,29417845;52,49202235
846;114798;11;3;3061131;2018;10;18;3;3;5;2;2;1;1;0;0;0;0;0;799165,2008;5830411,77;13,41234868;52,54142556
847;114799;11;1;1011303;2018;6;9;5;3;1;5;0;1;0;0;0;1;0;0;799598,3992;5828350,402;13,41685937;52,52271067
848;114800;11;2;2040703;2018;8;22;6;3;6;4;2;1;0;1;0;0;0;0;801784,5927;5826292,405;13,44711815;52,50305914
849;114801;11;1;1011303;2018;4;11;1;3;6;7;0;0;1;1;0;0;0;0;799330,7539;5827979,694;13,4125927;52,51953483
850;114802;11;7;7040403;2018;4;13;7;3;5;3;0;1;1;0;0;0;0;0;797876,8216;5821667,423;13,38558487;52,46374888
851;114803;11;11;11030721;2018;6;14;6;3;5;3;0;1;1;0;0;0;0;0;804244,7597;5827532,287;13,48438438;52,51280563
852;114804;11;1;1011104;2018;12;15;6;3;5;2;1;1;1;0;0;0;0;1;796212,6302;5825849,443;13,3648766;52,50214179
853;114805;11;1;1011105;2018;9;19;2;3;3;6;1;0;1;0;1;0;0;1;796430,1696;5826361,349;13,36852782;52,50661242
854;114806;11;2;2050602;2018;9;15;3;3;0;1;0;1;0;0;0;0;0;0;802146,6597;5827745,67;13,45375527;52,51588441
855;114807;11;4;4041342;2018;6;0;4;3;8;1;2;0;1;0;0;0;0;0;792471,8984;5821991,731;13,30653982;52,46957615
856;114808;11;4;4030417;2018;7;23;7;2;2;6;2;0;0;0;1;0;0;0;791602,8451;5826551,055;13,29777239;52,51091474
857;114809;11;1;1044201;2018;5;15;2;3;2;6;0;0;1;0;0;0;0;0;796164,0224;5831066,58;13,36880912;52,54893478
858;114810;11;3;3050925;2018;2;20;6;2;3;6;2;0;1;0;1;0;0;1;802131,3411;5831498,168;13,45694096;52,54952635
859;114811;11;3;3061429;2018;11;19;7;3;5;2;2;0;1;0;0;0;0;0;801344,29;5830999,574;13,44491627;52,54549338
860;114813;11;2;2020202;2018;10;13;4;3;2;6;0;0;1;0;0;0;1;0;797306,3323;5825529,986;13,3806567;52,49868342
861;114814;11;10;10010309;2018;8;16;2;3;5;2;0;0;1;0;1;0;0;0;807755,1269;5829331,341;13,53761415;52,52695954
862;114815;11;3;3051017;2018;4;18;1;3;4;6;0;0;1;0;1;0;0;0;802719,2787;5832458,702;13,46646124;52,55780903
863;114816;11;10;10010102;2018;4;11;3;3;0;4;0;0;0;1;0;0;1;0;809456,2175;5834525,727;13,56744957;52,57254656
864;114817;11;1;1011201;2018;5;11;2;3;5;2;0;1;1;0;0;0;0;0;797597,7729;5826824,318;13,38609417;52,51012675
865;114818;11;2;2050602;2018;10;8;4;3;2;6;0;0;1;0;1;0;0;0;802526,1365;5827708,642;13,45929684;52,51534218
866;114819;11;7;7020202;2018;2;9;6;3;5;2;0;0;1;0;0;0;0;0;795223,509;5823525,402;13,34828776;52,48184447
867;114820;11;2;2050602;2018;12;19;1;2;5;2;2;0;1;0;0;0;0;1;802180,5738;5827727,75;13,45423726;52,515705
868;114821;11;12;12103115;2018;9;16;4;3;6;4;0;1;0;1;0;0;0;0;795526,0897;5833289,014;13,36140743;52,56920326
869;114822;11;3;3020209;2018;8;12;5;3;0;1;0;0;0;0;1;0;0;1;798128,4468;5835569,474;13,40174155;52,58822528
870;114823;11;4;4020311;2018;6;14;5;3;3;6;0;1;1;0;0;0;0;0;789668,7319;5826241,425;13,26908336;52,50916938
871;114824;11;6;6030501;2018;7;15;3;3;5;3;0;1;1;0;0;0;0;0;788205,9199;5817682,921;13,24019484;52,43321239
872;114825;11;7;7070701;2018;2;9;6;3;2;6;0;0;1;0;0;0;1;1;799658,6751;5815334,949;13,40605871;52,40601246
873;114826;11;6;6040804;2018;11;9;7;3;5;7;0;1;0;0;0;0;0;0;787312,7339;5817308,58;13,22677116;52,430326
874;114827;11;7;7050501;2018;6;20;5;2;1;6;0;0;1;0;0;0;1;0;797902,5389;5820246,862;13,38469478;52,45100107
875;114828;11;3;3040513;2018;5;9;3;3;5;7;0;0;1;0;0;0;1;0;798042,4965;5833913,42;13,39898749;52,57342825
876;114829;11;7;7050502;2018;12;0;3;3;2;6;2;0;1;0;0;0;0;0;798662,3661;5817747,533;13,39360926;52,42818294
877;114830;11;2;2050802;2018;10;18;5;3;3;6;1;1;0;0;0;0;0;0;802087,2263;5827268,493;13,4524489;52,51164038
878;114831;11;5;5020628;2018;2;8;6;3;2;6;0;0;1;0;0;1;0;0;784231,3245;5826523,884;13,18942411;52,51456232
879;114832;11;1;1044201;2018;7;15;2;3;5;7;0;0;1;0;0;0;0;0;796213,6431;5830856,65;13,36935153;52,54702599
880;114833;11;3;3061332;2018;4;9;4;3;5;2;0;1;1;0;0;0;0;0;799316,8376;5830330,929;13,41450511;52,54061768
881;114834;11;4;4020311;2018;7;8;7;3;6;4;0;0;1;1;0;0;0;0;789583,3202;5826227,629;13,26781637;52,50909104
882;114835;11;2;2040701;2018;3;8;5;3;5;3;0;1;1;0;0;0;0;1;800966,492;5827868,971;13,43652747;52,51764211
883;114836;11;3;3040513;2018;5;10;4;3;2;6;0;0;1;0;0;0;0;0;798027,5308;5833619,496;13,39850317;52,57080183
884;114837;11;4;4041133;2018;10;8;3;3;2;6;0;0;1;0;0;0;0;1;790657,6872;5825024,818;13,28255219;52,4977364
885;114838;11;1;1011102;2018;2;11;5;3;2;6;0;1;1;0;0;0;0;0;794268,5466;5827021,696;13,33735509;52,51370226
886;114839;11;4;4020208;2018;11;16;7;3;2;6;2;0;1;0;0;0;0;0;786835,3211;5825828,508;13,22709336;52,50696454
887;114840;11;3;3061434;2018;9;17;6;3;0;6;0;0;0;0;1;0;0;0;800691,5597;5829872,384;13,43429956;52,5357508
888;114841;11;9;9010102;2018;8;11;4;3;2;6;0;0;1;0;0;0;0;0;803917,3287;5824659,135;13,47695241;52,4872369
889;114842;11;10;10040933;2018;6;18;6;3;5;2;0;1;1;0;0;0;0;1;812050,2398;5827155,469;13,59868159;52,50501988
890;114843;11;4;4020310;2018;3;9;1;3;9;1;0;0;1;0;0;0;0;2;790428,3141;5827768,775;13,28157726;52,5224583
891;114844;11;7;7010104;2018;6;14;7;3;0;6;0;0;1;0;0;0;1;0;796033,3519;5825277,882;13,3617351;52,49711554
892;114845;11;8;8020620;2018;6;13;2;3;3;6;0;0;1;0;1;0;0;0;801039,2309;5821661,318;13,43198844;52,46196111
893;114846;11;2;2050602;2018;8;14;3;2;6;4;0;0;1;1;0;0;0;0;803399,31;5827603,187;13,4720289;52,51391199
894;114847;11;1;1011303;2018;5;11;5;3;0;6;0;1;1;0;0;0;0;0;798764,0327;5827979,477;13,40426502;52,51984366
895;114848;11;3;3061435;2018;4;19;3;3;3;6;1;1;1;0;0;0;0;0;801442,6678;5829161,712;13,4446955;52,52896609
896;114849;11;4;4030417;2018;12;9;6;2;5;2;0;1;0;0;0;1;0;0;791845,9336;5826592,056;13,30138013;52,5111523
897;114850;11;3;3061429;2018;9;9;5;3;2;2;0;0;1;0;0;0;0;0;801343,1107;5830998,527;13,44489799;52,54548465
898;114851;11;4;4030623;2018;9;16;6;3;2;6;0;0;1;0;1;0;0;0;793021,5399;5826789,942;13,31882769;52,51229603
899;114852;11;8;8010510;2018;7;12;5;3;2;6;0;0;1;0;0;0;0;0;802691,3923;5821639,17;13,45621229;52,46084997
900;114853;11;4;4010101;2018;7;10;5;3;2;6;0;0;1;0;0;0;0;1;791419,3244;5830401,981;13,29845125;52,54553583
901;114854;11;7;7050502;2018;3;15;2;3;5;3;0;0;1;0;0;1;0;1;798235,9466;5818743,058;13,38824418;52,43733934
902;114855;11;1;1011102;2018;5;22;5;2;6;7;2;1;0;1;0;0;0;0;796618,9876;5827418,896;13,37224419;52,51598963
903;114856;11;10;10010310;2018;2;0;5;2;8;1;2;0;1;0;0;0;0;1;807690,244;5830306,952;13,53756374;52,53573954
904;114857;11;9;9010302;2018;11;6;4;3;2;6;0;0;1;0;0;1;0;1;804345,3014;5819770,758;13,47877791;52,44318525
905;114858;11;3;3061131;2018;8;14;6;3;6;4;0;0;1;1;0;0;0;0;799141,7987;5830374,941;13,41197148;52,54110829
906;114859;11;2;2010101;2018;3;9;7;3;5;3;0;0;1;0;0;1;0;1;797886,5925;5825489,357;13,38914298;52,4980028
907;114861;11;4;4020314;2018;10;19;2;3;8;1;2;0;0;0;1;0;0;0;790461,9535;5825448,401;13,28004643;52,50163808
908;114862;11;7;7050502;2018;8;7;5;3;5;2;0;0;1;0;0;0;1;0;798467,6328;5818153,305;13,39111584;52,4319265
909;114863;11;1;1033203;2018;4;16;6;3;5;3;0;0;1;0;0;0;1;0;796187,6316;5830197,365;13,36838119;52,54113032
910;114864;11;1;1011303;2018;4;14;6;3;2;2;0;0;1;0;0;0;0;0;799803,2834;5828630,269;13,42012242;52,52510661
911;114865;11;7;7020203;2018;5;12;5;3;1;5;0;1;1;0;0;0;1;0;795665,3449;5823979,978;13,35517825;52,48568034
912;114866;11;3;3020203;2018;12;16;5;2;5;2;2;0;1;0;0;0;0;1;797157,558;5838898,209;13,39044086;52,61859411
913;114867;11;3;3061131;2018;9;7;7;3;0;1;1;0;0;0;1;0;0;1;799141,5606;5830389,075;13,41198071;52,54123511
914;114868;11;1;1011303;2018;9;18;2;3;0;6;1;1;1;0;0;0;0;0;799035,3743;5827526,786;13,40784528;52,51563721
915;114869;11;3;3020203;2018;6;15;1;3;3;6;0;1;0;0;0;0;0;0;796468,1386;5840350,892;13,38159001;52,63199212
916;114870;11;6;6040703;2018;7;14;6;3;5;3;0;0;1;0;0;0;0;0;786513,2587;5816951,168;13,21473815;52,42754076
917;114871;11;11;11030721;2018;5;18;6;3;3;6;0;1;0;0;0;0;1;0;804875,186;5827448,778;13,49356897;52,51170519
918;114872;11;8;8010510;2018;2;6;5;2;3;6;0;0;0;0;0;1;1;0;802643,6236;5821716,362;13,45558133;52,4615683
919;114873;11;6;6040703;2018;11;17;6;3;5;2;2;0;1;0;0;0;0;0;786515,5788;5816927,982;13,21475231;52,42733167
920;114874;11;4;4030622;2018;7;18;6;2;3;6;0;0;1;0;1;0;0;0;792195,9819;5826672,354;13,306594;52,51168476
921;114875;11;4;4030417;2018;7;17;6;3;5;2;0;1;1;0;0;0;0;0;791728,6406;5826572,094;13,29963919;52,51103609
922;114876;11;7;7050502;2018;3;15;3;3;5;3;0;0;1;0;0;0;0;0;797477,0808;5817977,393;13,37643238;52,43088916
923;114877;11;2;2050602;2018;5;8;6;2;2;1;0;1;1;0;0;0;0;0;802794,1113;5827665,395;13,46319447;52,51480586
924;114878;11;4;4010102;2018;10;18;4;3;0;1;2;0;0;0;1;0;0;0;792275,4235;5829365,04;13,31012775;52,53578138
925;114879;11;12;12214125;2018;2;16;5;3;2;6;0;0;1;0;0;0;0;0;791047,0073;5834161,639;13,29627418;52,57943955
926;114880;11;3;3071639;2018;11;17;5;3;6;4;2;1;0;1;0;0;0;0;800326,6245;5829445,379;13,42854951;52,53212466
927;114881;11;6;6030605;2018;9;8;2;3;3;6;0;0;1;0;0;1;0;0;792567,1688;5819828,236;13,30604218;52,45012975
928;114882;11;7;7050501;2018;8;13;7;3;0;5;0;0;1;0;1;0;0;0;798034,1286;5819501,758;13,38596069;52,4442503
929;114883;11;12;12231101;2018;10;14;3;3;2;6;0;0;1;0;0;0;0;0;791737,4517;5839608,233;13,31123531;52,62789636
930;114884;11;3;3061131;2018;8;15;5;3;2;6;0;0;1;0;0;0;0;0;799141,2704;5830406,302;13,41199195;52,54138968
931;114885;11;1;1033203;2018;4;14;7;2;5;2;0;0;1;0;0;0;0;0;796343,923;5830077,937;13,37057247;52,5399748
932;114886;11;7;7050502;2018;4;17;6;3;6;7;0;1;0;1;0;0;0;0;798570,018;5817970,015;13,39245369;52,43022763
933;114887;11;4;4041133;2018;6;15;6;3;2;6;0;0;1;0;0;0;0;0;790549,601;5825156,613;13,28107945;52,49897551
934;114888;11;10;10030727;2018;12;16;6;3;2;6;2;0;1;0;0;0;1;1;810529,9164;5827076,76;13,57628102;52,50518189
935;114889;11;6;6040702;2018;9;18;1;3;2;6;1;0;1;0;0;0;0;1;785344,4692;5815824,782;13,19663414;52,41805223
936;114890;11;3;3050925;2018;9;17;3;3;2;6;0;0;1;0;0;0;1;0;802340,2666;5831594,389;13,46010042;52,55027286
937;114891;11;4;4030622;2018;6;17;2;3;2;6;0;0;1;0;0;0;0;0;792051,0504;5826626,54;13,30442424;52,51135167
938;114892;11;2;2050602;2018;7;0;6;3;5;2;2;1;1;0;0;0;0;0;803095,6366;5827633,483;13,46759522;52,51435237
939;114893;11;4;4010101;2018;5;14;7;3;2;6;0;0;1;0;1;0;0;0;791145,9403;5829378,36;13,29353408;52,53650536
940;114894;11;2;2050601;2018;2;12;5;3;6;4;0;0;1;1;0;0;0;0;801646,5795;5828887,07;13,44744313;52,52639166
941;114895;11;7;7020202;2018;11;18;6;3;2;6;2;0;1;0;0;0;0;0;794658,8306;5823130,702;13,33964785;52,47861121
942;114897;11;4;4020313;2018;10;7;4;3;2;6;0;0;1;0;0;0;1;0;790589,586;5827243,661;13,28348881;52,51766472
943;114898;11;9;9010101;2018;8;17;2;2;0;4;0;0;0;1;0;0;1;0;802670,823;5825216,843;13,45915744;52,49292808
944;114899;11;7;7020202;2018;4;16;1;3;0;6;0;0;1;0;0;0;1;0;795225,438;5823516,568;13,34830826;52,48176424
945;114900;11;2;2050602;2018;4;13;1;3;5;3;0;1;1;0;0;0;0;1;802044,6235;5828016,918;13,4525024;52,51837212
946;114901;11;11;11030721;2018;5;7;2;3;5;2;0;1;0;0;0;1;0;0;803737,1474;5827585,11;13,47697553;52,51356196
947;114902;11;2;2050802;2018;10;17;3;3;5;2;1;1;1;0;0;0;0;1;802034,7626;5827022,488;13,45145494;52,50946449
948;114903;11;7;7040401;2018;2;17;5;2;5;2;2;1;1;0;0;0;0;0;797761,6698;5823826,925;13,38582266;52,48316918
949;114904;11;1;1011102;2018;12;19;7;2;1;7;2;0;1;0;0;0;0;1;796308,9791;5827354,018;13,36763124;52,51557658
950;114905;11;4;4030623;2018;9;8;3;3;5;3;0;0;1;0;1;0;0;0;793491,011;5826890,246;13,32581425;52,51294281
951;114906;11;5;5020524;2018;8;13;4;3;2;6;0;0;1;0;0;0;1;0;783435,3002;5826626,736;13,17781267;52,5158988
952;114907;11;9;9010102;2018;6;14;4;3;2;6;0;0;1;0;0;0;1;0;802920,49;5825109,696;13,46272618;52,49182923
953;114908;11;2;2050602;2018;7;14;3;3;6;4;0;1;0;1;0;0;0;0;802124,4421;5827931,518;13,45359761;52,51756247
954;114909;11;7;7040401;2018;2;23;5;3;2;6;2;0;1;0;0;0;0;1;797767,0802;5823720,96;13,38580746;52,48221638
955;114910;11;1;1011202;2018;6;9;5;3;6;4;0;1;0;1;0;0;0;0;797590,389;5827560,512;13,38664405;52,51672988
956;114911;11;2;2040503;2018;5;14;2;3;2;6;0;0;1;0;0;0;0;0;801971,5531;5827749,554;13,45118613;52,5160162
957;114912;11;3;3020209;2018;4;12;1;3;5;3;0;1;1;0;0;0;0;0;797981,904;5834290,896;13,39843528;52,57684496
958;114913;11;4;4030417;2018;12;20;7;3;6;2;2;0;0;1;0;0;1;1;791583,7086;5826547,855;13,29748841;52,51089628
959;114914;11;4;4041137;2018;10;22;3;2;9;1;2;0;1;0;0;0;0;1;791435,1146;5824461,062;13,29347871;52,49226775
960;114915;11;1;1011303;2018;2;18;4;3;2;6;2;0;1;0;0;0;0;0;799231,5581;5827875,773;13,41104164;52,51865776
961;114916;11;6;6040701;2018;7;18;2;3;8;1;0;0;1;0;0;0;0;0;782506,3587;5815776,932;13,15497267;52,41909561
962;114917;11;4;4030622;2018;4;16;3;3;5;2;0;1;1;0;0;0;0;0;792740,8043;5826742,173;13,31466068;52,51201854
963;114918;11;1;1011104;2018;7;13;5;3;2;6;0;0;1;0;0;0;0;0;796285,4327;5826009,709;13,36608862;52,50353891
964;114919;11;9;9010401;2018;3;17;3;3;3;6;0;0;1;0;0;1;0;1;805222,8829;5819145,891;13,49107882;52,43709567
965;114920;11;7;7040403;2018;5;11;3;3;2;6;0;0;1;0;0;0;0;0;797852,3983;5821498,959;13,3850761;52,4622521
966;114921;11;7;7050501;2018;10;9;2;2;4;1;0;0;1;0;0;0;0;0;798125,2342;5819133,084;13,38696824;52,44089587
967;114922;11;2;2050802;2018;2;11;4;3;3;6;0;1;1;0;0;0;0;0;802111,3707;5827386,472;13,4529107;52,51268446
968;114923;11;4;4051655;2018;11;16;6;3;2;6;1;0;1;0;0;0;0;0;793930,0634;5822997,99;13,32883112;52,47781423
969;114924;11;12;12302211;2018;9;13;6;3;5;2;0;0;0;0;1;0;1;0;793318,0854;5836604,935;13,33185816;52,6001227
970;114925;11;12;12231101;2018;8;16;4;3;0;7;0;1;1;0;0;0;0;0;791920,228;5838863,797;13,31327067;52,62112466
971;114926;11;7;7050502;2018;3;14;6;3;2;6;0;0;1;0;1;0;0;0;798223,9905;5818776,638;13,38809878;52,43764688
972;114927;11;1;1011304;2018;6;18;6;2;0;6;0;1;0;0;0;0;0;0;800211,4484;5828018,415;13,4255684;52,51939777
973;114928;11;4;4010103;2018;6;6;1;2;8;7;0;0;1;0;0;0;0;0;791584,918;5829159,855;13,29979618;52,53431182
974;114929;11;12;12103117;2018;8;22;2;3;1;5;2;0;1;0;1;0;0;0;795874,1973;5832087,377;13,36545707;52,55824271
975;114930;11;9;9010102;2018;5;10;4;3;5;3;0;1;0;0;0;0;0;0;802964,2719;5825091,475;13,46335249;52,49164162
976;114931;11;11;11030721;2018;4;10;3;3;2;6;0;0;1;0;0;0;0;0;804528,0179;5827487,631;13,48850466;52,51224733
977;114932;11;1;1011202;2018;12;8;4;2;0;6;0;0;1;0;1;0;0;1;798040,7027;5827657,37;13,39334749;52,51735219
978;114933;11;7;7030303;2018;9;15;4;3;2;6;0;0;1;0;1;0;0;0;796261,2433;5822697,517;13,36278877;52,47386116
979;114934;11;1;1011303;2018;9;22;5;3;0;1;2;0;1;0;1;0;0;0;799127,2745;5827726,45;13,40937506;52,51737652
980;114935;11;9;9020601;2018;7;22;4;3;2;6;2;0;1;0;0;0;0;0;806288,7953;5821463,441;13,50883486;52,45727072
981;114936;11;6;6040703;2018;7;14;4;3;2;6;0;0;1;0;0;0;0;0;785991,9693;5819114,253;13,20894304;52,4472078
982;114937;11;3;3010102;2018;5;8;4;3;2;6;0;0;0;0;0;1;0;0;804474,0253;5839640,45;13,49886539;52,62119631
983;114938;11;7;7020202;2018;2;20;4;3;0;1;2;0;0;0;1;0;0;1;795230,843;5823513,413;13,34838482;52,48173303
984;114939;11;9;9010101;2018;11;6;3;3;6;7;2;0;0;1;0;0;1;1;802792,8536;5825360,642;13,46108004;52,49414926
985;114940;11;12;12214125;2018;8;15;6;2;2;6;0;0;1;0;0;0;1;0;790998,8746;5834258,016;13,29565045;52,5803293
986;114942;11;6;6040701;2018;10;14;1;3;1;5;0;1;1;0;0;0;1;0;782506,4422;5815764,969;13,15496379;52,4189883
987;114943;11;2;2050602;2018;8;19;4;3;2;3;0;0;1;0;0;0;1;0;802172,098;5827729,953;13,45411474;52,51572945
988;114944;11;1;1011303;2018;4;14;5;3;3;6;0;0;1;0;1;0;0;1;799676,0153;5828478,687;13,41811553;52,52381789
989;114945;11;4;4020313;2018;4;16;5;3;2;6;0;0;1;0;0;0;0;0;790654,889;5826233,077;13,28356581;52,50857
990;114946;11;1;1011104;2018;5;18;4;3;2;6;0;0;1;0;0;0;0;0;796284,8965;5826008,537;13,3660797;52,50352869
991;114947;11;11;11041023;2018;12;13;4;3;5;3;0;1;1;0;0;0;0;0;807693,1164;5827471,925;13,53498325;52,5103305
992;114948;11;2;2050802;2018;9;1;6;3;8;1;2;1;0;0;0;0;0;0;802023,7231;5826972,862;13,45124774;52,5090258
993;114949;11;5;5040935;2018;9;7;2;3;2;6;0;0;1;0;0;0;0;0;781816,1089;5824524,552;13,15223452;52,49788859
994;114950;11;3;3040513;2018;6;12;7;2;2;6;0;0;1;0;0;0;0;0;798016,6326;5833736,293;13,3984478;52,57185472
995;114951;11;11;11010101;2018;7;7;5;3;5;2;0;1;1;0;0;0;0;0;803685,612;5835336,13;13,48330626;52,58306017
996;114952;11;7;7040403;2018;5;13;5;3;2;6;0;0;1;0;0;0;0;0;797849,4567;5822288,351;13,3857375;52,46932973
997;114953;11;10;10030726;2018;2;18;4;3;2;6;0;0;1;0;0;0;0;0;809113,6893;5827397,071;13,55577933;52,5088566
998;114954;11;12;12214125;2018;11;15;4;3;2;6;0;0;1;0;0;0;0;0;790977,4446;5834301,935;13,29537363;52,58073448
999;114955;11;7;7050502;2018;12;19;2;3;6;4;2;1;0;1;0;0;0;1;798216,9838;5818801,523;13,38801822;52,43787376
1000;114956;11;3;3061332;2018;10;20;2;2;5;2;2;0;0;0;1;0;0;0;799995,902;5830220,527;13,42438826;52,53925468
1001;114957;11;3;3020307;2018;8;2;7;2;9;1;2;0;1;0;0;0;0;0;801127,074;5837279,554;13,4474256;52,60190107
1002;114958;11;3;3040513;2018;4;7;6;3;2;6;0;0;1;0;0;0;0;0;798004,6955;5833677,017;13,39821892;52,57132993
1003;114959;11;7;7020203;2018;3;18;4;3;2;6;1;0;1;0;0;0;0;1;795256,7732;5823572,143;13,34881756;52,48224548
1004;114960;11;11;11040926;2018;5;14;6;2;9;1;0;0;0;0;1;0;0;0;806467,894;5827354,847;13,51687842;52,5099709
1005;114961;11;1;1033203;2018;10;20;1;3;1;1;2;0;1;0;0;0;0;1;796285,821;5830325,882;13,36993939;52,54222896
1006;114962;11;12;12224230;2018;2;7;4;3;5;3;0;0;1;0;0;0;0;0;787516,4126;5837871,239;13,24753516;52,61457446
1007;114963;11;1;1011303;2018;11;18;5;3;6;2;2;0;0;1;0;0;1;0;799760,6536;5828625,056;13,41949124;52,52508333
1008;114964;11;6;6030503;2018;9;13;2;2;5;2;0;0;1;0;1;0;0;0;790162,8788;5818291,467;13,26942809;52,43763362
1009;114965;11;4;4061757;2018;8;11;1;3;3;6;0;0;1;0;0;0;0;0;788409,8866;5822754,926;13,24756792;52,4785783