;OBJECTID;LAND;BEZ;LOR;UJAHR;UMONAT;USTUNDE;UWOCHENTAG;UKATEGORIE;UART;UTYP1;ULICHTVERH;IstRad;IstPKW;IstFuss;IstKrad;IstGkfz;IstSonstige;USTRZUSTAND;LINREFX;LINREFY;XGCSWGS84;YGCSWGS84
1010;114966;11;2;2050602;2018;6;17;3;2;3;6;0;0;1;0;1;0;0;0;803582,6746;5827583,221;13,47470449;52,51363102
1011;114967;11;7;7070703;2018;7;8;3;2;5;3;0;0;1;0;1;0;0;0;799926,0003;5813390,703;13,40823633;52,38843842
1012;114968;11;7;7010104;2018;6;13;4;3;5;7;0;0;1;0;1;0;0;0;796007,6973;5824783,57;13,36091907;52,49269837
1013;114969;11;2;2050602;2018;5;15;1;3;0;2;0;1;1;0;0;0;0;0;802592,2243;5827701,512;13,4602613;52,51524161
1014;114970;11;6;6030605;2018;4;18;6;3;2;6;1;0;1;0;0;0;0;1;792313,4614;5819652,934;13,3021661;52,4486939
1015;114971;11;4;4010101;2018;12;22;5;2;3;6;2;0;1;0;0;0;1;1;791510,7598;5830583,943;13,29995551;52,54711816
1016;114972;11;3;3010101;2018;10;14;2;2;2;6;0;0;1;0;0;0;0;0;803068,0636;5840246,504;13,47871584;52,62741412
1017;114973;11;1;1011104;2018;7;19;7;3;2;6;0;0;1;0;0;0;0;0;796216,1227;5825857,155;13,36493477;52,50220903
1018;114974;11;4;4041137;2018;4;11;2;3;2;6;0;0;1;0;0;0;1;1;791778,9663;5824157,189;13,29826283;52,48935987
1019;114975;11;3;3040818;2018;7;15;4;3;0;1;0;1;0;0;0;0;0;0;800112,5905;5832577,001;13,42823333;52,56031214
1020;114976;11;6;6040701;2018;3;17;1;3;2;6;0;1;1;0;0;0;0;0;778444,6987;5814904,347;13,09467645;52,41335258
1021;114977;11;1;1033203;2018;5;15;1;3;6;4;0;1;0;1;0;0;0;0;796219,6399;5830163,573;13,36882165;52,54081001
1022;114979;11;7;7040403;2018;10;12;3;3;2;6;0;0;1;0;1;0;0;0;797811,5381;5821002,331;13,38403339;52,45782263
1023;114980;11;11;11030721;2018;8;10;1;3;6;2;0;0;1;1;0;0;0;0;803719,9379;5827586,537;13,47672402;52,51358433
1024;114981;11;12;12302212;2018;4;13;7;3;6;7;0;0;1;1;0;0;0;0;792738,4057;5837410,995;13,3240366;52,60766096
1025;114982;11;12;12103115;2018;3;19;6;3;3;6;0;0;1;0;1;0;0;0;795362,2958;5833728,881;13,3593895;52,57323515
1026;114983;11;4;4041133;2018;5;14;1;3;2;6;0;0;1;0;0;0;0;0;790516,0595;5825247,622;13,28066612;52,49980927
1027;114984;11;12;12224230;2018;10;6;3;3;9;1;2;0;1;0;0;0;0;1;787632,9361;5838083,429;13,24943596;52,61641515
1028;114985;11;3;3061434;2018;2;13;4;3;2;6;0;0;1;0;0;0;1;0;800599,01;5829930,86;13,43299206;52,53632599
1029;114986;11;1;1044203;2018;11;17;6;2;6;4;2;1;0;1;0;0;0;1;795946,1187;5831676,597;13,36614863;52,5545214
1030;114987;11;12;12302212;2018;9;14;3;3;2;6;0;0;1;0;0;0;0;0;792802,9256;5837308,238;13,32489575;52,60670505
1031;114988;11;4;4030417;2018;8;10;3;3;2;6;0;0;1;0;0;0;0;0;791830,7523;5826589,469;13,30115479;52,51113724
1032;114989;11;4;4020310;2018;6;12;4;3;2;6;0;0;1;0;0;0;0;0;790556,951;5827376,47;13,28312521;52,51887275
1033;114990;11;8;8020619;2018;7;19;3;3;3;6;0;0;1;0;0;0;1;0;801715,2816;5821791,924;13,44202707;52,46275892
1034;114991;11;7;7050502;2018;6;17;4;2;2;6;0;0;1;0;1;0;0;0;798180,4488;5818924,363;13,38759193;52,43899481
1035;114992;11;3;3020203;2018;5;8;2;3;5;2;0;1;1;0;0;0;0;0;797156,1893;5838886,508;13,39041019;52,61848998
1036;114993;11;3;3061429;2018;4;16;7;3;2;6;0;0;1;0;0;0;0;0;801294,3277;5830989,249;13,44417236;52,54542847
1037;114994;11;7;7030303;2018;12;17;6;3;3;6;2;0;1;0;0;0;0;1;795327,3531;5822795,896;13,34916637;52,4752488
1038;114995;11;3;3040513;2018;10;18;3;3;2;6;1;0;1;0;0;0;0;1;798051,1134;5833898,999;13,39910131;52,57329427
1039;114996;11;7;7040403;2018;2;14;3;3;2;6;0;0;1;0;0;0;1;0;796845,1083;5822405,154;13,37109954;52,47092341
1040;114997;11;10;10030726;2018;7;20;1;2;3;6;1;1;1;0;0;0;0;0;808906,0134;5827439,896;13,5527688;52,50935801
1041;114998;11;4;4041239;2018;4;18;2;3;2;6;0;0;1;0;0;0;0;1;792297,7508;5823574,295;13,30537054;52,4838568
1042;114999;11;2;2020201;2018;7;14;4;3;3;6;0;0;1;0;1;0;0;0;797200,9464;5825553,735;13,37913002;52,49895369
1043;115000;11;1;1011201;2018;3;21;2;3;5;2;2;0;1;0;1;0;0;0;797682,4898;5826838,024;13,38735104;52,51020339
1044;115001;11;4;4041134;2018;5;11;2;3;2;6;0;0;1;0;0;0;1;0;790935,5341;5824680,982;13,28633323;52,49450585
1045;115002;11;12;12214422;2018;10;5;2;3;2;6;2;0;1;0;0;0;0;0;791705,267;5833432,226;13,30531947;52,57254811
1046;115003;11;12;12224230;2018;2;19;3;2;5;3;2;0;1;0;0;0;0;0;787526,2057;5837876,754;13,2476842;52,61461872
1047;115004;11;9;9010302;2018;11;14;4;3;2;6;0;0;1;0;0;1;0;0;804196,6638;5819873,733;13,47669154;52,4441909
1048;115005;11;1;1011104;2018;9;17;5;3;3;6;0;1;1;0;0;0;0;0;796162,6321;5825739,034;13,36404398;52,50117922
1049;115006;11;7;7050506;2018;8;14;3;3;0;6;0;0;1;0;1;0;0;0;798779,7175;5817406,444;13,39502541;52,4250614
1050;115007;11;1;1033203;2018;3;7;6;3;2;6;0;0;1;0;0;0;0;0;796275,9066;5830319,729;13,36978814;52,5421792
1051;115008;11;7;7040406;2018;6;5;6;3;3;6;0;0;1;0;0;1;0;0;800167,7813;5821491,084;13,41904712;52,4609146
1052;115009;11;7;7010104;2018;6;16;7;3;2;6;0;0;1;0;0;0;1;0;796008,556;5824749,889;13,36090176;52,49239598
1053;115010;11;3;3040614;2018;8;2;1;3;1;5;2;1;1;0;0;0;0;0;798555,5115;5833147,836;13,40584593;52,56628478
1054;115011;11;2;2050602;2018;5;8;4;3;5;2;0;1;1;0;0;0;0;0;803093,7398;5827650,548;13,4675829;52,51450637
1055;115012;11;7;7040403;2018;4;12;3;3;3;6;0;0;1;0;0;0;0;0;797821,3148;5820716,189;13,38392162;52,45525235
1056;115013;11;3;3020209;2018;12;16;3;3;5;7;2;0;1;0;0;0;1;1;797954,9187;5834595,74;13,39831222;52,57959223
1057;115014;11;6;6030605;2018;9;13;3;2;6;7;0;1;0;1;0;0;0;0;791688,7847;5819254,677;13,29265264;52,44545716
1058;115015;11;4;4051549;2018;9;9;5;3;2;6;0;0;1;0;0;0;0;0;792465,4963;5823899,177;13,30811881;52,48667947
1059;115016;11;10;10010309;2018;7;8;3;3;5;3;0;0;1;0;0;0;0;0;807669,0694;5829981,716;13,53695149;52,53283675
1060;115017;11;7;7050502;2018;7;12;3;2;1;6;0;0;1;0;1;0;0;0;798236,4921;5818742,079;13,38825131;52,43733027
1061;115018;11;2;2010101;2018;5;13;4;2;3;6;0;1;1;0;0;0;0;0;797370,6096;5825589,451;13,38165388;52,49918143
1062;115019;11;2;2020202;2018;2;8;3;3;0;2;0;1;1;0;0;0;0;2;797920,461;5825329,43;13,38949737;52,49655076
1063;115020;11;11;11030721;2018;11;12;2;2;5;3;0;1;0;0;0;0;0;0;804243,754;5827532,386;13,4843697;52,51280708
1064;115021;11;7;7010104;2018;8;20;5;3;2;2;0;0;1;0;1;0;0;0;796022,0563;5825219,944;13,3615177;52,49660231
1065;115023;11;4;4020314;2018;10;8;7;2;2;6;0;0;0;0;1;0;1;0;790540,6099;5825806,794;13,28151467;52,50480922
1066;115024;11;8;8020619;2018;8;7;4;3;3;6;0;0;0;0;1;0;1;0;801732,6142;5821821,535;13,44230819;52,46301476
1067;115025;11;12;12103219;2018;4;11;4;3;6;7;0;0;1;1;0;0;0;0;795699,2144;5832840,644;13,36355469;52,56509005
1068;115026;11;7;7030303;2018;4;11;5;2;2;6;0;0;1;0;1;0;0;0;796253,6557;5822700,035;13,36267962;52,47388785
1069;115027;11;11;11030721;2018;5;9;4;3;6;7;0;1;0;1;0;0;0;0;803695,4957;5827588,564;13,47636679;52,5136161
1070;115028;11;12;12301203;2018;11;16;6;3;5;3;0;0;0;0;1;0;1;0;793996,5917;5835202,506;13,34060252;52,58718455
1071;115029;11;3;3071639;2018;12;17;4;3;5;3;2;1;1;0;0;0;0;1;800151,6143;5829165,879;13,42572486;52,52971581
1072;115030;11;2;2040503;2018;9;11;5;3;5;2;0;1;0;0;0;0;0;0;801413,262;5827806,94;13,44303558;52,51683937
1073;115031;11;4;4030622;2018;8;15;6;3;5;2;0;1;1;0;0;0;0;0;792170,9851;5826668,106;13,30622298;52,51166007
1074;115032;11;1;1011201;2018;6;18;6;3;3;6;0;1;1;0;0;0;0;0;797566,5934;5826819,274;13,38563159;52,51009854
1075;115033;11;3;3040614;2018;7;18;5;3;3;6;0;1;1;0;0;0;0;0;798406,2194;5833424,423;13,40389868;52,56884582
1076;115034;11;4;4030417;2018;5;10;4;3;6;4;0;0;1;1;0;0;0;0;790985,6297;5826451,626;13,28861638;52,51035297
1077;115035;11;1;1044201;2018;2;7;3;3;2;2;0;1;1;0;0;0;0;0;796047,0041;5831366,764;13,36735603;52,55168924
1078;115036;11;3;3061429;2018;11;12;3;3;2;6;0;0;1;0;0;1;0;0;800958,9909;5830511,586;13,43880944;52,54133246
1079;115037;11;3;3050925;2018;6;16;2;3;3;6;0;0;1;0;1;0;0;0;802080,4916;5831476,177;13,45617331;52,54935745
1080;115038;11;3;3020209;2018;12;16;7;3;6;3;2;0;1;1;0;0;0;0;798256,2689;5834745,799;13,4028814;52,58077219
1081;115039;11;4;4041137;2018;10;14;1;3;2;6;0;0;0;0;0;0;1;0;791593,9089;5824342,817;13,29570747;52,49112289
1082;115040;11;8;8010510;2018;8;20;6;3;0;7;1;0;1;0;0;0;0;0;802656,172;5821727,345;13,45577542;52,46165979
1083;115041;11;4;4051655;2018;4;18;5;3;2;6;0;0;1;0;0;0;0;0;793930,1574;5823010,776;13,32884377;52,4779288
1084;115042;11;4;4010101;2018;3;21;2;3;9;1;2;0;1;0;0;0;0;0;791501,4487;5830528,946;13,29977032;52,5466301
1085;115043;11;7;7020202;2018;5;16;5;3;2;6;0;0;1;0;1;0;0;0;795450,0531;5823392,657;13,3514964;52,48053198
1086;115044;11;7;7050502;2018;10;15;6;2;6;7;0;0;1;1;0;0;0;0;798341,7572;5818458,238;13,38954193;52,43472855
1087;115045;11;3;3020203;2018;2;6;3;3;0;1;0;0;1;0;0;0;0;1;796725,0893;5839715,75;13,38480526;52,62615861
1088;115046;11;7;7030303;2018;11;15;5;3;9;7;0;0;0;0;0;0;1;0;795459,288;5822579,652;13,35091169;52,47323897
1089;115047;11;1;1011303;2018;9;13;2;1;5;2;0;1;0;0;0;1;0;0;799816,3329;5828650,909;13,4203328;52,52528445
1090;115048;11;1;1011303;2018;8;14;7;3;0;7;0;0;0;0;1;0;0;1;799727,2487;5828566,481;13,41894754;52,52457666
1091;115049;11;7;7050502;2018;6;17;2;3;2;6;0;0;1;0;1;0;0;0;798017,1474;5818868,087;13,38514649;52,43857937
1092;115050;11;3;3061332;2018;7;18;2;3;5;2;0;0;1;0;0;0;0;0;799982,7433;5830224,298;13,42419823;52,53929573
1093;115051;11;1;1044201;2018;6;15;3;3;5;5;0;1;0;0;0;0;1;0;796200,4677;5830883,356;13,36918161;52,54727255
1094;115052;11;4;4041134;2018;5;9;7;2;8;1;0;0;0;0;1;0;0;0;790986,5958;5824646,416;13,28705304;52,49416874
1095;115053;11;7;7060601;2018;4;16;5;3;0;6;0;0;1;0;0;0;1;0;796604,1064;5815959,722;13,36184104;52,41327629
1096;115054;11;7;7030303;2018;12;17;4;3;3;6;1;0;1;0;0;0;0;0;795426,0014;5822639,255;13,35047583;52,47379128
1097;115055;11;3;3051017;2018;9;13;7;3;8;1;0;0;0;0;1;0;0;0;802975,2489;5833361,464;13,47104969;52,56575789
1098;115056;11;8;8010510;2018;7;12;7;2;2;6;0;0;1;0;0;0;0;0;802634,0325;5821737,239;13,45545952;52,46176073
1099;115057;11;7;7070701;2018;4;13;1;2;2;6;0;0;1;0;0;0;1;0;799325,1945;5816150,375;13,40190007;52,41350417
1100;115058;11;10;10040933;2018;7;12;2;3;2;6;0;0;1;0;0;0;0;0;813024,7533;5827189,64;13,61302461;52,50476792
1101;115059;11;7;6010209;2018;3;10;5;3;3;3;0;0;1;0;0;0;1;0;794456,1165;5821636,941;13,33535306;52,46532976
1102;115060;11;10;10040933;2018;5;13;7;2;5;3;0;1;1;0;0;0;0;0;813350,8071;5827197,599;13,61782019;52,5046521
1103;115061;11;11;11030721;2018;10;12;6;3;2;6;0;0;1;0;0;0;0;0;803657,3112;5827591,729;13,47580872;52,51366573
1104;115062;11;3;3071633;2018;2;22;2;3;0;7;2;1;0;0;0;0;0;0;800489,4893;5829955,321;13,4314043;52,53660564
1105;115063;11;7;7040403;2018;11;9;7;3;5;2;0;0;1;0;0;0;0;0;797848,6052;5822306,369;13,38574108;52,4694917
1106;115064;11;2;2040503;2018;9;15;3;3;3;6;0;1;1;0;0;0;0;0;801334,612;5827815,024;13,44188733;52,5169553
1107;115065;11;4;4041134;2018;8;10;1;3;2;6;0;0;1;0;0;0;0;0;790923,9896;5824685,784;13,28616786;52,49455505
1108;115066;11;2;2040701;2018;3;10;6;3;3;6;0;0;1;0;0;0;0;0;800391,7396;5827977,865;13,42818093;52,51893504
1109;115067;11;3;3061126;2018;6;12;4;3;0;7;0;1;0;0;0;0;0;0;799215,7905;5831345,276;13,41393337;52,5497652
1110;115068;11;2;2050602;2018;10;11;4;3;2;2;0;0;1;0;1;0;0;0;803086,7926;5827634,359;13,46746609;52,51436513
1111;115069;11;3;3040513;2018;6;19;5;3;0;1;0;1;0;0;0;0;0;0;798052,303;5833907,244;13,39912622;52,57336752
1112;115070;11;2;2050602;2018;8;14;6;3;6;4;0;0;1;1;0;0;0;0;803273,4501;5827615,898;13,47019148;52,51409592
1113;115071;11;12;12231101;2018;4;11;2;3;5;3;0;1;1;0;0;0;0;0;791815,1786;5839292,673;13,31210183;52,62502577
1114;115072;11;1;1011303;2018;4;15;1;3;5;2;0;1;1;0;0;0;0;0;799781,125;5828660,425;13,41982397;52,5253891
1115;115073;11;10;10030726;2018;12;18;1;3;2;6;2;0;1;0;0;0;0;1;809246,5126;5827393,21;13,55772659;52,50874673
1116;115074;11;12;12214125;2018;9;14;2;2;0;6;0;0;1;0;1;0;0;1;791707,3339;5831040,945;13,30324767;52,55110984
1117;115075;11;1;1011303;2018;9;14;3;3;6;4;0;0;0;1;0;0;1;0;799194,1423;5828370,307;13,41093668;52,52311105
1118;115076;11;9;9010301;2018;6;18;4;2;4;6;0;1;0;0;0;0;0;0;805196,5898;5822544,059;13,49379851;52,46756683
1119;115077;11;9;9010102;2018;7;13;2;3;2;6;0;0;1;0;0;1;0;0;802955,2012;5825095,25;13,46322273;52,49168049
1120;115078;11;2;2040701;2018;5;8;2;3;2;6;0;0;1;0;1;0;0;0;800349,294;5827946,554;13,42752899;52,51867776
1121;115079;11;7;7030303;2018;2;7;2;2;3;6;0;0;1;0;0;0;1;1;795410,3224;5822748,291;13,35034224;52,47477719
1122;115080;11;12;12103218;2018;11;11;1;3;5;3;0;0;1;0;0;0;0;1;794559,344;5833813,313;13,34765051;52,57442717
1123;115082;11;3;3020307;2018;10;17;5;3;2;6;0;0;1;0;0;0;0;0;799838,101;5839521,122;13,43048191;52,62270491
1124;115083;11;3;3071633;2018;10;13;7;3;2;6;0;0;1;0;0;0;0;0;800029,6154;5830207,241;13,42487186;52,53911703
1125;115084;11;7;7010104;2018;2;20;2;3;1;5;2;0;1;0;0;0;1;1;796062,0501;5825424,777;13,36228717;52,49841676
1126;115085;11;1;1011105;2018;11;12;1;3;2;6;0;0;1;0;0;0;0;0;796433,0605;5826371,109;13,36857898;52,50669833
1127;115086;11;7;7050501;2018;9;15;4;3;5;2;0;0;1;0;0;0;0;0;797882,8543;5820435,071;13,38457384;52,45269889
1128;115087;11;7;7050502;2018;8;18;2;3;3;6;0;1;0;0;0;0;0;0;797544,2146;5818278,163;13,37768456;52,43354877
1129;115088;11;1;1011102;2018;3;10;6;3;0;1;0;0;0;0;0;0;1;1;796914,612;5827467,169;13,37663104;52,51626149
1130;115089;11;2;2050602;2018;6;17;5;2;0;4;0;0;0;1;1;0;0;0;803591,8864;5827582,156;13,47483884;52,51361635
1131;115090;11;4;4041137;2018;6;15;6;3;2;6;0;0;1;0;0;0;0;0;791411,7743;5824497,963;13,29316818;52,49261103
1132;115091;11;4;4030621;2018;8;14;7;3;0;1;0;0;0;0;1;0;0;0;794067,5591;5826969,91;13,33435609;52,51334643
1133;115092;11;4;4051551;2018;5;15;4;2;0;1;0;0;0;0;1;0;0;0;793193,309;5823002,855;13,31801841;52,47825387
1134;115093;11;4;4041133;2018;4;13;2;3;3;6;0;0;1;0;0;0;0;0;790560,2211;5825137,191;13,28121851;52,49879573
1135;115094;11;4;4030417;2018;12;17;3;3;2;6;2;0;1;0;0;0;1;1;791326,2889;5826506,224;13,29366958;52,51066061
1136;115095;11;1;1033203;2018;9;9;3;3;5;2;0;1;1;0;0;0;0;0;796321,4327;5830071,468;13,37023606;52,53992904
1137;115096;11;10;10040830;2018;9;17;4;2;2;6;0;0;1;0;1;1;0;0;811561,3383;5827131,312;13,5914792;52,50508279
1138;115097;11;7;7050506;2018;6;16;4;3;5;2;0;0;1;0;0;0;0;0;798860,497;5817214,362;13,39603827;52,42329549
1139;115098;11;3;3020209;2018;7;16;2;3;3;6;0;1;1;0;0;0;0;0;797974,2778;5834392,418;13,39841432;52,57775913
1140;115099;11;1;1011202;2018;7;16;3;3;3;6;0;1;1;0;0;0;0;0;798070,1706;5827648,49;13,39377253;52,51725649
1141;115100;11;7;7040403;2018;5;15;3;3;3;6;0;1;1;0;0;0;0;0;797837,011;5821307,524;13,38467947;52,46054448
1142;115101;11;12;12231101;2018;2;19;1;2;1;5;2;0;1;0;0;0;0;1;792183,4405;5838093,153;13,31646695;52,61407475
1143;115102;11;12;12301203;2018;11;12;2;3;2;2;0;0;1;0;0;1;0;1;794234,7551;5834764,029;13,34371847;52,58312518
1144;115103;11;12;12103117;2018;8;16;5;3;2;6;0;0;1;0;0;0;0;0;795823,129;5832371,775;13,36495947;52,5608198
1145;115105;11;12;12301205;2018;10;16;6;3;2;6;0;0;1;0;0;0;0;0;792623,4013;5837517,002;13,32243687;52,60867317
1146;115106;11;7;7020203;2018;8;14;3;3;0;2;0;0;1;0;0;0;1;0;795787,5143;5824111,049;13,35708848;52,48678912
1147;115107;11;2;2020202;2018;4;14;2;3;0;2;0;1;1;0;0;0;0;0;797897,8642;5825434,747;13,38925968;52,49750714
1148;115108;11;2;2050602;2018;4;15;4;3;5;3;0;0;1;0;1;0;0;0;803088,3147;5827651,086;13,46750369;52,5145142
1149;115109;11;7;7020203;2018;5;18;3;3;5;5;0;1;1;0;0;0;0;0;795790,533;5824150,826;13,35716811;52,48714405
1150;115110;11;4;4030417;2018;11;13;6;3;4;6;0;1;0;0;0;0;0;0;791455,5688;5826526,275;13,2955867;52,5107713
1151;115111;11;7;7020203;2018;12;19;2;2;0;7;2;1;1;0;0;0;0;0;795630,0727;5823948,788;13,35463265;52,48541985
1152;115112;11;3;3020307;2018;9;13;5;2;2;7;0;0;1;0;1;0;0;0;800750,1365;5836127,491;13,44083041;52,59178373
1153;115113;11;1;1011102;2018;8;8;6;3;8;1;0;1;0;0;0;0;0;0;796594,0365;5827400,537;13,3718612;52,51583864
1154;115114;11;3;3040614;2018;6;10;6;3;5;3;0;1;1;0;0;0;0;0;798338,399;5833472,778;13,40294449;52,56931643
1155;115115;11;10;10040933;2018;7;18;4;3;2;6;0;0;1;0;0;0;1;0;813234,2089;5827203,729;13,61611372;52,50477398
1156;115116;11;2;2020202;2018;5;7;4;2;6;4;0;0;1;1;0;0;0;0;797838,9955;5824994,766;13,38800169;52,49359535
1157;115117;11;9;9010102;2018;2;13;1;2;8;1;0;0;1;0;0;0;0;1;803868,8548;5824712,199;13,4762891;52,48773948
1158;115118;11;8;8010510;2018;11;13;3;3;3;6;0;0;1;0;0;0;0;0;802653,7896;5822056,617;13,45603904;52,46461239
1159;115119;11;10;10010309;2018;6;14;1;2;1;7;0;0;0;0;0;1;1;0;807692,9291;5829622,19;13,53696937;52,52960122
1160;115120;11;5;5020524;2018;12;15;5;3;2;2;2;0;1;0;0;0;0;0;783506,925;5826702,865;13,17893024;52,51654416
1161;115121;11;7;7020203;2018;10;13;7;3;5;3;0;1;1;0;0;0;0;0;795777,942;5824124,054;13,35695946;52,48691088
1162;115122;11;3;3061332;2018;8;17;5;3;0;1;0;0;1;0;1;0;0;0;799260,0472;5830356,238;13,41369303;52,54087572
1163;115123;11;3;3071633;2018;4;7;4;3;2;6;0;0;0;0;1;0;1;0;800014,2643;5830214,565;13,42465281;52,53919113
1164;115124;11;2;2050602;2018;3;12;7;3;2;6;0;0;1;0;0;0;0;0;802854,3129;5827658,805;13,46407292;52,51471337
1165;115125;11;1;1011104;2018;5;17;5;3;3;6;0;1;1;0;0;1;0;0;796342,416;5826116,754;13,36702095;52,50446752
1166;115126;11;3;3061434;2018;10;6;5;3;5;3;2;1;0;0;1;0;0;1;800851,6111;5830338,427;13,43707408;52,5398397
1167;115127;11;4;4041134;2018;2;5;1;3;9;1;0;0;1;0;0;0;0;0;791186,4232;5824634,582;13,28997776;52,49395607
1168;115128;11;11;11030721;2018;11;10;3;3;5;2;0;1;0;0;0;0;1;0;803717,5354;5827570,502;13,47667409;52,51344195
1169;115129;11;7;7050502;2018;9;11;7;3;2;6;0;0;1;0;0;0;1;0;797570,4887;5818393,702;13,37817273;52,43457017
1170;115130;11;2;2050602;2018;8;14;6;2;6;4;0;0;1;1;0;0;0;0;803614,945;5827595,098;13,4751894;52,51371951
1171;115131;11;12;12304314;2018;6;7;2;3;3;6;0;0;1;0;0;1;0;0;790290,8301;5835668,054;13,28646571;52,59334835
1172;115132;11;11;11030721;2018;3;10;6;3;2;2;0;0;1;0;0;0;0;0;803702,5818;5827571,864;13,47645565;52,51346248
1173;115133;11;4;4020208;2018;7;7;2;3;6;4;0;0;1;1;0;0;0;0;788945,3066;5826126,848;13,25835423;52,50852583
1174;115134;11;9;9010302;2018;6;9;3;3;2;6;0;0;1;0;0;0;0;0;803318,3624;5820519,619;13,46439515;52,45046786
1175;115135;11;4;4030622;2018;8;10;4;3;6;4;0;1;0;1;0;0;0;0;792702,3224;5826735,687;13,31408954;52,51198105
1176;115136;11;7;7050502;2018;5;17;5;3;2;6;0;0;1;0;0;0;1;0;798163,5943;5818918,582;13,38733956;52,43895218
1177;115137;11;7;7050506;2018;4;6;5;3;5;2;0;1;0;0;0;0;1;0;798875,0481;5817237,366;13,39627217;52,42349374
1178;115138;11;3;3020209;2018;12;5;3;3;8;1;2;0;1;0;0;0;0;1;798005,732;5834661,699;13,3991192;52,58015562
1179;115139;11;4;4020313;2018;9;12;7;3;2;6;0;0;1;0;0;0;0;0;790580,6523;5827307,481;13,28341327;52,51824162
1180;115140;11;6;6030605;2018;9;15;1;3;2;1;0;0;1;0;0;0;0;0;792840,197;5820017,073;13,31021387;52,45167645
1181;115141;11;4;4020208;2018;7;20;6;3;3;6;0;0;1;0;0;0;0;0;788926,6298;5826123,598;13,25807698;52,50850658
1182;115142;11;12;12103117;2018;7;13;6;3;2;6;0;0;1;0;0;1;0;0;795870,2845;5832108,549;13,36541839;52,55843462
1183;115143;11;3;3050925;2018;3;17;4;3;2;6;2;1;1;0;0;0;0;0;801759,7891;5831358,551;13,45135107;52,54848092
1184;115144;11;10;10040830;2018;5;15;6;3;2;2;0;0;1;0;0;0;0;0;810870,0873;5827087,59;13,58128683;52,50508525
1185;115145;11;7;7050502;2018;10;12;5;3;3;6;0;0;1;0;0;1;0;0;797489,625;5818032,804;13,37666564;52,43137905
1186;115146;11;2;2040503;2018;2;10;7;3;6;7;0;0;1;1;0;0;0;0;801904,8811;5827756,407;13,45021279;52,51611453
1187;115147;11;7;7040403;2018;11;11;6;3;2;6;0;0;1;0;0;0;0;0;797849,5047;5822287,296;13,38573726;52,46932024
1188;115148;11;1;1011201;2018;9;12;2;3;5;3;0;0;1;0;0;1;0;0;797012,7356;5826725,898;13,37741124;52,50956337
1189;115149;11;1;1022202;2018;8;14;7;3;2;1;0;0;1;0;0;0;0;0;795907,659;5829619,713;13,36375056;52,53610433
1190;115150;11;9;9010201;2018;3;17;6;2;9;7;0;0;1;0;0;0;1;0;803488,1281;5824183,495;13,4702178;52,48321256
1191;115151;11;4;4041133;2018;10;6;3;3;2;6;1;0;1;0;0;0;1;0;790518,2084;5825243,586;13,28069417;52,49977194
1192;115152;11;12;12103218;2018;6;12;5;3;5;2;0;0;1;0;0;1;0;0;794565,602;5833812,13;13,34774154;52,57441318
1193;115153;11;2;2050602;2018;8;15;6;3;5;2;0;1;1;0;0;0;0;0;802042,9723;5828022,719;13,45248341;52,51842504
1194;115154;11;3;3020203;2018;3;20;2;3;5;2;2;1;1;0;0;0;0;1;797165,0107;5838899,541;13,39055181;52,61860197
1195;115155;11;4;4010101;2018;4;19;7;3;2;6;0;0;1;0;1;0;0;0;791356,429;5830161,198;13,29731517;52,54341089
1196;115156;11;7;7040401;2018;4;12;7;3;2;6;0;0;1;0;0;0;0;0;797759,4045;5823868,869;13,38582687;52,4835464
1197;115157;11;3;3050925;2018;6;12;6;3;0;1;0;0;0;0;1;0;0;1;802524,8765;5831673,748;13,4628871;52,55088165
1198;115158;11;3;3061332;2018;12;17;6;3;6;2;2;0;1;1;0;0;0;1;799431,4843;5830329,161;13,41618894;52,54053884
1199;115159;11;7;7050502;2018;9;12;2;2;5;3;0;1;0;0;0;1;0;0;797437,0271;5817797,382;13,37568487;52,42929731
1200;115160;11;3;3061434;2018;9;18;3;3;3;6;0;0;0;0;1;0;0;0;800621,877;5829920,517;13,43331883;52,53622067
1201;115161;11;2;2040703;2018;6;16;3;3;0;4;0;1;0;1;0;0;0;0;801871,6286;5826517,758;13,44860083;52,50503086
1202;115162;11;2;2050801;2018;7;17;7;3;3;6;0;0;1;0;0;0;0;0;802131,9984;5827636,239;13,45344051;52,5149117
1203;115163;11;7;7010104;2018;5;13;1;3;2;6;0;0;1;0;0;0;0;0;796008,1755;5824681,541;13,36083545;52,49178351
1204;115164;11;4;4030417;2018;2;18;6;2;6;4;2;1;0;1;0;0;0;0;791614,7274;5826553,042;13,29794872;52,51092621
1205;115165;11;11;11041027;2018;11;6;7;1;6;4;2;0;1;1;0;0;0;0;806954,1768;5827356,825;13,52402307;52,50971524
1206;115167;11;6;6040701;2018;10;11;4;3;5;7;0;1;1;0;0;0;0;0;778765,6227;5814973,042;13,09943991;52,41380524
1207;115168;11;7;7060603;2018;8;15;2;3;5;2;0;1;1;0;0;0;0;0;797376,6723;5817555,84;13,37458501;52,42716492
1208;115169;11;6;6040702;2018;4;12;1;3;2;2;0;0;1;0;0;0;0;0;785325,3387;5816037,802;13,19653525;52,41997219