;OBJECTID;LAND;BEZ;LOR;UJAHR;UMONAT;USTUNDE;UWOCHENTAG;UKATEGORIE;UART;UTYP1;ULICHTVERH;IstRad;IstPKW;IstFuss;IstKrad;IstGkfz;IstSonstige;USTRZUSTAND;LINREFX;LINREFY;XGCSWGS84;YGCSWGS84
1209;115170;11;5;5020629;2018;4;11;2;3;0;7;0;1;0;0;0;0;0;0;785383,6439;5826215,464;13,20609457;52,51119531
1210;115171;11;9;9010101;2018;5;16;2;3;2;6;0;0;1;0;0;0;0;0;802589,1468;5825103,874;13,45785549;52,49196082
1211;115172;11;4;4020208;2018;10;18;3;3;6;4;1;0;1;1;0;0;0;1;788944,3261;5826126,679;13,25833967;52,50852483
1212;115173;11;7;7040403;2018;2;11;6;3;3;6;0;0;1;0;0;0;1;0;797280,6469;5822341,794;13,37743615;52,47011861
1213;115174;11;4;4041134;2018;12;17;1;3;2;6;2;0;1;0;0;0;0;1;790759,4186;5824874,567;13,28391539;52,4963352
1214;115175;11;10;10010206;2018;9;9;4;3;2;6;0;0;1;0;0;0;0;0;808320,5572;5832061,291;13,5484555;52,55110538
1215;115176;11;3;3040513;2018;8;16;5;3;5;2;0;1;1;0;0;0;0;1;798042,3386;5833912,252;13,39898412;52,57341787
1216;115177;11;2;2050601;2018;6;19;5;3;0;7;0;1;0;0;0;0;0;0;801703,8377;5828770,712;13,44817901;52,52531706
1217;115178;11;1;1022202;2018;7;14;3;3;3;6;0;0;0;0;1;1;0;0;796181,4288;5829120,155;13,36732994;52,53147758
1218;115179;11;7;7040403;2018;2;9;5;3;5;3;0;1;1;0;0;0;0;0;797832,82;5822292,153;13,3854967;52,46937288
1219;115180;11;7;7040403;2018;11;11;7;3;0;6;0;0;1;0;0;0;1;0;797852,6076;5821973,67;13,38550284;52,46650724
1220;115181;11;2;2050601;2018;6;16;5;3;1;7;0;0;1;0;0;0;0;0;801744,1161;5828688,205;13,44869605;52,52455526
1221;115182;11;5;5020628;2018;5;14;3;3;3;6;0;0;1;0;1;0;0;0;784325,1801;5826498,924;13,19078214;52,51428961
1222;115183;11;4;4041134;2018;12;17;1;3;8;1;2;0;1;0;0;0;0;1;791124,6559;5824655,487;13,28908879;52,49417644
1223;115184;11;7;8020620;2018;10;9;5;3;2;6;0;0;1;0;0;0;0;0;800713,6939;5821599,895;13,427156;52,46158978
1224;115185;11;4;4030622;2018;2;15;5;3;5;2;0;1;1;0;0;0;0;0;792276,1856;5826685,512;13,30778402;52,51175975
1225;115186;11;6;6030605;2018;7;14;2;2;5;2;0;1;1;0;0;0;0;0;792409,3321;5819717,715;13,30362948;52,44922338
1226;115187;11;9;9010101;2018;4;10;3;3;5;2;0;0;1;0;0;0;0;0;802674;5825210,95;13,45919873;52,49287349
1227;115188;11;10;10030727;2018;7;10;7;2;5;3;0;1;1;0;0;0;0;0;810398,144;5827070,106;13,57433961;52,50519724
1228;115189;11;4;4020311;2018;3;19;4;3;5;3;2;1;1;0;0;0;0;0;790253,0363;5826349,862;13,27776324;52,50983095
1229;115190;11;6;6040703;2018;5;16;3;3;0;6;0;0;1;0;0;0;1;0;784948,7865;5816729,651;13,19160238;52,42637167
1230;115191;11;1;1011303;2018;10;15;2;3;3;6;0;0;1;0;1;0;0;1;799038,0999;5827531,036;13,40788914;52,51567381
1231;115192;11;4;4020313;2018;2;13;4;3;6;4;0;0;1;1;0;0;0;0;790522,9638;5826394,778;13,28176859;52,51008993
1232;115193;11;7;7040403;2018;11;10;7;3;5;2;0;0;1;0;0;0;1;0;797848,7766;5822303,306;13,38574086;52,46946416
1233;115194;11;1;1011204;2018;9;16;6;3;5;7;0;1;1;0;0;0;0;0;798649,587;5827023,607;13,40172536;52,51133829
1234;115195;11;4;4020311;2018;8;12;4;2;2;6;0;0;1;0;0;0;0;0;789221,5169;5826169,308;13,26244956;52,50876012
1235;115196;11;4;4020310;2018;3;7;6;3;3;6;0;0;1;0;0;1;0;1;790482,2661;5828507,652;13,28301568;52,52905362
1236;115197;11;6;6030503;2018;8;22;2;2;5;3;2;0;1;0;0;0;0;0;790294,9635;5818368,758;13,27143284;52,43825647
1237;115198;11;2;2050802;2018;4;11;2;3;0;7;0;1;0;0;0;0;0;0;802020,8285;5826959,85;13,45119342;52,50891077
1238;115199;11;6;6030503;2018;4;15;3;2;5;2;0;0;1;0;1;0;0;0;790289,851;5818387,495;13,27137411;52,43842716
1239;115200;11;4;4030621;2018;5;7;3;3;5;3;0;1;0;0;0;0;0;0;793919,0987;5826943,922;13,33215173;52,51319348
1240;115201;11;4;4010101;2018;10;14;4;3;2;6;0;0;1;0;1;0;0;0;791154,1024;5829460,337;13,2937259;52,53723591
1241;115202;11;1;1011201;2018;2;21;4;2;5;7;2;0;0;0;1;0;1;0;797124,468;5826745,125;13,37906991;52,50967487
1242;115203;11;11;11041027;2018;12;18;2;3;2;6;2;0;1;0;0;0;1;0;807452,7045;5827449,319;13,53143107;52,51026344
1243;115204;11;1;1011303;2018;9;18;4;3;5;2;0;1;1;0;0;0;0;0;799560,3725;5828276,377;13,41623389;52,52206804
1244;115205;11;10;10010310;2018;8;13;5;3;5;7;0;0;1;0;1;0;0;1;807689,4661;5830404,509;13,53764263;52,53661428
1245;115206;11;2;2020203;2018;6;19;5;2;5;7;0;0;1;0;1;0;0;0;797738,7284;5824250,56;13,38586423;52,4869791
1246;115207;11;2;2040701;2018;7;7;4;3;3;6;0;1;0;0;0;0;0;0;800366,8841;5827973,747;13,427812;52,51891181
1247;115208;11;1;1011105;2018;2;18;4;2;5;3;2;0;1;0;1;0;0;0;796449,195;5826441,205;13,36887843;52,50731791
1248;115209;11;7;7040405;2018;11;2;2;3;2;1;2;0;1;0;0;0;1;0;799346,0629;5821539,577;13,40703225;52,46180001
1249;115210;11;4;4020208;2018;6;18;6;3;2;6;0;0;1;0;0;0;1;0;788379,7682;5826035,618;13,24996546;52,50800717
1250;115211;11;2;2050602;2018;5;20;3;2;5;2;0;0;1;0;1;0;0;0;803087,9918;5827651,118;13,46749897;52,51451467
1251;115212;11;4;4020314;2018;12;15;5;3;2;6;0;0;1;0;0;0;0;1;790460,103;5825307,957;13,27989674;52,50037996
1252;115213;11;11;11030721;2018;10;16;5;3;5;3;0;1;0;0;0;0;0;0;804132,2809;5827529,087;13,4827291;52,51283967
1253;115214;11;12;12214125;2018;2;17;4;3;3;6;2;0;1;0;0;1;0;0;792088,1953;5832519,474;13,31015002;52,56416026
1254;115215;11;8;8020619;2018;7;12;3;3;2;6;0;0;1;0;0;0;0;0;802081,0587;5821877,024;13,44747166;52,4633196
1255;115216;11;4;4041134;2018;4;14;4;2;2;6;0;0;1;0;0;0;1;0;790712,0945;5824955,77;13,28329112;52,49708839
1256;115217;11;1;1011303;2018;7;17;2;2;5;2;0;0;1;0;0;1;0;0;799775,0967;5828649,745;13,41972575;52,52529668
1257;115218;11;12;12302212;2018;3;14;5;3;2;6;0;0;1;0;0;0;0;1;792808,7385;5837298,164;13,32497243;52,60661161
1258;115219;11;2;2050802;2018;5;15;4;3;3;6;0;1;1;0;0;0;0;0;802010,9437;5827053,155;13,45113287;52,50975254
1259;115220;11;1;1011105;2018;10;7;3;3;2;6;0;0;1;0;1;0;0;1;796424,8779;5826343,484;13,36843418;52,50645515
1260;115221;11;9;9010401;2018;2;1;4;2;3;6;2;0;1;0;0;0;0;0;805369,9886;5819065,507;13,4931627;52,4362931
1261;115222;11;4;4041133;2018;11;16;2;3;2;6;1;0;1;0;0;0;0;0;790557,7266;5825141,753;13,28118585;52,49883796
1262;115223;11;12;12103219;2018;9;12;6;3;5;2;0;0;1;0;0;0;0;0;795765,3029;5832700,901;13,36440229;52,5638015
1263;115224;11;6;6010102;2018;8;18;5;2;2;6;0;0;1;0;1;0;0;0;793522,4638;5820412,173;13,32057223;52,45485248
1264;115225;11;3;3040513;2018;6;10;7;3;5;2;0;1;1;0;0;0;0;0;798036,4686;5833794,563;13,39879199;52,57236616
1265;115226;11;4;4051656;2018;3;14;6;3;2;6;0;0;1;0;0;0;1;0;793808,1234;5822990,982;13,32703464;52,47781703
1266;115227;11;7;7020203;2018;6;18;7;2;1;5;0;0;0;0;0;1;1;0;795379,6099;5823681,064;13,35071766;52,48315545
1267;115228;11;1;1011303;2018;6;16;2;3;3;6;0;0;1;0;0;0;0;0;799232,989;5827877,422;13,41106415;52,51867176
1268;115229;11;7;7050501;2018;8;15;4;3;2;6;0;0;1;0;0;0;0;0;797714,8624;5818798,397;13,38065059;52,4381193
1269;115230;11;4;4051551;2018;5;9;5;3;2;6;0;0;1;0;0;0;0;0;792714,3663;5823289,621;13,31123822;52,48108158
1270;115231;11;10;10030726;2018;4;5;4;3;2;6;1;0;1;0;0;0;0;0;808981,336;5827441,04;13,55387619;52,50932562
1271;115232;11;1;1011304;2018;12;21;6;3;6;4;2;1;0;1;0;0;0;0;799869,8039;5828161,756;13,42067757;52,52087057
1272;115233;11;2;2040701;2018;9;8;6;3;3;6;0;0;1;0;0;0;0;0;800383,7453;5827976,976;13,42806266;52,51893147
1273;115234;11;7;7060601;2018;9;20;6;3;5;3;2;0;1;0;0;0;0;0;796736,4426;5816065,435;13,36387476;52,4141522
1274;115235;11;3;3061434;2018;7;18;5;3;0;2;0;0;1;0;0;0;1;0;800897,8872;5829698,294;13,43717474;52,53407654
1275;115236;11;3;3061429;2018;7;8;6;2;5;2;0;1;1;0;0;0;0;0;801348,7145;5831003,317;13,44498472;52,54552449
1276;115237;11;6;6040703;2018;3;6;3;2;6;4;0;1;0;1;0;0;0;0;786576,4199;5816955,816;13,21566853;52,42754936
1277;115238;11;9;9010101;2018;5;14;5;3;2;6;0;0;1;0;1;0;0;0;802616,0237;5825142,21;13,45828496;52,49228952
1278;115239;11;7;7040403;2018;2;7;4;3;2;2;0;0;1;0;0;0;1;0;797569,2368;5822352,931;13,38168206;52,47006132
1279;115240;11;1;1011204;2018;11;19;5;3;2;6;2;0;1;0;0;0;0;0;798782,4359;5827170,877;13,40380932;52,51258561
1280;115241;11;4;4020313;2018;9;11;1;2;5;2;0;0;1;0;0;0;0;0;790534,5582;5826378,15;13,28192443;52,50993469
1281;115242;11;12;12103115;2018;8;8;7;3;5;2;0;0;1;0;0;0;1;0;795338,5166;5833744,142;13,35905323;52,57338485
1282;115243;11;3;3020209;2018;3;17;5;3;0;6;0;0;0;0;0;0;1;0;797962,5076;5834549,106;13,39838197;52,57917007
1283;115245;11;4;4030622;2018;10;11;3;3;2;6;0;0;1;0;0;0;1;0;792723,4409;5826739,247;13,31440298;52,51200163
1284;115246;11;1;1044102;2018;8;13;5;3;5;3;0;0;1;0;1;0;0;0;795879,0131;5832057,506;13,36550127;52,55797233
1285;115247;11;9;9010201;2018;4;11;6;3;0;7;0;1;1;0;0;0;0;0;803367,358;5824301,446;13,46855214;52,48433685
1286;115248;11;6;6030503;2018;4;16;6;2;2;2;0;1;1;0;0;0;0;0;791050,049;5818811,216;13,28289492;52,44182185
1287;115249;11;4;4010101;2018;5;19;5;3;2;6;0;0;1;0;0;0;0;0;791237,2536;5829720,156;13,29517614;52,53952072
1288;115250;11;8;8020619;2018;12;8;6;3;2;1;0;0;1;0;0;0;0;1;801477,9299;5821772,25;13,43852626;52,46271358
1289;115251;11;6;6030503;2018;9;15;1;3;5;2;0;0;1;0;0;0;0;1;791033;5818801,4;13,28263625;52,44174293
1290;115252;11;3;3061126;2018;9;7;3;3;5;2;0;1;1;0;0;0;0;0;799197,1111;5831455,217;13,41375777;52,55076091
1291;115253;11;7;7050502;2018;6;0;2;3;1;1;2;0;1;0;0;0;0;0;798525,6977;5818076,802;13,39189908;52,43120905
1292;115254;11;7;7070703;2018;7;5;6;2;5;2;0;0;1;0;1;0;0;0;799806,607;5813854,206;13,40690173;52,39265849
1293;115255;11;1;1044102;2018;5;17;7;3;5;3;0;0;1;0;0;0;0;0;795878,6713;5832059,342;13,36549788;52,55798897
1294;115256;11;7;7020203;2018;2;14;4;3;1;5;0;1;1;0;0;0;0;0;795843,7492;5824265,368;13,35805123;52,488142
1295;115257;11;7;7060601;2018;11;9;6;3;6;4;0;0;1;1;0;0;0;0;796918,3499;5816499,563;13,36692664;52,41794517
1296;115259;11;4;7030303;2018;10;16;3;3;2;6;0;0;1;0;0;0;0;0;795136,456;5822984,222;13,34653056;52,4770402
1297;115260;11;7;7020202;2018;3;14;2;3;6;4;0;1;0;1;0;0;0;1;795505,9851;5823341,22;13,35227201;52,48004062
1298;115261;11;10;10010309;2018;8;19;1;2;0;1;0;1;0;0;0;0;0;0;807758,2923;5829321,402;13,53765147;52,52686869
1299;115262;11;4;4020208;2018;4;10;7;2;3;6;0;1;0;0;0;0;0;0;787655,6153;5825918,765;13,23922414;52,50734184
1300;115263;11;3;3061332;2018;4;9;1;3;5;3;0;0;1;0;0;0;0;1;799980,674;5830224,78;13,42416824;52,53930118
1301;115264;11;1;1011303;2018;5;8;1;2;5;2;0;0;1;0;0;0;1;0;799567,629;5828271,916;13,41633651;52,52202407
1302;115265;11;7;7040405;2018;10;13;3;3;5;3;0;0;1;0;1;0;0;0;798974,735;5821874,321;13,40188288;52,46500384
1303;115266;11;7;7040401;2018;2;13;4;3;2;6;0;0;1;0;0;1;0;0;797824,071;5822480,084;13,38553605;52,47106224
1304;115267;11;10;10040933;2018;11;21;6;3;2;6;2;0;1;0;0;0;0;1;813023,7108;5827189,588;13,61300926;52,50476805
1305;115268;11;3;3061126;2018;9;17;3;3;5;2;0;1;1;0;0;0;0;0;799220,4888;5832049,474;13,41463711;52,55607464
1306;115269;11;3;3061131;2018;8;10;4;3;1;5;0;1;1;0;0;0;1;0;799163,409;5830573,247;13,41246775;52,54287393
1307;115270;11;12;12302212;2018;6;15;4;2;5;3;0;1;1;0;0;0;0;0;792758,417;5837385,375;13,32430861;52,60742051
1308;115271;11;7;7030303;2018;7;17;3;2;3;6;0;0;1;0;1;0;0;0;795644,3968;5823014,891;13,35401485;52,47704041
1309;115272;11;11;11030721;2018;6;7;5;3;2;6;0;0;1;0;0;0;0;0;804054,3735;5827536,922;13,48159177;52,51295333
1310;115273;11;9;9010201;2018;5;21;2;2;6;4;2;0;0;1;1;0;0;0;803265,5359;5824400,847;13,4671477;52,48528433
1311;115274;11;7;7010104;2018;4;1;1;3;1;6;2;0;1;0;0;0;0;0;796007,5752;5824802,156;13,36093379;52,49286504
1312;115275;11;7;7020202;2018;12;18;7;2;5;7;2;0;1;0;0;0;1;1;795225,438;5823516,568;13,34830826;52,48176424
1313;115276;11;7;7040403;2018;10;20;3;3;2;6;2;0;1;0;0;0;1;1;797806,727;5820947,764;13,38391412;52,45733612
1314;115277;11;2;2050602;2018;2;12;4;3;5;2;0;0;1;0;0;0;0;0;802148,8915;5827734,953;13,45377833;52,51578712
1315;115278;11;7;7020202;2018;7;10;2;3;5;2;0;1;0;0;0;0;1;0;795241,8384;5823528,185;13,34855935;52,48185951
1316;115279;11;4;4030622;2018;4;14;3;3;2;6;0;0;1;0;0;0;0;0;792108,8196;5826657,542;13,30530028;52,51159866
1317;115280;11;12;12103218;2018;7;6;5;3;5;2;0;1;1;0;0;0;0;0;794451,457;5834366,952;13,34655482;52,57944848
1318;115281;11;7;7050502;2018;3;8;3;3;5;2;0;0;1;0;0;0;1;1;798181,752;5818924,81;13,38761144;52,43899811
1319;115282;11;7;7050501;2018;5;5;3;3;5;2;0;0;1;0;0;0;0;0;797869,7051;5820429,141;13,38437562;52,4526529
1320;115283;11;7;7040406;2018;10;14;2;3;2;6;0;0;1;0;0;0;1;0;800083,2401;5821474,304;13,41779145;52,46081062
1321;115284;11;4;4041134;2018;2;11;4;3;2;6;0;0;0;0;0;1;0;0;790760,0069;5824873,469;13,28392307;52,49632504
1322;115285;11;7;7040403;2018;11;11;5;3;1;5;0;1;0;0;0;0;1;0;797818,0411;5820878,455;13,38401832;52,45670867
1323;115286;11;7;7030303;2018;9;19;5;3;0;1;2;0;0;0;1;0;0;1;795595,4523;5823261,192;13,35351463;52,4792748
1324;115287;11;4;4010101;2018;8;17;3;3;2;6;0;0;1;0;0;0;0;0;791118,0049;5829270,551;13,29302893;52,53555379
1325;115288;11;1;1011104;2018;3;9;5;3;6;2;0;0;1;1;0;0;0;0;796424,7858;5826274,614;13,3683715;52,50583784
1326;115289;11;4;4020314;2018;6;16;6;3;2;6;0;0;1;0;0;0;0;0;790552,8209;5825921,704;13,28179436;52,50583289
1327;115290;11;2;2050602;2018;6;2;7;2;2;6;2;0;1;0;0;0;0;0;802571,4604;5827703,741;13,45995827;52,51527311
1328;115291;11;3;3061131;2018;8;15;2;3;1;6;0;0;1;0;0;0;1;0;799171,1768;5830767,812;13,41275718;52,54461364
1329;115292;11;12;12302211;2018;5;12;4;3;5;3;0;1;1;0;0;0;0;0;793334,5631;5836563,301;13,33206386;52,59974058
1330;115293;11;3;3050925;2018;4;16;3;3;0;4;0;0;0;1;0;0;1;0;802136,7558;5831518,408;13,45703899;52,54970476
1331;115294;11;6;6040701;2018;12;20;3;3;0;1;2;1;0;0;0;0;0;1;783286,7554;5815963,034;13,16657505;52,42036089
1332;115295;11;12;12214125;2018;9;15;4;2;0;1;0;0;0;0;1;0;0;0;791652,1617;5830919,628;13,30232971;52,55005181
1333;115296;11;10;10030726;2018;9;15;5;3;3;6;0;0;1;0;0;1;0;0;809576,902;5827361,429;13,5625496;52,50827454
1334;115297;11;12;12301205;2018;7;17;3;3;5;2;0;1;1;0;0;0;0;0;792360,0719;5837748,357;13,31876359;52,61088884
1335;115298;11;2;2040502;2018;7;23;4;3;6;7;2;1;0;1;0;0;0;1;801121,5291;5827836,471;13,438776;52,51726522
1336;115299;11;1;1033203;2018;5;13;4;3;2;6;0;0;1;0;0;0;0;0;796313,951;5830050,474;13,37010734;52,53974491
1337;115300;11;12;12302212;2018;2;18;3;3;2;6;2;0;1;0;0;0;0;0;792722,246;5837431,684;13,32381694;52,60785512
1338;115301;11;2;2050601;2018;11;7;3;3;2;6;0;0;1;0;0;0;0;1;801690,2773;5828862,724;13,44806321;52,52614928
1339;115302;11;10;10030726;2018;8;18;5;3;5;2;0;1;1;0;0;0;0;0;808924,0106;5827407,736;13,5530033;52,50905961
1340;115303;11;3;3061429;2018;3;12;5;2;6;4;0;0;1;1;0;0;0;1;800966,4;5830474,347;13,43888463;52,54099459
1341;115305;11;2;2050602;2018;10;15;7;3;3;6;0;1;1;0;0;0;0;0;802577,376;5827687,13;13,46003007;52,51512094
1342;115306;11;8;8010510;2018;8;15;4;3;2;6;0;0;1;0;0;0;0;0;802747,6453;5821545,061;13,45695237;52,45997531
1343;115307;11;12;12231101;2018;4;10;5;3;2;6;0;0;1;0;1;0;0;0;791750,6951;5839555,282;13,31138368;52,62741457
1344;115308;11;12;12214422;2018;4;15;5;3;3;6;0;0;1;0;0;1;0;0;791703,053;5833440,137;13,30529386;52,57262022
1345;115309;11;7;7040405;2018;5;7;4;3;3;6;0;0;1;0;0;1;0;0;799092,9669;5821729,384;13,40348816;52,46363996
1346;115310;11;7;7050501;2018;6;11;7;3;6;7;0;0;0;1;0;0;1;0;798058,0513;5819376,123;13,38619955;52,44311107
1347;115311;11;3;3040614;2018;6;11;2;3;2;6;0;0;1;0;0;0;1;0;800298,5962;5835350,887;13,43348085;52,58507241
1348;115312;11;4;4030417;2018;8;7;3;3;6;4;0;0;1;1;0;0;0;0;791646,666;5826558,384;13,29842269;52,51095702
1349;115313;11;1;1011202;2018;5;14;5;3;6;4;0;0;0;1;0;0;1;0;797706,8324;5827611,15;13,38840033;52,51712024
1350;115314;11;7;7040403;2018;4;17;3;3;2;6;0;0;1;0;0;0;0;0;797861,4637;5821608,954;13,3853073;52,46323314
1351;115315;11;11;11040926;2018;12;6;6;3;1;5;2;0;1;0;0;1;0;0;806474,052;5827354,318;13,51696838;52,5099627
1352;115316;11;2;2050602;2018;9;10;5;3;0;6;0;1;0;1;0;0;0;0;802768,0756;5827668,006;13,46281435;52,51484371
1353;115317;11;11;11030721;2018;9;11;6;3;2;2;0;0;1;0;0;0;1;1;804851,93;5827450,494;13,49322891;52,51173357
1354;115318;11;1;1011303;2018;7;8;4;3;0;7;0;1;1;0;0;0;0;0;799329,723;5827978,821;13,41257677;52,51952757
1355;115319;11;3;3050923;2018;7;15;4;2;5;2;0;0;1;0;1;0;0;0;800250,6376;5831906,937;13,4296575;52,55423011
1356;115320;11;11;11030721;2018;5;9;5;3;2;2;0;0;1;0;0;0;0;0;803737,7902;5827568,567;13,47696988;52,51341333
1357;115321;11;4;4041137;2018;2;16;3;3;2;6;2;0;1;0;0;0;0;0;791808,1386;5824108,216;13,29864837;52,48890524
1358;115322;11;2;3071638;2018;11;11;4;2;8;1;0;0;1;0;0;0;0;0;799873,987;5828797,213;13,42131201;52,52656412
1359;115323;11;1;1011303;2018;8;8;6;3;5;2;0;1;1;0;0;0;0;0;798784,6193;5828000,405;13,40458632;52,52001997
1360;115324;11;10;10040830;2018;3;9;5;2;5;3;0;0;1;0;0;0;0;1;811523,3922;5827129,611;13,59092035;52,50508922
1361;115326;11;3;3061131;2018;10;0;2;2;0;1;2;1;0;0;0;0;0;1;799164,7046;5830456,285;13,41238147;52,54182484
1362;115327;11;2;2020203;2018;8;9;5;3;2;6;0;0;1;0;0;0;1;0;797746,2275;5824103,518;13,38584299;52,48565695
1363;115328;11;1;1011102;2018;4;19;5;3;1;5;1;1;0;0;0;0;1;1;794854,6441;5827124,129;13,34605763;52,51430398
1364;115329;11;4;4030622;2018;4;1;6;3;2;6;2;0;1;0;0;0;0;0;792363,2797;5826678,656;13,30905771;52,51165161
1365;115330;11;1;1011105;2018;5;11;5;3;5;3;0;0;1;0;0;0;1;0;796438,3703;5826319,76;13,36861126;52,50623515
1366;115331;11;7;7050506;2018;12;16;5;3;6;2;1;0;1;1;0;0;0;1;798861,5308;5817211,875;13,3960512;52,42327263
1367;115332;11;2;2020202;2018;9;20;6;3;0;6;2;0;1;0;0;0;0;1;797424,052;5825533,594;13,38238895;52,49865161
1368;115333;11;6;6040702;2018;9;13;2;3;2;6;0;0;1;0;1;0;0;0;785397,199;5815564,737;13,19718561;52,41569313
1369;115334;11;2;2050602;2018;6;16;7;3;6;7;0;1;0;1;0;0;0;0;802148,7907;5827722,962;13,45376596;52,51567969
1370;115335;11;7;7030303;2018;7;11;5;3;2;6;0;0;1;0;0;0;0;0;795790,1476;5822629,348;13,35581269;52,47350539
1371;115336;11;1;1011303;2018;5;17;5;3;3;6;0;0;1;0;0;0;0;0;799254,9859;5827906,651;13,41141366;52,51892169
1372;115337;11;1;1011104;2018;2;18;3;3;2;6;2;0;1;0;0;0;0;0;796241,6705;5825913,571;13,36536023;52,50270088
1373;115338;11;5;5040935;2018;11;17;5;3;2;6;2;0;1;0;0;0;0;0;781848,6309;5824568,195;13,15274926;52,49826312
1374;115340;11;3;3061332;2018;10;8;3;3;5;2;0;0;1;0;0;0;0;0;799988,741;5830196,777;13,42426155;52,53904575
1375;115341;11;2;2040503;2018;8;8;1;2;2;6;0;0;1;0;0;0;0;0;801716,2533;5827775,796;13,44745902;52,5163927
1376;115342;11;4;4020208;2018;4;10;7;2;3;6;0;1;0;0;0;0;0;0;787689,7556;5825924,249;13,23973051;52,50737301
1377;115343;11;12;12103219;2018;3;18;5;3;1;5;0;1;0;0;0;0;1;0;795601,4976;5833093,577;13,36234263;52,56741041
1378;115344;11;3;3061332;2018;5;11;7;2;6;4;0;1;0;1;0;0;0;0;799800,3204;5830258,059;13,421547;52,53969873
1379;115345;11;3;3071639;2018;10;18;2;3;5;3;1;1;0;0;0;1;0;1;800561,8475;5829824,815;13,43234989;52,53539598
1380;115346;11;4;4030623;2018;2;19;3;3;3;2;2;0;1;0;1;0;0;0;793299,7389;5826849,666;13,32296801;52,51268192
1381;115347;11;6;6040701;2018;11;16;6;1;6;4;2;0;1;1;0;0;0;1;782842,3468;5815847,167;13,15995946;52,41955183
1382;115348;11;2;2050801;2018;9;12;3;3;0;6;0;1;0;0;0;0;1;0;802158,3768;5827615,226;13,45380897;52,51470875
1383;115349;11;10;10030726;2018;8;13;3;3;3;6;0;0;1;0;0;1;0;0;809111,6974;5827397,13;13,55575013;52,50885826
1384;115350;11;8;8020620;2018;6;10;4;3;2;6;0;0;1;0;0;0;0;0;800780,616;5821607,011;13,42814445;52,46161674
1385;115351;11;7;7030303;2018;7;16;3;2;8;1;0;0;1;0;1;0;0;0;795201,9682;5822473,713;13,34704051;52,47242842
1386;115352;11;7;7040406;2018;6;16;4;3;8;1;0;0;0;0;1;0;0;0;799718,3475;5821444,668;13,41241024;52,46074522
1387;115353;11;1;1044102;2018;5;23;1;3;5;3;2;0;1;0;0;0;0;0;795879,057;5832057,27;13,36550171;52,55797019
1388;115354;11;12;4010101;2018;4;14;6;2;2;6;0;0;1;0;1;0;0;0;791512,465;5830627,7;13,300019;52,54750952
1389;115355;11;7;7050506;2018;12;11;6;3;2;6;0;0;1;0;0;0;0;1;798824,6708;5817300,36;13,39558979;52,42408592
1390;115356;11;12;12103115;2018;10;15;3;3;2;6;0;0;1;0;1;0;0;1;795406,3283;5833601,445;13,35992383;52,57206891
1391;115357;11;7;7030303;2018;2;14;3;3;2;6;0;0;1;0;0;0;0;0;796081,3999;5822740,184;13,36018658;52,47434115
1392;115358;11;4;4020310;2018;7;11;1;3;2;6;0;0;1;0;0;0;0;0;790409,6914;5828157,802;13,28164328;52,52595586
1393;115359;11;4;4041137;2018;4;17;2;3;3;6;0;0;1;0;0;1;0;1;791546,2987;5824383,888;13,29504416;52,49151652
1394;115360;11;2;2040503;2018;7;17;4;3;2;6;0;1;0;0;0;0;0;0;802043,5723;5827742,151;13,45223752;52,51590997
1395;115361;11;1;1011303;2018;3;14;2;3;2;6;0;0;1;0;0;0;1;0;799108,2062;5827640,109;13,40901726;52,51661305
1396;115362;11;1;1033203;2018;5;12;2;3;5;2;0;0;1;0;0;0;0;0;796184,661;5830195,038;13,36833544;52,54111108
1397;115363;11;4;4020208;2018;10;14;1;3;2;2;0;0;1;0;0;0;0;0;788364,8808;5826033,223;13,24974464;52,50799356
1398;115364;11;3;3061332;2018;2;7;3;3;5;2;0;0;1;0;0;0;0;0;799972,748;5830201,544;13,42403075;52,53909728
1399;115365;11;1;1044203;2018;11;17;3;3;1;5;1;1;1;0;0;0;0;0;796020,571;5831396,877;13,36699416;52,55197353
1400;115366;11;4;4041239;2018;9;15;5;3;2;6;0;0;1;0;0;1;0;0;792422,499;5823332,282;13,30699008;52,4816204
1401;115367;11;2;2050602;2018;8;8;3;3;0;6;0;0;1;0;1;0;0;0;802252,5101;5827738,231;13,45530366;52,51575908
1402;115368;11;4;4020313;2018;3;16;5;2;0;7;0;0;1;0;0;0;0;0;790746,3813;5826524,163;13,28516437;52,51113084
1403;115369;11;12;12103117;2018;6;22;5;3;5;3;2;0;0;0;1;0;1;0;795784,1984;5832509,011;13,36450918;52,56207113
1404;115370;11;7;7020202;2018;6;18;6;3;1;5;0;0;1;0;1;0;0;0;795485,2065;5823370,765;13,35199313;52,48031671
1405;115371;11;4;4020313;2018;8;16;1;2;3;6;0;1;1;0;0;0;0;0;790573,148;5826384,561;13,28249704;52,5099716
1406;115372;11;3;3020209;2018;5;17;4;3;0;6;0;0;1;0;0;0;1;0;798250,8637;5834743,892;13,40280015;52,58075806
1407;115373;11;7;7050502;2018;4;17;2;3;5;3;0;0;1;0;1;0;0;0;797428,3881;5817758,709;13,37552379;52,42895534
1408;115374;11;12;12302212;2018;12;12;3;3;6;2;0;0;0;1;0;0;1;1;792728,9413;5837423,112;13,32390795;52,60777467