;OBJECTID;LAND;BEZ;LOR;UJAHR;UMONAT;USTUNDE;UWOCHENTAG;UKATEGORIE;UART;UTYP1;ULICHTVERH;IstRad;IstPKW;IstFuss;IstKrad;IstGkfz;IstSonstige;USTRZUSTAND;LINREFX;LINREFY;XGCSWGS84;YGCSWGS84
1409;115375;11;1;1011303;2018;9;14;3;3;2;6;0;0;1;0;0;0;0;0;799689,5016;5828459,825;13,41829671;52,52364141
1410;115376;11;10;10030726;2018;9;10;5;3;2;6;0;0;1;0;0;0;0;0;808474,886;5827450,451;13,54644622;52,50969656
1411;115377;11;10;10030726;2018;7;8;3;3;2;6;0;0;1;0;1;0;0;0;808450,3092;5827455,302;13,54608973;52,50975393
1412;115378;11;10;10040933;2018;7;22;3;3;5;3;2;1;1;0;0;0;0;1;813255,9964;5827202,777;13,61643278;52,50475294
1413;115379;11;4;4030417;2018;5;18;3;3;5;2;0;1;1;0;0;0;0;1;791692,7132;5826587,555;13,29912485;52,51119391
1414;115380;11;7;7050506;2018;2;6;3;3;5;2;0;0;1;0;0;0;0;1;798860,497;5817214,362;13,39603827;52,42329549
1415;115381;11;7;7020203;2018;11;19;2;3;0;1;2;0;0;0;1;0;0;0;795560,6186;5823858,148;13,35353243;52,48464493
1416;115382;11;6;6030605;2018;8;16;5;3;2;2;0;0;1;0;0;0;0;0;792503,5589;5819786,736;13,30507248;52,44979175
1417;115384;11;1;1011303;2018;10;8;6;3;6;4;0;1;0;1;0;0;0;0;799169,5269;5828370,172;13,41057483;52,52312336
1418;115385;11;12;12103115;2018;8;17;3;3;3;6;0;0;1;0;0;0;0;0;795346,5003;5833721,757;13,35915075;52,57317986
1419;115386;11;3;3061126;2018;4;15;3;3;5;2;0;1;1;0;0;0;0;1;799196,2561;5831435,496;13,41372743;52,55058462
1420;115387;11;10;10030727;2018;4;9;5;3;1;5;0;0;0;0;1;0;1;0;810145,0923;5827124,965;13,57067439;52,50583275
1421;115388;11;3;3040614;2018;5;13;4;3;5;2;0;1;1;0;0;0;0;0;798368,7219;5833480,047;13,4033971;52,56936496
1422;115389;11;7;7060601;2018;11;14;6;3;3;6;0;1;0;0;0;0;0;0;797328,65;5817349,659;13,37369753;52,42534279
1423;115390;11;10;10040830;2018;12;17;3;3;2;2;2;1;1;0;0;0;0;0;811512,2842;5827115,362;13,59074389;52,50496787
1424;115391;11;7;7050502;2018;9;8;5;3;5;2;0;0;1;0;1;0;0;0;798587,189;5817928,693;13,3926686;52,42984786
1425;115392;11;1;1033203;2018;8;19;6;3;0;7;1;0;1;0;0;0;0;0;796331,3586;5830067,33;13,37037829;52,53988655
1426;115393;11;4;4020311;2018;6;14;6;3;2;6;0;0;1;0;0;0;0;0;789156,1562;5826158,702;13,26147998;52,50869968
1427;115394;11;12;12103219;2018;7;22;4;3;6;4;2;1;0;1;0;0;0;0;795572,4867;5833199,669;13,36201039;52,56837718
1428;115395;11;2;2050602;2018;5;19;4;3;3;6;0;0;1;0;1;0;0;0;802606,8461;5827684,174;13,46046035;52,5150781
1429;115396;11;6;6040703;2018;2;1;3;3;3;6;2;0;1;0;0;1;0;0;787469,5042;5821275,608;13,23248463;52,46581103
1430;115397;11;4;4030417;2018;11;15;3;3;5;3;0;0;1;0;0;0;0;0;791859,781;5826594,454;13,3015857;52,5111664
1431;115398;11;9;9010302;2018;6;10;2;3;2;6;0;0;1;0;0;0;0;0;803101,4496;5820895,674;13,46155431;52,45395875
1432;115399;11;7;7050502;2018;12;10;6;3;5;2;0;0;1;0;0;0;0;1;798411,0626;5818350,632;13,39046234;52,43372617
1433;115400;11;1;1011303;2018;10;22;7;3;3;6;2;0;1;0;0;0;0;0;799269,1886;5827886,555;13,41160427;52,51873376
1434;115401;11;10;10040933;2018;8;13;6;3;0;6;0;0;1;0;1;0;0;0;812749,9036;5827190,281;13,60898902;52,50493127
1435;115402;11;1;1033203;2018;4;17;5;3;2;6;0;0;1;0;0;0;0;0;796262,0684;5830263,773;13,36953478;52,54168514
1436;115403;11;2;2040701;2018;3;19;2;3;6;4;2;0;0;1;1;0;0;0;800636,7698;5827889,059;13,43170102;52,51800402
1437;115404;11;4;4030417;2018;5;20;5;3;5;2;0;1;1;0;0;0;0;0;791692,7132;5826587,555;13,29912485;52,51119391
1438;115405;11;4;4041133;2018;10;15;5;3;2;6;0;0;1;0;0;0;0;1;790579,109;5825138,761;13,28149734;52,49879975
1439;115406;11;4;4030417;2018;2;15;2;3;2;6;0;0;1;0;0;0;0;0;790787,9026;5826429,269;13,28569156;52,51025798
1440;115407;11;7;7070703;2018;11;16;4;3;5;3;2;1;1;0;0;0;0;0;799849,6671;5813586,688;13,40729332;52,39023697
1441;115408;11;2;2020203;2018;9;14;1;3;6;4;0;0;1;1;0;0;0;0;797740,163;5824223,89;13,38586147;52,48673926
1442;115409;11;4;4030417;2018;8;21;6;3;5;3;2;1;1;0;0;0;0;0;791026,4348;5826458,269;13,28922176;52,51039075
1443;115410;11;3;3010101;2018;6;15;2;3;9;1;0;0;0;0;0;0;1;0;803107,5881;5840233,057;13,47928566;52,62727155
1444;115411;11;3;3010104;2018;7;16;2;3;0;1;0;0;0;0;1;0;0;0;799896,614;5839578,798;13,43139602;52,62318958
1445;115412;11;9;9010102;2018;12;18;4;3;5;2;2;1;1;0;0;0;0;0;802752,5038;5825179,427;13,46032285;52,49254742
1446;115413;11;3;3071633;2018;9;13;6;3;6;4;0;0;1;1;0;0;0;0;800003,6399;5830309,818;13,42458263;52,54005076
1447;115414;11;4;4030417;2018;9;9;7;3;6;2;0;0;1;1;0;0;0;0;791557,112;5826564,579;13,29711226;52,51106043
1448;115415;11;4;4041137;2018;6;0;7;2;3;6;2;0;1;0;0;0;0;0;791495,1313;5824410,604;13,29431604;52,49178335
1449;115416;11;7;7020203;2018;7;23;5;3;3;6;2;0;1;0;1;0;0;0;795344,4814;5823687,236;13,35020733;52,48322978
1450;115417;11;3;3061332;2018;5;1;5;3;5;3;2;1;1;0;0;0;0;0;799806,1822;5830256,904;13,42163212;52,53968515
1451;115418;11;10;10010204;2018;2;4;2;2;5;3;2;0;1;0;0;0;0;2;808668,5532;5832837,395;13,55429323;52,55786352
1452;115419;11;1;1011303;2018;11;12;4;3;2;6;0;0;1;0;0;0;0;0;799262,363;5827875,16;13,41149373;52,51863537
1453;115420;11;12;12103218;2018;12;17;1;2;8;1;2;0;1;0;0;1;0;0;794556,3553;5833949,933;13,34772791;52,57565347
1454;115421;11;7;7050501;2018;10;20;1;3;6;7;2;1;0;1;0;0;0;0;798118,854;5819198,624;13,38693312;52,44148685
1455;115422;11;10;10010206;2018;8;14;7;3;5;3;0;1;1;0;0;0;0;0;808393,3978;5832185,197;13,54964147;52,55217456
1456;115423;11;3;3040614;2018;4;17;6;2;5;2;0;1;1;0;0;0;0;0;798368,1757;5833479,906;13,40338894;52,569364
1457;115424;11;4;4041134;2018;3;18;4;2;5;3;2;0;1;0;0;0;0;1;791198,8988;5824628,879;13,29015601;52,49389829
1458;115425;11;4;7030301;2018;5;16;6;3;2;6;0;0;1;0;0;0;0;0;794642,4711;5823120,308;13,33939848;52,47852687
1459;115426;11;8;8020620;2018;10;12;7;3;3;6;0;0;1;0;0;1;0;0;801028,6036;5821648,279;13,43182073;52,46185009
1460;115427;11;7;7010104;2018;2;19;1;3;2;6;2;0;1;0;0;0;0;1;796019,1323;5825204,946;13,36146143;52,49646945
1461;115428;11;4;4041137;2018;11;9;5;3;8;1;0;0;1;0;0;0;0;0;791613,5605;5824306,737;13,29596451;52,49078894
1462;115429;11;7;7050506;2018;9;11;2;2;5;2;0;1;0;0;0;1;0;0;798866,4887;5817199,839;13,39611315;52,42316203
1463;115430;11;1;1011102;2018;8;4;7;2;1;5;2;1;1;0;0;0;0;0;794718,5874;5827084,392;13,34402327;52,5140213
1464;115431;11;4;4020311;2018;6;9;3;3;0;4;0;0;0;1;0;0;1;0;789598,9259;5826230,134;13,26804785;52,50910522
1465;115432;11;12;12302212;2018;7;20;2;3;3;6;0;0;1;0;1;0;0;0;792772,5062;5837360,957;13,32449447;52,60719403
1466;115433;11;2;2050601;2018;6;10;4;2;2;7;0;0;1;0;0;0;0;0;801690,2044;5828862,874;13,44806228;52,52615066
1467;115434;11;4;4030623;2018;5;19;7;3;2;2;0;0;1;0;0;0;0;0;793144,7111;5826806,975;13,3206525;52,51238255
1468;115435;11;9;9020601;2018;4;21;6;2;6;4;2;0;1;1;0;0;0;1;806374,8022;5821355,096;13,50999728;52,45625149
1469;115436;11;11;11041022;2018;12;19;5;3;0;1;2;0;0;0;1;0;0;1;805415,1827;5827399,376;13,501456;52,51096037
1470;115437;11;3;3040614;2018;10;10;2;3;2;6;0;0;1;0;0;0;0;0;798392,0767;5833449,787;13,40371345;52,56908093
1471;115438;11;4;4020311;2018;7;14;7;3;2;6;0;0;1;0;0;0;0;0;789080,247;5826147,349;13,26035476;52,50863814
1472;115439;11;12;12103117;2018;4;7;2;3;5;2;0;0;1;0;0;0;0;0;795828,3245;5832342,041;13,36500938;52,56055044
1473;115440;11;3;3061434;2018;7;9;3;3;0;2;0;1;1;0;0;0;0;0;800610,4241;5829896,884;13,4331291;52,53601516
1474;115441;11;1;1011202;2018;3;9;7;3;3;6;0;1;0;0;0;0;1;0;798255,3355;5827681,258;13,39652264;52,51744898
1475;115442;11;1;1011105;2018;5;6;1;3;2;6;0;0;1;0;1;0;0;0;796433,0782;5826303,67;13,36851919;52,5060938
1476;115443;11;1;1011303;2018;10;17;6;2;0;3;1;0;1;0;0;0;1;0;799159,2943;5827778,458;13,4098923;52,51782512
1477;115444;11;2;2020203;2018;2;11;7;3;3;6;0;0;0;0;0;0;1;0;797741,9523;5824190,629;13,38585803;52,48644013
1478;115445;11;3;3020209;2018;11;17;1;3;4;1;1;0;1;0;0;0;0;1;798336,3327;5834780,063;13,40409035;52,58103543
1479;115446;11;7;7040403;2018;9;22;3;3;2;6;2;0;1;0;0;0;0;0;797832,004;5822307,217;13,38549817;52,46950836
1480;115447;11;2;2020202;2018;8;14;2;3;5;2;0;1;1;0;0;0;0;0;797899,3794;5825427,685;13,38927562;52,49744301
1481;115448;11;3;3061332;2018;3;12;4;3;6;2;0;0;1;1;0;0;0;1;799963,0459;5830228,363;13,42391234;52,53934301
1482;115449;11;2;2050602;2018;6;16;4;3;5;7;0;0;1;0;1;0;0;0;803562,541;5827585,549;13,47441083;52,51366309
1483;115450;11;12;12103218;2018;10;13;4;2;3;2;0;0;1;0;0;0;0;0;794572,1942;5833817,901;13,34784366;52,57446134
1484;115451;11;3;3071639;2018;6;14;6;3;0;1;0;1;0;0;0;0;0;0;800300,3475;5829451,015;13,42816838;52,53218966
1485;115452;11;4;4041137;2018;8;9;7;3;0;7;0;0;1;0;0;1;0;0;791358,5898;5824525,399;13,29241103;52,49288538
1486;115453;11;12;12103218;2018;5;19;3;3;6;7;1;0;1;1;0;0;0;0;795070,6832;5833734,542;13,35510402;52,57344406
1487;115454;11;12;12231101;2018;4;7;2;3;0;7;0;1;0;0;0;0;1;0;792115,8535;5837983,606;13,31537482;52,61312904
1488;115455;11;9;9010101;2018;12;18;2;3;5;3;2;0;1;0;0;0;0;1;802672,3976;5825211,754;13,45917593;52,49288159
1489;115456;11;3;3010101;2018;9;8;3;3;2;6;0;0;1;0;0;0;0;0;802440,5812;5840367,704;13,46958458;52,62885011
1490;115457;11;2;2050602;2018;9;11;4;3;3;6;0;1;0;0;0;0;0;0;802143,4035;5827758,336;13,45371893;52,51599974
1491;115458;11;9;9010202;2018;6;15;4;3;5;3;0;1;1;0;0;0;0;0;804106,561;5824366,79;13,47946399;52,48451132
1492;115459;11;2;2050602;2018;7;14;2;3;0;2;0;1;1;0;0;0;0;0;803605,1274;5827580,625;13,47503197;52,51359526
1493;115460;11;6;6040702;2018;7;0;2;3;2;6;2;0;1;0;0;0;0;0;785309,8258;5816002,755;13,19627786;52,41966604
1494;115461;11;4;4020311;2018;5;14;3;3;2;6;0;1;1;0;0;0;0;0;789217,4313;5826168,645;13,26238895;52,50875634
1495;115462;11;6;6040701;2018;2;13;7;3;5;3;0;0;1;0;0;0;0;1;782813,2924;5815840,12;13,15952741;52,41950366
1496;115463;11;3;3061429;2018;11;10;2;3;5;2;0;1;1;0;0;0;0;0;800961,4408;5830515,329;13,43884885;52,54136466
1497;115464;11;9;9020601;2018;8;14;5;3;5;3;0;1;1;0;0;0;0;0;806291,87;5821460,333;13,50887712;52,45724115
1498;115465;11;4;4020208;2018;3;5;1;3;9;1;2;0;0;0;0;0;1;0;787886,8925;5825955,805;13,24265439;52,50755193
1499;115467;11;7;7040401;2018;10;1;6;3;1;5;2;0;1;0;0;0;0;0;797799,2791;5823043,042;13,38567476;52,47612205
1500;115468;11;1;1011202;2018;8;8;3;2;0;1;0;1;0;0;0;0;0;0;797314,3703;5827513,758;13,38254654;52,51646133
1501;115469;11;12;12103115;2018;4;11;2;3;2;6;0;0;1;0;0;1;0;0;795539,7179;5833254,677;13,36157733;52,56888806
1502;115470;11;4;4041137;2018;4;22;4;3;5;3;2;0;1;0;0;1;0;1;791546,2987;5824383,888;13,29504416;52,49151652
1503;115471;11;1;1011104;2018;5;16;3;3;3;6;0;1;1;0;0;0;0;0;796400,1473;5826256,664;13,36799357;52,50569032
1504;115472;11;3;3061429;2018;11;1;5;3;0;1;2;0;0;0;1;0;0;0;801369,4958;5831020,899;13,4453062;52,54567058
1505;115473;11;6;6040703;2018;12;15;2;2;5;2;1;0;1;0;0;0;1;1;786514,3109;5816927,419;13,21473323;52,42732728
1506;115474;11;3;3010104;2018;9;23;4;2;6;7;2;0;1;1;0;0;0;0;799545,3809;5840726,229;13,42726277;52,63366794
1507;115475;11;11;11030721;2018;8;16;6;3;3;6;0;0;0;0;1;0;1;0;804138,5585;5827528,456;13,48282075;52,51283052
1508;115476;11;1;1011303;2018;6;14;6;3;1;5;0;1;1;0;0;0;1;0;798736,5897;5827951,579;13,40383671;52,51960863
1509;115477;11;12;12103219;2018;7;16;4;3;3;6;0;1;1;0;0;0;0;0;795756,3558;5832665,485;13,36423911;52,56348888
1510;115478;11;12;12301205;2018;2;13;7;3;2;6;0;0;1;0;0;0;0;1;792654,808;5837489,893;13,32287538;52,60841324
1511;115479;11;1;1011304;2018;11;15;2;3;5;2;0;1;1;0;0;0;0;0;799989,895;5828081,402;13,42236975;52,52008427
1512;115480;11;7;7050502;2018;6;19;7;3;0;1;0;1;0;0;0;0;0;0;798176,38;5818922,967;13,38753101;52,43898452
1513;115481;11;2;2050602;2018;5;16;4;3;5;3;0;1;1;0;0;0;0;0;802586,285;5827702,138;13,46017461;52,51525052
1514;115482;11;9;9010101;2018;12;17;5;2;6;4;2;0;1;1;0;0;0;1;802773,3513;5825330,027;13,46076584;52,49388567
1515;115483;11;7;7040403;2018;10;20;6;2;3;6;2;0;1;0;0;0;0;0;797427,7396;5822327,366;13,37958235;52,46990921
1516;115484;11;2;2050602;2018;2;20;7;3;6;4;2;0;0;1;1;0;0;0;803297,5213;5827613,532;13,47054296;52,51406133
1517;115485;11;6;6040701;2018;8;14;4;3;4;6;0;0;1;0;0;0;0;0;778620,5817;5814909,314;13,09725986;52,41330762
1518;115486;11;6;6010209;2018;4;21;4;3;9;1;2;0;0;0;1;0;0;0;794343,3796;5821520,749;13,33359588;52,4643489
1519;115487;11;4;4030417;2018;3;13;6;3;2;6;0;0;1;0;0;1;0;0;790832,2622;5826661,427;13,28654623;52,51231562
1520;115488;11;4;4030623;2018;5;19;4;3;3;2;0;0;1;0;0;0;0;0;793310,0247;5826831,892;13,32310348;52,51251705
1521;115489;11;1;1033203;2018;10;12;4;3;0;4;0;0;1;1;0;0;0;0;796267,3152;5830468,043;13,3697941;52,54351335
1522;115490;11;3;3040818;2018;2;21;6;3;5;3;2;1;1;0;0;0;0;1;798986,4565;5832516,427;13,41161603;52,56038869
1523;115491;11;4;4020209;2018;11;18;2;3;2;6;2;0;1;0;0;0;0;1;789908,7247;5824956,188;13,27149059;52,4975195
1524;115492;11;2;2050602;2018;9;15;7;3;5;2;0;1;1;0;0;0;0;0;802177,644;5827745,738;13,45421055;52,51586785
1525;115493;11;9;9020601;2018;8;12;6;3;2;3;0;1;1;0;0;0;0;1;805472,548;5822262,588;13,49759055;52,46488993
1526;115494;11;1;1011105;2018;6;16;1;3;0;6;0;0;1;0;0;0;1;0;796724,7582;5826661,015;13,37312259;52,50913847
1527;115495;11;7;7040401;2018;3;22;4;3;3;6;2;0;1;0;0;1;0;0;797778,0462;5823813,93;13,3860515;52,48304377
1528;115496;11;3;3040614;2018;7;14;1;2;3;6;0;0;1;0;1;0;0;0;800130,3163;5835060,852;13,43074186;52,58256564
1529;115497;11;9;9020601;2018;6;19;3;3;6;4;0;0;0;1;1;0;0;0;806265,4432;5821487,043;13,5085139;52,45749534
1530;115498;11;2;2040701;2018;8;18;4;3;5;3;0;1;1;0;0;0;0;0;800456,2152;5827901,333;13,42905918;52,51821353
1531;115499;11;9;9010401;2018;5;0;5;3;9;1;2;0;1;0;0;0;0;0;805288,0531;5819101,276;13,4919938;52,43665943
1532;115500;11;12;12301203;2018;4;11;5;1;6;4;0;0;1;1;0;0;0;0;793901,8028;5835378,392;13,33936344;52,58881246
1533;115501;11;3;3010104;2018;12;15;2;3;2;6;1;0;1;0;0;0;0;0;800402,2084;5839110,99;13,43841755;52,61871729
1534;115502;11;1;1033203;2018;9;15;7;3;2;6;0;0;1;0;0;0;0;0;796276,0554;5830292,214;13,36976579;52,54193247
1535;115503;11;3;3040614;2018;9;21;7;3;2;6;2;0;1;0;1;0;0;0;798351,8008;5833475,669;13,40314424;52,56933499
1536;115504;11;3;3050925;2018;7;18;6;2;6;4;0;0;0;1;0;0;1;0;802577,1913;5831700,967;13,46368111;52,55109655
1537;115505;11;3;3020209;2018;7;20;6;3;0;6;0;1;1;0;0;0;0;1;798035,5745;5834111,62;13,3990638;52,57520862
1538;115506;11;2;2020202;2018;3;10;4;3;5;3;0;0;1;0;0;0;0;1;797856,6446;5825041,722;13,38830287;52,49400663
1539;115507;11;3;3040513;2018;5;9;6;3;2;6;0;0;1;0;0;1;0;0;798016,8234;5833737,241;13,39845146;52,57186311
1540;115508;11;4;4041133;2018;10;1;5;3;3;6;2;0;1;0;0;0;0;0;790545,659;5825195,717;13,28105566;52,49932817
1541;115509;11;4;4030622;2018;2;11;6;3;5;3;0;1;1;0;0;0;0;0;792253,8573;5826682,189;13,30745303;52,51174192
1542;115510;11;7;7020203;2018;11;9;6;2;0;7;0;1;0;0;0;0;0;1;795477,3537;5823815,549;13,35227205;52,48430813
1543;115511;11;4;4030417;2018;9;8;2;3;5;2;0;1;1;0;0;0;0;0;791562,8522;5826544,321;13,29717886;52,51087575
1544;115512;11;4;4041133;2018;8;13;7;3;2;6;0;0;1;0;0;0;0;0;790551,2361;5825186,22;13,2811293;52,49924007
1545;115513;11;3;3061429;2018;3;8;4;2;0;1;0;0;0;0;0;0;1;1;801319,7984;5831009,203;13,44456493;52,54559323
1546;115514;11;3;3030716;2018;10;7;3;3;8;1;0;0;1;0;0;0;0;0;803421,9648;5833739,913;13,47796622;52,568901
1547;115515;11;1;1011303;2018;8;15;5;3;0;6;0;0;1;0;0;0;0;0;799713,1429;5828481,035;13,41866324;52,52381853
1548;115516;11;9;9020601;2018;4;17;7;3;2;6;0;0;1;0;0;0;0;0;806554,5693;5821199,044;13,51249138;52,4547521
1549;115517;11;3;3071633;2018;4;1;7;3;5;2;2;0;1;0;0;0;1;0;800135,471;5830126,047;13,42635463;52,53833098
1550;115518;11;2;2020202;2018;6;7;6;2;6;4;0;0;0;1;1;0;0;0;797835,7441;5824984,935;13,38794515;52,493509
1551;115519;11;7;7050501;2018;12;17;6;3;3;2;1;0;1;0;0;0;1;1;797774,9782;5818925,202;13,38164532;52,43922324
1552;115520;11;7;7020202;2018;9;22;1;3;6;4;2;0;1;1;0;0;0;0;795235,3288;5823510,512;13,34844812;52,4817046
1553;115521;11;12;12103218;2018;9;7;3;3;5;2;0;1;1;0;1;0;0;0;794457,2678;5834356,35;13,34663091;52,5793503
1554;115522;11;2;2050602;2018;6;8;3;3;2;6;0;0;1;0;0;0;0;0;802981,4494;5827661,936;13,46594358;52,51467082
1555;115523;11;12;12214527;2018;6;13;3;3;2;6;0;0;1;0;1;0;0;0;790720,8597;5834833,372;13,29206372;52,58563588
1556;115524;11;9;9010202;2018;8;13;5;3;5;3;0;0;1;0;1;0;0;0;804106,561;5824366,79;13,47946399;52,48451132
1557;115525;11;4;4030417;2018;5;13;6;3;3;6;0;0;1;0;1;0;0;0;791050,8094;5826480,921;13,28959971;52,51058083
1558;115526;11;7;7040405;2018;4;8;5;3;2;6;0;0;1;0;0;0;0;0;798510,5261;5822090,452;13,39526341;52,46719499
1559;115527;11;7;7020202;2018;12;19;3;3;6;2;2;0;1;1;0;0;0;0;795243,6619;5823530,625;13,34858828;52,48188039
1560;115528;11;4;4041134;2018;9;22;7;2;8;1;2;0;0;0;1;0;0;0;790987,5014;5824646,157;13,28706612;52,49416593
1561;115529;11;2;2050602;2018;7;20;7;3;0;1;2;0;0;0;1;0;0;1;802136,6423;5827782,615;13,45364164;52,5162211
1562;115530;11;7;7040401;2018;4;12;1;3;5;2;0;1;1;0;0;0;0;0;797773,6006;5823587,907;13,38578435;52,48102015
1563;115531;11;4;4020208;2018;7;23;7;2;0;1;2;1;0;0;0;0;0;0;787703,8627;5825926,515;13,23993975;52,50738588
1564;115532;11;4;4010101;2018;3;14;5;2;9;1;0;0;0;0;1;0;0;0;791363,0667;5830524,76;13,29773169;52,54666661
1565;115533;11;7;7050502;2018;5;12;7;3;5;2;0;0;1;0;1;0;0;0;797576,5188;5818420,173;13,37828473;52,43480417
1566;115534;11;3;3061131;2018;10;11;6;3;4;6;0;1;0;0;0;0;0;0;799180,4343;5830868,028;13,41298356;52,54550684
1567;115535;11;2;2050801;2018;2;0;6;3;6;4;2;0;0;1;0;0;1;0;802162,325;5827635,241;13,45388515;52,51488596
1568;115536;11;1;1011102;2018;11;18;7;3;1;5;2;0;1;0;0;0;1;0;794573,7072;5827073,99;13,34188525;52,51400632
1569;115537;11;5;5040936;2018;9;15;2;3;5;3;0;1;1;0;0;0;0;0;780179,7173;5822277,137;13,12630276;52,47857894
1570;115538;11;4;4010101;2018;8;2;1;3;2;6;2;0;1;0;0;0;0;0;790598,5983;5828759,059;13,2849455;52,53124547
1571;115539;11;7;7020202;2018;6;9;4;3;6;2;0;0;1;1;0;0;0;0;795243,9831;5823531,055;13,34859338;52,48188407
1572;115540;11;1;1022202;2018;10;10;4;3;2;1;0;0;1;0;0;0;0;0;796211,3075;5829076,741;13,36773044;52,53107218
1573;115541;11;9;9020601;2018;6;8;5;3;3;6;0;0;1;0;0;0;0;0;805745,9185;5821996,115;13,5013579;52,46234877
1574;115542;11;4;4020208;2018;8;15;6;2;5;7;0;0;1;0;0;0;0;0;787057,11;5825821,694;13,23034632;52,50678679
1575;115543;11;2;2040701;2018;4;12;1;3;1;5;0;1;1;0;0;0;1;0;800285,9672;5827962,271;13,42661268;52,51885351
1576;115544;11;9;9010101;2018;4;13;7;3;2;3;0;1;1;0;0;0;0;0;802580,9973;5825077,028;13,45771144;52,49172472
1577;115545;11;7;7050501;2018;6;21;6;2;6;4;2;0;1;1;0;0;0;1;797913,1305;5820264,724;13,38486611;52,45115541
1578;115546;11;1;1011303;2018;12;18;1;3;5;2;2;0;1;0;0;0;0;1;799800,6448;5828626,121;13,4200799;52,52507089
1579;115547;11;1;1011303;2018;9;14;2;3;5;2;0;0;1;0;1;0;0;1;799571,012;5828269,929;13,41638443;52,5220044
1580;115548;11;1;1011105;2018;9;11;3;3;5;3;0;1;1;0;0;0;0;0;796625,068;5826727,658;13,3717174;52,50979008
1581;115549;11;4;4020310;2018;6;10;4;3;5;3;0;0;1;0;0;1;0;0;790486,0915;5827611,232;13,28228885;52,52101515
1582;115550;11;5;5020524;2018;7;18;1;3;2;6;0;0;1;0;0;0;0;0;783766,1142;5826646,988;13,18269201;52,51590835
1583;115551;11;7;7070701;2018;5;17;2;2;6;4;0;0;1;1;0;0;0;0;799487,0445;5815763,179;13,40392623;52,40994491
1584;115552;11;7;7030303;2018;2;5;6;3;3;3;2;0;1;0;0;0;1;1;795148,9877;5822958,525;13,3466918;52,47680307
1585;115553;11;2;2020202;2018;11;14;1;3;2;6;0;0;1;0;0;0;1;0;797902,9324;5825411,126;13,389313;52,49729263
1586;115555;11;10;10030726;2018;10;20;4;3;2;6;2;0;1;0;0;0;0;0;809468,5088;5827395,596;13,56098936;52,50864223
1587;115556;11;3;3071639;2018;8;18;2;3;3;6;0;1;0;0;0;0;0;0;800477,2773;5829688,181;13,43098327;52,53421793
1588;115557;11;3;3061332;2018;4;20;1;3;2;6;2;0;1;0;0;0;0;0;799235,1354;5830360,462;13,4133306;52,54092726
1589;115558;11;3;3071633;2018;4;9;3;3;5;3;0;0;1;0;0;0;0;1;800149,2055;5830150,165;13,42657832;52,53853959
1590;115559;11;7;7020203;2018;5;21;2;3;3;6;1;1;1;0;0;0;0;0;795880,3644;5824304,104;13,3586233;52,48846939
1591;115560;11;4;4020314;2018;10;8;4;3;2;6;0;0;1;0;0;0;0;0;790421,0978;5825473,851;13,27946843;52,50188799
1592;115561;11;1;1011304;2018;2;9;6;3;0;7;0;1;0;0;0;0;0;0;800254,4093;5828002,223;13,42618505;52,51922899
1593;115562;11;12;12103117;2018;12;1;2;3;5;7;2;0;1;0;0;0;0;1;795827,7331;5832345,425;13,3650037;52,56058109
1594;115563;11;12;12231101;2018;9;11;4;3;6;7;0;0;0;1;0;0;1;0;791934,5504;5838806,443;13,313431;52,62060281
1595;115564;11;4;4010101;2018;8;11;5;3;2;6;0;0;1;0;0;0;0;1;791232,3482;5829749,244;13,29512952;52,53978412
1596;115565;11;7;7040403;2018;6;18;5;3;2;6;0;0;1;0;0;0;1;0;797421,6179;5822327,373;13,3794925;52,46991261
1597;115566;11;4;4020313;2018;7;16;3;3;2;6;0;0;1;0;0;1;0;0;790696,4357;5826340,26;13,28426986;52,50950876
1598;115567;11;1;1033203;2018;2;12;5;3;2;6;0;0;1;0;0;0;0;0;796258,4377;5830152,105;13,36938183;52,54068612
1599;115568;11;1;1011201;2018;11;17;7;3;6;4;2;1;0;1;0;0;0;0;797059,1533;5826733,893;13,37810032;52,50960976
1600;115569;11;12;12301205;2018;6;15;6;3;5;2;0;1;1;0;0;0;0;0;792378,171;5837732,302;13,31901593;52,61073518
1601;115570;11;1;1033203;2018;5;8;3;3;2;2;0;0;1;0;1;0;0;0;796186,7647;5830192,859;13,36836443;52,5410904
1602;115571;11;12;12301204;2018;12;9;3;3;2;6;0;0;1;0;0;0;0;0;793389,7156;5836248,031;13,33259648;52,59688464
1603;115572;11;4;4030623;2018;10;12;5;3;2;6;0;0;1;0;0;0;0;0;793337,6288;5826847,942;13,32352323;52,51264609
1604;115573;11;1;1011303;2018;2;11;5;3;6;4;0;0;1;1;0;0;0;0;799200,629;5828377,73;13,41103868;52,52317404
1605;115574;11;7;7030303;2018;7;16;2;3;3;6;0;0;1;0;0;0;0;0;795484,6342;5822745,354;13,35143056;52,47471066
1606;115575;11;4;4020313;2018;4;18;4;3;2;6;1;0;1;0;0;0;0;0;790581,2861;5827305,66;13,28342099;52,51822496
1607;115576;11;1;1044201;2018;7;13;1;3;2;6;0;0;1;0;0;0;0;0;796164,0224;5831066,58;13,36880912;52,54893478
1608;115577;11;4;4010101;2018;3;5;5;3;2;7;1;0;1;0;0;0;0;0;791186,6502;5829531,563;13,29426685;52,53785705