;OBJECTID;LAND;BEZ;LOR;UJAHR;UMONAT;USTUNDE;UWOCHENTAG;UKATEGORIE;UART;UTYP1;ULICHTVERH;IstRad;IstPKW;IstFuss;IstKrad;IstGkfz;IstSonstige;USTRZUSTAND;LINREFX;LINREFY;XGCSWGS84;YGCSWGS84
1609;115578;11;3;3050925;2018;5;13;4;2;6;4;0;0;1;1;0;0;0;0;801837,7925;5831390,197;13,45252671;52,54872135
1610;115579;11;4;4030417;2018;10;12;3;3;2;6;0;0;1;0;1;0;0;1;790807,9332;5826520,337;13,28606545;52,51106372
1611;115580;11;6;6040701;2018;2;11;5;3;6;4;0;0;1;1;0;0;0;0;782644,0175;5815809,555;13,15701906;52,41931705
1612;115581;11;7;7030301;2018;11;13;1;2;2;7;0;0;1;0;0;0;0;0;794571,8719;5823117,065;13,33835909;52,47853587
1613;115582;11;1;1011303;2018;9;8;6;3;5;2;0;1;1;0;0;0;0;0;798786,1092;5828001,92;13,40460957;52,52003273
1614;115583;11;11;11030721;2018;8;11;5;3;5;2;0;1;0;0;0;0;1;0;804512,5041;5827504,926;13,48829259;52,512411
1615;115584;11;11;11010101;2018;6;11;6;3;6;7;0;0;0;1;0;0;1;0;803672,2904;5835018,319;13,48281907;52,58021921
1616;115585;11;5;5020524;2018;6;15;7;3;5;2;0;1;1;0;0;0;0;0;783506,2531;5826702,061;13,17891968;52,5165373
1617;115586;11;9;9020601;2018;6;8;2;3;5;2;0;1;1;0;0;0;0;0;806127,562;5821626,403;13,50661876;52,45882159
1618;115587;11;1;1011204;2018;8;16;3;3;2;6;0;0;1;0;1;0;0;0;798627,6176;5827029,784;13,40140814;52,51140568
1619;115588;11;4;4041137;2018;5;10;5;3;2;6;0;0;1;0;0;0;0;0;791935,907;5824007,083;13,30043619;52,48793028
1620;115589;11;12;12302211;2018;4;17;4;2;5;2;0;0;0;0;1;0;1;0;793270,9396;5836665,289;13,33121751;52,60068916
1621;115590;11;3;3061434;2018;12;15;6;2;3;6;1;1;0;0;0;0;1;0;800744,9398;5829803,956;13,43502227;52,53510802
1622;115591;11;3;3061434;2018;9;10;6;3;5;2;0;1;1;0;0;0;0;0;800623,1587;5829919,632;13,43333687;52,53621203
1623;115592;11;3;3071633;2018;9;9;6;2;3;6;0;1;1;0;0;0;0;0;800014,4869;5830184,366;13,42462882;52,53892033
1624;115593;11;1;1011303;2018;7;6;5;3;5;3;0;1;1;0;0;0;0;0;799696,8678;5828513,153;13,41845302;52,52411536
1625;115594;11;4;4020209;2018;7;16;5;3;2;6;0;0;1;0;0;0;0;0;789739,7337;5824727,62;13,26880938;52,49556008
1626;115595;11;6;6030503;2018;3;21;2;3;6;4;2;0;1;1;0;0;0;0;789593,9345;5817957,006;13,2607921;52,4349366
1627;115596;11;1;1011304;2018;5;17;5;3;5;2;0;1;1;0;0;0;0;0;799980,2391;5828085,478;13,42223154;52,52012612
1628;115597;11;7;7050502;2018;2;7;5;3;0;6;0;0;1;0;0;0;1;1;798273,3864;5818675,16;13,38873273;52,4367103
1629;115598;11;2;2050602;2018;11;16;4;3;2;6;1;0;1;0;0;0;0;0;802627,9772;5827682,055;13,46076887;52,51504738
1630;115599;11;4;4020311;2018;9;0;1;2;5;7;2;0;1;0;0;0;0;0;789740,3379;5826253,093;13,27014565;52,50923596
1631;115600;11;6;6010209;2018;8;8;7;2;2;1;0;0;0;0;1;0;1;0;793989,3095;5821092,653;13,32802202;52,46070181
1632;115602;11;3;3040614;2018;10;16;2;3;2;6;0;1;1;0;0;0;0;0;798130,4363;5833537,935;13,39994374;52,5700144
1633;115603;11;12;12231101;2018;8;9;5;2;2;6;0;0;0;0;0;0;1;0;792084,3259;5838534,93;13,31539735;52,61808834
1634;115604;11;2;2050602;2018;4;9;6;3;5;2;0;1;1;0;0;0;0;0;802177,13;5827747,695;13,45420478;52,51588567
1635;115605;11;9;9010101;2018;4;13;6;3;5;2;0;0;1;0;0;0;0;0;802670,0955;5825215,831;13,45914583;52,49291941
1636;115606;11;7;7040403;2018;5;16;5;3;0;3;0;1;1;0;0;0;0;0;797846,189;5822368,397;13,38576099;52,47004903
1637;115607;11;10;10010204;2018;12;17;5;3;6;2;2;0;0;1;0;0;1;1;808678,0344;5832820,06;13,55441652;52,55770279
1638;115608;11;3;3061434;2018;9;9;1;2;0;2;0;1;1;0;0;0;0;0;800927,9635;5829707,804;13,43762543;52,53414517
1639;115609;11;4;4030417;2018;9;9;2;3;3;6;0;0;1;0;0;0;0;0;791685,2392;5826564,835;13,29899512;52,51099423
1640;115610;11;6;6010101;2018;6;17;1;3;2;6;0;0;1;0;0;0;0;1;793323,7095;5820315,108;13,31757038;52,45408902
1641;115611;11;10;10030726;2018;7;14;6;3;2;6;0;0;1;0;0;0;0;0;808336,1636;5827443,745;13,54440244;52,50971488
1642;115612;11;1;1011102;2018;5;16;6;3;1;1;0;1;1;0;0;0;0;0;794561,709;5827071,963;13,34170716;52,51399463
1643;115613;11;12;12304314;2018;2;6;5;3;5;3;2;0;1;0;0;1;0;0;790294,6929;5835661,502;13,28651684;52,59328755
1644;115614;11;3;3061434;2018;11;7;6;3;5;3;0;1;1;0;0;0;0;1;800657,4178;5830026,601;13,43393722;52,53715192
1645;115616;11;7;7060601;2018;10;21;3;3;4;6;2;0;1;0;0;0;0;0;796843,5939;5816320,904;13,36567217;52,41638418
1646;115617;11;4;4020311;2018;8;13;1;2;0;3;0;0;1;0;1;0;1;0;789685,3167;5826244,128;13,2693294;52,5091848
1647;115618;11;3;3061434;2018;4;15;7;3;5;3;0;1;1;0;1;0;0;0;800862,8064;5830308,839;13,43721186;52,53956832
1648;115619;11;4;4030417;2018;3;14;7;3;2;6;0;0;1;0;0;0;0;1;791593,5211;5826570,784;13,29765268;52,51109659
1649;115620;11;12;12103218;2018;5;15;1;2;5;3;0;0;1;0;1;0;0;1;794565,602;5833812,13;13,34774154;52,57441318
1650;115621;11;1;1044201;2018;10;18;3;2;5;2;2;0;1;0;1;0;0;1;796045,6776;5831343,235;13,36731554;52,55147904
1651;115622;11;9;9020601;2018;1;21;4;3;5;3;2;0;1;0;0;0;0;1;806642,9342;5821094,159;13,51369142;52,45376252
1652;115623;11;7;7020203;2018;11;17;6;3;2;6;2;0;1;0;0;0;0;1;795884,6068;5824312,952;13,35869346;52,48854641
1653;115624;11;12;12301203;2018;9;15;3;2;5;3;0;1;0;0;1;0;0;0;794080,7153;5835049,513;13,34170487;52,58576762
1654;115625;11;7;7070703;2018;8;13;3;3;2;6;0;0;1;0;0;0;0;0;799987,8177;5813349,703;13,4091053;52,38803706
1655;115626;11;3;3010101;2018;6;14;4;2;2;6;0;0;1;0;0;1;0;0;800803,1941;5840847,569;13,44590288;52,63406031
1656;115627;11;12;12231101;2018;7;14;3;3;1;5;0;0;1;0;0;0;1;0;792198,0757;5838115,704;13,31670241;52,61426904
1657;115628;11;1;1011303;2018;6;17;4;3;2;6;0;1;0;0;1;0;0;0;799783,9633;5828599,347;13,41981062;52,52484007
1658;115629;11;9;9020601;2018;5;18;2;3;6;4;0;0;1;1;0;0;0;0;806602,9241;5821133,392;13,51314049;52,45413658
1659;115630;11;4;4030622;2018;4;21;7;3;5;2;2;0;1;0;0;0;0;0;792740,6514;5826763,706;13,31467737;52,51221166
1660;115631;11;2;2050601;2018;7;7;7;3;6;4;0;1;0;1;0;0;0;0;801867,7331;5828501,891;13,45034348;52,5228169
1661;115632;11;1;1011303;2018;5;8;7;3;2;6;0;1;1;0;0;0;0;0;799237,9532;5827884,012;13,41114302;52,5187281
1662;115633;11;3;3071639;2018;1;14;4;3;1;5;0;1;1;0;0;0;0;0;800432,3519;5829615,033;13,43025682;52,53358705
1663;115634;11;4;4041137;2018;11;19;6;3;2;6;2;0;1;0;0;0;0;0;791823,412;5824092,117;13,29885858;52,48875275
1664;115636;11;10;10030726;2018;10;3;4;3;8;1;2;0;0;0;1;0;0;0;809579,2344;5827360,211;13,56258273;52,5082623
1665;115637;11;7;7030303;2018;8;15;2;3;2;2;0;0;1;0;0;0;0;0;795643,4244;5823230,766;13,35419197;52,4789761
1666;115638;11;4;4020314;2018;4;18;1;3;2;6;0;0;1;0;0;0;0;0;790542,4081;5825429,929;13,28121224;52,50142963
1667;115639;11;7;7070701;2018;4;17;1;2;0;6;0;0;1;0;1;0;0;1;799217,4852;5816357,72;13,40050651;52,41542165
1668;115640;11;4;4030623;2018;5;7;2;3;5;2;0;1;0;0;0;0;1;0;793491,4512;5826890,32;13,32582078;52,51294324
1669;115641;11;3;3061429;2018;10;17;3;3;5;2;1;0;1;0;0;0;1;1;801346,2598;5831001,241;13,44494675;52,54550723
1670;115642;11;12;12103219;2018;1;12;4;3;6;4;0;1;0;1;0;0;0;1;795622,0499;5833040,251;13,36259746;52,56692124
1671;115643;11;4;4030622;2018;12;18;7;2;6;2;2;0;1;1;0;0;0;0;792266,4468;5826684,043;13,30763964;52,5117518
1672;115644;11;1;1011102;2018;9;11;3;3;5;3;0;1;0;0;0;0;0;0;796452,169;5827377,032;13,36975571;52,51570506
1673;115645;11;1;1011303;2018;8;14;4;2;0;2;0;1;1;0;0;0;0;0;799571,012;5828269,929;13,41638443;52,5220044
1674;115646;11;3;3061131;2018;6;15;4;3;3;6;0;1;0;0;0;0;0;0;799163,4073;5830573,406;13,41246787;52,54287536
1675;115647;11;3;3061429;2018;7;19;3;3;5;2;0;1;1;0;0;0;0;0;800934,3265;5830473,272;13,43841215;52,54100266
1676;115648;11;2;2050602;2018;1;16;4;3;6;4;0;1;0;1;0;0;0;0;802939,2858;5827650,016;13,46531329;52,51458741
1677;115649;11;2;2050602;2018;11;14;6;3;5;2;0;1;1;0;0;0;0;0;803091,936;5827650,727;13,46755656;52,51450897
1678;115650;11;2;2020202;2018;6;10;5;3;1;7;0;0;1;0;1;0;0;0;797783,7862;5825472,803;13,38761823;52,49791052
1679;115651;11;3;3040614;2018;5;16;3;3;6;4;0;0;0;1;0;0;1;0;798381,286;5833469,14;13,40357212;52,56926031
1680;115652;11;4;4020208;2018;12;10;1;3;2;6;0;0;1;0;0;0;0;1;788474,134;5826050,803;13,25136517;52,50809342
1681;115653;11;3;3061332;2018;10;21;3;3;0;1;2;0;0;0;1;0;0;1;799978,246;5830225,344;13,42413306;52,53930758
1682;115654;11;9;9010101;2018;1;15;4;3;2;6;0;0;1;0;1;0;0;1;802615,9453;5825142,101;13,45828371;52,49228859
1683;115655;11;4;4030622;2018;7;19;2;3;3;6;0;1;0;0;0;0;0;0;791992,9921;5826637,911;13,30358114;52,51148469
1684;115656;11;12;4010101;2018;4;17;3;3;2;6;0;0;1;0;0;0;0;0;791582,4733;5830752,351;13,30115796;52,54858952
1685;115657;11;1;1011303;2018;7;15;5;3;5;2;0;1;0;0;0;0;1;0;798797,7303;5827985,893;13,40476594;52,5198827
1686;115658;11;7;7040403;2018;3;13;4;2;3;6;0;0;1;0;0;1;0;0;797375,3875;5822340,36;13,3788255;52,4700542
1687;115659;11;4;4030622;2018;5;13;3;2;6;4;0;0;1;1;0;0;0;0;792535,0015;5826729,07;13,3116252;52,5120115
1688;115660;11;7;7050502;2018;10;10;2;3;5;3;0;0;1;0;0;0;0;0;797517,8794;5818161,665;13,37719466;52,4325188
1689;115661;11;12;12214527;2018;1;17;2;2;2;6;1;0;1;0;0;0;1;0;790688,1414;5834901,369;13,29164181;52,58626295
1690;115662;11;1;1011102;2018;11;16;6;3;5;2;1;1;1;0;0;0;0;1;796463,914;5827392,408;13,36994199;52,51583651
1691;115663;11;11;11041027;2018;9;14;6;3;3;6;0;0;1;0;0;1;0;0;807084,4945;5827397,203;13,52597449;52,51000377
1692;115664;11;7;7020202;2018;8;16;4;3;0;1;0;0;1;0;0;0;0;0;794521,7812;5823121,624;13,33762769;52,47860376
1693;115665;11;4;4051656;2018;6;15;6;3;2;6;0;0;1;0;0;0;0;0;793826,132;5822991,931;13,32729988;52,47781584
1694;115666;11;10;10040933;2018;6;13;1;2;3;6;0;0;1;0;1;0;0;0;813039,6162;5827204,868;13,61325719;52,50489585
1695;115667;11;3;3061434;2018;8;7;3;2;5;2;0;1;0;0;0;0;1;0;801016,413;5829646,77;13,43887022;52,53354927
1696;115668;11;3;3061429;2018;5;9;5;3;6;7;0;1;0;1;0;0;0;0;801148,7219;5830769,208;13,44183216;52,54353672
1697;115669;11;7;7060601;2018;4;10;3;3;5;2;0;1;0;0;0;1;0;0;796607,9145;5816000,089;13,36193264;52,41363608
1698;115670;11;7;7020203;2018;12;13;4;3;6;7;0;0;1;1;0;0;0;0;795817,8257;5824174,046;13,3575895;52,48733742
1699;115671;11;12;12103219;2018;9;14;5;2;5;7;0;0;1;0;1;0;0;0;795764,889;5832703,232;13,36439828;52,56382262
1700;115672;11;11;11030721;2018;9;8;6;3;0;1;0;1;0;0;0;0;0;0;803966,0009;5827560,992;13,48031552;52,51321831
1701;115673;11;2;2040503;2018;7;15;4;3;1;5;0;0;0;0;1;0;1;0;801789,5757;5827768,259;13,44852946;52,51628458
1702;115674;11;2;2010101;2018;7;14;4;2;5;2;0;1;1;0;0;0;0;0;797851,6842;5825505,111;13,38864435;52,49816307
1703;115675;11;4;4020310;2018;5;16;5;2;3;6;0;0;1;0;0;1;0;0;790458,4839;5828436,151;13,28260362;52,52842528
1704;115676;11;1;1011105;2018;1;23;2;2;5;3;2;1;1;0;0;0;0;1;796615,2917;5826727,185;13,37157335;52,50979115
1705;115677;11;11;11041027;2018;11;6;3;3;2;6;1;0;1;0;0;0;0;1;807158,4904;5827434,27;13,52709558;52,51029431
1706;115678;11;5;5020524;2018;8;16;6;3;5;3;0;0;1;0;1;0;0;0;783454,0087;5826646,433;13,17810442;52,51606568
1707;115680;11;4;4020311;2018;10;12;1;3;2;6;0;0;1;0;0;0;0;0;789163,1332;5826159,834;13,26158348;52,50870613
1708;115681;11;1;1044201;2018;8;23;4;2;5;3;2;1;1;0;0;0;0;0;796048,8913;5831362,358;13,36737986;52,55164871
1709;115682;11;12;12214125;2018;4;16;5;3;2;6;0;0;1;0;0;0;0;1;792123,9214;5831930,372;13,31015696;52,55886
1710;115683;11;7;7020203;2018;4;14;5;3;0;6;0;0;1;0;1;0;0;0;795312,7991;5823646,928;13,34970643;52,48288558
1711;115684;11;11;11041022;2018;5;12;4;3;0;6;0;1;1;0;0;0;0;0;805719,8186;5827387,155;13,50591967;52,5106802
1712;115685;11;4;4041134;2018;12;23;5;3;8;1;2;0;1;0;0;0;0;1;791158,9482;5824652,944;13,28959025;52,49413535
1713;115686;11;11;11030721;2018;9;7;6;2;6;4;2;0;0;1;0;0;1;0;803751,9984;5827583,523;13,47719226;52,51353946
1714;115687;11;7;7020203;2018;9;7;2;2;1;5;0;1;1;0;0;0;0;0;795497,3742;5823833,721;13,35258212;52,4844602
1715;115688;11;12;12103219;2018;6;15;7;3;2;2;0;1;0;0;0;0;1;0;795766,6951;5832693,06;13,36441578;52,56373045
1716;115689;11;7;7050502;2018;7;9;5;3;1;5;0;0;0;0;1;0;1;0;798085,9479;5819031,717;13,38630156;52,44000864
1717;115690;11;12;12103115;2018;5;14;5;2;5;7;0;1;0;0;0;0;1;0;795349,401;5833740,217;13,35920987;52,57334376
1718;115691;11;1;1011303;2018;1;17;2;3;2;6;0;1;0;0;0;0;1;1;799719,8122;5828492,5;13,41877158;52,52391763
1719;115692;11;7;7070701;2018;11;16;4;3;6;7;0;0;1;1;0;0;0;0;799133,9248;5816556,265;13,399459;52,41724704
1720;115694;11;7;7020203;2018;10;19;2;3;1;5;1;1;1;0;0;0;1;0;795673,091;5823965,276;13,35527895;52,48554436
1721;115695;11;11;11041027;2018;8;0;1;2;6;4;2;0;1;1;0;0;0;0;807042,2944;5827384,128;13,52534257;52,50991034
1722;115696;11;3;3071639;2018;4;15;6;3;6;7;0;0;1;1;0;0;0;0;800286,4654;5829428,769;13,42794425;52,53199791
1723;115697;11;4;4020310;2018;3;7;5;2;0;1;0;0;0;0;1;0;0;1;790466,8372;5828463,921;13,28275067;52,52866978
1724;115698;11;12;12103218;2018;5;16;6;3;2;6;0;0;1;0;0;0;0;0;794559,221;5833801,228;13,34763796;52,5743189
1725;115699;11;7;7030303;2018;10;14;2;3;5;3;0;0;1;0;0;0;1;0;796030,5885;5822743,538;13,35944364;52,47439876
1726;115700;11;1;1011303;2018;1;13;2;1;3;6;0;0;1;0;0;0;1;0;799248,4072;5827897,889;13,41130911;52,51884675
1727;115701;11;4;4041134;2018;11;19;5;3;2;6;2;0;1;0;0;0;0;0;790757,6606;5824877,848;13,28389243;52,49636555
1728;115702;11;7;7050506;2018;9;21;2;2;1;1;2;0;1;0;0;0;0;0;798992,8458;5816894,236;13,39769272;52,42035364
1729;115703;11;2;2040701;2018;8;14;2;3;5;3;0;1;1;0;0;0;0;0;800329,1295;5827943,225;13,42722969;52,51865903
1730;115704;11;3;3050925;2018;6;17;3;2;0;1;0;0;0;0;1;0;0;0;802616,8011;5831731,223;13,46429109;52,55134572
1731;115705;11;9;9010201;2018;7;8;3;3;5;7;0;1;1;0;0;0;0;0;803092,1496;5824570,243;13,46475615;52,48689889
1732;115706;11;2;2020203;2018;6;15;4;3;3;6;0;0;0;0;1;0;1;0;797799,7242;5824868,433;13,38731204;52,49248435
1733;115707;11;12;12214422;2018;5;17;1;3;2;6;0;0;1;0;0;0;0;0;791726,5431;5833254,953;13,30547658;52,57094752
1734;115708;11;1;1033203;2018;4;21;6;3;2;6;2;0;1;0;0;0;0;1;796187,744;5830191,845;13,36837792;52,54108078
1735;115709;11;6;6030503;2018;12;7;6;3;6;2;1;0;1;1;0;0;0;1;791055,6357;5818814,128;13,28297942;52,44184499
1736;115710;11;3;3071639;2018;10;19;2;3;1;5;2;1;0;0;0;0;1;0;800497,5777;5829766,965;13,43135289;52,5349129
1737;115711;11;2;2050602;2018;7;20;7;3;0;6;1;0;1;0;1;0;0;1;803111,0774;5827648,83;13,46783605;52,51448133
1738;115712;11;4;4020313;2018;4;12;2;3;2;6;0;0;1;0;0;0;1;1;790517,778;5826393,907;13,28169163;52,51008489
1739;115713;11;4;4030621;2018;7;9;4;3;1;1;0;0;1;0;1;0;0;0;794003,2144;5826958,647;13,33340069;52,51328014
1740;115714;11;3;3040513;2018;3;14;1;3;5;3;0;0;1;0;0;0;0;0;798042,5486;5833913,806;13,39898861;52,57343167
1741;115715;11;7;7050506;2018;5;17;1;3;5;3;0;1;1;0;0;0;0;0;798977,7491;5816990,104;13,39755705;52,42122123
1742;115716;11;6;6030503;2018;10;18;7;3;2;6;2;0;1;0;0;0;0;1;789533,4476;5817971,401;13,25991729;52,43509768
1743;115717;11;6;6030503;2018;1;18;1;3;5;2;2;0;1;0;0;0;0;1;791031,3185;5818800,435;13,28261074;52,44173517
1744;115718;11;3;3020209;2018;11;7;2;3;6;2;0;0;1;1;0;0;0;1;798114,0842;5835769,186;13,40170988;52,59002327
1745;115719;11;2;2050602;2018;9;9;4;3;3;6;0;1;0;0;0;0;0;0;803306,1694;5827628,958;13,47068407;52,51419478
1746;115720;11;2;2050602;2018;8;15;2;3;0;4;0;0;0;1;1;0;0;0;803531,0621;5827589,189;13,4739517;52,51371323
1747;115721;11;6;6040703;2018;6;18;5;3;2;6;0;0;1;0;1;0;0;0;785994,9487;5819118,608;13,20899048;52,44724528
1748;115722;11;2;2050602;2018;3;18;3;3;5;2;2;1;1;0;0;0;0;1;803089,8091;5827650,938;13,46752551;52,51451205
1749;115723;11;10;10030726;2018;6;15;6;3;6;3;0;0;1;1;0;0;0;0;808981,3108;5827403,114;13,55384061;52,50898575
1750;115724;11;3;3010101;2018;8;3;1;1;8;1;2;0;1;0;0;0;1;0;800723,5501;5840869,067;13,44474915;52,6342971
1751;115725;11;7;7070701;2018;5;7;4;3;1;1;0;0;1;0;1;0;1;0;799710,0499;5814904,026;13,40642606;52,40212166
1752;115726;11;1;1011102;2018;4;12;2;3;2;6;0;0;1;0;1;0;0;0;796899,2055;5827451,246;13,37639046;52,51612714
1753;115727;11;5;5020629;2018;12;17;3;3;2;6;2;0;1;0;0;0;0;1;785533,266;5826176,046;13,20825947;52,51076358
1754;115728;11;12;12103115;2018;9;10;3;3;2;6;0;0;1;0;0;0;0;0;795438,3332;5833517,705;13,3603201;52,57130089
1755;115729;11;7;7040403;2018;9;17;4;3;2;6;0;0;1;0;0;0;0;0;797628,9082;5822328,123;13,38253579;52,46980644
1756;115730;11;4;4041137;2018;6;7;5;3;2;6;0;0;1;0;1;0;0;0;791348,1131;5824551,879;13,29228031;52,49312836
1757;115731;11;2;2050602;2018;7;21;2;3;5;2;1;1;1;0;0;0;0;0;802179,168;5827738,493;13,45422637;52,51580207
1758;115732;11;10;10040933;2018;7;17;3;3;5;2;0;1;1;0;0;0;0;0;812858,8291;5827181,376;13,61058024;52,50478903
1759;115733;11;3;3020209;2018;5;6;3;3;5;3;0;0;1;0;1;0;0;0;798165,5109;5836120,151;13,40278268;52,59314096
1760;115734;11;7;7030303;2018;12;17;7;3;3;6;2;0;1;0;0;0;0;1;796254,133;5822715,23;13,36270013;52,4740238
1761;115735;11;4;4041134;2018;10;18;3;3;2;6;1;0;1;0;0;0;0;1;790691,0102;5824983,514;13,28300563;52,49734835
1762;115736;11;7;7030303;2018;1;0;7;2;6;4;2;0;1;1;0;0;0;0;795584,8501;5823272,974;13,35336941;52,47938616
1763;115737;11;7;7040406;2018;7;2;2;1;8;1;2;0;0;0;1;0;0;0;799730,5163;5821402,184;13,41255066;52,46035774
1764;115738;11;4;4030417;2018;4;7;2;2;0;1;0;1;0;0;0;0;0;0;791369,8977;5826512,988;13,29431627;52,51069795
1765;115739;11;6;6030501;2018;7;10;5;3;9;1;0;0;1;0;0;0;0;0;787947,0525;5817567,182;13,23629791;52,43231104
1766;115740;11;4;4020313;2018;3;9;3;3;2;6;0;0;1;0;0;0;0;1;790477,0139;5826368,486;13,28107048;52,5098787
1767;115741;11;4;4020208;2018;5;20;2;3;2;6;0;0;0;0;0;0;1;0;788677,6172;5826083,546;13,2543834;52,50827933
1768;115742;11;7;7040402;2018;10;14;2;3;3;6;0;0;1;0;0;1;0;1;796420,226;5822628,215;13,36506101;52,47315368
1769;115743;11;1;1011303;2018;1;6;6;3;2;6;2;0;1;0;0;0;0;1;799101,5691;5827684,534;13,40895967;52,51701489
1770;115744;11;7;7040403;2018;11;16;4;3;2;6;2;0;1;0;0;0;0;0;796873,2898;5822397,832;13,37150669;52,47084247
1771;115745;11;4;4051655;2018;9;18;5;3;2;6;1;0;1;0;0;0;1;1;794357,5431;5823072,547;13,33517304;52,47825236
1772;115746;11;3;3071639;2018;8;15;3;3;2;2;0;1;0;0;0;0;1;0;800371,1035;5829564,209;13,42931064;52,53316526
1773;115747;11;3;3061126;2018;6;8;6;3;6;4;0;1;0;1;0;0;0;0;799192,5258;5831359,877;13,41360444;52,54990886
1774;115748;11;12;12103219;2018;6;18;7;3;5;3;0;0;1;0;1;0;0;0;795758,0204;5832656,457;13,36425555;52,56340706
1775;115749;11;9;9020601;2018;8;10;2;2;6;3;0;0;1;1;0;0;0;0;806032,8378;5821702,342;13,50529859;52,45955524
1776;115750;11;3;3061131;2018;5;9;4;3;0;4;0;0;0;1;1;0;0;0;799141,6295;5830384,983;13,41197803;52,54119839
1777;115751;11;1;1011104;2018;4;15;3;3;2;6;0;0;1;0;0;0;0;0;796381,1659;5826167,661;13,3676355;52,50490281
1778;115752;11;7;7020203;2018;12;20;3;3;3;6;2;1;1;0;0;0;0;1;795662,3296;5823977,28;13,35513158;52,48565779
1779;115753;11;12;12103219;2018;9;14;4;3;0;5;0;1;0;0;0;0;1;0;795667,1904;5832921,865;13,363156;52,56583551
1780;115754;11;9;9020601;2018;9;14;5;2;3;6;0;0;1;0;0;0;0;0;806679,5721;5821058,233;13,51419591;52,45341999
1781;115755;11;4;4020311;2018;7;16;3;3;0;4;0;1;0;1;0;0;0;0;789940,7261;5826327,877;13,27315516;52,50979993
1782;115756;11;3;3061131;2018;7;17;3;3;0;4;0;1;0;1;0;0;0;0;799197,6344;5831039,905;13,41339128;52,54703801
1783;115757;11;7;7050501;2018;5;8;4;3;2;2;0;0;1;0;0;0;0;0;797701,063;5818770,812;13,38042362;52,43787954
1784;115758;11;3;3061131;2018;1;5;6;2;6;4;2;0;1;1;0;0;0;1;799141,7755;5830376,319;13,41197238;52,54112065
1785;115759;11;7;7050502;2018;11;6;3;3;3;6;2;1;1;0;0;0;0;1;798153,95;5819054,333;13,3873192;52,4401743
1786;115760;11;4;4020313;2018;8;9;5;3;0;2;0;1;1;0;0;0;0;0;790519,246;5826375,536;13,28169716;52,50991941
1787;115762;11;12;12103117;2018;10;12;7;3;5;3;0;0;1;0;0;0;0;0;795798,1181;5832426,534;13,3646404;52,56132424
1788;115763;11;3;3061131;2018;8;1;4;3;0;4;2;0;0;1;1;0;0;0;799165,5941;5830380,554;13,41232636;52,54114554
1789;115764;11;12;12214125;2018;4;15;4;3;2;6;0;0;1;0;0;0;0;1;791039,4177;5834176,356;13,29617541;52,57957554
1790;115765;11;7;7030303;2018;4;12;5;3;2;6;0;0;1;0;0;0;0;0;795886,9029;5822684,389;13,35728186;52,47394639
1791;115766;11;3;3061332;2018;5;21;4;3;5;2;1;1;1;0;0;0;0;0;799992,9269;5830194,759;13,42432126;52,53902536
1792;115767;11;1;1033203;2018;12;17;4;3;3;6;2;0;1;0;0;0;0;0;796284,0706;5830338,05;13,36992451;52,54233899
1793;115768;11;12;12302212;2018;9;12;5;3;0;2;0;1;0;0;0;0;1;0;792729,7489;5837422,078;13,32391893;52,60776497
1794;115769;11;10;10010310;2018;8;16;6;3;3;6;0;0;1;0;1;0;0;0;807715,0268;5830593,549;13,53819334;52,53829401
1795;115770;11;7;7030303;2018;6;16;6;3;0;7;0;0;0;0;1;0;1;1;795707,0005;5823147,22;13,35505128;52,47819275
1796;115771;11;6;6040701;2018;7;18;5;3;6;4;0;1;0;1;0;0;0;0;782669,6499;5815804,1;13,15739037;52,4192549
1797;115772;11;1;1011202;2018;5;14;4;3;6;7;0;1;0;1;0;0;0;0;797922,0587;5827615,496;13,39156668;52,51704167
1798;115773;11;2;2050602;2018;1;11;6;3;6;7;0;1;0;1;0;0;0;1;803550,5235;5827602,478;13,47424972;52,51382151
1799;115774;11;6;6040701;2018;11;16;3;3;0;5;0;1;1;0;0;0;1;0;783563,7133;5816035,963;13,17069864;52,42087137
1800;115775;11;6;6040701;2018;6;7;3;2;6;4;0;0;1;1;0;0;0;0;782839,4397;5815856,651;13,15992485;52,41963837
1801;115776;11;1;1011105;2018;12;17;7;3;2;6;2;0;1;0;0;0;0;1;796823,8595;5826701,897;13,37461498;52,50945103
1802;115777;11;4;4020314;2018;10;14;1;3;2;6;0;0;1;0;0;0;0;0;790543,1449;5825422,253;13,28121637;52,50136043
1803;115778;11;12;12214125;2018;8;14;6;2;8;1;0;0;1;0;0;0;0;0;791703,2376;5831032,114;13,30317967;52,55103287
1804;115779;11;4;4030724;2018;4;13;5;2;2;6;0;0;1;0;0;0;0;0;790686,2689;5826132,758;13,28393926;52,50765391
1805;115780;11;1;1044102;2018;3;11;3;3;2;6;0;0;1;0;1;0;0;0;795866,114;5832045,08;13,36530048;52,55786795
1806;115781;11;12;12231102;2018;5;8;6;2;5;3;0;1;1;0;0;0;0;0;790994,2743;5841249,075;13,30173172;52,64300457
1807;115782;11;7;7030303;2018;10;15;6;3;2;6;0;0;1;0;0;0;1;0;795298,477;5822801,731;13,34874762;52,47531672