;OBJECTID;LAND;BEZ;LOR;UJAHR;UMONAT;USTUNDE;UWOCHENTAG;UKATEGORIE;UART;UTYP1;ULICHTVERH;IstRad;IstPKW;IstFuss;IstKrad;IstGkfz;IstSonstige;USTRZUSTAND;LINREFX;LINREFY;XGCSWGS84;YGCSWGS84
2209;197191;11;4;4030417;2018;1;1;7;3;0;7;2;0;1;0;0;0;1;0;790951,5724;5826760,251;13,28838579;52,51313795
2210;197192;11;7;7020202;2018;1;21;5;3;5;2;2;0;1;0;0;0;0;1;795222,8045;5823524,151;13,34827631;52,48183363
2211;197193;11;1;1011201;2018;1;18;5;2;5;2;2;0;1;0;0;0;1;1;797902,4891;5826577,001;13,39034952;52,50774353
2212;197194;11;8;8010301;2018;1;1;7;3;3;6;2;0;1;0;0;0;0;0;800592,1322;5824411,107;13,42790562;52,48685466
2213;197195;11;5;5020417;2018;1;10;5;3;6;4;0;0;1;1;0;0;0;0;781917,026;5828652,486;13,15721511;52,53484964
2214;197196;11;2;2020202;2018;1;22;7;2;5;3;2;0;1;0;0;0;0;0;797277,877;5825540,812;13,38024842;52,49879596
2215;197197;11;8;8010118;2018;1;17;5;3;2;6;2;0;1;0;0;0;0;1;800409,6633;5821728,896;13,4228106;52,4629133
2216;197198;11;4;4030931;2018;1;20;6;3;6;4;2;0;1;1;0;0;0;0;794018,4981;5826199,474;13,33295463;52,50646633
2217;197199;11;4;4041344;2018;1;17;5;3;6;2;2;0;1;1;0;0;0;1;793061,2584;5822639,85;13,31576063;52,47507052
2218;197200;11;1;1044203;2018;1;13;6;3;5;2;0;0;1;0;0;0;0;0;796335,8689;5831819,001;13,37200763;52,55558598
2219;197201;11;1;1033203;2018;1;17;5;3;5;2;2;0;1;0;0;0;1;1;796303,9563;5830595,061;13,37044613;52,54463201
2220;197202;11;1;1022202;2018;1;12;6;3;5;2;0;1;1;0;0;0;0;1;795656,5612;5829731,308;13,36015856;52,53724096
2221;197203;11;1;1022104;2018;1;16;5;3;5;2;2;0;0;0;1;0;1;1;794554,7124;5829088,05;13,34338993;52,53207126
2222;197204;11;7;7010102;2018;1;16;5;3;5;2;1;0;1;0;0;1;0;1;794974,8412;5825214,517;13,34613179;52,49712066
2223;197205;11;1;1011303;2018;1;11;6;3;3;6;0;1;1;0;0;0;0;1;799451,0672;5828867,391;13,41515985;52,52742561
2224;197206;11;5;5020418;2018;1;15;5;3;5;3;0;0;1;0;0;0;1;1;780894,4503;5828511,457;13,14205967;52,53411309
2225;197207;11;1;1011105;2018;1;15;5;3;5;2;0;0;1;0;0;0;0;1;796580,2779;5826873,818;13,3711896;52,51112461
2226;197208;11;5;5010314;2018;1;17;6;3;2;6;2;0;1;0;0;0;0;0;784956,2778;5828819,211;13,20204529;52,53476389
2227;197209;11;5;5010209;2018;1;16;3;2;5;2;0;0;1;0;0;0;0;1;781905,274;5829571,022;13,15782166;52,54309173
2228;197210;11;8;8010508;2018;1;14;5;3;5;3;0;0;1;0;0;0;0;1;803156,3266;5823402,168;13,46463631;52,4763939
2229;197211;11;7;7040403;2018;1;23;2;2;5;3;2;0;1;0;0;0;1;0;797293,8872;5821218,639;13,37662993;52,46004345
2230;197212;11;12;12302107;2018;1;13;5;3;5;2;0;0;1;0;0;0;0;1;794337,6033;5835706,978;13,34606973;52,59152233
2231;197213;11;8;8010214;2018;1;9;6;3;5;3;0;0;1;0;0;0;0;1;801463,7616;5822064,646;13,43858246;52,46534222
2232;197214;11;11;11020411;2018;1;11;3;3;5;3;0;0;1;0;0;1;0;1;806490,8853;5832270,43;13,52174822;52,55401225
2233;197215;11;1;1011302;2018;1;12;5;3;4;6;0;0;0;0;0;0;1;1;797881,7832;5828529,364;13,3917933;52,52525535
2234;197216;11;3;3061430;2018;1;7;6;3;5;2;1;1;1;0;0;0;0;1;802434,3626;5829267,037;13,45936555;52,52936086
2235;197217;11;12;12214424;2018;1;12;5;3;6;7;0;0;0;1;0;0;1;1;792391,9816;5832886,343;13,31494233;52,56728603
2236;197218;11;4;4030621;2018;1;7;6;3;5;2;1;1;0;0;0;0;1;1;793405,999;5827394,749;13,32501;52,51751119
2237;197219;11;10;10040933;2018;1;12;5;3;5;3;0;0;1;0;0;0;1;1;812361,6171;5823983,026;13,60028063;52,47641284
2238;197220;11;5;5030731;2018;1;10;5;3;5;2;0;0;0;0;0;1;1;2;787952,9143;5830048,554;13,24716872;52,54421047
2239;197221;11;9;9051901;2018;1;6;6;3;2;6;2;0;1;0;0;0;0;1;811165,5581;5821198,663;13,58013115;52,45214347
2240;197222;11;1;1022101;2018;1;10;5;2;5;3;0;0;1;0;0;0;0;1;793533,8222;5829131,576;13,32842148;52,53301219
2241;197223;11;5;5010206;2018;1;17;5;2;6;2;1;0;1;1;0;0;0;1;782361,6546;5830481,698;13,1653078;52,55102084
2242;197224;11;1;1033203;2018;1;5;6;3;5;2;2;1;1;0;0;0;0;0;795745,5276;5829820,986;13,36154627;52,53799657
2243;197225;11;12;12214422;2018;1;18;3;3;3;6;2;1;1;0;0;0;0;1;792207,249;5833093,911;13,31240741;52,56924598
2244;197226;11;5;5040936;2018;1;17;5;3;6;2;2;0;1;1;0;0;0;1;781550,4835;5819649,378;13,14421595;52,45431159
2245;197227;11;7;7040403;2018;1;16;6;3;2;6;1;0;1;0;0;0;0;0;797860,4881;5822040,241;13,38567792;52,46709969
2246;197228;11;5;5010339;2018;1;9;5;3;2;6;0;0;1;0;0;0;0;1;787093,9932;5828151,665;13,23289893;52,52765705
2247;197229;11;5;5010312;2018;1;16;6;3;2;6;1;0;1;0;0;0;0;0;785003,9174;5829993,698;13,20375326;52,54526934
2248;197230;11;2;2030402;2018;1;9;5;3;4;1;0;0;1;0;0;0;0;0;801765,9541;5825804,888;13,44640264;52,49869978
2249;197231;11;4;4041239;2018;1;15;6;3;5;3;0;0;1;0;1;0;0;0;792437,6477;5823102,788;13,30701122;52,47955492
2250;197232;11;12;12224230;2018;1;9;5;3;2;2;0;0;1;0;0;0;0;1;787309,5202;5836408,774;13,24321805;52,60157236
2251;197233;11;10;10040933;2018;1;14;6;3;5;7;0;1;1;0;0;0;0;1;812386,5854;5824434,006;13,60106951;52,48043989
2252;197234;11;9;9020701;2018;1;7;5;3;5;3;1;1;1;0;0;0;0;0;808808,9339;5819002,66;13,54353293;52,43379923
2253;197235;11;2;2040502;2018;1;7;5;3;5;2;1;1;1;0;0;0;0;1;800479,2602;5828231,202;13,42969575;52,52115755
2254;197236;11;7;7060604;2018;1;15;6;3;5;2;1;0;1;0;0;0;0;0;796576,9452;5815866,714;13,36136047;52,41245725
2255;197237;11;9;9010402;2018;1;6;5;3;6;4;2;0;1;1;0;0;0;0;805882,2629;5818960,279;13,50057871;52,43506376
2256;197238;11;12;12301203;2018;1;19;6;3;2;2;0;0;1;0;0;0;0;0;793439,5896;5836096,494;13,33319642;52,5954993
2257;197239;11;6;6030608;2018;1;17;6;2;1;5;2;0;1;0;1;0;0;0;792835,3365;5817589,555;13,30801542;52,42991673
2258;197240;11;4;4030623;2018;1;5;5;3;5;3;2;1;1;0;0;0;0;1;793782,7055;5826580,999;13,32982726;52,51001355
2259;197241;11;12;12231101;2018;1;19;6;2;6;4;2;0;0;1;1;0;0;0;791166,0942;5838367,223;13,30172496;52,61707771
2260;197242;11;6;6030503;2018;1;17;5;2;6;4;2;0;1;1;0;0;0;1;789550,2508;5817881,858;13,26008622;52,43428599
2261;197243;11;6;6030503;2018;1;16;6;2;5;2;1;1;1;0;0;0;0;0;789414,9816;5817995,442;13,25820034;52,43537592
2262;197244;11;9;9010101;2018;1;17;5;3;5;2;2;1;1;0;0;0;0;1;802109,693;5824771,637;13,45051395;52,48924852
2263;197245;11;11;11040925;2018;1;22;6;3;0;1;2;1;0;0;0;0;0;0;803420,5001;5826630,045;13,47145313;52,50517814
2264;197246;11;4;4020313;2018;1;18;5;3;6;2;2;0;1;1;0;0;0;1;790466,7445;5826696,496;13,28120587;52,51282479
2265;197247;11;2;2030302;2018;1;13;6;3;6;7;0;1;1;1;1;0;0;0;800518,4286;5825801,041;13,42807713;52,4993537
2266;197248;11;7;7060603;2018;1;18;5;2;6;4;2;0;1;1;0;0;0;1;798670,0706;5816133,544;13,39228151;52,41371113
2267;197249;11;6;6030610;2018;1;8;5;3;2;6;0;0;1;0;0;0;0;0;792028,38;5818930,289;13,29735154;52,44236776
2268;197250;11;8;8010404;2018;1;18;5;3;6;2;2;0;1;1;0;0;0;1;802017,2709;5823498,014;13,44800304;52,47788403
2269;197251;11;1;1022104;2018;1;7;5;2;6;2;2;0;1;1;0;0;0;1;794061,0606;5828457,934;13,33557606;52,5266892
2270;197252;11;10;10020414;2018;1;18;5;2;6;4;2;0;1;1;0;0;0;1;812265,1263;5830690,251;13,60515539;52,5365726
2271;197253;11;6;6040805;2018;1;14;5;3;1;5;0;0;1;0;0;0;0;1;788599,6588;5819155,341;13,24724191;52,44620589
2272;197254;11;3;3010102;2018;1;18;5;2;6;2;2;0;1;1;0;0;0;1;804368,0453;5840426,859;13,49802868;52,62830372
2273;197255;11;6;6030504;2018;1;17;5;3;5;3;2;1;1;0;0;0;0;1;789968,6172;5816236,278;13,26479637;52,41931111
2274;197256;11;6;6010102;2018;1;19;5;3;6;4;2;0;1;1;0;0;0;1;793447,3598;5821027,362;13,32001085;52,4604078
2275;197257;11;7;7010102;2018;1;17;5;3;5;2;1;1;0;0;0;0;1;2;794975,3599;5825273,579;13,34619172;52,49764983
2276;197258;11;11;11040926;2018;1;19;5;2;6;2;2;0;1;1;0;0;0;1;806688,6347;5826892,418;13,51969479;52,50570247
2277;197259;11;2;2050801;2018;1;17;5;3;6;2;1;0;1;1;0;0;0;1;803635,7501;5827391,649;13,47530942;52,51188447
2278;197260;11;4;4010101;2018;1;19;5;3;3;6;2;0;1;0;0;0;0;1;791262,1515;5830721,53;13,29642028;52,54848458
2279;197261;11;9;9010101;2018;1;19;5;3;6;2;2;0;1;1;0;0;0;1;802338,4026;5825299,412;13,454351;52,49385236
2280;197262;11;8;8010118;2018;1;21;5;3;6;2;2;0;1;1;0;0;0;1;800807,1372;5822640,407;13,42946516;52,47086486
2281;197263;11;9;9041501;2018;1;19;5;2;6;7;2;0;1;1;0;0;0;1;811502,2654;5820071,288;13,58401889;52,44184877
2282;197264;11;5;5020626;2018;1;11;4;2;6;4;0;0;1;1;0;0;0;1;784664,6478;5827783,815;13,19687074;52,52563291
2283;197265;11;8;8010211;2018;1;11;4;3;2;1;0;0;1;0;0;0;0;1;800982,2325;5823868,744;13,43314366;52,48177839
2284;197266;11;1;1011103;2018;1;15;4;2;6;4;0;0;1;1;0;0;0;1;795515,4244;5825782,978;13,35457614;52,50192402
2285;197267;11;9;9020701;2018;1;19;5;3;5;2;2;0;1;0;0;0;0;1;808979,3669;5818114,358;13,54521127;52,42574204
2286;197268;11;4;4030931;2018;1;14;4;2;2;6;0;0;1;0;0;0;0;1;793799,2675;5825511,563;13,32912686;52,50041766
2287;197269;11;3;3050920;2018;1;17;4;2;6;4;2;0;1;1;0;0;0;1;802268,2447;5832653,843;13,46000613;52,55980858
2288;197270;11;7;7020201;2018;1;19;5;3;5;7;2;0;1;0;0;0;0;1;794972,5754;5824182,391;13,34518475;52,48786956
2289;197271;11;1;1011302;2018;1;9;3;3;0;3;0;0;1;0;1;0;0;1;797906,904;5828341,522;13,39199422;52,52355785
2290;197272;11;1;1011201;2018;1;17;4;3;2;2;2;0;1;0;0;0;0;1;796966,0647;5827114,927;13,37707271;52,51307601
2291;197273;11;4;4030416;2018;1;18;3;2;6;4;2;1;0;1;0;0;0;1;790937,9854;5826815,526;13,28823446;52,51364074
2292;197274;11;2;2010102;2018;1;18;5;3;5;3;2;0;1;0;0;0;0;1;798214,9198;5826241,179;13,39463845;52,50456263
2293;197275;11;6;6030607;2018;1;16;4;3;2;2;2;0;1;1;0;0;0;1;791488,0762;5816163,651;13,28701325;52,41785284
2294;197276;11;8;8040933;2018;1;17;5;3;6;4;2;0;0;1;1;0;0;1;803017,6682;5819381,796;13,45895202;52,44043627
2295;197277;11;4;4020314;2018;1;13;4;3;3;6;0;0;1;0;0;0;0;1;790137,0932;5825380,797;13,27521509;52,50120482
2296;197278;11;1;1011402;2018;1;18;5;3;1;6;2;1;1;0;0;0;0;1;798144,783;5829871,033;13,39686172;52,53713787
2297;197279;11;11;11030721;2018;1;18;4;3;5;7;2;0;0;0;0;0;1;1;805185,1807;5827914,26;13,49854958;52,51570371
2298;197280;11;11;11020515;2018;1;18;4;3;1;5;2;1;1;0;0;0;0;1;804853,7535;5830582,007;13,49612646;52,53979867
2299;197281;11;3;3061228;2018;1;18;5;3;5;3;2;1;1;0;0;0;0;1;801159,8912;5831111,646;13,44230684;52,54659986
2300;197282;11;11;11010103;2018;1;18;3;3;2;6;2;0;1;0;0;0;0;1;808296,0193;5834042,311;13,54993499;52,56887268
2301;197283;11;3;3040512;2018;1;10;4;2;6;7;0;1;0;1;0;0;0;1;795738,0047;5835291,877;13,36631179;52,58704177
2302;197284;11;10;10020622;2018;1;19;5;3;5;2;2;0;1;0;0;0;1;1;810904,1022;5829239,019;13,58379642;52,52434568
2303;197285;11;11;11030824;2018;1;17;5;3;6;3;2;0;1;1;0;0;0;1;804743,5038;5827408,025;13,49159726;52,51141352
2304;197286;11;6;6010205;2018;1;16;5;2;6;4;2;0;1;1;0;0;0;1;795226,2923;5819841,937;13,34506996;52,44882304
2305;197287;11;4;4030416;2018;1;17;3;3;5;3;2;0;1;0;0;0;0;1;790934,1143;5826831,274;13,28819135;52,51378399
2306;197288;11;6;6010206;2018;1;9;4;3;1;5;0;1;1;0;0;0;0;2;794783,009;5819582,806;13,33833748;52,44673927
2307;197289;11;10;10020412;2018;1;16;5;3;6;4;2;0;1;1;0;0;0;1;811326,474;5831795,728;13,59239682;52,54701603
2308;197290;11;1;1011202;2018;1;8;4;3;5;3;0;0;1;0;1;0;0;1;797735,778;5827607,189;13,3888221;52,51706893
2309;197291;11;9;9020802;2018;1;15;5;3;5;2;1;1;0;0;0;0;1;1;810412,7726;5820341,24;13,56829227;52,44488748
2310;197292;11;5;5020628;2018;1;8;4;3;6;4;0;0;1;1;0;0;0;1;784740,2565;5826424,892;13,19681894;52,51340929
2311;197293;11;10;10010207;2018;1;15;5;3;6;4;0;0;1;1;0;0;0;1;808386,293;5831192,403;13,54861517;52,54328139
2312;197294;11;1;1011104;2018;1;7;4;3;1;5;0;1;1;0;0;0;1;1;796573,2302;5825637,935;13,36998512;52,50004996
2313;197295;11;4;4030623;2018;1;7;4;3;5;3;1;1;1;0;0;0;0;2;793782,8662;5826580,926;13,32982956;52,5100128
2314;197296;11;10;10010203;2018;1;15;5;3;5;3;0;1;1;0;0;0;0;1;808477,2704;5833219,586;13,55183584;52,56139698
2315;197297;11;11;11030721;2018;1;6;4;2;1;5;2;1;1;0;0;0;0;1;804689,107;5828427,141;13,49173141;52,52057777
2316;197298;11;7;7070703;2018;1;15;5;3;5;3;0;1;1;0;0;0;0;1;798792,6733;5814406,163;13,39253755;52,39816016
2317;197299;11;9;9020502;2018;1;6;4;3;5;7;1;0;1;0;0;0;1;2;807142,4354;5821883,438;13,52174513;52,46055582
2318;197300;11;8;8010303;2018;1;14;5;3;5;3;0;1;1;0;0;0;0;1;800364,5768;5824350,2;13,42450956;52,48643396
2319;197301;11;5;5010208;2018;1;19;4;2;5;3;2;0;1;0;0;0;0;1;783985,8193;5830092,477;13,18886467;52,54668667
2320;197302;11;4;4010101;2018;1;18;4;3;5;3;2;0;1;0;0;0;0;1;791219,9166;5829730,929;13,29493068;52,53962657
2321;197303;11;8;8020622;2018;1;14;5;3;2;6;0;0;1;0;0;0;0;1;801530,6485;5820537,693;13,43818495;52,45161882
2322;197304;11;4;4041344;2018;1;18;4;3;5;3;1;0;1;0;1;0;0;1;793363,983;5822650,501;13,3202143;52,47500349
2323;197305;11;10;10040933;2018;1;13;5;3;2;6;0;0;1;0;0;0;0;1;813080,241;5826564,514;13,61325177;52,49913432
2324;197306;11;2;2020203;2018;1;18;4;3;0;1;2;1;0;0;0;0;0;1;797104,8449;5824389,588;13,37668032;52,48857066
2325;197307;11;5;5010314;2018;1;18;5;3;8;1;2;0;1;0;0;0;0;1;783627,1373;5829145,133;13,18278049;52,5383795
2326;197308;11;1;1044201;2018;1;18;4;3;2;6;2;0;1;0;0;0;1;1;796643,1286;5831954,836;13,37664782;52,55663631
2327;197309;11;2;2030401;2018;1;7;5;3;6;4;2;0;0;1;0;0;1;1;800579,1696;5825702,667;13,42888045;52,49843849
2328;197310;11;7;7020202;2018;1;18;4;3;1;5;2;0;1;0;0;0;1;1;795091,9193;5823151,275;13,34602454;52,47856179
2329;197311;11;2;2020203;2018;1;7;5;3;6;4;1;1;0;1;0;0;0;1;797810,8511;5824934,51;13,38753451;52,49307058
2330;197312;11;9;9041501;2018;1;16;3;2;6;4;1;1;0;1;0;0;0;0;811313,5287;5820195,649;13,58136696;52,4430707
2331;197313;11;2;2050803;2018;1;19;3;3;6;2;2;0;1;1;0;0;0;1;802897,2472;5825964,297;13,46316193;52,49950185
2332;197314;11;7;7010104;2018;1;13;5;3;5;2;0;0;1;0;0;0;1;1;796294,4854;5825310,265;13,3655993;52,49726412
2333;197315;11;2;2010104;2018;1;22;3;3;5;2;2;0;1;0;0;0;0;1;799071,9524;5825610,976;13,40666159;52,49844466
2334;197316;11;12;12214527;2018;1;13;5;3;2;1;0;0;1;0;0;0;0;1;790395,8393;5834611,276;13,28708525;52,58381841
2335;197317;11;6;6030502;2018;1;12;5;3;2;1;0;0;1;0;1;0;0;1;790280,3718;5814840,095;13,26815701;52,40662856
2336;197318;11;1;1011304;2018;1;22;3;3;3;6;2;0;1;0;0;0;0;1;799832,842;5827524,808;13,41956039;52,51518167
2337;197319;11;4;4030828;2018;1;11;5;2;6;2;0;0;1;1;0;0;0;1;792992,9142;5826629,968;13,31826624;52,51087731
2338;197320;11;1;1011204;2018;1;22;3;3;5;3;2;0;1;0;0;0;0;1;797885,9192;5826675,682;13,3901944;52,50863713
2339;197321;11;3;3020307;2018;1;11;5;3;2;6;0;0;1;1;0;0;0;1;799694,7163;5837322,834;13,42637874;52,60308039
2340;197322;11;3;3061429;2018;1;20;3;3;2;2;2;0;1;0;0;0;0;1;801332,5035;5831006,926;13,44474966;52,5455658
2341;197323;11;1;1022104;2018;1;19;3;3;6;6;2;1;0;1;0;0;0;1;794061,6939;5828639,329;13,33574579;52,52831496
2342;197324;11;4;4051653;2018;1;10;5;3;5;2;0;1;1;0;0;0;0;1;793949,41;5824710,633;13,33062553;52,49315686
2343;197325;11;6;6020409;2018;1;19;3;3;5;3;2;0;1;0;0;0;0;1;793744,8963;5817613,499;13,32137609;52,42964376
2344;197326;11;2;2010102;2018;1;19;3;3;1;5;2;1;0;0;0;0;1;1;798277,8631;5825703,691;13,3950816;52,49971033
2345;197327;11;8;8020619;2018;1;10;5;3;5;2;1;1;1;0;0;0;0;1;801383,9382;5821172,743;13,43660572;52,45739187
2346;197328;11;4;4051653;2018;1;8;3;3;5;3;0;1;1;0;0;0;0;1;793974,9064;5824719,971;13,33100823;52,49322684
2347;197329;11;6;6040810;2018;1;18;3;2;6;4;2;0;1;1;0;0;0;2;790741,2982;5820755,566;13,28005788;52,45941755
2348;197330;11;1;1022204;2018;1;20;2;3;5;3;2;1;0;0;0;0;0;0;794970,0298;5827981,687;13,34851341;52,52192897
2349;197331;11;8;8010115;2018;1;20;3;3;1;1;2;0;1;0;0;0;0;1;799404,5726;5823782,846;13,40990425;52,48187573
2350;197332;11;7;7070701;2018;1;10;5;3;2;6;0;0;1;0;0;0;1;1;799250,3154;5816260,271;13,40090066;52,41453019
2351;197333;11;3;3040614;2018;1;3;3;3;9;1;2;0;0;0;0;0;1;1;799997,2019;5834946,176;13,42867931;52,58161119
2352;197334;11;1;1011202;2018;1;9;5;3;5;2;0;1;0;0;0;0;1;1;797199,138;5827496,139;13,38083762;52,5163662
2353;197335;11;9;9020702;2018;1;5;3;2;5;2;2;0;1;0;0;0;0;2;809358,8838;5819662,108;13,55220695;52,43939842
2354;197336;11;5;5030832;2018;1;8;5;3;0;6;0;0;1;0;0;0;1;1;789236,8523;5829300,073;13,26539766;52,53682008
2355;197337;11;1;1022206;2018;1;5;3;3;6;2;2;0;1;1;0;0;0;2;796135,2844;5828429,814;13,36603679;52,52531441
2356;197338;11;1;1011301;2018;1;5;3;3;5;2;2;0;1;0;0;0;0;2;797551,0574;5828714,479;13,38709846;52,52709527
2357;197339;11;1;1044201;2018;1;8;5;3;5;3;0;1;1;0;0;0;0;1;796024,8704;5830975,872;13,36668207;52,54819731
2358;197340;11;8;8020727;2018;1;6;3;3;2;2;2;0;1;0;0;0;1;1;801613,623;5817420,242;13,43658933;52,42363038
2359;197341;11;2;2020203;2018;1;7;3;3;6;2;0;0;1;1;0;0;0;1;797103,4821;5824721,34;13,3769561;52,49154522
2360;197342;11;11;11040926;2018;1;8;5;3;1;5;0;1;1;0;0;0;0;1;805416,0892;5826813,301;13,50093161;52,5057072
2361;197343;11;9;9010302;2018;1;17;3;3;2;6;2;0;1;0;0;0;0;1;804937,0602;5820709,612;13,48831426;52,45127024
2362;197344;11;1;1044203;2018;1;16;3;3;5;7;0;0;1;0;1;0;0;1;795963,4997;5831411,41;13,36616784;52,55213482
2363;197345;11;5;5020417;2018;1;7;5;3;6;4;0;0;1;1;0;0;0;1;781714,7677;5828589,477;13,15418767;52,53438925
2364;197346;11;6;6040703;2018;1;7;3;3;5;3;0;0;1;0;0;0;1;1;785400,1684;5817622,614;13,19898502;52,43414284
2365;197347;11;7;7020201;2018;1;7;5;2;2;6;0;0;1;0;0;0;0;1;794954,1868;5824863,777;13,34551787;52,49398767
2366;197348;11;9;9051702;2018;1;15;3;3;5;7;0;1;1;0;0;0;0;1;813927,0355;5821391,889;13,6208168;52,45229626
2367;197349;11;8;8010117;2018;1;7;5;3;4;5;1;1;1;0;0;0;0;1;800513,2593;5823365,654;13,42580518;52,47752728
2368;197350;11;1;1022106;2018;1;14;3;3;6;2;0;0;1;1;0;0;0;1;793701,1506;5828112,271;13,3299808;52,52378453
2369;197351;11;2;2010102;2018;1;7;5;3;5;3;0;1;0;0;0;0;1;1;797920,1626;5826470,864;13,39051416;52,5067825
2370;197352;11;1;1011304;2018;1;14;3;3;5;2;0;1;1;0;0;0;0;0;799900,6738;5827874,187;13,42087193;52,518276
2371;197353;11;3;3040614;2018;1;9;1;2;5;3;0;0;1;0;0;0;0;0;799870,3841;5834298,963;13,42622779;52,57587997
2372;197354;11;4;4030518;2018;1;14;3;3;2;6;0;0;1;0;0;0;0;1;791454,2841;5828301,554;13,2971232;52,52668715
2373;197355;11;6;6030504;2018;1;7;5;2;6;4;2;0;1;1;0;0;0;1;789970,2552;5816230,318;13,26481522;52,41925681
2374;197356;11;7;7010102;2018;1;9;1;3;5;3;0;0;1;0;0;0;0;1;795492,3205;5825550,901;13,35403083;52,49985615
2375;197357;11;12;12214423;2018;1;13;3;3;5;3;0;0;1;0;0;0;0;1;792446,8794;5833310,688;13,31612413;52,5710606
2376;197358;11;10;10010102;2018;1;6;4;3;5;3;0;1;0;0;0;0;1;0;810002,2665;5833788,9;13,57479251;52,56563283
2377;197359;11;1;1011303;2018;1;17;4;3;2;2;2;0;1;0;0;0;0;0;799286,718;5828484,804;13,41240014;52,52408654
2378;197360;11;9;9020802;2018;1;12;1;3;2;6;0;0;1;0;0;0;0;1;810148,8506;5819546,28;13,56368383;52,43791301
2379;197361;11;5;5040935;2018;1;13;1;2;1;5;0;0;1;0;0;0;0;1;782896,836;5821152,36;13,16525039;52,46709287
2380;197362;11;6;6030609;2018;1;13;3;3;5;3;0;0;1;0;1;0;0;1;792860,2948;5818590,702;13,30925847;52,43887851
2381;197363;11;11;11030720;2018;1;18;4;3;0;5;2;1;1;0;0;0;0;1;804624,7569;5829088,923;13,49139207;52,52654496
2382;197364;11;1;1011103;2018;1;16;1;3;0;2;1;0;1;0;0;0;1;0;795202,4563;5825905,115;13,35008711;52,5031883
2383;197365;11;4;4030415;2018;1;13;3;3;2;6;0;0;1;0;0;0;0;1;791679,327;5827746,321;13,29994403;52,52158923
2384;197366;11;2;2050601;2018;1;20;4;3;7;7;2;1;0;0;0;0;0;0;801759,0615;5828928,367;13,4491336;52,52669957
2385;197367;11;9;9051901;2018;1;12;3;3;2;6;0;0;1;0;0;0;0;1;809958,9376;5821624,56;13,56282714;52,45664572
2386;197368;11;9;9030901;2018;1;17;4;3;5;3;2;0;1;0;0;0;0;0;807697,4206;5817813,519;13,52614062;52,42376822
2387;197369;11;12;12214125;2018;1;18;4;3;5;7;2;0;1;0;0;0;0;1;789660,9868;5833669,794;13,27544684;52,57576974
2388;197370;11;4;4030620;2018;1;10;6;3;2;6;0;0;1;0;0;0;0;1;792446,7322;5827189,991;13,31073331;52,51619085
2389;197371;11;4;4030623;2018;2;16;5;3;5;2;1;1;1;0;0;0;0;0;793533,1723;5826062,626;13,32570389;52,50550089
2390;197372;11;11;11030721;2018;2;11;5;3;1;5;0;1;1;0;0;0;0;0;805212,373;5828379,878;13,49937621;52,51986157
2391;197373;11;6;6030504;2018;1;8;6;3;6;2;0;0;1;1;0;0;0;0;788894,0897;5816185,535;13,2489959;52,41942446
2392;197374;11;1;1022104;2018;2;15;5;3;6;7;0;1;0;1;0;0;0;0;794250,8823;5828994,81;13,3388412;52,53139953
2393;197375;11;3;3050920;2018;1;10;6;3;5;3;0;0;1;0;0;0;1;1;802406,5633;5832570,178;13,46196407;52,5589819
2394;197376;11;1;1022103;2018;2;10;5;3;2;6;0;0;1;0;0;0;0;0;793517,2636;5829307,514;13,32833344;52,53459829
2395;197377;11;1;1044101;2018;1;8;6;3;2;6;0;0;1;0;0;0;0;1;794022,6594;5830225,696;13,33657552;52,54255681
2396;197378;11;1;1011102;2018;2;9;5;3;3;6;0;1;0;0;0;1;0;0;796483,227;5827512,356;13,37033265;52,51690122
2397;197379;11;10;10040933;2018;2;10;5;3;2;6;0;0;1;0;0;0;0;1;813091,8456;5826533,571;13,61339307;52,49885037
2398;197380;11;1;1044101;2018;1;8;6;3;8;1;0;0;1;0;0;0;0;1;794192,4746;5830391,391;13,33921908;52,5439505
2399;197381;11;4;4030931;2018;2;9;5;3;2;7;0;0;1;0;0;0;0;0;793952,506;5826175,557;13,33196401;52,5062875
2400;197382;11;7;7050501;2018;1;7;6;3;3;6;1;1;0;0;0;0;1;1;797714,9298;5819201,758;13,38101089;52,44173499
2401;197383;11;6;6040804;2018;2;14;5;3;5;2;0;0;1;0;1;0;0;0;787589,0221;5818049,576;13,23146114;52,43682442
2402;197384;11;8;8010214;2018;1;7;6;3;6;2;1;0;1;1;0;0;0;1;801248,4392;5822208,895;13,43555271;52,46675392
2403;197385;11;9;9020702;2018;1;7;6;3;6;4;0;0;1;1;0;0;0;1;809197,5165;5819284,084;13,5494909;52,43610185
2404;197386;11;2;2050803;2018;2;8;5;3;6;4;0;0;1;1;0;0;0;1;801989,4671;5826352,409;13,45018172;52,50348361
2405;197387;11;10;10030724;2018;1;7;6;3;6;2;0;0;1;1;0;0;0;1;809509,671;5828558,464;13,56267546;52,51904011
2406;197388;11;1;1011202;2018;2;7;5;3;5;2;0;1;1;0;0;0;0;0;797199,138;5827496,139;13,38083762;52,5163662
2407;197389;11;12;12302110;2018;1;7;6;3;6;3;1;0;1;1;0;0;0;1;794892,0015;5836309,055;13,35476614;52,5966191
2408;197390;11;5;5010313;2018;1;7;6;3;6;2;2;0;1;1;0;0;0;1;784339,8669;5830012,902;13,19400364;52,54578851