;OBJECTID;LAND;BEZ;LOR;UJAHR;UMONAT;USTUNDE;UWOCHENTAG;UKATEGORIE;UART;UTYP1;ULICHTVERH;IstRad;IstPKW;IstFuss;IstKrad;IstGkfz;IstSonstige;USTRZUSTAND;LINREFX;LINREFY;XGCSWGS84;YGCSWGS84
2609;197591;11;10;10020517;2018;1;16;3;3;6;4;1;0;1;1;0;0;0;1;813398,8634;5830236,79;13,62138872;52,53185847
2610;197592;11;5;5010209;2018;1;6;2;2;6;4;2;0;1;1;0;0;0;1;783060,2977;5829309,333;13,17458507;52,5401465
2611;197593;11;4;4041134;2018;1;12;1;3;0;1;0;0;0;0;1;0;0;1;790851,8478;5824743,845;13,28515892;52,49511402
2612;197594;11;1;1033102;2018;1;16;3;3;0;7;0;0;1;0;0;0;0;1;797157,9544;5831411,847;13,38373334;52,55148841
2613;197595;11;7;7050504;2018;1;10;1;3;6;4;0;0;1;1;0;0;0;0;799833,4417;5819653,506;13,41249109;52,44462686
2614;197596;11;11;11040926;2018;1;15;3;2;5;3;0;1;1;0;0;0;0;1;804479,9398;5826349,071;13,48675705;52,50206971
2615;197597;11;11;11030721;2018;1;17;1;3;2;7;2;1;1;0;0;0;0;0;803808,5135;5827746,643;13,47817143;52,51496998
2616;197598;11;7;7040401;2018;1;15;3;3;1;5;0;1;1;0;0;0;0;1;796872,6231;5823861,057;13,37279951;52,48395924
2617;197599;11;2;2030402;2018;1;15;1;3;6;4;0;0;0;1;0;0;1;0;801072,3669;5825681,93;13,43610508;52,49798075
2618;197600;11;1;1022204;2018;1;15;3;3;6;2;0;0;1;1;0;0;0;1;795221,0549;5828240,137;13,35243189;52,52410992
2619;197601;11;3;3071536;2018;1;14;1;3;5;2;0;1;1;0;0;0;0;1;799206,4887;5829282,669;13,4119391;52,53128223
2620;197602;11;1;1011306;2018;1;8;3;3;5;2;0;1;1;0;0;0;0;0;800332,3572;5826537,222;13,42600828;52,50605478
2621;197603;11;5;5010314;2018;1;13;1;2;6;4;0;0;1;1;0;0;0;1;783649,7541;5829387,653;13,18332011;52,5405422
2622;197604;11;1;1011306;2018;1;12;3;3;0;2;0;1;0;0;0;0;1;0;799980,9345;5826937,928;13,42120721;52,5098398
2623;197605;11;9;9010401;2018;1;22;1;3;8;1;2;0;1;0;0;0;0;1;805206,9958;5821480,699;13,49297888;52,45803056
2624;197606;11;9;9030901;2018;1;20;3;3;1;5;2;0;1;0;0;0;0;1;808519,1956;5816739,436;13,53719738;52,41367949
2625;197607;11;1;1033203;2018;1;8;1;3;2;6;0;0;1;0;0;0;0;1;796524,8204;5829890,081;13,37306431;52,53819246
2626;197608;11;4;4041136;2018;1;9;3;1;1;5;0;1;0;0;0;1;0;1;790253,3142;5823801,669;13,27554661;52,4869859
2627;197609;11;8;8010118;2018;1;19;1;3;3;6;2;0;1;0;0;0;0;1;801088,0092;5821954,627;13,43296883;52,46456327
2628;197610;11;3;3071633;2018;1;11;2;3;0;5;0;0;1;0;0;0;1;0;800301,5038;5830535,669;13,42916554;52,54191106
2629;197611;11;5;5030730;2018;1;19;1;3;6;4;2;0;0;1;0;0;1;1;786546,2636;5830540,067;13,2269069;52,54935885
2630;197612;11;4;4051448;2018;1;18;1;3;6;4;2;1;0;1;0;0;0;1;793623,8687;5824833,489;13,32595262;52,49443343
2631;197613;11;12;12301204;2018;1;19;2;3;5;2;2;0;1;0;0;0;0;1;792826,7686;5836798,599;13,32479596;52,60212359
2632;197614;11;4;4030931;2018;1;18;1;3;3;6;2;1;1;0;0;0;0;0;794069,2592;5826279,704;13,33377125;52,5071582
2633;197615;11;1;1033101;2018;1;19;2;3;0;7;2;0;0;0;1;0;0;1;797357,2094;5832406,314;13,38755427;52,56029382
2634;197616;11;1;1011204;2018;1;15;7;3;6;4;0;0;0;1;0;0;1;0;797854,4397;5826962,802;13,38998888;52,51122801
2635;197617;11;3;3061126;2018;1;18;2;2;2;2;2;1;1;0;0;0;0;1;798832,9612;5831796,859;13,40871062;52,55402311
2636;197618;11;8;8010508;2018;1;16;2;3;3;6;0;0;1;0;0;0;1;0;803192,2312;5822703,547;13,46452834;52,47011229
2637;197619;11;8;8020726;2018;1;14;7;3;2;6;0;0;1;0;0;0;0;0;799318,0207;5816278,173;13,40190919;52,41465364
2638;197620;11;7;7060603;2018;1;13;2;3;1;5;0;1;1;0;0;0;0;0;797599,7925;5817325,076;13,37765152;52,42497502
2639;197621;11;9;9031001;2018;1;14;7;3;5;3;0;0;1;0;0;0;0;0;810546,1314;5815204,923;13,56548091;52,39878148
2640;197622;11;4;4020311;2018;1;13;7;3;5;2;0;1;1;0;0;0;0;0;790159,8636;5826653,084;13,27665858;52,51259894
2641;197623;11;8;8010214;2018;1;13;2;3;5;2;0;0;1;0;0;0;0;0;801668,6822;5822405,658;13,44189804;52,46828568
2642;197624;11;1;1011204;2018;1;11;7;3;5;3;0;0;1;0;0;0;0;0;797991,1796;5826785,881;13,39183942;52,50956745
2643;197625;11;2;2020203;2018;2;9;6;3;2;6;0;0;1;0;0;0;0;0;797074,4175;5824719,89;13,37652798;52,49154804
2644;197626;11;7;7030301;2018;1;11;2;3;0;6;0;0;1;0;1;0;0;1;793990,771;5822300,652;13,32910773;52,47153023
2645;197627;11;10;10010309;2018;1;7;7;3;5;2;2;1;1;0;0;0;0;1;807934,6073;5829198,169;13,54012811;52,52566473
2646;197628;11;2;2020203;2018;2;6;6;3;9;1;1;0;0;0;1;0;0;0;797304,134;5824004,735;13,37926346;52,48501237
2647;197629;11;7;7040405;2018;1;10;2;3;5;3;0;0;1;0;0;0;0;1;798622,8753;5820654,37;13,39562763;52,45426088
2648;197630;11;1;1011305;2018;1;2;7;3;6;4;2;0;1;1;0;0;0;0;799665,2589;5827104,058;13,4167193;52,5115024
2649;197631;11;10;10040931;2018;2;6;6;3;0;1;1;1;0;0;0;0;0;2;813672,0635;5828259,984;13,62353886;52,51398745
2650;197632;11;4;4030724;2018;2;13;5;3;0;6;0;1;0;0;0;0;1;0;790653,4357;5825990,351;13,28333252;52,50639472
2651;197633;11;2;2020205;2018;1;10;2;3;6;4;0;1;0;1;0;0;0;0;797922,4228;5824577,788;13,38885406;52,48981211
2652;197634;11;2;2020204;2018;2;9;5;3;5;7;0;1;1;0;0;0;0;0;798436,0626;5824867,492;13,39665605;52,49212839
2653;197635;11;2;2040502;2018;1;15;7;3;2;2;0;0;1;0;0;0;0;0;801249,2608;5827830,727;13,44064752;52,5171432
2654;197636;11;6;6030610;2018;2;10;5;2;6;7;0;1;0;1;0;0;0;0;792199,6206;5818705,654;13,29966732;52,44026244
2655;197637;11;7;7040403;2018;1;10;2;3;5;2;0;0;1;0;0;0;0;0;797842,3687;5822205,153;13,38555919;52,46858782
2656;197638;11;2;2040702;2018;1;9;2;3;2;7;0;1;0;0;0;0;1;0;801384,7916;5827529,375;13,44236587;52,51436726
2657;197639;11;1;1044101;2018;1;9;7;3;5;3;0;0;1;0;0;0;0;0;794527,871;5831557,896;13,34518521;52,55422615
2658;197640;11;3;3051017;2018;2;10;5;2;5;3;0;1;0;0;0;0;0;0;801700,9573;5833068,822;13,45204052;52,5638426
2659;197641;11;1;1011105;2018;1;8;2;3;2;6;0;0;1;0;0;0;1;1;795807,0259;5826685,948;13,35966184;52,50986039
2660;197642;11;3;3050920;2018;1;16;7;3;8;1;0;0;1;0;0;0;0;0;802224,5582;5832679,798;13,45938729;52,56006545
2661;197643;11;8;8010404;2018;1;23;7;3;5;7;2;1;1;0;0;0;0;0;801563,787;5823373,615;13,44123361;52,4770196
2662;197644;11;4;4030929;2018;2;19;5;3;2;6;2;0;1;0;0;0;0;0;792495,7586;5825428,734;13,3099061;52,50037537
2663;197645;11;3;3030715;2018;1;8;2;2;9;1;0;0;1;0;0;0;0;1;801095,9686;5834868,42;13,44477614;52,58030736
2664;197646;11;1;1044201;2018;2;19;5;3;6;7;2;0;1;1;0;0;0;0;795687,0841;5830686,134;13,3614571;52,54578353
2665;197647;11;6;6010209;2018;1;7;2;3;0;1;1;0;0;0;1;0;0;1;794708,0312;5821539,143;13,33896415;52,46431724
2666;197648;11;4;4030931;2018;2;19;5;3;2;6;2;1;1;0;0;0;0;0;793910,1053;5825883,134;13,33108294;52,50368892
2667;197649;11;3;3071639;2018;1;7;2;2;0;3;0;1;0;0;0;0;0;0;800893,4012;5829203,325;13,43666078;52,52964251
2668;197650;11;1;1011301;2018;2;12;5;3;6;4;0;0;0;1;0;0;1;0;797045,34;5828365,791;13,37935437;52,52424545
2669;197651;11;9;9020702;2018;1;22;7;3;5;3;2;0;1;0;0;0;0;0;809362,2816;5819658,4;13,55225334;52,43936327
2670;197652;11;2;2040701;2018;2;19;5;3;5;7;2;1;1;0;0;0;0;0;801010,6196;5826995,718;13,43638593;52,5097906
2671;197653;11;6;6040807;2018;1;7;2;3;5;3;0;0;1;0;0;0;0;0;789706,4252;5818448,812;13,26286846;52,43928627
2672;197654;11;1;1033101;2018;1;20;7;3;6;4;2;0;0;1;0;0;1;1;797264,2772;5832229,075;13,38602865;52,55875583
2673;197655;11;1;1011303;2018;2;18;5;3;5;2;2;1;1;0;0;0;0;0;799466,1002;5828808,989;13,41532819;52,52689386
2674;197656;11;5;5040936;2018;1;7;2;3;5;2;0;1;1;0;0;0;0;0;781489,3023;5819685,589;13,14334849;52,4546678
2675;197657;11;3;3040512;2018;1;7;2;2;6;4;0;0;1;1;0;0;0;0;797060,0695;5835839,345;13,38625975;52,5912288
2676;197658;11;8;8041040;2018;1;19;7;2;6;4;2;0;1;1;0;0;0;1;807167,3836;5817582,332;13,51815802;52,42199402
2677;197659;11;1;1033101;2018;1;17;7;3;5;2;1;0;1;0;0;0;0;0;796261,4246;5832165,574;13,37122213;52,55873313
2678;197660;11;2;2010103;2018;2;17;5;2;6;4;2;0;1;1;0;0;0;0;799104,3717;5826243,496;13,40770585;52,50409653
2679;197661;11;1;2030301;2018;1;18;1;3;6;7;2;0;1;1;0;0;0;0;799574,8599;5826330,241;13,41469483;52,50461596
2680;197662;11;11;11051331;2018;1;11;6;3;4;6;0;1;0;0;0;0;1;0;807709,4612;5825341,088;13,53325455;52,49122465
2681;197663;11;2;2010103;2018;2;17;5;3;2;6;2;0;1;0;0;0;0;0;799348,0525;5826289,82;13,4113269;52,50437813
2682;197664;11;2;2030301;2018;1;3;1;2;6;4;2;0;1;1;0;0;0;1;799950,2695;5825726,902;13,41966574;52,49900173
2683;197665;11;1;1033203;2018;2;11;5;3;6;4;0;0;1;1;0;0;0;0;796477,1015;5829935,325;13,37240316;52,53862398
2684;197666;11;3;3051017;2018;1;4;1;2;5;7;2;0;1;0;0;0;1;1;804100,1718;5832396,753;13,48671107;52,55648447
2685;197667;11;1;1011103;2018;2;20;7;3;6;2;2;0;1;1;0;0;0;0;796040,8711;5825591,049;13,36212389;52,49991873
2686;197668;11;8;8030829;2018;2;17;4;3;2;6;2;0;1;0;0;0;0;0;802866,4197;5818243,06;13,45570206;52,43031346
2687;197669;11;1;1033101;2018;2;19;7;3;4;1;2;0;1;0;1;0;0;0;797425,0326;5832538,121;13,38866996;52,56143825
2688;197670;11;7;7070703;2018;2;18;3;2;6;2;2;0;1;1;0;0;0;0;799159,8558;5814185,684;13,39772138;52,39598338
2689;197671;11;7;7050501;2018;2;20;7;3;2;2;2;0;1;0;0;0;0;0;798092,9205;5819271,575;13,38661779;52,44215491
2690;197672;11;7;7040402;2018;2;18;7;3;2;6;2;0;1;0;0;0;0;0;796790,2067;5821977,151;13,36991293;52,46711659
2691;197673;11;11;11030720;2018;2;16;7;3;6;4;1;0;1;1;0;0;0;0;805548,0925;5830059,578;13,50585217;52,53472762
2692;197674;11;3;3040614;2018;2;7;4;3;5;2;0;1;1;0;0;0;0;1;798629,0151;5834004,297;13,40769829;52,57392133
2693;197675;11;1;1011305;2018;2;15;7;3;2;2;0;0;1;0;1;0;0;0;799424,9268;5826482,156;13,41262908;52,50605996
2694;197676;11;11;11030721;2018;2;9;3;3;5;3;0;0;1;0;0;0;0;1;805225,0141;5828189,993;13,49938772;52,51815266
2695;197677;11;12;12302109;2018;2;14;7;3;6;7;0;0;1;1;0;0;0;1;794967,1213;5836439,732;13,35598838;52,59774976
2696;197678;11;5;5010314;2018;2;12;7;3;2;6;0;0;1;0;0;0;0;0;785320,4823;5829278,556;13,20779462;52,53869177
2697;197679;11;6;6030609;2018;2;1;7;3;4;6;2;1;0;0;0;0;1;2;792706,343;5819073,566;13,30742305;52,44328974
2698;197680;11;4;4051446;2018;2;12;3;3;5;2;0;1;1;0;0;0;0;1;792919,9595;5825024,166;13,31578161;52,49652101
2699;197681;11;8;8020619;2018;2;19;7;1;6;4;2;0;1;1;0;0;0;0;801207,51;5821725,649;13,43451589;52,462445
2700;197682;11;1;1022203;2018;2;11;6;3;5;7;0;1;1;0;0;0;0;0;794736,4966;5828456,651;13,34550232;52,52631297
2701;197683;11;1;1011303;2018;2;10;2;3;6;7;0;1;0;1;0;0;0;0;798754,8684;5828243,92;13,40436787;52,52221904
2702;197684;11;12;12214424;2018;2;19;6;3;3;6;2;0;1;0;0;0;0;0;793338,8614;5832401,589;13,3284439;52,56243109
2703;197685;11;2;2010104;2018;2;6;2;3;5;3;1;1;0;0;0;0;0;1;798988,053;5825403,046;13,4052427;52,49662683
2704;197686;11;10;10010311;2018;2;17;6;3;2;2;2;0;1;0;0;0;0;0;809968,2804;5831642,107;13,57228815;52,54641379
2705;197687;11;9;9020701;2018;2;14;6;3;5;2;0;0;1;0;0;0;0;0;808328,923;5818868,144;13,5363705;52,43286445
2706;197688;11;4;4031032;2018;2;10;4;3;2;6;0;0;1;0;0;0;0;0;791573,7543;5824655,8;13,29568537;52,49393952
2707;197689;11;4;4020314;2018;2;14;6;3;2;6;0;0;1;0;0;0;0;0;790396,725;5825609,559;13,27922873;52,50311759
2708;197690;11;2;2040703;2018;2;6;3;3;0;1;1;0;0;0;1;0;0;2;801532,0683;5826352,721;13,44346372;52,50373937
2709;197691;11;8;8030831;2018;2;13;6;3;2;6;0;0;1;0;0;0;1;0;804584,9084;5817816,273;13,48051172;52,42553422
2710;197692;11;2;2020203;2018;2;13;6;3;5;2;0;0;1;0;0;0;0;0;797090,0825;5824722,285;13,37676016;52,49156098
2711;197693;11;1;1011302;2018;2;13;6;3;6;4;0;0;1;1;0;0;0;0;797925,7258;5828433,764;13,39235345;52,52437441
2712;197694;11;5;5030833;2018;2;21;4;3;1;1;2;0;1;0;0;0;1;2;789526,5681;5828896,207;13,2693054;52,53304552
2713;197695;11;4;4051445;2018;2;12;6;3;2;2;0;0;1;0;0;0;0;0;791954,6922;5824024,459;13,30072728;52,48807601
2714;197696;11;3;3051022;2018;2;11;6;3;1;5;0;0;1;0;0;0;0;0;803459,9565;5831757,464;13,47671233;52,55111185
2715;197697;11;8;8020622;2018;2;1;3;3;0;5;2;0;1;0;0;0;1;1;802006,2498;5819918,431;13,44460254;52,44580572
2716;197698;11;1;1011303;2018;2;15;6;3;5;3;0;1;1;0;0;0;0;0;799366,7852;5828605,999;13,41368587;52,52512892
2717;197699;11;11;11020412;2018;2;7;6;3;5;2;1;1;1;0;0;0;0;0;806149,0497;5831393,524;13,5159136;52,5463455
2718;197700;11;8;8010212;2018;2;13;4;3;6;2;0;0;1;1;0;0;0;0;801329,9522;5823575,939;13,4379839;52,47896214
2719;197701;11;8;8010117;2018;2;7;6;3;5;3;1;0;1;0;0;0;0;0;800393,5403;5823324,061;13,42401026;52,47722032
2720;197702;11;4;4031032;2018;2;14;2;3;1;5;0;1;1;0;0;0;0;0;791351,8395;5824941,682;13,29267596;52,49662094
2721;197703;11;1;1011402;2018;2;22;6;2;0;1;2;1;0;0;0;0;0;0;798638,7075;5829383,284;13,4036842;52,53249546
2722;197704;11;2;2040701;2018;2;21;6;2;0;1;2;1;0;0;0;0;0;2;800716,2;5826977,33;13,43204419;52,50978816
2723;197705;11;4;4020311;2018;2;19;4;3;6;4;2;0;1;1;0;0;0;0;788826,9292;5826990,455;13,25736441;52,51633105
2724;197706;11;3;3061227;2018;2;19;6;2;6;4;2;0;1;1;0;0;0;0;799906,1045;5831663,464;13,42437108;52,55223761
2725;197707;11;1;1044202;2018;2;14;3;3;5;2;0;0;1;0;0;0;0;0;794901,6436;5830226,855;13,34950025;52,54209218
2726;197708;11;5;5020625;2018;2;4;6;3;1;1;2;0;1;0;0;0;0;0;783715,6853;5828678,691;13,18368432;52,53415121
2727;197709;11;9;9030901;2018;2;5;6;3;2;6;2;0;1;0;0;0;0;0;808501,8483;5817262,97;13,53742569;52,41838125
2728;197710;11;3;3040513;2018;2;16;2;3;2;6;1;0;1;0;0;0;0;1;796635,0292;5833993,813;13,37835186;52,57491779
2729;197711;11;9;9041501;2018;2;6;6;3;2;6;2;1;1;0;0;0;0;0;811556,7464;5820041,807;13,58479035;52,44155354
2730;197712;11;2;2010102;2018;2;12;5;3;6;7;0;0;1;1;0;0;0;0;797974,2877;5826124,946;13,39099968;52,50365221
2731;197713;11;11;11010207;2018;2;17;2;3;5;3;1;0;1;0;1;0;0;0;805270,5115;5834586,926;13,5059357;52,57545871
2732;197714;11;8;8020619;2018;2;17;4;3;1;5;2;0;1;0;0;0;1;0;801508,9881;5820786,523;13,43809182;52,45386111
2733;197715;11;3;3020307;2018;2;9;5;3;5;3;0;1;1;0;0;0;0;0;799536,526;5837800,14;13,42448186;52,60744577
2734;197716;11;11;11010310;2018;2;19;3;3;6;4;2;0;1;1;0;0;0;0;805339,2576;5833267,141;13,50573208;52,56359188
2735;197717;11;1;1011402;2018;2;8;5;3;5;3;0;1;1;0;0;0;0;0;798679,2511;5829462,136;13,40435098;52,53318005
2736;197718;11;9;9031001;2018;2;8;2;3;6;4;0;0;0;1;0;0;1;0;808646,918;5814905,847;13,53737952;52,39717464
2737;197719;11;3;3050923;2018;2;7;2;3;5;2;1;1;1;0;0;0;0;1;800765,6488;5831993,708;13,43730943;52,5547237
2738;197720;11;1;1044103;2018;2;8;5;3;5;2;0;0;1;0;0;0;0;0;794481,2772;5830672,284;13,34371454;52,54631248
2739;197721;11;4;4030725;2018;2;9;5;2;5;3;0;0;1;0;0;0;0;0;791878,9215;5826436,968;13,30172882;52,50974432
2740;197722;11;3;3030711;2018;2;8;4;3;2;7;0;0;1;0;0;0;0;1;801693,6958;5836355,203;13,45492454;52,59330215
2741;197723;11;5;5020523;2018;2;12;2;3;5;3;0;1;1;0;0;0;0;0;783335,9934;5827661,616;13,17723469;52,5252294
2742;197724;11;1;1011305;2018;2;9;5;3;0;1;0;1;0;0;0;0;0;2;799717,313;5827376,533;13,41772943;52,51391612
2743;197725;11;7;7010102;2018;2;14;5;3;3;6;0;0;1;0;0;0;0;0;794983,1576;5825188,757;13,34623113;52,49688524
2744;197726;11;10;10040828;2018;2;15;4;2;6;4;0;0;1;1;0;0;0;0;811295,4863;5827936,163;13,58832764;52,51244707
2745;197727;11;4;4051654;2018;2;14;5;3;0;6;0;0;1;0;0;0;1;0;793432,1193;5823740,766;13,32217411;52,48474071
2746;197728;11;1;1011101;2018;2;10;3;3;1;5;0;0;1;0;0;0;0;1;794682,7703;5826043,6;13,34257553;52,50471064
2747;197729;11;11;11041023;2018;2;15;5;3;1;5;0;0;1;0;0;0;1;0;807169,3798;5827806,544;13,52759912;52,51362453
2748;197730;11;11;11020513;2018;2;15;5;3;5;3;0;1;1;0;0;0;0;0;804453,9374;5830938,401;13,49057607;52,54321637
2749;197731;11;7;7050506;2018;2;8;2;3;5;2;0;1;1;0;0;0;0;1;799055,7535;5816810,723;13,39854039;52,41957067
2750;197732;11;2;2040701;2018;2;18;5;3;2;6;2;0;1;0;0;0;0;0;800139,9719;5827324,944;13,42389258;52,5132213
2751;197733;11;9;9051901;2018;2;18;5;3;0;3;2;0;1;0;0;0;1;0;812051,0313;5821276,002;13,59319152;52,45233182
2752;197734;11;1;1011201;2018;2;18;5;3;0;3;2;0;0;0;1;0;1;0;797757,6477;5826735,031;13,38836308;52,50923915
2753;197735;11;1;1011203;2018;2;10;4;3;5;3;0;0;1;0;0;0;0;1;797621,4654;5827032,587;13,38662849;52,51198071
2754;197736;11;12;12301205;2018;2;19;5;2;1;5;2;0;0;0;1;0;1;0;791487,1118;5836632,635;13,30492514;52,60135566
2755;197737;11;7;7030301;2018;2;6;3;3;1;5;1;1;1;0;0;0;0;1;793927,8197;5822009,862;13,32792743;52,46895729
2756;197738;11;8;8020727;2018;2;20;5;3;6;2;2;0;1;1;0;0;0;0;800320,0004;5816736,846;13,4170089;52,4182162
2757;197739;11;4;4041342;2018;2;20;5;3;1;5;2;0;1;0;0;0;0;0;792561,463;5822131,945;13,30797754;52,47078519
2758;197740;11;10;10010308;2018;2;7;3;3;2;6;0;0;1;0;0;0;0;2;806773,8793;5829472,73;13,52332593;52,5287797
2759;197741;11;9;9010302;2018;2;23;5;3;5;2;2;1;1;0;0;0;0;0;804940,517;5820715,102;13,48836999;52,45131752
2760;197742;11;4;4030931;2018;2;21;4;3;6;7;2;0;1;1;0;0;0;0;794396,7895;5825720,482;13,33808864;52,50196846
2761;197743;11;4;4030620;2018;2;19;4;3;2;6;2;1;1;0;0;0;0;0;792430,4018;5827166,312;13,31047252;52,51598733
2762;197744;11;3;3071536;2018;2;23;5;2;4;4;2;1;1;1;0;0;0;1;798931,7093;5829948,355;13,40849911;52,53739988
2763;197745;11;5;5020629;2018;2;18;6;2;6;7;2;0;1;1;0;0;0;1;784771,8843;5826336,67;13,19720825;52,51260178
2764;197746;11;2;2010103;2018;2;18;4;3;5;3;2;1;1;0;0;0;0;0;799143,494;5825792,697;13,40787554;52,50003432
2765;197747;11;9;9020802;2018;2;10;4;2;0;1;0;0;0;0;1;0;0;0;810675,013;5819661,663;13,57150655;52,43864842
2766;197748;11;12;12214527;2018;2;8;4;3;1;5;0;0;1;0;0;0;0;0;790176,1817;5835156,633;13,28432994;52,58882469
2767;197749;11;8;8010301;2018;2;16;2;3;5;3;0;0;1;0;0;0;0;0;800548,7741;5824778,713;13,42760051;52,49017351
2768;197750;11;1;1033101;2018;2;17;2;3;2;6;2;0;1;0;0;0;0;1;796838,9801;5832392,954;13,37992007;52,56045681
2769;197751;11;9;9051901;2018;2;15;2;3;6;4;0;0;1;1;0;0;0;0;811024,6174;5821818,211;13,57864083;52,45777578
2770;197752;11;9;9020501;2018;2;17;4;2;5;2;1;1;1;0;0;0;0;0;806555,1432;5822317,856;13,51352717;52,46477897
2771;197753;11;5;5010314;2018;2;16;4;3;2;6;0;0;0;0;0;0;1;0;784844,1514;5829219,701;13,20073996;52,53841328
2772;197754;11;7;7040405;2018;2;18;4;3;0;5;2;0;1;0;1;0;0;1;799427,169;5821784,09;13,40844183;52,46394729
2773;197755;11;2;2020204;2018;2;16;4;2;6;4;0;0;1;1;0;0;0;0;798764,0107;5824849,898;13,40145623;52,49179129
2774;197756;11;1;1022106;2018;2;16;4;3;5;3;0;0;1;0;0;0;0;0;794028,7575;5828246,366;13,33491419;52,52481004
2775;197757;11;1;1011302;2018;2;16;4;3;3;6;0;1;1;0;0;0;0;0;799013,7631;5828995,812;13,40884842;52,52881674
2776;197758;11;5;5010206;2018;2;15;4;3;5;7;0;0;1;0;0;0;0;0;781541,7036;5830646,898;13,15338684;52,55292656
2777;197759;11;2;2030301;2018;2;14;4;3;5;7;0;0;1;0;0;0;0;0;800281,6768;5826091,143;13,42486153;52,5020843
2778;197760;11;8;8010404;2018;2;5;3;3;6;4;2;0;0;1;0;0;1;0;802350,4616;5822762,481;13,45222733;52,47110705
2779;197761;11;4;4030827;2018;2;13;4;2;2;6;0;0;1;0;0;0;1;0;792746,018;5826654,756;13,31466039;52,51123208
2780;197762;11;9;9041501;2018;2;16;2;3;2;6;0;0;1;0;0;0;0;0;811408,9644;5820145,951;13,58272023;52,442571
2781;197763;11;1;1033102;2018;2;17;2;3;2;6;2;0;1;0;0;0;0;1;797158,6555;5831885,172;13,38416731;52,55573081
2782;197764;11;7;7060603;2018;2;12;4;3;2;6;0;0;1;0;0;0;0;0;798663,701;5816222,601;13,3922676;52,4145129
2783;197765;11;6;6030608;2018;2;11;4;2;1;5;0;0;1;0;0;0;1;0;792309,1887;5816746,902;13,29956231;52,42264375
2784;197766;11;3;3030405;2018;2;5;2;3;5;2;2;0;1;0;0;0;0;1;803740,4724;5839250,376;13,48770446;52,61811087
2785;197767;11;8;8030829;2018;2;16;4;2;5;2;0;0;1;0;0;0;0;0;802874,6123;5818249,217;13,45582776;52,4303641
2786;197768;11;1;1022204;2018;2;9;4;3;0;7;0;0;1;0;1;0;0;1;795133,1594;5828346,395;13,35123442;52,52511002
2787;197769;11;7;7040401;2018;2;12;3;3;5;3;0;0;1;0;0;0;0;0;797106,4201;5823452,445;13,37586818;52,48016928
2788;197770;11;5;5010103;2018;2;18;2;3;5;2;2;1;1;0;0;0;0;0;784559,4653;5831098,895;13,198164;52,55541084
2789;197771;11;2;2040703;2018;2;9;4;3;2;6;0;0;1;0;0;0;0;0;801598,6035;5826332,577;13,44442275;52,50352204
2790;197772;11;12;12214424;2018;2;8;4;3;5;3;0;1;1;0;0;0;0;0;792378,1053;5832890,864;13,31474216;52,56733401
2791;197773;11;12;12224230;2018;2;15;3;3;5;2;0;1;1;0;0;0;0;0;786808,2664;5838457,695;13,23761332;52,62020648
2792;197774;11;8;8041037;2018;2;13;3;3;5;3;0;1;1;0;0;0;0;0;805678,5034;5817014,826;13,49581287;52,41774134
2793;197775;11;5;5010314;2018;2;18;2;2;6;4;2;0;1;1;0;0;0;1;784801,1167;5828808,012;13,19975432;52,53474458
2794;197776;11;5;5020628;2018;2;12;3;3;0;6;0;0;1;0;0;0;0;0;784014,2985;5827147,88;13,18676726;52,52027023
2795;197777;11;1;1044201;2018;2;13;3;2;0;2;0;0;1;0;0;0;1;0;796672,0375;5831935,253;13,37705549;52,55644503
2796;197778;11;1;1044101;2018;2;6;4;2;5;3;2;1;1;0;0;0;0;0;794534,0756;5831578,636;13,34529486;52,55440871
2797;197779;11;3;3050923;2018;2;20;3;3;5;2;2;1;0;0;0;0;1;0;800386,2073;5831946,714;13,43168708;52,55451188
2798;197780;11;11;11051332;2018;2;9;3;3;2;6;0;0;1;0;0;1;0;0;807238,8602;5824064,066;13,525168;52,48004484
2799;197781;11;3;3020307;2018;2;18;2;3;5;3;2;1;1;0;0;0;0;0;799063,7321;5837540,873;13,41728649;52,60538219
2800;197782;11;8;8010117;2018;2;12;3;3;2;6;0;0;1;0;0;0;0;0;800381,0319;5823701,691;13,42416682;52,48061206
2801;197783;11;1;1044101;2018;2;18;3;3;5;2;2;0;1;0;1;0;0;0;794528,9811;5831576,768;13,34521828;52,55439472
2802;197784;11;4;4051448;2018;2;18;2;3;5;7;2;0;1;0;0;0;0;1;793508,9626;5825383,858;13,32474992;52,49942906
2803;197785;11;7;7060603;2018;2;19;3;2;6;2;2;0;1;1;0;0;0;0;798516,8413;5816830,252;13,39065673;52,42003994
2804;197786;11;5;5010314;2018;2;17;6;3;5;2;2;1;1;0;0;0;0;0;784654,0677;5829299,074;13,19801289;52,53922427
2805;197787;11;1;1011303;2018;2;23;3;3;5;3;2;1;1;0;0;0;0;0;799332,5684;5828611,435;13,41318791;52,52519642
2806;197788;11;2;2030302;2018;2;16;3;3;1;5;0;1;1;0;0;0;1;0;801065,2701;5825900,058;13,43619802;52,4999398
2807;197789;11;1;1011201;2018;2;15;3;3;5;3;0;1;0;0;0;0;1;0;797157,6352;5826452,467;13,37929592;52,50703345
2808;197790;11;3;3061227;2018;2;14;3;3;5;3;0;1;1;0;0;0;0;0;800108,0645;5831705,072;13,42737845;52,55249932