;OBJECTID;LAND;BEZ;LOR;UJAHR;UMONAT;USTUNDE;UWOCHENTAG;UKATEGORIE;UART;UTYP1;ULICHTVERH;IstRad;IstPKW;IstFuss;IstKrad;IstGkfz;IstSonstige;USTRZUSTAND;LINREFX;LINREFY;XGCSWGS84;YGCSWGS84
2809;197791;11;7;7040401;2018;2;9;4;3;6;4;0;0;1;1;0;0;0;0;797672,0081;5823858,76;13,38453464;52,48350343
2810;197792;11;9;9020501;2018;2;13;3;3;6;4;0;0;1;1;0;0;0;0;806553,2739;5822297,767;13,51348129;52,46459997
2811;197793;11;11;11051331;2018;2;7;3;3;5;3;0;0;1;0;0;0;0;2;807677,0743;5824534,939;13,53203486;52,48401814
2812;197794;11;2;2010101;2018;2;19;2;3;1;5;2;1;1;0;0;0;1;0;797709,5588;5826181,569;13,38716165;52,50430427
2813;197795;11;10;10020414;2018;2;6;3;3;5;3;1;1;1;0;0;0;0;0;812064,8642;5830625,497;13,60215157;52,53610703
2814;197796;11;10;10030724;2018;2;13;3;2;1;5;0;1;1;0;0;0;0;0;808946,0833;5829188,614;13,55498111;52,52500691
2815;197797;11;12;12302107;2018;2;12;3;3;2;6;0;0;1;0;0;0;0;0;793850,9385;5836169,163;13,33931633;52,59592862
2816;197798;11;1;1044201;2018;2;8;4;2;6;4;0;1;0;1;0;0;0;0;797139,3138;5831886,819;13,38388434;52,55575613
2817;197799;11;3;3050920;2018;2;6;6;3;6;2;2;0;1;1;0;0;0;0;802416,7593;5832564,077;13,46210846;52,55892156
2818;197800;11;6;6030609;2018;2;10;3;3;2;6;0;0;1;0;0;0;0;0;793157,5551;5818229,412;13,31330216;52,43548036
2819;197801;11;1;1044101;2018;2;7;3;3;6;7;0;1;0;1;0;0;0;0;793848,2222;5831655,402;13,33527587;52,55546735
2820;197802;11;7;7040405;2018;2;10;3;2;5;3;0;0;1;0;0;0;0;0;798024,4305;5821034,025;13,38718566;52,45799068
2821;197803;11;4;4051652;2018;2;16;2;3;6;4;1;0;1;1;0;0;0;1;793546,1492;5823961,538;13,32404297;52,48665855
2822;197804;11;4;4030930;2018;2;12;4;3;2;6;0;0;1;0;0;0;0;0;792834,2869;5825517,135;13,31495667;52,5009863
2823;197805;11;3;3061227;2018;2;9;3;3;5;3;0;1;1;0;0;0;0;0;800110,3812;5831695,729;13,42740407;52,55241429
2824;197806;11;8;8030829;2018;2;15;2;3;2;2;0;1;1;0;0;0;0;0;803180,2275;5818116,934;13,4601892;52,42900917
2825;197807;11;7;7030301;2018;2;19;2;3;6;4;2;0;1;1;0;0;0;0;793978,2895;5821583,014;13,3282922;52,46510363
2826;197808;11;1;1011202;2018;2;18;2;3;2;6;2;0;1;0;0;0;0;1;797648,2331;5828133,161;13,38800636;52,52183142
2827;197809;11;3;3050923;2018;2;16;2;3;0;3;0;0;1;0;0;0;1;0;800434,6717;5831725,521;13,4321996;52,55250256
2828;197810;11;12;12103219;2018;2;19;4;3;5;2;2;0;1;0;0;0;0;0;795067,7668;5832467,671;13,35393417;52,56208927
2829;197811;11;5;5010206;2018;2;21;2;3;6;2;2;0;1;1;0;0;0;0;782372,4679;5830489,444;13,16547345;52,55108469
2830;197812;11;7;7050505;2018;2;18;2;3;6;2;2;0;1;1;0;0;0;0;798480,1438;5819046,995;13,39209727;52,43993059
2831;197813;11;5;5020625;2018;2;14;3;3;6;4;0;0;1;1;0;0;0;0;784345,5112;5828383,82;13,19269251;52,53117915
2832;197814;11;11;11020515;2018;2;18;2;3;5;3;2;0;1;0;0;0;0;0;805032,3833;5830417,533;13,49860116;52,53822463
2833;197815;11;5;5010209;2018;2;20;2;3;5;2;2;0;1;0;0;0;0;1;781905,886;5829565,831;13,15782625;52,54304486
2834;197816;11;4;4051446;2018;2;17;2;3;5;2;2;0;1;0;0;0;0;0;792921,7142;5824388,633;13,3152486;52,49082272
2835;197817;11;5;5020523;2018;2;17;2;2;6;4;1;0;1;1;0;0;0;0;783120,2864;5827035,489;13,17353067;52,51972743
2836;197818;11;6;6010205;2018;2;20;2;3;6;4;2;0;1;1;0;0;0;0;795320,0407;5819964,955;13,34655418;52,4498752
2837;197819;11;3;3010104;2018;2;16;2;3;5;3;0;1;1;0;0;0;0;0;800111,5111;5840245,248;13,43516611;52,62904434
2838;197820;11;4;4030725;2018;2;16;2;3;5;7;0;1;1;0;0;0;0;0;791623,3701;5826463,634;13,29799737;52,51012005
2839;197821;11;1;1011304;2018;2;17;4;3;5;3;1;0;1;0;0;0;0;1;799880,5603;5827501,447;13,42024043;52,51494604
2840;197822;11;3;3020307;2018;2;15;2;3;6;4;0;0;1;1;0;0;0;0;799243,1721;5837657,134;13,42003343;52,60632553
2841;197823;11;4;4051655;2018;2;16;3;2;5;2;0;1;1;0;0;0;0;2;794192,3679;5823115,527;13,33278589;52,47872665
2842;197824;11;1;1033101;2018;2;19;2;2;0;1;2;0;0;0;1;0;0;2;796937,1512;5832532,331;13,38148872;52,56165263
2843;197825;11;7;7060603;2018;2;15;2;3;5;2;0;1;1;0;0;0;0;0;798093,309;5817039,404;13,38463347;52,42214563
2844;197826;11;9;9020601;2018;2;22;1;3;1;7;2;0;1;0;0;0;0;1;806579,3766;5821616,014;13,51323816;52,45847522
2845;197827;11;4;4031032;2018;2;12;2;3;5;3;0;0;1;0;0;0;0;0;791627,476;5824506,308;13,29634356;52,49257064
2846;197828;11;6;6020303;2018;2;14;2;3;6;4;0;1;0;1;0;0;0;0;795228,4393;5818687,319;13,34408129;52,4384714
2847;197829;11;7;7040404;2018;2;11;2;3;0;3;0;1;0;0;0;0;1;0;796519,7729;5819859,773;13,36406309;52,44828293
2848;197830;11;4;4051653;2018;2;7;4;3;5;2;0;0;1;0;0;0;0;1;793970,3742;5824712,307;13,33093491;52,49316058
2849;197831;11;12;12301203;2018;2;15;2;2;5;2;0;1;0;0;0;1;0;0;793009,1334;5835695,25;13,32650466;52,59213449
2850;197832;11;4;4041137;2018;2;8;3;3;6;4;0;0;1;1;0;0;0;1;791212,5305;5823631,661;13,28948476;52,48495096
2851;197833;11;9;9020802;2018;2;21;1;3;9;1;2;0;1;0;0;0;0;1;810048,9875;5819426,526;13,56210838;52,43689642
2852;197834;11;6;6020409;2018;2;15;4;3;3;6;0;0;1;0;0;0;1;0;793775,4848;5817589,699;13,32180379;52,42941398
2853;197835;11;6;6030607;2018;2;15;2;3;2;6;0;0;1;0;0;0;0;0;790634,4632;5815230,139;13,27368627;52,40993758
2854;197836;11;7;7040402;2018;2;11;3;3;5;3;0;1;1;0;0;0;0;0;796608,6909;5821154,031;13,36651722;52,45983661
2855;197837;11;9;9020502;2018;2;21;1;3;5;2;2;0;1;0;0;0;1;0;809389,9627;5821483,02;13,55434902;52,45569962
2856;197838;11;4;4041134;2018;2;14;2;2;5;3;0;0;1;0;0;0;0;0;790854,5723;5823647,353;13,28424185;52,48528245
2857;197839;11;8;8030830;2018;2;14;2;3;0;7;0;0;1;0;0;0;0;0;802270,6815;5817831,629;13,44659452;52,42695519
2858;197840;11;1;1044101;2018;2;20;1;3;5;3;2;0;1;0;0;0;0;1;794243,9902;5831425,921;13,3408932;52,55319653
2859;197841;11;7;7040405;2018;2;13;2;3;5;3;0;0;1;0;0;1;0;0;799072,0455;5821704,628;13,40315895;52,4634295
2860;197842;11;7;7040402;2018;2;12;2;3;2;6;0;0;1;0;0;1;0;0;796539,0653;5822580,456;13,36676305;52,47266105
2861;197843;11;1;1022106;2018;2;11;2;3;6;4;0;0;0;1;0;1;0;0;794480,6082;5828352,264;13,34164891;52,52551548
2862;197844;11;6;6010205;2018;2;10;4;3;5;7;0;0;1;0;0;0;0;0;796182,2709;5819598,835;13,35888014;52,44612676
2863;197845;11;2;2030401;2018;2;15;2;3;5;3;0;1;1;0;0;0;0;0;801410,741;5825303,002;13,44073168;52,49439758
2864;197846;11;9;9051702;2018;2;10;2;2;6;4;0;0;1;1;0;0;0;0;814202,6249;5821324,171;13,62479526;52,45153111
2865;197847;11;1;1011303;2018;2;6;3;3;5;2;0;0;1;0;0;0;1;2;799238,9303;5828468,114;13,41168285;52,52396317
2866;197848;11;1;1022106;2018;2;17;1;3;5;2;2;0;1;0;1;0;0;1;793684,4844;5828112,196;13,32973579;52,52379284
2867;197849;11;8;8010214;2018;2;10;2;3;5;2;0;0;1;0;0;0;0;0;801751,3014;5822053,404;13,44279205;52,46508273
2868;197850;11;2;2020204;2018;2;10;2;3;5;3;0;1;1;0;0;0;0;1;799003,4867;5825343,557;13,40541597;52,49608514
2869;197851;11;2;2010104;2018;2;14;1;3;0;1;0;1;0;0;0;0;0;1;799791,0517;5825718,286;13,41731954;52,49901199
2870;197852;11;10;10010310;2018;2;8;2;3;2;6;0;0;1;0;0;0;0;0;809255,0412;5831412,68;13,56158996;52,54476306
2871;197853;11;8;8010301;2018;2;21;4;3;5;3;2;0;1;0;0;0;0;1;800548,5137;5824780,226;13,42759806;52,49018721
2872;197854;11;6;6010205;2018;2;6;2;3;5;2;2;0;1;0;0;0;1;1;795338,8894;5819980,391;13,34684438;52,45000339
2873;197855;11;5;5020625;2018;2;6;2;3;5;2;2;1;1;0;0;0;0;1;784666,0818;5828463,934;13,19747417;52,53173012
2874;197856;11;8;8010508;2018;2;6;2;3;6;2;2;0;1;1;0;0;0;1;803180,8171;5822713,716;13,46437006;52,47020977
2875;197857;11;10;10040933;2018;2;12;1;3;5;3;0;0;1;0;0;0;0;0;812984,2714;5824208,353;13,60962998;52,47807559
2876;197858;11;2;2010102;2018;2;6;2;3;2;1;2;0;1;0;0;0;0;2;798108,8944;5825501,953;13,39241925;52,49799432
2877;197859;11;12;12214424;2018;2;12;5;3;5;2;0;1;1;0;0;0;0;0;793181,4888;5832322,732;13,32605927;52,56180894
2878;197860;11;1;1022207;2018;2;7;6;3;5;3;1;1;1;0;0;0;0;1;794497,1827;5827802,117;13,34140536;52,52057483
2879;197861;11;6;6020409;2018;2;3;2;3;5;3;2;0;1;0;0;1;0;1;793232,7855;5817261,297;13,31355665;52,42676107
2880;197862;11;11;11010205;2018;2;14;4;2;6;4;0;0;0;1;0;0;1;0;806148,8384;5833816,434;13,5181452;52,56806012
2881;197863;11;6;6010205;2018;2;18;2;1;6;4;2;0;0;1;0;0;1;0;795165,5445;5820001,901;13,34432003;52,45028983
2882;197864;11;8;8010404;2018;2;18;2;3;3;6;2;1;1;0;0;0;0;1;801595,7153;5823798,447;13,44208654;52,48080983
2883;197865;11;10;10020517;2018;2;11;1;2;6;4;0;0;1;1;0;0;0;1;813269,5521;5830953,773;13,6201644;52,53835762
2884;197866;11;7;7040405;2018;2;22;1;3;5;3;2;0;1;0;0;0;0;1;798015,7469;5821025,79;13,38705089;52,4579216
2885;197867;11;11;11030720;2018;2;18;1;3;0;3;2;0;0;0;1;0;1;1;805202,6834;5828754,951;13,499578;52,52322856
2886;197868;11;11;11030720;2018;2;17;4;3;1;5;2;0;1;0;0;1;0;0;804561,129;5828698,379;13,4900994;52,52308024
2887;197869;11;3;3020307;2018;2;17;1;3;6;2;2;0;1;1;0;0;0;1;799258,414;5837640,174;13,4202425;52,60616512
2888;197870;11;3;3040513;2018;2;14;3;3;6;4;0;0;1;1;0;0;0;0;798045,5941;5833593,267;13,39874534;52,57055684
2889;197871;11;1;2010101;2018;2;16;1;3;2;6;2;0;1;0;0;0;0;1;797586,6656;5826501,381;13,38564228;52,50723805
2890;197872;11;4;4041241;2018;2;16;3;3;6;7;0;1;0;1;0;0;0;0;791561,1004;5822222,953;13,2933717;52,47213592
2891;197873;11;12;12304314;2018;2;16;1;3;2;6;1;0;1;0;0;0;0;1;791294,9391;5836465,616;13,30194872;52,59996138
2892;197874;11;1;1011306;2018;2;16;2;3;3;6;1;0;1;0;1;0;0;0;800379,3347;5826748,049;13,42688858;52,50791864
2893;197875;11;8;8010404;2018;2;3;1;3;2;7;2;0;1;0;0;0;1;1;801664,9642;5823749,101;13,4430585;52,48032928
2894;197876;11;5;5010101;2018;2;14;1;3;0;7;0;0;1;0;0;0;0;0;785188,4462;5831147,714;13,20745826;52,55551953
2895;197877;11;6;6020409;2018;2;14;1;2;0;1;0;0;1;1;0;0;0;0;793242,5088;5816854,338;13,31334248;52,42310754
2896;197878;11;4;4041344;2018;2;17;2;2;5;3;1;0;1;0;0;0;0;1;793379,7;5821960,236;13,31983797;52,46880704
2897;197879;11;4;4030623;2018;2;17;4;3;5;2;1;0;1;0;0;0;1;0;793511,9938;5826481,816;13,32576236;52,50927013
2898;197880;11;4;4041344;2018;2;13;1;3;6;2;0;0;1;1;0;0;0;0;792805,5317;5821859,2;13,31132104;52,46820932
2899;197881;11;12;12304314;2018;2;15;3;2;2;6;0;0;1;0;0;0;0;0;790205,4279;5835860,456;13,28537709;52,59511879
2900;197882;11;10;10040931;2018;2;22;7;3;9;1;2;0;1;0;0;0;0;1;812899,928;5828290,349;13,61222622;52,51470302
2901;197883;11;4;4051654;2018;2;9;1;3;5;2;0;1;1;0;0;0;0;0;793455,2291;5823943,215;13,3226917;52,48654317
2902;197884;11;5;5020521;2018;2;20;7;3;5;3;2;0;1;0;0;0;0;0;780013,7124;5827865,468;13,12856485;52,52877387
2903;197885;11;2;2020204;2018;2;1;1;3;5;3;2;0;1;0;0;0;0;0;798789,0754;5824945,822;13,40191033;52,4926374
2904;197886;11;3;3071639;2018;2;19;7;3;6;2;2;0;1;1;0;0;0;1;800477,3822;5829086,672;13,43044111;52,52882639
2905;197887;11;2;2020206;2018;2;18;7;3;6;4;2;1;0;1;0;0;0;0;799673,1957;5824852,736;13,41480997;52,49131837
2906;197888;11;11;11030720;2018;2;11;7;3;5;7;0;0;1;0;0;0;0;0;804977,826;5829610,163;13,49705842;52,53101916
2907;197889;11;1;1011104;2018;2;14;4;3;6;2;0;0;0;1;0;1;0;0;796077,3106;5825576,569;13,36264626;52,49976916
2908;197890;11;2;2040502;2018;2;11;7;3;5;2;0;0;1;0;0;0;0;0;801248,5731;5827824,566;13,44063184;52,51708835
2909;197891;11;5;5040937;2018;2;8;3;2;6;6;0;0;1;1;0;0;0;0;781602,2498;5819456,925;13,14481345;52,45255925
2910;197892;11;1;1011203;2018;2;12;7;3;5;5;0;1;1;0;0;0;0;1;797484,1397;5827277,894;13,38483018;52,51425451
2911;197893;11;7;7070701;2018;2;13;7;3;2;6;0;0;1;0;0;0;0;0;799239,0879;5816242,168;13,40071989;52,41437406
2912;197894;11;2;2020206;2018;2;16;7;2;2;7;1;0;1;0;0;0;0;0;799912,5443;5824470,169;13,41798038;52,48775779
2913;197895;11;9;9010101;2018;2;9;6;3;5;2;0;1;0;0;0;1;0;0;802342,4575;5824747,594;13,45390985;52,48890416
2914;197896;11;5;5030832;2018;2;17;7;2;1;5;1;0;1;0;1;0;0;0;788877,2489;5830135,357;13,2608368;52,54449936
2915;197897;11;4;4030828;2018;2;10;4;3;2;6;0;0;1;0;0;0;1;1;793263,1363;5826123,088;13,32179002;52,50618812
2916;197898;11;9;9031101;2018;2;18;7;3;2;6;2;0;1;0;0;0;0;1;811054,8482;5818036,907;13,57556509;52,42387211
2917;197899;11;1;1011204;2018;2;18;7;3;5;2;2;1;1;0;0;0;0;0;798616,2254;5827001,398;13,4012153;52,51115748
2918;197900;11;8;8010118;2018;2;8;4;3;2;6;0;0;1;0;0;0;0;1;800916,5059;5822365,203;13,4308222;52,46833788
2919;197901;11;5;5010339;2018;2;18;7;3;2;6;2;0;1;0;0;0;0;0;787965,0155;5827901,696;13,2454865;52,52495655
2920;197902;11;10;10040931;2018;2;7;3;3;5;3;0;0;1;0;0;0;0;1;813155,6548;5828806,932;13,6164686;52,51918535
2921;197903;11;2;2030301;2018;2;16;6;3;1;5;0;1;1;0;0;0;0;0;799862,7167;5825851,659;13,41849217;52,5001681
2922;197904;11;3;3071638;2018;2;20;6;3;0;7;1;1;1;0;0;0;0;1;800283,2846;5829804,818;13,42823723;52,53537029
2923;197905;11;5;5010204;2018;2;15;6;3;5;3;0;0;1;0;0;0;0;0;781769,9273;5831530,959;13,15749456;52,56073541
2924;197906;11;11;11030721;2018;2;22;5;2;5;3;2;1;1;0;0;0;0;1;804606,9609;5827499,79;13,48967547;52,51231223
2925;197907;11;6;6020302;2018;2;18;6;3;5;3;2;0;1;0;0;0;0;1;795155,7137;5818820,271;13,34313193;52,4397025
2926;197908;11;8;8010303;2018;2;13;6;3;5;2;0;0;0;0;1;0;1;0;800858,756;5824011,063;13,43145932;52,48312208
2927;197909;11;3;3071537;2018;2;14;3;3;6;4;0;0;1;1;0;0;0;1;799778,7468;5829591,179;13,42062828;52,53373311
2928;197910;11;5;5010312;2018;2;11;6;3;6;4;0;0;1;1;0;0;0;0;785269,31;5829967,729;13,20763398;52,5448976
2929;197911;11;10;10040830;2018;2;16;2;3;5;3;0;0;1;0;0;0;0;0;810516,2791;5824945,024;13,5740938;52,48608604
2930;197912;11;10;10010206;2018;2;12;2;3;2;6;0;0;1;0;0;0;0;0;809971,9185;5832039,151;13,5727122;52,54996982
2931;197913;11;8;8010214;2018;2;11;6;3;6;4;0;0;1;1;0;0;0;0;801949,5356;5822407,552;13,44602164;52,46814751
2932;197914;11;12;12302110;2018;2;19;2;3;2;6;2;0;1;0;0;0;0;1;795049,4399;5836331,77;13,35710401;52,59673732
2933;197915;11;10;10040933;2018;2;10;6;3;5;3;0;0;1;0;0;0;1;0;812390,8067;5824673,282;13,60135565;52,48258168
2934;197916;11;11;11030617;2018;2;20;6;3;6;4;2;0;1;1;0;0;0;0;802965,5253;5829821,122;13,46767662;52,53403208
2935;197917;11;7;7040401;2018;2;0;4;3;0;1;2;1;0;0;0;0;0;0;798355,8882;5823947,81;13,39465534;52,48392842
2936;197918;11;10;10010308;2018;2;9;6;3;5;2;0;1;0;0;0;0;1;0;806458,6452;5829889,248;13,51907753;52,5326899
2937;197919;11;7;7010104;2018;2;19;6;3;5;3;2;1;1;0;0;0;0;1;796340,7328;5825088,388;13,36608117;52,49525009
2938;197920;11;4;4030827;2018;2;15;3;3;6;2;0;0;1;1;0;0;0;1;792716,1959;5826095,195;13,31373013;52,5062318
2939;197921;11;1;1022104;2018;2;19;6;3;5;2;2;1;1;0;0;0;0;1;794563,6239;5828438,649;13,34294555;52,52624502
2940;197922;11;4;4030519;2018;2;8;6;3;2;6;0;0;1;0;0;0;1;1;791324,4476;5828733,737;13,29559348;52,53063102
2941;197923;11;8;8010510;2018;2;16;2;3;2;6;1;0;1;0;0;0;0;0;802444,181;5822614,475;13,45346868;52,46972858
2942;197924;11;10;10030725;2018;2;16;4;3;5;3;0;1;1;0;0;0;0;0;809691,4218;5829701,347;13,56640974;52,52917899
2943;197925;11;2;2010103;2018;2;9;6;3;5;3;0;1;1;0;0;0;0;0;799385,6761;5825908,573;13,41153678;52,50094017
2944;197926;11;11;11020514;2018;2;15;5;3;0;2;0;1;0;0;0;0;1;0;803850,9014;5830391,989;13,48121141;52,53865571
2945;197927;11;3;3040512;2018;2;10;2;2;1;7;0;0;1;0;0;0;0;1;795686,8514;5835632,959;13,36586335;52,59012702
2946;197928;11;8;8010214;2018;2;16;5;3;5;2;0;1;1;0;0;0;0;0;801753,564;5822049,587;13,44282181;52,46504727
2947;197929;11;9;9020502;2018;2;6;2;2;5;3;0;0;1;0;0;0;0;2;806945,4378;5822301,753;13,51923941;52,46441555
2948;197930;11;10;10030725;2018;2;17;5;3;5;3;1;1;1;0;0;0;0;0;809907,039;5829669,767;13,5695486;52,52877346
2949;197931;11;1;1044203;2018;2;16;7;3;5;3;0;0;1;0;0;0;0;0;795933,1686;5831391,176;13,36570376;52,55196992
2950;197932;11;7;7020204;2018;2;19;5;3;2;6;2;0;1;0;0;0;0;0;796469,1372;5823547,089;13,3665959;52,48136402
2951;197933;11;3;3050923;2018;2;14;6;2;6;4;0;0;1;1;0;0;0;0;800707,1751;5831946,745;13,43640702;52,55433505
2952;197934;11;3;3050923;2018;2;16;4;3;1;6;0;0;1;0;0;0;0;0;800366,3122;5831670,528;13,43114464;52,55204734
2953;197935;11;1;1011302;2018;2;14;4;3;5;7;0;0;1;0;0;0;1;0;797877,9096;5828530,64;13,39173752;52,5252689
2954;197936;11;4;4030622;2018;2;8;4;3;2;6;0;1;0;0;0;0;0;0;792180,5374;5827025,72;13,30667733;52,51486088
2955;197937;11;6;6020410;2018;2;8;2;3;5;3;0;1;1;0;0;0;0;2;794571,4754;5817030,267;13,3329848;52,42397089
2956;197938;11;12;12103218;2018;2;15;4;3;5;2;0;0;1;0;0;0;0;0;794542,2357;5833150,372;13,34680999;52,56849369
2957;197939;11;10;10010308;2018;2;12;7;2;5;2;0;0;1;0;0;0;1;0;806703,1825;5829146,22;13,52198588;52,52589325
2958;197940;11;2;2050602;2018;2;14;4;3;5;2;0;1;1;0;0;0;0;0;802041,2099;5828020,207;13,45245523;52,5184035
2959;197941;11;10;10020415;2018;2;16;4;3;6;4;0;0;1;1;0;0;0;0;812168,8534;5831020,34;13,60405066;52,53958571
2960;197942;11;8;8010404;2018;2;22;4;2;6;4;2;0;1;1;0;0;0;0;801725,816;5823688,417;13,44389691;52,47975174
2961;197943;11;9;9031202;2018;2;17;7;3;8;1;1;0;1;0;0;0;0;0;815953,818;5813157,985;13,64277184;52,37734675
2962;197944;11;2;2020206;2018;2;19;4;3;2;6;2;0;1;0;0;0;0;0;799434,9616;5824528,067;13,41101985;52,48853891
2963;197945;11;1;1011204;2018;2;23;6;3;2;6;2;0;1;0;0;0;0;0;797854,7655;5826861,054;13,38990261;52,51031578
2964;197946;11;5;5010314;2018;2;19;4;3;2;6;2;0;1;0;0;0;0;0;785259,2961;5829307,686;13,20691993;52,53898498
2965;197947;11;4;4030623;2018;2;13;5;3;5;2;0;1;1;0;0;0;0;0;793680,1855;5826378,253;13,3281421;52,50825122
2966;197948;11;5;5030730;2018;2;7;4;3;2;6;0;0;1;0;0;0;0;0;786924,9167;5829409,068;13,23149895;52,53901946
2967;197949;11;7;7020202;2018;2;13;3;3;6;2;0;0;1;1;0;0;0;0;794945,0467;5823156,48;13,3438728;52,47868779
2968;197950;11;9;9052001;2018;2;8;4;2;5;3;0;0;1;0;1;0;0;0;809221,2547;5823025,606;13,55330314;52,46961952
2969;197951;11;11;11051229;2018;2;9;4;3;2;6;0;0;1;0;1;0;0;0;804324,0077;5825843,013;13,48400451;52,49762108
2970;197952;11;2;2050803;2018;2;13;1;3;5;2;0;1;1;0;0;0;0;0;803080,2117;5826030,155;13,46590893;52,49999055
2971;197953;11;8;8040933;2018;2;6;4;3;5;3;1;1;1;0;0;0;0;0;803027,1194;5819381,506;13,45909037;52,44042843
2972;197954;11;1;1044102;2018;2;14;6;3;6;2;0;0;1;1;0;0;1;0;794711,8885;5831777,489;13,34808649;52,55609509
2973;197955;11;2;2050602;2018;2;11;4;3;1;5;0;1;0;0;0;1;0;0;802183,6694;5828102,914;13,45462349;52,51906588
2974;197956;11;10;10020517;2018;2;12;4;3;6;4;0;0;1;1;0;0;1;0;813436,2315;5830085,577;13,62179524;52,53048198
2975;197957;11;5;5010208;2018;2;17;4;3;6;2;1;0;1;1;0;0;0;0;783691,743;5829861,065;13,18434188;52,54476502
2976;197958;11;9;9010101;2018;2;7;3;3;1;5;0;1;1;0;0;0;0;0;802026,5134;5824664,93;13,44919591;52,48833811
2977;197959;11;1;1011302;2018;2;9;4;3;5;2;0;1;1;0;0;0;0;0;798621,0424;5828992,3;13,40307333;52,52900052
2978;197960;11;4;4030930;2018;2;15;2;3;6;7;0;0;1;1;0;0;0;0;793133,8405;5825601,707;13,31943146;52,50158363
2979;197961;11;3;3040614;2018;2;17;4;3;0;7;2;1;0;0;0;0;0;0;798864,569;5834867,804;13,41194226;52,581532
2980;197962;11;1;1011305;2018;2;15;3;3;5;2;0;1;1;0;0;0;0;0;798859,618;5826649,156;13,40447481;52,50786683
2981;197963;11;1;1011305;2018;2;16;4;3;6;4;0;1;0;1;0;0;0;0;799016,4491;5827062,15;13,40714971;52,5114828
2982;197964;11;10;10020517;2018;2;16;4;2;6;4;0;0;1;1;0;0;0;0;813243,7972;5831047,17;13,61987394;52,53920934
2983;197965;11;7;7020201;2018;2;14;1;2;0;7;0;0;1;0;0;0;0;0;794935,8147;5824320,672;13,3447673;52,48912902
2984;197966;11;2;2050801;2018;2;14;4;3;2;6;0;1;0;0;0;0;0;0;803296,5792;5826762,044;13,46975322;52,50643012
2985;197967;11;7;7010104;2018;2;13;6;3;6;7;0;0;1;1;0;0;0;0;796297,9453;5824918,963;13,36530207;52,49375457
2986;197968;11;8;8010214;2018;2;14;4;3;2;6;0;1;1;0;0;0;0;0;801569,6322;5822303,204;13,44035174;52,46742205
2987;197969;11;8;8020625;2018;2;12;3;3;0;2;0;0;0;0;0;0;1;0;802266,152;5818950,596;13,44753962;52,43698722
2988;197970;11;5;5010339;2018;2;14;4;3;6;2;0;0;1;1;0;0;0;0;787067,8795;5828157,236;13,23251987;52,52772075
2989;197971;11;11;11040925;2018;2;14;2;3;2;6;0;0;1;0;0;0;0;0;803513,2316;5826456,946;13,47265739;52,50357512
2990;197972;11;1;1011203;2018;2;14;4;3;2;7;0;0;1;0;0;0;0;0;797763,4679;5827448,472;13,38908692;52,51563111
2991;197973;11;10;10030727;2018;2;15;7;3;2;6;0;0;1;0;0;0;0;0;809582,4655;5824721,766;13,56017821;52,48461553
2992;197974;11;8;8010404;2018;2;13;4;3;2;6;0;0;1;0;0;0;0;0;801997,2926;5823494,307;13,44770642;52,47786185
2993;197975;11;4;4010101;2018;2;15;1;3;5;3;0;0;1;0;0;0;0;0;790184,5995;5829813,996;13,27978069;52,54092359
2994;197976;11;7;7030301;2018;2;11;4;2;5;3;0;1;1;0;0;0;0;0;794203,5852;5822747,64;13,33262602;52,47542269
2995;197977;11;6;6040810;2018;2;10;6;3;2;2;0;0;0;0;0;1;1;0;792367,6337;5820956,54;13,30410234;52,46035161
2996;197978;11;4;4010102;2018;2;5;4;3;2;2;2;0;1;0;0;0;0;0;792855,956;5830509,484;13,31967114;52,54572919
2997;197979;11;5;5020417;2018;2;15;3;3;2;2;0;0;1;0;0;0;0;0;783417,6282;5828638,56;13,17926765;52,53394647
2998;197980;11;4;4051551;2018;2;12;5;3;2;2;0;0;1;0;0;0;0;0;792827,5985;5823232,113;13,31285032;52,48050533
2999;197981;11;8;8041035;2018;2;17;2;3;5;3;1;1;1;0;0;0;0;0;804356,3043;5818319,574;13,47761805;52,43017243
3000;197982;11;6;6010209;2018;2;20;3;3;5;2;2;0;1;0;0;0;0;0;794768,1005;5820917,511;13,33929683;52,45871224
3001;197983;11;2;2020202;2018;2;10;2;3;0;6;0;0;1;0;1;0;0;0;797547,0635;5825062,796;13,38377516;52,49436438
3002;197984;11;4;4030828;2018;2;14;3;3;0;5;0;0;1;0;0;0;1;0;792946,9101;5826087,875;13,31711322;52,50604234
3003;197985;11;8;8010214;2018;2;16;7;3;5;5;0;0;1;0;0;0;0;0;801817,2502;5821957,557;13,44367319;52,46418721
3004;197986;11;2;2010102;2018;2;22;6;2;2;6;2;0;1;0;0;0;0;0;798439,914;5826523,757;13,39819677;52,50697255
3005;197987;11;1;1011102;2018;2;11;5;3;5;3;0;0;1;0;0;0;0;0;795167,843;5827098,005;13,35063644;52,51390039
3006;197988;11;7;7030303;2018;2;13;3;3;5;2;0;1;0;0;0;0;1;0;796191,4301;5822784,925;13,36184155;52,47468256
3007;197989;11;8;8010117;2018;2;18;3;3;2;6;2;0;1;0;0;0;0;0;800687,9407;5822947,891;13,42799282;52,47368658
3008;197990;11;11;11030721;2018;2;14;3;3;5;3;0;0;1;0;0;0;0;0;804261,4109;5828605,551;13,48561051;52,52241559