;OBJECTID;LAND;BEZ;LOR;UJAHR;UMONAT;USTUNDE;UWOCHENTAG;UKATEGORIE;UART;UTYP1;ULICHTVERH;IstRad;IstPKW;IstFuss;IstKrad;IstGkfz;IstSonstige;USTRZUSTAND;LINREFX;LINREFY;XGCSWGS84;YGCSWGS84
3009;197991;11;3;3061228;2018;2;17;6;3;5;3;2;0;1;0;0;0;0;0;800305,1604;5831588,836;13,43017155;52,55134883
3010;197992;11;8;8010212;2018;2;15;3;3;2;6;0;0;1;0;0;0;0;0;800613,7655;5823398,531;13,42731022;52,47776666
3011;197993;11;6;6030610;2018;2;1;6;3;2;7;2;0;1;0;0;0;0;0;791940,5969;5819047,277;13,29616592;52,44346343
3012;197994;11;5;5020524;2018;2;16;4;3;0;6;0;0;1;0;0;0;1;0;783638,0702;5825870,377;13,18014816;52,50901168
3013;197995;11;6;6030504;2018;2;21;3;3;6;4;2;0;1;1;0;0;0;0;790088,2765;5815771,09;13,26614775;52,41507711
3014;197996;11;2;2050803;2018;2;18;3;3;0;6;2;0;1;0;0;0;1;0;803111,0118;5826127,667;13,46645002;52,50084743
3015;197997;11;5;5020626;2018;2;9;2;3;1;5;0;1;1;0;0;0;0;0;784511,2641;5827117,425;13,19404587;52,5197381
3016;197998;11;5;5010206;2018;2;18;3;3;1;5;2;0;1;0;0;0;1;0;781988,8554;5830588,438;13,15991481;52,55217104
3017;197999;11;2;2040503;2018;2;13;7;3;2;2;0;0;1;0;0;0;0;0;801315,885;5828683,632;13,44239901;52,52475109
3018;198000;11;1;1022207;2018;2;17;3;3;5;5;1;0;1;0;1;0;0;0;794853,1302;5827787,841;13,3466236;52,52025451
3019;198001;11;12;12301203;2018;2;14;5;3;5;2;0;1;1;0;0;0;0;0;793413,891;5836084,821;13,33280777;52,59540853
3020;198002;11;4;4030620;2018;2;17;3;3;6;4;1;0;0;1;1;0;0;0;792340,8408;5827412,617;13,30937287;52,5182434
3021;198003;11;6;6030503;2018;2;16;3;3;5;3;0;0;1;0;0;0;0;0;788970,4184;5817726,994;13,25144695;52,43320419
3022;198004;11;1;1011402;2018;2;18;3;3;5;3;2;1;1;0;0;0;0;0;798287,1562;5830079,42;13,39914169;52,53892787
3023;198005;11;9;9020802;2018;2;13;3;2;6;4;0;0;0;1;0;0;1;0;810429,9001;5820336,885;13,56853942;52,44483873
3024;198006;11;1;1011302;2018;2;11;3;3;2;6;0;0;1;0;0;0;0;0;799073,2287;5828999,35;13,40972558;52,52881583
3025;198007;11;6;6040703;2018;2;12;1;3;5;3;0;0;1;0;0;0;0;0;785886,5932;5817772,064;13,2062485;52,43522879
3026;198008;11;12;12301203;2018;2;10;3;3;2;6;0;0;1;0;0;0;0;0;792967,1066;5835551,673;13,32575904;52,59087004
3027;198009;11;2;2010103;2018;2;0;3;2;5;3;2;1;1;0;0;0;0;0;799281,2641;5826219,832;13,41028294;52,50378743
3028;198010;11;5;5010103;2018;2;7;2;3;5;3;0;0;1;0;0;0;1;1;784276,2798;5831383,631;13,19424216;52,55811168
3029;198011;11;4;4041135;2018;2;2;3;3;2;6;2;0;1;0;0;0;0;0;790556,1806;5821887,409;13,27832643;52,46966318
3030;198012;11;4;4030827;2018;2;9;7;2;0;7;0;1;0;0;0;0;0;0;792256,9036;5826004,443;13,30690271;52,50566446
3031;198013;11;11;11020513;2018;2;6;3;3;2;6;1;0;1;0;0;0;1;0;803320,8714;5830097,061;13,47315121;52,53630761
3032;198014;11;10;10010309;2018;2;7;3;2;6;7;0;0;1;1;0;0;0;0;808196,6516;5829256,917;13,54403289;52,52604316
3033;198015;11;10;10040830;2018;2;8;3;3;5;3;0;1;1;0;0;0;0;0;810863,0059;5826875,804;13,58098512;52,50319137
3034;198016;11;6;6030609;2018;2;14;3;3;5;2;0;1;1;0;0;0;0;0;793263,557;5819084,257;13,31560708;52,44308703
3035;198017;11;2;2010101;2018;2;9;3;3;5;3;0;1;1;0;0;0;0;0;797383,5916;5825854,735;13,38208145;52,50155233
3036;198018;11;2;2020204;2018;2;10;3;3;5;2;0;1;1;0;0;0;0;0;798045,2033;5824879,783;13,39092716;52,49245211
3037;198019;11;8;8010301;2018;2;19;1;3;6;4;2;0;1;1;0;0;0;0;800771,0329;5824364,908;13,43049069;52,48634203
3038;198020;11;9;9010301;2018;2;9;5;3;2;6;0;0;1;0;0;0;0;0;804336,6216;5821652,915;13,48036562;52,46005943
3039;198021;11;8;8010118;2018;2;19;6;3;2;6;2;0;1;0;0;0;0;0;801072,2483;5821992,093;13,43277133;52,46490777
3040;198022;11;4;4030930;2018;2;12;3;3;5;2;0;0;1;0;0;0;0;0;792837,3276;5825500,316;13,31498654;52,5008339
3041;198023;11;11;11030619;2018;2;11;6;3;2;6;0;0;1;0;0;0;0;0;804211,8711;5829097,577;13,48533267;52,52685305
3042;198024;11;10;10010102;2018;2;19;2;3;0;5;2;0;1;0;0;0;1;0;809818,778;5834146,938;13,57242848;52,56894582
3043;198025;11;1;1044101;2018;2;15;6;3;5;2;0;0;1;0;0;0;0;0;793965,8206;5832015,82;13,33732466;52,55863479
3044;198026;11;1;1011303;2018;2;2;2;2;9;1;2;0;1;1;0;0;0;0;799501,792;5828137,331;13,41524786;52,52085389
3045;198027;11;11;11020515;2018;2;20;2;3;6;7;2;0;1;1;0;0;0;0;805129,4405;5830026,475;13,49966872;52,53466548
3046;198028;11;2;2010103;2018;2;20;2;3;5;3;2;1;1;0;0;0;0;0;799281,7464;5826219,656;13,41028986;52,50378559
3047;198029;11;8;8030829;2018;2;9;3;3;6;4;0;0;1;1;0;0;0;0;803508,3936;5818192,684;13,46506981;52,42950617
3048;198030;11;3;3040614;2018;2;17;2;2;2;6;1;1;1;0;0;0;0;0;798681,9195;5834909,426;13,40929212;52,58200538
3049;198031;11;6;6020409;2018;2;14;2;3;4;1;0;0;1;0;0;0;0;0;793521,3841;5817197,404;13,31773289;52,42603353
3050;198032;11;4;4030931;2018;2;18;2;3;3;6;2;1;1;0;0;0;0;0;794234,9317;5825969,125;13,33593072;52,50428471
3051;198033;11;2;2020206;2018;2;2;1;3;5;7;2;0;1;0;0;0;0;1;799980,0923;5824732,58;13,41920842;52,49007279
3052;198034;11;3;3071537;2018;2;16;5;3;0;2;0;1;1;0;0;0;0;0;799744,0625;5829358,478;13,41990863;52,5316664
3053;198035;11;3;3030405;2018;2;17;2;3;2;7;1;0;1;0;0;0;1;0;803545,8302;5839599,494;13,48515869;52,62134858
3054;198036;11;6;6040810;2018;2;3;6;3;5;3;2;0;1;0;0;0;0;0;792668,975;5821776,962;13,3092444;52,46754525
3055;198037;11;5;5020417;2018;2;21;4;3;0;1;2;0;1;0;0;0;0;0;781885,1369;5829144,553;13,15716364;52,53927823
3056;198038;11;4;4010103;2018;2;16;2;3;2;6;0;0;1;0;0;1;0;0;791325,9521;5829214,588;13,29603704;52,53494097
3057;198039;11;12;12304314;2018;2;14;5;3;2;2;0;0;1;0;0;0;0;0;790945,196;5836172,22;13,29654158;52,59751842
3058;198040;11;1;1044101;2018;2;16;2;3;2;6;0;0;1;0;0;0;0;0;793938,9032;5830104,009;13,33523637;52,54151116
3059;198041;11;1;1011303;2018;2;8;2;3;1;5;0;1;1;0;0;0;0;0;799133,6827;5828551,019;13,41021075;52,52476404
3060;198042;11;1;1033201;2018;2;23;5;2;5;2;2;0;1;0;0;0;0;0;798080,6267;5829993,696;13,39602864;52,53827247
3061;198043;11;2;2020203;2018;2;14;2;3;5;3;0;1;0;0;0;0;1;0;797804,931;5824909,685;13,38742538;52,49285128
3062;198044;11;4;4030931;2018;2;21;7;3;0;1;2;0;0;0;1;0;0;0;793528,4739;5825909,191;13,32549959;52,50412794
3063;198045;11;1;1022204;2018;2;9;2;3;3;6;0;0;1;0;0;0;0;0;795141,5673;5828263,009;13,35128398;52,52435798
3064;198046;11;1;1044201;2018;2;14;2;3;5;2;0;1;1;0;0;0;0;0;795681,01;5830935,6;13,36158989;52,54802305
3065;198047;11;3;3061434;2018;2;6;2;3;5;3;2;0;1;0;0;0;0;1;801321,1262;5829649,433;13,44335134;52,53340478
3066;198048;11;6;6030609;2018;2;14;2;3;6;2;0;0;1;1;0;0;0;0;793263,5473;5819084,328;13,315607;52,44308767
3067;198049;11;1;1033102;2018;2;16;7;3;6;4;0;0;1;1;0;0;0;0;797352,4086;5831202,463;13,38640532;52,54950542
3068;198050;11;7;7020202;2018;2;20;5;3;5;7;2;0;1;0;0;0;0;0;795224,3058;5823517,338;13,34829232;52,48177175
3069;198051;11;1;1033102;2018;2;14;2;3;1;5;0;0;1;0;0;0;1;0;797612,0094;5831788,392;13,39074783;52,55461575
3070;198052;11;10;10010102;2018;2;13;6;3;6;4;0;0;1;1;0;0;0;0;809725,3178;5833730,976;13,57066557;52,56527137
3071;198053;11;5;5030833;2018;2;16;4;3;5;7;0;0;1;0;0;0;0;0;789202,3075;5829285,452;13,26487703;52,53670734
3072;198054;11;12;12214527;2018;2;14;2;3;5;3;0;0;1;0;0;0;0;0;789892,3449;5834748,24;13,2797946;52,58531481
3073;198055;11;10;10010203;2018;2;14;2;2;5;3;0;1;1;0;0;0;0;0;808292,8654;5832807,906;13,5487417;52,55781204
3074;198056;11;4;4020313;2018;2;8;2;3;2;6;0;0;1;0;0;0;0;2;790590,9394;5826702,95;13,28303647;52,5128165
3075;198057;11;5;5020626;2018;2;7;5;3;6;2;0;0;1;1;0;0;0;0;784545,1338;5828017,309;13,19531367;52,52778882
3076;198058;11;2;2050802;2018;2;10;2;3;5;3;0;0;1;0;0;0;0;0;802760,9849;5827129,541;13,46222031;52,51002145
3077;198059;11;1;1033203;2018;2;13;7;3;1;5;0;1;1;0;0;0;0;0;796576,2927;5830887,573;13,37471153;52,54710589
3078;198060;11;4;4051550;2018;2;9;2;3;5;5;0;1;1;0;0;0;0;0;793015,5561;5824347,768;13,31659085;52,49040601
3079;198061;11;12;12304313;2018;2;9;5;3;6;7;0;0;1;1;0;0;0;0;791908,7137;5834092,363;13,30889415;52,57835693
3080;198062;11;3;3050923;2018;2;7;2;3;6;7;0;0;1;1;0;0;0;0;800644,5064;5831839,966;13,43538877;52,55341257
3081;198063;11;8;8020620;2018;2;6;2;3;6;2;2;0;1;1;0;0;0;0;801013,8193;5821492,821;13,43146359;52,46046481
3082;198064;11;7;7040403;2018;2;16;3;3;6;4;0;0;1;1;0;0;0;0;797225,4102;5821223,864;13,37562969;52,46012753
3083;198065;11;6;6010209;2018;2;20;2;3;1;5;2;1;1;0;0;0;0;0;794500,8923;5821451,78;13,33584686;52,46364575
3084;198066;11;11;11030721;2018;2;14;2;2;5;3;0;1;1;0;0;0;0;0;803447,9878;5828360,392;13,47343464;52,52067156
3085;198067;11;6;6020409;2018;2;16;2;2;5;3;0;1;1;0;0;0;0;0;793824,1955;5817784,161;13,32268904;52,43113112
3086;198068;11;3;3050923;2018;2;15;3;3;5;3;0;0;1;0;0;0;0;0;800726,4541;5831667,57;13,43643764;52,55182211
3087;198069;11;9;9010301;2018;2;18;2;2;5;2;2;0;1;0;1;0;0;0;804751,1768;5822290,82;13,48703072;52,46554576
3088;198070;11;2;2010104;2018;2;10;2;1;6;2;0;0;0;1;0;1;0;0;799881,673;5825710,802;13,41864376;52,49889512
3089;198071;11;6;6040703;2018;2;1;1;2;1;5;2;1;1;0;0;0;0;1;786550,7113;5817576,966;13,21582375;52,43313203
3090;198072;11;12;12224230;2018;2;8;5;3;5;3;0;1;1;0;0;0;0;0;785681,4385;5838024,787;13,22063962;52,61691887
3091;198073;11;5;5010339;2018;2;2;1;3;6;4;2;0;1;1;0;0;0;0;786057,0729;5828491,723;13,21794835;52,53125104
3092;198074;11;2;2030302;2018;2;0;7;3;0;1;2;1;0;0;0;0;0;0;800432,0602;5825770,445;13,42678104;52,499127
3093;198075;11;8;8020619;2018;2;20;1;3;1;5;2;0;1;0;0;0;0;0;801246,4181;5821589,473;13,43496395;52,46120297
3094;198076;11;3;3061126;2018;2;18;1;3;2;6;2;0;1;0;0;0;0;0;799238,463;5831771,993;13,41465132;52,55357759
3095;198077;11;11;11040926;2018;2;16;1;2;6;4;1;0;1;1;0;0;0;0;806137,9819;5827281,604;13,51196503;52,50949971
3096;198078;11;8;8020727;2018;2;5;3;2;5;3;2;0;1;0;1;0;1;0;801389,8267;5817508,283;13,43338742;52,42454283
3097;198079;11;3;3030406;2018;2;15;1;3;6;4;0;0;1;1;0;0;0;0;802542,6468;5838746,902;13,46960502;52,61426662
3098;198080;11;5;5010314;2018;2;15;2;3;2;6;0;0;1;0;0;0;1;0;784423,3643;5828892,219;13,19427218;52,53569686
3099;198081;11;6;6020411;2018;2;9;1;2;5;3;0;1;1;0;0;0;0;0;794753,898;5815618,55;13,33441637;52,41121722
3100;198082;11;1;1011301;2018;2;16;1;3;2;6;0;0;1;0;0;0;0;0;797606,2711;5828388,654;13,38761834;52,52414452
3101;198083;11;2;2020205;2018;2;8;1;3;6;7;0;0;0;1;0;0;1;0;798755,3247;5823991,272;13,40055899;52,48409959
3102;198084;11;4;4030519;2018;2;13;1;2;5;2;0;0;1;0;0;0;0;0;792061,3003;5828235,179;13,30598714;52,52576726
3103;198085;11;3;3040818;2018;2;8;5;3;5;3;0;0;1;0;0;0;0;0;799708,6612;5832506,182;13,42222861;52,55989984
3104;198086;11;2;2050801;2018;2;6;1;3;5;3;2;0;1;0;0;0;1;0;803117,725;5827109,68;13,46744266;52,50964534
3105;198087;11;1;1033202;2018;2;6;6;3;0;2;2;0;1;0;1;0;0;0;797408,1172;5830525,524;13,38661832;52,54340709
3106;198088;11;3;3020307;2018;2;2;1;3;0;1;2;1;0;0;0;0;0;0;799574,8644;5837789,187;13,42503641;52,60732647
3107;198089;11;1;1011203;2018;2;5;1;3;5;3;2;0;1;0;0;0;0;0;797949,7656;5827078,719;13,39149316;52,512215
3108;198090;11;11;11010310;2018;2;10;3;3;6;4;0;0;1;1;0;0;0;0;805445,1351;5833340,76;13,50735698;52,56419229
3109;198091;11;8;8010404;2018;2;20;7;3;6;7;2;0;1;1;0;0;0;0;801206,1462;5823701,651;13,43627998;52,48015723
3110;198092;11;6;6030609;2018;2;12;2;3;5;3;0;0;1;0;0;0;0;0;792381,2404;5818486,04;13,30213952;52,43819655
3111;198093;11;7;7040403;2018;2;0;7;3;2;3;2;0;1;0;0;0;0;0;797810,976;5820777,551;13,38382465;52,45580802
3112;198094;11;8;8020622;2018;2;13;7;3;2;6;0;0;1;0;0;0;0;0;801375,0893;5819353,802;13,4348348;52,44109301
3113;198095;11;3;3051017;2018;2;5;5;3;5;3;2;1;1;0;0;0;0;0;803457,0568;5832810,98;13,47763277;52,56055576
3114;198096;11;11;11030619;2018;2;12;7;2;5;2;0;0;1;0;0;0;0;0;803550,9262;5829753,019;13,47621843;52,53309599
3115;198097;11;1;1033201;2018;2;10;6;2;5;3;0;0;1;0;0;0;0;0;798072,456;5829993,791;13,39590861;52,5382778
3116;198098;11;4;4030828;2018;2;18;4;2;0;5;2;1;1;0;0;0;0;0;793222,5862;5826094,599;13,32116919;52,50595453
3117;198099;11;11;11041022;2018;2;12;7;3;5;3;0;0;1;0;0;0;0;0;806594,6699;5827752,872;13,51910725;52,51346684
3118;198100;11;7;7060604;2018;2;6;5;3;0;5;2;0;1;0;0;0;0;0;796331,574;5814525,632;13,3565767;52,40056823
3119;198101;11;1;1011101;2018;2;12;7;3;6;6;0;1;0;1;0;0;0;0;794536,6379;5826105,855;13,34048385;52,50534763
3120;198102;11;3;3040614;2018;2;11;6;3;6;4;0;0;0;1;0;0;1;0;799983,5308;5835089,802;13,42860814;52,58290607
3121;198103;11;4;4030929;2018;2;6;7;3;5;3;1;0;1;0;0;0;0;0;792707,6433;5825465,847;13,31305122;52,50059447
3122;198104;11;7;7030301;2018;2;16;2;2;5;3;0;1;1;0;0;0;0;0;794143,3633;5822090,575;13,33116251;52,46956484
3123;198105;11;9;9051901;2018;2;9;7;3;0;1;0;0;0;0;1;0;0;1;812054,6273;5821189,034;13,59316301;52,45155042
3124;198106;11;12;12301204;2018;2;11;2;2;2;6;0;0;1;0;0;0;1;0;792829,1733;5836801,749;13,32483415;52,60215054
3125;198107;11;10;10040828;2018;2;7;5;3;1;5;0;1;1;0;0;0;1;0;811420,9335;5828080,336;13,59030513;52,51366745
3126;198108;11;1;1011302;2018;2;23;7;3;5;3;2;0;1;0;0;0;0;0;797983,7387;5828663,583;13,39341195;52,52640274
3127;198109;11;9;9010101;2018;2;15;7;3;5;3;0;1;1;0;0;0;0;0;802205,2172;5824896,656;13,45202992;52,49031619
3128;198110;11;4;4010103;2018;2;7;5;2;0;2;0;0;1;0;1;0;0;0;791168,9598;5829096,441;13,29362552;52,53396569
3129;198111;11;1;1011306;2018;2;18;6;3;1;5;2;1;1;0;0;0;0;0;800286,8144;5826803,733;13,4255797;52,50846868
3130;198112;11;1;1044202;2018;2;23;7;3;5;3;2;0;1;0;0;0;0;0;795398,3912;5830608,085;13,35714279;52,54524049
3131;198113;11;7;7030301;2018;2;16;6;3;6;4;0;0;1;1;0;0;0;0;794257,5466;5822038,009;13,33279224;52,46903212
3132;198114;11;6;6020306;2018;2;14;4;3;6;4;0;0;1;1;0;0;0;0;796222,6614;5817061,838;13,35722476;52,42336255
3133;198115;11;8;8010212;2018;2;23;7;3;2;1;2;0;1;0;0;0;0;0;800714,5324;5823428,537;13,42881652;52,47798014
3134;198116;11;5;5030730;2018;2;21;7;3;5;2;2;0;1;0;0;0;0;0;785747,7805;5829267,662;13,21406837;52,53837019
3135;198117;11;4;4020314;2018;2;7;2;3;2;6;0;0;1;0;0;0;0;2;790371,7268;5825663,984;13,27890894;52,50361882
3136;198118;11;9;9041501;2018;2;9;5;2;5;3;0;1;1;0;0;0;0;0;811256,8087;5820188,649;13,58052863;52,44304026
3137;198119;11;2;2050802;2018;2;18;7;2;6;4;2;0;1;1;0;0;0;0;802679,0824;5827241,136;13,46111866;52,51106711
3138;198120;11;7;7040405;2018;2;9;2;3;5;2;0;1;0;0;0;1;0;1;799146,878;5821297,909;13,40389265;52,45974284
3139;198121;11;8;8020620;2018;2;12;5;3;5;2;0;0;1;0;0;0;0;0;800665,2778;5821110,365;13,42600463;52,45722857
3140;198122;11;5;5010314;2018;2;18;7;2;6;4;2;0;1;1;0;0;0;0;784460,9156;5828881,624;13,19481525;52,53558226
3141;198123;11;1;1011301;2018;2;16;7;3;9;1;0;0;1;0;0;0;0;0;797002,835;5828944,464;13,37924659;52,52945577
3142;198124;11;2;2050602;2018;2;18;7;3;5;2;2;1;1;0;0;0;0;0;802710,0506;5828215,365;13,46245988;52,51978184
3143;198125;11;3;3050923;2018;2;5;5;3;5;2;2;0;1;0;0;0;0;1;800197,3864;5832137,602;13,42908302;52,55632696
3144;198126;11;9;9051702;2018;2;15;7;3;5;7;0;1;1;0;0;0;0;0;814156,4817;5820781,52;13,62360816;52,44669495
3145;198127;11;10;10030725;2018;2;15;7;3;2;6;0;0;1;0;0;0;0;0;810015,0393;5829658,493;13,57112504;52,52861103
3146;198128;11;2;2040703;2018;2;19;3;3;1;5;2;1;1;0;0;0;1;0;801421,0313;5826419,957;13,44189366;52,50440336
3147;198129;11;2;2030302;2018;2;15;7;3;2;6;0;0;1;0;0;0;1;0;800505,8327;5826670,318;13,42867664;52,50715225
3148;198130;11;12;12302110;2018;2;17;6;3;6;4;1;0;1;1;0;0;0;0;794848,3027;5836302,115;13,35411667;52,59658058
3149;198131;11;8;8020619;2018;2;14;7;3;5;3;0;1;1;0;0;0;0;0;801910,6032;5821769,634;13,44487315;52,46245125
3150;198132;11;6;6040810;2018;2;13;1;3;6;4;0;0;1;1;0;0;0;0;791905,374;5821419,992;13,2977233;52,46475356
3151;198133;11;8;8010510;2018;2;0;5;2;9;1;2;0;1;0;0;0;0;1;802466,7847;5821917,782;13,45316894;52,46347155
3152;198134;11;9;9051702;2018;2;13;6;3;6;4;0;0;1;1;0;0;0;0;814210,1916;5821992,056;13,62553464;52,45751166
3153;198135;11;3;3061441;2018;2;7;6;3;5;2;0;1;1;0;0;0;0;0;802273,7481;5828573,474;13,45637463;52,52323357
3154;198136;11;6;6030608;2018;2;17;6;2;6;7;1;0;1;1;0;0;0;0;792461,2167;5816988,664;13,30200301;52,4247299
3155;198137;11;4;4051448;2018;2;13;5;3;2;2;0;1;1;0;0;0;0;0;794183,1552;5825307,384;13,3345855;52,49838048
3156;198138;11;7;7030301;2018;2;7;6;3;3;6;0;0;1;0;0;0;1;1;793992,6025;5821554,589;13,32847724;52,46484111
3157;198139;11;7;7070702;2018;2;7;6;3;0;7;1;1;0;0;0;0;0;0;799937,3823;5814657;13,40953645;52,39978293
3158;198140;11;4;4041135;2018;2;19;6;3;1;1;2;0;1;0;0;0;0;0;789398,1141;5823196,059;13,26246131;52,48201041
3159;198141;11;4;4030415;2018;2;11;7;3;2;6;0;0;1;0;0;0;0;0;791357,3096;5828621,933;13,29597856;52,52961114
3160;198142;11;12;12214527;2018;2;22;6;2;6;4;2;0;1;1;0;0;0;0;790371,7314;5835323,758;13,28735485;52,59021859
3161;198143;11;8;8010118;2018;2;14;5;3;6;7;0;0;1;1;0;0;0;0;800581,9164;5822048,72;13,42562645;52,46568529
3162;198144;11;1;1011304;2018;2;22;6;3;2;6;2;0;1;0;0;0;0;0;800057,8704;5827392,14;13,42274696;52,51386877
3163;198145;11;4;4041344;2018;2;21;6;3;5;3;2;1;1;0;0;0;0;0;793359,1945;5822490,612;13,32000337;52,47357271
3164;198146;11;2;2020205;2018;2;14;3;2;6;2;0;0;1;1;0;0;0;0;798628,993;5824517,488;13,3991756;52,48888555
3165;198147;11;6;6030610;2018;2;12;6;3;8;1;0;0;1;0;0;0;0;0;791994,3863;5818974,524;13,29689149;52,44278248
3166;198148;11;2;2010104;2018;2;13;6;3;5;2;0;0;1;0;0;0;0;0;798585,5188;5825563,889;13,39947502;52,49828894
3167;198149;11;6;6010209;2018;2;23;1;2;1;1;2;1;1;0;0;0;0;0;794350,0644;5820849,206;13,3331018;52,45832523
3168;198150;11;7;7040405;2018;2;15;5;3;5;2;0;0;1;0;0;0;0;0;798898,705;5821215,125;13,40017675;52,45913658
3169;198151;11;1;1011203;2018;2;14;6;3;5;3;0;0;1;0;0;0;0;0;797770,0378;5827350;13,38909533;52,51474484
3170;198152;11;8;8010301;2018;2;12;6;3;5;3;0;1;1;0;0;0;0;0;800523,6048;5824435,548;13,42692148;52,48711145
3171;198153;11;9;9020701;2018;2;15;6;3;2;2;0;0;1;0;0;0;0;0;809521,4533;5818333,208;13,55336078;52,42739699
3172;198154;11;7;7040405;2018;2;12;3;3;0;3;0;0;1;0;0;0;1;0;798627,5303;5820661,982;13,39570274;52,45432657
3173;198155;11;7;7070701;2018;2;15;6;2;6;4;0;0;1;1;0;0;0;0;799141,6418;5816519,804;13,39953955;52,41691599
3174;198156;11;11;11030720;2018;2;15;2;3;2;6;0;0;1;0;0;0;0;0;805186,8888;5830001,789;13,50049039;52,53441206
3175;198157;11;8;8010301;2018;2;8;3;2;5;2;0;1;1;0;0;0;0;0;801708,6987;5824248,906;13,44415286;52,48478495
3176;198158;11;1;1011306;2018;2;15;6;3;1;6;0;1;0;0;0;0;1;0;799961,9612;5826447,146;13,42048625;52,50545116
3177;198159;11;11;11040926;2018;2;14;2;3;2;2;0;0;1;0;0;1;0;0;805359,9479;5827355,8;13,50060466;52,51060074
3178;198160;11;6;6030609;2018;2;16;6;3;5;3;0;1;1;0;0;0;0;0;792633,2546;5818160,149;13,30555103;52,43514018
3179;198161;11;8;8020619;2018;2;14;1;3;5;3;0;0;1;0;0;0;0;0;801399,5724;5821126,051;13,43679297;52,45696474
3180;198162;11;4;4030931;2018;2;15;5;3;5;2;0;1;0;0;0;0;1;0;793996,4524;5826165,075;13,33260038;52,50616985
3181;198163;11;6;6010101;2018;2;17;6;2;5;3;2;0;1;0;1;0;0;0;793410,8546;5820694,722;13,31918273;52,45744538
3182;198164;11;4;4030623;2018;2;9;6;3;5;2;0;1;1;0;0;0;0;0;793677,8893;5826066,751;13,32783356;52,50545999
3183;198165;11;10;10020517;2018;2;0;4;3;1;5;2;0;1;0;0;0;0;0;813624,7919;5830037,941;13,62452089;52,52994668
3184;198166;11;1;1011202;2018;2;23;6;3;0;1;2;1;0;0;0;0;0;0;798541,6674;5827814,513;13,40084946;52,51848676
3185;198167;11;4;4041241;2018;2;7;5;2;0;1;0;1;0;0;0;0;0;0;791909,3195;5822269,121;13,29852413;52,47236384
3186;198168;11;1;1033102;2018;2;18;2;3;5;2;2;1;1;0;0;0;0;0;797279,7209;5831264,28;13,38539182;52,55009921
3187;198169;11;8;8020727;2018;2;20;6;2;5;7;2;0;1;0;0;0;0;0;801239,8322;5816391,15;13,4301825;52,41461209
3188;198170;11;7;7010102;2018;2;10;2;3;5;2;0;0;1;0;0;0;0;0;794951,9255;5825650,965;13,34618173;52,50104551
3189;198171;11;3;3061131;2018;2;15;5;3;2;6;0;0;1;0;1;0;0;0;798743,0617;5831018,796;13,40668857;52,54709825
3190;198172;11;1;1011204;2018;2;18;6;3;3;2;2;1;1;0;0;0;0;0;798558,0568;5826814,32;13,40019291;52,50951242
3191;198173;11;4;4030623;2018;2;18;7;2;5;2;2;1;1;0;0;0;0;0;793246,8675;5826749,082;13,32210251;52,51180865
3192;198174;11;1;1033101;2018;2;15;5;3;5;2;0;1;1;0;0;0;0;0;797395,7009;5832482,811;13,38818896;52,56095849
3193;198175;11;7;7010104;2018;2;19;6;3;5;7;2;0;1;0;0;0;0;0;796769,4186;5824798,909;13,37211931;52,49242227
3194;198176;11;5;5020627;2018;2;12;6;3;5;2;0;1;1;0;0;0;0;0;785650,7654;5828023,815;13,21157285;52,52726893
3195;198177;11;9;9052001;2018;2;11;7;2;6;3;0;0;1;1;0;0;0;0;810974,3726;5822065,902;13,57813444;52,46002407
3196;198178;11;6;6010103;2018;2;11;6;3;3;6;0;0;1;0;0;0;0;0;793579,1326;5821272,729;13,32216057;52,46253665
3197;198179;11;4;4030931;2018;2;3;6;3;8;1;2;0;1;0;0;0;0;0;794078,9676;5826067,07;13,33372605;52,50524682
3198;198180;11;10;10030724;2018;2;6;4;3;5;3;2;0;1;0;0;0;0;2;809120,9912;5829720,089;13,5580451;52,5296707
3199;198181;11;1;1033102;2018;2;9;6;3;2;6;0;1;1;0;0;0;0;1;797184,5839;5831346,881;13,38406678;52,55089154
3200;198182;11;3;3040614;2018;2;8;6;3;5;3;0;1;1;0;0;0;0;1;798366,7843;5832826,725;13,402781;52,56350995
3201;198183;11;12;12224230;2018;2;8;2;2;4;6;0;0;1;0;0;0;0;0;786234,7128;5838980,555;13,22961683;52,62519665
3202;198184;11;5;5010339;2018;2;6;6;3;0;6;1;0;1;0;0;0;1;1;786675,0232;5828222,602;13,22680111;52,52851353
3203;198185;11;12;12214527;2018;2;13;7;3;5;7;0;0;1;0;0;0;0;0;790288,7188;5834597,73;13,28549679;52,58375414
3204;198186;11;7;7060604;2018;2;6;6;2;6;2;2;0;1;1;0;0;0;1;795816,5734;5816020,647;13,35034976;52,41424859
3205;198187;11;9;9020802;2018;2;6;6;3;1;5;1;0;1;0;0;0;0;1;810693,4518;5819460,044;13,57158954;52,43683111
3206;198188;11;2;2020204;2018;2;5;6;3;6;2;2;0;1;1;0;0;0;1;797945,827;5825258,831;13,38980677;52,49590407
3207;198189;11;7;7040406;2018;2;16;3;3;6;2;0;0;0;1;0;0;1;0;800311,9775;5821977,97;13,42160119;52,46519957
3208;198190;11;9;9052001;2018;2;2;6;3;0;1;2;1;0;0;0;0;0;1;810977,1614;5822052,277;13,57816266;52,45990038