;OBJECTID;LAND;BEZ;LOR;UJAHR;UMONAT;USTUNDE;UWOCHENTAG;UKATEGORIE;UART;UTYP1;ULICHTVERH;IstRad;IstPKW;IstFuss;IstKrad;IstGkfz;IstSonstige;USTRZUSTAND;LINREFX;LINREFY;XGCSWGS84;YGCSWGS84
3209;198191;11;1;1044101;2018;2;16;5;3;5;2;2;1;1;0;0;0;0;0;794020,3427;5830176,297;13,33649774;52,54211524
3210;198192;11;4;4030931;2018;2;15;3;3;3;6;0;0;1;0;0;0;1;0;793863,6872;5825880,695;13,33039889;52,50369206
3211;198193;11;1;1033203;2018;2;10;5;2;5;3;0;0;1;0;0;0;0;0;796857,9488;5830639,326;13,3786311;52,54472723
3212;198194;11;1;1022106;2018;2;10;5;3;1;5;0;0;1;0;0;0;0;0;793842,2599;5828162,761;13,3320993;52,52416111
3213;198195;11;1;1022203;2018;2;7;2;2;2;6;1;1;1;0;0;0;0;2;795312,8994;5828517,191;13,35402774;52,52654374
3214;198196;11;1;1022101;2018;2;9;5;3;5;3;0;1;1;0;0;0;0;0;792966,0854;5828578,075;13,31958778;52,52835574
3215;198197;11;7;7030301;2018;2;1;7;3;9;1;2;0;1;0;0;0;0;0;793990,3269;5822302,32;13,32910268;52,47154542
3216;198198;11;1;1011303;2018;2;9;5;3;0;1;0;1;0;0;0;0;0;0;798764,2517;5828220,784;13,40448497;52,52200651
3217;198199;11;9;9020601;2018;2;8;5;3;2;6;0;0;1;0;0;0;1;0;805350,5839;5822393,205;13,49592035;52,46612876
3218;198200;11;6;6030608;2018;2;7;5;3;1;5;0;0;1;0;0;0;0;0;792328,7538;5816777,879;13,29987628;52,422911
3219;198201;11;4;4051654;2018;2;14;3;2;6;2;0;0;1;1;0;0;0;0;793436,2868;5823918,234;13,32239154;52,4863294
3220;198202;11;10;10020517;2018;2;7;5;3;8;1;0;0;1;0;0;0;0;1;813719,1488;5829979,823;13,62585246;52,5293716
3221;198203;11;8;8010404;2018;2;6;5;3;6;2;2;0;0;1;0;1;0;0;802575,3312;5823075,309;13,4558115;52,47378643
3222;198204;11;5;5020523;2018;2;18;1;3;5;2;2;0;1;0;0;0;0;0;782298,554;5827415,422;13,16177461;52,52356011
3223;198205;11;7;7020201;2018;2;19;6;3;2;6;2;0;1;0;0;0;0;0;794947,9291;5824704,888;13,3452853;52,49256672
3224;198206;11;9;9010301;2018;2;6;5;3;5;2;1;0;1;0;0;0;0;0;804391,9702;5821738,482;13,48125577;52,46079553
3225;198207;11;8;8010406;2018;2;11;6;3;5;3;0;0;1;0;0;0;0;0;802525,031;5824245,842;13,45613516;52,48430581
3226;198208;11;6;6020408;2018;2;13;1;3;5;3;0;0;1;0;0;0;0;0;792814,1689;5816196,135;13,30648529;52,4174362
3227;198209;11;2;2050602;2018;2;1;5;3;5;3;2;0;1;0;0;0;0;0;803194,2432;5828314,026;13,46966405;52,52039713
3228;198210;11;8;8041035;2018;2;16;6;3;2;6;0;0;1;0;0;0;0;0;803795,4057;5818801,065;13,46983099;52,43479975
3229;198211;11;3;3020210;2018;2;8;5;3;2;6;0;0;1;0;0;0;0;0;799411,1762;5835782,344;13,42081172;52,58942879
3230;198212;11;6;6010209;2018;2;19;5;3;6;2;2;0;1;1;0;0;0;1;794651,9686;5820890,616;13,33756883;52,45853376
3231;198213;11;1;1044103;2018;2;10;3;3;6;4;0;0;1;1;0;0;0;0;795163,7221;5831066,434;13,35409963;52,54947639
3232;198214;11;7;7040403;2018;2;19;5;3;0;2;2;0;1;1;0;0;0;0;797870,235;5822038,456;13,38581939;52,46707837
3233;198215;11;1;1022103;2018;2;13;2;3;2;6;0;0;1;0;0;0;0;0;793516,9733;5829309,616;13,32833103;52,5346173
3234;198216;11;6;6040809;2018;2;15;5;3;6;2;0;0;1;1;0;0;0;0;791611,7738;5820655,963;13,29274631;52,45806082
3235;198217;11;2;2020204;2018;2;1;1;3;5;2;2;0;1;0;0;0;0;0;798278,1413;5824783,201;13,39426148;52,49145914
3236;198218;11;7;7010104;2018;2;8;6;3;0;2;0;0;1;0;0;0;1;0;796016,7145;5824955,066;13,36120387;52,4942308
3237;198219;11;9;9010302;2018;2;18;4;2;2;6;2;0;1;0;0;0;0;0;803666,1636;5820716,306;13,46967618;52,45203767
3238;198220;11;1;1011303;2018;2;14;5;3;2;6;0;0;1;0;0;0;0;0;799476,5228;5828775,918;13,41545158;52,52659171
3239;198221;11;3;3020210;2018;2;11;5;2;5;3;0;0;1;0;0;0;0;0;799337,0475;5835587,645;13,41954484;52,58772444
3240;198222;11;7;7050501;2018;2;9;2;3;5;3;0;0;1;0;0;0;1;1;797312,753;5819373,643;13,37526436;52,44349458
3241;198223;11;3;3030715;2018;3;17;2;3;2;6;0;0;1;0;0;0;0;0;800096,9483;5833877,631;13,42917982;52,5719786
3242;198224;11;8;8041037;2018;3;17;2;3;1;5;0;1;1;0;0;0;0;0;806026,9157;5817316,005;13,50119547;52,42024599
3243;198225;11;9;9020701;2018;3;16;2;3;6;4;0;0;1;1;0;0;0;0;808485,6696;5818740,928;13,53855146;52,43163597
3244;198226;11;6;6030606;2018;3;1;3;3;9;1;2;0;1;0;0;0;0;0;793226,561;5819907,761;13,31578715;52,45048938
3245;198227;11;2;2020204;2018;3;16;2;3;5;2;0;1;1;0;0;0;0;0;798842,184;5825105,835;13,40283377;52,49404262
3246;198228;11;1;1033102;2018;3;16;2;3;6;4;0;0;1;1;0;0;0;0;797432,4009;5831388,357;13,38774808;52,55112806
3247;198229;11;2;2040503;2018;3;16;2;3;2;6;0;0;1;0;0;0;0;0;802120,0622;5827734,991;13,45335481;52,51580343
3248;198230;11;5;5020419;2018;3;17;3;2;6;7;0;0;1;1;0;0;0;0;782016,114;5828334,215;13,15840204;52,53194461
3249;198231;11;4;4041238;2018;3;14;2;3;5;3;0;0;1;0;0;0;0;0;791669,9253;5823242,568;13,29586108;52,48121862
3250;198232;11;11;11040926;2018;3;17;3;2;6;4;1;0;1;1;0;0;0;0;806309,5576;5826846,739;13,51408512;52,50550603
3251;198233;11;7;7060604;2018;3;19;3;3;6;4;2;0;1;1;0;0;0;1;796088,5054;5815942,494;13,3542672;52,41340098
3252;198234;11;6;6010208;2018;3;18;3;3;6;7;1;0;0;1;0;0;1;1;794722,1549;5820264,152;13,33804586;52,45288
3253;198235;11;1;1011402;2018;3;19;3;3;5;3;2;1;0;0;0;0;1;1;798603,698;5829556,74;13,40332543;52,53406943
3254;198236;11;1;1022106;2018;3;20;2;3;6;4;2;0;1;1;0;0;1;1;793945,0846;5828199,689;13,33364317;52,52443673
3255;198237;11;8;8010404;2018;3;19;3;3;6;2;2;0;1;1;0;0;0;1;801463,1667;5823875,512;13,44021033;52,48157376
3256;198238;11;1;1022206;2018;3;9;3;3;1;5;0;0;1;0;1;0;0;0;796180,894;5828115,092;13,36642682;52,52246845
3257;198239;11;2;2020205;2018;3;20;3;3;1;5;2;1;1;0;0;0;0;1;798669,5228;5824518,419;13,39977157;52,48887172
3258;198240;11;2;2020206;2018;2;10;4;3;2;7;0;1;1;0;0;0;0;0;800231,4185;5824399,362;13,42259871;52,48694785
3259;198241;11;1;1033203;2018;3;20;3;2;6;4;2;0;0;1;0;0;1;1;796680,1664;5830162,719;13,37559149;52,54055181
3260;198242;11;2;2020206;2018;3;19;2;3;2;6;2;0;1;0;0;0;0;0;799475,5372;5824521,999;13,4116102;52,48846226
3261;198243;11;8;8010301;2018;3;21;3;3;6;2;2;0;1;1;0;0;0;1;801447,5735;5823876,233;13,43998206;52,48158883
3262;198244;11;11;11051229;2018;3;21;3;3;2;7;2;0;1;0;0;0;0;1;804109,1651;5825985,885;13,48097992;52,49902135
3263;198245;11;5;5010314;2018;3;18;2;3;6;4;1;0;1;1;0;0;0;0;784630,6854;5829666,274;13,19798366;52,54252879
3264;198246;11;1;1044202;2018;3;21;3;3;6;2;2;0;1;1;0;0;0;1;794606,8673;5829879,6;13,34485827;52,53913876
3265;198247;11;4;4030725;2018;3;20;2;2;6;4;2;0;1;1;0;0;0;1;791740,2309;5826105;13,29940009;52,50684246
3266;198248;11;7;7010102;2018;3;21;3;3;2;6;2;0;1;0;0;0;0;1;794960,1329;5825658,041;13,34630856;52,5011045
3267;198249;11;7;7060604;2018;3;21;3;2;9;1;2;0;1;0;0;0;0;1;796327,0684;5815918,49;13,35774324;52,41305671
3268;198250;11;11;11041128;2018;3;23;3;2;6;4;2;0;1;1;0;0;0;1;807060,6871;5825902,416;13,52424639;52,49662067
3269;198251;11;1;1022206;2018;3;16;2;3;5;3;0;1;1;0;0;0;0;1;796234,1763;5828127,853;13,36722121;52,5225539
3270;198252;11;9;9051901;2018;3;22;2;3;2;6;2;0;1;0;0;0;0;0;809672,8136;5821536,95;13,55854842;52,45602275
3271;198253;11;1;1011204;2018;3;17;2;3;5;3;1;0;1;0;1;0;0;1;798115,534;5826913,005;13,39378018;52,51063901
3272;198254;11;7;7040401;2018;3;8;2;3;2;6;0;0;1;0;0;0;0;1;797258,8843;5822939,323;13,3776492;52,4754867
3273;198255;11;5;5010314;2018;3;15;2;3;0;6;0;0;1;0;1;0;0;1;784865,6644;5829276,817;13,20110527;52,53891413
3274;198256;11;3;3040818;2018;3;8;2;3;1;1;0;0;1;0;1;0;0;2;799730,1058;5832953,639;13,42294818;52,56389873
3275;198257;11;1;1044101;2018;3;15;2;3;5;3;0;1;1;0;0;0;0;1;793145,7569;5831604,959;13,32489967;52,55539372
3276;198258;11;7;7030303;2018;3;14;2;3;5;2;0;0;0;0;0;0;1;1;794591,7594;5821848,778;13,33753096;52,46715565
3277;198259;11;8;8020622;2018;3;7;2;2;6;4;0;0;0;1;0;0;1;2;801696,9728;5820121,254;13,44024894;52,4477944
3278;198260;11;6;6020302;2018;3;15;4;3;2;6;0;0;1;0;0;0;0;1;794809,8891;5819294,153;13,33847714;52,44413715
3279;198261;11;4;4020310;2018;3;14;2;3;5;2;0;0;1;0;0;0;0;1;790216,8944;5827296,704;13,27805801;52,51833872
3280;198262;11;11;11030720;2018;3;7;2;3;5;3;0;0;1;0;0;0;0;2;804948,4262;5829108,002;13,49616579;52,52653501
3281;198263;11;9;9010202;2018;3;22;2;3;6;2;2;0;1;1;0;0;0;1;803789,7838;5823277,157;13,47382062;52,47492149
3282;198264;11;7;7070702;2018;3;14;2;3;1;5;0;0;1;0;0;0;0;1;800146,2752;5815032,677;13,41293422;52,40303593
3283;198265;11;8;8010404;2018;3;7;2;2;5;3;0;0;1;0;0;0;1;2;802486,9554;5823152,314;13,45458416;52,47452558
3284;198266;11;12;12231101;2018;3;13;2;3;5;3;0;1;1;0;0;0;0;1;791175,2538;5837719,68;13,30128989;52,61126778
3285;198267;11;5;5020522;2018;3;6;2;3;0;1;2;1;0;0;0;0;0;2;781078,5868;5827813,913;13,14417739;52,52776356
3286;198268;11;3;3040512;2018;3;13;2;3;5;3;0;0;1;0;0;0;0;1;795773,6528;5835128,514;13,36669061;52,58555802
3287;198269;11;4;4020310;2018;3;8;2;3;3;6;0;0;1;0;0;1;0;2;790319,3765;5827296,215;13,27956368;52,51827978
3288;198270;11;2;2010103;2018;3;18;3;3;5;3;2;1;1;0;0;0;0;1;799326,9124;5826235,581;13,41096761;52,50390356
3289;198271;11;3;3061429;2018;3;7;2;3;5;3;0;1;1;0;0;0;0;0;801893,6343;5830342,475;13,45239557;52,53929971
3290;198272;11;6;6020409;2018;3;10;2;2;2;6;0;0;1;0;0;0;1;0;793251,5841;5817684,183;13,31420316;52,43054209
3291;198273;11;2;2040502;2018;3;11;3;3;6;4;0;0;1;1;0;0;0;0;800965,811;5828228,589;13,43684282;52,52086581
3292;198274;11;12;12224229;2018;3;15;2;3;5;3;0;0;1;0;0;0;1;1;786227,5422;5834758,562;13,22585965;52,58734795
3293;198275;11;11;11041128;2018;3;11;2;3;1;5;0;1;1;0;0;0;0;0;805993,8899;5826343,759;13,50898658;52,50117527
3294;198276;11;1;1011101;2018;3;12;2;3;5;3;0;1;1;0;0;0;0;0;795294,2818;5826264,331;13,35175461;52,50635871
3295;198277;11;7;7030301;2018;3;19;2;3;6;2;2;0;1;1;0;0;0;1;793975,0844;5821720,822;13,32836656;52,46634075
3296;198278;11;1;1011204;2018;2;10;4;3;5;3;0;0;1;0;0;0;0;0;797886,066;5826674,797;13,39019577;52,50862913
3297;198279;11;7;7040405;2018;3;13;2;3;5;3;0;0;1;0;0;0;1;0;798622,8753;5820654,37;13,39562763;52,45426088
3298;198280;11;4;4051447;2018;3;18;2;3;5;2;2;1;1;0;0;0;0;1;793216,6343;5825201,897;13,32029568;52,497955
3299;198281;11;1;1011301;2018;3;14;2;3;6;7;0;0;1;1;0;0;0;0;796333,571;5829490,943;13,36989683;52,53471863
3300;198282;11;12;12214527;2018;3;18;2;3;6;2;2;0;1;1;0;0;0;1;790035,7468;5835364,977;13,28244519;52,59076738
3301;198283;11;5;5030832;2018;3;14;2;3;6;4;0;0;0;1;0;0;1;0;789914,1325;5829355,671;13,27540388;52,53695865
3302;198284;11;5;5020625;2018;3;13;3;3;5;3;0;0;1;0;0;1;0;0;784607,2959;5828316,926;13,19648402;52,53044275
3303;198285;11;2;2050803;2018;2;8;4;3;5;7;0;1;1;0;0;0;0;0;803085,4797;5825994,894;13,46595421;52,49967158
3304;198286;11;1;1011302;2018;3;18;2;3;2;2;2;1;1;0;0;0;0;1;797943,881;5828778,419;13,39292907;52,52745388
3305;198287;11;6;6040702;2018;3;19;1;2;1;5;2;0;1;0;0;0;0;0;787173,2152;5817123,225;13,22456553;52,4287374
3306;198288;11;5;5020626;2018;3;18;2;3;6;4;2;0;1;1;0;0;0;1;783360,3194;5827670,368;13,17759975;52,52529523
3307;198289;11;1;1044203;2018;3;17;2;3;6;4;1;0;1;1;0;0;0;1;795948,0839;5831561,02;13,3660745;52,5534843
3308;198290;11;4;4030620;2018;3;10;1;3;5;3;0;0;1;0;0;0;0;0;792144,6953;5827392,745;13,30647293;52,51817037
3309;198291;11;9;9051901;2018;3;13;1;3;5;2;0;0;1;0;0;0;1;0;810262,4381;5821445,845;13,56711344;52,45487194
3310;198292;11;12;12214125;2018;3;18;2;3;5;2;2;0;1;0;0;0;0;1;791165,8005;5834026,53;13,2979037;52,57816478
3311;198293;11;5;5030730;2018;3;19;2;3;2;6;2;0;1;0;0;0;0;1;786013,0008;5829181,36;13,21789391;52,53745729
3312;198294;11;1;1033203;2018;3;13;1;3;2;6;0;0;1;0;0;0;0;0;797165,9997;5831089,365;13,38356305;52,54859336
3313;198295;11;11;11051332;2018;3;21;2;3;2;6;2;0;1;0;0;0;0;1;807248,0036;5824213,129;13,52543957;52,48137562
3314;198296;11;4;4051446;2018;3;4;1;3;1;1;2;0;1;0;0;0;0;0;792924,5769;5825063,911;13,31588438;52,49687484
3315;198297;11;11;11010103;2018;3;20;2;3;5;3;2;1;1;0;0;0;0;1;807497,3068;5834096,56;13,53823786;52,5698106
3316;198298;11;5;5010339;2018;3;7;3;2;5;2;0;0;1;0;1;0;0;1;786803,0425;5828196,393;13,22866046;52,52821121
3317;198299;11;1;1022201;2018;3;19;2;3;1;5;2;1;1;0;0;0;0;1;795212,3994;5829327,553;13,35327025;52,53386241
3318;198300;11;2;2020206;2018;3;19;2;3;1;5;2;1;1;0;0;0;0;1;799243,8407;5824639,878;13,40831388;52,48964593
3319;198301;11;3;3061126;2018;3;1;1;3;5;2;2;0;1;0;0;0;0;0;799196,197;5831434,082;13,41372528;52,55057197
3320;198302;11;1;1022207;2018;3;19;2;3;6;2;2;0;1;1;0;0;0;1;794414,1099;5827591,683;13,3399983;52,51873328
3321;198303;11;1;1011203;2018;3;19;2;3;5;3;2;0;1;0;0;0;0;1;797761,934;5827442,915;13,38905941;52,51558214
3322;198304;11;5;5020523;2018;3;20;1;3;3;6;2;0;1;0;0;0;0;0;782366,5868;5827205,181;13,1625962;52,52163978
3323;198305;11;5;5020626;2018;3;19;2;3;6;2;2;0;1;1;0;0;0;1;784766,4202;5827278,423;13,19793405;52,52104842
3324;198306;11;6;6010210;2018;3;11;2;3;1;5;0;0;1;0;0;0;0;1;794892,4373;5820927,125;13,34112998;52,45873135
3325;198307;11;6;6030610;2018;3;19;1;3;5;2;2;0;1;0;0;0;0;0;792937,3532;5817765,427;13,30966569;52,43143878
3326;198308;11;1;1022103;2018;3;4;2;3;4;6;2;0;1;0;0;0;0;0;794925,2969;5829537,953;13,34923654;52,53590391
3327;198309;11;2;2040703;2018;3;16;1;3;6;2;0;0;1;1;0;0;0;0;801763,3023;5826246,416;13,44676377;52,50265871
3328;198310;11;2;2050801;2018;3;5;2;3;5;2;2;0;0;0;1;1;0;0;803337,52;5826737,541;13,47033225;52,50618775
3329;198311;11;7;7010102;2018;3;19;3;3;6;4;2;1;0;1;0;0;0;1;795235,6317;5825157,242;13,34991147;52,49646621
3330;198312;11;11;11030721;2018;3;8;2;3;2;6;0;0;1;0;0;0;0;0;804271,97;5827855,195;13,48507937;52,51568455
3331;198313;11;5;5010313;2018;3;8;2;3;2;6;0;0;1;0;0;0;0;1;784643,2924;5829715,016;13,19821082;52,54295923
3332;198314;11;3;3061332;2018;3;16;1;3;6;7;0;0;1;1;0;0;0;0;799247,9842;5830509,099;13,41365338;52,54225251
3333;198315;11;1;1011401;2018;3;9;2;3;0;1;0;1;0;0;0;0;0;0;798294,836;5829369,21;13,39861713;52,5325576
3334;198316;11;7;7050505;2018;3;11;2;2;5;3;0;0;1;0;0;0;0;1;799225,7212;5817537,489;13,40168231;52,42599233
3335;198317;11;2;2020204;2018;3;15;1;3;5;3;0;1;0;0;0;0;1;0;798426,7425;5824786,302;13,39644647;52,49140572
3336;198318;11;1;1033102;2018;3;13;4;3;5;3;0;0;1;0;0;0;0;1;797714,6958;5831739,238;13,39221387;52,55411903
3337;198319;11;2;2020203;2018;3;11;2;3;5;7;0;0;1;0;0;0;0;1;797752,4887;5824596,905;13,38637573;52,49007619
3338;198320;11;3;3051022;2018;3;15;1;3;5;2;0;0;1;0;0;0;1;0;803004,8531;5832012,168;13,47025321;52,55364804
3339;198321;11;9;9031001;2018;3;19;2;1;6;4;2;0;1;1;0;0;0;1;811175,4393;5815349,044;13,57483454;52,39971589
3340;198322;11;6;6020408;2018;3;11;7;2;5;3;0;1;0;0;0;0;1;0;792707,3089;5816145,404;13,30487412;52,41703855
3341;198323;11;6;6040702;2018;3;14;1;3;6;4;0;1;0;1;0;0;0;0;786159,4103;5816017,666;13,20874959;52,41935615
3342;198324;11;1;1033203;2018;3;6;2;3;1;1;1;0;1;0;0;0;0;2;797031,6988;5831116,136;13,38161219;52,54890657
3343;198325;11;3;3010102;2018;3;6;1;2;0;1;0;1;0;0;0;0;0;0;804356,1135;5840275,213;13,49771331;52,62695131
3344;198326;11;12;12231102;2018;3;2;1;3;3;6;2;1;1;0;0;0;0;0;791105,1306;5841256,614;13,30337212;52,64301272
3345;198327;11;11;11010310;2018;3;20;7;3;2;6;2;0;1;0;0;0;1;0;805484,123;5833368,7;13,5079561;52,56442082
3346;198328;11;12;12301204;2018;3;16;1;3;1;6;0;1;1;0;0;0;1;0;791908,8997;5835710,602;13,31032248;52,59286373
3347;198329;11;9;9010401;2018;3;19;7;3;2;6;2;0;1;0;0;0;1;0;805543,0371;5821558,585;13,49798051;52,45854087
3348;198330;11;4;4030726;2018;3;18;1;3;5;2;2;1;1;0;0;0;0;0;792298,2332;5825390,385;13,30697085;52,50013742
3349;198331;11;10;10040933;2018;3;0;7;3;1;5;2;0;1;0;0;0;0;0;813484,3067;5826250,623;13,61888929;52,49608961
3350;198332;11;9;9020802;2018;3;16;3;3;5;2;0;1;1;0;0;0;0;1;810530,3871;5820024,379;13,56972276;52,4419811
3351;198333;11;1;1044202;2018;3;17;1;3;5;3;1;1;1;0;0;0;0;0;795135,3491;5829976,66;13,3527141;52,53972286
3352;198334;11;8;8041040;2018;3;9;7;3;5;3;0;0;1;0;0;0;1;0;805799,5417;5816835,95;13,49742366;52,41607054
3353;198335;11;7;7070704;2018;3;4;7;3;1;7;2;0;1;0;0;0;0;0;800625,0449;5813896,263;13,41893102;52,39258697
3354;198336;11;1;1044203;2018;3;17;1;3;2;6;0;0;1;0;0;0;0;0;796337,8678;5831942,662;13,37214742;52,55669338
3355;198337;11;2;2030301;2018;2;8;4;3;1;6;0;1;0;0;0;0;1;0;800045,3822;5825927,911;13,42124376;52,50075117
3356;198338;11;5;5010207;2018;3;15;1;3;5;3;0;1;1;0;0;0;0;0;783469,0188;5830261,927;13,18140846;52,54847515
3357;198339;11;4;4030726;2018;3;11;7;2;1;5;0;1;1;0;0;0;0;0;792078,2138;5825546,806;13,30387603;52,50165752
3358;198340;11;1;1011202;2018;3;13;1;3;0;2;0;1;0;0;0;0;1;0;797200,5195;5827492,554;13,38085472;52,51633331
3359;198341;11;1;1044101;2018;3;12;7;3;2;6;0;0;1;0;0;0;0;0;794010,9818;5830167,227;13,33635208;52,54203898
3360;198342;11;5;5010339;2018;3;15;7;3;2;6;0;0;1;0;0;0;0;0;787054,1162;5828144,241;13,23230632;52,52761149
3361;198343;11;4;4061757;2018;3;11;1;2;1;5;0;1;1;0;0;0;0;0;786619,6231;5825109,082;13,22330468;52,50062771
3362;198344;11;2;2050801;2018;3;16;7;3;2;2;0;1;1;0;0;0;0;0;803507,2382;5827093,606;13,47314977;52,5092847
3363;198345;11;3;3050923;2018;3;10;1;3;5;2;0;0;1;0;0;0;0;0;801057,3884;5832027,706;13,44163036;52,55486724
3364;198346;11;7;7010102;2018;3;17;7;3;6;7;0;0;1;1;0;0;0;0;795598,3781;5825466,55;13,3555138;52,49904257
3365;198347;11;1;1033102;2018;3;15;3;3;9;1;0;0;1;0;0;0;0;0;797052,0305;5831616,017;13,38235837;52,55337633
3366;198348;11;6;6020410;2018;3;10;1;3;5;3;0;1;1;0;0;0;0;0;795107,9553;5816208,515;13,3401268;52,41631523
3367;198349;11;11;11040925;2018;3;19;6;3;5;2;2;1;1;0;0;0;0;0;803415,4645;5826627,06;13,47137645;52,50515419
3368;198350;11;4;4030827;2018;3;9;6;3;0;2;0;0;1;0;0;0;1;0;792736,5064;5826109,69;13,31404127;52,50635084
3369;198351;11;2;2040701;2018;3;3;1;3;1;5;2;1;1;0;0;0;0;1;800437,1792;5827103,07;13,42805875;52,51106895
3370;198352;11;5;5010206;2018;3;2;1;2;5;2;2;0;1;0;0;0;0;1;782364,4859;5830493,348;13,16535936;52,55112383
3371;198353;11;3;3050923;2018;3;10;6;3;5;3;0;0;1;0;0;0;0;0;801152,9397;5831607,019;13,44265387;52,55104376
3372;198354;11;2;2030402;2018;3;20;1;3;6;7;2;0;1;1;0;0;0;0;801705,6098;5825630,121;13,44535809;52,49716669
3373;198355;11;10;10030724;2018;3;11;6;3;5;3;0;0;1;0;0;0;0;0;809125,385;5829716,552;13,55810637;52,5296365
3374;198356;11;6;6020305;2018;3;21;1;3;6;4;2;0;1;1;0;0;0;0;795431,8407;5817850,361;13,34632523;52,43085874
3375;198357;11;11;11041128;2018;3;19;3;3;6;4;2;0;1;1;0;0;0;1;806927,3729;5825970,166;13,5223512;52,49730285
3376;198358;11;10;10040830;2018;3;15;7;3;0;6;0;0;1;0;0;1;0;1;810689,5123;5824587,98;13,57630403;52,48278783
3377;198359;11;12;12304313;2018;3;14;7;3;5;2;0;1;1;0;0;0;0;0;792013,6234;5834796,823;13,31105863;52,58461586
3378;198360;11;4;4030930;2018;3;12;6;2;5;3;0;0;1;0;0;0;0;0;792834,9896;5825499,59;13,31495156;52,50082864
3379;198361;11;12;12302110;2018;3;12;7;3;2;6;0;0;1;0;0;0;0;0;794823,7388;5836298,213;13,3537516;52,59655892
3380;198362;11;12;12214527;2018;3;10;7;3;5;7;0;1;1;0;0;0;0;1;790482,3993;5835082,567;13,2887724;52,58799726
3381;198363;11;10;10020415;2018;3;19;3;2;0;7;2;1;0;0;0;0;0;1;812316,3107;5831279,674;13,60646157;52,54182514
3382;198364;11;12;12214125;2018;3;17;7;3;5;3;1;0;1;0;0;0;0;0;788053,5466;5830954,002;13,24943397;52,55227497
3383;198365;11;8;8020622;2018;3;13;6;3;6;4;0;0;1;1;0;0;0;0;801921,5198;5819973,517;13,44340943;52,44634626
3384;198366;11;8;8010301;2018;3;13;7;3;3;3;0;0;1;0;0;0;0;0;801308,7675;5824004,465;13,43806016;52,48281481
3385;198367;11;10;10010310;2018;3;12;7;2;6;4;0;0;1;1;0;0;0;1;809430,8746;5831117,976;13,56390011;52,54202222
3386;198368;11;9;9031202;2018;3;13;6;3;9;1;0;0;0;0;0;0;1;0;819711,4956;5813760,54;13,69836294;52,3805671
3387;198369;11;6;6010102;2018;3;18;7;3;6;3;2;0;1;1;0;0;0;0;793703,869;5820680,921;13,32347061;52,45716427
3388;198370;11;4;4041137;2018;3;13;6;3;5;3;0;0;1;0;1;0;0;0;790964,1674;5823390,884;13,28562739;52,4829248
3389;198371;11;6;6040701;2018;3;10;7;3;1;7;0;0;1;0;0;0;0;0;782511,0911;5816169,66;13,1553737;52,42261463
3390;198372;11;1;1033202;2018;3;20;3;2;5;3;2;0;1;0;0;0;0;1;797317,179;5830137,887;13,38493439;52,53998203
3391;198373;11;7;7040403;2018;3;23;7;2;6;4;2;0;1;1;0;0;0;1;797821,506;5821042,848;13,38421581;52,45818039
3392;198374;11;10;10010203;2018;3;8;7;2;5;3;0;0;1;0;0;0;1;1;808350,764;5832936,307;13,54971233;52,55892996
3393;198375;11;12;12301203;2018;3;14;6;3;5;3;0;1;1;0;0;0;0;0;793944,9578;5835308,191;13,33993633;52,58815985
3394;198376;11;2;2040502;2018;3;7;7;3;6;4;0;0;1;1;0;0;0;1;800728,2578;5828471,685;13,43357199;52,5231758
3395;198377;11;7;7050503;2018;3;23;6;3;6;2;2;0;1;1;0;0;0;0;798698,993;5819881,995;13,39605374;52,44729588
3396;198378;11;2;2020204;2018;3;2;7;3;8;1;2;0;1;0;0;0;0;0;799066,1659;5824692,502;13,40575209;52,49021499
3397;198379;11;12;12214125;2018;3;20;6;3;5;3;2;1;1;0;0;0;0;0;791381,0661;5833134,436;13,30028756;52,57005216
3398;198380;11;3;3030405;2018;3;23;6;3;7;7;2;0;1;0;0;0;0;1;803831,903;5839198,474;13,48900314;52,61759459
3399;198381;11;2;2030302;2018;3;8;6;2;5;3;0;1;1;0;0;0;0;0;800490,1828;5825779,006;13,42764241;52,49917174
3400;198382;11;9;9051702;2018;3;15;4;2;6;4;0;0;1;1;0;0;0;0;814157,3944;5821209,312;13,62402383;52,45052786
3401;198383;11;5;5020625;2018;3;21;6;3;2;2;2;0;1;0;0;0;0;0;784724,2589;5828606,841;13,19845192;52,53298104
3402;198384;11;6;6040805;2018;3;8;6;2;5;3;0;0;1;0;0;0;0;0;788237,5557;5818274,595;13,24116907;52,43850046
3403;198385;11;10;10010102;2018;3;12;2;3;5;5;0;0;1;0;0;0;0;0;809582,3163;5834066,257;13,56887545;52,56835732
3404;198386;11;4;4051551;2018;3;7;6;3;5;2;0;1;1;0;0;0;0;0;793347,3054;5823076,348;13,32034406;52,47883001
3405;198387;11;6;6020409;2018;3;10;6;3;5;3;0;0;1;0;0;0;0;0;793243,9856;5816856,807;13,3133663;52,42312889
3406;198388;11;9;9020802;2018;3;8;6;3;6;2;0;0;1;1;0;0;0;0;810528,9607;5820027,931;13,56970514;52,44201374
3407;198389;11;12;12214421;2018;3;9;6;3;0;5;0;0;1;0;0;0;0;0;793404,4717;5833863,794;13,33070249;52,57550353
3408;198390;11;8;8010301;2018;3;17;6;3;6;2;0;0;1;1;0;0;0;0;801154,7164;5824094,218;13,43587957;52,48370427