;OBJECTID;LAND;BEZ;LOR;UJAHR;UMONAT;USTUNDE;UWOCHENTAG;UKATEGORIE;UART;UTYP1;ULICHTVERH;IstRad;IstPKW;IstFuss;IstKrad;IstGkfz;IstSonstige;USTRZUSTAND;LINREFX;LINREFY;XGCSWGS84;YGCSWGS84
3409;198391;11;1;1011303;2018;3;9;6;3;1;5;0;1;1;0;0;0;0;0;798802,05;5828233,927;13,40505223;52,52210361
3410;198392;11;8;8010301;2018;3;17;6;3;6;4;0;0;1;1;0;0;0;0;800697,8638;5824725,817;13,429742;52,48961728
3411;198393;11;9;9010101;2018;3;17;3;3;5;2;1;1;1;0;0;0;0;1;802127,0282;5825061,038;13,45103088;52,49183284
3412;198394;11;7;7070703;2018;3;9;6;3;6;7;0;0;1;1;0;0;0;0;799644,9644;5813176,876;13,40392786;52,38667549
3413;198395;11;2;2020204;2018;3;15;6;3;2;2;0;0;1;0;0;0;0;0;798879,8871;5825085,321;13,40336906;52,4938381
3414;198396;11;2;2030301;2018;3;15;6;3;3;2;0;1;0;0;0;0;1;0;799722,2838;5826054,476;13,41661211;52,50206319
3415;198397;11;2;2010104;2018;3;8;6;3;5;3;0;0;1;0;0;0;0;0;799071,2974;5825609,304;13,40665047;52,49843003
3416;198398;11;11;11010102;2018;3;19;4;3;8;1;2;0;0;0;0;0;1;1;804697,5651;5834788,029;13,49769192;52,57758214
3417;198399;11;6;6040703;2018;3;7;6;3;5;3;0;1;1;0;0;0;0;1;786412,0468;5817176,724;13,21344682;52,42961609
3418;198400;11;8;8041035;2018;3;14;6;3;0;4;0;0;0;1;0;0;1;0;804032,9855;5819186,026;13,47366512;52,4381181
3419;198401;11;6;6010101;2018;3;19;6;3;3;6;2;0;1;0;0;0;0;1;793400,3573;5820700,337;13,31903362;52,45750135
3420;198402;11;1;1011401;2018;3;7;6;3;6;4;0;0;1;1;0;0;0;0;797873,9675;5829043,273;13,39213884;52,52986615
3421;198403;11;4;4031032;2018;3;19;6;3;5;7;2;1;1;0;0;0;0;0;791452,5093;5825067,163;13,29426447;52,49769212
3422;198404;11;12;12214125;2018;3;6;6;3;5;2;1;0;1;0;0;0;0;0;792615,7614;5832073,815;13,31751794;52,55988183
3423;198405;11;12;12304313;2018;3;7;6;3;6;4;0;0;1;1;0;0;0;0;791744,4117;5834920,838;13,30720561;52,58587204
3424;198406;11;1;1011304;2018;3;4;6;3;5;3;1;1;1;0;0;0;0;0;800053,3941;5828096,651;13,42331656;52,52018603
3425;198407;11;4;4051445;2018;3;5;3;2;5;2;2;0;1;0;0;0;0;1;792512,7347;5824502,058;13,30934171;52,49205885
3426;198408;11;5;5030832;2018;3;18;6;3;6;4;2;0;1;1;0;0;0;0;789799,1934;5829346,255;13,27370577;52,53693537
3427;198409;11;2;2010104;2018;3;19;5;3;3;6;2;1;1;0;0;0;0;0;799786,9216;5825698,692;13,41724125;52,49883863
3428;198410;11;4;4030415;2018;3;19;5;3;2;6;2;0;1;0;0;0;0;0;790735,6755;5827374,174;13,28574979;52,5187569
3429;198411;11;2;2040703;2018;3;7;6;3;2;2;0;0;1;0;1;0;0;1;801950,5832;5826799,132;13,45001575;52,50750914
3430;198412;11;4;4010101;2018;3;18;6;3;5;3;1;0;1;0;0;0;0;0;791280,3178;5830684,884;13,29665529;52,54814634
3431;198413;11;3;3061430;2018;3;13;5;3;2;6;0;0;1;0;0;0;0;0;802510,2265;5829273,375;13,46048624;52,52937557
3432;198414;11;2;2020203;2018;3;17;6;3;5;2;1;0;1;0;1;0;0;0;797762,1994;5824034,596;13,38601594;52,48503043
3433;198415;11;1;1011305;2018;3;12;5;3;5;5;0;1;1;0;0;0;0;0;799503,0259;5826677,099;13,4139517;52,50776446
3434;198416;11;1;1033203;2018;3;17;6;3;1;1;0;0;1;0;0;0;0;0;796483,6822;5830108,809;13,37265471;52,54017551
3435;198417;11;3;3030406;2018;3;10;5;2;2;6;0;0;1;0;0;0;0;0;803519,6017;5838693,489;13,48394104;52,6132432
3436;198418;11;5;5030832;2018;3;17;6;3;1;5;1;0;1;0;0;0;1;1;789962,8401;5829204,57;13,27598816;52,53557809
3437;198419;11;5;5010209;2018;3;7;3;3;5;2;0;0;1;0;0;0;0;0;783237,7211;5830277,296;13,1780196;52,54873327
3438;198420;11;9;9051801;2018;3;7;6;3;0;1;0;1;0;0;0;0;0;2;816863,4319;5821250,726;13,66375011;52,44933737
3439;198421;11;3;3071536;2018;3;7;6;3;1;5;0;0;1;0;0;1;0;0;799130,7754;5830303,342;13,41174496;52,54047256
3440;198422;11;3;3061228;2018;3;11;5;3;2;2;0;1;1;0;0;0;0;0;800291,7404;5831557,866;13,42994621;52,55107865
3441;198423;11;1;1011105;2018;3;15;6;3;5;2;0;1;1;0;0;0;0;0;796414,2373;5826326,511;13,36826275;52,50630877
3442;198424;11;8;8010118;2018;3;15;6;3;2;6;0;0;1;0;1;0;0;0;800902,793;5822397,552;13,43065012;52,46863538
3443;198425;11;3;3050923;2018;3;11;5;3;5;3;0;0;1;0;0;0;0;0;800677,3074;5831578,095;13,43563395;52,55104727
3444;198426;11;4;4020312;2018;3;15;6;3;5;3;0;0;1;0;0;0;0;0;789615,7364;5827349,972;13,26926953;52,51913587
3445;198427;11;4;4030417;2018;3;10;5;3;6;7;0;0;1;1;0;0;0;0;791750,9825;5827251,449;13,30056312;52,51711445
3446;198428;11;7;7040403;2018;3;15;6;2;5;3;0;0;1;0;0;1;0;0;797321,4666;5822184,251;13,37789492;52,46868418
3447;198429;11;12;12103218;2018;3;8;2;3;0;1;0;1;0;0;0;0;0;2;795468,4197;5834228,149;13,36139582;52,577653
3448;198430;11;1;1011105;2018;3;22;5;3;0;7;2;0;1;0;0;0;0;1;796141,4266;5826379,178;13,36430186;52,50692904
3449;198431;11;2;2050602;2018;3;22;5;3;6;7;2;1;0;1;0;0;0;0;803111,9292;5827765,96;13,46795526;52,51553067
3450;198432;11;5;5020522;2018;3;15;5;3;6;4;0;0;1;1;0;0;0;0;781903,7151;5827176,645;13,15576797;52,52162342
3451;198433;11;10;10030725;2018;3;9;5;3;2;7;0;0;1;0;0;0;0;0;810031,183;5829652,361;13,57135653;52,52854689
3452;198434;11;3;3040614;2018;3;17;5;3;5;3;0;1;1;0;0;0;0;0;798775,366;5834067,478;13,40990837;52,57440732
3453;198435;11;2;2040703;2018;3;19;3;2;5;3;2;0;1;0;0;0;1;2;801468,2865;5827265,489;13,4433535;52,51195588
3454;198436;11;6;6030610;2018;3;21;5;3;5;5;2;0;1;0;1;0;0;1;792027,3678;5818931,607;13,29733784;52,44238012
3455;198437;11;9;9051702;2018;3;19;5;3;5;2;2;1;1;0;0;0;0;0;814087,7426;5821209,306;13,62300226;52,45056783
3456;198438;11;1;1011301;2018;3;9;5;3;5;2;0;1;1;0;0;0;0;0;797127,7638;5828200,619;13,38041813;52,52271996
3457;198439;11;1;1044101;2018;3;14;5;3;2;6;0;0;1;0;0;0;0;1;794408,2335;5830553,951;13,34253559;52,54529119
3458;198440;11;6;6030606;2018;3;13;5;3;2;2;0;0;1;0;0;0;0;1;793646,9323;5819221,023;13,32135154;52,44410735
3459;198441;11;2;2010103;2018;3;9;5;3;5;2;0;1;1;0;0;0;0;0;799333,326;5826188,756;13,41101973;52,50348032
3460;198442;11;2;2050802;2018;3;15;4;3;0;6;0;0;1;0;0;0;1;1;802587,9971;5827014,738;13,45957478;52,50908845
3461;198443;11;10;10010309;2018;3;12;5;3;5;2;0;1;1;0;0;0;0;1;807934,6064;5829198,18;13,54012811;52,52566483
3462;198444;11;7;7050505;2018;3;9;5;3;5;3;0;0;1;0;0;0;0;0;798955,864;5817282,564;13,39749752;52,42385474
3463;198445;11;4;4010103;2018;3;18;5;3;6;4;2;0;1;1;0;0;0;0;791383,8536;5829471,849;13,29711385;52,53721632
3464;198446;11;2;2030402;2018;3;9;5;3;2;6;0;0;1;0;0;0;0;0;801969,0141;5825631,73;13,44922787;52,49703544
3465;198447;11;7;7020202;2018;3;18;5;3;5;3;2;0;1;0;0;0;0;0;794902,8264;5823936,802;13,34394319;52,48570569
3466;198448;11;8;8010509;2018;3;8;5;3;5;3;0;0;1;0;0;0;0;0;803743,4492;5822183,339;13,4721447;52,46514356
3467;198449;11;9;9020701;2018;3;8;5;3;2;6;0;0;1;0;0;0;0;0;808527,7597;5819278,388;13,53966455;52,43642899
3468;198450;11;9;9020701;2018;3;6;5;3;5;2;1;1;0;0;0;1;0;1;808253,7644;5818811,878;13,5352166;52,43240254
3469;198451;11;8;8010118;2018;3;22;5;3;2;3;2;0;1;0;0;0;0;0;800924,6542;5822310,438;13,4308924;52,46784251
3470;198452;11;7;7010104;2018;3;10;5;3;5;3;0;0;1;0;0;0;0;1;796321,0916;5824913,9;13,3656375;52,49369662
3471;198453;11;10;10020517;2018;3;8;5;3;0;6;0;1;0;0;0;0;1;0;812449,6269;5830357,629;13,60755409;52,53348622
3472;198454;11;5;5010209;2018;3;14;3;3;0;3;0;0;1;0;1;0;0;0;783166,0578;5829858,612;13,17660856;52,54501652
3473;198455;11;12;12301203;2018;3;10;5;3;6;2;0;0;0;1;0;0;1;0;793435,9243;5836095,26;13,33314137;52,59549022
3474;198456;11;3;3061131;2018;3;20;5;3;6;4;2;0;1;1;0;0;0;0;799130,5213;5830554,274;13,41196716;52,54272193
3475;198457;11;2;2010103;2018;3;17;5;3;0;3;2;0;1;0;1;0;0;0;799167,7192;5826012,487;13,4084288;52,50199115
3476;198458;11;3;3040614;2018;3;10;5;3;1;5;0;1;1;0;0;0;0;1;799162,9203;5833563,124;13,41515522;52,56967372
3477;198459;11;2;2040501;2018;2;8;4;3;6;3;0;0;1;1;0;0;0;0;800132,9429;5828848,069;13,42516356;52,52687746
3478;198460;11;11;11041128;2018;3;7;5;3;2;2;0;0;1;0;0;0;0;0;805872,8712;5825860,942;13,5067659;52,49691594
3479;198461;11;5;5020626;2018;3;8;5;3;5;5;0;0;1;0;0;0;0;1;785120,7372;5827607,652;13,20342426;52,52381511
3480;198462;11;5;5020419;2018;3;7;5;2;6;4;0;0;1;1;0;0;0;0;781756,8817;5828344,747;13,15459944;52,53217311
3481;198463;11;9;9041501;2018;3;10;5;3;2;2;0;0;1;1;0;0;0;1;811364,3546;5820169,539;13,58208801;52,44280778
3482;198464;11;1;1011305;2018;3;17;5;3;1;5;2;1;1;0;0;0;0;0;799065,7296;5827092,345;13,40790085;52,51172643
3483;198465;11;3;3061429;2018;3;10;3;3;6;4;0;1;0;1;0;0;0;0;801137,1506;5830739,782;13,44163537;52,54327937
3484;198466;11;9;9020702;2018;3;15;5;3;5;3;0;0;1;0;0;0;0;0;809582,4886;5818927,154;13,55480541;52,43268534
3485;198467;11;6;6030609;2018;3;7;5;3;5;3;0;1;1;0;0;0;0;1;793201,5085;5818376,291;13,3140757;52,43677353
3486;198468;11;3;3061441;2018;3;17;5;3;5;3;2;1;1;0;0;0;0;0;802533,702;5828541,955;13,46016581;52,52280689
3487;198469;11;1;1044203;2018;3;16;3;3;6;4;0;0;1;1;0;0;0;0;795708,0037;5831273,682;13,36228788;52,55103899
3488;198470;11;8;8020622;2018;3;15;5;2;6;4;0;0;1;1;0;0;0;0;802222,7032;5820115,082;13,44795554;52,44744874
3489;198471;11;5;5030730;2018;3;14;5;3;2;6;0;0;1;0;0;0;0;0;786878,3974;5829309,744;13,23072918;52,53815345
3490;198472;11;9;9041501;2018;3;15;5;3;6;3;0;0;1;1;0;0;0;0;811594,6734;5820044,571;13,58534912;52,4415567
3491;198473;11;2;2050801;2018;3;9;5;3;0;7;0;1;0;0;0;0;0;1;803420,4559;5826909,966;13,4717076;52,50768705
3492;198474;11;1;1011304;2018;3;8;4;3;5;3;0;1;1;0;0;0;0;0;799818,8772;5827505,567;13,41933788;52,51501688
3493;198475;11;6;6020409;2018;3;14;5;2;3;3;0;1;1;0;0;1;0;0;794034,3208;5817447,693;13,32547496;52,42800189
3494;198476;11;3;3050919;2018;3;19;4;2;5;2;2;0;1;0;0;0;0;1;801994,5362;5832819,102;13,4561312;52,56144164
3495;198477;11;9;9030901;2018;3;14;5;3;5;3;0;1;1;0;0;0;0;0;807818,9106;5817710,557;13,52782692;52,42277713
3496;198478;11;8;8010212;2018;3;18;4;3;2;2;2;0;1;0;0;0;0;1;800975,2515;5823493,623;13,43270256;52,47841991
3497;198479;11;7;7060603;2018;3;5;3;3;5;7;2;0;1;0;1;0;0;0;798174,4899;5816977,742;13,38576881;52,42154867
3498;198480;11;6;6010102;2018;3;17;4;3;5;3;0;0;1;0;0;0;0;0;793394,875;5820328,327;13,31862628;52,45416933
3499;198481;11;1;1011101;2018;3;12;4;3;2;6;0;0;1;0;0;0;0;1;795009,8238;5826319,985;13,34762499;52,5070115
3500;198482;11;6;6040703;2018;3;14;5;3;5;2;0;1;1;0;0;0;0;0;786585,2954;5817921,602;13,21662651;52,43620389
3501;198483;11;4;4041344;2018;3;10;4;3;2;7;0;0;1;0;0;0;0;1;793043,281;5821997,629;13,31493251;52,46932282
3502;198484;11;8;8020619;2018;3;10;4;3;5;2;0;0;1;0;0;0;0;1;801552,27;5820647,89;13,43860165;52,45259462
3503;198485;11;10;10040830;2018;3;13;5;2;5;3;0;0;1;0;0;0;0;0;810593,6369;5825520,934;13,57576609;52,49120308
3504;198486;11;2;2040701;2018;3;9;4;3;5;3;0;1;1;0;0;0;0;1;800312,1577;5827612,714;13,42668199;52,5157059
3505;198487;11;1;1033101;2018;3;8;4;3;5;7;0;0;1;0;0;0;0;1;796653,466;5832131,619;13,37695786;52,55821534
3506;198488;11;1;1011302;2018;3;13;5;3;5;2;0;1;1;0;0;0;0;0;797686,291;5828774,773;13,38913998;52,52756191
3507;198489;11;1;1011203;2018;3;8;4;3;5;3;0;0;1;0;0;0;0;1;797959,6535;5827080,288;13,39163983;52,51222366
3508;198490;11;10;10020414;2018;3;13;5;3;5;3;0;0;1;0;0;0;0;0;812466,6981;5830963,348;13,60837442;52,53890432
3509;198491;11;1;1011204;2018;3;13;4;3;1;5;0;0;1;0;0;0;0;1;798675,8446;5826838,157;13,4019447;52,50966161
3510;198492;11;12;12302107;2018;3;20;3;3;6;2;2;0;1;1;0;0;0;1;794396,6727;5836234,916;13,34740847;52,59622289
3511;198493;11;2;2050602;2018;3;7;4;3;6;4;0;0;1;1;0;0;0;1;802942,4171;5827972,494;13,4656529;52,51747599
3512;198494;11;9;9052001;2018;3;5;4;3;0;1;2;0;1;0;0;0;1;2;809593,6372;5823087,362;13,55882496;52,46996208
3513;198495;11;4;4051655;2018;3;13;5;3;5;2;0;1;1;0;0;0;0;0;793922,0006;5823112,785;13,32881392;52,47884766
3514;198496;11;5;5020417;2018;3;8;4;2;5;3;0;1;1;0;0;0;0;2;783417,3875;5828618,634;13,17924712;52,53376793
3515;198497;11;2;2030301;2018;3;2;4;3;6;4;2;0;0;1;0;0;1;1;799902,211;5825981,033;13,41918875;52,50130603
3516;198498;11;2;2020203;2018;2;13;4;3;5;2;0;1;0;0;0;0;1;0;797130,6434;5823996,568;13,37670878;52,48503361
3517;198499;11;9;9010302;2018;3;13;4;3;2;6;0;0;1;0;0;0;0;1;804022,0398;5821199,017;13,47533646;52,45616633
3518;198500;11;4;4030931;2018;3;23;4;3;6;4;2;0;1;1;0;0;0;0;794329,7816;5825923,049;13,33728337;52,5038205
3519;198501;11;3;3050920;2018;2;14;4;2;6;4;0;0;1;1;0;0;0;0;801851,5468;5831732,304;13,45303993;52,55178001
3520;198502;11;11;11040926;2018;2;13;4;3;6;2;0;0;1;1;0;0;0;0;806685,4875;5826904,989;13,51966014;52,5058169
3521;198503;11;3;3061228;2018;3;21;4;2;1;1;2;0;1;0;0;0;0;1;800314,5759;5830853,412;13,42964496;52,54475187
3522;198504;11;11;11030720;2018;2;13;4;3;2;2;0;0;1;0;0;0;0;0;805193,0439;5828716,425;13,49940101;52,52288867
3523;198505;11;6;6010205;2018;3;15;2;3;2;6;0;0;1;0;0;0;0;0;795838,7005;5819911,319;13,35411645;52,44911396
3524;198506;11;2;2040701;2018;3;18;4;3;2;6;2;0;1;0;0;0;0;1;800552,7361;5827030,057;13,42969045;52,51035085
3525;198507;11;9;9031001;2018;3;18;4;2;5;3;2;1;1;0;0;0;0;1;811342,6311;5815638,713;13,57755326;52,40221679
3526;198508;11;3;3020209;2018;2;12;4;3;5;2;0;1;1;0;0;0;0;0;798471,2258;5834861,062;13,40614821;52,58168748
3527;198509;11;4;4041342;2018;3;18;4;2;5;2;1;0;1;0;0;0;0;1;792526,423;5822919,654;13,30815402;52,47786561
3528;198510;11;5;5020626;2018;2;12;4;3;6;2;0;0;1;1;0;0;0;0;784751,5613;5827277,353;13,19771473;52,52104658
3529;198511;11;4;4051652;2018;3;17;4;3;7;7;0;1;0;0;0;0;0;1;793816,2476;5824455,66;13,32844495;52,49094285
3530;198512;11;2;2010101;2018;2;11;4;3;2;6;0;0;1;0;0;0;1;0;797745,9835;5826089,29;13,38761419;52,50345723
3531;198513;11;7;7010102;2018;3;17;3;2;5;3;1;1;1;0;0;0;0;1;795696,9649;5825430,926;13,35693024;52,49866981
3532;198514;11;10;10020622;2018;2;11;4;3;5;3;0;0;1;0;0;0;0;0;811144,9669;5829167,778;13,58726859;52,52356987
3533;198515;11;4;4010101;2018;2;11;4;3;2;6;0;0;1;0;0;0;1;0;789809,3735;5830642,492;13,27498631;52,54855084
3534;198516;11;6;6010101;2018;3;15;4;3;2;2;0;0;1;0;0;1;1;1;793517,2002;5820625,029;13,3206821;52,4567635
3535;198517;11;2;2030301;2018;2;20;4;3;6;2;2;0;1;1;0;0;0;0;799675,5088;5826049,653;13,41592073;52,50204565
3536;198518;11;9;9010402;2018;3;10;3;3;5;2;0;0;1;0;0;0;0;1;806938,6018;5820089,112;13,51710539;52,44458904
3537;198519;11;1;1033201;2018;3;13;2;3;5;2;0;0;1;0;0;0;0;1;798080,3604;5829991,674;13,39602291;52,5382545
3538;198520;11;10;10020413;2018;3;19;3;3;5;2;2;0;1;0;0;0;0;0;811288,9002;5831562,788;13,5916262;52,54495007
3539;198521;11;8;8010404;2018;3;14;2;3;5;3;0;0;1;0;0;0;1;0;801392,3304;5823742,315;13,43904999;52,48041898
3540;198522;11;1;1011201;2018;3;19;3;3;5;3;2;1;1;0;0;0;0;0;797157,6352;5826452,467;13,37929592;52,50703345
3541;198523;11;11;11030721;2018;3;16;2;3;6;4;0;0;0;1;0;0;1;0;803883,0644;5827879,384;13,4793879;52,51611817
3542;198524;11;3;3061126;2018;3;16;2;3;5;2;0;1;1;0;0;0;0;0;798521,212;5831495,016;13,40385473;52,55148849
3543;198525;11;11;11051330;2018;3;19;3;2;6;4;2;0;1;1;0;0;0;1;807191,8148;5824818,696;13,5251728;52,48683443
3544;198526;11;8;8020727;2018;3;13;2;3;6;4;0;0;0;1;0;1;0;0;801530,4229;5817558,422;13,43549403;52,42491478
3545;198527;11;4;4051549;2018;3;7;2;3;6;4;1;1;0;1;0;0;0;0;792856,3865;5823935,763;13,31389119;52,48679792
3546;198528;11;11;11041023;2018;3;13;2;2;6;4;0;0;0;1;1;0;0;1;807525,7893;5827568,668;13,53261485;52,51129186
3547;198529;11;8;8010303;2018;3;18;3;3;0;6;1;0;1;0;1;0;0;0;800371,1388;5824365,399;13,42461961;52,48656658
3548;198530;11;10;10010102;2018;3;16;2;2;5;2;0;0;1;0;1;0;0;0;809550,8222;5834189,182;13,56852697;52,56947682
3549;198531;11;10;10020413;2018;3;18;3;3;5;3;2;0;1;0;0;0;0;1;811981,4669;5830701,162;13,60099701;52,53683283
3550;198532;11;7;7070702;2018;3;4;2;3;6;6;2;0;1;1;0;0;0;0;800074,2201;5815301,902;13,41211945;52,40548866
3551;198533;11;1;1022101;2018;3;18;3;3;2;2;2;0;1;0;0;0;0;0;793527,7323;5828170,364;13,32748333;52,5243987
3552;198534;11;10;10010204;2018;3;16;3;2;6;4;0;0;1;1;0;0;0;0;808869,768;5832752,368;13,55717276;52,55698746
3553;198535;11;6;6020305;2018;3;15;2;3;2;2;0;1;1;0;0;0;0;0;795869,3534;5818139,551;13,35299756;52,43321469
3554;198536;11;12;12214423;2018;3;16;3;3;2;6;0;1;1;0;0;0;0;1;792748,5968;5833255,697;13,32051478;52,57040545
3555;198537;11;3;3061228;2018;3;14;2;3;3;6;0;0;1;0;0;0;0;0;800550,6593;5831450,661;13,43365636;52,54997495
3556;198538;11;4;4051550;2018;3;15;3;3;0;5;0;1;1;0;0;0;0;0;793428,4153;5824504,054;13,32279177;52,49158529
3557;198539;11;12;12103219;2018;3;14;3;3;5;3;0;0;1;0;0;0;0;0;795377,9968;5833169,867;13,35912263;52,5682156
3558;198540;11;7;7030303;2018;3;15;2;3;5;3;0;0;1;0;0;0;0;0;795990,4123;5822766,732;13,35887444;52,47462845
3559;198541;11;1;1011101;2018;3;5;3;3;5;7;2;0;1;0;1;0;0;0;795243,2688;5826601,764;13,35130447;52,50941115
3560;198542;11;9;9052001;2018;3;7;3;3;5;2;0;1;1;0;0;0;0;0;811156,4825;5822077,211;13,58081668;52,46002176
3561;198543;11;4;4020314;2018;3;14;2;2;5;3;0;0;1;0;0;0;0;1;790027,2189;5825235,2;13,27347417;52,49995793
3562;198544;11;5;5020524;2018;3;7;3;3;5;2;0;0;1;0;0;0;0;1;783895,4334;5826614,693;13,18456508;52,51555148
3563;198545;11;1;4030931;2018;3;13;2;3;0;1;0;1;0;0;0;0;0;1;794587,3233;5826052,391;13,34118115;52,50484099
3564;198546;11;8;8010118;2018;3;8;3;3;5;2;0;1;1;0;0;0;0;1;800232,6437;5822346,817;13,42076877;52,46854931
3565;198547;11;1;1033201;2018;3;18;2;3;3;6;0;0;1;0;0;0;0;0;797603,8294;5830871,518;13,38980577;52,54640163
3566;198548;11;12;12224230;2018;3;9;3;3;4;6;0;0;1;0;0;0;0;2;786700,6589;5838840,967;13,23636048;52,62369947
3567;198549;11;12;12214422;2018;3;11;3;3;6;2;0;0;1;1;0;0;0;1;792235,9825;5833340,575;13,3130475;52,5714418
3568;198550;11;7;7060603;2018;3;18;2;3;2;6;0;0;1;0;0;0;0;0;798326,2356;5815894,124;13,38702775;52,41175247
3569;198551;11;6;6020303;2018;3;11;3;3;2;6;0;0;0;0;0;1;0;1;795185,6328;5818772,843;13,34352892;52,43926118
3570;198552;11;1;1011301;2018;3;18;2;3;5;3;0;1;1;0;0;0;0;0;796671,2434;5828260,205;13,37376233;52,52350267
3571;198553;11;1;1033203;2018;3;13;3;3;2;6;0;0;1;0;0;0;1;1;796789,2823;5830549,423;13,37754116;52,54395876
3572;198554;11;1;1011302;2018;3;17;2;3;5;2;0;1;1;0;0;0;0;0;798542,3195;5828983,613;13,40190851;52,52896577
3573;198555;11;1;1022206;2018;3;5;2;3;6;4;2;0;1;1;0;0;0;0;796302,4811;5828495,516;13,36855259;52,52581252
3574;198556;11;1;1044201;2018;3;16;2;3;4;6;0;0;1;0;0;0;0;0;795844,2474;5830866,48;13,36392864;52,54731484
3575;198557;11;12;12224230;2018;3;17;2;3;5;3;0;0;1;0;0;0;0;0;785507,2064;5837376,226;13,21751334;52,61119566
3576;198558;11;12;12103116;2018;3;16;2;2;4;2;0;0;1;0;0;0;0;0;796277,0641;5833314,421;13,37247805;52,56902279
3577;198559;11;1;1011302;2018;3;15;2;3;3;6;0;1;1;0;0;0;0;0;798239,3188;5829016,867;13,397485;52,5294297
3578;198560;11;2;2020204;2018;3;16;2;3;2;6;0;0;1;0;1;0;0;0;798474,1195;5825220,336;13,39753103;52,49527037
3579;198561;11;3;3071537;2018;3;18;1;3;5;5;1;0;1;0;1;0;0;0;799819,1517;5829818,583;13,42142731;52,53574919
3580;198562;11;6;6040807;2018;3;15;2;3;5;2;0;1;0;0;0;0;1;0;789692,4871;5818445,269;13,26266091;52,43926189
3581;198563;11;9;9020801;2018;3;17;1;3;2;6;0;0;1;0;0;0;0;0;809787,1565;5820524,15;13,55928646;52,44688147
3582;198564;11;9;9051901;2018;3;15;2;3;2;6;0;0;1;0;0;0;0;0;810655,7632;5821077,542;13,57254065;52,45134797
3583;198565;11;1;1044203;2018;3;17;1;3;2;6;0;0;1;0;0;0;0;0;795915,1225;5831967,769;13,36595235;52,5571483
3584;198566;11;8;8010301;2018;3;15;2;3;5;2;0;0;1;0;0;0;0;0;801152,0357;5824100,759;13,43584612;52,48376438
3585;198567;11;2;2050801;2018;3;14;1;3;6;2;0;0;1;1;0;0;0;0;803211,6414;5826810,421;13,46854967;52,50691094
3586;198568;11;3;3071638;2018;3;15;1;3;1;5;0;1;1;0;0;0;0;0;800260,0974;5829816,176;13,42790666;52,53548487
3587;198569;11;4;4051445;2018;3;9;2;3;5;3;0;1;1;0;0;0;0;0;792029,9289;5824073,344;13,30187502;52,48847402
3588;198570;11;10;10010308;2018;3;12;1;3;5;2;0;0;1;0;0;0;0;0;806306,9025;5830188,751;13,51712348;52,53545939
3589;198571;11;4;4041134;2018;3;12;1;3;5;7;0;0;1;0;0;0;0;0;790690,4982;5824207,662;13,28232113;52,49039306
3590;198572;11;3;3050924;2018;3;16;2;3;6;7;0;0;1;1;0;0;0;0;801633,6029;5831291,149;13,44943455;52,54794667
3591;198573;11;5;5010312;2018;3;11;1;3;2;7;0;0;1;0;0;0;0;0;785191,6682;5829502,343;13,20609258;52,54076565
3592;198574;11;4;4051551;2018;3;12;1;2;5;7;0;0;1;0;1;0;0;0;793344,5504;5823122,262;13,320344;52,47924309
3593;198575;11;2;2050802;2018;3;8;2;3;2;6;0;0;1;0;0;0;1;0;802845,5092;5827211,166;13,46353623;52,51070612
3594;198576;11;12;12301203;2018;3;17;1;2;5;3;0;0;1;0;0;0;0;0;793602,6575;5835194,658;13,33479758;52,58732696
3595;198577;11;7;7060604;2018;3;8;2;3;2;6;0;0;1;0;0;0;0;0;796987,0817;5815667,896;13,36719641;52,41045266
3596;198578;11;1;1011402;2018;3;15;1;3;0;1;0;1;0;0;0;0;0;0;798605,1409;5829318,112;13,40313227;52,53192967
3597;198579;11;1;1033203;2018;3;15;2;3;6;4;0;0;1;1;0;0;0;0;796039,109;5830339,043;13,36632384;52,54248103
3598;198580;11;1;1011302;2018;3;23;1;3;6;4;2;0;1;1;0;0;0;0;798419,8907;5828954,267;13,40008278;52,52876976
3599;198581;11;11;11030720;2018;3;20;1;3;2;6;2;0;1;0;1;0;0;0;806103,6221;5830140,002;13,51409091;52,5351367
3600;198582;11;2;2050801;2018;3;7;2;3;5;3;0;1;1;0;0;0;0;0;803179,3066;5826845,942;13,46810706;52,50724727
3601;198583;11;1;1022101;2018;3;20;1;3;8;1;2;0;1;0;0;0;0;0;793446,5887;5828205,392;13,32632164;52,52475638
3602;198584;11;5;5010209;2018;3;14;2;3;5;3;0;0;1;0;0;0;0;0;782657,172;5829427,935;13,16875779;52,54141919
3603;198585;11;1;1022103;2018;3;14;2;3;2;6;0;0;1;0;0;0;0;0;794388,298;5829409,668;13,34122856;52,53504426
3604;198586;11;1;1033201;2018;3;19;1;3;6;2;2;0;1;1;0;0;0;0;798090,0861;5829998,821;13,3961723;52,53831324
3605;198587;11;3;3061332;2018;3;13;1;3;5;2;0;1;1;0;0;0;0;0;799357,5596;5830719,511;13,41545392;52,54407833
3606;198588;11;4;4041239;2018;3;14;2;3;5;2;0;1;1;0;0;0;0;0;792229,429;5823140,683;13,3039872;52,4800061
3607;198589;11;7;7010103;2018;3;14;2;3;1;5;0;0;1;0;1;0;0;0;795500,5654;5824474,719;13,35319732;52,49020454
3608;198590;11;11;11020412;2018;3;10;1;2;8;1;0;0;1;0;0;0;0;0;805599,1312;5831289,789;13,50773379;52,54572454