;OBJECTID;LAND;BEZ;LOR;UJAHR;UMONAT;USTUNDE;UWOCHENTAG;UKATEGORIE;UART;UTYP1;ULICHTVERH;IstRad;IstPKW;IstFuss;IstKrad;IstGkfz;IstSonstige;USTRZUSTAND;LINREFX;LINREFY;XGCSWGS84;YGCSWGS84
3609;198591;11;7;7060604;2018;3;14;2;3;2;6;0;0;1;0;0;0;0;0;797281,3617;5815558,056;13,37141261;52,40930832
3610;198592;11;5;5010314;2018;3;10;1;3;1;5;0;0;1;0;0;0;0;0;784947,7173;5829119,022;13,2021765;52,53745645
3611;198593;11;5;5010209;2018;3;16;2;3;6;4;0;1;0;1;0;0;0;0;783182,7908;5830306,068;13,1772362;52,5490198
3612;198594;11;7;7040401;2018;3;8;1;3;6;7;0;0;0;1;0;0;1;0;798238,8759;5823960,258;13,39294844;52,48410392
3613;198595;11;1;1033102;2018;3;13;2;3;5;3;0;0;1;0;0;0;0;0;797325,3283;5831644,137;13,38640263;52,55347926
3614;198596;11;3;3061131;2018;3;11;2;3;2;2;0;0;1;0;0;0;0;0;799183,0505;5831223,966;13,41334266;52,54869583
3615;198597;11;5;5010339;2018;3;8;1;2;5;3;0;0;1;0;0;0;1;0;787367,3173;5828329,624;13,23707066;52,52910853
3616;198598;11;7;7060602;2018;3;15;2;3;5;3;0;0;1;0;0;0;0;0;797299,158;5816718,653;13,37270434;52,4197024
3617;198599;11;4;4030518;2018;3;16;2;3;6;7;0;0;1;1;0;0;0;0;791723,0339;5827928,355;13,30074606;52,52319775
3618;198600;11;9;9051801;2018;3;7;1;2;9;1;0;0;1;0;0;0;0;0;821089,2639;5819466,223;13,72400564;52,43088354
3619;198601;11;1;1033203;2018;3;17;2;2;5;2;0;1;1;0;0;0;0;0;796907,2404;5830719,383;13,3794274;52,54541799
3620;198602;11;9;9041301;2018;3;17;2;3;2;7;1;0;1;0;0;0;0;0;814394,8611;5818352,973;13,62482032;52,42479578
3621;198603;11;1;1011303;2018;3;3;1;3;5;3;2;0;1;0;0;0;0;0;799243,994;5828468,693;13,41175779;52,52396558
3622;198604;11;7;7050501;2018;3;9;2;3;2;6;0;0;1;0;0;0;1;0;797701,8732;5819246,233;13,38085899;52,44214077
3623;198605;11;5;5010314;2018;3;20;7;3;2;2;2;0;1;0;0;0;0;0;784773,6795;5828811,84;13,19935419;52,53479324
3624;198606;11;11;11010310;2018;3;18;2;3;6;4;1;0;1;1;0;0;0;0;805340,6657;5833268,113;13,50575368;52,5635998
3625;198607;11;10;10020413;2018;3;20;7;3;2;6;2;0;1;0;0;0;0;0;811833,4322;5830478,129;13,59861223;52,5349189
3626;198608;11;6;6010101;2018;3;20;2;3;5;2;2;1;1;0;0;0;0;0;793313,5345;5820741,663;13,31779578;52,45791843
3627;198609;11;5;5020625;2018;3;13;2;3;0;6;0;0;1;0;0;0;1;0;784730,359;5828642,709;13,19857234;52,53329945
3628;198610;11;11;11020513;2018;3;20;7;2;0;1;2;1;0;0;0;0;0;0;804664,0384;5831484,542;13,49416555;52,5479937
3629;198611;11;4;4030620;2018;3;20;2;3;5;2;2;0;1;0;0;0;0;0;792764,8593;5827047,051;13,31528236;52,51473876
3630;198612;11;8;8020727;2018;3;18;2;3;2;6;1;0;1;0;0;0;0;0;801521,762;5817584,911;13,43539092;52,42515699
3631;198613;11;9;9030901;2018;3;19;7;2;9;1;2;0;0;0;1;0;0;0;807283,263;5817773,428;13,52003225;52,42364163
3632;198614;11;3;3061228;2018;3;18;7;3;5;2;1;0;1;0;1;0;0;0;801277,8102;5831038,741;13,44397441;52,5458812
3633;198615;11;5;5010101;2018;3;5;2;3;5;3;0;0;1;0;0;0;0;0;785500,5808;5831794,466;13,21260611;52,56115463
3634;198616;11;8;8010118;2018;3;17;7;3;3;6;0;0;1;0;0;0;0;0;801074,0563;5821961,12;13,43276992;52,46462915
3635;198617;11;1;1033202;2018;3;5;2;3;0;2;2;0;1;0;0;0;1;0;796971,5411;5830138,633;13,37985367;52,54017719
3636;198618;11;2;2040702;2018;3;16;7;3;5;2;0;1;1;0;0;0;0;0;801749,6141;5827411,871;13,44761915;52,51311235
3637;198619;11;4;4051445;2018;3;12;1;3;5;2;0;0;1;0;0;0;0;0;792204,9294;5824068,755;13,30444102;52,48833923
3638;198620;11;3;3061332;2018;3;16;7;2;5;7;0;0;0;0;1;0;1;0;799223,3981;5830466,277;13,41325335;52,54188218
3639;198621;11;4;4030930;2018;3;17;1;3;0;6;1;0;1;0;1;0;0;0;793426,7619;5825687,384;13,32380991;52,50219425
3640;198622;11;8;8041035;2018;3;15;1;3;5;3;0;0;1;0;0;0;1;0;804755,8678;5818461,191;13,48360587;52,43121928
3641;198623;11;3;3020209;2018;3;14;7;3;2;2;0;0;1;0;1;0;0;0;797875,1566;5836022,057;13,39842077;52,59242078
3642;198624;11;1;1011302;2018;3;20;1;3;1;5;2;1;1;0;0;0;1;0;798663,5962;5828360,262;13,40313109;52,52331188
3643;198625;11;1;1011202;2018;3;13;7;2;6;4;0;1;0;1;0;0;0;0;797672,4638;5827988,177;13,38823269;52,52051859
3644;198626;11;5;5010101;2018;3;16;1;3;2;4;0;0;1;1;0;0;0;0;785196,8819;5831560,43;13,20793699;52,55921546
3645;198627;11;8;8020726;2018;3;12;7;3;6;7;0;0;1;1;0;0;0;0;799847,7492;5816527,296;13,40989778;52,41659678
3646;198628;11;6;6030607;2018;3;11;7;3;6;4;0;0;1;1;0;0;0;0;792207,2885;5816633,524;13,29796902;52,42168174
3647;198629;11;1;1033101;2018;3;8;1;3;6;2;0;0;1;1;0;0;0;0;797713,3393;5832891,935;13,39322795;52,56445216
3648;198630;11;11;11020515;2018;3;10;7;3;1;7;0;0;1;0;0;0;0;0;804613,9061;5830174,759;13,49222758;52,53628284
3649;198631;11;9;9020802;2018;3;10;7;3;2;6;0;0;1;0;0;0;0;0;810384,3219;5819645,74;13,56722907;52,43867077
3650;198632;11;8;8041038;2018;3;9;1;3;2;6;0;0;1;0;0;0;1;0;805278,1764;5815046,617;13,48815014;52,40032425
3651;198633;11;4;4030621;2018;3;5;1;2;8;1;2;0;1;0;1;0;0;0;793201,2081;5827785,941;13,32234537;52,5211282
3652;198634;11;8;8010303;2018;3;9;7;3;5;3;0;0;1;0;0;0;1;0;800672,8169;5824166,325;13,42886949;52,48461617
3653;198635;11;5;5010208;2018;3;12;1;3;2;6;0;0;1;0;0;0;0;0;783921,4568;5830122,805;13,18794399;52,54699214
3654;198636;11;7;7030301;2018;3;0;7;3;5;2;2;0;1;0;0;0;1;0;793993,1634;5821579,048;13,32850702;52,46506007
3655;198637;11;9;9010401;2018;3;3;7;2;8;1;2;0;1;0;0;0;0;0;805576,4622;5821463,999;13,49838435;52,45767444
3656;198638;11;7;7060604;2018;3;6;1;3;1;1;0;0;1;0;0;0;0;0;795791,7587;5815938,136;13,34991306;52,41352234
3657;198639;11;5;5010313;2018;3;18;6;3;5;3;2;0;1;0;0;0;0;0;784426,4517;5829931,933;13,1952077;52,54501734
3658;198640;11;1;1044101;2018;3;13;1;2;9;1;0;0;1;0;0;0;0;0;793701,2903;5832239,396;13,33363165;52,56078175
3659;198641;11;2;2020205;2018;3;17;6;3;3;6;0;1;1;0;0;0;0;0;798163,6372;5824758,766;13,39255812;52,49130266
3660;198642;11;11;11040926;2018;3;9;6;3;6;7;0;0;0;1;0;0;1;0;806441,93;5826869,472;13,51605024;52,50563544
3661;198643;11;8;8010117;2018;3;21;7;3;6;4;2;0;1;1;0;0;0;0;800561,0096;5823297,918;13,42644509;52,47689386
3662;198644;11;3;3061131;2018;3;5;6;3;5;3;1;0;1;0;0;0;0;1;798941,2492;5831055,956;13,40963603;52,54732262
3663;198645;11;4;4020311;2018;3;23;6;2;1;7;2;0;1;0;0;0;0;0;788972,1891;5826985,405;13,25949475;52,51620883
3664;198646;11;1;1011103;2018;3;2;7;3;7;7;2;0;0;0;1;0;0;0;795681,3844;5825727,988;13,35696514;52,50134118
3665;198647;11;1;1022206;2018;3;3;7;2;8;1;2;0;1;0;0;0;0;0;796288,5294;5828329,905;13,36819999;52,52433556
3666;198648;11;2;2020204;2018;3;9;6;3;5;3;0;1;1;0;0;0;0;0;798622,1359;5825119,703;13,39961462;52,49428737
3667;198649;11;2;2040701;2018;3;9;7;3;0;4;0;0;0;1;0;0;1;0;801062,5684;5827097,427;13,43724107;52,51067357
3668;198650;11;1;1033203;2018;3;16;6;3;5;2;0;0;1;0;0;0;0;0;796291,1551;5830599,599;13,37026196;52,54467965
3669;198651;11;9;9051702;2018;3;11;7;3;2;6;0;0;1;0;0;0;0;0;814243,9569;5820801,826;13,62491012;52,44682665
3670;198652;11;1;1022202;2018;3;14;6;3;2;6;0;0;1;0;0;0;0;1;795499,0072;5829595,249;13,35772138;52,53610676
3671;198653;11;1;1033203;2018;3;12;7;3;2;6;0;0;1;0;0;0;0;0;796936,8631;5830172,637;13,37937423;52,54050089
3672;198654;11;9;9010301;2018;3;0;7;2;1;1;2;0;1;0;0;0;0;1;804182,9858;5821825,88;13,47826895;52,46169522
3673;198655;11;10;10040931;2018;3;14;6;3;2;6;0;0;1;0;0;0;0;0;813045,6366;5828584,831;13,61464348;52,51725827
3674;198656;11;9;9020702;2018;3;0;7;3;5;3;2;0;1;0;0;0;0;2;809363,4505;5819667,143;13,55227858;52,43944096
3675;198657;11;12;12302108;2018;3;15;7;3;5;3;0;1;1;0;0;0;0;0;794115,5351;5836504,53;13,34350932;52,59879188
3676;198658;11;1;1011402;2018;3;13;6;3;1;5;0;0;1;0;0;0;0;1;798539,2294;5829477,982;13,40230707;52,53339879
3677;198659;11;2;2010103;2018;3;15;7;3;5;3;0;0;1;0;0;0;0;0;799147,7807;5825786,398;13,40793285;52,49997551
3678;198660;11;3;3030406;2018;3;17;6;3;5;2;0;0;1;0;0;0;1;0;802957,6028;5837664,196;13,47472379;52,60433162
3679;198661;11;6;6020410;2018;3;15;7;3;1;5;0;0;1;0;0;0;0;0;794156,6759;5816946,511;13,32682858;52,42344319
3680;198662;11;12;12301203;2018;3;16;7;3;0;2;0;0;0;0;0;0;1;0;793522,9935;5836114,565;13,33444023;52,59561629
3681;198663;11;11;11040926;2018;3;17;6;3;5;2;0;1;1;0;0;0;0;0;804467,7231;5826384,264;13,48660981;52,50239195
3682;198664;11;7;7050501;2018;3;17;6;3;2;2;1;0;1;0;0;0;0;2;797970,889;5819922;13,3854078;52,44805178
3683;198665;11;4;4051447;2018;3;17;6;3;2;6;0;0;1;0;0;0;0;0;793444,0848;5824710,5;13,32320373;52,49342757
3684;198666;11;3;3040614;2018;3;13;6;3;6;4;0;0;1;1;0;0;0;0;798911,9187;5833273,116;13,41120145;52,56721214
3685;198667;11;7;7030301;2018;3;17;6;3;2;6;1;0;1;0;0;0;0;0;793792,2432;5822050,337;13,32597296;52,46939307
3686;198668;11;10;10010207;2018;3;14;6;3;5;3;0;1;0;0;0;0;1;0;808779,4769;5831663,415;13,55483247;52,54727979
3687;198669;11;2;2030401;2018;3;21;6;2;6;4;2;0;0;1;0;0;1;2;800697,0304;5825393,8;13,43033261;52,49560509
3688;198670;11;1;1011302;2018;3;19;6;3;3;6;2;1;1;0;0;0;0;0;798735,2177;5829076,887;13,40482741;52,52969616
3689;198671;11;8;8010508;2018;3;19;6;3;2;6;2;0;1;0;0;0;0;2;802728,8526;5822971,252;13,45797043;52,4727687
3690;198672;11;2;2020206;2018;3;21;6;3;2;6;2;0;1;0;0;0;0;0;799691,9997;5824489,112;13,41475908;52,4880487
3691;198673;11;6;6020408;2018;3;18;6;3;1;1;2;0;1;0;1;0;0;2;792581,1095;5816411,398;13,30325635;52,41949065
3692;198674;11;4;4020314;2018;3;5;6;3;5;2;2;0;1;0;0;0;0;1;790381,5625;5825664,345;13,27905375;52,50361683
3693;198675;11;6;6040701;2018;3;13;6;3;8;1;0;0;1;0;0;0;0;1;783945,0426;5816056,124;13,17630823;52,42085441
3694;198676;11;1;1033201;2018;3;7;6;3;2;6;0;0;1;0;0;0;1;1;798099,3628;5830003,786;13,39631313;52,53835267
3695;198677;11;9;9020701;2018;3;8;6;2;2;6;0;1;1;0;0;0;0;1;808009,4674;5818574,025;13,53141548;52,43040846
3696;198678;11;7;7010102;2018;3;10;6;3;6;2;0;0;1;1;0;0;0;0;795501,0553;5825488,256;13,35410355;52,49928985
3697;198679;11;8;8010301;2018;3;8;6;3;2;6;0;0;1;0;0;0;0;1;801420,2001;5823923,503;13,43962293;52,48202763
3698;198680;11;3;3071536;2018;3;8;6;3;6;7;0;1;0;1;0;0;0;1;799193,8332;5829455,45;13,41190861;52,53283789
3699;198681;11;7;7040403;2018;3;15;6;3;2;6;0;0;1;0;0;0;0;1;797336,4448;5821828,333;13,37779761;52,46548559
3700;198682;11;11;11040926;2018;3;15;6;3;3;6;0;1;1;0;0;0;0;1;805158,336;5827125,278;13,49743178;52,50864751
3701;198683;11;5;5020523;2018;3;10;6;3;5;2;0;0;1;0;0;0;0;1;782362,4913;5827218,219;13,16254707;52,5217588
3702;198684;11;6;6020306;2018;3;16;6;3;1;5;0;0;1;0;0;0;0;1;795936,054;5816522,26;13,35254493;52,41868065
3703;198685;11;1;1011305;2018;3;11;6;3;5;2;0;1;0;0;1;0;0;1;799459,4993;5826567,636;13,41321382;52,50680718
3704;198686;11;2;2020206;2018;3;16;6;3;6;2;0;0;1;1;0;0;0;1;799209,1808;5824544,513;13,4077193;52,48881011
3705;198687;11;8;8010303;2018;3;13;6;3;6;4;0;1;0;1;0;0;0;1;801042,3665;5823862,355;13,43402072;52,48168797
3706;198688;11;4;4030725;2018;3;13;6;2;3;6;0;1;0;0;0;1;0;0;791731,0612;5826074,153;13,29923834;52,50657083
3707;198689;11;9;9051801;2018;3;17;6;3;2;7;1;0;1;0;0;1;0;1;820701,7742;5819508,696;13,71836645;52,43149136
3708;198690;11;9;9041601;2018;3;13;6;3;4;6;0;1;0;0;1;0;0;0;817280,3916;5816912,015;13,66574901;52,41021875
3709;198691;11;1;1022206;2018;3;20;6;1;9;1;2;0;0;0;1;0;0;0;796402,0493;5828207,371;13,36975912;52,52317547
3710;198692;11;8;8041036;2018;3;18;6;3;2;2;2;0;1;0;0;0;0;1;804426,527;5816857,325;13,47731712;52,41702745
3711;198693;11;4;4041240;2018;3;15;5;3;2;6;0;0;1;0;0;0;0;1;791272,5179;5822049,421;13,28898361;52,47073416
3712;198694;11;6;6010209;2018;3;12;3;3;1;3;0;1;1;0;0;0;0;0;794500,1907;5820874,161;13,33532694;52,45846807
3713;198695;11;1;1011201;2018;3;8;5;3;6;7;0;0;1;1;0;0;0;0;797131,6786;5827316,458;13,37968595;52,51479231
3714;198696;11;7;7040405;2018;3;20;5;3;6;2;2;0;1;1;0;0;0;0;798439,8223;5821061,825;13,39330595;52,45801321
3715;198697;11;2;2030302;2018;3;19;5;3;0;7;2;0;0;1;0;0;1;0;800681,7719;5826151,295;13,43079238;52,50240315
3716;198698;11;9;9051901;2018;3;18;5;3;2;6;2;0;1;0;0;0;1;1;812086,0318;5821038,359;13,59348286;52,45018224
3717;198699;11;9;9052001;2018;3;18;5;3;5;2;1;0;1;0;0;0;0;0;810956,3442;5822200,399;13,57799523;52,46123963
3718;198700;11;2;2030301;2018;3;18;5;3;0;6;2;0;1;0;1;0;0;1;800025,435;5825734,499;13,42077654;52,49902851
3719;198701;11;11;11051229;2018;3;13;3;3;2;6;0;0;1;0;0;0;1;0;805609,6061;5824290,582;13,50145981;52,48298915
3720;198702;11;8;8010116;2018;3;14;5;3;6;7;0;0;1;1;0;0;0;0;800277,1142;5824290,238;13,42317135;52,4859446
3721;198703;11;8;8020726;2018;3;18;5;3;5;3;2;0;1;0;0;0;0;1;799907,8711;5816245,15;13,41052634;52,41403478
3722;198704;11;5;5020521;2018;3;18;5;3;5;3;2;0;1;0;0;0;0;0;780019,579;5827865,49;13,12865113;52,52877106
3723;198705;11;11;11020412;2018;3;12;3;3;5;7;0;0;1;0;0;0;0;0;805724,2369;5831819,057;13,51006016;52,55039778
3724;198706;11;1;1033203;2018;3;19;5;2;5;3;2;0;1;0;0;0;0;0;796578,0713;5830509,35;13,37439996;52,54371456
3725;198707;11;4;4010101;2018;3;17;5;3;5;3;0;1;1;0;0;0;0;1;789943,1521;5829512,94;13,27596777;52,53835314
3726;198708;11;2;2010104;2018;3;17;5;3;6;2;1;0;1;1;0;0;0;1;799075,5281;5825620,165;13,40672236;52,49852507
3727;198709;11;11;11030618;2018;3;18;5;3;5;2;1;0;1;0;0;0;0;0;803069,7499;5829534,261;13,46894694;52,53140306
3728;198710;11;3;3040614;2018;3;20;5;3;2;2;2;0;1;0;0;0;0;0;799735,9316;5835469,071;13,42530778;52,586442
3729;198711;11;8;8041038;2018;3;16;5;3;2;6;0;0;1;0;0;0;0;1;805450,1715;5816553,124;13,4920445;52,41373073
3730;198712;11;1;1044202;2018;3;12;3;3;6;2;0;0;1;1;0;0;0;0;795408,3709;5830269,482;13,3569884;52,54219981
3731;198713;11;2;2050601;2018;3;8;5;3;5;2;0;1;0;0;0;0;1;0;801893,5331;5828456,01;13,45068095;52,52239138
3732;198714;11;1;1044201;2018;3;15;5;3;1;5;0;0;1;0;0;0;0;1;795731,7793;5830848,545;13,3622589;52,54721513
3733;198715;11;3;3050923;2018;3;12;3;2;5;2;0;1;0;0;0;0;1;0;800225,871;5832094,504;13,42946294;52,55592497
3734;198716;11;3;3061126;2018;3;10;5;3;2;6;0;0;1;0;0;0;0;0;799192,8829;5831774,949;13,41398371;52,55362913
3735;198717;11;12;12103115;2018;3;15;5;3;5;3;0;1;1;0;0;0;0;1;796310,1657;5833949,302;13,37353228;52,57469577
3736;198718;11;2;2010103;2018;3;10;5;3;5;2;0;1;1;0;0;0;0;0;799491,7645;5826136,071;13,41329959;52,50292114
3737;198719;11;10;10010206;2018;3;14;5;3;1;7;0;0;1;0;0;0;0;1;809004,0545;5831921,086;13,55837358;52,54946162
3738;198720;11;6;6010206;2018;3;11;3;3;5;2;0;0;1;0;0;0;0;0;794730,0442;5820061,07;13,33798241;52,45105522
3739;198721;11;12;12214424;2018;3;7;5;2;6;4;0;0;1;1;0;0;0;0;793318,3219;5832718,871;13,32842227;52,5652864
3740;198722;11;11;11051332;2018;3;7;5;3;2;6;0;0;1;0;0;0;0;0;807219,0883;5823914,427;13,52473991;52,47871488
3741;198723;11;1;1011305;2018;3;14;5;3;5;2;0;1;1;0;0;0;0;1;799306,2982;5827222,402;13,41155212;52,51276026
3742;198724;11;9;9051702;2018;3;10;5;2;6;7;0;0;1;1;0;0;0;0;813742,1759;5821735,524;13,6184282;52,4554817
3743;198725;11;11;11020514;2018;3;11;5;3;5;3;0;1;1;0;0;0;0;0;804043,5819;5830515,931;13,48415703;52,53965908
3744;198726;11;8;8010405;2018;3;12;5;3;5;3;0;0;1;0;0;0;0;1;801929,0936;5823784,179;13,44696776;52,48049772
3745;198727;11;5;5010314;2018;3;18;2;3;0;4;1;0;0;1;1;0;0;0;784209,8655;5828955,873;13,19118741;52,53637896
3746;198728;11;10;10040931;2018;3;11;5;3;5;3;0;0;1;0;0;0;0;0;814987,3095;5829184,012;13,64373139;52,52150943
3747;198729;11;1;1011101;2018;3;19;5;3;6;2;2;0;1;1;0;0;0;1;795322,6539;5826275,51;13,35218134;52,50644357
3748;198730;11;7;7030302;2018;3;12;5;3;1;5;0;1;0;0;0;0;1;1;795000,231;5822853,17;13,34441469;52,47593901
3749;198731;11;1;1033102;2018;3;20;5;2;5;2;2;1;0;0;0;0;1;1;797448,9298;5831267,603;13,38788297;52,55003662
3750;198732;11;1;1033201;2018;3;23;2;2;6;4;2;0;1;1;0;0;0;0;797792,267;5830503,347;13,39224637;52,54299849
3751;198733;11;1;1044203;2018;3;12;5;3;1;7;0;0;1;1;0;0;0;0;795068,5397;5831195,648;13,35281478;52,55068626
3752;198734;11;4;4051445;2018;3;13;5;3;2;6;0;0;1;0;0;0;0;0;792089,2651;5824074,854;13,30274775;52,48845581
3753;198735;11;1;1022106;2018;3;14;5;3;6;4;0;0;1;1;0;0;0;0;793785,5173;5828141,932;13,33124694;52,52400497
3754;198736;11;1;1011301;2018;3;12;5;3;2;6;0;0;1;0;0;0;0;1;797002,835;5828944,464;13,37924659;52,52945577
3755;198737;11;12;12302211;2018;3;13;5;3;3;6;0;0;1;0;0;0;1;0;793427,4049;5836674,323;13,33352911;52,60068572
3756;198738;11;2;2010102;2018;3;12;5;3;6;4;0;0;1;1;0;0;0;1;797909,7727;5826461,577;13,39035322;52,50670492
3757;198739;11;6;6030610;2018;3;14;2;3;5;2;0;1;1;0;0;0;0;0;792099,5657;5818837,235;13,29831453;52,44149551
3758;198740;11;4;4010101;2018;3;15;5;3;2;6;0;0;1;0;0;0;0;0;790386,697;5829031,703;13,28206864;52,53380266
3759;198741;11;10;10010310;2018;3;16;5;2;5;3;0;0;0;0;1;0;1;0;808509,9483;5831175,864;13,55041744;52,54306317
3760;198742;11;4;4030930;2018;3;12;5;3;1;5;0;1;1;0;0;0;0;1;792959,9086;5825644,126;13,31691373;52,50205731
3761;198743;11;1;1022203;2018;3;16;5;3;0;7;1;0;0;0;1;0;1;0;795340,8505;5828522,269;13,35444307;52,52657412
3762;198744;11;8;8010211;2018;3;18;4;3;3;6;1;1;1;0;0;0;0;0;800529,6346;5823753,761;13,42639536;52,48099703
3763;198745;11;10;10010308;2018;3;11;5;3;6;4;0;0;0;1;0;0;1;1;806530,5487;5829115,921;13,51942127;52,52571879
3764;198746;11;9;9010301;2018;3;7;5;2;5;3;0;1;1;0;0;0;0;1;804973,875;5822616,78;13,49059661;52,46834297
3765;198747;11;7;7010101;2018;3;11;2;3;6;7;0;0;1;1;0;0;0;0;794699,6791;5825900,729;13,34269748;52,50342076
3766;198748;11;7;7040403;2018;3;14;4;2;5;7;0;1;1;0;0;0;0;0;796909,1405;5822294,022;13,37194054;52,46989242
3767;198749;11;12;12214125;2018;3;7;5;3;5;2;0;0;1;0;0;0;0;1;791112,9146;5834239,284;13,29731228;52,58010036
3768;198750;11;11;11051330;2018;3;10;4;3;5;3;0;1;1;0;0;0;0;0;807271,6828;5825406,111;13,52688693;52,49205398
3769;198751;11;10;10030727;2018;3;8;5;3;6;4;0;0;1;1;0;0;0;1;809416,574;5825360,462;13,55833594;52,49043339
3770;198752;11;4;4031032;2018;3;7;4;3;5;3;0;1;1;0;0;0;0;1;791588,4328;5825315,99;13,2964789;52,49985022
3771;198753;11;6;6030503;2018;3;8;5;3;2;7;0;0;1;0;0;0;1;1;789269,424;5818018,792;13,25608536;52,43566226
3772;198754;11;2;2020205;2018;3;8;5;3;5;2;0;1;1;0;0;0;0;1;798508,08;5824511,188;13,39739446;52,4888952
3773;198755;11;12;12224230;2018;3;6;4;3;2;6;0;0;1;0;0;0;0;1;786428,4955;5837342,785;13,23105337;52,61041111
3774;198756;11;1;1011201;2018;3;10;5;2;6;4;0;0;1;1;0;0;0;1;797230,5335;5826903,207;13,38076933;52,51103412
3775;198757;11;1;1011303;2018;3;8;4;3;2;6;0;0;1;0;0;1;0;1;799452,0549;5828827,691;13,41513862;52,52706921
3776;198758;11;1;1011101;2018;3;10;5;3;5;2;0;1;1;0;0;0;0;1;795258,056;5826615,301;13,35153373;52,5095245
3777;198759;11;4;4010102;2018;3;11;5;2;5;2;0;0;1;0;0;0;0;1;793341,3273;5829716,685;13,32610823;52,53836104
3778;198760;11;1;1011303;2018;3;11;2;3;5;3;0;1;1;0;0;0;0;0;799158,3451;5827808,446;13,40990532;52,51809445
3779;198761;11;6;6030503;2018;3;18;4;3;5;2;2;0;1;0;0;0;0;0;788915,121;5817911,583;13,25079535;52,43488834
3780;198762;11;6;6030504;2018;3;11;5;3;5;3;0;0;1;0;0;0;0;1;788966,9835;5816398,083;13,25024837;52,42129159
3781;198763;11;2;2050801;2018;3;14;4;3;2;6;0;0;1;0;0;0;0;0;803505,832;5827090,442;13,47312623;52,50925712
3782;198764;11;7;7020203;2018;3;19;4;3;1;5;2;1;1;0;0;0;0;0;795967,9546;5824084,882;13,35971486;52,48645677
3783;198765;11;4;4030519;2018;3;8;4;3;4;2;0;1;1;0;0;0;0;0;792005,3181;5828910,619;13,30575755;52,5318524
3784;198766;11;1;1033102;2018;3;20;4;3;6;7;2;0;1;1;0;0;0;0;797158,9046;5831369,177;13,38370912;52,55110541
3785;198767;11;4;4020312;2018;3;17;4;3;5;3;0;0;1;0;0;0;0;0;789530,3499;5826964,277;13,26767897;52,51572338
3786;198768;11;4;4041136;2018;3;12;2;3;5;7;0;0;1;0;0;0;0;0;790670,9995;5822822,259;13,28082667;52,47798316
3787;198769;11;9;9051901;2018;3;15;4;3;6;4;0;0;1;1;0;0;0;0;810965,7158;5821676,272;13,57764454;52,4565373
3788;198770;11;7;7070703;2018;3;17;4;2;5;2;0;1;1;0;0;0;0;0;799854,5212;5813188,907;13,40700863;52,3866687
3789;198771;11;7;7070703;2018;3;17;4;3;5;3;0;0;1;0;0;0;0;0;799775,2723;5813975,579;13,40655118;52,3937636
3790;198772;11;12;12214424;2018;3;13;2;3;6;4;0;0;1;1;0;0;0;0;793405,9664;5832482,107;13,32950222;52,56311672
3791;198773;11;2;2050601;2018;3;17;4;3;6;4;0;0;1;1;0;0;0;0;802120,4688;5828439,009;13,45400014;52,52211332
3792;198774;11;1;1011202;2018;3;17;4;3;5;2;0;1;1;0;0;0;0;0;797199,138;5827496,139;13,38083762;52,5163662
3793;198775;11;2;2050601;2018;3;16;4;3;5;2;0;0;1;0;1;0;0;0;801883,2354;5828451,057;13,45052514;52,52235269
3794;198776;11;1;1011301;2018;3;16;4;3;5;2;0;1;1;0;0;0;0;0;797075,6027;5828178,422;13,37963175;52,52254941
3795;198777;11;12;12301203;2018;3;15;4;3;6;4;0;0;1;1;0;0;0;0;793433,8473;5836094,56;13,33311018;52,59548507
3796;198778;11;1;1011105;2018;3;15;4;3;0;7;0;1;0;0;0;0;0;0;795483,5946;5826342,707;13,35460533;52,50695879
3797;198779;11;2;2040503;2018;3;15;4;3;2;6;0;1;0;0;0;0;0;0;801640,7482;5828333,532;13,44685539;52,5214335
3798;198780;11;2;2040701;2018;3;15;4;2;6;4;0;0;1;1;0;0;0;1;801132,3033;5827520,608;13,43864843;52,51442814
3799;198781;11;8;8010303;2018;3;14;4;3;1;5;0;1;1;0;0;0;0;1;801423,5327;5823868,285;13,43962194;52,48153086
3800;198782;11;9;9020701;2018;3;15;4;3;1;5;0;0;0;0;1;0;1;0;807712,2015;5818226,328;13,52673705;52,42745961
3801;198783;11;1;1033203;2018;3;13;4;2;6;4;0;0;1;1;0;0;0;1;796827,257;5831283,485;13,37875557;52,5505181
3802;198784;11;4;4020314;2018;3;18;4;3;2;6;2;0;1;0;0;0;0;0;790563,5288;5825416,538;13,28151083;52,50129834
3803;198785;11;4;4051551;2018;3;13;4;3;5;2;0;0;1;0;0;0;0;0;792824,7275;5823221,308;13,31279868;52,48041
3804;198786;11;3;3040614;2018;3;19;4;3;1;7;2;1;1;0;0;0;0;0;798676,3458;5833844,749;13,40825093;52,57246525
3805;198787;11;10;10020414;2018;3;12;4;3;0;4;0;0;0;1;0;0;1;1;812233,8858;5830802,058;13,60480133;52,53759241
3806;198788;11;8;8020727;2018;3;11;4;2;6;4;0;0;1;1;0;0;0;1;800964,5414;5816267,15;13,42603556;52,41365204
3807;198789;11;6;6040810;2018;3;15;4;2;6;2;0;0;1;1;0;0;0;0;790148,0336;5819783,737;13,27050621;52,45102015
3808;198790;11;11;11020412;2018;3;12;4;3;5;3;0;1;1;0;0;0;0;1;805842,3369;5831853,577;13,5118283;52,55064087