;OBJECTID;LAND;BEZ;LOR;UJAHR;UMONAT;USTUNDE;UWOCHENTAG;UKATEGORIE;UART;UTYP1;ULICHTVERH;IstRad;IstPKW;IstFuss;IstKrad;IstGkfz;IstSonstige;USTRZUSTAND;LINREFX;LINREFY;XGCSWGS84;YGCSWGS84
3809;198791;11;5;5010314;2018;3;10;4;3;2;6;0;0;1;0;0;0;0;0;784467,9663;5828879,634;13,19491722;52,53556074
3810;198792;11;5;5010206;2018;3;14;4;3;5;2;0;1;1;0;0;0;0;0;782364,715;5830494,274;13,16536351;52,55113201
3811;198793;11;9;9020501;2018;3;17;3;3;5;3;1;0;1;0;0;0;1;1;806607,163;5822762,808;13,51469932;52,46873759
3812;198794;11;1;1011103;2018;3;18;3;3;2;6;1;0;1;0;0;0;0;0;795264,1925;5826017,49;13,35109366;52,50416225
3813;198795;11;1;1044103;2018;3;14;4;3;3;6;0;0;1;0;0;0;0;0;794773,3329;5830362,043;13,34773368;52,54337347
3814;198796;11;11;11020515;2018;3;12;3;2;3;6;0;0;1;0;0;0;0;0;803402,335;5829999,897;13,4742599;52,53539141
3815;198797;11;7;7040401;2018;3;14;4;3;5;3;0;1;1;0;0;0;0;0;797311,1156;5823515,212;13,37892941;52,48062051
3816;198798;11;6;6010206;2018;3;18;3;2;6;4;2;1;0;1;0;0;0;2;794785,7468;5819841,501;13,33860593;52,44905686
3817;198799;11;11;11030720;2018;3;13;4;3;5;3;0;1;1;0;0;0;0;0;804919,1845;5829940,732;13,49649985;52,53401468
3818;198800;11;7;7040403;2018;3;13;3;3;3;6;0;1;1;0;0;0;0;0;797830,0557;5820780,504;13,38410725;52,4558241
3819;198801;11;9;9020501;2018;3;10;3;3;0;7;0;1;0;0;0;0;0;0;806946,4711;5823355,609;13,52022407;52,47385989
3820;198802;11;1;1011303;2018;3;13;4;3;2;6;0;0;1;0;0;0;1;0;799043,128;5827583,914;13,40801055;52,51614503
3821;198803;11;6;6030503;2018;3;14;3;3;6;4;0;0;1;1;0;0;0;1;789539,9931;5817433,259;13,25954728;52,43026954
3822;198804;11;6;6040810;2018;3;15;3;3;5;2;0;0;1;0;0;0;0;0;790160,9051;5819783,408;13,2706948;52,45101037
3823;198805;11;10;10040828;2018;3;12;4;3;2;2;0;0;1;0;0;0;0;0;812323,9847;5829699,343;13,6050894;52,52765927
3824;198806;11;6;6010101;2018;3;8;4;3;1;5;0;1;1;0;0;0;1;0;793173,5311;5820501,054;13,3155299;52,45583655
3825;198807;11;3;3050923;2018;3;13;3;3;6;4;0;0;1;1;0;0;0;1;800740,9757;5831698,866;13,43667952;52,55209461
3826;198808;11;11;11051331;2018;3;6;4;3;5;2;0;1;1;0;0;0;0;0;807314,8842;5824798,191;13,52696065;52,48658141
3827;198809;11;8;8041036;2018;3;7;4;3;5;3;0;0;1;0;0;0;0;1;805276,6919;5817240,458;13,49012871;52,41998786
3828;198810;11;7;7020201;2018;3;16;3;3;1;5;0;1;1;0;0;0;0;0;794647,6419;5824659,014;13,34083459;52,49231767
3829;198811;11;2;2030402;2018;3;7;4;3;5;3;0;1;1;0;0;0;0;0;801989,4605;5825599,604;13,44949901;52,49673618
3830;198812;11;2;2010102;2018;3;7;4;3;1;5;0;0;1;0;0;0;1;0;798171,3468;5825848,856;13,39364708;52,50106976
3831;198813;11;12;12301203;2018;3;16;3;3;5;2;0;1;1;0;0;0;0;0;792846,5597;5835131,477;13,3236132;52,58716813
3832;198814;11;4;4051448;2018;3;10;3;2;5;2;0;1;1;0;0;0;0;0;793965,8941;5824966,037;13,331093;52,49543756
3833;198815;11;6;6020408;2018;3;7;4;3;0;5;0;0;1;0;0;0;1;0;792872,9614;5815412,654;13,30666178;52,4103809
3834;198816;11;4;4051551;2018;3;16;3;3;5;2;0;0;1;0;0;0;0;0;792824,1975;5823221,775;13,3127913;52,48041447
3835;198817;11;7;7020203;2018;3;7;4;3;5;2;0;1;1;0;0;0;0;0;795523,9284;5823860,297;13,3529956;52,48468406
3836;198818;11;3;3040614;2018;3;8;3;3;5;3;0;0;1;0;0;0;0;0;798256,399;5832668,421;13,40101506;52,56215146
3837;198819;11;3;3061429;2018;3;8;4;3;5;3;0;1;1;0;0;0;0;0;801940,1956;5830653,944;13,45336306;52,5420656
3838;198820;11;1;1011204;2018;3;9;4;3;5;2;0;0;1;0;1;0;0;0;798698,7787;5827084,181;13,40250242;52,51185432
3839;198821;11;1;1011203;2018;3;9;4;3;0;7;0;0;1;0;0;0;0;0;797523,8734;5827209,731;13,38535304;52,51362184
3840;198822;11;6;6030609;2018;3;8;4;3;2;6;0;0;1;0;0;0;1;1;792319,0972;5819290,433;13,30193159;52,4454411
3841;198823;11;1;1011204;2018;3;8;3;3;5;7;0;1;0;0;0;1;0;1;798320,8556;5827444,014;13,39727265;52,51528656
3842;198824;11;12;12304314;2018;4;14;2;3;5;3;0;0;1;0;0;0;0;0;790887,3002;5835434,326;13,29504111;52,59093434
3843;198825;11;4;4051446;2018;4;16;2;3;9;7;0;0;1;0;0;0;0;0;792753,7303;5824448,573;13,31283418;52,49145018
3844;198826;11;1;1011204;2018;4;9;3;3;2;6;0;0;1;0;1;0;0;1;798397,208;5826961,213;13,39796158;52,51091713
3845;198827;11;1;1011402;2018;4;9;2;3;1;5;0;1;1;0;0;0;0;0;798533,7777;5829163,401;13,40194441;52,53058199
3846;198828;11;7;7040401;2018;4;9;3;3;6;2;0;0;1;1;0;0;0;1;798343,1357;5823947,435;13,39446777;52,48393202
3847;198829;11;2;2020206;2018;4;15;2;3;5;2;0;1;1;0;0;0;0;0;799568,4071;5824909,705;13,41332241;52,49188652
3848;198830;11;8;8010213;2018;4;8;3;2;2;7;0;0;1;0;0;0;1;1;801582,8247;5822854,258;13,44104348;52,47235398
3849;198831;11;12;12224230;2018;4;8;3;3;5;3;0;0;1;0;0;0;0;1;786748,0879;5837683,116;13,23605527;52,61329381
3850;198832;11;5;5010208;2018;4;9;2;3;1;5;0;0;1;0;1;0;0;0;783577,2004;5829617,241;13,18244916;52,54263849
3851;198833;11;6;6030605;2018;4;7;3;3;2;6;0;0;1;0;0;0;0;1;791765,344;5819277,35;13,29379569;52,44561958
3852;198834;11;7;7040405;2018;4;7;3;3;5;3;0;0;1;0;0;0;0;1;798635,0743;5820659,994;13,39581165;52,45430463
3853;198835;11;12;12301203;2018;4;15;2;2;4;7;0;0;1;0;0;0;0;0;793405,612;5834803,287;13,33155087;52,58392488
3854;198836;11;8;8020727;2018;4;6;3;3;5;2;0;1;1;0;0;0;0;1;800314,6767;5816750,647;13,41694324;52,41834283
3855;198837;11;7;7010104;2018;4;12;2;3;5;2;0;1;1;0;0;0;0;0;796029,0863;5824492,97;13,36097501;52,49008179
3856;198838;11;1;1011102;2018;4;6;3;3;5;3;1;0;1;0;0;0;0;1;795049,3638;5827191,076;13,34897811;52,51479881
3857;198839;11;2;2010103;2018;4;9;2;3;2;2;0;0;1;0;0;0;0;0;799445,0543;5825670,491;13,41219485;52,49877354
3858;198840;11;2;2020203;2018;4;0;3;3;5;5;2;0;1;0;0;0;0;0;797586,4393;5824990,661;13,38428901;52,49369631
3859;198841;11;11;11030720;2018;4;10;2;3;6;7;0;0;1;1;0;0;1;0;804925,856;5829900,934;13,49656139;52,53365426
3860;198842;11;10;10010308;2018;4;10;2;3;5;2;0;0;1;0;1;0;0;0;806495,3017;5829454,646;13,51921557;52,52877432
3861;198843;11;12;12231102;2018;4;9;3;3;5;3;0;1;1;0;0;0;0;0;791309,8867;5840598,956;13,30580967;52,63700726
3862;198844;11;3;3061228;2018;4;7;2;2;5;3;0;1;1;0;0;0;0;0;800164,5079;5830949,156;13,42752517;52,54569275
3863;198845;11;5;5030833;2018;4;7;2;3;2;2;0;0;1;0;0;0;0;0;788595,5048;5829322,45;13,25598748;52,53736071
3864;198846;11;3;3061332;2018;4;8;3;3;1;5;0;0;1;0;1;0;0;0;799849,9178;5830825,118;13,42278792;52,54475418
3865;198847;11;7;7060604;2018;4;5;2;2;5;3;1;1;0;0;0;1;0;0;798093,4291;5814982,731;13,38280375;52,40370955
3866;198848;11;5;5010101;2018;4;14;2;3;1;5;0;0;1;0;1;0;0;0;785188,634;5832346,449;13,20849127;52,5662671
3867;198849;11;3;3061430;2018;4;7;2;3;1;5;0;1;0;0;0;0;1;0;802271,2468;5829285,98;13,45698556;52,5296211
3868;198850;11;11;11040926;2018;4;11;3;2;0;2;0;0;0;0;1;0;1;1;805934,8176;5827104,349;13,5088179;52,50802506
3869;198851;11;6;6030504;2018;4;8;2;2;9;1;0;0;1;0;0;0;0;0;789970,0139;5816231,196;13,26481244;52,41926481
3870;198852;11;12;12302110;2018;4;20;2;3;5;3;2;0;1;0;0;0;0;0;794826,2593;5836298,614;13,35378906;52,59656115
3871;198853;11;4;4030623;2018;4;12;2;3;0;1;0;0;0;0;1;0;0;0;793559,8472;5826083,856;13,32611449;52,50567686
3872;198854;11;3;3061429;2018;4;19;2;3;0;3;1;1;1;0;0;0;0;0;801181,2045;5830698,636;13,44224572;52,54288623
3873;198855;11;1;1022206;2018;4;15;2;3;0;7;0;1;0;0;0;0;0;0;796129,5007;5828135,447;13,36568967;52,52267883
3874;198856;11;10;10030727;2018;4;18;2;3;2;1;0;0;1;0;0;0;0;0;808807,5611;5826349,914;13,55031186;52,49964554
3875;198857;11;2;2030302;2018;4;16;1;3;3;6;0;1;1;0;0;0;0;0;800406,1456;5825795,736;13,42642325;52,49936796
3876;198858;11;12;12231101;2018;4;15;2;3;5;2;0;1;1;0;0;0;0;0;791128,658;5838280,716;13,30109742;52,61632226
3877;198859;11;9;9051901;2018;4;17;1;3;2;6;0;0;1;0;0;0;0;0;809659,6682;5821487,061;13,55830931;52,45558311
3878;198860;11;4;4030930;2018;4;7;1;3;8;1;0;0;1;0;0;0;0;0;792969,6683;5825362,909;13,3168097;52,49953105
3879;198861;11;11;11010205;2018;4;13;3;3;0;3;0;0;1;0;0;0;1;0;806685,1136;5833405,647;13,52565299;52,56407679
3880;198862;11;8;8010118;2018;4;15;2;3;2;6;0;0;1;0;0;0;0;0;801057,2633;5822031,349;13,43258683;52,46526789
3881;198863;11;12;12214125;2018;4;13;1;3;1;5;0;0;1;0;0;0;0;0;790780,5561;5833708,96;13,29195591;52,57552381
3882;198864;11;3;3010104;2018;4;14;2;3;5;3;0;1;1;0;0;0;0;0;800112,006;5840244,839;13,43517303;52,6290404
3883;198865;11;2;2030401;2018;4;12;1;3;5;3;0;1;1;0;0;0;0;0;800597,6012;5825201,757;13,42869914;52,49393851
3884;198866;11;7;7040404;2018;4;15;3;2;5;2;0;0;1;0;1;0;0;0;796643,6066;5819974,659;13,36598191;52,44924561
3885;198867;11;5;5020626;2018;4;12;2;2;2;6;0;0;1;0;1;0;0;0;783342,2393;5827666,83;13,17733095;52,52527291
3886;198868;11;6;6040806;2018;4;3;1;3;1;1;2;1;1;0;0;0;0;0;789378,5008;5819198,948;13,25870735;52,44618518
3887;198869;11;2;2010102;2018;4;22;1;3;5;3;2;0;1;0;0;0;0;0;798332,9857;5825619,395;13,39581572;52,49892459
3888;198870;11;6;6020303;2018;4;17;2;3;2;6;0;0;1;0;0;0;0;0;795196,0955;5818751,793;13,3436638;52,43906684
3889;198871;11;10;10030727;2018;4;12;2;3;2;6;0;0;1;0;0;0;0;0;809585,7188;5824200,58;13,55974201;52,47994295
3890;198872;11;4;4030724;2018;4;21;1;3;1;5;2;0;1;0;0;0;0;0;790865,4294;5826014,783;13,2864685;52,50650078
3891;198873;11;10;10030727;2018;4;11;2;3;2;6;0;0;1;0;0;0;0;0;809542,0913;5827048,986;13,56174783;52,50549428
3892;198874;11;5;5020625;2018;4;15;2;3;8;1;0;0;1;0;0;0;0;0;784761,68;5828734,599;13,19911157;52,53410697
3893;198875;11;3;3020209;2018;4;18;1;2;6;2;0;0;1;1;0;0;0;0;798343,935;5834830,5;13,40424762;52,58148335
3894;198876;11;7;7040403;2018;4;17;3;3;9;1;0;0;1;0;0;0;0;0;797285,266;5821316,624;13,37659068;52,46092648
3895;198877;11;8;8030829;2018;4;21;2;3;5;3;2;0;1;0;0;0;0;0;802978,1495;5818314,796;13,45740539;52,43089457
3896;198878;11;2;2020206;2018;4;15;1;3;5;2;0;1;1;0;0;0;0;0;799560,4764;5824887,924;13,41318636;52,49169564
3897;198879;11;12;12224230;2018;4;21;2;3;0;1;2;0;0;0;1;0;0;0;787081,912;5836454,217;13,23990597;52,60210001
3898;198880;11;2;2030302;2018;4;14;1;3;6;4;0;0;1;1;0;0;0;0;800557,1239;5825806,656;13,42865052;52,49938272
3899;198881;11;10;10020622;2018;4;22;1;3;5;3;2;0;1;0;0;0;0;1;810901,3159;5828135,809;13,5827245;52,51446098
3900;198882;11;2;2020204;2018;4;20;1;2;5;2;2;1;1;0;0;0;0;1;798311,3362;5825327,503;13,39523632;52,49631998
3901;198883;11;2;2030301;2018;4;14;1;3;5;2;0;0;1;0;0;0;0;0;799721,118;5826051,275;13,4165921;52,50203514
3902;198884;11;3;3040512;2018;4;19;1;2;1;7;1;0;1;0;0;0;0;1;796704,5433;5835802,362;13,38099378;52,59109134
3903;198885;11;2;2040701;2018;4;16;1;3;5;3;0;0;1;0;0;0;0;1;800718,275;5827875,502;13,43288633;52,51783757
3904;198886;11;1;1011301;2018;4;13;1;3;5;3;0;1;1;0;0;0;0;0;796954,644;5828917,376;13,37851408;52,52923921
3905;198887;11;9;9010401;2018;4;22;1;3;8;1;2;0;1;0;0;0;0;1;805153,427;5821478,44;13,49219086;52,45804023
3906;198888;11;3;3010104;2018;4;14;1;2;5;7;0;0;1;0;0;0;0;1;800858,6433;5838764,141;13,44482378;52,61535598
3907;198889;11;9;9041601;2018;4;13;1;3;5;3;0;0;1;0;1;0;0;0;816989,3432;5817124,74;13,6616858;52,41229347
3908;198890;11;8;8020727;2018;4;7;2;3;6;2;0;0;1;1;0;0;0;0;800321,6358;5816737,598;13,41703355;52,41822204
3909;198891;11;9;9020701;2018;4;16;2;3;5;2;0;0;1;0;1;0;0;0;807713,6256;5818112,781;13,52665347;52,42644117
3910;198892;11;1;1033101;2018;4;14;1;3;0;5;0;0;1;0;0;0;1;1;796638,2421;5832336,272;13,37691687;52,56005811
3911;198893;11;10;10020622;2018;4;12;1;3;5;2;0;1;1;0;0;0;0;0;810542,7851;5827967,297;13,57730079;52,51315509
3912;198894;11;2;2040502;2018;4;13;1;3;2;2;0;0;1;0;0;0;0;1;801249,38;5827831,795;13,44065024;52,5171527
3913;198895;11;10;10020622;2018;4;10;1;3;5;7;0;0;1;0;0;0;0;0;810378,5507;5827950,447;13,5748727;52,51309758
3914;198896;11;5;5010206;2018;4;10;1;3;5;2;0;0;1;0;0;0;0;1;782366,3126;5830500,679;13,16539246;52,55118861
3915;198897;11;6;6030610;2018;4;14;2;2;5;2;0;0;1;0;1;0;0;0;792290,1989;5818588,935;13,300894;52,43916766
3916;198898;11;9;9010402;2018;4;6;1;3;9;1;2;0;1;0;0;0;0;1;806771,4429;5818378,497;13,51308385;52,42935166
3917;198899;11;11;11040926;2018;4;9;2;3;2;2;0;0;1;0;0;0;0;0;805355,1297;5827377,365;13,50055367;52,51079671
3918;198900;11;4;4010101;2018;4;16;1;3;0;6;0;0;1;0;0;0;1;0;790446,0255;5829039,885;13,282948;52,5338444
3919;198901;11;7;8020726;2018;4;1;1;3;3;6;2;0;1;0;0;0;0;1;799301,3272;5816285,089;13,40167065;52,41472476
3920;198902;11;4;4030828;2018;4;7;1;3;2;7;0;0;1;0;0;0;0;0;792861,107;5826158,884;13,31591512;52,50672498
3921;198903;11;6;6020306;2018;4;22;2;2;5;2;2;0;1;0;1;0;0;0;796364,8605;5816702,848;13,35899184;52,42006746
3922;198904;11;4;4031032;2018;4;14;2;2;5;2;0;0;1;0;1;0;0;0;790966,3484;5824814,821;13,28690274;52,49568929
3923;198905;11;1;1011302;2018;4;17;1;3;0;1;0;1;0;0;0;0;0;0;798546,7328;5828973,138;13,40196397;52,52886946
3924;198906;11;8;8041035;2018;4;1;1;3;6;7;2;0;1;1;0;0;0;1;804776,9215;5817859,986;13,48336671;52,4258191
3925;198907;11;3;3050924;2018;3;18;7;3;0;3;1;1;1;0;0;0;0;0;801622,1429;5831634,158;13,44957761;52,55102741
3926;198908;11;6;6040810;2018;4;14;1;1;0;3;0;1;1;0;0;0;0;0;790970,3213;5820710,827;13,28338015;52,45889457
3927;198909;11;2;2030302;2018;4;18;2;3;5;5;0;0;1;0;1;0;0;0;801075,9438;5826322,584;13,4367368;52,50372111
3928;198910;11;6;6020409;2018;4;19;1;3;2;6;0;0;1;0;1;0;0;0;793452,3658;5817170,27;13,31669694;52,4258273
3929;198911;11;9;9051701;2018;3;12;7;3;5;3;0;1;1;0;0;0;0;0;813655,7793;5821708,426;13,61713544;52,45528847
3930;198912;11;5;5010312;2018;4;12;1;2;5;3;0;1;1;0;0;0;0;0;784907,8337;5830123,697;13,20245171;52,54648516
3931;198913;11;1;1011204;2018;3;12;7;3;2;6;0;0;1;0;0;0;0;1;798634,6925;5827038,47;13,40151987;52,51147967
3932;198914;11;11;11020514;2018;4;19;7;3;5;3;2;1;1;0;0;0;0;0;804727,3301;5831202,269;13,49483708;52,54542845
3933;198915;11;12;12231102;2018;4;7;2;3;5;3;0;1;1;0;0;0;0;0;790284,0049;5840138,419;13,29028795;52,63342805
3934;198916;11;5;5010314;2018;3;20;7;3;6;4;2;0;1;1;0;0;0;1;784700,2213;5828828,126;13,19828806;52,53497764
3935;198917;11;5;5040934;2018;4;14;7;3;2;6;0;0;1;0;0;0;0;0;783458,4417;5821965,007;13,17418594;52,47408827
3936;198918;11;10;10010308;2018;4;18;7;3;0;6;0;0;1;0;1;0;0;0;806852,6989;5830359,308;13,52530258;52,53668094
3937;198919;11;12;12214424;2018;3;19;7;3;1;5;2;0;1;0;0;0;0;1;793132,2645;5832632,986;13,32560929;52,5646167
3938;198920;11;8;8041036;2018;4;13;7;3;5;2;0;1;1;0;0;0;0;0;804732,1084;5816209,545;13,48120679;52,41105149
3939;198921;11;4;4041344;2018;4;13;7;3;6;4;0;1;0;1;0;0;0;0;793059,2271;5822025,435;13,31519101;52,46956354
3940;198922;11;7;7010102;2018;3;19;7;3;2;6;2;0;1;0;0;0;0;1;794977,2537;5824945,543;13,34592905;52,49470818
3941;198923;11;2;2050802;2018;4;13;7;2;6;2;0;0;1;1;0;0;0;0;802796,3271;5827218,496;13,46282041;52,51079913
3942;198924;11;9;9020701;2018;4;12;7;2;3;6;0;0;1;0;1;0;0;0;809178,958;5818319,534;13,54832694;52,42746809
3943;198925;11;1;1011105;2018;3;18;7;3;0;6;0;0;1;0;1;0;0;1;796474,9293;5826312,039;13,36914145;52,50614608
3944;198926;11;2;2010102;2018;4;12;7;3;3;6;0;1;0;0;0;0;0;0;798519,5603;5826508,368;13,39935298;52,50679104
3945;198927;11;7;7010104;2018;3;17;7;3;6;2;0;0;1;1;0;0;0;1;796275,8397;5825315,411;13,36533002;52,49732037
3946;198928;11;1;1022206;2018;4;9;7;3;5;2;0;1;0;0;0;0;1;0;796125,6247;5828422,674;13,36588846;52,52525565
3947;198929;11;9;9051901;2018;3;16;7;3;2;6;0;0;1;0;0;0;0;1;812096,2172;5820981,872;13,59357948;52,44967023
3948;198930;11;5;5020419;2018;4;8;7;3;5;2;0;0;1;0;0;1;0;0;780873,0764;5828322,241;13,14158548;52,53242747
3949;198931;11;9;9020701;2018;4;8;7;3;5;3;0;0;1;0;0;0;0;0;808294,7906;5818596,372;13,53561947;52,43044804
3950;198932;11;6;6030502;2018;4;15;3;2;5;3;0;0;1;0;1;0;0;0;789105,2604;5815563,47;13,25155509;52,41373579
3951;198933;11;9;9010402;2018;3;15;7;3;5;3;0;0;1;0;0;0;0;1;806796,4981;5818225,175;13,51331057;52,42796348
3952;198934;11;2;2010103;2018;4;16;7;3;5;2;0;1;1;0;0;0;0;0;799268,4386;5826094,626;13,40998201;52,50267217
3953;198935;11;9;9041501;2018;4;17;7;3;1;5;0;1;1;0;0;0;1;0;811062,7869;5820281,723;13,5777699;52,44398474
3954;198936;11;8;8010301;2018;3;15;7;3;1;5;0;0;1;0;0;0;0;1;800796,3773;5824308,734;13,43081212;52,48582456
3955;198937;11;5;5020523;2018;3;15;7;3;5;2;0;0;1;0;0;0;0;1;782295,107;5827414,699;13,16172332;52,52355541
3956;198938;11;1;1044203;2018;4;21;4;3;3;6;2;0;1;0;0;1;0;0;795423,3553;5831584,183;13,35837824;52,5539768
3957;198939;11;1;1011302;2018;4;13;2;3;5;3;0;1;1;0;0;0;0;0;797992,9492;5828907,572;13,39376598;52,52858474
3958;198940;11;9;9030901;2018;4;17;7;3;2;6;0;0;1;0;1;0;0;0;809844,9578;5816535,143;13,55643867;52,41109988
3959;198941;11;4;4030519;2018;3;15;7;3;5;7;0;0;1;0;1;0;0;1;792076,6029;5828583,589;13,30651812;52,52888247
3960;198942;11;12;12214424;2018;4;17;7;3;2;6;0;0;1;0;0;0;0;0;793173,3562;5832274,525;13,32589705;52,56138117
3961;198943;11;3;3050923;2018;4;16;2;3;4;6;0;1;0;0;0;1;0;0;800467,63;5832015,969;13,43294711;52,55508772
3962;198944;11;1;1044103;2018;3;14;7;3;6;4;0;0;1;1;0;0;0;1;795045,3508;5830934,042;13,35224133;52,54835373
3963;198945;11;9;9031101;2018;4;16;7;3;0;1;0;0;0;0;1;0;0;0;811037,2288;5816925,273;13,5742736;52,41392006
3964;198946;11;2;2020204;2018;3;14;7;3;2;3;0;0;1;0;0;0;0;1;798005,1205;5825276,462;13,39069336;52,49602975
3965;198947;11;6;6010101;2018;4;16;7;2;1;1;0;0;1;0;0;0;0;0;792833,2007;5820944,31;13,31092442;52,4599927
3966;198948;11;6;6010209;2018;4;16;7;3;1;5;0;1;1;0;0;0;0;0;794110,057;5821499,698;13,3301528;52,46428582
3967;198949;11;12;12214422;2018;4;12;3;3;6;2;0;0;1;1;0;0;0;0;792159,0432;5833347,963;13,31192198;52,57154933
3968;198950;11;3;3030406;2018;3;13;7;3;2;2;0;0;1;0;0;0;0;1;803576,4077;5838866,322;13,48493604;52,61476048
3969;198951;11;3;3051022;2018;4;16;7;3;2;6;0;0;1;0;0;0;0;0;803629,3542;5831990,563;13,47941619;52,55310664
3970;198952;11;4;4030417;2018;3;12;7;3;2;5;0;0;1;0;0;0;0;1;791814,0942;5826917,2;13,30119742;52,5140842
3971;198953;11;9;9041501;2018;4;16;7;3;5;2;0;1;0;0;0;0;1;0;811359,0494;5820147,027;13,58198923;52,44260906
3972;198954;11;7;7010102;2018;3;11;7;2;6;2;0;0;1;1;0;0;0;1;795700,7376;5825467,169;13,35701783;52,49899267
3973;198955;11;8;8030831;2018;3;10;7;3;5;2;0;1;1;0;0;0;0;1;803731,2971;5817998,38;13,46816178;52,42764093
3974;198956;11;1;1011202;2018;4;23;3;3;9;1;2;0;0;0;1;0;0;0;796932,7332;5827448,352;13,37688052;52,51608295
3975;198957;11;3;3030405;2018;4;16;7;3;5;3;0;0;1;0;1;0;0;0;803641,6331;5839002,528;13,48602147;52,61594478
3976;198958;11;5;5010314;2018;3;7;7;3;5;2;0;0;1;0;0;0;0;0;784783,5254;5828807,013;13,19949482;52,53474482
3977;198959;11;8;8041035;2018;3;3;7;3;0;7;2;0;1;0;0;0;0;1;804302,8932;5819675,436;13,47806909;52,4423545
3978;198960;11;6;6040701;2018;4;15;7;3;5;3;0;0;1;0;1;0;0;0;779429,8281;5815041,346;13,1092373;52,41407905
3979;198961;11;2;2020204;2018;4;9;2;3;2;6;0;0;1;0;0;0;0;0;798062,0702;5824871,258;13,39116723;52,49236649
3980;198962;11;6;6030608;2018;4;17;2;3;5;3;0;1;0;0;1;0;0;0;790936,8174;5817056,995;13,27970714;52,42615518
3981;198963;11;12;12301206;2018;4;14;7;3;5;3;0;1;1;0;0;0;0;0;794039,5254;5838143,789;13,34384671;52,61352762
3982;198964;11;5;5010209;2018;3;21;7;3;8;7;2;0;1;0;0;0;1;1;783247,1931;5830274,956;13,17815692;52,54870737
3983;198965;11;4;4030930;2018;4;19;3;3;6;7;1;0;1;1;0;0;0;0;793144,5228;5825391,302;13,31940317;52,49969169
3984;198966;11;1;1011401;2018;4;21;7;3;0;1;2;1;0;0;0;0;0;0;798298,1359;5829370,479;13,39866678;52,53256718
3985;198967;11;11;11020516;2018;3;13;6;3;2;6;0;0;1;0;0;0;0;0;806243,2447;5830307,389;13,5162972;52,53655842
3986;198968;11;4;4030620;2018;3;13;6;3;2;6;0;0;1;0;0;0;0;0;792447,9654;5827189,433;13,31075094;52,51618519
3987;198969;11;10;10020414;2018;4;16;7;3;2;2;0;0;1;0;0;0;0;0;812187,8513;5830927,647;13,60424278;52,5387442
3988;198970;11;2;2020204;2018;3;22;6;3;5;2;2;0;1;0;0;0;0;0;798310,0916;5825308,671;13,39520118;52,49615185
3989;198971;11;4;4030930;2018;4;14;6;3;2;6;0;0;1;0;0;0;0;0;793274,0317;5825746,176;13,32161808;52,5028034
3990;198972;11;7;7070705;2018;3;19;6;3;1;1;1;0;1;0;1;0;0;0;799137,7552;5812938,989;13,39628492;52,38482024
3991;198973;11;2;2030402;2018;3;18;6;2;0;1;1;1;0;0;0;0;0;0;801256,4907;5825665,389;13,43879422;52,49773089
3992;198974;11;12;12301203;2018;4;19;3;3;5;2;0;0;1;0;0;0;0;0;792867,8903;5835178,81;13,32396899;52,58758097
3993;198975;11;12;12214125;2018;4;17;6;3;5;7;0;0;1;0;0;0;0;0;790922,001;5833917,825;13,29422057;52,57732065
3994;198976;11;4;4030725;2018;3;16;6;2;5;3;0;1;1;0;0;0;0;0;791865,8813;5826237,21;13,30136206;52,5079605
3995;198977;11;5;5030731;2018;3;15;6;3;5;3;0;0;1;0;1;0;0;0;787461,3631;5829582,949;13,23953726;52,54029567
3996;198978;11;1;1022202;2018;4;15;6;3;0;6;0;0;1;0;1;0;0;0;795547,5682;5829637,013;13,35847239;52,53645481
3997;198979;11;3;3061430;2018;4;20;2;3;5;2;1;1;1;0;0;0;0;0;802424,0607;5829262,776;13,45921027;52,52932838
3998;198980;11;4;4030931;2018;4;9;6;3;3;6;0;0;1;0;0;1;0;0;793518,3979;5825441,323;13,32493916;52,49993914
3999;198981;11;8;8010405;2018;3;15;6;3;1;1;0;0;1;0;1;0;0;0;802247,3148;5823839,281;13,45168928;52,48081557
4000;198982;11;4;4030931;2018;4;19;3;3;3;6;0;1;0;0;0;0;1;0;793722,4718;5825820,711;13,32827147;52,50323037
4001;198983;11;10;10010102;2018;4;9;6;3;5;3;0;0;1;0;0;0;0;0;810262,1857;5833860,205;13,57868159;52,56612377
4002;198984;11;7;7040401;2018;3;14;6;3;5;2;0;1;1;0;0;0;0;0;797765,031;5823656,347;13,38571966;52,48163831
4003;198985;11;3;3010102;2018;4;18;6;2;5;2;0;1;1;0;0;0;0;0;804654,038;5841363,003;13,50310399;52,63653333
4004;198986;11;11;11030720;2018;3;13;6;3;2;6;0;0;1;0;0;0;0;0;805555,8108;5830060,888;13,50596681;52,53473504
4005;198987;11;12;12103115;2018;4;18;3;3;5;2;0;0;1;0;0;0;0;0;795391,2878;5833996,924;13,36005485;52,57562216
4006;198988;11;4;4041343;2018;4;11;6;3;0;6;0;0;1;0;0;0;0;0;792635,726;5823022,723;13,30984928;52,47873104
4007;198989;11;1;1044202;2018;4;23;6;3;5;2;2;0;1;0;0;0;0;0;794898,1069;5830243,84;13,34946333;52,54224635
4008;198990;11;4;4030415;2018;4;15;3;3;3;6;0;0;1;0;1;0;0;0;791338,6704;5827467,609;13,29469329;52,51927273