;OBJECTID;LAND;BEZ;LOR;UJAHR;UMONAT;USTUNDE;UWOCHENTAG;UKATEGORIE;UART;UTYP1;ULICHTVERH;IstRad;IstPKW;IstFuss;IstKrad;IstGkfz;IstSonstige;USTRZUSTAND;LINREFX;LINREFY;XGCSWGS84;YGCSWGS84
4009;198991;11;8;8030829;2018;3;11;6;3;2;2;0;0;0;0;1;0;1;0;803666,8036;5818058,755;13,46727096;52,42821787
4010;198992;11;1;1011102;2018;4;19;6;3;2;6;1;0;1;0;0;0;0;0;795014,8197;5827225,277;13,34850085;52,51512408
4011;198993;11;7;7040403;2018;4;18;6;3;2;6;1;0;1;0;0;0;0;0;797844,8969;5822041,925;13,38545059;52,46712327
4012;198994;11;11;11010309;2018;3;10;6;3;5;2;0;1;1;0;0;0;0;0;804418,2644;5833388,613;13,4922984;52,56519627
4013;198995;11;12;12301206;2018;4;18;6;3;6;4;0;0;1;1;0;0;0;0;795409,5614;5837493,127;13,36344165;52,60695218
4014;198996;11;1;1011102;2018;3;22;6;2;0;7;2;0;0;0;0;0;1;0;796445,8536;5827808,282;13,37004718;52,51957423
4015;198997;11;7;7040403;2018;4;18;6;3;6;4;0;1;0;1;0;0;0;0;797830,5846;5820780,685;13,38411517;52,45582543
4016;198998;11;11;11051331;2018;4;19;2;3;6;4;1;0;1;1;0;0;0;0;807252,1538;5824395,134;13,52566822;52,48300444
4017;198999;11;11;11030618;2018;4;17;6;3;8;1;0;0;1;0;0;0;0;0;803369,776;5829660,31;13,47347139;52,53236591
4018;199000;11;9;9020601;2018;3;12;5;3;2;6;0;0;1;0;0;1;0;1;806032,958;5821929,887;13,50550895;52,46159453
4019;199001;11;1;1011304;2018;4;18;3;3;5;2;0;1;1;0;0;0;0;0;799740,8942;5827579,982;13,41825915;52,51572676
4020;199002;11;8;8010406;2018;4;17;6;3;5;2;0;1;1;0;0;0;0;0;802526,2376;5824230,147;13,45613863;52,48416446
4021;199003;11;5;5020523;2018;3;9;5;3;2;6;0;0;1;0;0;0;0;0;783321,3814;5827684,776;13,17703962;52,52544466
4022;199004;11;1;1044203;2018;4;17;6;3;5;2;0;1;1;0;0;0;0;0;795900,6302;5831965,256;13,36573697;52,55713365
4023;199005;11;5;5010314;2018;3;20;5;3;5;2;2;0;1;0;1;0;0;0;784848,0755;5829233,978;13,2008099;52,53853924
4024;199006;11;7;7050503;2018;4;16;6;3;2;6;0;0;1;0;0;0;0;0;798942,0038;5819562,405;13,39933281;52,44429834
4025;199007;11;4;4041342;2018;4;17;6;2;5;3;0;0;1;0;0;0;0;0;792054,0925;5822463,378;13,30081956;52,47402795
4026;199008;11;4;4020310;2018;4;14;3;2;5;2;0;0;1;0;1;0;0;0;789835,8862;5827385,457;13,27253591;52,51933703
4027;199009;11;1;1011306;2018;3;20;5;3;3;6;2;1;1;0;0;0;0;0;800274,4838;5826811,133;13,42540523;52,5085418
4028;199010;11;3;3061227;2018;4;17;6;3;1;5;0;1;1;0;0;0;0;0;799613,183;5831283,754;13,41972112;52,54899534
4029;199011;11;3;3071536;2018;3;19;5;3;5;7;1;0;1;0;1;0;0;0;798991,1662;5829569,581;13,40903237;52,53397212
4030;199012;11;4;4041241;2018;4;16;6;3;0;2;0;1;1;0;0;0;0;0;791720,2956;5822410,465;13,29587276;52,47373196
4031;199013;11;12;12302110;2018;3;18;5;3;0;2;1;1;1;0;0;0;0;0;795344,3425;5836375,099;13,36148388;52,59696564
4032;199014;11;12;12301203;2018;4;16;6;3;5;2;0;1;1;0;0;0;0;0;792850,6731;5835170,072;13,32370785;52,58751191
4033;199015;11;1;1044202;2018;3;18;5;3;5;3;0;1;1;0;0;0;0;0;794623,9514;5829871,501;13,34510226;52,53905692
4034;199016;11;12;12214424;2018;3;17;5;3;2;2;0;0;1;0;0;0;0;0;793089,5269;5832225,158;13,32462034;52,56098375
4035;199017;11;4;4010102;2018;4;17;3;3;5;2;0;0;1;0;0;0;1;0;793341,1861;5829717,405;13,32610679;52,53836757
4036;199018;11;11;11030618;2018;4;15;6;3;2;6;0;0;1;0;0;0;0;0;803313,6388;5829635,48;13,47262368;52,5321746
4037;199019;11;8;8041035;2018;3;16;5;3;5;2;0;0;1;0;0;0;1;0;804062,0841;5818546,232;13,47350998;52,43236755
4038;199020;11;10;10010102;2018;3;16;5;3;5;3;0;0;1;0;0;0;0;0;809552,7556;5834188,28;13,56855457;52,56946763
4039;199021;11;1;1011303;2018;4;15;6;3;0;1;0;0;1;0;1;0;0;0;799218,5625;5828935,472;13,41180408;52,52816351
4040;199022;11;11;11030618;2018;4;15;6;3;3;2;0;0;1;0;0;0;0;0;803069,5219;5829534,924;13,4689442;52,53140913
4041;199023;11;9;9020601;2018;4;11;3;3;5;3;0;1;1;0;0;0;0;0;805825,6059;5821877,402;13,50241841;52,46124021
4042;199024;11;8;8010214;2018;3;15;5;3;2;6;0;0;1;0;0;0;0;0;801751,9234;5822052,355;13,44280023;52,46507298
4043;199025;11;8;8020620;2018;4;15;6;2;6;4;0;0;1;1;0;0;0;0;800954,4218;5820982,967;13,43013239;52,45592751
4044;199026;11;4;4051549;2018;3;15;5;3;5;2;0;1;1;0;0;0;0;0;792853,0135;5823935,06;13,31384104;52,48679343
4045;199027;11;1;1033201;2018;4;15;6;2;6;4;0;0;1;1;0;0;0;0;797800,1871;5830488,799;13,39234977;52,54286376
4046;199028;11;11;11041128;2018;3;14;5;3;5;3;0;0;1;0;0;0;1;0;805977,8237;5826274,451;13,50868695;52,50056312
4047;199029;11;12;12103116;2018;3;14;5;3;6;4;0;0;1;1;0;0;0;0;796281,8597;5833224,179;13,37246799;52,56821126
4048;199030;11;3;3020307;2018;4;16;3;3;0;3;0;0;1;0;1;0;0;0;799695,8009;5837331,421;13,42640248;52,60315677
4049;199031;11;11;11020412;2018;4;13;6;3;0;6;0;1;0;0;0;0;0;0;804968,7587;5831424,134;13,49859003;52,54728181
4050;199032;11;6;6020303;2018;3;13;5;3;0;2;0;0;1;0;0;0;0;0;795203,723;5818287,256;13,34336544;52,4348984
4051;199033;11;9;9051801;2018;3;13;5;3;5;3;0;0;1;0;0;0;0;0;818393,5421;5820637,964;13,68560553;52,44295803
4052;199034;11;1;1011203;2018;4;12;6;3;5;3;0;0;1;0;0;0;0;0;797608,2681;5827116,436;13,38650958;52,51273952
4053;199035;11;1;1011202;2018;3;12;5;3;3;6;0;1;0;0;0;0;1;0;797176,6814;5827592,211;13,38059347;52,51723961
4054;199036;11;1;1022103;2018;4;14;3;2;0;7;0;0;1;1;0;1;0;0;795634,7339;5829752,764;13,35985677;52,53744514
4055;199037;11;4;4030518;2018;4;12;6;3;5;2;0;1;1;0;0;0;0;0;791486,7058;5828169,474;13,29748397;52,52548574
4056;199038;11;12;12214422;2018;3;12;5;3;2;6;0;0;1;0;0;0;0;0;792113,2542;5832942,968;13,31089157;52,56794329
4057;199039;11;3;3040512;2018;4;11;6;2;5;2;0;1;1;0;0;0;0;0;795628,0498;5835625,105;13,36499087;52,59008857
4058;199040;11;4;4030519;2018;4;22;2;3;3;6;2;0;1;0;0;0;0;0;791248,0403;5828969,007;13,29467642;52,53278101
4059;199041;11;9;9052001;2018;3;11;5;3;6;3;0;0;1;1;0;0;0;1;810546,5406;5823192,359;13,57290591;52,4703622
4060;199042;11;10;10030726;2018;4;11;6;3;0;3;0;0;1;0;1;0;0;0;809036,8321;5827223,526;13,55448937;52,50734487
4061;199043;11;7;7010102;2018;3;11;5;3;5;3;0;1;1;0;0;0;0;1;795390,5757;5825193,018;13,35221894;52,49670308
4062;199044;11;1;1011301;2018;4;13;3;3;2;6;0;0;0;0;1;1;0;0;797160,1463;5828795,7;13,38142578;52,52803654
4063;199045;11;8;8010213;2018;4;9;6;3;6;2;0;0;1;1;0;0;0;0;801442,5584;5822512,335;13,43867573;52,46936667
4064;199046;11;1;1011204;2018;3;10;5;3;2;6;0;0;1;0;0;1;0;1;798695,5783;5827086,662;13,40245763;52,5118783
4065;199047;11;4;4041344;2018;3;10;5;3;1;5;0;1;1;0;0;0;0;1;793160,663;5822104,622;13,3167496;52,47021901
4066;199048;11;5;5010313;2018;4;12;3;3;6;7;0;0;1;1;0;0;0;0;784998,221;5829853,288;13,203549;52,54401341
4067;199049;11;10;10010308;2018;4;14;2;3;5;2;0;0;1;0;0;0;0;0;806448,158;5829905,074;13,518938;52,53283763
4068;199050;11;10;10040931;2018;4;8;6;3;5;3;0;1;1;0;0;0;0;0;812864,5453;5828233,892;13,61165342;52,5142174
4069;199051;11;11;11030720;2018;3;9;5;3;6;4;0;0;1;1;0;0;0;1;805800,2405;5830087,467;13,50958369;52,53483617
4070;199052;11;10;10010308;2018;3;9;5;3;2;6;0;0;1;0;0;0;1;1;806660,8686;5830248,292;13,52238071;52,53579397
4071;199053;11;7;7040401;2018;4;9;6;3;5;7;0;0;1;0;0;0;0;0;797611,6292;5823662,094;13,38347255;52,48177345
4072;199054;11;1;1044201;2018;4;20;2;2;6;4;2;1;0;1;0;0;0;0;796448,0842;5831651,399;13,37350829;52,55402254
4073;199055;11;4;4030827;2018;4;10;6;3;0;7;0;0;1;0;0;0;0;0;792015,7308;5826108,858;13,3034511;52,50672966
4074;199056;11;2;2040503;2018;3;8;5;3;3;6;0;1;1;0;0;0;0;0;801372,821;5827936,777;13,44255901;52,51802547
4075;199057;11;4;4041134;2018;4;12;3;3;2;6;0;0;1;0;0;0;0;0;790857,3346;5824365,023;13,28490879;52,49171493
4076;199058;11;5;5010102;2018;4;17;2;3;2;6;0;1;1;0;0;0;0;0;785342,5717;5831883,268;13,21035787;52,56203365
4077;199059;11;6;6020303;2018;4;9;6;3;8;1;0;0;0;0;1;0;0;0;795405,3545;5818412,92;13,34643384;52,43591605
4078;199060;11;8;8041036;2018;3;8;5;2;5;7;0;0;1;0;0;0;0;1;805217,6358;5817318,114;13,48933382;52,42071681
4079;199061;11;5;5040938;2018;4;17;3;3;8;1;0;0;0;0;1;0;0;0;780802,8141;5819245,345;13,1329022;52,45107332
4080;199062;11;6;6010206;2018;4;20;6;3;2;6;2;0;1;0;0;0;0;0;794754,8146;5820066,24;13,33835042;52,45108821
4081;199063;11;7;7060601;2018;3;8;5;3;0;5;0;0;0;0;0;0;1;1;795943,4505;5816259,988;13,35242144;52,41632555
4082;199064;11;10;10040933;2018;4;12;5;3;5;3;0;1;1;0;0;0;0;0;812684,5141;5825384,1;13,6063334;52,48878334
4083;199065;11;11;11041128;2018;3;1;5;2;5;2;2;0;1;0;0;0;1;1;806861,6842;5826379,547;13,52176377;52,50100873
4084;199066;11;1;1011304;2018;4;12;3;3;5;3;0;0;1;0;1;0;0;0;799670,9716;5827885,06;13,41750659;52,51849973
4085;199067;11;1;1011401;2018;4;17;5;3;5;7;0;0;1;0;1;0;0;0;798436,3474;5829161,559;13,40051073;52,53061884
4086;199068;11;1;1011105;2018;4;16;5;3;2;6;0;0;1;0;0;0;0;1;795277,5994;5826627,955;13,35183208;52,50962736
4087;199069;11;1;1044102;2018;3;12;5;3;5;3;0;1;1;0;0;0;0;0;795281,7658;5831729,387;13,3564251;52,55535521
4088;199070;11;11;11051332;2018;4;16;5;3;0;1;0;1;1;0;0;0;0;0;806277,446;5824457,837;13,5114173;52,48411398
4089;199071;11;4;4010101;2018;4;18;2;2;0;1;0;0;0;0;0;0;1;0;791136,1746;5829463,334;13,29346495;52,53727236
4090;199072;11;1;1011304;2018;4;12;5;3;5;2;0;1;1;0;0;0;0;0;799708,0021;5827833,7;13,41800443;52,51801902
4091;199073;11;12;12214527;2018;3;9;4;3;0;3;0;1;0;0;0;0;1;0;790001,703;5834727,279;13,28138585;52,5850686
4092;199074;11;2;2040503;2018;4;12;3;3;5;7;0;0;1;0;0;0;1;0;801405,9945;5828737,233;13,44377176;52,52518172
4093;199075;11;11;11020514;2018;4;15;5;3;0;4;0;0;0;1;0;0;1;0;804183,4062;5830662,954;13,48634694;52,54089876
4094;199076;11;6;6010209;2018;3;16;4;3;2;2;0;0;1;0;0;0;0;0;794776,241;5820910,729;13,3394103;52,45864706
4095;199077;11;8;8030829;2018;4;14;5;3;0;3;0;0;1;0;0;0;1;0;802771,5966;5818732,627;13,45475492;52,43475399
4096;199078;11;4;4041241;2018;3;11;4;3;6;2;0;0;1;1;0;0;0;1;791351,6897;5822548,085;13,29058143;52,47516247
4097;199079;11;4;4030726;2018;4;11;3;3;0;6;0;0;1;0;0;0;1;0;792243,3118;5825361,319;13,30613857;52,49990627
4098;199080;11;4;4030931;2018;4;14;5;3;6;4;0;0;1;1;0;0;0;0;794373,1826;5826078,214;13,33805813;52,50518805
4099;199081;11;4;4051448;2018;4;7;5;3;5;3;0;1;1;0;0;0;0;1;794184,8645;5825305,875;13,33460928;52,49836603
4100;199082;11;3;3020209;2018;4;10;5;2;5;3;0;0;1;0;0;0;0;0;797870,4566;5836018,731;13,3983486;52,59239355
4101;199083;11;12;12214125;2018;3;13;4;2;2;6;0;0;1;0;0;0;0;1;790194,443;5833688,186;13,28331294;52,57565043
4102;199084;11;4;4051551;2018;4;13;5;3;2;6;0;0;1;0;0;0;0;0;792849,2634;5823255,223;13,31318872;52,48070088
4103;199085;11;7;7040403;2018;3;14;4;3;2;6;0;0;1;0;0;0;0;1;797354,8936;5821943,639;13,37817112;52,46650915
4104;199086;11;4;4051445;2018;4;11;3;3;5;3;0;1;1;0;0;0;0;1;792203,8417;5824086,625;13,30444072;52,48850002
4105;199087;11;4;4051448;2018;4;12;5;3;2;6;0;0;1;0;0;0;0;0;793491,9594;5825112,828;13,32426133;52,49700853
4106;199088;11;9;9020802;2018;4;11;5;3;2;6;0;0;1;0;0;0;0;0;810697,2265;5819274,983;13,5714729;52,43517051
4107;199089;11;7;7020203;2018;4;15;3;3;1;5;0;0;1;0;1;0;0;0;795384,4157;5824162,926;13,35121524;52,48747239
4108;199090;11;11;11030721;2018;3;15;4;3;5;3;0;0;1;0;0;0;0;1;804567,238;5828423,038;13,48993705;52,52060908
4109;199091;11;6;6020409;2018;4;10;5;3;5;2;0;0;1;0;0;0;0;0;793168,083;5817667,383;13,31296377;52,43043623
4110;199092;11;4;4051445;2018;4;9;5;3;2;6;0;0;1;0;0;0;0;0;792684,7266;5824230,901;13,31162955;52,48953581
4111;199093;11;1;1011203;2018;3;15;4;3;5;3;0;0;1;0;0;0;0;1;797581,1461;5827219,212;13,386203;52,51367558
4112;199094;11;3;3040614;2018;3;15;4;3;5;3;0;1;1;0;0;0;0;1;798544,8568;5834193,096;13,40663012;52,5756598
4113;199095;11;2;2030302;2018;4;11;3;3;5;2;0;0;1;0;0;0;0;0;800453,0243;5825772,899;13,42709115;52,49913746
4114;199096;11;2;2040502;2018;4;8;5;3;5;2;0;0;1;0;0;0;1;0;801248,424;5827823,23;13,44062844;52,51707646
4115;199097;11;9;9020502;2018;3;15;4;2;5;7;0;0;1;0;0;0;1;1;807300,9986;5821786,951;13,52398278;52,45960194
4116;199098;11;10;10020413;2018;4;7;5;2;5;2;0;1;1;0;0;0;0;0;811832,556;5830491,528;13,59861192;52,53503947
4117;199099;11;1;1011401;2018;4;13;3;2;0;1;0;1;0;0;0;0;0;0;798406,3301;5829212,945;13,40011567;52,53109587
4118;199100;11;12;12301203;2018;3;14;4;3;3;6;0;0;1;0;0;0;0;1;794342,031;5834565,822;13,34512118;52,58129039
4119;199101;11;5;5020419;2018;4;5;5;3;5;7;1;0;1;0;1;0;0;0;781749,873;5828426,308;13,15456553;52,53290805
4120;199102;11;12;12103117;2018;3;13;4;2;5;3;0;0;1;0;1;0;1;1;796692,1792;5832949,632;13,37825864;52,56552679
4121;199103;11;10;10030727;2018;4;13;3;3;2;6;0;0;1;0;0;0;0;0;809616,1542;5825701,871;13,56158328;52,49337984
4122;199104;11;4;4010102;2018;3;10;4;3;5;3;0;0;1;0;0;0;0;1;793340,7321;5829720,216;13,32610259;52,53839301
4123;199105;11;4;4010101;2018;4;22;5;3;9;1;2;0;1;0;0;0;0;1;791321,4785;5830671,499;13,29724885;52,54800434
4124;199106;11;9;9010401;2018;3;9;4;3;2;6;0;0;1;0;0;0;0;1;806298,418;5820765,362;13,50833576;52,45100886
4125;199107;11;3;3040818;2018;4;5;5;3;8;1;2;0;1;0;0;0;0;1;800195,567;5832154,036;13,42907113;52,55647527
4126;199108;11;1;1022106;2018;3;9;4;3;5;2;0;1;1;0;0;0;0;1;793701,9835;5828112,444;13,32999319;52,52378563
4127;199109;11;8;8041035;2018;3;8;4;3;2;2;0;1;1;0;0;0;0;1;804755,4647;5818461,475;13,48360021;52,43122205
4128;199110;11;8;8010214;2018;4;11;3;3;2;6;0;0;1;0;0;0;0;0;801835,6602;5822380,518;13,44432592;52,46796812
4129;199111;11;3;3071536;2018;4;0;5;3;0;1;2;1;0;0;0;0;0;1;798864,4302;5829828,353;13,40740218;52,53636114
4130;199112;11;1;1022206;2018;3;8;4;3;5;2;0;1;1;0;0;0;0;1;795949,208;5828151,908;13,36305473;52,52292427
4131;199113;11;5;5040936;2018;3;20;4;3;5;3;2;0;1;0;0;0;0;0;780247,9861;5821102,042;13,12631798;52,46800694
4132;199114;11;3;3061228;2018;4;13;5;3;5;3;0;0;1;0;0;0;0;0;800678,2654;5830666,138;13,43482242;52,54287271
4133;199115;11;10;10010310;2018;4;16;2;3;2;2;0;0;1;0;0;0;0;0;809481,6904;5831213,538;13,56473604;52,54284975
4134;199116;11;6;6030502;2018;3;20;4;3;5;3;2;1;1;0;0;0;0;1;789082,6379;5815765,322;13,25139774;52,41555745
4135;199117;11;3;3030711;2018;4;16;5;3;0;3;0;1;1;0;0;0;0;0;800850,8757;5836048,468;13,44224128;52,59101973
4136;199118;11;7;7040406;2018;3;20;4;2;5;7;2;0;1;0;0;0;0;1;800259,9219;5821588,834;13,42048715;52,46174016
4137;199119;11;5;5030731;2018;4;10;3;3;2;6;0;0;1;0;0;0;1;0;787575,8245;5829404,148;13,24106557;52,53863223
4138;199120;11;1;2010103;2018;4;18;4;3;6;4;0;0;0;1;0;0;1;0;799365,1966;5826333,809;13,41161828;52,50476302
4139;199121;11;12;12301203;2018;3;17;4;3;0;6;0;0;1;0;1;0;0;1;793583,5809;5836123,697;13,33534023;52,59566545
4140;199122;11;8;8041037;2018;3;17;4;3;5;3;0;0;1;0;0;0;0;1;806080,7039;5817826,699;13,50245117;52,42479303
4141;199123;11;4;4041134;2018;4;9;3;3;5;3;0;1;1;0;0;0;0;1;790854,3307;5823647,52;13,28423845;52,48528408
4142;199124;11;4;4051448;2018;4;18;4;3;5;2;0;1;1;0;0;0;0;0;793912,596;5825449,117;13,33073646;52,49979683
4143;199125;11;10;10030725;2018;4;17;4;3;2;6;0;0;1;0;0;0;0;0;810204,2665;5829505,878;13,57376313;52,52713573
4144;199126;11;1;1033102;2018;3;16;4;3;5;5;0;1;1;0;0;0;0;1;797537,0447;5831284,353;13,38919368;52,55013865
4145;199127;11;7;7040405;2018;3;16;4;3;5;3;0;0;1;0;0;0;0;1;798024,2551;5821031,906;13,3871812;52,45797178
4146;199128;11;2;2030302;2018;4;20;4;2;5;2;1;0;1;0;1;0;0;0;800946,8271;5826400,042;13,4349103;52,50448661
4147;199129;11;4;4030620;2018;3;16;4;3;5;2;0;1;0;0;0;0;1;1;792646,016;5827105,147;13,31358713;52,51532336
4148;199130;11;1;1011304;2018;3;8;3;3;0;6;0;1;1;0;0;0;0;0;799633,1108;5828276,663;13,41730302;52,52203064
4149;199131;11;9;9051701;2018;4;17;4;3;0;6;0;0;1;0;1;0;0;0;812396,4034;5821325,708;13,5983039;52,45258001
4150;199132;11;1;1011303;2018;4;19;2;3;3;6;1;1;0;0;0;0;0;0;799248,351;5828469,191;13,41182226;52,52396765
4151;199133;11;2;2050803;2018;4;17;4;3;5;3;0;1;1;0;0;0;0;0;802560,1159;5825955,098;13,45820232;52,49960641
4152;199134;11;6;6020410;2018;3;23;3;3;5;2;2;0;1;0;0;0;1;0;794099,0717;5817409,096;13,32639061;52,42762107
4153;199135;11;1;1011201;2018;4;15;4;3;1;5;0;1;0;0;0;0;1;0;797063,3981;5827142,483;13,37852738;52,51327001
4154;199136;11;1;1011105;2018;3;21;3;3;5;2;2;0;0;0;1;0;1;0;796641,944;5826645,407;13,37189203;52,5090436
4155;199137;11;8;8030831;2018;4;16;4;3;5;3;0;0;1;0;0;0;0;0;803734,767;5818012,587;13,46822555;52,42776634
4156;199138;11;5;5010101;2018;3;21;3;3;3;6;2;1;1;0;0;0;0;0;785186,1663;5831172,625;13,20744612;52,55574407
4157;199139;11;9;9031001;2018;4;15;4;3;2;6;0;0;1;0;0;0;1;0;808808,634;5814872,82;13,53971835;52,3967875
4158;199140;11;4;4051446;2018;4;15;4;3;1;5;0;0;1;0;0;0;0;0;792600,8835;5825066,554;13,31113215;52,49707217
4159;199141;11;7;7040406;2018;4;7;3;2;5;3;0;0;1;0;0;0;0;0;800049,673;5821920,739;13,4177002;52,46483068
4160;199142;11;8;8010303;2018;3;20;3;3;2;7;2;1;1;0;0;0;0;0;800985,4631;5823918,535;13,43323604;52,4822229
4161;199143;11;3;3051017;2018;4;15;4;3;2;6;0;0;1;0;0;0;1;0;802101,004;5832825,651;13,45770299;52,56144127
4162;199144;11;1;1044101;2018;4;14;4;3;2;6;0;0;1;0;0;0;0;0;793965,3986;5830125,997;13,33564538;52,54169397
4163;199145;11;7;7070702;2018;3;19;3;3;5;3;2;0;1;0;0;0;0;0;800086,4713;5814860,493;13,41190352;52,40152531
4164;199146;11;2;2050601;2018;4;14;4;2;5;3;0;1;0;0;0;0;0;0;801881,7433;5828963,287;13,45096819;52,52694464
4165;199147;11;4;4010102;2018;4;23;2;3;5;3;2;0;1;0;0;0;0;0;793340,632;5829720,932;13,32610175;52,53839948
4166;199148;11;4;4030931;2018;4;14;4;3;1;7;0;0;0;0;1;0;0;0;793975,1376;5825792,276;13,33195807;52,50283939
4167;199149;11;4;4020314;2018;3;19;3;2;5;7;2;0;1;0;1;0;0;0;789443,4842;5825661,935;13,26526985;52,50409366
4168;199150;11;9;9010402;2018;4;14;4;3;2;6;0;0;1;0;1;0;0;0;806705,112;5820308,58;13,51388225;52,446687
4169;199151;11;4;4020207;2018;3;19;3;3;1;5;2;1;1;0;0;0;1;0;787762,9006;5826269,633;13,24110385;52,51043098
4170;199152;11;1;1022102;2018;4;14;4;2;1;5;0;1;1;0;0;0;0;0;793491,6167;5828518,541;13,32725984;52,52753937
4171;199153;11;8;8010301;2018;3;19;3;3;1;5;1;1;1;0;0;0;1;0;801168,6867;5824124,815;13,43611232;52,48397082
4172;199154;11;12;12103219;2018;4;14;4;3;5;2;0;0;1;0;0;0;0;0;795062,6573;5832467,533;13,35385889;52,5620908
4173;199155;11;1;1011304;2018;4;13;4;3;9;1;0;0;1;0;0;0;0;0;799590,1205;5828014,593;13,41643525;52,51970521
4174;199156;11;11;11020514;2018;4;15;3;3;2;6;0;0;1;0;0;0;0;0;804721,4561;5831184,106;13,49473407;52,54526895
4175;199157;11;1;1022205;2018;3;18;3;3;6;4;0;1;0;1;0;0;0;0;796071,8452;5828482,008;13,3651509;52,52581673
4176;199158;11;8;8041035;2018;4;11;4;3;1;5;0;0;1;0;0;0;0;0;804031,4083;5819183,361;13,47363957;52,4380951
4177;199159;11;12;12231101;2018;4;10;4;3;1;5;0;0;1;0;0;0;0;0;790552,5533;5839331,654;13,29353561;52,626052
4178;199160;11;4;4030827;2018;3;18;3;3;5;2;0;0;1;0;1;0;0;0;792742,4936;5826546,796;13,31451365;52,51026615
4179;199161;11;7;7010101;2018;3;9;3;3;2;6;0;0;1;0;1;0;0;0;794576,6124;5825485,916;13,34052267;52,49976868
4180;199162;11;6;6010207;2018;4;13;2;3;6;4;0;0;1;1;0;0;0;0;794021,0727;5819740,317;13,32729743;52,44856157
4181;199163;11;12;12214424;2018;4;8;4;2;1;5;0;0;1;0;0;0;0;0;792648,2402;5832801,677;13,31863767;52,56638934
4182;199164;11;11;11020514;2018;3;9;3;3;5;3;0;0;1;0;0;0;0;0;804685,4913;5830720,041;13,49377972;52,5411299
4183;199165;11;12;12103117;2018;3;4;3;3;8;1;2;0;1;0;0;0;0;0;795853,524;5832611,02;13,36561985;52,56294787
4184;199166;11;2;2020202;2018;4;9;4;3;5;2;0;1;1;0;0;0;0;0;797938,672;5825259,618;13,38970239;52,49591504
4185;199167;11;8;8010117;2018;3;1;3;3;1;5;2;1;1;0;0;0;0;0;800498,0894;5823505,486;13,4257085;52,478789
4186;199168;11;3;3071537;2018;3;15;3;3;2;2;0;0;1;0;0;0;1;0;799688,422;5829229,762;13,41897479;52,53054326
4187;199169;11;1;1011303;2018;4;8;4;3;2;6;0;0;1;0;1;0;0;0;799079,7669;5828471,065;13,40934651;52,52407695
4188;199170;11;9;9051701;2018;4;8;4;2;6;4;0;0;1;1;0;0;0;0;812496,4168;5821262,883;13,59971211;52,45195985
4189;199171;11;1;1011402;2018;4;12;3;3;0;6;0;0;1;0;1;0;0;0;798604,3713;5829316,603;13,4031196;52,53191657
4190;199172;11;1;1044103;2018;3;15;3;3;5;3;0;0;1;0;0;0;0;0;794650,4296;5830525,734;13,3460718;52,54490731
4191;199173;11;2;2050802;2018;4;20;4;3;0;7;2;1;0;0;0;0;0;0;802072,6548;5826905,376;13,4519053;52,50839383
4192;199174;11;8;8020622;2018;3;15;3;3;6;4;0;0;1;1;0;0;0;0;801456,6139;5820337,681;13,43691828;52,44986688
4193;199175;11;12;12214424;2018;4;21;4;3;5;2;2;0;1;0;0;0;0;1;793488,0377;5832428,457;13,33066205;52,56259156
4194;199176;11;2;2050802;2018;3;14;3;3;5;2;0;1;1;0;0;0;0;0;802551,4271;5826715,848;13,45876593;52,5064298
4195;199177;11;10;10040830;2018;3;13;3;3;5;3;0;1;1;0;0;0;0;0;810595,2784;5825277,375;13,57556318;52,48901948
4196;199178;11;7;7070704;2018;3;12;3;3;0;4;0;0;0;1;0;0;1;0;800671,6672;5814009,961;13,41971612;52,39358052
4197;199179;11;9;9020601;2018;3;13;3;3;5;3;0;0;1;0;0;0;0;0;807019,9748;5821146,37;13,51927061;52,45401882
4198;199180;11;6;6020408;2018;4;17;2;3;5;7;0;0;1;0;1;0;0;0;792800,3347;5816421,109;13,30647931;52,41946046
4199;199181;11;5;5030730;2018;4;11;4;3;5;2;0;1;0;0;0;0;1;0;786902,3862;5829316,653;13,23108787;52,53820277
4200;199182;11;4;4030931;2018;4;14;1;3;1;5;0;1;1;0;0;0;0;0;794275,641;5825503,14;13,33611695;52,50008547
4201;199183;11;1;1011202;2018;4;14;7;3;0;1;0;1;0;0;0;0;0;1;797749,773;5828090,233;13,38946009;52,52139119
4202;199184;11;7;7010102;2018;4;21;3;3;1;5;2;1;1;0;0;0;0;0;795539,3064;5825278,902;13,35447963;52,49739245
4203;199185;11;4;4030518;2018;4;22;7;2;0;1;2;1;0;0;0;0;0;0;791669,6563;5827895,533;13,29993276;52,52293206
4204;199186;11;12;12301205;2018;4;16;2;3;2;6;0;1;1;0;0;0;0;0;791761,6002;5836871,004;13,30917665;52,60334532
4205;199187;11;10;10040933;2018;4;17;6;3;1;5;0;1;1;0;0;0;0;0;812561,1309;5824578,589;13,60376687;52,48163566
4206;199188;11;3;3050924;2018;4;1;6;3;0;7;2;0;0;1;0;0;1;1;801719,7068;5831350,964;13,45075485;52,54843511
4207;199189;11;9;9020802;2018;4;20;1;3;2;6;2;0;1;0;0;0;1;0;810508,7898;5820318,877;13,56967968;52,44463256