;OBJECTID;LAND;BEZ;LOR;UJAHR;UMONAT;USTUNDE;UWOCHENTAG;UKATEGORIE;UART;UTYP1;ULICHTVERH;IstRad;IstPKW;IstFuss;IstKrad;IstGkfz;IstSonstige;USTRZUSTAND;LINREFX;LINREFY;XGCSWGS84;YGCSWGS84
4208;199190;11;7;7050502;2018;4;15;6;2;5;2;0;0;1;0;0;0;0;0;798362,3149;5818413,642;13,38980364;52,43431758
4209;199191;11;1;1044203;2018;4;14;6;2;5;7;0;0;1;0;0;0;1;0;796139,4744;5831975,875;13,36925923;52,55709902
4210;199192;11;10;10010308;2018;4;7;4;3;5;2;0;1;0;0;1;0;0;0;806693,3665;5829143,356;13,52183901;52,5258731
4211;199193;11;2;2010104;2018;4;14;1;3;0;2;0;0;1;0;1;0;0;0;799577,1368;5825656,803;13,41412244;52,49857835
4212;199194;11;12;12301203;2018;4;17;3;3;5;2;0;0;1;0;0;0;0;0;793946,0253;5835296,026;13,33994125;52,58805021
4213;199195;11;12;12301204;2018;4;14;6;2;1;5;0;0;1;0;0;0;0;0;791799,2574;5835470,539;13,308497;52,59077049
4214;199196;11;9;9010402;2018;4;16;2;2;5;3;0;0;1;0;0;0;0;1;806254,2593;5819257,61;13,50630607;52,43752045
4215;199197;11;7;7050501;2018;4;14;6;3;6;4;0;0;1;1;0;0;0;0;797637,3571;5819588,741;13,3802177;52,44524612
4216;199198;11;1;1011201;2018;4;14;6;3;6;4;0;0;0;1;0;0;1;0;796958,0002;5826843;13,37671158;52,51064286
4217;199199;11;3;3010101;2018;4;18;2;3;2;6;0;0;1;0;0;0;1;1;803988,5907;5842050,777;13,49393389;52,64307029
4218;199200;11;2;2030401;2018;4;14;6;3;0;3;0;0;1;0;0;0;1;0;801186,5947;5825187,925;13,43733602;52,49348986
4219;199201;11;1;1011306;2018;4;14;6;3;5;3;0;0;1;0;0;0;0;0;800062,3355;5826417,058;13,42193355;52,50512627
4220;199202;11;3;3040513;2018;4;15;1;3;5;3;0;1;1;0;0;0;0;0;797691,9849;5833807,519;13,39373556;52,57267081
4221;199203;11;3;3071638;2018;4;13;6;3;2;6;0;0;1;0;0;0;1;0;800265,3913;5829609,238;13,42779753;52,53362711
4222;199204;11;9;9020702;2018;4;7;3;3;4;2;0;1;1;0;0;0;0;0;809577,2394;5819561,644;13,55531597;52,43837453
4223;199205;11;3;3071536;2018;4;13;1;3;0;7;0;1;1;0;0;0;0;1;799232,3289;5829268,872;13,41230648;52,53114437
4224;199206;11;8;8010510;2018;4;16;3;3;5;7;0;1;1;0;0;0;0;0;803647,3238;5821885,059;13,47046271;52,46252353
4225;199207;11;12;12214125;2018;4;13;6;3;5;3;0;1;1;0;0;0;0;0;791381,0661;5833134,436;13,30028756;52,57005216
4226;199208;11;7;7010104;2018;4;14;2;3;6;4;0;1;0;1;0;0;0;0;796038,1633;5825375,795;13,36189279;52,49799064
4227;199209;11;12;12103218;2018;4;13;6;3;2;6;0;0;1;0;0;0;1;1;794044,599;5835341,953;13,34143285;52,58840864
4228;199210;11;11;11040926;2018;4;12;6;3;2;6;0;0;1;0;0;0;1;1;806598,2703;5827327,277;13,51876808;52,50965056
4229;199211;11;3;3030716;2018;4;0;4;2;5;3;2;0;1;0;0;0;1;0;803373,534;5833513,606;13,47704687;52,56689968
4230;199212;11;5;5020625;2018;4;13;1;3;2;6;0;0;1;0;0;0;0;0;784756,9504;5828595,875;13,19892318;52,53286564
4231;199213;11;4;4031032;2018;4;11;6;3;2;6;0;0;1;0;0;0;0;1;791282,885;5825019,973;13,29173157;52,49735963
4232;199214;11;4;4020314;2018;4;8;3;3;5;2;0;0;1;0;0;0;0;0;789513,7301;5825461,973;13,26612801;52,50226369
4233;199215;11;2;2040703;2018;4;11;6;2;6;4;0;0;1;1;0;0;0;1;800925,6141;5826866,866;13,43502069;52,50868257
4234;199216;11;4;4030827;2018;4;16;4;3;6;4;0;0;1;1;0;0;0;0;792397,7384;5826593,877;13,30948955;52,51087313
4235;199217;11;1;1011302;2018;4;13;1;2;5;3;0;1;0;0;0;0;1;0;798789,2835;5829045,812;13,40559412;52,529388
4236;199218;11;7;7060604;2018;4;11;6;2;5;3;0;0;1;0;0;1;0;1;797743,9306;5815399,615;13,37805208;52,40763667
4237;199219;11;1;1011303;2018;4;10;3;3;1;5;0;1;1;0;0;0;1;0;799389,9971;5828874,713;13,41426892;52,52752478
4238;199220;11;8;8020625;2018;4;14;3;3;5;7;0;0;1;0;1;0;0;0;801456,549;5818357,119;13,4351308;52,4321145
4239;199221;11;2;2030401;2018;4;10;6;3;5;2;0;1;1;0;0;0;0;1;801291,1903;5825361,171;13,43902867;52,49498497
4240;199222;11;7;7030301;2018;4;9;6;3;5;3;0;1;1;0;0;0;0;1;793974,785;5822407,874;13,32896756;52,47250004
4241;199223;11;8;8020625;2018;4;14;2;2;0;6;0;0;1;0;1;0;0;0;801490,2271;5817789,299;13,43511277;52,42700637
4242;199224;11;11;11020514;2018;4;9;6;3;5;3;0;0;1;0;0;0;0;1;804655,0862;5831000,269;13,49358976;52,54365843
4243;199225;11;4;4051446;2018;4;9;6;3;0;2;0;1;0;0;0;0;1;1;792948,8045;5825312,346;13,31645876;52,49908897
4244;199226;11;12;12301203;2018;4;13;4;3;5;2;0;0;1;0;1;0;0;0;792851,525;5835170,065;13,32372039;52,58751138
4245;199227;11;9;9041601;2018;4;11;1;3;5;3;0;1;1;0;0;0;0;0;817195,215;5816983,676;13,66456885;52,41091022
4246;199228;11;4;4051551;2018;4;8;6;3;2;6;0;0;1;0;0;0;0;1;793323,1847;5823067,923;13,3199825;52,47876744
4247;199229;11;5;5020418;2018;4;16;3;3;1;7;0;0;1;0;0;0;0;0;780760,0874;5828516,872;13,14008856;52,53423088
4248;199230;11;12;12214125;2018;4;8;6;3;4;7;0;0;1;0;0;0;1;0;789040,3689;5833645,998;13,26629331;52,57588639
4249;199231;11;11;11010309;2018;4;20;2;3;9;1;1;0;1;0;0;0;0;1;804425,1571;5833385,7;13,4923971;52,56516632
4250;199232;11;10;10020517;2018;4;7;6;3;5;3;0;1;1;0;0;0;0;1;812429,9807;5830414,134;13,6073185;52,53400383
4251;199233;11;7;7010102;2018;4;7;6;3;5;3;0;1;1;0;0;0;0;0;795554,2266;5825250,521;13,35467359;52,49712995
4252;199234;11;10;10010308;2018;4;13;3;3;5;3;0;1;1;0;0;0;0;0;806484,9039;5829673,894;13,51926489;52,5307451
4253;199235;11;1;1033201;2018;4;20;6;3;5;3;2;0;1;0;0;0;0;1;797967,6027;5830528,193;13,39484648;52,54312534
4254;199236;11;7;7050504;2018;4;18;6;3;6;4;0;0;1;1;0;0;0;0;799850,771;5819653,497;13,41274529;52,44461728
4255;199237;11;8;8010301;2018;4;10;2;2;5;3;0;1;1;0;0;0;0;1;800654,6697;5824583,235;13,42897912;52,48836306
4256;199238;11;4;4020310;2018;4;17;6;3;6;4;0;0;1;1;0;0;0;0;790343,8215;5827318,555;13,27994243;52,51846704
4257;199239;11;4;4030931;2018;4;17;6;3;5;3;0;0;1;0;0;0;0;0;793918,7262;5825637,853;13,33099308;52,50148545
4258;199240;11;1;1011105;2018;4;9;4;3;2;2;0;0;1;0;0;0;0;0;796852,4094;5826967,905;13,37527167;52,51181997
4259;199241;11;6;6020303;2018;4;9;1;3;6;7;0;0;0;1;0;0;1;0;795418,213;5818348,164;13,34656522;52,43532861
4260;199242;11;7;7010104;2018;4;16;6;3;5;3;0;1;1;0;0;0;0;0;796223,6594;5825329,446;13,3645761;52,4974745
4261;199243;11;1;1011203;2018;4;19;3;3;1;5;0;1;1;0;0;0;0;0;797833,4139;5827460,034;13,390125;52,51569656
4262;199244;11;1;1011305;2018;4;15;6;3;6;7;0;0;1;1;0;0;0;0;798940,0583;5827305,334;13,40624587;52,51370446
4263;199245;11;5;5010314;2018;4;21;2;3;1;5;1;0;1;0;0;0;0;0;784794,1879;5828861,42;13,19969821;52,53522706
4264;199246;11;5;5010314;2018;4;22;6;2;5;2;2;1;1;0;0;0;0;1;785045,7667;5829397,578;13,2038572;52,53990269
4265;199247;11;1;1033102;2018;4;16;6;3;2;6;0;1;1;0;0;0;0;0;797172,5131;5831377,048;13,38391628;52,55116854
4266;199248;11;5;5010101;2018;4;16;1;3;0;1;0;0;0;0;1;0;0;0;785958,2189;5831711,044;13,21926686;52,56016654
4267;199249;11;6;6030502;2018;4;15;6;2;4;7;0;0;1;0;0;0;0;0;789431,3326;5815834,607;13,25657039;52,41599435
4268;199250;11;3;3030405;2018;4;9;4;1;6;2;0;0;1;1;0;0;0;0;803734,8507;5839243,581;13,48761544;52,61805311
4269;199251;11;3;3061228;2018;4;4;1;3;5;3;2;0;1;0;0;0;0;0;800321,5012;5831579,564;13,43040344;52,55125672
4270;199252;11;6;6040805;2018;4;12;2;3;0;1;0;0;0;0;1;0;0;1;789424,0513;5818031,986;13,25836502;52,43569875
4271;199253;11;12;12103219;2018;4;17;6;3;5;2;0;0;1;0;0;0;1;0;795064,768;5832467,59;13,35388999;52,56209017
4272;199254;11;7;7060601;2018;4;17;6;3;5;2;0;0;1;0;0;0;1;0;797287,82;5817297,32;13,3730523;52,4248958
4273;199255;11;7;7040403;2018;4;8;4;3;1;5;0;1;1;0;0;0;0;0;797408,5276;5821883,772;13,37890496;52,46594331
4274;199256;11;8;8020625;2018;4;4;1;3;1;5;2;0;1;0;0;0;0;0;801824,0828;5819035,037;13,44113249;52,43798821
4275;199257;11;7;7070705;2018;4;18;3;2;2;6;0;0;1;0;1;0;0;0;798695,8885;5814064,112;13,39081433;52,39514682
4276;199258;11;6;6010205;2018;4;19;5;3;5;2;1;0;1;0;1;0;0;0;795228,301;5819844,628;13,34510181;52,44884609
4277;199259;11;2;2030401;2018;4;16;2;3;6;4;0;0;1;1;0;0;0;0;800305,7328;5825546,433;13,4247237;52,49718863
4278;199260;11;1;1011301;2018;4;9;5;3;6;7;0;1;0;1;0;0;0;0;796990,6188;5828811,851;13,37894857;52,5282737
4279;199261;11;12;12214527;2018;4;16;5;3;3;6;0;1;0;0;0;0;0;0;790456,0844;5834742,121;13,28808662;52,58495925
4280;199262;11;9;9051701;2018;4;21;5;3;5;3;2;0;1;0;0;0;0;0;813510,8964;5821643,683;13,61494944;52,45479141
4281;199263;11;4;4030931;2018;4;9;3;3;2;6;0;1;1;0;0;0;0;0;794488,9324;5825894,827;13,33959637;52,50348164
4282;199264;11;6;6030605;2018;4;15;3;3;2;6;0;1;0;0;0;0;1;0;791819,2616;5819205,989;13,29452443;52,44495106
4283;199265;11;12;12302110;2018;4;20;5;3;6;4;2;0;1;1;0;0;0;0;794747,4621;5835812,399;13,35219637;52,59224538
4284;199266;11;5;5010314;2018;4;13;3;3;6;4;0;1;0;1;0;0;0;0;784819,2003;5829042,478;13,20022116;52,53683734
4285;199267;11;6;6040806;2018;4;18;5;3;5;3;0;0;1;0;0;0;0;0;789115,0696;5819586,328;13,2551774;52,44979759
4286;199268;11;7;7040403;2018;4;16;2;3;6;4;0;0;1;1;0;0;0;1;797249,0666;5820829,66;13,37562586;52,45658101
4287;199269;11;1;1044202;2018;4;18;5;2;5;7;0;0;1;0;1;0;0;0;795112,3818;5830356,311;13,35271368;52,54313855
4288;199270;11;4;4020312;2018;4;18;5;3;5;3;0;0;1;0;0;0;0;0;789729,1745;5826928,73;13,27056985;52,51529911
4289;199271;11;2;2020203;2018;4;16;4;3;6;4;0;1;0;1;0;0;0;0;797116,4128;5824121,389;13,3766111;52,48616025
4290;199272;11;1;1022206;2018;4;17;1;3;0;1;1;0;0;0;1;0;0;0;796233,9604;5828513,802;13,36756183;52,52601367
4291;199273;11;4;4030415;2018;4;18;5;3;3;6;0;0;1;0;0;0;0;0;791627,6311;5827513,117;13,2989798;52,51952624
4292;199274;11;8;8010404;2018;4;9;3;3;0;3;0;1;0;0;1;0;0;0;801556,6384;5823835,608;13,44154648;52,48116449
4293;199275;11;4;4051448;2018;4;14;3;3;2;6;0;0;1;0;1;0;0;0;793937,5697;5824961,042;13,33067258;52,49540803
4294;199276;11;4;4041344;2018;4;18;5;3;0;1;0;1;0;0;0;0;0;0;793355,2836;5822860,12;13,32027097;52,47688732
4295;199277;11;10;10020414;2018;4;17;5;3;5;3;0;0;1;0;0;0;0;0;812071,5109;5830619,557;13,60224367;52,53605
4296;199278;11;9;9020701;2018;4;13;2;3;2;6;0;0;1;0;0;0;0;0;809357,5856;5818490,527;13,55110389;52,42889955
4297;199279;11;12;12302110;2018;4;17;5;3;5;2;0;0;1;0;0;0;1;0;795279,5748;5836363,174;13,36051981;52,59689392
4298;199280;11;4;4051446;2018;4;11;4;3;2;6;0;1;1;0;0;0;0;0;792700,653;5825367,299;13,31286192;52,49971476
4299;199281;11;4;4051446;2018;4;19;7;2;3;6;0;1;1;0;0;0;0;0;792362,9924;5825172,68;13,30773103;52,49815106
4300;199282;11;9;9010101;2018;4;15;2;2;5;3;0;1;1;0;0;0;0;0;801825,1081;5825010,017;13,44655124;52,49154255
4301;199283;11;3;3050925;2018;4;17;5;3;6;4;0;0;1;1;0;0;0;0;801937,4658;5831295,906;13,45390648;52,54782099
4302;199284;11;7;7030301;2018;4;17;5;2;6;4;0;1;0;1;0;0;0;0;793903,5327;5822952,418;13,32840143;52,47741998
4303;199285;11;1;1011201;2018;4;14;4;3;6;4;0;0;0;1;1;0;0;0;797149,0165;5826889,025;13,37955903;52,5109514
4304;199286;11;5;5020626;2018;4;19;7;2;6;4;0;0;1;1;0;0;0;0;784763,6196;5827183,707;13,1978118;52,52020066
4305;199287;11;9;9051901;2018;4;17;5;3;4;6;0;1;0;0;0;0;0;0;810167,5082;5821569,165;13,56583542;52,45603097
4306;199288;11;4;4041137;2018;4;7;3;3;0;2;0;0;1;0;1;0;0;0;791110,4528;5823160,95;13,28757471;52,48078546
4307;199289;11;7;7070703;2018;4;16;5;3;1;5;0;1;1;0;0;0;0;0;799872,4781;5813190,113;13,40727278;52,38666968
4308;199290;11;1;1011301;2018;4;11;3;3;1;5;0;1;1;0;0;0;0;0;797169,9768;5828214,356;13,38105075;52,5228201
4309;199291;11;12;12214424;2018;4;16;5;2;2;7;0;0;1;0;1;0;1;0;793529,9861;5832379,803;13,33123607;52,56213279
4310;199292;11;5;5010314;2018;4;12;5;3;5;2;0;1;1;0;0;0;0;0;784778,4513;5828793,967;13,19940903;52,5346305
4311;199293;11;3;3061430;2018;4;7;2;3;5;3;0;1;0;0;0;0;1;1;801964,369;5829734,637;13,45288305;52,53381248
4312;199294;11;1;1022104;2018;4;12;5;3;5;3;0;0;1;0;1;0;0;0;794051,1089;5828503,225;13,33546984;52,52710058
4313;199295;11;5;5010314;2018;4;12;5;2;2;7;0;1;1;0;0;0;0;0;784910,3378;5829050,999;13,20156854;52,5368661
4314;199296;11;4;4031032;2018;4;8;4;3;2;6;0;1;1;0;0;0;0;0;791306,8259;5825009,314;13,29207392;52,49725129
4315;199297;11;7;7050503;2018;4;19;7;3;5;2;0;0;1;0;0;0;0;0;799469,5861;5820514,242;13,40792527;52,4525416
4316;199298;11;11;11040926;2018;4;18;3;3;5;3;0;1;1;0;0;0;0;0;805040,3948;5826231,048;13,49488012;52,50069893
4317;199299;11;4;4041137;2018;4;11;5;3;6;2;0;0;1;1;0;0;0;0;790950,4366;5823018,28;13,2851006;52,47959169
4318;199300;11;12;12214424;2018;4;18;2;3;0;2;0;0;1;0;1;0;0;0;793419,0487;5832489,704;13,32970138;52,56317778
4319;199301;11;6;6030504;2018;4;11;5;2;5;3;0;0;1;0;0;0;0;0;790093,6791;5817310,827;13,26756208;52,42887857
4320;199302;11;10;10010308;2018;4;10;5;2;5;2;0;0;1;0;0;0;0;0;806443,3416;5829904,499;13,51886668;52,53283519
4321;199303;11;1;1011202;2018;4;21;3;3;5;2;2;0;0;0;1;0;1;0;797158,2356;5827698,906;13,38041773;52,51820607
4322;199304;11;4;4051446;2018;4;10;5;2;5;2;0;1;1;0;0;0;0;0;792835,7668;5824337,092;13,31394104;52,49040678
4323;199305;11;8;8030831;2018;4;10;2;3;1;5;0;1;1;0;0;0;0;1;803407,7547;5817383,053;13,46285975;52,42230525
4324;199306;11;9;9051702;2018;4;10;5;2;5;2;0;0;1;0;1;0;0;0;814241,479;5822305,135;13,62628827;52,46029915
4325;199307;11;11;11030720;2018;4;14;5;3;3;6;0;0;1;0;1;0;0;0;805087,508;5829969,316;13,49899995;52,53417666
4326;199308;11;4;4010101;2018;4;21;1;3;2;6;2;0;1;0;0;0;0;0;789724,0998;5829693,564;13,27290454;52,54008896
4327;199309;11;4;4051448;2018;4;9;5;3;3;6;0;1;1;0;0;0;0;0;793979,0543;5824936,691;13,33126039;52,4951674
4328;199310;11;3;3020209;2018;4;15;5;2;2;2;0;0;1;0;1;0;0;0;798125,578;5835605,58;13,40173182;52,58855048
4329;199311;11;8;8020619;2018;4;7;4;3;1;5;0;1;1;0;0;0;0;0;801926,9572;5820904,062;13,44433034;52,45468392
4330;199312;11;7;7040405;2018;4;16;7;2;0;6;0;0;1;0;1;0;0;1;798888,9317;5820760,397;13,39962626;52,45506586
4331;199313;11;9;9010302;2018;4;17;3;3;5;7;0;0;1;0;1;0;0;0;804216,5815;5821057,854;13,47806209;52,45479287
4332;199314;11;3;3061430;2018;4;8;5;3;2;6;0;0;0;0;1;0;1;0;802366,0471;5829239,026;13,45833608;52,52914769
4333;199315;11;4;4020312;2018;4;16;2;3;5;3;0;1;1;0;0;0;0;0;789981,9517;5826972,06;13,27432225;52,51555322
4334;199316;11;6;6040805;2018;4;8;5;3;1;5;0;1;1;0;0;0;0;0;787771,9908;5818248,968;13,23431695;52,43851587
4335;199317;11;5;5010339;2018;4;13;5;2;0;7;0;0;1;0;0;0;0;0;786014,75;5828214,061;13,21708724;52,52878379
4336;199318;11;1;1011204;2018;4;15;7;3;5;2;0;1;1;0;0;0;0;0;798549,679;5826818,624;13,40007369;52,50955558
4337;199319;11;4;4051446;2018;4;7;5;3;6;4;0;0;1;1;0;0;0;0;792581,2772;5825299,666;13,31104894;52,49917247
4338;199320;11;12;12304313;2018;4;8;5;3;5;2;0;1;1;0;0;0;0;0;792343,9059;5834060,608;13,31527026;52,57783864
4339;199321;11;7;7010102;2018;4;18;1;3;2;2;0;0;1;0;0;0;0;0;794958,6331;5825672,698;13,34629951;52,5012367
4340;199322;11;4;4051447;2018;4;7;5;3;1;5;0;1;1;0;0;0;0;0;793099,1693;5824500,98;13,31795358;52,49173461
4341;199323;11;7;7010104;2018;4;11;3;3;1;7;0;0;1;0;0;0;0;0;796273,1869;5824599,01;13,36465395;52,49089992
4342;199324;11;4;4041343;2018;4;15;7;3;5;2;0;1;1;0;0;0;0;1;792615,4604;5823018,688;13,30954819;52,47870573
4343;199325;11;4;4030931;2018;4;16;3;3;5;7;0;0;1;0;1;0;0;0;794031,5047;5826056,001;13,333019;52,50517317
4344;199326;11;4;4030417;2018;4;7;5;3;2;6;0;0;1;0;0;0;0;0;790931,6122;5826749,141;13,28808277;52,513049
4345;199327;11;1;1011401;2018;4;21;5;2;4;1;2;1;0;0;0;0;1;0;797808,0942;5829268,67;13,39137256;52,53192255
4346;199328;11;7;7010102;2018;4;16;2;3;2;6;0;0;1;0;1;0;0;1;794974,3303;5825100,972;13,34602374;52,49610308
4347;199329;11;4;4030827;2018;4;12;5;3;8;1;0;0;1;0;0;0;0;0;792639,6705;5826097,316;13,31260772;52,50629186
4348;199330;11;12;12224230;2018;4;15;5;3;5;2;0;1;1;0;0;0;0;0;786547,0648;5837973,846;13,23334628;52,61600638
4349;199331;11;1;1011302;2018;4;9;5;3;0;1;0;1;0;0;0;0;0;0;797988,1396;5828493,639;13,39332434;52,524877
4350;199332;11;7;7020203;2018;4;15;5;3;2;6;0;1;1;0;0;0;0;0;795607,4899;5824463,286;13,3547574;52,49004415
4351;199333;11;11;11010103;2018;4;16;4;3;5;2;0;1;1;0;0;0;0;0;808262,1168;5834026,798;13,54942194;52,56875285
4352;199334;11;1;1011204;2018;4;15;5;2;5;3;0;0;1;0;1;0;0;0;798482,412;5826666,364;13,39894894;52,50822758
4353;199335;11;4;4041342;2018;4;13;7;3;5;2;0;0;1;0;0;0;0;1;792526,423;5822919,654;13,30815402;52,47786561
4354;199336;11;2;2040701;2018;4;18;4;3;3;2;0;1;1;0;0;0;0;0;800587,4919;5827031,833;13,43020263;52,51034762
4355;199337;11;1;1022206;2018;4;20;5;3;6;4;2;0;1;1;0;0;0;0;796400,9834;5828321,837;13,36984547;52,52420212
4356;199338;11;1;1033201;2018;4;9;3;2;6;4;0;0;1;1;0;0;0;0;798143,1726;5830027,236;13,3969782;52,5385389
4357;199339;11;1;1011304;2018;4;16;4;3;5;2;1;1;1;0;0;0;0;0;799852,7324;5827489,492;13,4198208;52,51485418
4358;199340;11;5;5020626;2018;4;20;5;2;1;5;2;1;1;0;0;0;0;0;784733,7161;5827516,267;13,19765697;52,52319801
4359;199341;11;10;10040933;2018;4;13;3;3;5;2;0;0;1;0;0;0;1;0;812380,7792;5824278,564;13,60083867;52,47905026
4360;199342;11;7;7020201;2018;4;18;4;2;6;4;1;0;1;1;0;0;0;0;794790,9191;5824666,088;13,34294506;52,49230372
4361;199343;11;7;7010102;2018;4;10;3;2;5;2;0;0;1;0;1;0;0;0;795455,5078;5825666,085;13,35359229;52,50090862
4362;199344;11;7;7070705;2018;4;15;5;3;6;2;0;0;1;1;0;0;0;0;798544,0137;5814420,75;13,38890666;52,39842651
4363;199345;11;9;9020701;2018;4;14;3;3;5;3;0;1;1;0;0;0;0;0;808986,4038;5818104,456;13,54530529;52,42564933
4364;199346;11;10;10040932;2018;4;16;4;3;6;6;0;1;0;1;0;0;0;0;813561,8386;5827368,996;13,62108057;52,50606675
4365;199347;11;1;1011301;2018;4;7;4;3;0;1;0;0;0;0;1;0;0;1;797055,2747;5828170,355;13,37932582;52,52248818
4366;199348;11;10;10040933;2018;4;15;5;2;5;3;0;0;1;0;0;0;1;0;813101,0817;5824207,055;13,61134309;52,47799701
4367;199349;11;9;9031101;2018;4;15;2;3;6;4;0;0;1;1;0;0;0;0;811244,9503;5817657,028;13,57799839;52,4203597
4368;199350;11;6;6020409;2018;4;14;4;2;0;3;0;1;0;0;0;1;0;0;793131,2633;5817598,46;13,31236334;52,42983808
4369;199351;11;1;1033101;2018;4;15;4;3;1;5;0;1;1;0;0;0;0;0;797319,832;5832317,784;13,3869252;52,55952067
4370;199352;11;9;9051801;2018;4;14;5;3;5;2;0;1;1;0;0;0;0;0;818984,755;5820198,555;13,69385502;52,43867636
4371;199353;11;9;9010301;2018;4;6;4;3;5;2;0;0;1;0;1;0;0;0;804476,715;5821868,971;13,48261826;52,46191786
4372;199354;11;2;2010101;2018;4;13;5;3;3;6;0;1;1;0;0;0;0;0;797592,1818;5825950,019;13,3852305;52,50229273
4373;199355;11;9;9031001;2018;4;11;7;3;5;3;0;0;0;0;1;0;1;0;809493,4173;5815226,359;13,55007733;52,39956944
4374;199356;11;5;5030833;2018;4;15;4;3;2;6;0;0;1;0;1;0;0;0;789413,5266;5828654,652;13,26743322;52,53093996
4375;199357;11;8;8010211;2018;4;19;5;3;1;5;0;1;1;0;0;0;0;0;800427,8414;5823790,892;13,4249344;52,48138585
4376;199358;11;8;8010214;2018;4;14;3;3;5;3;0;1;1;0;0;0;0;0;801199,7523;5822135,074;13,43477155;52,46611908
4377;199359;11;8;8010508;2018;4;15;4;3;6;4;0;0;0;1;0;0;1;0;803216,8695;5822727,056;13,46491131;52,47030933
4378;199360;11;1;1011302;2018;4;19;5;3;5;7;0;0;1;0;1;0;0;0;798132,5883;5828446,057;13,39540452;52,52437152
4379;199361;11;2;2020206;2018;4;8;2;3;5;3;0;1;1;0;0;0;0;0;799222,3477;5824585,69;13,40794961;52,48917199
4380;199362;11;9;9020701;2018;4;16;4;3;3;6;0;0;1;0;1;0;0;0;807943,6138;5819089,35;13,53092453;52,43506397
4381;199363;11;4;4010102;2018;4;16;4;3;0;2;0;0;1;0;0;0;1;0;791679,1767;5830692,694;13,30252767;52,54800294
4382;199364;11;6;6030502;2018;4;19;5;2;5;2;0;1;1;0;0;0;0;0;790224,0944;5815099,114;13,26755653;52,4089806
4383;199365;11;1;1011105;2018;4;6;2;2;5;3;0;1;1;0;0;0;0;0;796566,8556;5826869,613;13,37098865;52,51109421
4384;199366;11;8;8030829;2018;4;14;4;3;5;2;0;0;1;0;0;0;0;0;803156,773;5818431,928;13,46013085;52,43184547
4385;199367;11;4;4030931;2018;4;14;4;2;3;6;0;0;1;0;1;0;0;0;793877,0239;5825510,73;13,33026831;52,50036832
4386;199368;11;7;7050501;2018;4;18;5;3;6;2;0;0;1;1;0;0;0;0;797901,2779;5820051,854;13,38450235;52,44925372
4387;199369;11;12;12214125;2018;4;8;4;3;3;6;0;0;1;0;1;0;0;0;791923,8478;5831469,789;13,30680895;52,55483831
4388;199370;11;8;8010404;2018;4;13;4;3;5;3;0;0;1;0;0;0;0;0;801741,2618;5822667,104;13,44319969;52,47058899
4389;199371;11;4;4030620;2018;4;18;5;3;6;4;0;0;0;1;0;0;1;0;791834,8288;5827464,118;13,30198183;52,51897613
4390;199372;11;9;9010401;2018;4;12;2;3;6;7;0;0;1;1;0;0;0;1;805681,59;5819291,583;13,49793895;52,43814529
4391;199373;11;5;5030731;2018;4;13;4;3;5;2;0;0;1;0;0;0;1;0;788032,5992;5829370,155;13,24775235;52,53808622
4392;199374;11;5;5010314;2018;4;13;5;3;6;7;0;1;0;1;0;0;0;0;785154,8694;5829169,12;13,20526546;52,53779727
4393;199375;11;4;4041342;2018;4;10;4;2;5;2;0;0;1;0;0;0;0;0;792410,528;5822794,892;13,30634303;52,47680921
4394;199376;11;7;7020203;2018;4;9;7;3;1;5;0;1;1;0;0;0;0;1;795871,4835;5824524,011;13,35868814;52,49044549
4395;199377;11;1;1011306;2018;4;13;4;3;5;3;0;1;1;0;0;0;0;0;800375,554;5826506,906;13,42661546;52,50575927
4396;199378;11;12;12231101;2018;4;12;5;3;8;1;0;0;1;0;0;0;0;0;791263,014;5838662,487;13,30341251;52,6196727
4397;199379;11;1;1022101;2018;4;18;3;3;5;2;0;1;1;0;0;0;0;0;792738,6561;5828278,975;13,3159815;52,5257966
4398;199380;11;5;5010314;2018;4;12;4;2;3;6;0;0;1;0;1;0;0;0;784207,0639;5828957,014;13,19114719;52,53639066
4399;199381;11;3;3061228;2018;4;17;5;3;6;4;0;0;1;1;0;0;0;0;800625,1873;5830992,037;13,43433705;52,54582309
4400;199382;11;1;1011204;2018;4;23;2;3;1;5;2;1;1;0;0;0;0;0;797827,9426;5827029,395;13,38965919;52,5118394
4401;199383;11;1;1022106;2018;4;11;4;3;2;6;0;0;1;0;0;0;0;0;793713,5705;5828115,405;13,3301661;52,52380593
4402;199384;11;5;5020418;2018;4;10;4;3;1;5;0;0;1;0;0;0;0;0;781391,9085;5828665,861;13,14950502;52,53524095
4403;199385;11;6;6030503;2018;4;12;5;3;5;2;0;1;0;0;1;0;0;0;790497,4445;5818066,172;13,2741402;52,43543619
4404;199386;11;8;8010214;2018;4;19;1;3;6;7;0;0;1;1;0;0;0;0;801215,6521;5822114,293;13,43498614;52,46592404
4405;199387;11;10;10010309;2018;4;9;4;2;6;4;0;0;1;1;0;0;0;0;807691,9536;5830166,915;13,53745923;52,53448357
4406;199388;11;6;6010102;2018;4;9;4;3;0;5;0;1;1;0;0;0;0;0;793060,6799;5821405,145;13,31466755;52,46400202
4407;199389;11;2;2030302;2018;4;17;5;3;3;2;0;0;0;0;1;1;0;0;800625,7693;5826266,423;13,43007376;52,50346594
4408;199390;11;2;2030301;2018;4;21;4;3;1;5;2;1;1;0;0;0;0;0;799931,9157;5826039,987;13,41967815;52,50181814