;OBJECTID;LAND;BEZ;LOR;UJAHR;UMONAT;USTUNDE;UWOCHENTAG;UKATEGORIE;UART;UTYP1;ULICHTVERH;IstRad;IstPKW;IstFuss;IstKrad;IstGkfz;IstSonstige;USTRZUSTAND;LINREFX;LINREFY;XGCSWGS84;YGCSWGS84
4409;199391;11;2;2050801;2018;4;21;7;3;5;2;2;1;1;0;0;0;0;0;803612,5881;5827324,947;13,47490832;52,51129953
4410;199392;11;11;11010309;2018;4;12;5;3;1;5;0;0;1;0;0;0;0;0;804874,2229;5833198,1;13,49882939;52,5632337
4411;199393;11;9;9041301;2018;4;17;3;3;5;7;0;0;0;0;1;0;1;0;811809,583;5819902,541;13,58836816;52,44016142
4412;199394;11;12;12103219;2018;4;9;4;3;5;2;0;1;1;0;0;0;0;0;795629,237;5833003,774;13,36267068;52,56659035
4413;199395;11;8;8010301;2018;4;22;7;3;5;2;2;1;1;0;0;0;0;0;801052,9749;5824919,229;13,43513106;52,49115518
4414;199396;11;9;9020501;2018;4;12;5;3;0;4;0;1;0;1;0;0;0;0;806604,8919;5822036,884;13,51399906;52,4622329
4415;199397;11;4;4041134;2018;4;18;3;3;5;3;0;1;1;0;0;0;0;0;790854,8414;5823647,167;13,28424564;52,48528064
4416;199398;11;8;8020625;2018;4;8;4;3;0;1;0;0;1;0;1;0;0;0;802164,2751;5818938,335;13,44603442;52,43693361
4417;199399;11;10;10030727;2018;4;16;5;3;5;2;0;0;1;0;1;0;0;0;809633,6444;5825752,953;13,56188754;52,4938277
4418;199400;11;11;11030720;2018;4;17;2;3;5;2;0;1;1;0;0;0;0;1;805200,8399;5828716,663;13,49951578;52,52288643
4419;199401;11;3;3020210;2018;4;8;4;3;0;1;0;0;0;0;1;0;0;1;798357,1189;5835857,539;13,40536638;52,59068197
4420;199402;11;9;9041301;2018;4;12;5;3;1;5;0;0;1;0;0;0;0;0;811520,2959;5819059,065;13,58334002;52,43276746
4421;199403;11;9;9010302;2018;4;8;4;3;2;6;0;0;1;0;0;0;0;0;804172,4768;5821398,913;13,47772572;52,45787425
4422;199404;11;10;10010309;2018;4;16;5;3;5;3;0;0;1;0;0;0;0;0;807828,4208;5829085,607;13,53846366;52,52471591
4423;199405;11;11;11030618;2018;4;11;5;2;1;5;0;0;1;0;0;0;0;0;802402,2816;5829004,372;13,45865518;52,5270244
4424;199406;11;4;4020209;2018;4;14;1;3;0;1;0;1;1;0;0;0;0;0;789715,1991;5824754,887;13,26847271;52,49581756
4425;199407;11;6;6030503;2018;4;7;4;3;6;2;0;0;1;1;0;0;0;0;790373,7835;5818254,269;13,27248964;52,43718819
4426;199408;11;1;1011303;2018;4;16;5;3;1;5;0;1;0;0;0;0;1;0;799723,3592;5827458,739;13,41789231;52,51464964
4427;199409;11;11;11040925;2018;4;17;3;3;5;2;0;1;0;0;0;0;1;0;803707,3897;5826284,868;13,47535213;52,5019248
4428;199410;11;10;10030727;2018;4;11;5;3;5;3;0;1;1;0;0;0;0;0;809586,1447;5824152,062;13,55970322;52,4795079
4429;199411;11;5;5020625;2018;4;15;3;2;6;2;0;0;1;1;0;0;0;0;784517,8652;5828661,948;13,19546455;52,53358291
4430;199412;11;7;7010102;2018;4;23;4;3;5;2;2;0;1;0;0;0;0;0;794960,1981;5825648,757;13,3463013;52,50102124
4431;199413;11;4;4041342;2018;4;16;5;3;1;5;0;0;1;0;1;0;0;0;792374,3806;5822758,285;13,30578023;52,47650039
4432;199414;11;10;10010309;2018;4;16;2;3;2;2;0;0;1;0;0;0;1;0;807839,5891;5829090,173;13,53863199;52,52475053
4433;199415;11;9;9020702;2018;4;7;4;2;5;2;0;0;1;0;1;0;0;1;809358,5987;5819663,976;13,55220449;52,43941532
4434;199416;11;3;3040818;2018;4;11;5;3;5;3;0;1;1;0;0;0;0;0;800057,3283;5832600,827;13,42744211;52,56055615
4435;199417;11;1;1044202;2018;4;7;4;3;5;3;0;0;1;0;0;0;0;0;795527,7465;5830475,402;13,35892673;52,54398097
4436;199418;11;4;4030931;2018;4;11;5;3;3;6;0;0;1;0;1;0;0;0;794278,6765;5825951,529;13,3365578;52,50410338
4437;199419;11;10;10020412;2018;4;15;4;3;6;7;0;1;0;1;0;0;0;0;811329,919;5831818,516;13,59246882;52,54721828
4438;199420;11;10;10040931;2018;4;16;5;3;0;1;0;0;0;0;1;0;0;0;812891,3015;5828272,954;13,61208315;52,51455209
4439;199421;11;4;4031032;2018;4;11;5;2;3;6;0;0;1;0;0;0;1;0;791140,3349;5824963,832;13,28958858;52,49693238
4440;199422;11;6;6040701;2018;4;16;2;3;8;1;0;0;1;0;0;0;0;1;784468,9432;5816444,344;13,18432168;52,42406322
4441;199423;11;1;1011301;2018;4;21;4;3;5;2;2;1;1;0;0;0;0;0;797255,1051;5829081,759;13,3830772;52,53054895
4442;199424;11;3;3030715;2018;4;11;5;2;1;5;0;0;1;0;1;0;0;0;800241,1648;5833814,189;13,43124398;52,57133042
4443;199425;11;4;4010101;2018;4;4;4;3;5;3;2;0;1;0;0;0;1;0;791248,2425;5829724,766;13,29534175;52,53955618
4444;199426;11;3;3050923;2018;4;11;5;3;5;3;0;1;1;0;0;0;0;0;801107,7081;5831516,832;13,441907;52,55026042
4445;199427;11;10;10010206;2018;4;16;4;3;5;2;0;1;1;0;0;0;0;0;809972,4161;5832042,471;13,57272261;52,54999929
4446;199428;11;10;10010309;2018;4;10;5;2;6;4;0;0;1;1;0;0;0;0;807818,8302;5830174,225;13,53933064;52,53447745
4447;199429;11;6;6040703;2018;4;16;7;2;0;3;0;1;0;0;0;0;1;0;786867,2267;5817441,451;13,22035044;52,43175111
4448;199430;11;10;10010310;2018;4;20;4;3;5;3;2;0;1;0;0;1;0;0;809930,5242;5831618,592;13,5717112;52,54622453
4449;199431;11;8;8010301;2018;4;9;5;3;0;1;0;1;0;0;0;0;0;0;801268,4224;5824595,79;13,4380023;52,48813726
4450;199432;11;6;6020409;2018;4;9;3;3;5;3;0;0;1;0;0;0;0;0;793655,7671;5817425,651;13,31990398;52,42800761
4451;199433;11;2;2040701;2018;4;9;5;3;5;2;0;1;0;0;0;0;1;0;800360,6424;5827181,603;13,42700523;52,51181501
4452;199434;11;2;2030302;2018;4;14;3;2;5;7;0;0;1;0;1;0;0;0;800451,1559;5825763,468;13,4270552;52,49905395
4453;199435;11;4;4031032;2018;4;18;4;3;3;6;0;1;1;0;0;0;0;0;791398,2203;5825038,242;13,29344171;52,49746184
4454;199436;11;3;3020209;2018;4;18;4;2;6;7;0;0;1;1;0;0;0;0;797802,6277;5836096,108;13,39741982;52,59312426
4455;199437;11;6;6040702;2018;4;9;5;3;2;6;0;1;1;0;0;0;0;0;787499,1117;5816814,301;13,22908002;52,42579647
4456;199438;11;7;7010102;2018;4;13;2;3;0;5;0;1;0;0;0;0;1;0;795500,4638;5824982,111;13,35364584;52,49475298
4457;199439;11;4;4030415;2018;4;18;4;3;2;2;0;0;1;0;0;0;0;0;791673,1958;5827539,929;13,29967294;52,51974224
4458;199440;11;3;3071537;2018;4;8;5;3;5;7;0;0;1;0;1;0;0;0;799516,7248;5829421,478;13,41662399;52,53235606
4459;199441;11;12;12224229;2018;4;11;4;2;1;5;0;0;1;0;1;0;0;0;786319,2819;5834404,422;13,22690406;52,5841246
4460;199442;11;1;1022104;2018;4;9;7;2;2;6;0;0;1;0;0;0;0;1;794284,2277;5828437,911;13,33883842;52,52638929
4461;199443;11;2;2030301;2018;4;18;4;3;5;2;0;1;0;0;0;0;1;0;800137,2311;5825743,355;13,42242647;52,49904641
4462;199444;11;7;7050503;2018;4;8;5;3;5;2;0;0;1;0;0;0;1;0;799475,2868;5820508,901;13,40800412;52,4524906
4463;199445;11;2;2050803;2018;4;23;3;3;2;6;2;1;1;0;0;0;1;0;802438,4538;5826240,479;13,4566747;52,50223171
4464;199446;11;12;12214527;2018;4;18;4;3;5;2;0;0;1;0;0;0;0;0;790135,382;5835786,8;13,28428136;52,59449585
4465;199447;11;1;1044202;2018;4;22;7;3;2;2;2;1;1;0;0;0;0;0;795702,7219;5830592,092;13,36160331;52,54493205
4466;199448;11;8;8010301;2018;4;17;4;3;5;2;0;1;1;0;0;0;0;0;801006,066;5824825,736;13,43435779;52,49034304
4467;199449;11;3;3061227;2018;4;8;5;2;5;2;0;0;1;0;1;0;0;0;799542,5002;5831336,759;13,41872963;52,54950931
4468;199450;11;3;3050923;2018;4;8;3;3;2;6;0;0;1;0;0;1;0;0;800220,2833;5832170,212;13,42944924;52,55660664
4469;199451;11;2;2040502;2018;4;17;4;3;5;2;0;1;1;0;0;0;0;0;800478,0633;5828221,427;13,42966933;52,52107059
4470;199452;11;1;1011302;2018;4;8;5;3;6;4;0;0;1;1;0;0;0;0;797619,6461;5828748,169;13,38813667;52,52735982
4471;199453;11;12;12103219;2018;4;12;3;3;2;6;0;0;1;0;0;0;0;0;795672,1116;5832527,408;13,36287686;52,56229692
4472;199454;11;9;9020701;2018;4;17;4;3;5;2;0;1;1;0;0;0;0;0;809056,5156;5818762,242;13,54694096;52,4315048
4473;199455;11;11;11020514;2018;4;16;4;3;2;6;0;0;1;0;1;0;0;0;804855,3076;5830907,967;13,49644839;52,5427192
4474;199456;11;7;7010104;2018;4;8;5;2;0;3;0;1;0;0;0;0;0;0;796667,2303;5824306,507;13,37018021;52,48806391
4475;199457;11;11;11010205;2018;4;9;2;3;5;2;0;1;0;0;0;0;1;1;806625,2338;5832929,447;13,52433235;52,55984278
4476;199458;11;1;1011105;2018;4;7;3;3;0;2;0;1;1;0;0;0;0;0;796643,1118;5826640,961;13,37190523;52,50900311
4477;199459;11;11;11010309;2018;4;19;3;3;5;3;1;0;1;0;0;0;0;0;804439,8397;5833568,441;13,49278074;52,56679591
4478;199460;11;3;3050923;2018;4;7;5;3;5;2;0;1;1;0;0;0;0;0;801062,4179;5831433,242;13,44116528;52,54953623
4479;199461;11;6;6040810;2018;4;8;4;3;5;3;0;1;1;0;0;0;0;0;792416,7733;5821433,659;13,30524154;52,46460263
4480;199462;11;12;12304314;2018;4;8;7;3;0;5;0;0;1;0;1;0;0;0;790992,9717;5836213,398;13,29728114;52,597862
4481;199463;11;4;4030415;2018;4;18;3;3;3;6;0;0;1;0;0;1;0;0;791674,2154;5827729,765;13,29985439;52,52144354
4482;199464;11;1;1022104;2018;4;7;5;3;2;3;0;0;1;0;0;0;0;0;793627,2304;5829124,671;13,32978849;52,53289997
4483;199465;11;3;3061430;2018;4;19;3;3;1;5;0;1;1;0;0;0;1;0;802076,6545;5829570,644;13,45438439;52,53228041
4484;199466;11;11;11010310;2018;4;18;3;3;0;2;0;1;1;0;0;0;0;0;805488,2767;5833371,737;13,50801998;52,56444571
4485;199467;11;3;3020209;2018;4;7;5;3;2;5;0;1;1;0;0;0;0;0;797621,0882;5834802,844;13,39358605;52,58163132
4486;199468;11;3;3030715;2018;4;21;2;2;9;1;2;0;1;0;0;0;0;0;801109,4566;5834201,036;13,44436845;52,57431811
4487;199469;11;1;1011303;2018;4;18;3;3;1;5;0;1;1;0;0;0;0;0;799597,371;5828491,569;13,41697142;52,52397657
4488;199470;11;5;5020524;2018;4;18;3;3;5;2;0;0;1;0;1;0;0;0;783795,0437;5826305,999;13,18282636;52,51283592
4489;199471;11;1;1044203;2018;4;7;5;3;2;6;0;0;1;0;0;0;0;0;795094,063;5831220,137;13,35321188;52,55089195
4490;199472;11;12;12301206;2018;4;18;1;3;5;7;0;0;1;0;0;0;0;0;794207,6964;5838281,614;13,34644591;52,61467209
4491;199473;11;4;4031032;2018;4;22;5;3;5;3;2;0;1;0;0;0;0;0;791837,0344;5824679,392;13,29957302;52,49401031
4492;199474;11;2;2020205;2018;4;8;2;3;0;2;0;1;1;0;0;0;0;1;798475,3481;5824382,481;13,39679855;52,4877594
4493;199475;11;8;8010301;2018;4;19;3;3;5;3;0;0;1;0;1;0;0;0;801446,6744;5823887,234;13,43997881;52,48168793
4494;199476;11;4;4030518;2018;4;15;3;3;2;6;0;0;1;0;0;0;0;0;791452,7385;5828307,639;13,29710582;52,52674253
4495;199477;11;1;1011202;2018;4;16;4;3;2;6;0;1;1;0;0;0;0;0;798356,687;5827698,016;13,39802689;52,51754376
4496;199478;11;8;8010212;2018;4;17;1;3;2;6;0;1;1;0;0;0;0;0;801314,1657;5823546,255;13,43772533;52,47870479
4497;199479;11;12;12301203;2018;4;20;3;2;5;7;0;0;1;0;1;0;0;0;793592,9332;5836125,107;13,33547915;52,59567303
4498;199480;11;3;3061131;2018;4;19;3;3;5;2;1;1;1;0;0;0;0;0;799177,295;5831110,598;13,41315591;52,54768283
4499;199481;11;2;2030301;2018;4;20;4;3;1;5;2;1;1;0;0;0;0;0;799931,3297;5826038,372;13,41966808;52,50180398
4500;199482;11;1;1022206;2018;4;7;4;3;0;2;0;1;0;0;1;0;0;0;795435,2142;5827577,931;13,35499115;52,51805778
4501;199483;11;6;6030610;2018;4;13;7;3;2;6;0;0;1;0;0;0;1;1;791994,893;5818973,867;13,29689835;52,44277632
4502;199484;11;10;NA;2018;4;16;4;3;3;6;0;0;1;0;0;0;0;0;812096,533;5831818,441;13,60373754;52,546779
4503;199485;11;1;1011301;2018;4;18;3;3;1;5;0;1;1;0;0;0;0;0;796677,5115;5829750,96;13,37518482;52,53686229
4504;199486;11;3;3061228;2018;4;19;3;3;5;2;2;1;1;0;0;0;0;0;800192,9689;5830930,912;13,42792712;52,54551353
4505;199487;11;1;1022104;2018;4;1;4;3;6;4;2;0;1;1;1;0;0;0;793964,6507;5828882,178;13,33453414;52,5305443
4506;199488;11;1;1044203;2018;4;17;2;2;6;4;0;1;0;1;0;0;0;1;796354,5726;5831974,475;13,37242151;52,55696945
4507;199489;11;2;2010103;2018;4;19;3;3;5;2;1;1;1;0;0;0;0;0;799135,1069;5825790,958;13,4077508;52,50002333
4508;199490;11;4;4030623;2018;4;21;4;3;0;3;2;1;1;0;0;0;0;0;793537,3302;5826191,806;13,32587887;52,5066567
4509;199491;11;4;4030827;2018;4;19;3;3;6;4;0;0;0;1;0;0;1;0;792148,0587;5826467,185;13,30570974;52,50987114
4510;199492;11;1;1011101;2018;4;16;4;3;2;6;0;0;1;0;0;0;0;0;794612,8442;5826081,756;13,34158205;52,50509045
4511;199493;11;5;5040936;2018;4;18;4;3;5;3;0;1;1;0;0;0;0;0;780059,367;5821722,203;13,12406926;52,47366462
4512;199494;11;7;7040404;2018;4;13;7;3;2;6;0;0;1;0;0;0;1;1;797295,8492;5820636,086;13,37613999;52,45482036
4513;199495;11;8;8010303;2018;4;19;3;3;2;3;0;1;1;0;0;0;0;0;801018,6355;5823902,745;13,43370879;52,48206308
4514;199496;11;9;9041301;2018;4;14;4;3;2;6;0;1;0;0;0;0;1;0;811670,7563;5819961,322;13,5863872;52,44076732
4515;199497;11;1;1011101;2018;4;11;3;3;5;2;0;1;1;0;0;0;0;0;795252,5878;5826634,795;13,35147068;52,5097022
4516;199498;11;1;1011303;2018;4;21;4;3;2;6;2;0;1;0;0;0;1;0;799571,3122;5828237,003;13,41635919;52,5217091
4517;199499;11;10;10030727;2018;4;17;3;3;0;3;0;0;1;0;1;0;0;0;809578,0177;5824139,974;13,55957271;52,47940418
4518;199500;11;1;1011302;2018;4;19;4;3;5;2;0;1;0;0;0;0;0;0;798669,801;5828986,816;13,40378503;52,52892466
4519;199501;11;5;5020625;2018;4;20;3;3;2;6;2;0;1;0;0;0;0;0;784668,8708;5828504,962;13,19755031;52,53209653
4520;199502;11;7;7040405;2018;4;20;7;3;5;3;2;0;1;0;0;0;0;0;798305,5863;5822056,751;13,39222538;52,46700484
4521;199503;11;7;7050503;2018;4;18;4;2;1;1;0;0;1;0;0;1;1;0;799237,3267;5820094,191;13,40414127;52,44890358
4522;199504;11;12;12214421;2018;4;16;3;3;2;6;0;0;1;0;0;0;0;0;793089,464;5833869,139;13,32607206;52,57572119
4523;199505;11;9;9010401;2018;4;17;3;3;5;2;0;1;1;0;0;0;0;0;805999,5268;5821170,196;13,50432214;52,45480455
4524;199506;11;7;7040402;2018;4;18;4;3;2;6;0;0;1;0;0;0;1;0;796458,6064;5822642,227;13,36563687;52,47325845
4525;199507;11;2;2020204;2018;4;16;2;3;5;2;0;1;1;0;0;0;0;1;798006,375;5825263,604;13,39070028;52,4959138
4526;199508;11;4;4020311;2018;4;17;3;3;6;4;0;1;0;1;0;0;0;0;789041,1943;5827042,527;13,26055847;52,51668438
4527;199509;11;10;10010308;2018;4;17;4;3;2;6;0;0;1;0;0;0;0;0;806579,6667;5828392,116;13,51947586;52,51920431
4528;199510;11;2;2020203;2018;4;17;3;3;5;2;0;0;1;0;0;0;0;0;797086,1083;5824718,957;13,37669883;52,49153331
4529;199511;11;1;1011305;2018;4;17;4;3;2;2;0;1;1;0;0;0;0;0;799508,0637;5826689,792;13,41403713;52,50787546
4530;199512;11;1;1022102;2018;4;6;4;3;3;6;0;0;1;0;1;0;0;0;793543,6202;5829034,113;13,32847944;52,53213321
4531;199513;11;7;7060604;2018;4;17;4;2;2;6;0;0;1;0;1;0;1;0;796801,836;5815773,332;13,36457443;52,41149827
4532;199514;11;9;9020701;2018;4;19;7;2;9;1;0;0;0;0;1;0;0;0;807098,7894;5818769,408;13,51824237;52,4326715
4533;199515;11;11;11040926;2018;4;16;3;3;2;6;0;0;1;0;0;1;1;0;804233,5563;5826137,069;13,4829448;52,50030703
4534;199516;11;3;3061131;2018;4;17;4;3;5;2;0;1;1;0;0;0;0;0;799177,295;5831110,598;13,41315591;52,54768283
4535;199517;11;12;12301203;2018;4;9;3;3;6;6;0;0;1;1;0;0;0;0;793554,0891;5836119,252;13,33490214;52,59564152
4536;199518;11;9;9030901;2018;4;17;4;3;1;5;0;1;1;0;0;0;0;0;807871,7507;5817703,762;13,52859527;52,4226865
4537;199519;11;6;6040703;2018;4;14;3;3;5;3;0;1;1;0;0;0;0;0;785917,0334;5817653,196;13,20659339;52,43414711
4538;199520;11;5;5020417;2018;4;7;3;2;6;4;0;0;1;1;0;0;0;0;783401,3034;5828626,388;13,17901724;52,53384583
4539;199521;11;6;6010206;2018;4;7;3;3;2;2;0;0;1;0;1;0;0;0;794481,4288;5819494,691;13,33383523;52,44611187
4540;199522;11;2;2040701;2018;4;17;4;3;0;2;0;0;1;0;1;0;0;0;800425,6853;5827973,981;13,4286762;52,51888152
4541;199523;11;2;2030302;2018;4;13;2;3;6;2;0;0;1;1;0;0;0;0;801199,5213;5825940,944;13,43820674;52,5002322
4542;199524;11;9;9020802;2018;4;8;3;3;2;6;0;0;1;0;0;0;0;0;809781,7354;5820493,817;13,55917883;52,4466127
4543;199525;11;1;1022206;2018;4;15;3;3;5;3;0;0;1;0;0;0;0;0;795727,71;5828198,187;13,3598407;52,52345931
4544;199526;11;11;11040926;2018;4;8;3;3;0;2;0;1;1;0;0;0;0;0;806684,7809;5826908,778;13,51965326;52,50585126
4545;199527;11;10;10020414;2018;4;17;4;3;2;7;0;0;1;0;1;0;0;0;812120,9985;5830698,056;13,60304464;52,53672511
4546;199528;11;11;11040926;2018;4;14;2;3;5;2;0;1;0;0;1;0;0;0;804596,9396;5826187,59;13,4883277;52,50055713
4547;199529;11;7;7070703;2018;4;16;3;2;5;3;0;1;1;0;0;0;0;0;799653,4739;5813949,597;13,40474332;52,39359734
4548;199530;11;10;10040933;2018;4;16;3;3;5;3;0;1;1;0;0;0;0;0;813624,5839;5825411,567;13,62015911;52,48849027
4549;199531;11;11;11030618;2018;4;17;4;3;6;2;0;0;1;1;0;0;0;0;802435,8303;5828901,967;13,45905506;52,52608795
4550;199532;11;6;6030607;2018;4;14;4;3;0;1;0;0;0;1;1;0;1;0;790632,6713;5815228,712;13,27365876;52,40992574
4551;199533;11;4;4041240;2018;4;16;4;2;5;3;0;1;1;0;0;0;0;0;791133,3527;5822598,536;13,28741992;52,47573118
4552;199534;11;11;11020514;2018;4;15;7;3;0;1;0;0;0;0;1;0;0;1;804097,6204;5830578,614;13,48500872;52,54019073
4553;199535;11;3;3020307;2018;4;16;3;3;5;2;0;0;1;0;0;0;0;0;800172,9548;5836581,827;13,43274736;52,59617484
4554;199536;11;11;11020515;2018;4;16;4;3;2;2;0;1;1;0;0;0;0;0;803348,8748;5830086,035;13,47355275;52,5361932
4555;199537;11;2;2030302;2018;4;7;3;2;5;2;0;1;1;0;0;0;0;0;800678,0277;5825795,951;13,43041656;52,49922016
4556;199538;11;6;6030502;2018;4;16;3;3;2;6;0;0;1;0;0;0;0;0;790225,6058;5815004,126;13,26749635;52,40812819
4557;199539;11;11;11030721;2018;4;16;4;3;2;7;0;1;1;0;0;0;0;0;804102,5095;5827891,263;13,48262273;52,51610233
4558;199540;11;4;4030827;2018;4;19;3;3;0;6;0;0;1;0;0;0;1;0;792310,2039;5826109,748;13,30777823;52,50657994
4559;199541;11;8;8020619;2018;4;11;3;3;5;2;0;1;1;0;0;0;0;0;802702,9722;5820777,281;13,45560082;52,4531184
4560;199542;11;11;11051331;2018;4;11;3;3;5;3;0;1;1;0;0;0;0;0;807570,1856;5825496,777;13,53135339;52,49269844
4561;199543;11;3;3040818;2018;4;7;2;3;5;3;0;0;1;0;0;0;1;1;799659,0321;5831842,867;13,42089987;52,55398164
4562;199544;11;4;4030620;2018;4;16;3;2;5;2;0;0;1;0;1;0;0;0;792944,408;5827496,909;13,3183168;52,51867516
4563;199545;11;11;11010310;2018;4;15;3;3;5;2;0;1;1;0;0;0;0;0;805791,7807;5833222,331;13,51234594;52,56293633
4564;199546;11;5;5010339;2018;4;8;4;3;0;1;0;0;1;0;1;0;0;0;785788,6375;5828530,264;13,21403501;52,5317374
4565;199547;11;4;4041136;2018;4;18;3;3;5;3;0;1;1;0;0;0;0;0;790680,1655;5822705,027;13,28085906;52,47692728
4566;199548;11;5;5010314;2018;4;17;5;3;5;2;0;0;1;0;0;0;0;1;783597,5892;5829149,64;13,18234984;52,53843529
4567;199549;11;11;11030720;2018;4;14;2;2;6;4;0;0;1;1;0;0;0;0;805203,1686;5828732,578;13,4995646;52,52302777
4568;199550;11;1;1011302;2018;4;14;2;3;1;5;0;0;0;0;1;0;1;0;798560,0031;5829062,142;13,40223893;52,52965999
4569;199551;11;8;8041038;2018;4;17;5;3;5;2;0;0;1;0;0;0;0;0;806240,1685;5816366,894;13,50345317;52,41162026
4570;199552;11;1;1011103;2018;4;12;2;3;2;6;0;1;1;0;0;0;0;0;795555,2237;5825769,258;13,35514858;52,50177948
4571;199553;11;7;7010101;2018;4;16;5;2;5;3;0;1;1;0;0;0;0;0;794928,2855;5825540,592;13,34573673;52,50006886
4572;199554;11;4;4030623;2018;4;12;2;2;1;5;0;1;1;0;0;1;0;0;793628,3991;5826412,318;13,32741131;52,50858448
4573;199555;11;12;12214125;2018;4;16;5;3;1;5;0;0;1;0;0;0;0;1;791133,5063;5833493,588;13,29696048;52,57340435
4574;199556;11;3;3020209;2018;4;10;2;3;5;7;0;0;1;0;0;1;0;0;798110,095;5834698,261;13,40068774;52,58042619
4575;199557;11;7;7040403;2018;4;10;2;3;2;6;0;0;1;0;0;0;0;0;797359,2488;5821992,666;13,37827874;52,46694625
4576;199558;11;2;2020206;2018;4;10;2;3;1;5;0;1;1;0;0;0;0;0;799849,5456;5824796,119;13,41734863;52,49071404
4577;199559;11;4;4030931;2018;4;10;2;2;5;2;0;0;1;0;0;0;1;0;793916,9165;5825886,112;13,33118563;52,50371194
4578;199560;11;1;1011101;2018;4;16;5;3;6;7;0;0;1;1;0;0;0;1;794883,1762;5826275,791;13,34572524;52,5066838
4579;199561;11;12;12231102;2018;4;9;2;3;5;3;0;0;1;0;0;0;0;1;789307,7353;5839353,05;13,27521531;52,62690821
4580;199562;11;5;5010102;2018;4;16;5;3;3;6;0;0;0;0;1;1;0;1;785207,8998;5831854,476;13,20835181;52,56184607
4581;199563;11;7;7050501;2018;4;15;5;3;6;4;0;0;1;1;0;0;0;1;797538,9464;5820275,475;13,3793857;52,45145557
4582;199564;11;3;3040818;2018;4;15;5;3;1;5;0;0;1;0;0;0;0;0;799307,5064;5833245,374;13,41699547;52,56674614
4583;199565;11;5;5020419;2018;4;8;2;2;5;2;0;0;1;0;1;0;0;1;781303,4218;5828384,65;13,14796586;52,53276514
4584;199566;11;1;1011201;2018;4;15;5;2;1;5;0;1;1;0;0;0;0;1;797268,314;5827316,659;13,38169372;52,51471967
4585;199567;11;8;8020619;2018;4;15;5;3;5;2;0;1;1;0;0;0;0;1;801252,6068;5821566,798;13,4350343;52,46099631
4586;199568;11;11;11010310;2018;4;15;5;3;5;3;1;1;1;0;0;0;0;1;806064,9113;5832705,548;13,51588612;52,55815138
4587;199569;11;5;5020417;2018;4;8;2;3;1;5;0;0;1;0;0;0;0;1;782132,7764;5827952,566;13,15979341;52,5284622
4588;199570;11;7;7050501;2018;4;15;5;3;0;2;0;0;1;0;1;0;0;1;797285,697;5819557,479;13,37503103;52,4451572
4589;199571;11;7;7030301;2018;4;8;2;3;5;2;0;1;0;0;0;0;1;0;794256,2796;5822035,744;13,33277164;52,4690125
4590;199572;11;9;9020501;2018;4;7;2;3;2;3;0;1;1;0;0;1;0;0;806523,7351;5822668,002;13,51338792;52,46793472
4591;199573;11;4;4051551;2018;4;14;5;3;5;2;0;0;1;0;0;0;0;0;792816,7902;5823227,981;13,31268799;52,48047408
4592;199574;11;11;11030721;2018;4;5;2;3;2;6;1;0;1;0;0;0;0;0;804806,584;5827474,586;13,49258485;52,51197483
4593;199575;11;5;5010206;2018;4;13;5;3;5;2;0;0;1;0;0;0;0;0;782364,7875;5830494,567;13,16536483;52,5511346
4594;199576;11;12;12301205;2018;4;18;2;3;0;1;0;1;0;0;0;0;0;0;791723,1774;5836836,76;13,30858073;52,60305895
4595;199577;11;1;1022204;2018;4;12;5;3;0;2;0;1;1;0;0;0;0;1;794548,4889;5828204,766;13,34251594;52,5241566
4596;199578;11;4;4030621;2018;4;12;5;2;0;6;0;0;1;0;1;0;0;1;793387,875;5827360,033;13,32471305;52,51720973
4597;199579;11;3;3030711;2018;4;15;2;3;0;1;0;0;0;0;1;0;0;0;801312,4179;5835363,527;13,44841101;52,58462517
4598;199580;11;11;11010103;2018;4;11;5;3;5;3;0;0;1;0;1;0;0;1;809162,7328;5834439,992;13,56305288;52,57194501
4599;199581;11;11;11051330;2018;4;12;2;3;0;1;0;1;0;0;0;0;0;0;807212,9318;5825536,284;13,52614434;52,49325368
4600;199582;11;3;3061228;2018;4;11;5;3;5;2;0;1;1;0;0;0;0;1;800191,135;5830951,57;13,42791883;52,54569971
4601;199583;11;4;4030620;2018;4;8;2;3;8;1;0;0;1;0;0;0;0;0;792676,5957;5827183,312;13,31410524;52,51600767
4602;199584;11;1;1022206;2018;4;11;2;3;2;6;0;0;1;0;0;0;1;0;795438,7446;5827603,422;13,35506567;52,51828438
4603;199585;11;1;1011302;2018;4;10;5;3;0;3;0;1;0;0;0;0;1;1;798323,8375;5828698,949;13,39844198;52,52653375
4604;199586;11;12;12301203;2018;4;20;2;3;5;3;2;0;1;0;0;0;1;0;793016,1491;5835691,936;13,326605;52,592101
4605;199587;11;8;8010118;2018;4;9;5;3;5;7;0;0;1;0;0;0;0;1;800594,8235;5822052,103;13,42581892;52,46570851
4606;199588;11;1;1022104;2018;4;17;1;2;0;7;0;0;1;1;0;0;0;0;794000,6547;5828878,708;13,3350603;52,53049377
4607;199589;11;1;1011301;2018;4;9;5;3;1;5;0;1;1;0;0;0;0;1;796674,6156;5829618,251;13,37502377;52,53567427