;OBJECTID;LAND;BEZ;LOR;UJAHR;UMONAT;USTUNDE;UWOCHENTAG;UKATEGORIE;UART;UTYP1;ULICHTVERH;IstRad;IstPKW;IstFuss;IstKrad;IstGkfz;IstSonstige;USTRZUSTAND;LINREFX;LINREFY;XGCSWGS84;YGCSWGS84
4608;199590;11;2;2030302;2018;4;15;1;3;1;5;0;1;1;0;0;0;0;0;800271,7265;5825840,235;13,42448915;52,49984081
4609;199591;11;1;1011102;2018;4;9;5;3;0;1;0;0;0;0;1;0;0;1;796574,9864;5827796,847;13,37193458;52,51940151
4610;199592;11;8;8010404;2018;4;18;1;3;6;4;0;0;1;1;0;0;0;0;801677,3731;5822570,862;13,44217496;52,46976164
4611;199593;11;7;7050501;2018;4;8;5;3;2;6;0;0;1;0;0;0;1;1;797569,9559;5819708,079;13,37933522;52,44635256
4612;199594;11;6;6040703;2018;4;20;1;3;0;7;1;1;1;0;0;0;0;0;786965,4953;5817355,463;13,2217181;52,43092861
4613;199595;11;3;3061126;2018;4;22;1;3;5;3;2;1;1;0;0;0;0;0;798967,7982;5831458,256;13,41038858;52,55091406
4614;199596;11;4;4030623;2018;4;8;5;3;6;4;0;0;1;1;0;0;0;0;793776,8966;5826063,308;13,32928504;52,50537583
4615;199597;11;2;2020206;2018;4;17;1;3;1;5;0;1;1;0;0;0;0;0;799334,9702;5824729,412;13,40973246;52,49039851
4616;199598;11;1;1033203;2018;4;8;5;3;3;6;0;1;0;0;0;1;0;0;796018,8228;5830324,452;13,36601258;52,54236126
4617;199599;11;10;10010310;2018;4;17;1;3;2;6;0;0;1;0;0;0;0;0;809864,4368;5831160,235;13,57031218;52,54215456
4618;199600;11;5;5030832;2018;4;8;5;3;5;3;0;1;1;0;0;0;0;1;789004,5494;5829788,275;13,26240682;52,54132018
4619;199601;11;8;8010301;2018;4;17;1;3;3;6;0;0;1;0;1;0;0;0;801037,8233;5824197,048;13,43425625;52,48469042
4620;199602;11;6;6010206;2018;4;8;5;3;5;3;0;0;1;0;0;0;1;0;794938,8309;5819450,031;13,34050636;52,44546498
4621;199603;11;12;12214424;2018;4;16;1;3;1;5;0;1;1;0;0;0;0;0;793041,194;5832662,938;13,32429603;52,56493423
4622;199604;11;3;3061131;2018;4;7;5;3;5;3;0;0;1;0;0;0;0;1;799208,4792;5831108,124;13,41361219;52,54764353
4623;199605;11;5;5010314;2018;4;16;1;3;5;3;0;1;1;0;0;0;0;0;784848,0349;5829024,458;13,2006297;52,53666071
4624;199606;11;6;6010209;2018;4;14;1;3;5;3;0;1;1;0;0;0;0;0;794649,8903;5820994,892;13,33763036;52,45946966
4625;199607;11;7;7040403;2018;4;7;5;3;5;3;0;1;1;0;0;0;0;0;797861,339;5821928,636;13,38559079;52,4660988
4626;199608;11;7;7030301;2018;4;13;1;3;5;7;0;1;1;0;0;0;0;0;793590,8389;5822281,66;13,32322011;52,47157507
4627;199609;11;10;10020622;2018;4;7;5;3;2;6;0;0;1;0;0;0;0;0;811295,2478;5828540,426;13,58888942;52,51786221
4628;199610;11;2;2050801;2018;4;11;1;3;5;2;0;1;1;0;0;0;0;0;802440,972;5827416,69;13,45778028;52,51277266
4629;199611;11;1;1044202;2018;4;6;5;3;1;5;0;1;1;0;0;0;0;1;794971,0305;5830224,799;13,3505186;52,54203619
4630;199612;11;8;8020620;2018;4;10;1;3;5;3;0;1;1;0;0;0;0;0;801434,8215;5820973,465;13,43717242;52,45557762
4631;199613;11;8;8041037;2018;4;0;5;3;0;7;2;0;1;0;0;0;0;0;805700,6292;5816977,182;13,49610281;52,41739159
4632;199614;11;1;1033203;2018;4;10;1;3;1;7;0;0;1;0;1;0;0;0;796401,8525;5830096,102;13,37144034;52,54010612
4633;199615;11;11;11010309;2018;4;9;1;3;5;3;0;1;1;0;0;0;0;0;805048,5561;5833513,355;13,50168313;52,56596148
4634;199616;11;1;1011301;2018;4;12;5;3;0;1;0;0;0;0;1;0;0;1;796916,7416;5828886,704;13,3779296;52,52898491
4635;199617;11;9;9051901;2018;4;0;1;3;2;6;2;0;1;0;1;0;0;0;810921,3228;5821553,792;13,57687927;52,45546495
4636;199618;11;3;3030711;2018;4;10;5;3;0;1;0;1;0;0;0;0;0;1;802511,9734;5836815,331;13,46738794;52,59697164
4637;199619;11;3;3071537;2018;4;12;1;3;5;2;0;1;0;0;1;0;0;0;799515,7545;5829059,706;13,41628378;52,52911387
4638;199620;11;4;4041134;2018;4;12;1;2;1;5;0;1;1;0;0;0;0;0;790399,44;5824197,308;13,27803736;52,49045515
4639;199621;11;2;2030301;2018;4;3;4;3;2;6;2;0;1;0;0;1;0;1;799949,6265;5825744,81;13,41967243;52,4991626
4640;199622;11;3;3061332;2018;4;14;1;3;2;7;0;0;1;0;0;0;0;0;799852,8288;5830831,348;13,42283634;52,54480842
4641;199623;11;2;2040503;2018;4;23;4;3;6;4;2;0;1;1;0;0;0;0;801882,6513;5828275,344;13,45035708;52,52077809
4642;199624;11;4;4010103;2018;4;14;1;3;2;6;0;0;1;0;0;0;0;0;791429,2065;5829182,429;13,29752683;52,53459747
4643;199625;11;12;12302108;2018;4;13;4;3;5;7;0;1;1;0;0;0;0;0;794875,5276;5836659,482;13,3548357;52,59976929
4644;199626;11;7;7020202;2018;4;7;4;2;0;7;0;1;1;0;0;0;0;1;794928,2435;5823220,948;13,34368312;52,47927479
4645;199627;11;6;6040805;2018;4;20;4;3;5;3;1;1;1;0;0;0;0;0;787766,4385;5817583,171;13,23366235;52,43254943
4646;199628;11;4;4030931;2018;4;17;4;3;1;5;0;0;1;0;0;0;1;0;793931,3113;5826015,336;13,33151118;52,50486262
4647;199629;11;12;12214528;2018;4;9;1;3;8;1;0;1;0;0;0;0;0;0;789532,7245;5836093,166;13,27567706;52,5975636
4648;199630;11;6;6020306;2018;4;15;4;3;2;2;0;0;1;0;0;0;1;0;796363,823;5816704,509;13,3589781;52,42008292
4649;199631;11;1;1011402;2018;4;1;1;3;0;1;2;1;0;0;0;0;0;0;798731,3337;5829568,32;13,40521196;52,53410329
4650;199632;11;10;10020414;2018;4;16;4;3;2;6;0;0;1;0;0;0;0;0;812226,7255;5830724,918;13,60462363;52,53690525
4651;199633;11;4;4030725;2018;4;17;4;3;2;6;0;0;1;0;0;0;1;0;791907,5871;5826260,651;13,30199538;52,50814832
4652;199634;11;8;8010301;2018;4;12;7;2;3;6;0;1;0;0;0;0;1;0;800790,4654;5825041,726;13,4313869;52,49239786
4653;199635;11;2;2030302;2018;4;17;4;3;6;4;0;0;1;1;0;0;0;0;800558,9246;5826145,176;13,42898248;52,50241598
4654;199636;11;11;11010102;2018;4;9;7;2;9;1;0;0;1;0;0;0;0;0;805916,4083;5834617,547;13,51546554;52,57537048
4655;199637;11;5;5020626;2018;4;17;4;3;2;7;0;0;1;0;0;0;0;0;784031,3084;5827417,988;13,18724795;52,5226832
4656;199638;11;5;5030731;2018;4;18;4;3;5;2;0;0;1;0;0;0;0;0;788027,9767;5829365,948;13,24768074;52,53805095
4657;199639;11;8;8010211;2018;4;19;7;3;1;5;1;1;1;0;0;0;0;0;800431,157;5823768,028;13,42496247;52,48117909
4658;199640;11;2;2010102;2018;4;18;4;3;5;2;0;1;1;0;0;0;0;0;798223,496;5825857,565;13,39442086;52,50111933
4659;199641;11;12;12214125;2018;4;19;7;3;2;6;1;0;1;0;0;0;0;0;789892,2563;5833677,588;13,27885689;52,57571647
4660;199642;11;2;2010102;2018;4;18;4;3;5;3;0;0;1;0;1;0;0;0;798547,4188;5826265,011;13,399544;52,50459442
4661;199643;11;4;4051551;2018;4;18;7;3;5;2;0;0;1;0;0;0;0;0;792824,7051;5823228,939;13,31280505;52,48047842
4662;199644;11;2;2010101;2018;4;16;4;3;5;3;0;1;1;0;0;0;0;0;797189,3414;5826406,876;13,379721;52,5066075
4663;199645;11;4;4051446;2018;4;17;7;3;0;1;0;0;0;0;1;0;0;0;792809,6512;5825231,586;13,31434371;52,49843966
4664;199646;11;6;6040701;2018;4;15;4;3;0;5;0;1;1;0;0;0;0;0;782212,183;5815278,741;13,15023826;52,41478025
4665;199647;11;4;4030931;2018;4;17;7;3;2;6;0;1;1;0;0;0;0;0;794120,2197;5826091,926;13,33435403;52,5054474
4666;199648;11;3;3040512;2018;4;15;4;3;2;7;0;0;1;0;0;0;0;0;796618,5254;5835779,854;13,37970756;52,5909365
4667;199649;11;12;12302212;2018;4;17;7;3;5;3;0;0;1;0;0;0;0;0;792827,2804;5837487,371;13,32541288;52,60829775
4668;199650;11;6;6030502;2018;4;17;7;3;5;3;0;1;0;0;1;0;0;0;789806,47;5815022,502;13,26136777;52,40851497
4669;199651;11;1;1033101;2018;4;17;7;3;6;4;0;0;1;1;0;0;0;0;796152,3563;5832262,349;13,36970431;52,55965995
4670;199652;11;1;1044202;2018;4;15;4;2;5;3;0;1;1;0;0;0;0;0;795249,6806;5830471,588;13,35483486;52,54409753
4671;199653;11;3;3051022;2018;4;13;4;3;5;3;0;0;1;0;0;0;0;0;803013,6649;5832020,464;13,47039035;52,5537175
4672;199654;11;2;2050803;2018;4;17;7;3;5;3;0;0;1;0;0;0;0;0;802753,7866;5826107,804;13,46118547;52,5008677
4673;199655;11;5;5020625;2018;4;14;4;3;2;6;0;0;1;0;0;0;0;0;783901,4297;5828517,552;13,18627773;52,5326097
4674;199656;11;8;8010510;2018;4;17;7;3;2;7;0;0;1;0;1;0;0;0;802664,0268;5823020,373;13,45706352;52,4732449
4675;199657;11;1;1011305;2018;4;14;4;3;0;1;0;0;0;0;1;0;0;1;799473,7759;5827328,537;13,41410817;52,51361967
4676;199658;11;12;12301205;2018;4;17;7;3;2;6;0;0;1;0;0;0;0;0;792603,9144;5837529,083;13,3221606;52,60879196
4677;199659;11;8;8010303;2018;4;13;4;3;6;4;0;0;1;1;0;0;0;0;801097,8142;5823805,882;13,43478374;52,48115121
4678;199660;11;12;12214125;2018;4;16;7;3;6;4;0;1;0;1;0;0;0;0;788330,4722;5832018,202;13,25443149;52,56166932
4679;199661;11;9;9041301;2018;4;12;4;3;5;3;0;0;1;0;0;0;0;0;812084,1263;5819047,093;13,59159549;52,43233881
4680;199662;11;3;3061434;2018;4;17;7;3;5;2;0;1;1;0;0;0;0;0;801208,7886;5829513,983;13,44157745;52,53225281
4681;199663;11;7;7040406;2018;4;11;4;2;2;6;0;0;0;0;0;1;1;1;799892,985;5821232,493;13,41478233;52,45874758
4682;199664;11;11;3061430;2018;4;16;7;2;2;3;0;0;1;0;0;0;1;0;802533,4185;5829303,326;13,46085433;52,52963114
4683;199665;11;10;10020519;2018;4;14;7;3;6;4;0;0;1;1;0;0;0;0;812292,2574;5830222,372;13,60511451;52,53236435
4684;199666;11;1;1011204;2018;4;22;4;3;5;3;2;0;1;0;0;0;0;0;797998,707;5826795,607;13,39195871;52,50965052
4685;199667;11;1;1044202;2018;4;22;7;3;1;5;2;0;1;0;0;0;0;0;795469,6096;5830688,96;13,3582619;52,54592685
4686;199668;11;4;4030828;2018;4;10;4;3;3;6;0;1;0;0;0;0;1;0;793298,9888;5826092,079;13,32228942;52,50589087
4687;199669;11;6;6010206;2018;4;20;7;3;6;2;2;0;1;1;0;0;0;0;795064,1444;5819623,927;13,34249838;52,44695625
4688;199670;11;1;1011301;2018;4;20;4;3;5;2;2;1;1;0;0;0;0;0;796985,4437;5828724,585;13,37879456;52,52749428
4689;199671;11;10;10010310;2018;4;15;7;3;2;6;0;0;1;0;0;0;0;0;809427,951;5831399,741;13,56411958;52,54454895
4690;199672;11;3;3061227;2018;4;10;4;3;0;2;0;1;0;0;0;0;1;0;799688,7842;5831264,852;13,42081568;52,54878432
4691;199673;11;12;12301204;2018;4;15;7;3;5;3;0;1;1;0;0;0;0;0;792631,4067;5835839,748;13,32107216;52,5936332
4692;199674;11;3;3030715;2018;4;10;4;3;5;2;0;0;1;0;0;0;0;0;800125,2121;5833865,197;13,42958436;52,57185157
4693;199675;11;2;2010102;2018;4;14;7;3;3;6;0;1;0;0;0;0;0;0;798293,5119;5826524,724;13,39604697;52,50706129
4694;199676;11;1;1044202;2018;4;10;4;3;2;2;0;0;1;0;0;0;1;0;794893,913;5830231,276;13,34939051;52,542136
4695;199677;11;9;9010202;2018;4;18;7;3;5;2;0;1;1;0;0;0;0;0;804101,373;5823590,301;13,47867961;52,47755474
4696;199678;11;2;2020203;2018;4;14;7;3;2;6;0;0;1;0;0;0;0;0;797106,152;5824355,236;13,37666889;52,48826202
4697;199679;11;5;5020628;2018;4;20;4;3;5;2;2;0;1;0;0;0;0;0;784744,7864;5826391,801;13,1968572;52,51311023
4698;199680;11;7;7040402;2018;4;13;7;3;5;3;0;1;1;0;0;0;0;0;796607,4843;5821404,9;13,36672243;52,46208609
4699;199681;11;4;4051655;2018;4;19;4;3;0;3;1;0;1;0;1;0;0;0;794027,5459;5823917,15;13,33107298;52,48600159
4700;199682;11;4;4061757;2018;4;13;7;3;0;3;0;1;0;0;0;0;0;0;788966,4586;5823638,433;13,25650614;52,48620507
4701;199683;11;3;3050920;2018;4;10;4;3;5;2;0;0;1;0;0;0;0;0;802410,4532;5832566,303;13,46201775;52,55894501
4702;199684;11;7;7020204;2018;4;17;1;3;0;1;0;1;0;0;0;0;0;0;796336,4176;5822988,182;13,36415057;52,47642595
4703;199685;11;3;3010102;2018;4;7;4;3;0;6;0;1;0;0;0;0;0;1;804461,2569;5841246,332;13,50015654;52,63559581
4704;199686;11;8;8020727;2018;4;19;4;3;2;2;0;0;1;0;1;0;0;0;800816,326;5816625,612;13,4241851;52,41694659
4705;199687;11;6;6010206;2018;4;13;7;3;0;1;0;1;0;0;0;0;0;0;794009,6711;5819354,035;13,32679018;52,44510483
4706;199688;11;11;11051331;2018;4;16;1;2;0;6;0;1;1;0;0;0;0;0;807246,921;5824241,444;13,52544977;52,48163
4707;199689;11;5;5030731;2018;4;18;4;2;5;2;0;0;1;0;0;0;0;0;788032,4551;5829371,214;13,24775115;52,5380958
4708;199690;11;1;1011204;2018;4;9;4;3;0;3;0;1;1;0;0;0;0;1;798136,2175;5826709,007;13,39390133;52,50879912
4709;199691;11;7;7060604;2018;4;15;1;2;8;1;0;0;1;0;0;0;0;0;797712,6436;5815421,81;13,37761323;52,40785265
4710;199692;11;11;11030619;2018;4;20;4;2;5;2;2;0;1;0;0;0;0;0;803558,6826;5829752,832;13,47633226;52,53308999
4711;199693;11;4;4020311;2018;4;13;7;3;5;3;0;1;1;0;0;0;0;0;788996,1714;5826983,533;13,25984557;52,51617933
4712;199694;11;7;7040401;2018;4;15;1;3;2;6;0;0;1;0;0;0;0;0;797817,2137;5822535,445;13,38548482;52,47156223
4713;199695;11;2;2020206;2018;4;19;4;2;6;4;0;0;1;1;0;0;0;0;800017,4987;5824454,564;13,41950741;52,48756025
4714;199696;11;7;7010102;2018;4;12;7;3;0;5;0;0;1;0;0;0;1;0;795085,1348;5825744,714;13,34822154;52,50181388
4715;199697;11;2;2040502;2018;4;12;7;3;5;3;0;0;1;0;0;0;1;0;800733,9765;5828102,992;13,43332268;52,51986795
4716;199698;11;7;7040402;2018;4;9;4;3;2;6;0;0;0;0;0;1;1;1;796817,5139;5821852,279;13,37020265;52,46598239
4717;199699;11;12;12103115;2018;4;12;7;3;2;6;0;0;1;0;0;0;0;0;795421,2043;5834089,861;13,36057784;52,57643902
4718;199700;11;4;4020311;2018;4;13;1;3;2;7;0;1;1;0;0;0;0;0;789060,4893;5827147,815;13,26093351;52,51761809
4719;199701;11;5;5010209;2018;4;8;4;3;5;2;0;0;1;0;0;0;0;1;781906,5599;5829568,241;13,15783821;52,54306612
4720;199702;11;1;1011102;2018;4;12;7;3;0;3;0;1;0;0;0;0;1;0;796259,4596;5827566,288;13,36709263;52,51750627
4721;199703;11;5;5010339;2018;4;13;1;2;0;7;0;1;0;0;0;0;0;0;787218,1608;5828340,002;13,23488693;52,52928019
4722;199704;11;12;12214125;2018;4;8;4;3;5;3;0;0;1;0;1;0;0;1;789560,1517;5833666,456;13,27396009;52,57579349
4723;199705;11;3;3061126;2018;4;13;1;3;2;6;0;0;1;0;1;0;0;0;798649,7667;5831794,216;13,40601425;52,55409991
4724;199706;11;2;2020204;2018;4;7;4;3;5;2;0;1;1;0;0;0;0;1;798009,8057;5825271,23;13,39075749;52,49598029
4725;199707;11;11;11040926;2018;4;11;7;2;6;4;0;0;1;1;0;0;0;0;805028,9092;5826674,875;13,49511799;52,50468315
4726;199708;11;10;10040931;2018;4;7;4;3;2;6;0;0;1;0;0;0;0;1;813005,7801;5828503,58;13,61398158;52,51655305
4727;199709;11;5;5010314;2018;4;11;7;3;5;2;0;0;1;0;1;0;0;0;783602,1812;5829148,827;13,18241667;52,53842561
4728;199710;11;9;9041501;2018;4;12;1;3;2;6;0;0;1;0;0;0;1;0;810744,7559;5820308,779;13,57313094;52,44440802
4729;199711;11;8;8020619;2018;4;7;4;3;5;2;0;1;1;0;0;0;0;1;801402,0438;5821118,67;13,43682257;52,45689721
4730;199712;11;1;1011102;2018;4;10;7;3;1;5;0;1;1;0;0;0;1;0;795303,262;5827365,218;13,35286335;52,51622245
4731;199713;11;4;4030725;2018;4;12;1;3;2;6;0;0;1;0;0;0;0;0;791894,0925;5826424,424;13,30194073;52,50962375
4732;199714;11;3;3040818;2018;4;7;4;3;5;3;0;0;1;0;0;0;0;0;799456,8829;5832364,949;13,41839818;52,55877244
4733;199715;11;4;4041344;2018;4;22;7;3;2;6;2;1;1;0;0;0;0;0;793331,8354;5822849,491;13,31991737;52,47680463
4734;199716;11;3;3040818;2018;4;11;1;3;5;3;0;1;1;0;0;0;0;0;799635,1471;5832787,939;13,42140183;52,56246578
4735;199717;11;2;2050801;2018;4;10;7;3;0;4;0;0;0;1;1;0;0;0;802674,257;5827365,968;13,4611613;52,51218864
4736;199718;11;10;10010308;2018;4;5;4;2;2;6;2;0;1;0;0;0;1;1;806361,8411;5830199,882;13,51794118;52,53552828
4737;199719;11;8;8020728;2018;4;10;7;3;5;3;0;0;1;0;0;0;0;0;802127,5547;5816767,964;13,44353538;52,41750033
4738;199720;11;6;6010101;2018;4;11;1;3;5;2;0;1;1;0;0;0;0;0;793517,502;5820625,588;13,32068702;52,45676835
4739;199721;11;8;8010510;2018;4;19;7;3;1;1;0;0;1;0;0;0;0;0;802174,5093;5822626,963;13,44952211;52,46998973
4740;199722;11;1;1011301;2018;4;5;4;3;0;1;1;1;0;0;0;0;0;1;797447,742;5828857,842;13,38570828;52,52843673
4741;199723;11;12;12214125;2018;4;7;7;3;5;2;0;0;1;0;1;0;0;0;792005,4964;5831639,981;13,30815954;52,55632026
4742;199724;11;5;5040935;2018;4;23;7;2;4;6;2;0;1;0;0;0;0;0;782902,7759;5821161,035;13,16534495;52,46716759
4743;199725;11;1;1033201;2018;4;20;7;3;5;7;1;0;1;0;1;0;0;0;797825,7446;5830769,902;13,39297756;52,54536951
4744;199726;11;1;1011202;2018;4;9;4;3;8;1;0;1;0;0;0;0;0;0;797175,8003;5827597,295;13,38058506;52,51728567
4745;199727;11;1;1033201;2018;4;19;7;3;5;3;0;1;1;0;0;0;0;0;797558,7095;5830953,987;13,38921624;52,5471655
4746;199728;11;9;9010401;2018;4;15;3;3;0;7;0;0;1;0;0;0;1;0;805815,7681;5819630,742;13,50021702;52,44111
4747;199729;11;9;9020802;2018;4;22;7;2;8;1;2;0;0;0;1;0;0;0;810054,3275;5819440,706;13,56219983;52,43702047
4748;199730;11;6;6030605;2018;4;19;7;3;5;3;1;0;1;0;0;0;1;0;791861,0542;5819163,951;13,29510087;52,44455188
4749;199731;11;2;2020202;2018;4;21;3;3;5;2;2;1;1;0;0;0;0;0;797943,0599;5825259,135;13,3897664;52,49590831
4750;199732;11;8;8041040;2018;4;6;7;3;0;7;0;0;1;0;1;0;0;0;806160,8149;5817095,129;13,50295624;52,41819149
4751;199733;11;8;8010404;2018;4;18;7;3;6;2;0;0;0;1;0;0;1;0;802479,902;5823167,747;13,45449462;52,47466781
4752;199734;11;3;3040614;2018;4;7;3;3;5;2;0;1;1;0;0;0;0;0;798626,4212;5834002,92;13,40765889;52,57391041
4753;199735;11;5;5030731;2018;4;0;7;2;1;5;2;0;1;0;0;1;0;0;787713,04;5829413,254;13,24309104;52,53864144
4754;199736;11;4;4030726;2018;4;17;7;2;2;6;0;0;1;0;0;0;0;0;792260,674;5825349,833;13,30638353;52,499794
4755;199737;11;3;3040508;2018;4;16;7;3;5;2;0;1;1;0;0;0;0;0;796183,329;5836501,197;13,37394716;52,59763966
4756;199738;11;1;1011301;2018;4;16;3;2;0;1;0;1;0;0;0;0;0;0;796956,5369;5828918,436;13,37854285;52,52924768
4757;199739;11;1;1011402;2018;4;9;6;3;1;7;0;1;1;0;0;0;0;0;798783,2025;5829102,392;13,40555559;52,52989848
4758;199740;11;9;9051702;2018;4;15;7;3;3;6;0;1;1;0;0;0;0;0;814203,744;5821478,211;13,62495659;52,45291082
4759;199741;11;1;1011302;2018;4;14;7;3;6;4;0;0;1;1;0;0;0;0;798666,9555;5828358,176;13,40317858;52,52329134
4760;199742;11;7;7020201;2018;4;17;3;3;5;3;0;0;1;0;0;0;0;0;794943,967;5824567,142;13,34510518;52,49133406
4761;199743;11;1;1022106;2018;4;16;6;3;6;7;0;0;1;1;0;0;0;0;793865,9451;5827904,179;13,33221892;52,5218303
4762;199744;11;12;12231101;2018;4;13;7;3;5;3;0;0;1;0;0;0;0;0;791620,8139;5839541,612;13,30945819;52,62736176
4763;199745;11;8;8020619;2018;4;17;3;3;2;6;0;0;1;0;0;0;0;0;801460,2276;5820941,708;13,43751652;52,45527897
4764;199746;11;4;4030726;2018;4;19;6;3;0;6;0;0;1;0;1;0;0;0;792272,4835;5825487,467;13,3066778;52,50102154
4765;199747;11;2;2030301;2018;4;13;7;3;5;2;0;1;1;0;0;0;0;0;800333,4946;5826231,414;13,42574914;52,50331309
4766;199748;11;2;2020203;2018;4;17;3;3;5;2;0;1;0;0;0;0;1;0;797749,362;5824034,295;13,38582718;52,48503473
4767;199749;11;8;8041037;2018;4;12;6;2;1;7;0;0;1;0;1;0;0;0;805855,472;5818360,685;13,49963739;52,42970485
4768;199750;11;4;4030827;2018;4;20;6;3;5;3;2;0;1;0;0;0;0;0;792413,4512;5826112,79;13,30929778;52,50655188
4769;199751;11;5;5010314;2018;4;13;7;3;6;7;0;0;1;1;0;0;0;0;785115,8817;5828998;13,20454536;52,53628342
4770;199752;11;10;10040932;2018;4;16;3;3;2;6;0;1;1;0;0;0;1;0;813005,0894;5827757,686;13,61326992;52,50986948
4771;199753;11;2;2040703;2018;4;12;6;3;0;7;0;1;0;0;0;0;0;0;801710,853;5826165,824;13,44592039;52,50196536
4772;199754;11;7;7040403;2018;4;12;7;3;5;2;0;0;1;0;0;0;0;0;796917,3822;5822287,039;13,3720553;52,46982535
4773;199755;11;8;8030830;2018;4;16;3;3;1;7;0;0;1;0;0;0;0;0;802424,9586;5817912,794;13,44893;52,42759743
4774;199756;11;11;11010308;2018;4;18;6;3;1;5;0;1;1;0;0;0;0;0;804856,7422;5834181,287;13,49947585;52,57205516
4775;199757;11;5;5040936;2018;4;9;7;3;5;3;0;1;1;0;0;0;0;0;781293,3965;5819444,056;13,14026959;52,45260288
4776;199758;11;1;1011303;2018;4;15;7;3;2;6;0;0;0;0;1;1;0;0;798948,3097;5827851,542;13,40685786;52,51859592
4777;199759;11;12;12301203;2018;4;16;3;3;5;2;0;0;1;0;0;0;0;0;793588,1416;5835208,457;13,33459616;52,58745849
4778;199760;11;7;7060604;2018;4;11;6;3;0;3;0;0;1;0;0;0;0;0;796120,7455;5815935,754;13,35473387;52,41332312
4779;199761;11;4;4031032;2018;4;16;7;3;1;5;0;0;1;0;1;0;0;0;791508,8198;5824896,743;13,29494247;52,49613424
4780;199762;11;10;10020517;2018;4;14;7;2;6;4;0;0;1;1;0;0;0;0;812875,8226;5830238,521;13,61370477;52,53217443
4781;199763;11;2;2030302;2018;4;16;3;3;5;2;0;1;0;0;0;0;1;0;800847,2866;5825833,614;13,43293646;52,49946446
4782;199764;11;8;8010301;2018;4;4;6;3;1;5;0;1;1;0;0;0;0;0;801371,27;5824502,61;13,43942815;52,4872453
4783;199765;11;9;9010401;2018;4;12;6;3;1;5;0;1;1;0;0;0;0;0;806110,947;5821091,955;13,50588503;52,45404093
4784;199766;11;5;5020627;2018;4;16;3;3;5;7;0;0;1;0;0;0;1;0;785169,9668;5828310,027;13,20475033;52,53008681
4785;199767;11;8;8010510;2018;4;8;6;3;5;3;0;0;1;0;0;1;0;0;802523,232;5821894,402;13,45397609;52,46323075
4786;199768;11;10;10040933;2018;4;15;7;2;6;4;0;0;1;1;0;0;0;0;812530,7436;5825057,095;13,60376944;52,48594104
4787;199769;11;8;8020620;2018;4;8;6;3;6;2;0;0;1;1;0;0;0;0;801142,5125;5820640,173;13,43258301;52,45275133
4788;199770;11;7;7050501;2018;4;16;3;3;5;2;0;0;1;0;1;0;1;0;797489,9163;5819275,767;13,3777761;52,44252086
4789;199771;11;3;3040818;2018;4;9;6;3;5;3;0;0;1;0;0;0;0;0;799744,3146;5831840,921;13,42215222;52,55391727
4790;199772;11;2;2010102;2018;4;16;7;2;5;3;0;1;1;0;0;0;0;0;798207,3671;5825854,907;13,39418157;52,50110432
4791;199773;11;10;10040931;2018;4;16;3;3;5;3;0;1;1;0;0;0;0;0;813857,1492;5829712,469;13,62762774;52,52689647
4792;199774;11;3;3061429;2018;4;9;6;3;5;2;0;1;1;0;0;0;0;0;801709,0895;5830082,132;13,4494464;52,53706845
4793;199775;11;8;8020727;2018;4;12;7;3;6;4;0;0;1;1;1;0;0;0;801512,336;5817640,85;13,43530314;52,42566359
4794;199776;11;3;3071536;2018;4;15;3;3;6;4;0;0;1;1;0;0;0;0;798917,1612;5829922,407;13,40826191;52,53717527
4795;199777;11;12;12214424;2018;4;13;7;3;2;2;0;0;1;0;0;0;0;0;792445,2017;5832859,325;13,31570147;52,56701523
4796;199778;11;4;4010103;2018;4;15;3;3;0;1;0;0;0;0;1;0;0;1;791189,0487;5829115,195;13,29393728;52,53412309
4797;199779;11;9;9010101;2018;4;15;3;3;5;3;0;0;1;0;0;0;0;0;801977,1156;5824892,023;13,44867638;52,49040089
4798;199780;11;8;8010117;2018;4;10;6;3;0;7;0;0;1;0;0;0;1;0;800533,0514;5823195,635;13,42594251;52,47599244
4799;199781;11;2;2050802;2018;4;12;7;3;5;2;0;0;1;0;0;0;1;0;802058,9916;5827162,339;13,45193778;52,51070456
4800;199782;11;9;9010401;2018;4;15;3;2;2;7;0;0;1;0;1;0;0;0;805807,6061;5819526,792;13,5000022;52,44018291
4801;199783;11;2;2020206;2018;4;10;6;3;5;7;0;0;1;0;1;0;0;0;800272,338;5824375,806;13,42317831;52,48671421
4802;199784;11;1;1044203;2018;4;15;3;3;5;2;0;1;1;0;0;0;0;0;796350,578;5831862,125;13,37226245;52,55596453
4803;199785;11;4;4030931;2018;4;9;6;3;1;4;0;1;1;1;0;0;0;0;793525,4625;5825829,816;13,32538537;52,50341801
4804;199786;11;5;5010314;2018;4;11;7;3;2;6;0;0;1;0;0;0;0;0;785278,8522;5829297,683;13,2071989;52,53888506
4805;199787;11;3;3051021;2018;4;14;3;3;2;7;0;0;0;0;1;0;1;1;802850,4376;5832504,653;13,46843195;52,55814794
4806;199788;11;6;6010206;2018;4;9;6;3;0;7;0;0;1;0;1;0;0;1;794689,203;5819957,403;13,33729169;52,45014791
4807;199789;11;3;3061131;2018;4;12;7;2;0;1;0;1;0;0;0;0;0;0;798388,5342;5830942,848;13,40140757;52,54661178