;OBJECTID;LAND;BEZ;LOR;UJAHR;UMONAT;USTUNDE;UWOCHENTAG;UKATEGORIE;UART;UTYP1;ULICHTVERH;IstRad;IstPKW;IstFuss;IstKrad;IstGkfz;IstSonstige;USTRZUSTAND;LINREFX;LINREFY;XGCSWGS84;YGCSWGS84
5008;199990;11;4;4051445;2018;5;8;2;3;2;6;0;1;0;0;0;0;0;0;792034,9482;5824055,696;13,30193327;52,48831311
5009;199991;11;8;8010214;2018;5;9;2;3;5;3;0;0;1;0;0;0;0;0;801472,8706;5822058,616;13,43871069;52,46528314
5010;199992;11;1;1011105;2018;5;7;2;3;5;3;0;1;1;0;0;0;0;0;796407,0668;5826804,923;13,36858342;52,51060118
5011;199993;11;1;1033102;2018;5;9;5;3;2;7;0;0;1;0;1;0;1;0;797344,4472;5831227,644;13,3863108;52,54973549
5012;199994;11;11;11041128;2018;5;9;5;3;5;2;0;1;1;0;0;0;0;0;806474,6741;5825556,585;13,51532306;52,49385061
5013;199995;11;5;5020523;2018;5;8;2;2;2;6;0;0;0;0;1;0;1;0;782644,2231;5826958,588;13,16646776;52,51928488
5014;199996;11;2;2020206;2018;5;9;2;3;2;6;0;0;1;0;0;0;1;0;799789,2255;5824488,533;13,41618617;52,48799012
5015;199997;11;4;4030620;2018;5;9;2;3;2;6;0;0;1;0;0;0;0;0;791743,0121;5827486,064;13,30065174;52,519222
5016;199998;11;6;6020410;2018;5;10;5;3;5;3;0;1;1;0;0;0;0;0;794480,3714;5816577,913;13,3312507;52,41996476
5017;199999;11;6;6010209;2018;5;9;2;3;5;2;0;1;1;0;0;0;0;0;794091,5279;5821506,634;13,32988695;52,46435798
5018;200000;11;6;6040810;2018;5;11;5;3;6;4;0;1;0;1;0;0;0;0;792574,7127;5821690,299;13,30778476;52,46681882
5019;200001;11;1;1011302;2018;5;12;5;2;0;1;0;1;0;0;0;0;0;0;798533,8045;5828995,119;13,40179369;52,52907357
5020;200002;11;2;2010103;2018;5;12;5;3;4;6;0;0;1;0;0;0;0;0;799345,7256;5826283,85;13,41128735;52,50432589
5021;200003;11;3;3020209;2018;5;10;2;3;5;3;0;0;1;0;0;0;0;0;797883,1435;5836023,267;13,39853941;52,59242725
5022;200004;11;6;6040810;2018;5;10;2;3;5;3;0;1;1;0;0;0;0;0;791979,3515;5821480,635;13,2988622;52,4652577
5023;200005;11;12;12302110;2018;5;15;5;3;6;4;0;0;1;1;0;0;0;0;795299,6664;5836227,428;13,36069452;52,59566617
5024;200006;11;1;1011203;2018;5;10;2;3;5;3;0;1;1;0;0;0;0;0;797761,7831;5827443,901;13,38905808;52,51559106
5025;200007;11;3;3020209;2018;5;15;5;3;5;3;0;0;1;0;0;0;0;0;797284,838;5834874,92;13,3887027;52,58246121
5026;200008;11;12;12231102;2018;5;10;2;3;0;3;0;0;1;0;0;0;1;0;789669,6389;5840022,539;13,28113387;52,63271723
5027;200009;11;6;NA;2018;5;15;5;3;2;6;0;1;1;0;0;0;0;0;781030,606;5812644,453;13,1307005;52,39176668
5028;200010;11;4;4030929;2018;5;13;5;3;1;5;0;1;1;0;0;0;0;0;792674,6715;5825893,419;13,31294269;52,50444521
5029;200011;11;6;6010101;2018;5;11;2;3;3;6;0;1;1;0;0;0;0;0;793385,4927;5820708,14;13,31882233;52,45757928
5030;200012;11;8;8010404;2018;5;0;4;3;3;6;2;1;1;0;0;0;0;0;802025,7871;5823501,107;13,44813086;52,47790704
5031;200013;11;1;1011303;2018;5;11;2;2;6;2;0;0;1;1;0;0;0;0;799053,8219;5828341,054;13,40884833;52,52292582
5032;200014;11;2;2020206;2018;5;13;5;3;1;5;0;1;1;0;0;0;0;0;800148,1573;5824417,079;13,42139214;52,48715244
5033;200015;11;9;9020802;2018;5;17;4;3;0;2;0;1;1;0;0;0;0;0;810478,0767;5820324,636;13,5692346;52,44470161
5034;200016;11;5;5030833;2018;5;12;2;3;0;2;0;0;1;0;1;0;0;0;789194,0657;5829303,301;13,26477139;52,53687173
5035;200017;11;1;1033201;2018;5;17;4;3;3;6;0;1;1;0;0;0;0;0;798061,9681;5830036,297;13,39579256;52,53866454
5036;200018;11;1;1011302;2018;5;12;2;3;5;7;0;0;1;0;0;0;1;0;798053,1769;5828928,901;13,39467029;52,52874301
5037;200019;11;1;1044203;2018;5;21;4;3;5;2;0;1;1;0;0;0;0;0;795524,8388;5831633,715;13,35991481;52,55436576
5038;200020;11;8;8010301;2018;5;22;4;3;1;5;2;1;1;0;0;0;0;0;800790,41;5824311,771;13,43072724;52,48585508
5039;200021;11;4;4020204;2018;5;11;4;3;5;2;0;0;1;0;0;0;0;0;787700,2828;5826423,084;13,24031638;52,51183978
5040;200022;11;7;7040402;2018;5;12;2;2;5;2;0;1;1;0;0;0;0;0;796146,0797;5820791,328;13,35940659;52,45683615
5041;200023;11;9;9020702;2018;5;13;4;3;3;6;0;1;0;0;0;0;1;0;809206,5856;5819559,981;13,54987908;52,43856929
5042;200024;11;6;6030609;2018;5;7;4;2;5;3;0;1;1;0;0;0;0;0;793159,4311;5818233,005;13,31333283;52,43551157
5043;200025;11;1;1011103;2018;5;12;2;3;0;1;0;1;0;0;0;0;0;0;795331,901;5826145,07;13,35220147;52,50526926
5044;200026;11;6;6030609;2018;5;12;2;2;0;1;0;0;0;0;1;0;0;0;793200,1366;5819800,813;13,31530555;52,44954479
5045;200027;11;7;7010104;2018;5;20;1;3;0;6;1;0;1;0;0;0;1;0;796533,2533;5824862,433;13,36870756;52,49312005
5046;200028;11;12;12103218;2018;5;8;4;3;2;6;0;0;1;0;0;0;0;0;794246,3291;5835450,283;13,34449821;52,58927065
5047;200029;11;11;11030619;2018;5;13;4;3;0;1;0;1;0;0;0;0;0;0;804048,9335;5829074,199;13,48291692;52,52673442
5048;200030;11;2;2020204;2018;5;11;4;3;5;3;0;0;1;0;1;0;0;0;798005,1125;5825276,524;13,3906933;52,49603031
5049;200031;11;9;9010202;2018;5;13;4;2;6;4;0;0;1;1;0;0;0;0;803898,9645;5823393,489;13,47552916;52,47590342
5050;200032;11;2;2040701;2018;5;16;1;3;1;5;0;1;1;0;0;0;1;0;800563,7414;5826972,639;13,42980027;52,50983014
5051;200033;11;2;2040701;2018;5;12;4;2;1;5;0;1;1;0;0;0;0;0;800698,5842;5827735,465;13,43247044;52,51659323
5052;200034;11;9;9020701;2018;5;17;1;3;5;3;0;0;1;0;0;0;0;0;807821,5082;5818861,92;13,52892464;52,43309443
5053;200035;11;6;6020408;2018;5;11;4;3;5;3;0;0;1;0;0;0;0;0;792971,2695;5816547,578;13,30909642;52,42050277
5054;200036;11;1;1033101;2018;5;12;4;3;5;3;0;0;1;0;0;0;0;0;797811,2492;5832688,898;13,39448591;52,56257867
5055;200037;11;12;12214125;2018;5;18;1;2;9;1;0;0;1;1;0;0;0;0;790939,8101;5833801,914;13,29438092;52,57627201
5056;200038;11;3;3061131;2018;5;13;4;3;6;4;0;1;0;1;0;0;0;0;799215,0812;5831107,591;13,41370878;52,54763513
5057;200039;11;2;2050803;2018;5;9;4;2;5;2;0;1;0;0;0;0;1;0;802557,8734;5825946,774;13,45816182;52,49953305
5058;200040;11;4;4031032;2018;5;14;1;3;2;6;0;0;1;0;0;0;0;0;791826,5517;5825188,019;13,29986465;52,49857569
5059;200041;11;1;1022106;2018;5;13;4;3;5;2;0;1;1;0;0;0;0;0;793697,715;5828017,175;13,32984633;52,5229339
5060;200042;11;1;1033101;2018;5;12;4;3;2;6;0;0;1;0;0;0;0;0;796870,5406;5833047,735;13,38097013;52,56630894
5061;200043;11;1;1011203;2018;5;10;4;2;5;7;0;0;1;0;1;0;0;0;797868,0924;5827065,885;13,39028172;52,51214456
5062;200044;11;7;7010104;2018;5;13;1;3;5;3;0;1;1;0;0;0;0;0;796031,9301;5825348,454;13,36177694;52,49774893
5063;200045;11;4;4051549;2018;5;13;4;3;2;2;0;0;1;0;0;0;0;0;793320,1825;5823612,598;13,32041762;52,48365188
5064;200046;11;7;7030301;2018;5;10;4;2;6;2;0;0;1;1;0;0;0;0;793978,5438;5821552,66;13,3282692;52,46483138
5065;200047;11;2;2030302;2018;5;17;4;3;1;5;0;1;1;0;0;0;1;0;800295,9307;5825830,94;13,42483626;52,49974416
5066;200048;11;1;1011305;2018;5;13;1;3;3;6;0;0;1;0;1;0;0;0;799244,6152;5826945,493;13,4103969;52,51031202
5067;200049;11;8;8041037;2018;5;12;1;2;5;3;0;1;1;0;0;0;0;0;805306,3538;5817681,46;13,49096595;52,42392388
5068;200050;11;4;4030827;2018;5;16;4;3;2;6;0;0;1;0;0;0;0;0;792744,8174;5826614,606;13,31460743;52,51087279
5069;200051;11;5;5010101;2018;5;11;1;3;2;7;0;0;1;0;0;0;0;0;784043,0706;5832441,275;13,19171683;52,56771625
5070;200052;11;1;1011306;2018;5;9;4;3;5;3;0;1;1;0;0;0;0;0;799658,1075;5826843,046;13,41637924;52,50916676
5071;200053;11;11;11010103;2018;5;16;4;2;6;4;0;0;0;1;1;0;0;0;808654,186;5834206,067;13,55535516;52,57013725
5072;200054;11;9;9051901;2018;5;18;1;3;2;6;0;0;1;0;1;0;0;0;809963,4022;5821625,842;13,56289383;52,45665468
5073;200055;11;3;3050919;2018;5;9;4;3;0;6;0;1;1;0;0;0;0;0;801407,0845;5832034,804;13,44677914;52,55473745
5074;200056;11;3;3061131;2018;5;9;4;2;5;2;0;0;1;0;1;0;0;0;799203,1134;5831108,559;13,41353369;52,54765038
5075;200057;11;10;10010311;2018;5;16;4;2;6;4;0;0;1;1;0;0;0;0;809986,2242;5831626,957;13,57253778;52,54626781
5076;200058;11;2;2010103;2018;5;18;1;2;5;3;0;1;1;0;0;0;0;0;799343,1558;5826192,384;13,41116737;52,50350744
5077;200059;11;7;7010104;2018;5;22;4;3;5;7;2;1;1;0;0;0;0;0;796421,8754;5824862,313;13,36707175;52,49317947
5078;200060;11;4;4010102;2018;5;16;4;3;0;3;0;0;0;0;1;1;0;0;793324,6774;5829770,982;13,32591137;52,53885675
5079;200061;11;4;4030417;2018;5;19;1;3;0;1;0;1;1;0;0;0;0;0;791710,0776;5826842,765;13,2996037;52,51347254
5080;200062;11;8;8010404;2018;5;21;4;3;5;3;1;0;1;0;0;0;0;0;802274,6964;5822862,539;13,45120598;52,4720458
5081;200063;11;1;1011305;2018;5;8;4;3;5;3;0;1;1;0;0;0;0;0;798793,3742;5827153,482;13,40395441;52,5124237
5082;200064;11;7;7010104;2018;5;16;4;3;6;7;0;0;0;1;1;0;0;0;796172,2509;5825305,142;13,36379942;52,49728454
5083;200065;11;7;7050501;2018;5;10;1;3;5;7;0;0;1;0;0;0;0;0;797654,5268;5819168,632;13,38009535;52,44147092
5084;200066;11;1;1011306;2018;5;7;4;3;0;7;0;1;1;0;0;0;0;0;800100,3101;5826454,476;13,42252508;52,50544078
5085;200067;11;6;6030503;2018;5;5;4;3;5;3;0;0;1;0;0;0;0;0;790634,1315;5817849,993;13,27595728;52,43342548
5086;200068;11;11;11041128;2018;5;16;4;2;5;3;0;0;1;0;1;0;0;0;806669,9414;5825622,298;13,51825072;52,49432988
5087;200069;11;2;2040502;2018;5;10;1;3;0;2;0;0;1;0;1;0;0;0;800477,1122;5828449,07;13,42986101;52,52311154
5088;200070;11;6;6020408;2018;5;9;1;3;5;3;0;0;1;0;0;0;0;0;792717,2505;5816241,979;13,30510436;52,41789902
5089;200071;11;2;2010102;2018;5;16;4;3;5;2;0;1;0;0;0;0;1;0;797914,6923;5826462,359;13,39042619;52,50670925
5090;200072;11;10;10040933;2018;5;17;1;3;5;3;0;0;1;0;0;0;0;0;812574,1662;5824267,566;13,60366664;52,47884106
5091;200073;11;7;7040403;2018;5;20;4;3;2;6;2;0;1;0;0;0;0;0;797049,1814;5822178,134;13,37389291;52,46877747
5092;200074;11;2;2030301;2018;5;16;4;3;0;3;0;0;1;0;0;0;1;0;800214,0629;5826110,321;13,42388571;52,50229341
5093;200075;11;5;5010314;2018;5;7;1;3;0;1;0;0;0;0;1;0;0;0;784722,7024;5828824,314;13,19861534;52,53493172
5094;200076;11;7;7010104;2018;5;15;4;3;1;5;0;1;1;0;0;0;0;0;796328,6236;5824309,269;13,36521041;52,48827256
5095;200077;11;8;8010404;2018;5;19;4;3;0;3;0;0;1;0;0;0;1;0;801891,0771;5823323,415;13,44599253;52,47638885
5096;200078;11;2;2030302;2018;5;15;4;3;6;4;0;0;1;1;0;0;0;0;800588,0528;5826193,378;13,42945383;52,50283199
5097;200079;11;4;4020311;2018;5;15;4;2;3;6;0;1;1;0;0;0;0;0;789679,9943;5826476,827;13,26945373;52,51127383
5098;200080;11;3;3020307;2018;5;16;1;3;0;2;0;1;1;0;0;0;0;0;800113,2948;5838393,205;13,43351155;52,61244336
5099;200081;11;4;4030931;2018;5;17;4;2;6;7;0;0;1;1;0;0;0;0;793850,5465;5826060,316;13,33036438;52,50530935
5100;200082;11;1;1033102;2018;5;15;4;3;5;2;0;1;1;0;0;0;0;0;797169,9353;5831904,501;13,38435051;52,55589791
5101;200083;11;10;10020412;2018;5;15;4;2;6;4;0;0;1;1;0;0;0;0;811316,0313;5831730,984;13,59218263;52,54644181
5102;200084;11;4;4041344;2018;5;17;4;3;5;2;0;1;1;0;0;0;0;0;793355,7152;5822851,219;13,32026948;52,4768073
5103;200085;11;8;8040933;2018;5;15;4;3;5;2;0;0;1;0;0;0;0;0;803015,092;5819369,315;13,45890292;52,44032582
5104;200086;11;1;1022207;2018;5;6;1;3;5;3;0;1;1;0;0;0;0;0;794413,5852;5827591,995;13,33999086;52,51873636
5105;200087;11;3;3071633;2018;5;8;4;3;5;2;0;1;1;0;0;0;0;0;800098,6161;5830648,006;13,42628432;52,54302975
5106;200088;11;12;12103115;2018;5;7;3;3;3;6;0;0;1;0;1;0;0;0;795348,9731;5833865,718;13,35931536;52,57446899
5107;200089;11;4;4041135;2018;5;15;1;3;5;2;0;1;1;0;0;0;0;0;789456,1128;5823264,846;13,26337271;52,48259636
5108;200090;11;4;4020311;2018;5;2;1;3;1;5;2;0;1;0;0;0;0;0;788710,2081;5827391,919;13,25599749;52,51999212
5109;200091;11;1;1011101;2018;5;17;3;3;5;3;0;1;0;0;0;0;0;0;795250,1594;5826488,436;13,35130518;52,50839152
5110;200092;11;3;3061434;2018;5;15;1;3;5;2;0;1;1;0;0;0;0;0;801219,1864;5829503,087;13,4417204;52,5321494
5111;200093;11;10;10010308;2018;5;16;4;2;2;6;0;0;0;0;1;0;1;0;806562,6676;5828342,761;13,51918063;52,51877153
5112;200094;11;10;10010205;2018;5;12;3;3;6;7;0;1;0;1;0;0;0;0;810502,8915;5832381,156;13,58083774;52,55273227
5113;200095;11;12;12304314;2018;5;14;1;2;5;2;0;1;1;0;0;0;0;0;790235,154;5835864,487;13,28581824;52,59513906
5114;200096;11;1;1011201;2018;5;8;4;3;0;6;0;0;1;0;0;0;1;0;797077,7595;5826535,001;13,37819616;52,50781677
5115;200097;11;9;9030901;2018;5;17;3;3;3;6;0;1;1;0;0;0;0;0;808249,1236;5817084,776;13,53355714;52,41692662
5116;200098;11;8;8020620;2018;5;16;4;3;5;2;0;1;1;0;0;0;0;0;801179,898;5820596,623;13,43309224;52,45234039
5117;200099;11;7;7030301;2018;5;15;3;3;6;7;0;0;1;1;0;0;0;0;794099,4312;5821780,857;13,33024463;52,46681201
5118;200100;11;1;1044103;2018;5;23;7;3;5;2;2;1;1;0;0;0;0;0;794561,2321;5830702,415;13,34491695;52,54653936
5119;200101;11;6;6010205;2018;5;19;3;3;6;4;0;1;0;1;0;0;0;0;794864,9256;5820041,883;13,33994454;52,45081048
5120;200102;11;6;6030608;2018;5;12;7;3;0;2;0;1;1;0;0;0;0;0;790986,3057;5816638,7;13,28006905;52,42237876
5121;200103;11;2;2050801;2018;5;15;4;3;0;1;0;1;0;0;0;0;0;0;803052,2703;5826998,517;13,46637995;52,50868536
5122;200104;11;2;2020204;2018;5;22;3;3;5;3;2;1;1;0;0;0;0;0;798436,1385;5824774,294;13,39657369;52,49129294
5123;200105;11;1;1011301;2018;5;18;7;3;3;6;0;1;1;0;0;0;0;0;796990,4931;5828154,064;13,37835926;52,52237744
5124;200106;11;1;1011305;2018;5;1;4;3;0;1;2;0;0;0;1;0;0;1;799641,8578;5827023,032;13,41630256;52,51078898
5125;200107;11;3;2040501;2018;5;20;3;3;1;5;0;0;1;0;1;0;0;0;800120,0311;5828971,873;13,42508555;52,52799426
5126;200108;11;5;5030731;2018;5;18;7;3;2;6;0;0;1;0;0;0;0;0;788001,0455;5829367,367;13,24728599;52,53807791
5127;200109;11;3;3030406;2018;5;16;4;2;3;6;0;1;0;0;0;0;1;0;803324,0578;5839193,779;13,4815206;52,61783621
5128;200110;11;2;2020203;2018;5;17;7;3;5;2;0;1;1;0;0;0;0;0;797089,4859;5824711,393;13,37674169;52,49146368
5129;200111;11;7;7040401;2018;5;19;3;3;5;2;0;1;1;0;0;0;0;0;797675,6114;5822545,107;13,38341492;52,47172602
5130;200112;11;8;8041036;2018;5;16;7;3;5;3;0;1;1;0;0;0;0;0;805191,1713;5816493,155;13,48819358;52,41333769
5131;200113;11;9;9051901;2018;5;16;4;3;5;3;0;1;0;0;0;0;0;0;811380,0187;5821572,846;13,58362577;52,4553746
5132;200114;11;1;1011303;2018;5;16;4;3;2;6;0;0;1;0;0;0;1;0;799434,4177;5828875,158;13,41492216;52,52750437
5133;200115;11;5;5010209;2018;5;18;3;3;5;2;0;1;0;0;0;0;1;0;783249,3202;5830274,426;13,17818775;52,54870151
5134;200116;11;9;9051801;2018;5;15;7;3;5;2;0;1;1;0;0;0;0;0;818441,9236;5820574,57;13,68625454;52,44236184
5135;200117;11;12;12214125;2018;5;16;4;3;2;7;0;0;1;0;0;0;0;0;791408,9114;5832808,784;13,30041114;52,56711787
5136;200118;11;1;1022202;2018;5;14;4;3;5;2;0;1;1;0;0;0;0;0;795669,1504;5829732,446;13,36034465;52,53724432
5137;200119;11;4;4051551;2018;5;18;3;3;5;2;0;1;1;0;0;0;0;0;793337,7428;5823073,184;13,32020087;52,47880679
5138;200120;11;3;3050923;2018;5;14;7;3;5;2;0;1;1;0;0;0;0;0;801153,0515;5831614,529;13,44266232;52,55111102
5139;200121;11;3;3020209;2018;5;18;3;3;5;2;0;1;0;0;0;0;1;0;797324,3361;5835290,716;13,38965699;52,58616668
5140;200122;11;7;7010104;2018;5;12;7;3;5;2;0;1;1;0;0;0;0;0;796146,5556;5824951,377;13,36310751;52,4941273
5141;200123;11;1;1033102;2018;5;14;4;3;3;6;0;1;0;0;0;0;0;0;797121,8072;5831767,346;13,38351994;52,55469475
5142;200124;11;2;2050802;2018;5;18;3;3;5;3;0;1;1;0;0;0;0;0;802079,539;5827361,516;13,45242041;52,51247841
5143;200125;11;1;1022203;2018;5;13;7;3;2;7;0;0;1;0;0;0;0;0;794731,8889;5828878,003;13,34580811;52,53009258
5144;200126;11;1;1033102;2018;5;14;4;3;5;3;0;0;1;0;0;0;0;0;797173,9787;5831915,726;13,38442002;52,55599633
5145;200127;11;12;12231102;2018;5;17;3;3;1;5;0;0;1;0;1;0;0;0;790366,6397;5840194,019;13,2915544;52,63388231
5146;200128;11;4;4010102;2018;5;18;7;3;3;6;0;0;1;0;0;0;0;0;791863,4076;5830685,297;13,3052304;52,54783795
5147;200129;11;7;7010104;2018;5;14;4;3;5;3;0;0;1;0;1;0;0;0;796207,4653;5825333,801;13,36434212;52,49752234
5148;200130;11;2;2030302;2018;5;2;4;1;0;7;2;0;0;1;0;0;1;0;800686,4324;5825818,188;13,43056008;52,49941485
5149;200131;11;1;1011202;2018;5;17;3;3;5;3;0;1;1;0;0;0;0;0;797147,7552;5827759,982;13,38031828;52,51875925
5150;200132;11;2;2040703;2018;5;16;7;3;6;4;0;0;1;1;0;0;0;0;801949,1109;5826799,694;13,44999463;52,50751499
5151;200133;11;9;9020702;2018;5;10;3;3;6;7;0;0;1;1;0;0;0;0;808987,0904;5819408,436;13,54652024;52,43733519
5152;200134;11;8;8010301;2018;5;23;3;3;4;1;2;1;0;0;0;0;0;0;801005,3224;5824946,961;13,43445637;52,49143002
5153;200135;11;4;4061757;2018;5;20;3;2;0;1;1;1;0;0;0;0;0;0;784980,6851;5822821,968;13,1972696;52,48097974
5154;200136;11;3;3030406;2018;5;15;7;3;5;3;0;0;1;0;0;0;0;0;802744,8176;5839065,005;13,47287303;52,61700507
5155;200137;11;1;1011302;2018;5;20;3;3;2;6;2;1;1;0;0;0;0;0;798279,6122;5828816,728;13,39789767;52,52761368
5156;200138;11;3;3030406;2018;5;12;3;3;5;2;0;0;0;0;1;0;1;0;803406,9377;5838355,146;13,48197191;52,6102737
5157;200139;11;1;1033201;2018;5;18;7;2;3;5;0;0;1;0;0;0;1;0;798315,0054;5830430,157;13,39986602;52,5420565
5158;200140;11;4;4051655;2018;5;18;3;3;5;2;0;1;1;0;0;0;0;0;793946,5903;5823412,393;13,32943909;52,48152027
5159;200141;11;1;1011303;2018;5;10;3;3;5;2;0;1;1;0;0;0;0;0;799098,3247;5828459,795;13,40960909;52,52396575
5160;200142;11;8;8020625;2018;5;16;7;3;0;2;0;0;1;0;0;0;1;0;802265,7814;5818953,358;13,44753668;52,43701218
5161;200143;11;9;9051901;2018;5;20;7;2;0;1;1;1;0;0;0;0;0;0;810396,8045;5821293,762;13,56894315;52,45343274
5162;200144;11;1;1011302;2018;5;17;3;3;6;4;0;0;1;1;0;0;0;0;798685,038;5828346,946;13,40343423;52,52318078
5163;200145;11;4;4020204;2018;5;10;3;3;2;2;0;0;1;0;0;0;1;0;787118,2867;5826182,166;13,23155614;52,50998647
5164;200146;11;1;1011204;2018;5;14;7;2;3;1;0;0;1;0;1;0;0;0;798615,614;5827004,862;13,40120943;52,51118886
5165;200147;11;7;7050502;2018;5;17;3;3;1;5;0;0;0;0;1;1;0;0;797079,6839;5818209,782;13,3708109;52,43318828
5166;200148;11;5;5010101;2018;5;10;3;3;1;5;0;1;1;0;0;0;0;0;784569,1757;5832356,583;13,19938543;52,56668214
5167;200149;11;5;5030833;2018;5;14;7;3;9;1;0;0;1;0;0;0;0;0;788463,73;5829054,094;13,25381705;52,53502458
5168;200150;11;3;3050919;2018;5;16;3;3;6;4;0;0;0;1;1;0;0;0;801336,2612;5832461,311;13,44612486;52,55859943
5169;200151;11;5;5010207;2018;5;16;3;3;5;2;0;1;0;0;0;0;1;0;783578,4006;5830213,647;13,18297603;52,54798534
5170;200152;11;5;5010313;2018;5;10;3;3;1;5;0;1;1;0;0;0;0;0;784777,023;5830016,618;13,20043604;52,5455935
5171;200153;11;1;3071536;2018;5;15;7;2;5;3;0;1;1;0;0;0;0;0;799081,8404;5829023,217;13,40987361;52,52902504
5172;200154;11;1;1033101;2018;5;16;3;2;6;4;0;0;1;1;0;0;0;0;796754,1725;5832485,064;13,37875506;52,5613287
5173;200155;11;12;12103117;2018;5;15;3;3;5;3;0;1;1;0;0;0;0;0;796328,998;5832488,937;13,37250474;52,56159496
5174;200156;11;1;1033203;2018;5;7;3;3;2;2;0;0;0;0;1;1;0;0;796270,68;5830396,806;13,36978004;52,54287296
5175;200157;11;3;3061227;2018;5;17;7;3;5;3;0;0;1;0;0;0;0;0;799883,26;5831730,351;13,42409558;52,55284972
5176;200158;11;8;8020727;2018;5;11;7;3;7;7;0;1;0;0;0;0;0;0;800661,2593;5815984,107;13,42133565;52,41128164
5177;200159;11;9;9020802;2018;5;7;3;3;5;2;0;1;1;0;0;0;0;0;810070,343;5819470,465;13,56246228;52,43727808
5178;200160;11;4;4030415;2018;5;23;7;3;6;4;2;0;1;1;0;0;0;0;791041,721;5827423,183;13,29029036;52,51903301
5179;200161;11;2;2050802;2018;5;15;3;2;6;4;0;1;0;1;0;0;0;0;802066,4719;5827364,185;13,45223086;52,51250957
5180;200162;11;8;8010115;2018;5;21;7;2;3;6;2;1;0;0;0;0;0;0;799833,9366;5823659,607;13,4160971;52,48053549
5181;200163;11;2;2050801;2018;5;7;3;3;5;2;0;1;1;0;0;0;0;0;802250,8754;5827509,249;13,45507166;52,51370763
5182;200164;11;12;12214424;2018;5;12;7;3;5;7;0;0;1;0;1;0;0;0;793310,2519;5832607,335;13,32820494;52,56429089
5183;200165;11;9;9020501;2018;5;14;3;3;6;4;0;0;1;1;0;0;0;0;806121,3335;5822346,905;13,50718815;52,46528252
5184;200166;11;9;9030901;2018;5;7;3;3;5;2;0;0;1;0;1;0;0;0;807606,5691;5817742,916;13,52474383;52,42318653
5185;200167;11;8;8020727;2018;5;8;7;2;5;3;0;0;1;0;0;0;0;0;800309,711;5816740,967;13,41686175;52,41825878
5186;200168;11;1;1044203;2018;5;13;3;3;2;6;0;0;1;0;0;0;0;0;795446,1707;5831557,913;13,3586904;52,55372894
5187;200169;11;1;1022101;2018;5;7;3;3;6;4;0;0;1;1;0;0;0;0;792726,6205;5828648,133;13,3161296;52,52911242
5188;200170;11;1;1033201;2018;5;13;3;2;3;6;0;0;1;0;0;0;1;0;797464,9901;5831118,049;13,38798516;52,54868729
5189;200171;11;1;1011301;2018;5;6;3;3;5;3;0;1;1;0;0;0;0;0;796964,2009;5828807,451;13,37855636;52,52824865
5190;200172;11;2;2040701;2018;5;10;3;3;5;2;0;1;1;0;0;0;0;0;800374,2547;5827890,765;13,42784537;52,51816396
5191;200173;11;8;8040933;2018;5;9;7;3;5;3;0;1;1;0;0;0;0;0;803025,5369;5819371,873;13,45905843;52,44034296
5192;200174;11;7;7040404;2018;5;11;3;2;2;6;0;0;1;0;0;0;0;0;797291,9543;5820642,391;13,37608845;52,454879
5193;200175;11;7;7070701;2018;5;4;3;2;5;2;1;1;0;0;0;0;1;0;799749,4151;5814502,541;13,40664372;52,3985013
5194;200176;11;1;1011306;2018;5;10;7;3;2;2;0;0;0;0;1;0;1;0;799983,798;5826928,117;13,42124044;52,50975029
5195;200177;11;2;2020206;2018;5;9;3;3;0;2;0;1;0;0;0;1;0;0;799067,2669;5824568,402;13,40565689;52,489102
5196;200178;11;9;9020802;2018;5;10;7;3;2;6;0;0;1;0;1;0;0;0;810527,3399;5820015,445;13,56966977;52,44190276
5197;200179;11;1;1011101;2018;4;23;2;3;8;1;2;0;1;0;0;0;0;0;795061,6116;5826311,07;13,34837791;52,50690357
5198;200180;11;2;2040701;2018;5;9;3;3;5;3;0;0;1;0;0;0;0;0;800470,3825;5827601,587;13,42899665;52,51551902
5199;200181;11;10;10010206;2018;5;11;7;2;5;3;0;1;1;0;0;0;0;0;809510,9975;5832444,466;13,56631398;52,55386414
5200;200182;11;2;2040703;2018;4;20;2;2;5;2;1;1;1;0;0;0;0;0;801759,6367;5826240,48;13,44670455;52,50260754
5201;200183;11;1;1022204;2018;5;9;3;3;5;3;0;1;1;0;0;0;0;0;795076,2176;5828272,262;13,35033176;52,5244763
5202;200184;11;4;4051446;2018;4;10;2;3;1;5;0;1;1;0;0;0;0;0;793052,5287;5824689,709;13,31743459;52,49345155
5203;200185;11;1;1011204;2018;5;9;3;3;5;3;0;0;1;0;0;0;0;0;797992,1609;5826786,048;13,39185399;52,50956841
5204;200186;11;7;7010102;2018;5;11;7;3;2;6;0;0;1;0;0;0;0;0;795073,4019;5825801,843;13,34809981;52,50233234
5205;200187;11;7;7060601;2018;5;8;3;3;6;2;0;0;1;1;0;0;0;0;796893,4585;5816456,603;13,3665236;52,41757357
5206;200188;11;11;11020412;2018;5;8;3;3;1;5;0;0;1;0;0;0;1;0;805061,5019;5831251,207;13,49979467;52,54568005
5207;200189;11;5;5010206;2018;5;12;7;3;1;5;0;1;1;0;0;0;0;0;782220,4534;5830248,251;13,1630324;52,54900085