;OBJECTID;LAND;BEZ;LOR;UJAHR;UMONAT;USTUNDE;UWOCHENTAG;UKATEGORIE;UART;UTYP1;ULICHTVERH;IstRad;IstPKW;IstFuss;IstKrad;IstGkfz;IstSonstige;USTRZUSTAND;LINREFX;LINREFY;XGCSWGS84;YGCSWGS84
5208;200190;11;11;11030720;2018;4;10;2;3;5;3;0;1;1;0;0;0;0;0;804919,5305;5829938,668;13,49650304;52,53399598
5209;200191;11;3;3061227;2018;5;8;3;3;5;3;0;1;0;0;0;0;1;0;800154,6246;5831467,114;13,42784799;52,55034078
5210;200192;11;7;7010102;2018;4;10;2;3;1;5;0;1;1;0;0;0;0;0;794994,6299;5825226,689;13,34643323;52,49721907
5211;200193;11;2;2030302;2018;5;8;3;3;2;6;0;1;0;0;0;0;0;0;801293,4573;5825987,583;13,43962858;52,50059837
5212;200194;11;6;6010206;2018;5;12;7;3;3;6;0;0;1;0;1;0;0;0;794730,688;5820068,532;13,33799844;52,45112176
5213;200195;11;9;9041501;2018;5;8;3;2;6;4;0;0;0;1;0;0;1;0;811177,8944;5820243,122;13,57942207;52,44357332
5214;200196;11;6;6030503;2018;5;12;7;3;5;3;0;0;1;0;0;0;0;0;788371,558;5817743,815;13,24267704;52,43367104
5215;200197;11;10;10020517;2018;4;8;2;3;6;4;0;0;1;1;0;0;0;0;813245,4791;5831041,248;13,61989308;52,53915531
5216;200198;11;5;5020627;2018;5;8;3;3;2;6;0;0;1;0;0;0;0;0;785379,5153;5828158,13;13,20770061;52,52861525
5217;200199;11;1;1011402;2018;5;4;7;2;0;1;2;1;0;0;0;0;0;0;798744,2935;5829594,622;13,4054261;52,53433194
5218;200200;11;9;9020502;2018;5;11;3;3;6;4;0;0;1;1;0;0;0;0;806808,324;5821999,758;13,51694987;52,46178598
5219;200201;11;12;12231102;2018;5;16;6;3;6;2;0;0;1;1;0;0;0;0;790379,1678;5840129,039;13,29168189;52,63329309
5220;200202;11;2;2010102;2018;4;22;2;3;3;6;2;0;1;0;1;0;1;0;798493,7313;5825554,679;13,39811866;52,4982566
5221;200203;11;5;5020625;2018;4;0;2;3;6;2;2;0;1;1;0;0;0;0;784707,0981;5828611,59;13,19820368;52,53303259
5222;200204;11;4;4020310;2018;5;9;3;3;5;7;0;0;1;0;0;0;1;0;790215,7536;5827301,557;13,27804548;52,51838283
5223;200205;11;6;6040701;2018;5;20;6;3;1;5;0;1;1;0;0;0;0;0;781972,5105;5815177,694;13,1466385;52,41399771
5224;200206;11;8;8010214;2018;4;14;2;3;5;2;0;0;1;0;0;0;0;0;801718,9878;5822128,851;13,44238605;52,46577682
5225;200207;11;8;8010404;2018;5;11;3;3;1;7;0;0;1;0;0;0;1;0;801633,1877;5823016,044;13,44192899;52,4737763
5226;200208;11;11;11020515;2018;5;21;6;3;0;3;1;1;0;0;0;0;0;0;803561,5561;5830184,887;13,47676911;52,53696076
5227;200209;11;5;5010101;2018;5;19;6;3;5;3;1;1;0;0;0;0;0;0;784403,2607;5831926,524;13,19657548;52,56291295
5228;200210;11;12;12214125;2018;4;19;2;2;5;2;0;1;0;0;0;1;0;0;791169,5225;5834030,56;13,29796201;52,57819892
5229;200211;11;7;7050506;2018;5;12;3;3;1;5;0;1;1;0;0;0;0;0;798560,7372;5817135,597;13,39157278;52,42275308
5230;200212;11;7;7070704;2018;5;7;6;3;5;2;0;1;1;0;0;0;0;0;800080,9093;5814039,369;13,41108658;52,39416805
5231;200213;11;5;5030832;2018;4;19;2;3;1;5;0;0;0;0;1;0;1;0;789633,76;5829816,71;13,27168357;52,54124101
5232;200214;11;1;1022206;2018;5;15;6;3;5;7;0;1;1;0;0;0;0;0;796288,5;5828494,613;13,36834631;52,52581202
5233;200215;11;4;4041241;2018;4;20;2;2;6;4;0;0;1;1;0;0;0;0;791870,467;5822392,237;13,29806148;52,47348833
5234;200216;11;4;4051445;2018;5;12;3;3;5;2;0;0;1;0;1;0;0;0;792205,493;5824059,893;13,30444153;52,48825948
5235;200217;11;11;11010204;2018;5;17;6;3;5;3;0;1;1;0;0;0;0;0;806766,3471;5833891,721;13,52729712;52,56838723
5236;200218;11;6;6040810;2018;4;18;2;3;5;2;0;1;1;0;0;0;0;0;790236,1716;5820072,567;13,27205056;52,4535628
5237;200219;11;12;12214527;2018;5;12;3;3;5;3;0;0;1;0;0;0;0;0;790060,1461;5834533,642;13,28207655;52,58330151
5238;200220;11;10;10010204;2018;5;17;6;3;5;3;0;0;1;0;0;0;0;0;809332,5596;5832723,994;13,56395097;52,55647052
5239;200221;11;9;9041601;2018;4;17;2;2;5;2;0;1;1;0;0;0;0;0;816871,002;5817224,302;13,66004595;52,41325411
5240;200222;11;12;12103218;2018;4;17;2;2;5;2;0;1;1;0;0;0;0;0;795189,6517;5833241,296;13,35641539;52,56895806
5241;200223;11;3;3040818;2018;5;12;3;3;5;3;0;1;1;0;0;0;0;0;799479,5134;5831859,319;13,41827481;52,55422784
5242;200224;11;5;5020629;2018;5;16;6;3;2;2;0;0;1;0;0;0;0;0;783804,264;5826290,891;13,18294897;52,51269566
5243;200225;11;4;4030930;2018;4;17;2;3;3;6;0;0;1;0;0;0;1;0;793002,889;5825553,18;13,3174651;52,50121893
5244;200226;11;3;3040614;2018;4;17;2;2;0;2;0;1;1;0;0;0;0;0;799981,5696;5835109,049;13,42859671;52,58307966
5245;200227;11;9;9030901;2018;5;13;3;3;5;3;0;1;1;0;0;0;0;0;807581,9205;5815424,887;13,52225267;52,40242553
5246;200228;11;4;4030518;2018;5;16;6;2;6;4;0;0;1;1;0;0;0;0;791588,508;5827991,63;13,29882435;52,52383696
5247;200229;11;3;3061227;2018;5;16;6;3;6;4;0;0;1;1;0;0;0;0;799954,8755;5831077,257;13,42455873;52,5469564
5248;200230;11;1;1011301;2018;4;17;2;3;3;6;0;1;0;0;0;0;0;0;797603,3105;5828407,631;13,38759182;52,52431624
5249;200231;11;10;10020413;2018;5;13;3;3;5;3;0;1;1;0;0;0;0;0;811696,1391;5830640,891;13,59674729;52,53645598
5250;200232;11;4;4030620;2018;5;14;6;3;5;2;0;0;1;0;1;0;0;0;791860,1312;5827451,052;13,30234221;52,51884545
5251;200233;11;6;6020409;2018;4;16;2;3;2;2;0;1;1;0;0;0;0;0;793245,8651;5816859,949;13,31339662;52,42315605
5252;200234;11;6;6030609;2018;5;14;3;3;2;6;0;0;1;0;0;0;0;0;793225,1795;5819387,811;13,31531047;52,4458289
5253;200235;11;1;1011303;2018;5;14;6;3;5;3;0;0;1;0;0;0;1;0;799498,019;5828344,449;13,41537892;52,52271245
5254;200236;11;6;6040807;2018;4;16;2;2;2;7;0;0;1;0;0;0;0;0;789844,0773;5818757,175;13,26515529;52,44197791
5255;200237;11;1;1044201;2018;4;16;2;3;2;6;0;0;1;0;0;0;0;0;796488,6483;5831645,488;13,37409956;52,55394747
5256;200238;11;9;9030901;2018;5;14;3;2;2;7;0;0;1;0;0;0;1;0;809670,1348;5815676,567;13,55308266;52,4035043
5257;200239;11;9;9041401;2018;5;14;6;3;5;3;0;0;1;0;1;0;0;0;811994,495;5820680,396;13,59180595;52,44702664
5258;200240;11;8;8041038;2018;5;14;3;3;5;7;0;0;1;0;0;0;0;0;805462,7468;5816561,013;13,49223601;52,41379441
5259;200241;11;11;11030721;2018;5;14;6;3;5;3;0;1;1;0;0;0;0;0;803671,0188;5828632,269;13,47695988;52,52298416
5260;200242;11;1;1011103;2018;4;16;2;3;5;3;0;1;1;0;0;0;0;0;795384,6563;5826004,616;13,35285186;52,50398164
5261;200243;11;9;9020801;2018;4;15;2;3;2;6;0;0;1;0;0;0;0;0;809766,1635;5820692,886;13,55913501;52,44840554
5262;200244;11;4;4030415;2018;5;15;3;3;5;3;0;0;1;0;0;0;1;0;790926,208;5827403,898;13,28857589;52,51892177
5263;200245;11;4;4030931;2018;5;14;6;3;3;6;0;1;1;0;0;0;0;0;793884,9475;5825512,248;13,33038604;52,50037766
5264;200246;11;12;12302110;2018;4;15;2;3;2;6;0;0;1;0;0;0;0;0;795152,4503;5836346,854;13,35863387;52,59681663
5265;200247;11;10;10010203;2018;4;15;2;3;5;7;0;0;1;0;0;0;0;0;806954,9775;5832580,524;13,5288586;52,55652997
5266;200248;11;12;12214424;2018;5;15;3;3;6;4;0;0;1;1;0;0;0;0;793300,496;5832565,027;13,32802402;52,56391688
5267;200249;11;7;7050503;2018;5;14;6;3;0;7;0;0;0;0;0;0;1;0;798250,7871;5819909,828;13,38950323;52,44779005
5268;200250;11;1;1011203;2018;5;11;6;3;5;2;0;1;1;0;0;0;0;0;797899,8732;5827470,934;13,39111126;52,51575797
5269;200251;11;2;2030301;2018;5;15;3;3;2;5;0;1;1;0;0;0;1;0;799853,1434;5825826,081;13,41832854;52,49994409
5270;200252;11;1;1011203;2018;5;17;6;3;3;6;0;1;1;0;0;0;0;0;797558,0156;5827315,342;13,38594911;52,51454989
5271;200253;11;1;1022101;2018;4;15;2;3;2;6;0;0;1;0;0;0;0;0;793002,4191;5828298,437;13,31987542;52,52582938
5272;200254;11;6;6020410;2018;5;16;3;2;0;6;0;0;1;0;0;0;1;0;794146,9906;5817470,818;13,32714763;52,42814864
5273;200255;11;11;11030720;2018;5;15;6;2;5;2;0;1;1;0;0;0;0;0;804945,7444;5829098,581;13,49611774;52,52645208
5274;200256;11;1;1033203;2018;4;14;2;3;5;7;0;1;1;0;0;0;0;0;796509,4539;5829904,65;13,37285141;52,53833142
5275;200257;11;11;11020412;2018;5;16;3;3;5;2;0;1;1;0;0;0;0;0;805694,0334;5831384,14;13,50921576;52,5465169
5276;200258;11;6;6030504;2018;4;14;2;3;6;4;0;0;1;1;0;0;0;0;790200,3056;5815173,845;13,26727256;52,4096632
5277;200259;11;1;1011102;2018;5;17;3;3;0;2;0;1;1;0;0;0;0;0;796510,913;5827616,735;13,3708325;52,51782183
5278;200260;11;8;8041040;2018;5;16;3;2;5;3;0;1;1;0;0;0;0;0;806337,1411;5816452,01;13,50495231;52,41232886
5279;200261;11;1;1022206;2018;5;19;6;2;6;2;0;0;1;1;0;0;0;0;796288,935;5828296,268;13,36817598;52,52403382
5280;200262;11;7;7020203;2018;4;14;2;3;1;5;0;1;1;0;0;0;0;0;795364,0138;5824040,139;13,35080684;52,48638274
5281;200263;11;1;1011102;2018;5;17;3;3;0;1;0;0;0;0;0;0;1;0;796484,297;5827516,353;13,37035194;52,51693647
5282;200264;11;8;8010301;2018;5;13;6;3;3;6;0;0;1;0;1;0;0;0;801074,3135;5824916,277;13,43544173;52,49111695
5283;200265;11;1;1044201;2018;5;22;3;3;5;5;2;0;1;0;0;0;0;0;796118,1498;5831191,647;13,3682461;52,55008081
5284;200266;11;9;9051901;2018;4;14;2;2;5;2;0;0;1;0;1;0;0;0;811596,4118;5821153,36;13,58640869;52,45149208
5285;200267;11;10;10010101;2018;5;16;2;3;5;3;0;0;1;0;0;0;0;0;808476,5377;5833800,253;13,55236491;52,56660116
5286;200268;11;6;6040701;2018;5;13;6;3;5;2;0;1;1;0;0;0;0;0;784619,957;5816691,862;13,18674716;52,42620401
5287;200269;11;6;6020410;2018;5;13;6;3;5;3;0;0;1;0;1;0;0;0;794715,0587;5816703,157;13,33480211;52,42096118
5288;200270;11;5;5030730;2018;5;7;2;3;5;2;0;1;1;0;0;0;0;0;785851,9013;5829243,559;13,21557864;52,53809948
5289;200271;11;12;12231101;2018;5;12;6;3;5;3;0;1;1;0;0;0;0;0;791815,222;5837953,4;13,31092068;52,61301976
5290;200272;11;9;9010402;2018;4;13;2;2;5;3;0;0;1;0;0;0;0;0;806640,0665;5820421,734;13,51303204;52,44773761
5291;200273;11;9;9051702;2018;5;10;2;3;0;2;0;1;1;0;0;0;0;0;814202,8751;5821345,882;13,62481936;52,45172553
5292;200274;11;2;2030402;2018;5;12;6;3;5;3;0;1;0;0;0;0;0;0;801075,3214;5825680,588;13,43614725;52,4979671
5293;200275;11;8;8041036;2018;4;14;2;3;0;1;0;1;0;0;0;0;0;0;804066,51;5816940,349;13,47211516;52,41797171
5294;200276;11;1;1011203;2018;5;20;2;3;5;3;1;0;1;0;0;0;0;0;797851,0503;5827166,159;13,39012109;52,5130527
5295;200277;11;4;4051445;2018;4;13;2;3;0;4;0;0;1;1;0;0;0;0;791958,8369;5824415,923;13,30113113;52,49158321
5296;200278;11;2;2010103;2018;5;17;2;2;5;7;0;1;1;0;0;0;0;0;799713,9887;5825788,905;13,41625126;52,49968731
5297;200279;11;2;2020206;2018;5;11;6;3;5;2;0;1;1;0;0;0;0;0;799075,3501;5824614,956;13,40581736;52,48951487
5298;200280;11;9;9020701;2018;5;16;2;3;2;7;0;0;1;0;1;0;0;0;808895,4763;5818363,831;13,5442118;52,42802518
5299;200281;11;9;9051702;2018;5;11;6;3;5;2;0;0;1;0;0;0;1;0;815405,4821;5821894,508;13,64297593;52,45594914
5300;200282;11;11;11030619;2018;4;13;2;3;6;2;0;0;0;1;0;0;1;0;803548,4835;5829724,227;13,47615623;52,53283929
5301;200283;11;1;1033202;2018;5;8;2;3;5;2;0;1;1;0;0;0;0;0;797531,8367;5829427,892;13,38745447;52,53350064
5302;200284;11;1;1044102;2018;5;11;6;3;5;7;0;0;1;0;0;0;0;0;795001,2522;5831542,58;13,35213354;52,55383266
5303;200285;11;12;12214422;2018;5;0;2;3;5;3;2;0;1;0;0;1;0;0;792285,0435;5833928,419;13,31428753;52,57668524
5304;200286;11;3;3030711;2018;5;11;6;3;5;3;0;0;1;0;0;0;0;0;802503,6726;5836816,117;13,46726648;52,5969833
5305;200287;11;10;10010206;2018;4;13;2;3;6;4;0;0;1;1;0;0;0;0;809369,2867;5831846,604;13,56367347;52,54858686
5306;200288;11;8;8010211;2018;4;12;2;3;1;5;0;1;1;0;0;0;1;0;800354,2929;5824282,663;13,42429771;52,48583426
5307;200289;11;3;3030711;2018;5;17;2;3;4;6;0;1;0;0;0;0;0;0;801119,232;5836034,51;13,44617806;52,59074613
5308;200290;11;1;1044201;2018;5;14;6;3;5;3;0;1;1;0;0;0;0;0;796485,0612;5831282,231;13,37372242;52,55069323
5309;200291;11;1;1044103;2018;4;12;2;3;5;3;0;1;1;0;0;0;0;0;794915,8293;5830563,368;13,35000758;52,54510108
5310;200292;11;12;12302108;2018;5;20;6;3;1;5;0;0;0;0;1;0;1;0;794061,6406;5836729,545;13,34291574;52,6008381
5311;200293;11;10;10030724;2018;4;12;2;3;3;6;0;1;1;0;0;0;0;0;809317,8497;5829224,395;13,56047671;52,5251168
5312;200294;11;1;1011204;2018;5;17;2;3;5;3;0;1;1;0;0;0;0;0;798570,2537;5826874,036;13,40042566;52,51004102
5313;200295;11;1;1011303;2018;5;20;6;3;5;7;0;0;1;0;1;0;0;0;798889,4033;5827911,348;13,40604603;52,51916428
5314;200296;11;4;4030931;2018;4;12;2;3;0;7;0;1;0;0;0;0;1;0;793673,3112;5825799,796;13,32753084;52,50306933
5315;200297;11;1;1022106;2018;4;12;2;3;0;2;0;1;0;0;0;0;1;0;794568,6749;5828329,813;13,34292337;52,52526665
5316;200298;11;4;4031032;2018;5;17;2;3;5;3;0;1;1;0;0;0;0;0;791181,4333;5824995,936;13,29022033;52,49719827
5317;200299;11;12;12214527;2018;5;10;6;3;5;2;0;1;1;0;0;0;0;0;789991,5798;5835723,894;13,28210927;52,5940086
5318;200300;11;9;9051801;2018;5;17;2;3;5;7;0;0;1;0;1;0;0;0;820793,7635;5820295,148;13,72046943;52,43848386
5319;200301;11;12;12214125;2018;5;20;6;2;6;4;1;0;1;1;0;0;0;0;790966,8582;5833770,169;13,29475108;52,57597297
5320;200302;11;3;3061126;2018;4;12;2;3;5;2;0;1;1;0;0;0;0;0;798990,6002;5831816,739;13,4110467;52,55411479
5321;200303;11;3;3061227;2018;5;16;2;3;3;6;0;1;0;0;0;1;0;0;800246,2684;5831622,309;13,42933585;52,55168132
5322;200304;11;2;2010102;2018;5;20;6;3;6;4;0;1;0;1;0;0;0;0;798032,1896;5826481,389;13,39216928;52,50681566
5323;200305;11;7;7030303;2018;4;10;2;3;2;6;0;0;1;0;1;0;0;0;796076,7424;5822847,81;13,36021375;52,47530845
5324;200306;11;1;1011201;2018;5;16;2;3;5;2;0;1;1;0;0;0;0;0;797904,1184;5826567,306;13,39036478;52,50765574
5325;200307;11;9;9041301;2018;5;10;6;3;1;5;0;1;1;0;0;0;0;0;811828,1596;5818291,716;13,58713836;52,42571548
5326;200308;11;2;2010102;2018;4;19;1;3;2;6;0;0;1;0;0;0;0;0;798326,9151;5825573,096;13,39568509;52,4985129
5327;200309;11;2;2010101;2018;4;18;1;2;0;1;0;0;1;0;1;0;0;0;797859,4728;5825643,409;13,38888243;52,49939849
5328;200310;11;3;3050924;2018;5;9;6;3;4;6;0;1;1;0;0;0;0;0;801647,2924;5831633,408;13,44994672;52,55100676
5329;200311;11;11;11040926;2018;4;18;1;2;6;7;0;0;1;1;0;0;0;0;805075,1786;5826834,806;13,49594411;52,50609067
5330;200312;11;9;9020701;2018;4;18;1;3;2;6;0;0;1;0;0;0;0;0;808992,047;5818092,538;13,54537701;52,42553933
5331;200313;11;5;5010206;2018;5;7;5;3;5;3;0;1;1;0;0;0;0;0;781771,711;5829983,135;13,156207;52,54685602
5332;200314;11;5;5020417;2018;5;10;2;2;5;3;0;0;1;0;1;0;0;0;781901,2156;5829209,336;13,15745505;52,53985079
5333;200315;11;11;11030721;2018;5;7;5;3;5;2;0;1;1;0;0;0;0;0;803790,9027;5827652,332;13,47782661;52,51413451
5334;200316;11;5;5040936;2018;5;10;2;2;5;2;0;0;1;0;1;0;0;0;780599,992;5820606,56;13,13106956;52,46338333
5335;200317;11;4;4041343;2018;5;7;5;3;5;3;0;1;1;0;0;0;0;0;792758,5205;5822308,982;13,31102567;52,47226671
5336;200318;11;10;10010308;2018;5;7;2;2;5;2;0;0;0;0;0;0;1;0;806700,1065;5829146,285;13,52194074;52,52589557
5337;200319;11;4;4051655;2018;5;11;2;3;1;5;0;0;1;0;1;0;0;0;794148,8112;5823925,315;13,33286089;52,48600947
5338;200320;11;8;8020621;2018;5;6;5;3;2;6;0;0;1;0;1;0;0;0;800186,3712;5820493,702;13,41842322;52,45196434
5339;200321;11;3;3030405;2018;5;11;2;3;4;6;0;0;1;0;0;0;0;0;803965,2387;5839736,753;13,4914613;52,62234429
5340;200322;11;10;NA;2018;5;7;2;2;2;6;0;0;1;0;0;0;0;0;810977,568;5832054,562;13,58751039;52,54953478
5341;200323;11;10;10010308;2018;5;6;2;2;3;6;0;0;1;0;0;1;0;0;806555,6274;5828739,72;13,51944302;52,52233311
5342;200324;11;2;2050802;2018;5;6;5;3;5;5;0;0;1;0;0;0;0;0;802067,897;5826906,471;13,4518364;52,50840628
5343;200325;11;12;12103117;2018;5;19;2;3;5;3;0;0;1;0;0;0;0;0;796021,5759;5832723,071;13,36819177;52,56386096
5344;200326;11;1;1011204;2018;5;4;5;3;1;1;2;1;0;0;0;1;0;0;797826,034;5827041,417;13,38964191;52,5119482
5345;200327;11;2;2010104;2018;5;19;2;3;5;2;1;1;1;0;0;0;0;0;799075,5619;5825614,256;13,40671755;52,49847209
5346;200328;11;7;7050506;2018;5;12;5;3;5;3;0;0;1;0;1;0;0;0;798826,0313;5817339,363;13,39564458;52,4244348
5347;200329;11;11;11040925;2018;5;20;5;3;0;3;0;0;1;0;1;0;0;0;803670,2512;5826661,467;13,47515014;52,50532083
5348;200330;11;4;4030724;2018;5;19;2;3;9;1;0;0;1;0;1;0;0;0;791047,7453;5826348,86;13,28943921;52,50939854
5349;200331;11;10;10010308;2018;5;13;5;3;2;6;0;0;1;0;0;0;0;0;806514,9362;5829428,772;13,51948025;52,52853139
5350;200332;11;2;2030302;2018;5;18;2;2;5;2;0;0;1;0;0;0;1;0;800418,1292;5825786,483;13,4265909;52,49927843
5351;200333;11;5;5010314;2018;5;13;5;3;5;2;0;0;1;0;0;0;1;0;784832,5116;5829007,031;13,20038651;52,53651257
5352;200334;11;2;2040703;2018;5;11;5;3;5;2;0;0;1;0;0;1;0;0;801348,5022;5826459,448;13,44086406;52,50479739
5353;200335;11;8;8020619;2018;5;18;2;3;5;2;0;0;1;0;1;0;0;0;801277,649;5821476,753;13,4353205;52,46017541
5354;200336;11;11;11030618;2018;5;11;5;3;2;2;0;0;1;0;0;0;0;0;802431,5624;5828911,973;13,45900144;52,52618
5355;200337;11;5;5020524;2018;5;7;5;3;5;2;0;1;1;0;0;0;0;0;782987,967;5825960,096;13,17067109;52,51015378
5356;200338;11;4;4051448;2018;5;18;2;3;5;2;1;1;1;0;0;0;0;0;793479,1578;5824951,558;13,32393121;52,4955697
5357;200339;11;11;11010309;2018;5;5;5;2;5;3;1;1;1;0;0;0;0;0;804827,7085;5833261,105;13,49820319;52,56382442
5358;200340;11;7;7030303;2018;5;18;2;3;5;3;0;0;1;0;1;0;0;0;795545,4291;5822681,005;13,35226602;52,47410093
5359;200341;11;5;5030832;2018;5;7;5;2;6;4;0;0;1;1;0;0;0;0;789090,1267;5830601,968;13,26437339;52,54856972
5360;200342;11;1;1033203;2018;5;18;2;3;3;6;0;0;1;0;1;0;1;0;796737,1314;5831177,157;13,37733525;52,5496141
5361;200343;11;3;3061332;2018;5;19;5;3;5;2;0;1;1;0;0;0;0;0;799358,9788;5830705,507;13,41546216;52,54395202
5362;200344;11;1;1011105;2018;5;18;5;3;5;2;0;1;1;0;0;0;0;0;795772,0005;5826685,542;13,3591469;52,50987573
5363;200345;11;6;6030504;2018;5;17;2;3;5;3;0;1;1;0;0;0;0;0;790375,3336;5816668,815;13,27113564;52,4229733
5364;200346;11;10;10030726;2018;5;18;5;3;2;6;0;0;1;0;0;0;0;0;809523,8687;5827199,841;13,56162045;52,50685654
5365;200347;11;9;9010302;2018;5;18;2;3;5;3;0;1;1;0;0;0;0;0;804938,19;5820711,406;13,48833247;52,45128569
5366;200348;11;8;8020727;2018;5;17;5;3;2;6;0;0;1;0;0;0;0;0;801232,8273;5817173,948;13,43078445;52,4216325
5367;200349;11;4;4030620;2018;5;16;2;3;6;4;0;0;1;1;0;0;0;0;792322,8503;5827226,432;13,30894489;52,51658395
5368;200350;11;7;7030301;2018;5;17;5;3;0;3;0;1;0;0;0;0;1;0;793988,1526;5821553,401;13,32841088;52,46483285
5369;200351;11;4;4051446;2018;5;17;5;3;5;3;0;1;1;0;0;0;0;0;792568,2319;5824666,604;13,31030129;52,49350422
5370;200352;11;1;1011103;2018;5;17;2;2;5;2;0;1;1;0;0;0;0;0;795397,7951;5825831,038;13,35289088;52,50241853
5371;200353;11;1;1033102;2018;5;17;2;3;2;6;0;0;1;0;0;0;0;0;797153,7821;5831896,646;13,38410591;52,55583632
5372;200354;11;3;3020210;2018;5;16;5;3;5;3;0;1;1;0;0;0;0;0;799307,3072;5836003,397;13,41948277;52,59146732
5373;200355;11;2;2050804;2018;5;17;2;3;2;6;0;0;1;0;0;0;0;0;803126,6268;5825698,269;13,46628855;52,49699011
5374;200356;11;12;12302110;2018;5;18;2;2;6;4;0;0;0;1;0;0;1;0;795349,0268;5836375,796;13,36155346;52,59696934
5375;200357;11;1;1022102;2018;5;16;5;3;5;7;0;0;1;0;1;0;0;0;793557,5977;5828923,551;13,32858727;52,53113455
5376;200358;11;4;4051656;2018;5;16;2;3;5;3;0;0;1;0;0;0;0;0;793616,6523;5823082,72;13,32430427;52,47874239
5377;200359;11;1;1011202;2018;5;16;5;3;6;4;0;1;1;1;0;0;0;0;797679,3521;5827945,696;13,3882959;52,52013404
5378;200360;11;11;11030721;2018;5;16;2;3;1;5;0;0;1;0;0;0;0;0;804470,5479;5827852,192;13,48799398;52,51554682
5379;200361;11;7;7030302;2018;5;16;5;3;1;5;0;1;1;0;0;0;0;0;794743,4634;5822673,424;13,34048626;52,47446631
5380;200362;11;11;11030721;2018;5;16;2;3;6;4;0;1;0;1;0;0;0;0;805397,6054;5828199,235;13,50193188;52,51813887
5381;200363;11;12;12231101;2018;5;15;2;3;6;4;0;0;0;1;1;0;0;0;791180,2322;5838373,996;13,30193916;52,61713085
5382;200364;11;12;12103218;2018;5;16;5;3;2;6;0;0;1;0;0;0;0;0;795064,0277;5833173,447;13,35450689;52,56841796
5383;200365;11;12;12301204;2018;5;15;2;3;5;3;0;1;1;0;0;0;0;0;792683,3356;5835975,522;13,32195657;52,5948224
5384;200366;11;1;1011301;2018;5;15;2;2;6;4;0;0;0;1;0;0;1;0;797235,2074;5829075,616;13,38277924;52,53050474
5385;200367;11;2;2030301;2018;5;15;5;3;3;6;0;1;1;0;0;0;0;0;800170,3631;5825869,133;13,42302644;52,50015559
5386;200368;11;3;3051022;2018;5;15;2;3;5;2;0;0;1;0;0;0;0;0;803004,6332;5832010,469;13,47024843;52,55363293
5387;200369;11;1;1011103;2018;5;15;2;3;5;3;0;0;1;0;0;0;0;0;795328,2287;5826172,251;13,35217163;52,50551491
5388;200370;11;12;12231101;2018;5;16;5;3;1;5;0;0;1;0;0;0;0;0;792869,1532;5838574,856;13,32699221;52,61802382
5389;200371;11;6;6010207;2018;5;15;2;3;5;2;0;0;1;0;0;0;0;0;793842,4722;5820507,075;13,32535161;52,45553131
5390;200372;11;6;6020302;2018;5;15;5;3;0;6;0;0;0;0;0;0;1;0;795040,1268;5819070,113;13,34165698;52,44200457
5391;200373;11;2;2020204;2018;5;15;2;3;5;3;0;0;1;0;0;0;0;0;798946,1928;5825234,8;13,40447694;52,49514166
5392;200374;11;1;1011402;2018;5;21;5;3;0;1;1;1;0;0;0;0;0;0;798675,5159;5829454,65;13,40428935;52,53311498
5393;200375;11;5;5010314;2018;5;14;2;3;2;6;0;0;1;0;0;0;0;0;784843,3727;5829216,868;13,20072608;52,53838828
5394;200376;11;1;1033101;2018;5;15;2;3;5;2;0;1;1;0;0;0;0;0;797268,6638;5832227,41;13,38609168;52,55873851
5395;200377;11;11;11030721;2018;5;16;4;3;5;7;0;1;0;0;0;0;0;0;804274,8546;5827887,575;13,48515136;52,51597315
5396;200378;11;7;7040401;2018;5;15;2;2;3;6;0;1;0;0;1;0;0;0;797205,1588;5823526,329;13,37738368;52,48077784
5397;200379;11;7;7020202;2018;5;10;4;3;5;7;0;1;1;0;0;0;0;0;794802,8275;5823571,365;13,34215161;52,48248378
5398;200380;11;1;1022101;2018;5;23;4;3;6;2;2;0;0;1;0;0;1;0;793533,2012;5829137,274;13,32841738;52,5330636
5399;200381;11;11;11030721;2018;5;14;2;3;2;6;0;0;1;0;0;0;0;0;803851,4207;5828625,694;13,47960467;52,52282473
5400;200382;11;5;5010208;2018;5;14;2;3;2;6;0;0;1;0;1;0;0;0;783678,1243;5829848,475;13,18413084;52,54465923
5401;200383;11;2;2040702;2018;5;23;4;3;5;3;2;1;0;0;0;0;0;0;801965,8941;5827005,48;13,45042784;52,50935017
5402;200384;11;1;1011302;2018;5;21;4;3;2;6;2;1;1;0;0;0;0;0;798702,0418;5828335,928;13,40367421;52,5230727
5403;200385;11;3;3051017;2018;5;13;2;3;0;3;0;0;1;0;0;0;1;0;803401,3452;5833106,421;13,47708357;52,56323474
5404;200386;11;2;2050802;2018;5;20;4;3;2;7;0;1;1;0;0;0;0;0;802356,6545;5827106,92;13,45626017;52,51004294
5405;200387;11;6;6040810;2018;5;13;2;3;1;5;0;1;1;0;0;0;0;0;792015,0286;5821184,65;13,29912689;52,46258515
5406;200388;11;12;12224230;2018;5;22;4;2;5;2;2;1;1;0;0;0;0;0;787346,0032;5837835,696;13,24499431;52,61434594
5407;200389;11;6;6020306;2018;5;13;2;3;5;3;0;0;1;0;0;0;0;0;795644,2963;5816605,683;13,34834096;52,41958617