;OBJECTID;LAND;BEZ;LOR;UJAHR;UMONAT;USTUNDE;UWOCHENTAG;UKATEGORIE;UART;UTYP1;ULICHTVERH;IstRad;IstPKW;IstFuss;IstKrad;IstGkfz;IstSonstige;USTRZUSTAND;LINREFX;LINREFY;XGCSWGS84;YGCSWGS84
5608;200590;11;7;7040403;2018;5;10;6;3;5;3;0;0;1;0;1;0;0;0;797842,3811;5822205,154;13,38555937;52,46858782
5609;200591;11;4;4020310;2018;5;17;5;3;2;6;0;0;1;0;0;0;0;0;788889,5618;5827605,951;13,25881938;52,521816
5610;200592;11;1;1044203;2018;5;7;3;3;5;2;0;1;1;0;0;0;0;0;796008,8762;5831415,935;13,36683917;52,55215073
5611;200593;11;2;2020203;2018;5;10;6;3;5;2;0;1;1;0;0;0;0;0;797258,2544;5824805,45;13,37930402;52,49221491
5612;200594;11;3;3040513;2018;5;16;5;3;5;2;0;1;1;0;0;0;0;0;796651,3365;5834139,541;13,37872218;52,57621519
5613;200595;11;1;1022104;2018;5;20;2;3;1;5;0;1;1;0;0;0;1;0;794556,6802;5828970,699;13,34331487;52,53101824
5614;200596;11;6;6030502;2018;5;10;6;3;1;5;0;0;1;0;0;0;0;0;789002,9385;5816010,665;13,25044101;52,41779918
5615;200597;11;5;5020626;2018;5;13;5;3;5;3;0;1;1;0;0;0;0;0;784644,8604;5827268,729;13,19613899;52,52102497
5616;200598;11;6;6040806;2018;5;13;5;3;7;7;0;0;1;0;0;0;0;0;789085,334;5818945,504;13,25418652;52,44406802
5617;200599;11;12;12103116;2018;5;13;2;3;3;6;0;1;1;0;0;0;0;0;795871,6899;5833188,217;13,36640183;52,56811198
5618;200600;11;1;1011401;2018;5;9;6;3;0;1;0;0;0;0;1;0;0;0;797943,7857;5829497,648;13,39357227;52,53390088
5619;200601;11;8;8020619;2018;5;13;5;2;5;2;0;0;1;0;1;0;0;0;801549,3187;5820647,556;13,43855805;52,45259326
5620;200602;11;11;11030721;2018;5;11;5;2;6;7;0;0;1;1;0;0;0;0;805212,7476;5828362,633;13,49936589;52,5197068
5621;200603;11;2;2010102;2018;5;15;2;3;5;2;0;1;1;0;0;0;0;0;798628,0851;5826232,505;13,40069977;52,5042589
5622;200604;11;8;8010404;2018;5;9;6;3;5;2;0;1;1;0;0;0;0;0;801743,2372;5822588,827;13,44315789;52,46988629
5623;200605;11;1;1011301;2018;5;8;6;2;6;4;0;1;0;1;0;0;0;0;797412,9031;5827977,403;13,38440884;52,52056364
5624;200606;11;7;7030301;2018;5;0;5;3;6;4;2;0;1;1;0;0;0;0;794772,9963;5822862,843;13,34108723;52,47614841
5625;200607;11;1;1011101;2018;5;16;2;3;2;2;0;0;1;0;0;1;0;0;795251,2569;5826639,381;13,3514552;52,50974403
5626;200608;11;1;1022206;2018;5;7;6;2;3;6;0;1;1;0;0;1;0;0;796153,53;5828279,484;13,36617106;52,52395694
5627;200609;11;12;12224230;2018;5;16;5;2;0;5;0;1;0;0;0;0;1;0;787025,4851;5836099,46;13,23876751;52,59894925
5628;200610;11;3;3020307;2018;5;15;2;3;5;3;0;1;1;0;0;0;0;0;800506,7181;5836413,185;13,43750706;52,59447897
5629;200611;11;10;10040933;2018;5;7;6;3;2;6;0;0;1;0;0;0;0;0;812384,2066;5824234,607;13,6008478;52,47865439
5630;200612;11;2;2020204;2018;5;12;5;3;5;2;0;0;1;0;0;0;1;0;798172,1581;5824833,466;13,39275009;52,49196761
5631;200613;11;8;8010404;2018;5;15;4;3;1;5;0;1;1;0;0;0;0;0;801798,6341;5823636,424;13,44491884;52,47924548
5632;200614;11;4;4030930;2018;5;17;2;3;0;2;0;1;1;0;0;0;0;0;792956,8063;5825540,766;13,31677723;52,50113239
5633;200615;11;6;6010101;2018;5;7;6;3;6;2;0;0;1;1;0;0;0;0;793530,6061;5820632,053;13,32088501;52,45681926
5634;200616;11;5;5030832;2018;5;18;2;3;0;2;0;1;1;0;0;0;0;0;789673,1511;5829344,969;13,2718515;52,53699085
5635;200617;11;3;3050923;2018;5;5;6;3;5;3;1;0;1;0;0;0;0;0;800721,7828;5831680,195;13,43638039;52,55193785
5636;200618;11;1;1011306;2018;5;14;4;3;1;5;0;1;0;0;0;0;1;0;800132,5257;5826873,189;13,4233758;52,50917614
5637;200619;11;5;5010314;2018;5;16;4;3;5;2;0;0;1;0;0;0;0;0;784845,906;5829226,085;13,20077124;52,5384696
5638;200620;11;7;7060604;2018;5;6;2;3;5;2;0;0;1;0;0;0;0;0;795623,3038;5815769,661;13,34729472;52,41210305
5639;200621;11;3;3071639;2018;5;14;6;3;5;3;0;0;1;0;0;0;0;0;800799,0717;5829285,376;13,43534866;52,53043002
5640;200622;11;6;6040807;2018;5;16;4;3;6;4;0;1;0;1;0;0;0;0;789624,9668;5818179,886;13,26144041;52,43691838
5641;200623;11;6;6020410;2018;5;21;4;2;5;3;2;0;1;0;0;0;0;1;794435,8626;5816653,453;13,33066457;52,42066589
5642;200624;11;6;6030504;2018;5;9;2;3;0;7;0;0;0;0;1;0;0;0;790046,7495;5815937,985;13,26568351;52,4165954
5643;200625;11;5;5020627;2018;5;12;6;3;0;1;0;0;0;0;0;0;1;0;784983,7174;5828445,164;13,20212802;52,53139585
5644;200626;11;12;12214424;2018;5;13;6;3;0;2;0;0;0;1;0;0;1;0;793273,9996;5832569,523;13,32763822;52,56397146
5645;200627;11;1;1022104;2018;5;22;2;3;2;2;2;0;1;0;0;0;0;0;794554,2193;5829062,548;13,34336008;52,53184293
5646;200628;11;1;1033201;2018;5;13;6;3;6;7;0;0;1;1;0;0;0;0;798017,2743;5830094,252;13,39518751;52,53920848
5647;200629;11;11;11020412;2018;5;14;4;3;5;3;0;0;1;0;1;0;0;0;805165,409;5831387,006;13,50144697;52,54683894
5648;200630;11;4;4061757;2018;5;7;2;3;5;3;0;1;0;0;0;0;1;0;788961,945;5823644,827;13,2564454;52,48626479
5649;200631;11;6;6030504;2018;5;13;6;3;2;6;0;0;1;0;0;0;0;0;788945,0082;5816348,859;13,24988361;52,42086187
5650;200632;11;12;12231101;2018;5;13;4;3;2;2;0;0;1;0;0;0;0;0;791421,8391;5838778,067;13,30585381;52,62062367
5651;200633;11;6;6040807;2018;5;15;2;3;5;2;0;1;1;0;0;0;0;0;789874,5557;5818785,256;13,2656268;52,44221351
5652;200634;11;12;12214421;2018;5;12;4;3;6;4;0;0;1;1;0;0;0;0;793269,1577;5833182,902;13,32810927;52,56947266
5653;200635;11;12;12214125;2018;5;11;2;3;2;6;0;0;1;0;0;0;0;0;790786,5262;5833709,396;13,29204415;52,57552453
5654;200636;11;11;11040926;2018;5;11;2;3;5;2;0;0;1;0;1;0;0;0;804802,5673;5826501,074;13,4916345;52,50325193
5655;200637;11;4;4030930;2018;5;16;5;3;2;6;0;1;1;0;0;0;0;0;793499,1656;5825710,347;13,32489376;52,50236116
5656;200638;11;5;5020626;2018;5;11;4;3;1;5;0;1;1;0;0;0;0;0;784556,1752;5827086,156;13,19467924;52,5194343
5657;200639;11;4;4020314;2018;5;10;2;3;5;2;0;1;1;0;0;0;0;0;790163,5649;5825419,341;13,27563757;52,5015363
5658;200640;11;6;6020306;2018;5;21;5;3;6;7;0;0;1;1;0;0;0;0;796983,1043;5817774,81;13,36900812;52,42934156
5659;200641;11;1;1011301;2018;5;10;2;3;6;4;0;0;1;1;0;0;0;0;797241,2312;5829097,815;13,38288763;52,53070044
5660;200642;11;4;4051445;2018;5;9;4;3;5;2;0;1;1;0;0;0;0;0;792471,4416;5824277,516;13,30853815;52,49006802
5661;200643;11;2;2050801;2018;5;9;2;3;7;7;0;1;0;0;0;0;0;0;803404,3143;5826877,418;13,47144084;52,5074043
5662;200644;11;5;5010208;2018;5;15;5;3;2;6;0;0;1;0;0;0;1;0;783645,3652;5829528,88;13,18337615;52,54181075
5663;200645;11;6;6010103;2018;5;15;5;3;6;4;0;1;0;1;0;0;0;0;793804,3521;5821188,143;13,32539161;52,46165732
5664;200646;11;1;1011103;2018;5;12;2;3;5;2;0;1;1;0;0;0;0;0;795325,5656;5826174,551;13,35213455;52,50553697
5665;200647;11;1;1044102;2018;5;14;5;3;5;3;0;1;1;0;0;0;0;0;794391,5302;5832042,563;13,34360991;52,55864455
5666;200648;11;3;3040512;2018;5;9;4;3;2;6;0;1;1;0;0;0;0;0;796434,5313;5835368,86;13,37663168;52,58735273
5667;200649;11;5;5010101;2018;5;8;2;3;2;6;0;0;1;0;0;0;0;0;785359,977;5832594,046;13,21122534;52,56839722
5668;200650;11;2;2010102;2018;5;14;5;3;5;3;0;1;0;0;1;0;0;0;798452,2104;5826533,576;13,39838621;52,50705383
5669;200651;11;9;9020701;2018;5;9;4;3;5;2;0;0;1;0;0;0;0;0;807218,7294;5818289,569;13,51956023;52,42830368
5670;200652;11;1;1044201;2018;5;13;2;3;0;6;0;0;1;0;1;0;0;0;796894,5589;5831536,18;13,3799712;52,55274654
5671;200653;11;3;3050919;2018;5;14;4;3;5;3;0;1;1;0;0;0;0;0;801748,5861;5832382,747;13,45211721;52,55766696
5672;200654;11;7;7040403;2018;5;8;2;3;5;2;0;1;1;0;0;0;0;0;797280,1929;5821087,631;13,37631231;52,45887653
5673;200655;11;4;4030623;2018;5;23;5;3;2;6;2;0;1;0;0;0;0;0;793544,2107;5826084,457;13,3258853;52,50569066
5674;200656;11;8;8020619;2018;5;8;2;3;5;2;0;0;1;0;0;0;0;0;801221,807;5821677,764;13,43468248;52,46200791
5675;200657;11;1;1022206;2018;5;23;5;3;5;2;2;0;1;0;0;0;0;0;795526,3455;5828203,908;13,35688645;52,52361977
5676;200658;11;10;10040828;2018;5;6;4;3;2;2;0;0;1;0;0;0;0;0;812570,5314;5828640;13,60771635;52,51802513
5677;200659;11;1;1033202;2018;5;8;2;3;5;2;0;1;0;0;0;1;0;0;797764,6481;5829743,579;13,39115942;52,53620324
5678;200660;11;8;8010211;2018;5;14;5;3;1;5;0;1;1;0;0;0;0;0;800679,7068;5823790,172;13,42863139;52,48124078
5679;200661;11;9;9041301;2018;5;8;2;3;5;2;0;1;1;0;0;0;0;0;812187,7685;5819086,891;13,59315218;52,43263633
5680;200662;11;4;4030621;2018;5;13;5;3;5;7;0;0;1;0;1;0;0;0;793856,8394;5827003,108;13,33128919;52,5137576
5681;200663;11;7;7060604;2018;5;22;4;2;5;2;2;0;1;0;1;0;0;0;795803,152;5816024,023;13,35015599;52,4142861
5682;200664;11;4;4030415;2018;5;22;4;2;6;4;2;0;1;1;0;0;0;0;790689,989;5827367,388;13,28507244;52,51872042
5683;200665;11;2;2020203;2018;5;8;2;3;5;3;0;1;1;0;0;0;0;0;797018,8223;5824468,012;13,37548703;52,48932046
5684;200666;11;1;1011402;2018;5;22;5;2;0;1;2;1;0;0;0;0;0;0;798606,3993;5829320,579;13,40315298;52,5319511
5685;200667;11;1;1044201;2018;5;20;4;3;0;1;1;1;0;0;0;0;0;1;796437,4239;5831008,179;13,37277726;52,54826257
5686;200668;11;9;9030901;2018;5;12;5;3;6;4;0;0;1;1;0;0;0;0;807697,5825;5817814,688;13,52614407;52,42377861
5687;200669;11;4;4030828;2018;5;20;4;3;5;2;1;0;1;0;0;0;0;1;792973,4765;5826095,833;13,31751052;52,50609942
5688;200670;11;3;3061228;2018;5;8;2;3;5;3;0;1;0;0;0;0;1;0;801158,9638;5831112,7;13,44229416;52,54660981
5689;200671;11;8;8010301;2018;5;11;5;3;2;2;0;0;1;0;1;0;0;0;800659,6682;5824475,265;13,42895511;52,48739254
5690;200672;11;3;3051017;2018;5;18;4;3;2;6;0;1;1;0;0;0;0;0;802748,3916;5832700,63;13,46711005;52,55996118
5691;200673;11;7;7010102;2018;5;19;4;2;6;4;0;1;0;1;0;0;0;0;795658,7453;5824973,344;13,35596272;52,49458867
5692;200674;11;3;3050923;2018;5;8;2;3;5;7;0;1;1;0;0;0;0;0;801072,3219;5831653,397;13,44151052;52,55150402
5693;200675;11;6;6030610;2018;5;22;5;3;2;2;2;1;1;0;0;0;0;0;791054,7947;5817818,441;13,28210007;52,43291894
5694;200676;11;5;5010101;2018;5;7;2;3;5;2;0;1;1;0;0;0;0;0;785840,3272;5831731,446;13,21755008;52,56041136
5695;200677;11;8;8010405;2018;5;11;5;3;6;4;0;0;1;1;0;0;0;0;802067,8035;5823583,407;13,44882219;52,47862147
5696;200678;11;2;2020203;2018;5;19;4;3;5;7;0;0;1;0;0;0;0;0;797479,878;5824554,858;13,38233496;52,4898479
5697;200679;11;5;5030731;2018;5;6;2;3;3;6;0;0;1;0;0;0;1;0;787910,1477;5830049,712;13,24654082;52,54424346
5698;200680;11;1;1011301;2018;5;11;5;3;5;3;0;1;1;0;0;0;0;0;796674,202;5828756,113;13,37424825;52,52794636
5699;200681;11;10;10040830;2018;5;17;4;3;5;2;0;1;1;0;0;0;0;0;810638,4015;5825990,2;13,57686079;52,49538294
5700;200682;11;11;11051331;2018;5;6;2;3;2;6;0;0;1;0;0;1;0;0;807292,6887;5824718,234;13,52656109;52,48587731
5701;200683;11;10;10040933;2018;5;11;5;3;5;3;0;1;1;0;0;0;0;0;812640,3779;5825270,994;13,60557939;52,48779505
5702;200684;11;5;5010102;2018;5;8;4;3;6;4;0;0;1;1;0;0;0;0;785228,5999;5832144,674;13,20890583;52,56443708
5703;200685;11;12;12302211;2018;5;7;4;3;6;4;0;0;1;1;0;0;0;0;793772,8642;5836764,888;13,33869555;52,60131103
5704;200686;11;11;11030618;2018;5;14;5;3;2;6;0;0;1;0;0;1;0;0;803087,6903;5829537,507;13,46921357;52,53142218
5705;200687;11;1;1011102;2018;5;7;4;3;5;2;0;1;0;0;0;0;1;0;794307,5215;5827035,311;13,33793981;52,51380328
5706;200688;11;7;7070701;2018;5;15;1;3;5;2;0;1;1;0;0;0;0;0;799726,3546;5814499,525;13,40630309;52,3984869
5707;200689;11;3;3040614;2018;5;9;5;3;2;6;0;1;1;0;0;0;0;0;798731,0994;5833695,153;13,4089217;52,57109431
5708;200690;11;2;2020204;2018;5;13;6;3;5;2;0;0;1;0;0;0;0;0;798848,2508;5825091,827;13,4029103;52,49391374
5709;200691;11;12;12304313;2018;5;17;4;3;6;4;0;0;1;1;0;0;0;0;792171,7321;5834356,316;13,31299729;52,580582
5710;200692;11;7;7040401;2018;5;18;5;3;5;2;0;0;1;0;1;0;0;0;797290,6545;5823213,365;13,37835988;52,4779259
5711;200693;11;1;1011102;2018;5;11;4;3;6;6;0;1;0;1;0;0;0;0;795191,8188;5826842,096;13,35076173;52,51159339
5712;200694;11;7;7030301;2018;5;18;4;3;5;2;0;0;1;0;1;0;0;0;793991,2018;5821551,654;13,3284541;52,46481555
5713;200695;11;8;8041038;2018;5;16;4;3;0;2;0;0;1;0;0;0;1;0;805718,1262;5816795,776;13,49619358;52,41575595
5714;200696;11;7;7020201;2018;5;10;4;3;5;2;0;1;1;0;0;0;0;0;794523,9418;5824647,318;13,33900754;52,49227958
5715;200697;11;12;12301203;2018;5;13;6;3;5;2;0;1;0;0;0;0;1;0;793934,7931;5835290,825;13,33977132;52,58800966
5716;200698;11;12;12302110;2018;5;9;6;3;2;6;0;0;1;0;0;0;0;0;794431,8337;5836240,061;13,34793064;52,59624997
5717;200699;11;10;10030727;2018;5;16;4;3;5;3;0;1;1;0;0;0;0;0;809159,92;5826175,693;13,55532437;52,49788471
5718;200700;11;3;3040614;2018;5;17;5;3;4;7;0;1;0;0;0;0;0;0;799994,844;5834945,208;13,42864374;52,58160381
5719;200701;11;1;1011105;2018;5;21;4;3;1;5;2;1;1;0;0;0;0;0;796860,8944;5826768,276;13,37521828;52,51002589
5720;200702;11;1;1011301;2018;5;20;4;3;2;7;0;1;1;0;0;0;0;0;797584,1912;5828524,042;13,38741501;52,52537015
5721;200703;11;10;10010309;2018;5;16;5;3;5;2;0;1;1;0;0;0;0;0;807921,7676;5829228,105;13,53996717;52,52594026
5722;200704;11;4;4051654;2018;5;19;4;3;2;2;0;0;1;0;0;0;0;0;793451,985;5823922,379;13,32262571;52,48635813
5723;200705;11;1;1011104;2018;5;15;5;3;5;3;0;1;1;0;0;0;0;0;796619,4628;5825629,453;13,37065665;52,49994881
5724;200706;11;4;4030622;2018;5;14;4;3;0;5;0;0;1;0;0;0;0;0;792114,8144;5826862,722;13,30556847;52,51343484
5725;200707;11;3;3061227;2018;5;6;5;3;5;3;0;1;1;0;0;0;0;0;799495,3392;5831781,725;13,41843754;52,55352364
5726;200708;11;5;5020522;2018;5;16;7;2;3;6;0;0;1;0;0;0;0;0;781844,4001;5827184,896;13,15490305;52,52172806
5727;200709;11;2;2020206;2018;5;19;4;3;2;7;0;1;0;0;0;0;1;0;800022,3254;5824728,008;13,41982446;52,4900086
5728;200710;11;10;10020620;2018;5;21;6;2;8;1;0;0;0;0;1;0;0;0;811186,4308;5829299,861;13,58800135;52,52472985
5729;200711;11;12;12214125;2018;5;8;6;3;2;6;0;0;1;0;0;0;1;0;791900,4907;5831493,554;13,30648631;52,55506387
5730;200712;11;11;11051330;2018;5;19;4;3;5;2;0;1;1;0;0;0;0;0;807198,3208;5825567,516;13,5259586;52,49354181
5731;200713;11;1;1011303;2018;5;15;5;3;5;2;0;1;0;0;0;0;1;0;799496,0523;5828788,752;13,41575015;52,52669601
5732;200714;11;2;2010103;2018;5;18;4;3;5;2;0;1;1;0;0;0;0;0;798928,5085;5826354,143;13,40522193;52,50518471
5733;200715;11;3;3020203;2018;5;17;4;3;5;2;0;1;1;0;0;0;0;0;798067,0422;5837200,87;13,40230617;52,60288195
5734;200716;11;2;2020205;2018;5;17;4;3;1;5;0;1;1;0;0;0;0;0;798598,6472;5824515,94;13,39872861;52,48888827
5735;200717;11;4;4051652;2018;5;18;6;3;5;5;0;1;1;0;0;0;0;0;793444,0302;5824222,656;13,32277329;52,48905427
5736;200718;11;4;4030929;2018;5;22;4;3;0;2;2;0;1;0;0;0;1;0;792633,012;5825460,203;13,31194995;52,5005839
5737;200719;11;9;9041501;2018;5;22;4;2;6;4;2;0;0;1;0;1;0;0;810762,9219;5820317,197;13,57340519;52,44447314
5738;200720;11;7;7030301;2018;5;17;6;3;5;2;0;1;1;0;0;0;0;0;793966,8439;5821904,902;13,32840778;52,46799538
5739;200721;11;5;5010339;2018;5;10;5;3;6;7;0;1;0;1;0;0;0;0;786989,2706;5828157,675;13,23136468;52,52776608
5740;200722;11;7;7030301;2018;5;18;4;3;0;1;0;1;0;0;0;0;0;0;793904,8449;5822011,704;13,32759181;52,46898617
5741;200723;11;11;11040926;2018;5;15;4;3;0;4;0;0;0;1;0;0;1;0;804996,8589;5826563,494;13,49454523;52,50370281
5742;200724;11;11;3061430;2018;5;15;4;3;5;3;0;1;0;0;0;0;1;0;802535,8662;5829321,633;13,46090696;52,52979387
5743;200725;11;11;11010309;2018;5;15;4;3;5;3;0;1;1;0;0;0;0;0;804654,7687;5833592,035;13,49596362;52,56688714
5744;200726;11;9;9051701;2018;5;16;4;3;0;3;0;1;1;0;0;0;0;0;813655,4963;5821709,168;13,61713198;52,45529527
5745;200727;11;3;3061332;2018;5;15;6;3;5;3;0;0;1;0;0;0;0;0;799843,0269;5830810,371;13,4226733;52,54462579
5746;200728;11;6;6040805;2018;5;16;4;3;1;5;0;1;0;0;0;0;1;0;788519,5609;5818453,21;13,24546037;52,43995315
5747;200729;11;3;2040501;2018;5;19;5;3;2;6;0;0;1;0;1;0;0;0;800126,0169;5828965,805;13,42516805;52,52793658
5748;200730;11;2;2040701;2018;5;16;4;3;5;2;0;1;1;0;0;0;0;0;800586,223;5827009,419;13,43016375;52,51014742
5749;200731;11;12;12214125;2018;5;15;4;3;6;2;0;0;1;1;0;0;0;0;791165,6833;5834026,403;13,29790186;52,57816371
5750;200732;11;2;2050602;2018;5;20;5;3;1;5;1;1;0;0;0;0;1;0;803267,3743;5827768,443;13,47024125;52,51546653
5751;200733;11;2;2030302;2018;5;15;4;3;5;2;0;1;1;0;0;0;0;0;801623,3327;5826054,347;13,44453396;52,50101456
5752;200734;11;3;3040614;2018;5;15;4;3;5;3;0;0;1;0;0;0;1;0;799550,9898;5834226,198;13,42146291;52,57540365
5753;200735;11;1;1011105;2018;5;15;4;3;3;6;0;0;1;0;1;0;0;0;795457,0765;5826642,436;13,35448179;52,50965998
5754;200736;11;12;12224230;2018;5;16;4;2;5;3;0;0;1;0;1;0;0;0;786419,4291;5837216,837;13,23081082;52,60928671
5755;200737;11;9;9010401;2018;5;14;5;3;2;6;0;0;0;0;1;0;1;0;806316,9129;5820942,663;13,50876968;52,45258754
5756;200738;11;10;10010102;2018;5;16;4;2;5;3;0;1;1;0;0;0;0;0;810148,9676;5833322,342;13,57651383;52,56136827
5757;200739;11;8;8010510;2018;5;12;6;3;5;3;0;0;1;0;1;0;0;0;802484,486;5822555,747;13,45400698;52,46917988
5758;200740;11;12;12224229;2018;5;15;4;2;5;3;0;1;1;0;0;0;0;0;786489,2733;5834533,033;13,22951739;52,58518819
5759;200741;11;9;9010401;2018;5;20;5;3;5;3;0;1;1;0;0;0;0;0;806296,0013;5820693,408;13,50823433;52,45036533
5760;200742;11;2;2050804;2018;5;15;4;2;5;2;0;1;1;0;0;0;0;0;803119,8198;5825687,909;13,46617916;52,49690104
5761;200743;11;5;5030832;2018;5;14;5;3;5;3;0;0;1;0;0;0;0;0;788940,0854;5829979,857;13,26162557;52,54307195
5762;200744;11;2;2040701;2018;5;15;4;2;5;2;0;0;1;0;0;0;0;0;800358,9229;5827179,616;13,42697817;52,51179815
5763;200745;11;1;1011105;2018;5;5;5;3;5;2;0;1;0;0;1;0;0;0;796584,0157;5826875,013;13,37124558;52,51113329
5764;200746;11;11;11020411;2018;5;17;4;2;6;4;0;0;1;1;0;0;0;0;805861,9407;5832367,362;13,51258984;52,55523452
5765;200747;11;5;5010313;2018;5;23;6;3;1;1;2;0;1;0;0;0;1;0;784495,133;5830069,558;13,19633567;52,54621543
5766;200748;11;4;4030726;2018;5;18;5;3;6;2;0;0;1;1;0;0;0;0;792279,333;5825473,134;13,30676584;52,50088937
5767;200749;11;7;7050501;2018;5;7;4;3;5;3;0;0;1;0;0;0;0;0;797063,3331;5819717,238;13,37191099;52,44671015
5768;200750;11;6;6010210;2018;5;7;4;3;5;2;0;1;1;0;0;0;0;0;794857,3124;5821504,981;13,34112498;52,46393045
5769;200751;11;5;5010314;2018;5;17;6;3;6;4;0;1;0;1;0;0;0;0;785256,8543;5828843,84;13,20648583;52,53482747
5770;200752;11;1;1044203;2018;5;6;6;3;0;1;0;0;0;0;1;0;0;0;795547,9164;5831038,043;13,35972397;52,54901359
5771;200753;11;5;5010314;2018;5;7;4;3;2;6;0;0;1;0;0;0;0;0;784756,566;5828817,223;13,19910717;52,53485045
5772;200754;11;5;5030730;2018;5;16;5;3;2;6;0;0;1;0;1;0;0;0;786389,7365;5829184,721;13,22343621;52,53728957
5773;200755;11;7;7040403;2018;5;6;4;3;5;2;0;0;1;0;0;0;0;0;796922,2079;5822282,999;13,37212253;52,46978651
5774;200756;11;5;5040936;2018;5;14;5;3;3;6;0;1;0;0;0;0;0;0;780236,0248;5822115,094;13,12699349;52,47709702
5775;200757;11;2;2040502;2018;5;6;4;3;5;2;0;1;0;0;0;0;1;0;801250,8631;5827844,601;13,44068363;52,51726667
5776;200758;11;4;4010101;2018;5;12;7;3;1;5;0;0;1;0;1;0;0;0;789843,8292;5829869,51;13,27481849;52,54160266
5777;200759;11;1;1011303;2018;5;6;4;3;2;6;0;0;1;0;1;0;0;0;799505,118;5828119,38;13,41528057;52,52069116
5778;200760;11;1;1011401;2018;5;15;6;3;5;3;0;1;1;0;0;0;0;0;797987,108;5829310,535;13,39404133;52,53219998
5779;200761;11;1;1044201;2018;5;7;6;3;4;6;0;1;0;0;0;0;0;0;796966,8434;5831890,134;13,38135083;52,55587991
5780;200762;11;4;4030827;2018;5;0;4;3;4;6;2;1;0;0;0;0;0;0;792742,357;5826543,023;13,31450832;52,5102324
5781;200763;11;6;6010210;2018;5;9;6;3;1;5;0;1;1;0;0;0;0;0;794942,3721;5820934,172;13,34186901;52,45876757
5782;200764;11;1;1022106;2018;5;6;4;3;0;6;0;0;1;0;1;0;0;0;794346,7465;5828370,634;13,33969775;52,52575245
5783;200765;11;11;11010206;2018;5;17;5;3;2;6;0;1;0;0;0;1;0;0;805737,483;5833790,769;13,51207124;52,56806128
5784;200766;11;5;5020417;2018;5;6;4;2;3;6;0;0;1;0;0;1;1;0;782458,7788;5828529,693;13,16507664;52,53346812
5785;200767;11;6;6020409;2018;5;13;4;3;6;7;0;0;1;1;0;0;0;0;794204,9292;5818374,917;13,32879283;52,4362224
5786;200768;11;1;1022204;2018;5;13;4;3;5;2;0;1;1;0;0;0;0;0;794791,1456;5828310,315;13,3461758;52,52497162
5787;200769;11;11;11051229;2018;5;17;6;3;2;6;0;1;1;0;0;0;0;0;804025,9241;5825924,02;13,47970098;52,49851325
5788;200770;11;1;1022103;2018;5;13;5;3;6;2;0;0;1;1;0;0;0;0;794591,1723;5829794,632;13,34455219;52,53838557
5789;200771;11;7;7030301;2018;5;6;4;3;6;4;0;1;0;1;0;0;0;0;794003,3625;5821601,253;13,32867628;52,46525364
5790;200772;11;8;8010212;2018;5;12;4;3;2;2;0;0;1;0;0;0;0;0;800976,2746;5823489,65;13,43271399;52,47838373
5791;200773;11;3;3061227;2018;5;16;5;2;5;3;0;1;1;0;0;0;0;0;800083,5555;5831671,646;13,42698784;52,55221322
5792;200774;11;10;10010310;2018;5;7;5;3;6;4;0;1;0;1;0;0;0;0;808103,9956;5830909,031;13,5442028;52,54090155
5793;200775;11;8;8010117;2018;5;12;4;3;5;2;0;1;0;0;0;1;0;0;800587,4566;5823218,522;13,42676176;52,47616765
5794;200776;11;2;2030402;2018;5;14;1;3;1;5;0;1;1;0;0;0;0;0;801774,5073;5825797,791;13,44652182;52,49863144
5795;200777;11;2;2020203;2018;5;12;4;3;5;2;0;1;1;0;0;0;0;0;797089,6864;5824710,628;13,37674395;52,49145671
5796;200778;11;6;6040806;2018;5;12;4;3;5;3;0;1;1;0;0;0;0;0;788764,5299;5819970,236;13,25036554;52,4534248
5797;200779;11;1;1033201;2018;5;11;4;3;6;7;0;0;1;1;0;0;0;0;797747,6909;5830585,227;13,39166439;52,54375679
5798;200780;11;7;7040403;2018;5;16;6;2;5;3;0;0;1;0;0;0;1;0;797842,8142;5822041,773;13,38541989;52,46712305
5799;200781;11;3;3071639;2018;5;11;4;3;6;4;0;1;0;1;0;0;0;0;800668,556;5829135,742;13,43329512;52,52916081
5800;200782;11;7;7030303;2018;5;20;5;2;4;7;0;1;0;0;0;0;0;0;795866,6772;5821116,377;13,35559463;52,4599013
5801;200783;11;5;5010313;2018;5;10;4;3;3;6;0;0;1;0;0;1;0;0;784568,1875;5829803,133;13,19718182;52,54378852
5802;200784;11;3;3071638;2018;5;10;4;3;3;6;0;1;0;0;0;1;0;0;800105,0484;5828984,569;13,42487682;52,52811631
5803;200785;11;5;5020524;2018;5;18;5;3;1;1;0;0;1;0;0;0;0;0;783653,3331;5825277,082;13,17986691;52,50368412
5804;200786;11;12;12224230;2018;5;10;4;3;5;3;0;0;1;0;1;0;0;0;787299,5254;5836410,544;13,24307241;52,60159352
5805;200787;11;6;6020409;2018;5;10;4;2;6;4;0;0;1;1;0;0;0;0;793186,6931;5816759,998;13,31244133;52,42229171
5806;200788;11;2;2030302;2018;5;13;5;3;2;6;0;0;1;0;0;0;1;0;800854,5587;5826457,439;13,43360688;52,50505197
5807;200789;11;11;11010204;2018;5;7;6;3;6;4;0;0;0;1;1;0;0;0;807093,1175;5833862,325;13,53207603;52,56793956