;OBJECTID;LAND;BEZ;LOR;UJAHR;UMONAT;USTUNDE;UWOCHENTAG;UKATEGORIE;UART;UTYP1;ULICHTVERH;IstRad;IstPKW;IstFuss;IstKrad;IstGkfz;IstSonstige;USTRZUSTAND;LINREFX;LINREFY;XGCSWGS84;YGCSWGS84
5808;200790;11;9;9020702;2018;5;10;4;3;6;4;0;0;1;1;0;0;0;0;809414,6458;5819700,565;13,55306027;52,43971153
5809;200791;11;12;12302212;2018;5;6;5;3;5;2;0;0;1;0;1;0;0;0;792795,5263;5837473,791;13,32493327;52,60819312
5810;200792;11;3;3040818;2018;5;16;5;3;5;7;0;0;1;0;0;0;0;0;800189,545;5834844,24;13,4314172;52,58059143
5811;200793;11;1;1011401;2018;5;9;4;3;0;1;0;1;0;0;0;0;0;0;798162,5394;5829350,038;13,39665535;52,53245813
5812;200794;11;4;4030519;2018;5;8;4;3;1;5;0;0;1;0;1;0;0;0;792131,7833;5828235,454;13,30702336;52,52573196
5813;200795;11;6;6030503;2018;5;5;6;2;5;3;0;1;0;0;0;0;0;0;789522,0699;5817485,258;13,25932942;52,43074521
5814;200796;11;7;7020201;2018;5;17;3;2;2;6;0;1;0;0;0;0;0;0;794648,611;5824208,682;13,34045062;52,48828019
5815;200797;11;4;4030828;2018;5;19;5;3;6;7;0;0;0;1;0;0;1;0;792935,2293;5826088,189;13,31694189;52,50605143
5816;200798;11;1;1011204;2018;5;18;3;3;3;6;0;1;1;0;0;0;0;0;797984,865;5826881,04;13,39183184;52,51042388
5817;200799;11;10;10010310;2018;5;16;3;3;2;6;0;0;1;0;1;0;0;0;809503,4571;5831432,138;13,56525965;52,54479638
5818;200800;11;6;6030610;2018;5;8;5;2;5;2;0;0;1;0;1;0;0;0;792178,236;5818732,933;13,29937746;52,44051842
5819;200801;11;2;2050601;2018;5;11;3;2;3;6;0;0;0;0;1;1;0;0;801726,8016;5828910,838;13,44864361;52,52656031
5820;200802;11;2;2040502;2018;5;11;3;3;5;2;0;1;1;0;0;0;0;0;800482,8593;5828469,004;13,42996347;52,52328705
5821;200803;11;3;3040513;2018;5;17;6;3;3;6;0;0;1;0;1;0;0;0;796785,4962;5833977,19;13,38055083;52,57468675
5822;200804;11;3;3010102;2018;5;10;6;3;5;3;0;1;1;0;0;0;0;0;805080,5171;5841768,869;13,50976139;52,63993133
5823;200805;11;3;3050920;2018;5;6;3;3;5;3;0;1;0;0;1;0;0;0;802283,9806;5832348,402;13,45995936;52,55706221
5824;200806;11;1;1011303;2018;5;8;5;2;0;1;0;1;0;0;0;0;0;0;799573,058;5828455,232;13,4165814;52,52366423
5825;200807;11;4;4030417;2018;5;17;5;3;5;3;0;1;1;0;0;0;0;0;791185,055;5826502,927;13,29159149;52,51070646
5826;200808;11;1;1011302;2018;5;12;1;3;4;2;0;0;1;0;1;0;0;0;797990,8576;5828909,957;13,39373738;52,52860727
5827;200809;11;9;9020602;2018;5;14;3;3;2;3;0;1;0;0;0;0;0;0;808453,1697;5820867,423;13,54003757;52,45071207
5828;200810;11;11;11010309;2018;5;13;5;3;2;6;0;0;1;0;0;0;0;0;804395,8519;5833384,051;13,49196458;52,56516792
5829;200811;11;5;5010313;2018;5;21;3;3;5;2;0;0;1;0;0;0;0;0;784664,5407;5829706,167;13,19851571;52,54286878
5830;200812;11;9;9030901;2018;5;16;6;3;0;1;0;1;1;0;0;0;0;0;807767,1779;5816017,683;13,52551196;52,40763425
5831;200813;11;5;5030832;2018;5;19;3;3;5;7;0;1;1;0;0;0;0;0;788332,1947;5830462,866;13,25310587;52,54772432
5832;200814;11;2;2020206;2018;5;16;7;3;0;6;0;1;1;0;0;0;0;0;799321,6002;5824545,02;13,40937051;52,48875303
5833;200815;11;8;8020624;2018;5;18;3;3;5;3;0;0;1;0;0;0;0;0;799773,6853;5818043,257;13,41017043;52,43022593
5834;200816;11;2;2010101;2018;5;19;6;3;2;2;0;1;0;0;0;0;1;0;797659,6964;5826313,618;13,38654725;52,50551514
5835;200817;11;3;3050923;2018;5;8;6;3;5;3;0;1;1;0;0;0;0;0;800993,118;5831900,187;13,44056963;52,5537598
5836;200818;11;8;8010404;2018;5;19;3;3;2;6;0;1;1;0;0;0;0;0;802131,9397;5823074,998;13,4493031;52,47402907
5837;200819;11;4;4030931;2018;5;13;5;3;6;7;0;0;1;1;0;0;0;0;793760,4419;5825818,285;13,32882712;52,50318817
5838;200820;11;11;11010309;2018;5;16;5;3;5;2;0;1;1;0;0;0;0;0;804994,6906;5833578,097;13,50095041;52,5665719
5839;200821;11;3;3040614;2018;5;17;3;3;4;2;0;1;1;0;0;0;0;0;797511,2885;5833248,53;13,39057569;52,56775902
5840;200822;11;5;5010339;2018;5;17;3;3;5;3;0;0;1;0;1;0;0;0;787087,6065;5828137,415;13,23279274;52,52753265
5841;200823;11;6;6040807;2018;5;16;3;3;5;2;0;1;1;0;0;0;0;0;789658,6098;5818328,419;13,26206266;52,43823222
5842;200824;11;2;2020203;2018;5;18;6;3;5;5;0;1;1;0;0;0;0;0;797096,7781;5824590,51;13,376741;52,49037611
5843;200825;11;7;7040402;2018;5;18;3;3;0;1;0;0;0;0;1;0;0;0;796824,0277;5820997,083;13,36953774;52,4583128
5844;200826;11;3;3030715;2018;5;9;5;2;3;6;0;1;1;0;0;0;0;0;800907,1804;5833518,24;13,44077311;52,56831005
5845;200827;11;6;6040806;2018;5;17;3;3;0;7;0;1;0;0;0;0;0;0;789152,2397;5819750,045;13,25586456;52,45124572
5846;200828;11;3;3061131;2018;5;15;6;2;0;1;0;1;0;0;0;0;0;0;798675,4336;5830304,934;13,40505235;52,54073661
5847;200829;11;4;4030518;2018;5;16;3;3;5;2;0;0;1;0;0;0;0;0;791387,5746;5828587,206;13,29639301;52,52928364
5848;200830;11;4;4020313;2018;5;16;3;3;5;2;0;1;1;0;0;0;0;0;790472,1152;5826692,076;13,28128093;52,51278231
5849;200831;11;6;6030607;2018;5;12;5;2;6;2;0;0;1;1;0;0;0;0;791478,9296;5816159,023;13,2868751;52,41781621
5850;200832;11;4;4041343;2018;5;15;3;3;5;3;0;0;1;0;0;0;0;0;792644,6047;5822752,859;13,30974281;52,47630701
5851;200833;11;5;5030832;2018;5;15;3;2;5;2;0;1;1;0;0;0;0;0;788720,2386;5830531,915;13,25887265;52,54813784
5852;200834;11;7;7050506;2018;5;15;3;2;5;2;0;0;1;0;0;0;0;0;799046,3064;5816806,939;13,39839851;52,41954192
5853;200835;11;1;1033203;2018;5;20;6;2;0;2;0;0;1;0;1;0;0;0;796786,796;5830376,189;13,37734983;52,54240726
5854;200836;11;8;8030829;2018;5;14;3;3;3;6;0;0;1;0;1;0;0;0;803653,806;5818070,901;13,46709141;52,42833394
5855;200837;11;10;10020413;2018;5;19;5;3;6;4;0;0;1;1;0;0;0;0;811100,314;5830920,065;13,58825234;52,53929815
5856;200838;11;7;7040403;2018;5;14;3;3;5;3;0;1;1;0;0;0;0;0;797259,4869;5820691,019;13,37565534;52,45533256
5857;200839;11;6;6030504;2018;5;14;3;3;6;7;0;1;0;1;0;0;0;0;789579,2045;5817242,108;13,25995688;52,42853503
5858;200840;11;12;12103219;2018;5;12;5;3;2;6;0;0;1;0;0;0;1;0;795673,5381;5832528,061;13,36289843;52,562302
5859;200841;11;9;9020502;2018;5;14;3;3;5;2;0;1;1;0;0;0;0;0;808122,7326;5821894,798;13,53613849;52,46010582
5860;200842;11;4;4051447;2018;5;14;3;3;2;7;0;1;0;0;0;0;1;0;793357,8029;5824837,176;13,32204804;52,49460955
5861;200843;11;5;5040936;2018;5;13;7;3;8;7;0;0;1;0;0;0;0;0;781367,664;5819766,283;13,14163113;52,45545399
5862;200844;11;11;11030617;2018;5;13;3;3;1;7;0;0;1;0;0;0;0;0;802889,79;5829618,4;13,46637875;52,53225721
5863;200845;11;1;1011302;2018;5;11;5;2;1;5;0;1;1;0;0;0;0;0;798650,9433;5828989,15;13,40350997;52,5289559
5864;200846;11;1;1011101;2018;5;13;3;3;1;5;0;1;1;0;0;0;0;0;794916,4565;5826633,167;13,34653079;52,50986944
5865;200847;11;2;2010101;2018;5;0;1;3;1;5;2;1;1;0;0;0;0;0;797793,3461;5825965,119;13,38819885;52,50231833
5866;200848;11;2;2020206;2018;5;13;3;3;3;6;0;1;0;0;0;1;0;0;799725,9721;5824483,531;13,41525289;52,48798002
5867;200849;11;9;9020501;2018;5;16;6;3;6;4;0;1;0;1;0;0;0;0;806606,4611;5822045,053;13,51402959;52,46230523
5868;200850;11;4;4020204;2018;5;13;3;2;5;2;0;0;1;0;1;0;0;0;787702,4941;5826432,996;13,24035745;52,51192748
5869;200851;11;6;6030502;2018;5;11;5;3;5;3;0;1;1;0;0;0;0;0;790221,7818;5815034,086;13,26746626;52,40839882
5870;200852;11;8;8010303;2018;5;19;5;3;0;1;0;1;0;0;0;0;0;0;800997,852;5823906,781;13,43340731;52,48211071
5871;200853;11;7;7040405;2018;5;12;3;2;3;6;0;0;1;0;1;0;0;0;799223,936;5821739,433;13,40541922;52,46365833
5872;200854;11;6;6040807;2018;5;12;3;3;6;7;0;0;1;1;0;0;0;0;789621,658;5818168,187;13,26138174;52,43681524
5873;200855;11;3;3040512;2018;5;10;5;3;2;6;0;0;1;0;1;0;0;0;796948,0731;5835828,618;13,38460171;52,5911938
5874;200856;11;8;8041037;2018;5;8;5;3;5;3;0;0;1;0;0;0;0;0;805242,756;5818116,118;13,4904302;52,42785506
5875;200857;11;11;11030721;2018;5;10;3;3;4;2;0;0;1;0;0;1;0;0;805183,5029;5827914,415;13,49852508;52,51570604
5876;200858;11;4;4030417;2018;5;10;3;3;5;2;0;0;1;0;0;0;0;0;791751,7368;5827251,543;13,30057428;52,51711489
5877;200859;11;6;6010102;2018;5;16;6;3;2;6;0;0;1;0;1;0;0;0;793430,9074;5820309,84;13,31913878;52,45398426
5878;200860;11;6;6010103;2018;5;9;6;3;5;3;0;1;1;0;0;0;0;0;793635,6089;5821496,856;13,32318666;52,46451552
5879;200861;11;4;4051448;2018;5;10;3;3;3;6;0;0;1;0;1;0;0;0;793865,3115;5824945,565;13,32959762;52,4953082
5880;200862;11;6;6020410;2018;5;10;5;3;5;2;0;1;1;0;0;0;0;0;794479,3346;5816580,099;13,33123742;52,4199849
5881;200863;11;3;3020210;2018;5;12;6;3;2;2;0;0;0;0;1;0;1;0;798603,534;5835163,01;13,40836716;52,58432139
5882;200864;11;2;2040502;2018;5;10;3;3;5;3;0;0;1;0;0;0;0;0;800416,3884;5828046,017;13,42860465;52,51953233
5883;200865;11;1;1044101;2018;5;10;5;2;5;7;0;0;1;0;0;0;0;0;794398,7387;5830773,215;13,34259034;52,54726187
5884;200866;11;12;12224230;2018;5;16;5;3;6;7;0;1;0;1;0;0;0;0;786218,3113;5838995,241;13,2293879;52,62533696
5885;200867;11;9;9010202;2018;5;9;3;3;2;7;0;0;1;0;0;0;0;0;804420,241;5823872,602;13,48361787;52,47990728
5886;200868;11;1;1011204;2018;5;9;3;3;6;4;0;0;1;1;0;0;0;0;797860,6562;5826826,415;13,38995816;52,51000207
5887;200869;11;6;6030607;2018;5;10;5;3;5;2;0;0;1;0;1;0;0;0;791487,4915;5816163,356;13,28700442;52,4178505
5888;200870;11;1;1022206;2018;5;14;7;3;5;2;0;0;1;0;1;0;0;0;796238,4134;5828119,968;13,36727646;52,52248092
5889;200871;11;8;8020620;2018;5;9;3;3;3;6;0;0;1;0;1;0;0;0;801033,6809;5820601,677;13,4309516;52,45246623
5890;200872;11;11;11051331;2018;5;15;6;3;5;3;0;1;1;0;0;0;0;0;807679,4375;5824545,373;13,53207918;52,48411032
5891;200873;11;8;8010404;2018;5;15;5;3;5;2;0;1;1;0;0;0;0;0;802165,0132;5823364,904;13,45005121;52,47660923
5892;200874;11;4;4020313;2018;5;8;6;2;6;4;0;0;0;1;0;1;0;0;790472,3978;5826690,187;13,28128343;52,51276523
5893;200875;11;4;4030930;2018;5;9;3;3;5;2;0;1;1;0;0;0;0;0;792848,7604;5825759,518;13,31538244;52,50315143
5894;200876;11;1;1022204;2018;5;10;5;3;5;2;0;1;1;0;0;0;0;0;794787,3176;5828310,866;13,34612003;52,52497863
5895;200877;11;10;10010102;2018;5;7;3;3;5;3;0;0;1;0;0;0;0;0;809450,5407;5834611,97;13,56744655;52,57332265
5896;200878;11;1;1011101;2018;5;9;3;3;5;2;0;1;1;0;0;0;0;0;794923,5947;5825985,545;13,34606192;52,50406009
5897;200879;11;9;9031101;2018;5;9;5;2;9;7;0;0;1;0;0;1;0;0;811373,9388;5817445,23;13,57969199;52,41838829
5898;200880;11;12;12304314;2018;5;17;5;3;5;2;0;0;1;0;0;0;0;0;790621,7515;5835977,49;13,29160878;52,59594566
5899;200881;11;1;1022204;2018;5;9;3;3;2;6;0;0;1;0;0;1;0;0;794598,0744;5828337,386;13,34336218;52,52531865
5900;200882;11;7;7040403;2018;5;8;3;3;2;2;0;1;1;0;0;0;0;0;797220,1545;5820698,018;13,37508443;52,45541669
5901;200883;11;1;1011303;2018;5;9;5;3;2;6;0;1;1;0;0;0;0;0;799033,0485;5827761,859;13,40802238;52,51774558
5902;200884;11;4;4051653;2018;5;8;3;2;6;4;0;1;0;1;0;0;0;0;793985,321;5824713,234;13,33115525;52,49316083
5903;200885;11;8;8041039;2018;5;17;6;3;5;3;0;1;1;0;0;0;0;0;806499,7609;5815421,179;13,50639223;52,40299901
5904;200886;11;4;4030415;2018;5;7;5;3;0;2;0;0;1;0;1;0;1;0;790795,0859;5827382,999;13,28663061;52,51880434
5905;200887;11;1;1033203;2018;5;8;3;3;2;6;0;0;1;0;1;0;0;0;797260,437;5831137,886;13,38499511;52,54897677
5906;200888;11;11;11020514;2018;5;7;3;3;5;3;0;1;1;0;0;0;0;0;804726,7345;5831202,865;13,49482887;52,54543412
5907;200889;11;12;12304313;2018;5;9;5;3;6;4;0;0;1;1;0;0;0;0;791658,9096;5834488,723;13,30556685;52,58204412
5908;200890;11;3;3061228;2018;5;7;3;3;6;7;0;0;1;1;0;0;0;0;801103,912;5831221,012;13,44158296;52,54761105
5909;200891;11;4;4051448;2018;5;13;1;3;5;2;0;0;1;0;0;0;0;0;793965,6061;5824957,31;13,33108107;52,49535947
5910;200892;11;10;10030727;2018;5;7;3;3;5;3;0;0;1;0;0;1;0;0;809405,2063;5825747,256;13,55852821;52,49390618
5911;200893;11;7;7060604;2018;5;14;6;2;6;2;0;0;1;1;0;0;0;0;795655,6541;5816060,607;13,34802594;52,41469375
5912;200894;11;9;9020502;2018;5;7;3;3;5;3;0;1;0;0;0;0;1;0;807382,174;5822366,518;13,52570748;52,46475049
5913;200895;11;4;4041241;2018;5;16;3;3;6;2;0;0;1;1;0;0;0;0;791335,2629;5822361,42;13,29017721;52,47349778
5914;200896;11;12;12224230;2018;5;19;6;3;5;2;0;0;1;0;0;0;0;0;785716,2994;5835731,625;13,21917331;52,59634088
5915;200897;11;10;10040828;2018;5;23;2;2;0;3;2;1;0;0;0;0;1;0;811452,5556;5828135,306;13,59082105;52,514142
5916;200898;11;1;1033101;2018;5;21;5;3;6;4;1;0;1;1;0;0;0;0;797203,4944;5832024,744;13,38495171;52,55695743
5917;200899;11;1;1011101;2018;5;10;2;3;5;2;0;1;1;0;0;0;0;0;795257,0669;5826619,125;13,35152259;52,50955931
5918;200900;11;8;8010510;2018;5;17;2;3;5;2;0;1;1;0;0;0;0;0;803170,5816;5821960,419;13,46353545;52,46346368
5919;200901;11;1;1033101;2018;5;9;5;3;5;2;0;1;1;0;0;0;0;0;797536,0837;5832716,672;13,39046345;52,56297806
5920;200902;11;12;12103218;2018;5;9;2;3;6;4;0;0;1;1;0;0;0;0;795294,8951;5833314,921;13,35802923;52,56956095
5921;200903;11;6;6010207;2018;5;14;2;3;1;5;0;0;1;0;1;0;0;0;793478,6011;5820180,581;13,31972504;52,45279989
5922;200904;11;8;8010117;2018;5;16;5;3;5;2;0;0;1;0;0;0;1;0;800475,0491;5823614,716;13,42546869;52,47978075
5923;200905;11;4;4051448;2018;5;15;2;3;5;3;0;0;1;0;0;0;0;0;793965,8059;5824961,102;13,33108735;52,49539336
5924;200906;11;7;7050506;2018;5;18;6;3;5;2;0;0;1;0;0;0;0;0;799046,0155;5816806,822;13,39839414;52,41954102
5925;200907;11;9;9020701;2018;5;13;2;3;5;2;0;0;1;0;0;0;0;0;808982,3473;5818113,024;13,54525373;52,4257284
5926;200908;11;3;3040614;2018;5;9;5;2;6;4;0;0;1;1;0;0;0;0;799603,8736;5835388,714;13,42329174;52,58579449
5927;200909;11;5;5010209;2018;5;16;5;3;5;3;0;1;1;0;0;0;0;0;783246,129;5830300,427;13,17816299;52,54893629
5928;200910;11;11;11030721;2018;5;17;2;3;5;3;0;0;1;0;1;0;0;0;805163,2027;5827722,792;13,49805111;52,51399998
5929;200911;11;7;7030303;2018;5;17;2;3;6;7;0;0;1;1;0;0;0;0;795813,2156;5820981,99;13,35469098;52,45872556
5930;200912;11;8;8010214;2018;5;9;5;3;1;5;0;0;1;0;1;0;0;0;801477,8951;5821984,262;13,43871726;52,46461391
5931;200913;11;1;1011302;2018;5;18;5;3;6;4;0;1;0;1;0;0;0;0;799094,5559;5828993,89;13,41003411;52,52875519
5932;200914;11;2;2010102;2018;5;21;2;3;6;7;2;0;1;1;0;0;0;0;798345,7837;5825526,256;13,39592026;52,49808272
5933;200915;11;1;1011402;2018;5;19;2;3;0;4;0;1;0;1;0;0;0;0;798561,8951;5829488,091;13,40264931;52,53347698
5934;200916;11;7;7030303;2018;5;18;2;3;0;2;0;1;0;0;1;0;0;0;795384,7552;5820977,942;13,34839974;52,45892102
5935;200917;11;3;3050925;2018;5;19;2;3;1;5;0;1;1;0;0;0;0;0;801876,1427;5831159,597;13,45288097;52,54663324
5936;200918;11;1;1022201;2018;5;7;6;3;3;6;0;1;1;0;0;0;0;0;795766,402;5829098,12;13,36120986;52,53150541
5937;200919;11;4;4030620;2018;5;11;6;3;5;2;0;0;1;0;1;0;0;0;792130,3922;5827509,445;13,30636522;52,51922422
5938;200920;11;8;8010211;2018;5;18;2;2;5;2;0;1;1;0;0;0;0;0;800440,4192;5823726,79;13,42506129;52,48080436
5939;200921;11;3;3061435;2018;5;15;5;3;3;6;0;0;1;0;0;1;0;0;802188,1381;5829136,253;13,45562806;52,52832519
5940;200922;11;1;1011302;2018;5;17;2;2;0;1;0;1;0;0;0;0;0;0;798084,8658;5828460,109;13,39471579;52,52452357
5941;200923;11;10;10030724;2018;5;13;2;2;1;3;0;0;1;0;1;0;0;0;809035,4287;5828647,227;13,55579085;52,52010452
5942;200924;11;5;5010314;2018;5;9;2;3;5;2;0;0;1;0;1;0;0;0;784214,5172;5828953,977;13,19125418;52,53635954
5943;200925;11;6;6020411;2018;5;12;6;3;5;2;0;1;1;0;0;0;0;0;794115,7375;5815507,468;13,32496356;52,41056463
5944;200926;11;3;3050919;2018;5;7;6;3;0;2;0;1;1;0;0;0;0;0;802070,4366;5832779,981;13,45721186;52,56104889
5945;200927;11;4;4010102;2018;5;17;7;3;5;2;0;0;1;0;0;0;0;0;791663,9747;5830679,288;13,30229234;52,5478909
5946;200928;11;2;2050801;2018;5;7;2;3;6;4;0;0;1;1;0;0;0;0;803018,5671;5827019,793;13,46590424;52,50889477
5947;200929;11;8;8020620;2018;5;21;6;3;0;2;2;0;1;0;1;0;0;0;801162,434;5820617,672;13,432855;52,45253868
5948;200930;11;2;2020202;2018;5;8;6;3;5;2;0;1;1;0;0;0;0;0;797938,672;5825259,618;13,38970239;52,49591504
5949;200931;11;5;5020626;2018;5;2;2;3;5;3;2;0;1;0;0;0;0;0;784988,7596;5827649,348;13,20151999;52,52425796
5950;200932;11;2;2010102;2018;5;17;5;3;1;5;0;1;1;0;0;0;0;0;798016,1836;5825869,379;13,39138637;52,50133848
5951;200933;11;4;4030828;2018;5;10;2;3;0;3;0;0;1;0;1;0;0;0;792990,8137;5826642,022;13,31824599;52,51098649
5952;200934;11;8;8020624;2018;5;12;2;3;2;6;0;0;1;0;0;0;0;0;799817,8629;5818039,965;13,41081531;52,43017222
5953;200935;11;7;7020202;2018;5;6;2;3;5;3;0;0;1;0;0;0;1;0;794934,6555;5823119,905;13,34368789;52,47836554
5954;200936;11;1;1044203;2018;5;17;6;3;5;3;0;0;1;0;0;0;0;0;795932,7591;5831388,799;13,36569562;52,55194884
5955;200937;11;1;1044201;2018;5;9;5;3;0;3;0;1;1;0;0;0;0;0;796688,0431;5831641,276;13,37702814;52,55380113
5956;200938;11;2;2020206;2018;5;14;1;3;5;2;0;1;1;0;0;0;0;0;799266,055;5825002,537;13,40896579;52,49288447
5957;200939;11;1;1011305;2018;5;16;1;3;6;4;0;1;0;1;0;0;0;0;798947,8922;5827297,565;13,40635398;52,51363053
5958;200940;11;6;6030608;2018;5;14;5;2;5;3;0;1;1;0;0;0;0;0;792089,821;5817213,118;13,2967526;52,42694052
5959;200941;11;2;2040703;2018;5;23;1;3;5;2;2;1;1;0;0;0;0;0;801765,7504;5826250,38;13,44680332;52,50269289
5960;200942;11;8;8020728;2018;5;23;1;2;6;4;2;0;1;1;0;0;0;0;802477,3063;5817008,076;13,44887956;52,41945934
5961;200943;11;2;2020204;2018;5;22;1;3;6;7;2;1;0;1;0;0;0;0;797876,1608;5824918,291;13,38847912;52,49288956
5962;200944;11;8;8010302;2018;5;21;1;3;5;2;2;1;1;0;0;0;0;0;801848,5728;5824435,409;13,44637535;52,48637929
5963;200945;11;9;9020501;2018;5;19;1;3;5;2;0;1;1;0;0;0;0;0;806580,0744;5822760,308;13,51429949;52,46873038
5964;200946;11;4;4051654;2018;5;18;6;2;1;5;0;1;1;0;0;0;0;0;793432,0069;5823740,417;13,32217215;52,48473764
5965;200947;11;5;5020521;2018;5;18;1;3;2;6;0;0;1;0;0;0;0;0;779738,0339;5827861,85;13,12450862;52,52888298
5966;200948;11;7;7040405;2018;5;20;5;3;5;3;1;0;1;0;1;0;0;0;799045,4238;5821268,833;13,40237783;52,45953774
5967;200949;11;5;5020626;2018;5;19;1;3;5;3;0;0;1;0;0;0;1;0;785142,739;5827306,447;13,20348943;52,52110301
5968;200950;11;2;2020201;2018;5;15;1;3;5;3;0;1;0;0;0;0;1;0;797081,1536;5825636,622;13,37744445;52,49976192
5969;200951;11;2;2020203;2018;5;16;1;3;5;2;0;1;1;0;0;0;0;0;797753,44;5824294,292;13,38611932;52,48736309
5970;200952;11;1;1011105;2018;5;21;7;3;0;7;1;1;0;0;0;0;0;0;796815,88;5826790,367;13,37457664;52,51024841
5971;200953;11;9;9051901;2018;5;17;5;2;2;6;0;0;1;0;0;0;0;0;809685,1991;5821275,817;13,55848794;52,45367552
5972;200954;11;1;1011402;2018;5;17;6;3;0;1;0;1;0;0;0;0;0;0;798636,3396;5829378,693;13,40364527;52,53245561
5973;200955;11;1;1011303;2018;5;16;1;2;0;1;0;1;0;0;0;0;0;0;799025,0238;5827770,281;13,40791204;52,51782547
5974;200956;11;1;1044101;2018;5;5;2;3;5;3;0;1;1;0;1;0;0;0;793673,1482;5832253,886;13,33323052;52,56092682
5975;200957;11;4;4010101;2018;5;10;4;3;2;6;0;0;1;0;0;0;1;0;791325,2404;5830671,568;13,29730423;52,54800294
5976;200958;11;5;5020419;2018;5;22;2;3;0;4;2;0;1;1;0;0;0;0;780893,2632;5828333,406;13,14189173;52,53251719
5977;200959;11;3;3071639;2018;5;9;3;3;1;5;0;1;1;0;0;0;0;0;800391,6791;5829064,461;13,42916149;52,52867454
5978;200960;11;9;9051901;2018;5;14;2;3;6;4;0;0;1;1;0;0;0;0;810937,8163;5821599,948;13,5771642;52,45586919
5979;200961;11;8;8041036;2018;6;12;6;2;5;3;0;0;1;0;0;0;0;0;805255,4114;5817244,403;13,48982035;52,4200351
5980;200962;11;8;8041037;2018;5;19;2;2;5;2;0;0;1;0;1;0;0;0;806552,2628;5817644,153;13,50919723;52,422893
5981;200963;11;6;6020303;2018;5;20;2;3;5;2;1;1;0;0;1;0;0;0;795188,4367;5818767,034;13,34356492;52,4392076
5982;200964;11;2;2010104;2018;6;10;6;3;1;5;0;0;1;0;0;0;1;0;799028,7385;5825610,819;13,40602676;52,49846694
5983;200965;11;1;1011304;2018;5;19;3;2;6;4;0;1;0;1;0;0;0;0;799688,8676;5827846,47;13,41773479;52,51814399
5984;200966;11;10;10030727;2018;5;19;2;2;2;2;0;0;1;0;0;0;0;0;809718,5486;5826038,744;13,56339983;52,49634071
5985;200967;11;3;3050920;2018;6;10;6;3;0;2;0;0;1;0;0;0;1;0;801687,9618;5831792,83;13,45068956;52,55241313
5986;200968;11;7;7020204;2018;5;12;3;3;6;4;0;0;1;1;0;0;0;0;796546,2153;5823965,52;13,36809979;52,48507302
5987;200969;11;1;1011202;2018;6;10;6;3;6;4;0;1;0;1;0;0;0;0;797205,0291;5827480,851;13,38091053;52,51622595
5988;200970;11;2;2020204;2018;5;17;3;2;5;3;0;1;0;0;0;0;0;0;797878,8656;5824888,527;13,38849223;52,49262129
5989;200971;11;11;11041022;2018;5;20;2;2;6;4;0;1;0;1;0;0;0;0;806601,7895;5827742,842;13,5192026;52,51337295
5990;200972;11;12;12214527;2018;6;9;6;3;3;6;0;1;1;0;0;0;0;0;790253,7322;5835072,867;13,28539807;52,58803237
5991;200973;11;12;12231102;2018;5;13;3;3;5;2;0;0;1;0;1;0;0;0;790766,9059;5839503,169;13,29684431;52,62747489
5992;200974;11;7;7010102;2018;6;9;6;3;0;3;0;0;1;0;0;0;1;0;795848,7897;5824962,22;13,35874398;52,49438597
5993;200975;11;9;9010201;2018;5;18;2;3;0;3;0;1;1;0;0;0;0;0;803080,8708;5824008,273;13,46407962;52,48186826
5994;200976;11;5;5010208;2018;6;7;6;3;5;2;0;1;1;0;0;0;0;0;784168,4227;5830071,486;13,19153233;52,54640324
5995;200977;11;4;4051448;2018;5;18;2;2;2;6;0;0;1;0;1;0;0;0;794215,0099;5825412,91;13,33514662;52,49930929
5996;200978;11;6;6040809;2018;5;18;2;3;5;3;0;0;1;0;0;0;0;0;791746,1719;5819708,147;13,29389064;52,44949191
5997;200979;11;8;8010301;2018;6;8;6;3;5;3;0;1;0;0;0;0;1;0;801058,775;5824930,617;13,43522651;52,49125405
5998;200980;11;6;6040701;2018;5;17;3;3;3;6;0;1;1;0;0;0;0;0;782833,6078;5817018,116;13,16082143;52,43005578
5999;200981;11;1;1022201;2018;5;18;2;3;2;2;0;1;1;0;0;0;0;0;795427,395;5829543,081;13,35662225;52,53567795
6000;200982;11;7;7040402;2018;6;8;6;2;5;2;0;1;0;0;0;1;0;0;796815,1152;5822352,1;13,37061208;52,47046413
6001;200983;11;1;1011202;2018;5;7;3;3;2;2;0;0;1;0;0;0;1;0;797892,6791;5828184,861;13,39164486;52,52216136
6002;200984;11;11;11030618;2018;6;8;6;2;0;1;0;0;0;0;1;0;0;0;802968,0827;5828709,947;13,46670166;52,5240714
6003;200985;11;9;9020502;2018;6;7;6;3;5;3;0;1;1;0;0;0;0;0;806575,0376;5822316,525;13,51381787;52,46475588
6004;200986;11;5;5010339;2018;5;17;2;2;5;3;0;1;1;0;0;0;0;0;787265,0093;5828333,927;13,23557039;52,52920104
6005;200987;11;2;2010101;2018;6;6;6;3;1;5;0;1;1;0;0;0;0;0;797759,8032;5825752,897;13,38751639;52,50043432
6006;200988;11;10;10040830;2018;6;6;6;3;2;6;0;0;1;0;0;0;0;0;810483,8521;5824803,137;13,57348562;52,48483296
6007;200989;11;6;6040701;2018;5;17;2;2;5;2;0;1;1;0;0;0;0;0;782864,148;5815866,563;13,16029559;52,41971448