;OBJECTID;LAND;BEZ;LOR;UJAHR;UMONAT;USTUNDE;UWOCHENTAG;UKATEGORIE;UART;UTYP1;ULICHTVERH;IstRad;IstPKW;IstFuss;IstKrad;IstGkfz;IstSonstige;USTRZUSTAND;LINREFX;LINREFY;XGCSWGS84;YGCSWGS84
6008;200990;11;3;3040818;2018;5;17;2;3;5;2;0;0;0;0;1;0;1;0;800179,9071;5834825,376;13,43125831;52,58042767
6009;200991;11;4;4020311;2018;6;17;6;3;5;3;0;0;1;0;1;0;0;0;788668,075;5826938,962;13,25498521;52,51595351
6010;200992;11;9;9020802;2018;5;7;3;3;2;2;0;0;1;0;0;0;0;0;810530,7413;5820023,497;13,56972714;52,44197299
6011;200993;11;8;8020621;2018;6;8;6;3;8;1;0;0;0;0;1;0;0;0;799833,5154;5819035,217;13,41193743;52,43908471
6012;200994;11;9;9030901;2018;6;15;6;3;5;3;0;1;1;0;0;0;0;0;808563,6116;5817461,501;13,53851407;52,42012568
6013;200995;11;1;1011102;2018;5;12;3;3;5;2;0;0;1;0;1;0;0;0;796564,683;5827947,255;13,37191726;52,52075537
6014;200996;11;11;11030720;2018;6;14;6;2;0;1;0;0;0;0;1;0;0;0;805646,5133;5830060,847;13,50729985;52,53468382
6015;200997;11;2;2050601;2018;6;14;6;3;5;2;0;1;0;0;0;0;1;0;801964,1367;5828237,948;13,45152046;52,52039779
6016;200998;11;12;12103117;2018;5;16;2;3;6;4;0;0;1;1;0;0;0;0;795792,4184;5832582,548;13,36469564;52,56272585
6017;200999;11;3;3020307;2018;6;16;6;3;2;6;0;0;1;0;0;0;0;0;799352,3975;5837575,333;13,42156755;52,60553219
6018;201000;11;7;7070704;2018;5;14;2;3;2;7;0;1;1;0;0;0;0;0;799821,9357;5813983,426;13,40724193;52,3938084
6019;201001;11;2;2040502;2018;6;7;6;3;5;3;0;1;1;0;0;0;0;0;800987,068;5828026,508;13,43697232;52,51904279
6020;201002;11;5;5010101;2018;5;16;3;2;5;2;0;0;1;0;1;0;0;0;785270,4313;5832334,329;13,20968438;52,56611558
6021;201003;11;9;9010301;2018;6;5;6;3;2;2;0;0;1;0;1;0;0;0;804344,6762;5821680,303;13,48050877;52,46030042
6022;201004;11;1;1011402;2018;5;13;2;3;4;1;0;1;0;0;0;0;1;0;798739,8983;5829585,713;13,40535349;52,5342545
6023;201005;11;4;4030931;2018;5;10;5;3;3;6;0;1;0;0;1;0;0;0;794353,2427;5826074,839;13,33776222;52,50516856
6024;201006;11;7;7020204;2018;5;19;3;2;5;3;0;1;1;0;0;0;0;0;796445,5404;5823519,567;13,36622497;52,48113012
6025;201007;11;8;8020625;2018;5;23;5;3;3;6;2;0;1;0;0;0;0;0;801470,8795;5819244,924;13,43614158;52,4400643
6026;201008;11;1;1011402;2018;5;23;5;2;0;7;2;1;0;0;0;0;0;0;798389,872;5829410,94;13,40005149;52,53287963
6027;201009;11;1;1033101;2018;5;7;3;3;5;2;0;1;1;0;0;0;0;0;796400,238;5832009,579;13,37312447;52,55725927
6028;201010;11;8;8010301;2018;5;21;5;3;5;2;2;0;1;0;0;0;0;0;801454,5699;5823883,867;13,44009168;52,4816534
6029;201011;11;5;5010209;2018;5;21;5;3;0;7;1;0;1;0;0;0;0;0;783083,6536;5829306,97;13,17492652;52,54011318
6030;201012;11;12;12302211;2018;5;12;2;3;2;6;0;0;1;0;0;0;1;0;793169,5181;5836824,408;13,32986522;52,60217025
6031;201013;11;1;1022103;2018;5;19;5;3;5;3;0;1;1;0;0;0;0;0;794562,8125;5829748,042;13,34409395;52,53798325
6032;201014;11;11;11020515;2018;5;17;3;3;5;7;0;1;1;0;0;0;0;0;804592,8029;5829955,82;13,49171676;52,53433239
6033;201015;11;2;2030301;2018;5;12;2;3;1;5;0;1;1;0;0;0;0;0;800057,103;5825923,573;13,421412;52,50070584
6034;201016;11;1;1011202;2018;5;19;5;3;5;2;0;1;1;0;0;0;0;0;797156,7448;5827685,304;13,38038367;52,51808495
6035;201017;11;4;4030622;2018;5;10;3;3;6;7;0;0;0;1;0;1;0;0;792072,3172;5826869,548;13,30495;52,51351879
6036;201018;11;11;11041128;2018;5;19;5;3;5;3;0;1;1;0;0;0;0;0;805860,6386;5825312,374;13,50608265;52,49200631
6037;201019;11;11;11020514;2018;5;18;5;3;5;5;0;1;1;0;0;0;0;0;804796,2154;5831256,163;13,49589922;52,54587294
6038;201020;11;8;8041037;2018;5;11;2;3;6;4;0;0;1;1;0;0;0;0;805661,5491;5817020,524;13,49556954;52,41780187
6039;201021;11;10;10030727;2018;5;17;5;3;5;2;0;1;0;0;0;0;1;0;809632,7446;5825758,304;13,5618793;52,49387616
6040;201022;11;12;12302107;2018;5;8;2;3;0;5;0;0;0;0;0;0;1;0;794351,1268;5835767,502;13,34632257;52,59205756
6041;201023;11;8;8010303;2018;5;18;5;3;3;6;0;0;0;0;1;1;0;0;801130,3966;5823774,749;13,43523396;52,4808542
6042;201024;11;12;12302110;2018;5;8;2;3;6;4;0;0;1;1;0;0;0;0;794903,1016;5836310,819;13,35493111;52,59662889
6043;201025;11;1;1022103;2018;5;13;2;2;5;7;0;0;1;0;1;0;0;0;794165,1309;5829358,555;13,33790262;52,53470656
6044;201026;11;2;2010102;2018;5;18;5;3;5;3;0;0;1;0;0;0;0;0;798542,5743;5826276,008;13,3994827;52,50469564
6045;201027;11;2;2030302;2018;5;23;3;3;0;7;2;0;1;0;1;0;0;0;800786,5358;5825814,912;13,43202733;52,49933032
6046;201028;11;1;1022106;2018;5;14;2;3;0;2;0;0;1;0;1;0;0;0;794234,8768;5828338,484;13,33802509;52,52552462
6047;201029;11;1;1011102;2018;5;17;5;3;5;2;0;1;1;0;0;0;0;0;795072,758;5827223,213;13,34935035;52,51507424
6048;201030;11;7;7060603;2018;5;14;3;3;5;3;0;1;1;0;0;0;0;0;798476,775;5816783,289;13,39002741;52,41964082
6049;201031;11;8;8020621;2018;5;17;5;2;5;3;0;1;1;0;0;0;0;0;801059,1319;5819526,818;13,43035635;52,44281785
6050;201032;11;1;1022106;2018;5;11;2;2;5;3;0;1;1;0;0;0;0;0;793670,6227;5828113,534;13,32953324;52,5238123
6051;201033;11;9;9020701;2018;5;22;5;3;2;6;2;0;1;0;0;0;0;0;808616,1281;5819192,557;13,54088113;52,43560991
6052;201034;11;6;6020410;2018;5;10;2;2;5;7;0;0;1;0;0;0;1;0;794202,0429;5817528,501;13,32800573;52,42863614
6053;201035;11;12;12214125;2018;5;14;2;3;2;6;0;0;1;0;0;0;0;0;790318,2308;5833685,456;13,28513212;52,57555993
6054;201036;11;8;8020727;2018;5;17;5;3;1;5;0;1;1;0;0;0;0;0;801260,1094;5816397,931;13,43048584;52,41466171
6055;201037;11;1;1011102;2018;5;17;3;3;6;4;0;0;1;1;0;0;0;0;795196,3165;5827248,693;13,3511885;52,51523579
6056;201038;11;6;6040810;2018;5;16;2;3;2;6;0;0;1;0;0;0;0;0;791276,3252;5821480,049;13,28854244;52,46562768
6057;201039;11;11;11041023;2018;5;16;5;3;2;6;0;0;1;0;0;0;1;0;806947,3592;5827777,047;13,52431048;52,51348516
6058;201040;11;7;7050503;2018;5;9;3;3;0;7;0;1;0;0;0;0;1;0;799422,5882;5820411,694;13,40714379;52,45164814
6059;201041;11;9;9051901;2018;5;16;2;3;5;2;0;1;0;0;0;0;1;0;809946,3797;5821592,63;13,56261328;52,45636669
6060;201042;11;3;3061435;2018;5;16;5;3;5;3;0;0;1;0;0;0;0;0;801752,8614;5829154,11;13,44924735;52,52872634
6061;201043;11;4;4041134;2018;5;12;3;3;5;2;0;1;1;0;0;0;0;0;790841,6491;5823645,863;13,28405077;52,48527598
6062;201044;11;10;10040933;2018;5;16;5;3;5;3;0;1;1;0;0;0;0;0;812400,5306;5824300,461;13,60114907;52,47923519
6063;201045;11;1;1011304;2018;5;20;5;2;0;7;0;1;0;0;0;0;0;0;800060,4811;5828481,514;13,4237679;52,52363178
6064;201046;11;8;8020619;2018;5;16;2;3;3;6;0;0;1;0;1;0;0;0;801516,3527;5820763,906;13,43817945;52,45365432
6065;201047;11;10;10020413;2018;5;16;2;3;5;2;0;0;1;0;0;0;0;0;812011,566;5830584,122;13,60132947;52,53576678
6066;201048;11;6;6030606;2018;5;15;5;3;6;2;0;0;1;1;0;0;0;0;793252,609;5819833,558;13,3161042;52,4498102
6067;201049;11;8;8010302;2018;5;15;3;3;5;3;0;0;1;0;0;0;0;0;801747,3208;5824286,997;13,44475438;52,48510503
6068;201050;11;4;4030827;2018;5;15;5;3;1;5;0;1;1;0;0;0;0;0;792529,0285;5826100,408;13,31098493;52,50637892
6069;201051;11;8;8010118;2018;5;15;5;3;5;3;0;0;1;0;0;0;0;0;801182,1389;5821806,322;13,43421638;52,46318209
6070;201052;11;11;11030721;2018;5;7;3;3;0;2;0;1;1;0;0;0;0;0;804273,0356;5827867,321;13,48510611;52,51579264
6071;201053;11;6;6040804;2018;5;15;5;3;5;3;0;1;1;0;0;0;0;0;787244,8678;5818354,054;13,22667404;52,43973517
6072;201054;11;8;8020625;2018;5;17;5;2;5;3;0;1;1;0;0;0;0;0;801432,9011;5818800,729;13,43518397;52,43610376
6073;201055;11;11;11030618;2018;5;12;3;3;2;2;0;0;1;0;0;0;0;0;802429,999;5828893,003;13,45896122;52,52601084
6074;201056;11;9;9020702;2018;5;12;5;3;0;6;0;0;1;0;1;0;0;0;808821,3633;5819294,75;13,54398499;52,43640993
6075;201057;11;9;9051702;2018;5;13;5;3;4;2;0;1;1;0;0;0;0;0;813700,0045;5820750,917;13,61688491;52,44668278
6076;201058;11;1;1011306;2018;5;15;2;3;5;2;0;1;1;0;0;0;0;0;799780,8626;5827001,28;13,41832508;52,51051764
6077;201059;11;7;7030301;2018;5;14;5;2;5;3;0;0;1;0;1;0;0;0;794766,4361;5822876,27;13,34100279;52,47627231
6078;201060;11;9;9020701;2018;5;14;2;3;5;3;0;1;1;0;0;0;0;0;808809,4645;5819002,117;13,54354021;52,43379407
6079;201061;11;3;3040818;2018;5;12;5;3;5;2;0;1;0;0;0;0;1;0;799043,3442;5832789,043;13,41269839;52,56280102
6080;201062;11;6;6020408;2018;5;18;3;2;3;6;0;0;1;0;1;0;0;0;792695,2857;5816248,323;13,30478786;52,41796765
6081;201063;11;6;6040810;2018;5;15;5;2;1;5;0;1;1;0;0;0;0;0;791206,3117;5820497,859;13,28665785;52,4568596
6082;201064;11;1;1011203;2018;5;12;5;3;2;6;0;0;1;0;0;0;0;0;797768,3912;5827400,75;13,38911656;52,51520066
6083;201065;11;3;3061429;2018;5;13;3;3;5;2;0;1;1;0;0;0;0;0;801909,0214;5830330,674;13,45261103;52,53918541
6084;201066;11;12;12231101;2018;5;8;5;3;0;5;0;0;1;0;0;1;0;0;791359,4413;5837348,341;13,30367541;52,60784016
6085;201067;11;1;1011402;2018;5;8;2;3;0;1;0;1;0;0;0;0;0;0;798545,5023;5829189,753;13,4021404;52,53081178
6086;201068;11;1;1011204;2018;5;12;5;3;3;2;0;1;0;0;0;0;0;0;798570,4764;5826873,895;13,4004288;52,51003963
6087;201069;11;6;6030610;2018;5;18;3;3;0;3;0;0;1;0;1;0;0;0;792229,3162;5818667,774;13,30006982;52,43990698
6088;201070;11;3;3030406;2018;5;6;2;3;5;3;0;1;1;0;0;0;0;0;803542,1056;5838761,993;13,48433524;52,61384459
6089;201071;11;8;8020619;2018;5;13;5;2;2;6;0;1;1;0;0;0;0;0;802235,0245;5821225,182;13,44914088;52,45739192
6090;201072;11;5;5030832;2018;5;13;5;3;5;3;0;1;1;0;0;0;0;0;789316,8149;5829266,664;13,26654423;52,53647812
6091;201073;11;1;1044201;2018;5;7;2;3;5;2;0;1;1;0;0;0;0;0;796674,6375;5831952,576;13,37710921;52,55659889
6092;201074;11;4;4020311;2018;5;14;5;3;3;6;0;0;1;0;1;0;0;0;788237,8641;5827765,147;13,24937875;52,52358815
6093;201075;11;5;5010206;2018;5;7;2;2;5;2;0;1;1;0;0;0;0;0;781552,6001;5830707,989;13,15359894;52,5534687
6094;201076;11;5;5030832;2018;5;14;5;3;5;3;0;0;1;0;0;0;0;0;787971,7217;5830554,181;13,24788372;52,54873368
6095;201077;11;4;4051655;2018;5;8;3;3;5;3;0;1;1;0;0;0;0;0;794155,0099;5824121,794;13,33312533;52,48776747
6096;201078;11;5;5020626;2018;5;8;5;3;2;2;0;0;1;0;0;0;0;0;784491,9709;5827257,822;13,19388237;52,52100697
6097;201079;11;9;9051801;2018;5;14;5;3;5;3;0;0;1;0;1;0;0;0;818924,9251;5820247,209;13,69302425;52,4391472
6098;201080;11;4;4051652;2018;5;15;2;3;1;5;0;1;1;0;0;0;0;0;793572,4986;5824097,908;13,32455003;52,48786689
6099;201081;11;9;9020502;2018;5;8;5;3;0;2;0;1;1;0;0;0;0;0;806816,731;5821997,201;13,51707087;52,46175835
6100;201082;11;7;7030301;2018;5;8;2;3;5;2;0;1;1;0;0;0;0;0;794256,6898;5822036,477;13,33277831;52,46901885
6101;201083;11;6;6010206;2018;5;8;2;3;2;6;0;0;1;0;1;0;0;0;794212,4713;5819418,397;13,32982212;52,44557272
6102;201084;11;9;9020802;2018;5;7;5;3;0;2;0;1;1;0;0;0;0;0;810697,0219;5819284,936;13,57147915;52,43525982
6103;201085;11;10;10020621;2018;5;20;3;2;5;3;0;1;1;0;0;0;0;0;811540,4135;5829594,172;13,59347782;52,52716511
6104;201086;11;6;6010102;2018;5;7;2;3;0;1;0;0;0;0;1;0;0;1;793338,7781;5821082,026;13,31846533;52,46095613
6105;201087;11;3;3061227;2018;5;7;5;3;2;3;0;1;1;0;0;0;0;0;799495,3398;5831781,716;13,41843754;52,55352355
6106;201088;11;11;11030618;2018;5;14;3;3;5;3;0;1;1;0;0;0;0;0;803688,1601;5829049,283;13,47759256;52,52671219
6107;201089;11;9;9020602;2018;5;7;5;3;5;3;0;0;1;0;1;0;0;0;808109,2811;5820953,433;13,53507253;52,45167681
6108;201090;11;1;1044202;2018;5;7;5;3;6;4;0;0;1;1;0;0;0;0;794610,3416;5829870,036;13,34490087;52,53905114
6109;201091;11;4;4030417;2018;5;8;2;3;5;2;0;1;1;0;0;0;0;0;791572,044;5826536,149;13,29730676;52,51079758
6110;201092;11;5;5030832;2018;5;15;3;3;0;7;0;1;0;0;0;0;0;0;787989,9453;5830642,249;13,24822811;52,54951361
6111;201093;11;7;7040405;2018;5;7;5;3;5;3;0;1;0;0;0;0;1;0;799653,82;5820997,439;13,41106191;52,45677183
6112;201094;11;2;2040703;2018;5;6;2;2;5;3;0;1;1;0;0;0;0;0;801755,2141;5826262,49;13,44665954;52,50280726
6113;201095;11;12;12214527;2018;5;14;5;3;5;3;0;0;1;0;0;0;0;0;789907,6162;5835699,704;13,28085203;52,5938365
6114;201096;11;4;4041343;2018;5;5;2;3;5;2;0;1;1;0;0;0;0;0;792602,3819;5822988,831;13,30932997;52,47844507
6115;201097;11;1;1011105;2018;5;8;2;3;3;6;0;1;1;0;0;0;0;0;795470,2188;5826645,213;13,35467734;52,50967776
6116;201098;11;8;8010301;2018;5;2;5;3;5;2;2;1;1;0;0;0;0;0;801459,4402;5823891,011;13,44016964;52,48171474
6117;201099;11;8;8010510;2018;5;16;3;3;0;1;0;0;1;0;0;0;0;0;802189,318;5822466,812;13,4495944;52,46854609
6118;201100;11;1;1033101;2018;5;12;2;1;5;3;0;0;1;0;1;0;0;0;796407,5446;5832012,073;13,37323416;52,55727766
6119;201101;11;8;8010301;2018;5;1;5;3;5;3;2;1;1;0;0;0;0;0;800508,4421;5824579,956;13,42682905;52,48841418
6120;201102;11;3;3030711;2018;5;13;3;3;5;2;0;0;1;0;1;0;0;0;801040,6323;5836014,196;13,44500284;52,59060756
6121;201103;11;10;10040931;2018;5;14;5;2;5;3;0;0;1;0;1;0;0;0;814741,4342;5829903,997;13,64080084;52,52810294
6122;201104;11;11;11030720;2018;5;15;5;3;2;6;0;0;1;0;0;0;1;0;805106,3623;5829971,774;13,49927932;52,53418814
6123;201105;11;9;9030901;2018;5;7;1;3;1;5;0;1;0;0;0;1;0;0;807534,7479;5815317,721;13,52146307;52,40149156
6124;201106;11;5;5010314;2018;5;11;5;3;5;2;0;0;1;0;1;0;0;0;785063,1036;5829466,209;13,20417102;52,54050895
6125;201107;11;4;4031032;2018;5;9;1;3;1;5;0;1;1;0;0;0;0;0;791268,5423;5824982,173;13,29148784;52,49702841
6126;201108;11;1;1011302;2018;5;11;5;3;5;2;0;1;1;0;0;0;0;0;798550,3139;5828984,495;13,4020268;52,5289693
6127;201109;11;1;1044201;2018;5;17;3;3;2;7;0;0;1;0;1;0;0;0;796476,0309;5830974,991;13,37331532;52,54794407
6128;201110;11;1;1022207;2018;5;13;1;3;5;2;0;1;1;0;0;0;0;0;794309,6132;5827170,686;13,33809028;52,51501571
6129;201111;11;3;3030716;2018;5;10;5;3;5;2;0;1;1;0;0;0;0;0;802503,9519;5833435,128;13,46418483;52,56668019
6130;201112;11;4;4041238;2018;5;18;3;3;5;2;0;1;1;0;0;0;0;0;791671,5159;5823238,651;13,29588101;52,48118266
6131;201113;11;2;2020203;2018;5;10;5;3;0;2;0;1;0;0;0;1;0;0;797814,7878;5824933,508;13,38759142;52,49305946
6132;201114;11;8;8010301;2018;5;9;5;3;5;2;0;1;1;0;0;0;0;0;800754,595;5824346,934;13,43023312;52,48618998
6133;201115;11;7;7060604;2018;5;12;3;2;5;7;0;0;1;0;1;0;0;0;795840,1127;5816025,378;13,35069904;52,41427827
6134;201116;11;5;5010209;2018;5;8;5;3;5;2;0;0;1;0;0;0;0;0;783240,9678;5830279,12;13,17806891;52,54874794
6135;201117;11;7;7010102;2018;5;8;5;3;5;2;0;1;1;0;0;0;0;0;795703,9124;5825457,065;13,3570555;52,49890037
6136;201118;11;3;3020307;2018;5;15;1;3;1;1;0;0;1;0;1;0;0;1;799730,2153;5836493,633;13,4261507;52,59562853
6137;201119;11;2;2030302;2018;5;8;5;3;5;2;0;1;1;0;0;0;0;0;800784,541;5825814,228;13,43199741;52,49932528
6138;201120;11;7;7010102;2018;5;15;1;3;5;3;0;0;1;0;0;0;0;0;794959,6174;5825657,23;13,34630027;52,50109751
6139;201121;11;9;9041301;2018;5;8;5;2;5;3;0;1;1;0;0;0;0;0;811777,5432;5818547,605;13,58663487;52,42803747
6140;201122;11;3;3050925;2018;5;17;3;3;0;7;0;1;0;0;0;0;0;0;802060,4861;5831124,666;13,45555946;52,54621798
6141;201123;11;2;2020204;2018;5;11;5;3;0;1;0;1;0;0;0;0;0;0;798080,0108;5825467,432;13,39196414;52,49770066
6142;201124;11;2;2010103;2018;5;15;4;3;5;3;0;1;1;0;0;0;0;0;799341,8357;5826192,91;13,41114846;52,50351288
6143;201125;11;9;9051901;2018;5;2;3;3;0;7;2;0;1;0;0;0;1;0;811169,268;5821804,97;13,58075052;52,45757479
6144;201126;11;4;4030623;2018;5;11;4;3;5;2;0;1;1;0;0;0;0;0;793058,1895;5826951,312;13,31950831;52,51372297
6145;201127;11;12;12214527;2018;5;16;1;3;5;7;0;0;1;0;0;0;0;1;790262,5989;5835045,096;13,28550425;52,58777867
6146;201128;11;1;1011303;2018;5;10;4;3;2;7;0;1;1;0;0;0;0;0;798979,8772;5828516,852;13,40791973;52,52454215
6147;201129;11;8;8010404;2018;5;18;4;3;6;2;0;0;1;1;0;0;0;0;802573,1997;5823087,619;13,45579138;52,47389795
6148;201130;11;9;9020501;2018;5;7;3;3;2;6;0;0;1;0;0;0;1;0;805618,7964;5822709,299;13,50014574;52,46881179
6149;201131;11;10;10010309;2018;5;8;4;3;5;2;0;0;0;0;0;0;1;0;807943,8945;5829221,637;13,5402863;52,5258698
6150;201132;11;2;2040701;2018;5;19;4;3;5;2;0;1;0;0;1;0;0;0;800595,1895;5827043,481;13,43032624;52,51044779
6151;201133;11;2;2010102;2018;5;16;1;3;6;4;0;1;0;1;0;0;0;0;798218,4023;5826271,966;13,39471718;52,50483669
6152;201134;11;1;1011202;2018;5;19;4;3;5;2;0;1;1;0;0;0;0;0;797145,3023;5827774,276;13,380295;52,51888872
6153;201135;11;7;7040401;2018;5;14;4;3;2;6;0;0;0;0;1;0;1;1;797177,5494;5823766,02;13,37719198;52,48294145
6154;201136;11;7;7050502;2018;5;0;1;3;5;3;2;0;1;0;0;0;0;0;798380,5413;5818419,241;13,39007594;52,43435782
6155;201137;11;4;4030620;2018;5;17;4;2;5;2;0;1;1;0;0;0;0;0;792434,224;5827195,653;13,31055448;52,51624832
6156;201138;11;6;6030503;2018;5;9;3;2;6;2;0;0;1;1;0;0;0;0;789575,5996;5817323,457;13,25997445;52,42926626
6157;201139;11;7;7030301;2018;5;17;4;3;0;4;0;1;0;1;0;0;0;0;794000,7699;5821570,252;13,32861092;52,46497713
6158;201140;11;1;1022206;2018;5;17;4;3;5;2;0;1;1;0;0;0;0;0;795702,6487;5828178,244;13,35945466;52,52329413
6159;201141;11;5;5010204;2018;5;7;2;2;3;6;0;0;1;0;1;0;0;0;781556,7114;5830741,854;13,15368814;52,55377022
6160;201142;11;8;8020727;2018;5;17;4;2;6;4;0;0;1;1;0;0;0;0;801293,9684;5817203,719;13,43170765;52,42186569
6161;201143;11;1;1011302;2018;5;18;1;3;1;1;0;1;1;0;0;0;0;0;798267,4515;5828394,875;13,39734056;52,52383899
6162;201144;11;7;7030303;2018;5;19;1;3;5;3;0;0;1;0;1;0;0;0;795338,0391;5820995,528;13,34772974;52,45910391
6163;201145;11;11;11030618;2018;5;17;4;2;5;2;0;1;1;0;0;0;0;0;802416,215;5828960,187;13,45881976;52,52662065
6164;201146;11;4;4051448;2018;5;20;3;3;5;3;0;1;1;0;0;0;0;0;794244,922;5825406,431;13,33558027;52,49923509
6165;201147;11;8;8010211;2018;5;19;1;3;6;4;0;0;1;1;0;0;0;0;800447,18;5823699,313;13,42513579;52,48055436
6166;201148;11;4;4020312;2018;5;16;4;3;5;3;0;0;1;0;0;0;0;0;789971,5582;5826965,578;13,27416387;52,51550064
6167;201149;11;8;8010303;2018;5;18;3;3;6;7;0;1;0;1;0;0;0;0;801022,7544;5823918,369;13,43378337;52,48220085
6168;201150;11;8;8010404;2018;5;20;1;3;5;3;0;1;1;0;0;0;0;0;802176,7537;5823389,145;13,45024551;52,47682001
6169;201151;11;11;11030721;2018;5;16;4;3;5;2;0;1;0;0;0;0;1;0;804807,0974;5827480,172;13,49259751;52,5120246
6170;201152;11;1;1033201;2018;5;10;3;2;5;3;0;1;0;0;0;0;1;0;797513,712;5831012,543;13,38860706;52,54771495
6171;201153;11;1;1011104;2018;5;16;4;3;5;2;0;0;1;0;0;0;0;0;796357,508;5826130,907;13,36725525;52,50458619
6172;201154;11;1;1044101;2018;5;14;1;3;1;5;0;1;1;0;0;0;1;0;793785,4084;5830463,984;13,33329791;52,5448209
6173;201155;11;8;8010214;2018;5;16;4;3;5;3;0;0;1;0;0;0;1;0;801811,0585;5821966,425;13,44359035;52,46427012
6174;201156;11;1;1044203;2018;5;18;1;2;5;3;0;1;1;0;0;0;0;0;795606,4637;5831713,098;13,36118593;52,55503306
6175;201157;11;3;3030406;2018;5;10;1;3;8;1;0;0;1;0;0;0;0;0;803579,3062;5838875,137;13,48498681;52,61483786
6176;201158;11;2;2020202;2018;5;16;4;3;3;6;0;1;1;0;0;0;0;0;797614,4815;5825522,632;13,38517611;52,49844953
6177;201159;11;2;2020203;2018;5;18;3;3;5;5;0;1;1;0;0;0;0;0;797471,968;5824553,361;13,38221747;52,48983879
6178;201160;11;4;4030931;2018;5;15;4;3;6;4;0;0;0;1;0;0;1;0;793926,4897;5825872,171;13,33131396;52,50358181
6179;201161;11;5;5020523;2018;5;6;3;3;3;6;0;0;1;0;1;0;0;0;782783,1937;5826920,019;13,16847765;52,518867
6180;201162;11;9;9020501;2018;5;15;4;3;5;2;0;0;1;0;0;1;0;0;806427,254;5822975,836;13,51225479;52,47074775
6181;201163;11;3;3061228;2018;5;11;1;3;0;1;0;1;0;0;0;0;0;0;800875,2569;5830559,17;13,43762158;52,5418052
6182;201164;11;1;1022204;2018;5;8;4;3;5;3;0;1;1;0;0;0;0;0;795260,6887;5827927,45;13,35273679;52,52128547
6183;201165;11;6;6030610;2018;5;12;3;2;5;2;0;1;1;0;0;0;0;0;792932,6138;5817762,727;13,30959382;52,43141712
6184;201166;11;10;10010308;2018;5;8;4;3;2;2;0;1;1;0;0;0;0;0;806552,7977;5829123,25;13,51975496;52,52577196
6185;201167;11;11;11020515;2018;5;8;4;3;1;5;0;1;1;0;0;0;0;0;804103,9806;5830186,673;13,48474353;52,53667437
6186;201168;11;1;1011103;2018;5;15;1;3;2;6;0;0;1;0;0;0;0;0;795283,9123;5826114,967;13,35146979;52,50502539
6187;201169;11;10;10010308;2018;5;15;1;3;5;3;0;0;1;0;0;0;0;1;806339,1777;5830180,056;13,51758982;52,53536333
6188;201170;11;9;9020701;2018;5;8;4;3;5;2;0;0;1;0;0;0;0;0;807407,7295;5818312,534;13,52235236;52,42840335
6189;201171;11;1;1033102;2018;5;15;3;3;2;6;0;0;1;0;0;0;0;0;797618,167;5831886,931;13,39092673;52,55549566
6190;201172;11;11;11041128;2018;5;8;4;3;5;2;0;1;1;0;0;0;0;0;807102,9902;5825760,2;13,52473647;52,49532231
6191;201173;11;3;3071536;2018;5;8;4;3;5;3;0;1;1;0;0;0;0;0;799133,7563;5829208,045;13,41080293;52,53065325
6192;201174;11;4;4030417;2018;5;9;3;3;0;1;0;1;0;0;0;0;0;0;791496,1174;5827211,381;13,29678265;52,51689153
6193;201175;11;11;11051330;2018;5;7;4;3;6;4;0;0;1;1;0;0;0;0;806781,5881;5824866,05;13,51919386;52,48748948
6194;201176;11;4;4020313;2018;5;6;4;3;2;6;0;0;1;0;0;0;0;0;790323,065;5826027,911;13,27851139;52,50690736
6195;201177;11;12;12214528;2018;5;16;1;2;9;1;0;1;0;0;0;0;0;0;789902,1969;5836426,12;13,28140822;52,60035166
6196;201178;11;1;1033202;2018;5;6;4;3;5;2;0;1;1;0;0;0;0;0;797574,4694;5829457,728;13,38810785;52,53374481
6197;201179;11;1;1011204;2018;5;19;4;2;5;3;0;1;0;0;0;0;0;0;798546,5084;5826810,482;13,40001981;52,50948434
6198;201180;11;11;11010308;2018;5;13;7;2;2;6;0;1;0;0;0;0;1;0;805178,6666;5833960,293;13,50400793;52,56989415
6199;201181;11;2;2040701;2018;5;5;4;3;5;3;0;0;1;0;0;0;1;0;800599,753;5827041,01;13,43039104;52,51042312
6200;201182;11;12;12103219;2018;5;0;7;3;1;5;2;0;1;0;0;0;0;0;795499,1219;5832474,755;13,36028541;52,56191885
6201;201183;11;3;3030716;2018;5;4;4;3;7;7;1;0;0;0;1;0;0;0;802965,5525;5833915,743;13,47141332;52,57073111
6202;201184;11;3;3061228;2018;5;18;3;2;3;6;0;1;0;0;0;1;0;0;800214,9868;5831194,742;13,42848932;52,54786618
6203;201185;11;2;2040703;2018;5;0;4;2;0;1;1;1;0;0;0;0;0;0;801744,6724;5826254,435;13,4464974;52,50274089
6204;201186;11;1;1011201;2018;5;19;4;3;5;2;0;1;0;0;0;0;1;0;796993,5637;5826618,81;13,37703403;52,50861387
6205;201187;11;4;4010102;2018;5;7;3;2;5;2;0;0;1;0;0;0;0;0;793352,6386;5829680,122;13,32624225;52,53802717
6206;201188;11;1;1044203;2018;5;23;4;3;2;6;2;0;1;0;0;0;0;0;795903,9164;5831965,826;13,36578581;52,55713697
6207;201189;11;11;11040926;2018;5;22;4;3;5;3;2;1;0;0;1;0;0;0;806628,1293;5827288,162;13,51917064;52,50928322