;OBJECTID;LAND;BEZ;LOR;UJAHR;UMONAT;USTUNDE;UWOCHENTAG;UKATEGORIE;UART;UTYP1;ULICHTVERH;IstRad;IstPKW;IstFuss;IstKrad;IstGkfz;IstSonstige;USTRZUSTAND;LINREFX;LINREFY;XGCSWGS84;YGCSWGS84
6208;201190;11;8;8010406;2018;5;21;7;3;5;3;1;0;1;0;0;0;0;0;802024,1423;5824296,122;13,4488269;52,48503376
6209;201191;11;8;8010214;2018;5;20;4;3;1;5;1;1;1;0;0;0;0;0;801881,5796;5822391,371;13,44500966;52,46804003
6210;201192;11;8;8041037;2018;5;19;3;3;5;7;0;0;0;0;1;0;1;0;805472;5817316,608;13,49306131;52,4205614
6211;201193;11;8;8010404;2018;5;20;7;3;2;6;0;0;1;0;0;0;0;0;802136,1014;5823097,637;13,4493847;52,47422968
6212;201194;11;6;6040703;2018;5;20;4;3;6;4;0;0;1;1;0;0;0;0;786760,3292;5817075,881;13,21846891;52,42852949
6213;201195;11;1;1011302;2018;5;15;3;3;6;4;0;0;1;1;0;0;0;0;798630,47;5828437,218;13,40271338;52,52401983
6214;201196;11;1;1022104;2018;5;20;4;3;2;3;0;0;1;0;1;0;0;0;794076,6828;5828879,662;13,33617869;52,53046132
6215;201197;11;2;2020203;2018;5;20;7;2;5;3;0;1;1;0;0;0;0;0;797527,9748;5824996,654;13,38343575;52,4937819
6216;201198;11;1;1022201;2018;5;0;4;3;0;6;2;1;1;0;0;0;0;0;795860,7007;5828940,141;13,36245535;52,5300381
6217;201199;11;9;9051702;2018;5;8;3;3;1;5;0;1;0;0;0;1;0;0;814206,1215;5821660,573;13,62516303;52,45454359
6218;201200;11;9;9051801;2018;5;14;4;3;4;1;0;0;1;0;1;0;0;0;817819,3495;5820870,875;13,6774076;52,44537898
6219;201201;11;1;1033203;2018;5;13;4;3;5;2;0;0;1;0;1;0;0;0;796796,4887;5830559,799;13,37765638;52,54404784
6220;201202;11;5;5030832;2018;5;11;2;3;2;6;0;0;1;0;0;0;0;0;789222,5762;5829299,639;13,26518738;52,53682377
6221;201203;11;4;4041137;2018;5;13;4;3;1;5;0;1;1;0;0;0;0;0;791488,8586;5824136,363;13,29398401;52,48932815
6222;201204;11;7;7070703;2018;5;19;7;2;1;5;0;1;1;0;0;0;0;0;799260,8233;5813379,055;13,39848063;52,38869773
6223;201205;11;7;7030301;2018;5;19;7;3;5;3;0;1;1;0;0;0;0;0;794217,5873;5822748,162;13,33283205;52,47541983
6224;201206;11;7;7030301;2018;5;12;4;3;0;3;0;1;0;0;0;0;1;0;793946,4427;5821802,779;13,32801836;52,46709086
6225;201207;11;9;9020501;2018;5;21;3;3;6;7;1;0;1;1;0;0;0;0;806591,2697;5822128,397;13,51388324;52,46306071
6226;201208;11;11;11040925;2018;5;18;7;3;3;6;0;1;1;0;0;0;0;0;803432,2189;5826595,947;13,47159418;52,50486601
6227;201209;11;4;4020314;2018;5;11;4;3;5;7;0;0;0;0;0;1;1;0;790395,2788;5825651,66;13,2792442;52,5034958
6228;201210;11;1;1011306;2018;5;14;3;3;5;2;0;0;1;0;0;0;0;0;800440,2206;5826710,843;13,4277494;52,50755162
6229;201211;11;4;4051654;2018;5;11;4;3;5;2;0;1;1;0;0;0;0;0;793454,9152;5823931,302;13,3226766;52,48643655
6230;201212;11;9;9041501;2018;5;6;4;3;0;2;0;1;1;0;0;0;0;0;810876,3869;5820655,026;13,57538357;52,44743614
6231;201213;11;3;3020307;2018;5;10;7;3;5;3;0;0;1;0;1;0;0;0;800148,7687;5838320,595;13,43396802;52,61177296
6232;201214;11;5;5010339;2018;5;17;7;2;1;5;0;0;1;0;1;0;0;0;786742,8593;5828404,284;13,22795505;52,53010675
6233;201215;11;2;2020206;2018;5;8;7;3;0;7;0;0;1;0;1;0;0;0;800010,9675;5824455,603;13,41941245;52,48757315
6234;201216;11;8;8030830;2018;5;9;4;3;6;2;0;0;1;1;0;0;0;0;803048,8021;5817401,087;13,45761357;52,42266579
6235;201217;11;5;5020417;2018;5;12;7;3;2;6;0;0;1;0;0;0;0;0;783558,5284;5828659,871;13,18135753;52,53406425
6236;201218;11;5;5030833;2018;5;17;7;3;1;7;0;0;1;0;0;1;0;0;788486,1754;5829052,389;13,25414557;52,53499741
6237;201219;11;2;2050802;2018;5;8;4;3;3;2;0;1;1;0;0;0;0;0;802069,3482;5827160,008;13,4520878;52,51067794
6238;201220;11;7;7060604;2018;5;19;3;3;5;2;0;0;1;0;0;0;0;0;795809,584;5816028,171;13,35025395;52,41431981
6239;201221;11;4;4030416;2018;5;5;7;3;5;5;1;1;1;0;0;0;0;0;791109,2579;5826948,105;13,29086721;52,51473792
6240;201222;11;7;7040401;2018;5;14;4;3;1;1;0;1;1;0;0;0;0;1;797188,5877;5823732,918;13,37732455;52,48263872
6241;201223;11;4;4030417;2018;5;12;3;3;2;6;0;0;1;0;1;0;0;0;791747,1693;5827313,398;13,30056141;52,51767185
6242;201224;11;9;9020702;2018;5;14;4;3;5;3;0;1;0;0;0;0;1;1;809455,2985;5819067,366;13,55307028;52,43401387
6243;201225;11;11;11030721;2018;5;11;4;2;5;3;0;1;0;0;0;0;1;0;803850,5379;5828656,729;13,47962005;52,52310338
6244;201226;11;8;8010301;2018;5;0;7;3;3;6;2;0;1;0;0;0;1;0;800537,6832;5824437,948;13,42713035;52,48712522
6245;201227;11;2;2050804;2018;5;2;7;2;1;1;2;1;1;0;0;0;0;0;803234,169;5825910,602;13,46806116;52,49883348
6246;201228;11;9;9020502;2018;5;11;4;2;0;3;0;0;1;0;1;0;0;0;806815,2751;5821997,644;13,51704992;52,46176313
6247;201229;11;6;6030605;2018;5;19;3;3;5;2;0;0;1;0;1;0;0;0;791768,8459;5819272,675;13,29384299;52,4455758
6248;201230;11;1;1033102;2018;5;9;4;2;2;6;0;0;1;0;1;0;0;0;797687,7291;5831846,696;13,39191366;52,55509699
6249;201231;11;4;4020314;2018;5;14;4;2;3;6;0;0;1;0;0;1;0;0;790404,2137;5825754,57;13,27946522;52,50441364
6250;201232;11;3;3040614;2018;5;8;3;3;2;6;0;0;1;0;0;0;0;0;800004,677;5834939,074;13,42878287;52,58154341
6251;201233;11;1;1033101;2018;5;14;4;3;5;2;0;0;1;0;0;0;0;1;796160,6791;5832270,994;13,36983444;52,55973292
6252;201234;11;1;1011101;2018;5;18;3;3;5;2;0;1;1;0;0;0;0;0;794904,1397;5826284,118;13,34604059;52,50674712
6253;201235;11;1;1011101;2018;5;12;4;2;5;2;0;0;1;0;0;0;0;0;795250,3644;5826624,447;13,35142884;52,50961064
6254;201236;11;1;1011202;2018;5;11;3;3;5;2;0;1;1;0;0;0;0;0;797189,2632;5827522,052;13,38071567;52,51660387
6255;201237;11;12;12214527;2018;5;12;4;2;6;4;0;0;1;1;0;0;0;0;790558,0947;5834929,5;13,28975235;52,58658461
6256;201238;11;1;1022206;2018;5;14;4;3;5;2;0;0;1;0;0;0;0;0;796250,5432;5828523,935;13,36781458;52,5260955
6257;201239;11;11;11041128;2018;5;10;7;3;5;2;0;0;1;0;1;0;0;0;806066,3089;5825793,369;13,50954436;52,49620188
6258;201240;11;8;8010118;2018;5;15;4;3;2;6;0;0;1;0;0;0;0;1;800689,4741;5822320,904;13,42745021;52,46806581
6259;201241;11;1;1033201;2018;5;17;7;2;5;3;0;1;1;0;0;0;0;0;797889,8934;5830347,733;13,39354216;52,54155024
6260;201242;11;1;1022206;2018;5;9;4;2;0;6;0;0;1;0;0;0;1;0;796463,5221;5828634,827;13,37104361;52,52697375
6261;201243;11;9;9020802;2018;5;19;3;2;5;3;0;1;1;0;0;0;0;0;810439,274;5820317,652;13,56865903;52,44466105
6262;201244;11;5;5010101;2018;5;9;4;3;2;2;0;0;1;0;0;0;0;0;785239,233;5832235,587;13,20914044;52,56524663
6263;201245;11;1;1011303;2018;5;8;3;2;5;3;0;1;0;0;1;0;0;0;799472,6697;5828807,128;13,41542306;52,52687358
6264;201246;11;11;11020514;2018;5;12;4;2;0;1;0;1;0;0;0;0;0;0;804434,3894;5830906,371;13,49025935;52,54294022
6265;201247;11;12;12103219;2018;5;12;7;2;5;3;0;0;1;0;0;0;1;0;794906,0977;5832890,633;13,35193207;52,56596835
6266;201248;11;5;5020629;2018;5;2;7;2;4;6;2;0;1;0;0;0;0;0;785188,5718;5827659,071;13,20446549;52,52424065
6267;201249;11;2;2010102;2018;6;18;5;3;5;2;0;1;1;0;0;0;0;0;798048,582;5826485,717;13,39241397;52,5068455
6268;201250;11;1;1011203;2018;6;20;5;3;0;3;0;1;1;0;0;0;0;0;797884,331;5827477,18;13,39088849;52,51582245
6269;201251;11;9;9020701;2018;6;11;3;3;5;3;0;0;1;0;0;0;0;0;808085,6813;5818937,283;13,53286761;52,43362113
6270;201252;11;10;10010206;2018;6;20;5;3;5;3;1;1;1;0;0;0;0;0;809517,8007;5832455,945;13,56642471;52,55396315
6271;201253;11;4;4030827;2018;6;11;3;3;3;6;0;1;1;0;0;0;0;0;792206,7241;5826115,36;13,30626286;52,50668568
6272;201254;11;12;12103218;2018;6;11;3;3;1;7;0;0;0;0;0;1;1;0;795143,9022;5833586,724;13,35604974;52,57207932
6273;201255;11;2;2020203;2018;6;21;5;3;5;2;1;0;1;0;0;0;0;0;797090,1059;5824722,317;13,37676053;52,49156126
6274;201256;11;9;9020601;2018;6;10;3;3;5;3;0;1;1;0;0;0;0;0;805827,339;5821879,366;13,50244564;52,46125685
6275;201257;11;9;9010302;2018;6;18;5;2;5;3;0;0;0;0;1;0;1;0;804405,2013;5820050,028;13,4799109;52,44565495
6276;201258;11;1;1044103;2018;6;10;3;3;2;6;0;0;1;0;0;0;1;0;794868,9353;5830258,341;13,34904729;52,54239213
6277;201259;11;2;2020203;2018;6;15;5;3;5;2;0;1;1;0;0;0;0;0;797499,7522;5824735,024;13,38278766;52,49145206
6278;201260;11;8;8010214;2018;6;21;3;3;5;3;1;0;1;0;0;0;0;0;801384,3534;5821962,639;13,43732499;52,46447171
6279;201261;11;2;2020204;2018;6;8;3;3;5;5;0;0;1;0;1;0;0;0;798755,6616;5824975,825;13,40144654;52,49292462
6280;201262;11;1;1022206;2018;6;16;5;3;3;6;0;1;1;0;0;1;0;0;796231,7509;5828107,922;13,36716782;52,52237655
6281;201263;11;1;1011201;2018;6;8;3;3;3;2;0;1;0;0;1;0;0;0;796953,8612;5826777,261;13,37659212;52,51005583
6282;201264;11;1;1033202;2018;6;21;3;2;2;7;2;0;1;0;1;0;0;0;797372,3933;5829617,977;13,38528085;52,53529153
6283;201265;11;2;2030301;2018;6;16;5;3;2;1;0;1;1;0;1;0;0;0;799967,5918;5825746,106;13,41993745;52,49916435
6284;201266;11;1;1033203;2018;6;8;3;3;3;6;0;1;1;0;0;0;0;0;796603,2853;5829816,733;13,37415236;52,53749227
6285;201267;11;10;10010308;2018;6;16;5;3;5;2;0;1;1;0;0;0;0;0;806694,1633;5830260,645;13,52288145;52,53588595
6286;201268;11;11;11030721;2018;6;8;3;3;4;6;0;1;1;0;0;0;0;0;805210,8473;5828444,435;13,49941303;52,520441
6287;201269;11;5;5030833;2018;6;8;3;3;5;2;0;1;1;0;0;0;0;0;789206,8748;5829275,497;13,26493552;52,53661566
6288;201270;11;12;12214527;2018;6;15;5;3;0;4;0;0;0;1;0;0;1;0;790373,8257;5834882,972;13,28699934;52,58626588
6289;201271;11;5;5020524;2018;6;7;3;2;5;2;0;1;1;0;0;0;0;0;782990,7823;5825958,52;13,17071112;52,51013819
6290;201272;11;4;4020314;2018;6;15;5;3;5;7;0;0;1;0;1;0;0;0;789392,2543;5825815,822;13,26465096;52,50550048
6291;201273;11;6;6020305;2018;6;7;3;3;2;7;0;1;1;0;0;0;0;0;795251,2659;5817502,375;13,34336972;52,42783671
6292;201274;11;7;7050501;2018;6;15;5;2;1;5;0;1;1;0;0;0;0;0;797717,6018;5819192,697;13,38104202;52,44165231
6293;201275;11;1;1011402;2018;6;7;3;2;5;3;0;1;1;0;0;0;0;0;798815,591;5829376,006;13,40627757;52,53233328
6294;201276;11;3;3061429;2018;6;7;3;3;5;2;0;0;1;0;0;0;0;0;801703,7306;5830096,536;13,44938071;52,53720053
6295;201277;11;4;4030725;2018;6;23;5;3;5;3;2;0;1;0;1;0;0;0;791675,0409;5826228,058;13,29855015;52,50798052
6296;201278;11;9;9020701;2018;6;17;2;3;1;5;1;1;1;0;0;0;1;0;808197,6483;5818849,809;13,53442876;52,43277411
6297;201279;11;2;2050803;2018;6;9;2;3;2;3;0;1;1;0;0;0;0;0;803252,7029;5826020,922;13,46843379;52,49981196
6298;201280;11;7;7030301;2018;6;15;5;3;0;2;0;0;0;0;1;0;1;0;794776,8969;5822868,571;13,34114956;52,47619765
6299;201281;11;1;1022202;2018;6;18;2;3;3;6;0;0;1;0;1;0;0;0;795683,4579;5829713,694;13,3605383;52,53706847
6300;201282;11;4;4051655;2018;6;15;5;3;5;2;0;1;1;0;0;0;0;0;794121,6023;5823287,039;13,3318982;52,4803023
6301;201283;11;7;7070705;2018;6;15;5;3;5;2;0;1;1;0;0;0;0;0;798556,2563;5814413,853;13,38907992;52,39835801
6302;201284;11;1;1011105;2018;6;14;2;3;6;4;0;0;1;1;0;0;0;0;796806,5974;5826304,483;13,37400703;52,50589801
6303;201285;11;11;11041128;2018;6;14;5;3;1;5;0;1;0;0;0;0;1;0;806200,5869;5825779,443;13,51150334;52,49600176
6304;201286;11;6;6010101;2018;6;13;5;3;2;6;0;0;1;0;0;0;0;0;793384,8316;5820370,4;13,31851587;52,45455189
6305;201287;11;9;9010301;2018;6;7;2;3;6;2;0;0;1;1;0;0;0;0;804401,5208;5821753,243;13,48140936;52,46092251
6306;201288;11;12;12301203;2018;6;18;2;3;6;4;0;0;1;1;0;0;0;0;793562,7931;5836120,564;13,33503143;52,59564858
6307;201289;11;10;10030727;2018;6;13;5;3;5;2;0;0;1;0;1;0;0;0;809543,5334;5827019,079;13,5617412;52,50522544
6308;201290;11;1;1022101;2018;6;18;2;3;5;2;0;0;1;0;0;0;0;0;792742,9955;5828274,197;13,31604107;52,52575143
6309;201291;11;6;6020408;2018;6;11;5;3;2;6;0;0;1;0;0;0;0;0;792662,3785;5815547,873;13,30369288;52,41170575
6310;201292;11;3;3061429;2018;6;11;5;3;2;6;0;0;1;0;0;0;0;0;801846,4253;5830730,712;13,45205432;52,54280562
6311;201293;11;3;3051022;2018;6;18;2;3;1;5;0;1;1;0;0;0;0;0;802990,64;5831932,773;13,46997176;52,55294435
6312;201294;11;10;10020413;2018;6;11;5;3;5;2;0;0;1;0;0;0;0;0;811140,0755;5830926,378;13,58884263;52,53933203
6313;201295;11;1;1044201;2018;6;11;5;3;5;3;0;0;1;0;0;0;0;0;796220,5969;5831261,378;13,3698148;52,55065019
6314;201296;11;8;8010212;2018;6;18;2;3;2;6;0;0;0;0;1;0;1;0;800986,2181;5823493,429;13,43286338;52,47841213
6315;201297;11;9;9030901;2018;6;20;5;3;0;1;0;0;0;0;1;0;0;0;808026,9717;5816800,88;13,53003968;52,41450735
6316;201298;11;1;1011204;2018;6;18;2;3;1;5;0;1;1;0;0;0;0;0;797979,7898;5826915,797;13,3917884;52,5107382
6317;201299;11;1;1033202;2018;6;20;5;2;0;1;0;0;0;0;1;0;0;0;797297,6016;5829705,437;13,38425966;52,53611632
6318;201300;11;9;9020502;2018;6;19;2;3;6;4;0;0;1;1;0;0;0;0;807413,3526;5821907,54;13,52574226;52,4606195
6319;201301;11;4;4030623;2018;6;20;5;3;0;7;0;1;0;0;0;0;0;0;793683,933;5826260,551;13,32809332;52,50719406
6320;201302;11;4;4051549;2018;6;19;2;3;6;4;0;0;1;1;0;0;0;0;792859,2926;5823620,445;13,31365682;52,48396962
6321;201303;11;7;7010102;2018;6;11;5;3;0;1;0;1;0;0;0;0;0;0;795520,9129;5825359,66;13,35428112;52,49812633
6322;201304;11;4;4030929;2018;6;20;2;3;5;2;0;1;1;0;0;0;0;0;792706,6417;5825391,321;13,312971;52,49992691
6323;201305;11;8;8010508;2018;6;10;5;3;6;2;0;0;1;1;0;0;0;0;803179,4381;5822712,401;13,46434863;52,47019875
6324;201306;11;7;7010102;2018;6;9;5;3;6;4;0;0;1;1;0;0;0;0;795749,277;5825426,223;13,35769443;52,49859931
6325;201307;11;8;8010118;2018;6;20;2;2;0;7;0;1;0;0;0;0;0;0;800275,2004;5822133,179;13,42120112;52,46661098
6326;201308;11;10;10010309;2018;6;9;5;3;6;2;0;0;1;1;0;0;0;0;808085,0535;5830172,28;13,54324136;52,53430961
6327;201309;11;5;5010339;2018;6;9;5;3;2;6;0;0;1;0;0;0;0;0;787654,3937;5828241,625;13,24121471;52,52816817
6328;201310;11;4;4030518;2018;6;20;2;2;8;1;0;0;0;0;0;0;1;0;791668,167;5828248,973;13,30022086;52,52610138
6329;201311;11;3;3050919;2018;6;9;5;3;0;2;0;1;1;0;0;0;0;0;801723,0219;5832983,107;13,4522871;52,56306211
6330;201312;11;9;9041402;2018;6;7;2;3;5;3;0;1;1;0;0;0;0;0;812126,326;5820604,208;13,59366824;52,44626865
6331;201313;11;2;2030302;2018;6;23;2;3;1;5;2;1;1;0;0;0;0;0;801336,6636;5826132,948;13,4403947;52,50187745
6332;201314;11;11;11051331;2018;6;9;5;3;5;3;0;0;1;0;1;0;0;0;807766,1631;5824032,601;13,53287896;52,47946594
6333;201315;11;4;4041342;2018;6;18;2;3;5;7;0;1;1;0;0;0;0;0;792548,4765;5822606,801;13,30820337;52,47504914
6334;201316;11;4;4030623;2018;6;8;5;3;2;6;0;0;1;0;0;0;0;0;793343,7009;5827273,042;13,32398721;52,51645365
6335;201317;11;12;12231101;2018;6;7;5;3;5;3;0;0;1;0;0;0;0;0;790416,7787;5839280,741;13,29149064;52,62566818
6336;201318;11;4;4010103;2018;6;17;2;3;5;3;0;0;1;0;0;1;0;0;791428,5071;5829181,337;13,29751559;52,53458806
6337;201319;11;3;3040614;2018;6;7;5;3;6;4;0;0;1;1;0;0;0;0;799298,7708;5834393,878;13,41790349;52,57704538
6338;201320;11;1;1022104;2018;6;17;2;2;5;3;0;1;0;0;0;0;1;0;794571,1556;5828443,576;13,34306061;52,52628512
6339;201321;11;4;4030416;2018;6;7;5;3;5;3;0;1;1;0;0;0;0;0;791179,5783;5827177,74;13,29210151;52,51675904
6340;201322;11;12;12103218;2018;6;17;2;3;5;2;0;1;0;0;0;0;1;0;795083,3118;5834199,556;13,35570368;52,57760565
6341;201323;11;9;9020701;2018;6;17;2;3;5;2;0;0;0;0;1;0;0;0;808251,7408;5818799,908;13,53517589;52,43229641
6342;201324;11;5;5030730;2018;6;7;5;2;5;7;0;0;1;0;0;0;0;0;785853,2696;5829243,15;13,21559841;52,5380951
6343;201325;11;1;1022101;2018;6;17;2;3;1;5;0;0;1;0;1;0;0;0;792774,2085;5828843,028;13,31700074;52,53083403
6344;201326;11;5;5020629;2018;6;16;2;3;2;6;0;0;1;0;0;0;0;0;785050,846;5826304,019;13,20127985;52,51216331
6345;201327;11;3;3030405;2018;6;6;5;3;5;2;0;1;1;0;0;0;0;0;803706,6724;5839177,456;13,48713978;52,61747622
6346;201328;11;2;2010101;2018;6;16;2;3;5;3;0;0;1;0;0;0;0;0;797770,3577;5826027,185;13,38791668;52,50288723
6347;201329;11;2;2010101;2018;6;19;5;3;0;6;0;1;0;0;0;0;1;0;797341,3357;5826147,139;13,38172188;52,50419643
6348;201330;11;9;9031001;2018;6;17;2;3;5;2;0;1;1;0;0;0;0;0;809120,5679;5815171,371;13,54456381;52,39928719
6349;201331;11;7;7020201;2018;6;2;5;3;3;6;2;0;1;0;0;0;0;0;794936,2426;5824534,935;13,34496323;52,49104952
6350;201332;11;11;11030721;2018;6;16;2;3;5;2;0;0;1;0;0;0;0;0;804273,7425;5827875,317;13,48512381;52,51586391
6351;201333;11;2;2050802;2018;6;16;2;3;1;5;0;1;1;0;0;0;0;0;802214,3766;5827126,499;13,45418788;52,51029727
6352;201334;11;2;2020202;2018;6;0;5;3;5;3;2;0;1;0;0;0;0;0;797277,8799;5825540,829;13,38024848;52,49879611
6353;201335;11;7;7010103;2018;6;16;2;2;5;2;0;1;0;0;0;0;0;0;795618,5203;5824559,157;13,35500444;52,49089759
6354;201336;11;12;12214424;2018;6;16;2;3;2;7;0;0;1;0;1;0;0;0;793339,382;5832536,842;13,32857114;52,56364327
6355;201337;11;5;5020420;2018;6;18;5;2;6;4;0;0;1;1;0;0;0;0;780042,5407;5828689,496;13,12968299;52,53614794
6356;201338;11;11;11030824;2018;6;16;2;3;5;7;0;0;1;0;1;0;0;0;804684,6073;5827207,912;13,49054891;52,50965289
6357;201339;11;4;4030621;2018;6;15;2;3;2;2;0;1;1;0;0;0;0;0;793551,153;5827736,674;13,32744477;52,52049827
6358;201340;11;1;1011101;2018;6;6;5;3;5;3;0;1;0;0;0;0;1;0;795095,372;5826502,45;13,34904354;52,50860089
6359;201341;11;12;12214125;2018;6;15;2;3;5;3;0;0;1;0;0;0;0;0;790814,9484;5834078,898;13,29278652;52,57882186
6360;201342;11;1;1044103;2018;6;11;4;3;5;2;0;1;1;0;0;0;0;0;794573,6494;5830714,395;13,34511016;52,54664004
6361;201343;11;2;2050803;2018;6;19;4;3;5;7;0;1;0;0;0;0;0;0;803250,086;5826004,874;13,46838075;52,49966958
6362;201344;11;1;1011303;2018;6;15;2;2;2;2;0;1;1;0;0;0;0;0;799773,8677;5828664,79;13,41972125;52,52543221
6363;201345;11;5;5020416;2018;6;15;2;3;5;3;0;0;1;0;0;0;0;0;780912,7524;5829132,389;13,14285371;52,53967132
6364;201346;11;12;12103219;2018;6;9;4;3;5;2;0;1;1;0;0;0;0;0;795080,5045;5832468,738;13,35412249;52,56209194
6365;201347;11;7;7040401;2018;6;15;2;3;1;5;0;1;1;0;0;0;0;0;797422,5081;5823760,265;13,38078345;52,48275649
6366;201348;11;2;2050803;2018;6;9;4;3;5;2;0;1;1;0;0;0;0;0;802219,4473;5826091,003;13,4533224;52,50101329
6367;201349;11;1;1011102;2018;6;8;4;3;0;2;0;1;1;0;0;0;0;0;796678,401;5827960,25;13,37359996;52,52081
6368;201350;11;1;1044202;2018;6;15;2;2;5;2;0;0;1;0;1;0;0;0;794618,2646;5829877,987;13,3450244;52,53911814
6369;201351;11;9;9020701;2018;6;5;4;3;5;2;0;1;1;0;0;0;0;0;808983,0616;5818111,515;13,54526281;52,42571448
6370;201352;11;3;3061227;2018;6;8;4;3;1;5;0;1;0;0;0;0;1;0;799266,8929;5831437,439;13,41476784;52,55056323
6371;201353;11;7;7030301;2018;6;15;2;3;1;5;0;0;1;0;0;0;0;0;793921,7754;5822891,52;13,32861559;52,47686423
6372;201354;11;1;1011203;2018;6;8;4;3;1;5;0;1;1;0;0;0;1;0;797758,6984;5827463,686;13,38903046;52,51577009
6373;201355;11;8;8010508;2018;6;8;4;3;5;2;0;1;1;0;0;0;0;0;803346,8383;5822854,543;13,46693472;52,47137982
6374;201356;11;6;6010103;2018;6;14;2;3;5;3;0;1;1;0;0;0;0;0;792719,7048;5821677,917;13,30990216;52,46663015
6375;201357;11;2;2030402;2018;6;8;4;3;5;7;0;1;1;0;0;0;0;0;801852,2186;5825732,542;13,44760399;52,49800363
6376;201358;11;11;11051330;2018;6;14;2;3;5;2;0;0;1;0;0;0;1;0;807279,893;5825409,015;13,52701016;52,49207539
6377;201359;11;7;7020201;2018;6;8;4;3;5;2;0;1;1;0;0;0;0;0;794523,9526;5824647,266;13,33900765;52,4922791
6378;201360;11;1;1044101;2018;6;13;2;3;0;7;0;1;1;0;0;0;0;0;794020,9773;5831385,275;13,33757742;52,5529526
6379;201361;11;10;10010309;2018;6;9;4;3;2;2;0;1;1;0;0;0;0;0;807944,8712;5829230,652;13,540309;52,52595004
6380;201362;11;5;5010209;2018;6;19;4;3;5;2;0;1;1;0;0;0;0;0;783250,3525;5830289,393;13,1782157;52,54883516
6381;201363;11;6;6040701;2018;6;13;2;3;5;3;0;1;0;0;0;0;1;0;783928,7235;5815911,265;13,17594597;52,419564
6382;201364;11;11;11010205;2018;6;19;4;3;5;2;0;0;1;0;1;0;0;0;806146,2739;5833348,534;13,51767571;52,56386819
6383;201365;11;9;9010301;2018;6;12;2;2;5;7;0;0;1;0;1;0;0;0;804471,6389;5821861,159;13,48253665;52,46185067
6384;201366;11;6;6010208;2018;6;19;4;3;0;1;0;0;0;0;1;0;0;0;794767,9649;5820845,989;13,33923169;52,45807115
6385;201367;11;6;6020303;2018;6;11;2;3;0;3;0;1;0;0;1;0;0;0;795273,3561;5818378,791;13,34446761;52,43568138
6386;201368;11;1;1011204;2018;6;11;2;3;5;2;0;1;1;0;0;0;0;0;798487,6228;5826667,239;13,39902627;52,50823257
6387;201369;11;12;12103116;2018;6;19;4;3;5;3;0;1;0;0;0;0;1;0;795718,2348;5833122,451;13,36408569;52,56760584
6388;201370;11;7;7040405;2018;6;19;4;3;1;5;0;1;1;0;0;0;0;0;798891,6711;5820930,607;13,39981882;52,45659008
6389;201371;11;5;5020625;2018;6;11;2;3;5;2;0;1;1;0;0;0;0;0;784559,2878;5828208,902;13,19568574;52,52949927
6390;201372;11;3;3030715;2018;6;20;4;2;2;6;0;0;1;0;0;0;0;0;801197,2819;5833186,65;13,44473935;52,56517756
6391;201373;11;1;1044201;2018;6;10;2;2;5;3;0;1;1;0;0;0;0;0;796673,5876;5831952,629;13,37709382;52,55659994
6392;201374;11;3;3051017;2018;6;20;4;3;5;3;1;1;1;0;0;0;0;0;802305,2349;5833107,578;13,46096348;52,56385479
6393;201375;11;2;2030401;2018;6;10;2;3;0;7;0;0;1;1;0;0;1;0;800696,7245;5825646,169;13,43055594;52,49786732
6394;201376;11;3;3061332;2018;6;21;4;3;5;3;1;1;1;0;0;0;0;0;799870,1095;5830454,287;13,42275004;52,54141919
6395;201377;11;2;2040701;2018;6;22;4;3;0;5;2;1;1;0;0;0;0;0;800632,2655;5827578,53;13,43135425;52,51522314
6396;201378;11;1;1033202;2018;6;8;2;3;6;4;0;0;1;1;0;0;0;0;797614,4008;5829521,567;13,38875197;52,53429524
6397;201379;11;1;1011204;2018;6;17;4;3;0;1;0;1;0;0;0;0;0;0;798761,079;5827028,233;13,40336749;52,5113187
6398;201380;11;6;6010205;2018;6;7;2;3;1;5;0;1;1;0;0;0;0;0;795527,5395;5819721,714;13,34938342;52,44758257
6399;201381;11;10;10010310;2018;6;7;2;3;0;7;0;0;0;0;1;0;0;1;809426,9515;5831399,723;13,56410487;52,54454935
6400;201382;11;4;4030827;2018;6;17;4;3;5;3;0;1;1;0;0;0;0;0;792059,0423;5826244,901;13,30420679;52,50792608
6401;201383;11;4;4041134;2018;6;12;2;3;5;3;0;0;0;0;1;0;1;0;790859,326;5824607,945;13,28515011;52,49389168
6402;201384;11;5;5020523;2018;6;18;1;3;5;3;0;0;1;0;1;0;0;0;782248,6442;5827618,005;13,16121287;52,5254024
6403;201385;11;6;6040703;2018;6;16;4;2;5;3;0;1;0;0;0;0;0;0;787700,0572;5821696,615;13,23623206;52,46946427
6404;201386;11;4;4030931;2018;6;14;1;3;6;4;0;0;1;1;0;0;0;0;793519,2719;5825609,134;13,3250999;52,50144302
6405;201387;11;3;3071537;2018;6;21;4;3;0;1;0;0;0;0;1;0;0;0;799560,2293;5829908,443;13,41770233;52,53669702
6406;201388;11;1;1044101;2018;6;16;4;2;6;4;0;0;1;1;0;0;0;0;794322,443;5831321,099;13,34195406;52,55221448
6407;201389;11;4;4051551;2018;6;9;1;3;6;4;0;0;1;1;0;0;0;0;793128,0131;5823361,179;13,31737475;52,48150118