;OBJECTID;LAND;BEZ;LOR;UJAHR;UMONAT;USTUNDE;UWOCHENTAG;UKATEGORIE;UART;UTYP1;ULICHTVERH;IstRad;IstPKW;IstFuss;IstKrad;IstGkfz;IstSonstige;USTRZUSTAND;LINREFX;LINREFY;XGCSWGS84;YGCSWGS84
6608;201590;11;1;1022206;2018;6;19;5;2;5;2;0;1;1;0;0;0;0;0;795459,0324;5827755,417;13,35549879;52,51963589
6609;201591;11;5;5030730;2018;6;19;5;2;6;4;0;0;1;1;0;0;0;0;786921,9052;5829989,843;13,23195628;52,54422804
6610;201592;11;4;4030931;2018;6;10;2;3;0;5;0;0;1;0;1;0;0;0;793520,052;5825639,661;13,32513827;52,50171626
6611;201593;11;11;11040926;2018;6;19;5;3;5;3;0;0;1;0;0;0;0;0;804697,4001;5826658,838;13,49023427;52,50472464
6612;201594;11;7;7060601;2018;6;9;2;3;3;6;0;0;1;0;0;1;0;0;797292,5277;5817293,669;13,37311809;52,42486051
6613;201595;11;3;3030405;2018;6;9;2;3;0;1;0;1;0;0;0;0;0;0;803961,0091;5839728,825;13,49139173;52,62227559
6614;201596;11;1;1011201;2018;6;19;5;2;6;7;0;0;1;1;0;0;0;0;797331,8453;5826930,743;13,38228238;52,51122573
6615;201597;11;4;4030931;2018;6;13;2;3;0;6;0;0;1;0;0;0;1;0;793564,3232;5825754,175;13,32588956;52,50271901
6616;201598;11;4;4030726;2018;6;14;6;3;0;5;0;1;1;0;0;0;0;0;792058,6928;5825826,473;13,30383457;52,50417514
6617;201599;11;1;1011202;2018;6;14;2;3;5;3;0;0;1;0;0;0;1;0;797546,292;5827762,246;13,38617653;52,51856225
6618;201600;11;2;2020203;2018;6;18;5;3;5;2;0;0;1;0;1;0;0;0;796809,0728;5823979,396;13,37197177;52,48505458
6619;201601;11;9;9051901;2018;6;16;6;3;5;3;0;0;1;0;0;0;0;0;811061,1684;5821225,454;13,57862489;52,45244297
6620;201602;11;2;2050803;2018;6;18;5;3;5;2;0;1;1;0;0;0;0;0;803027,0266;5825730,507;13,46485521;52,49733437
6621;201603;11;10;10010204;2018;6;18;2;3;5;3;0;1;0;0;0;0;1;0;809136,4122;5833074,857;13,56139373;52,55972619
6622;201604;11;11;11030618;2018;6;18;5;3;5;3;0;1;1;0;0;0;0;0;802943,6719;5829203,248;13,46679236;52,52850634
6623;201605;11;1;1033203;2018;6;13;1;3;1;5;0;1;1;0;0;0;0;0;796349,5103;5830756,627;13,37126007;52,5460555
6624;201606;11;2;2030301;2018;6;17;1;3;6;2;0;1;0;1;0;0;0;1;800126,8537;5825897,756;13,4224132;52,50043608
6625;201607;11;1;1033202;2018;6;18;5;3;5;3;0;1;1;0;0;0;0;0;797795,9953;5830051,945;13,39189657;52,53895022
6626;201608;11;9;9051702;2018;6;18;1;3;0;2;0;1;1;0;0;0;0;1;814250,3155;5821230,683;13,62540679;52,45066597
6627;201609;11;12;12103218;2018;6;23;1;3;5;2;2;1;0;0;0;0;1;0;794846,4377;5833744,714;13,35181369;52,57365678
6628;201610;11;2;2010104;2018;6;17;5;3;3;6;0;1;1;0;0;0;0;0;799805,9123;5825701,407;13,41752261;52,49885253
6629;201611;11;11;11030619;2018;6;20;1;2;5;7;1;0;1;0;0;0;0;0;803671,0477;5829503,888;13,4777563;52,5307962
6630;201612;11;11;11051229;2018;6;18;5;2;5;2;0;0;1;0;1;0;0;0;804077,0007;5825988,599;13,48051003;52,49906359
6631;201613;11;8;8030831;2018;6;20;1;2;5;2;0;0;1;0;0;0;0;1;804138,8655;5817811,99;13,47396816;52,42574394
6632;201614;11;4;4051655;2018;6;17;5;3;5;3;0;1;1;0;0;0;0;0;794030,6402;5824017,587;13,33120702;52,48690029
6633;201615;11;4;4030931;2018;6;19;1;3;2;2;0;0;1;0;0;0;0;0;793918,4967;5825534,544;13,33089853;52,50055947
6634;201616;11;4;4030931;2018;6;17;5;3;5;2;0;1;1;0;0;0;0;0;793923,7658;5825535,155;13,33097647;52,5005621
6635;201617;11;3;3061227;2018;6;19;1;2;5;3;0;0;1;0;0;0;1;1;799678,073;5831261,708;13,42065535;52,54876204
6636;201618;11;1;1011302;2018;6;16;5;3;0;7;0;1;0;0;0;0;0;0;798941,7332;5828388,398;13,40724371;52,52341165
6637;201619;11;4;4010103;2018;6;18;1;3;0;6;0;0;1;0;1;0;0;1;791150,6955;5829113,336;13,29337181;52,53412691
6638;201620;11;8;8010213;2018;6;18;1;3;2;6;0;0;1;0;0;0;0;1;801645,586;5822542,621;13,44168289;52,46952606
6639;201621;11;1;1011301;2018;6;15;5;3;0;1;0;1;0;0;0;0;0;0;797102,309;5828020,781;13,37988341;52,52112179
6640;201622;11;1;1011303;2018;6;16;1;3;1;5;0;1;1;0;0;0;0;1;798985,8618;5828552,194;13,40803946;52,52485566
6641;201623;11;12;12214126;2018;6;19;6;2;8;1;0;1;0;0;0;0;0;0;789673,9341;5833891,878;13,27583142;52,57775385
6642;201624;11;12;12214125;2018;6;14;1;3;5;2;0;1;0;0;0;0;1;1;791125,2494;5833981,718;13,2972676;52,57778475
6643;201625;11;1;1033201;2018;6;15;5;3;5;2;0;1;1;0;0;0;0;0;798437,1716;5830185,013;13,40144187;52,53979223
6644;201626;11;9;9031101;2018;6;14;1;3;5;3;0;0;1;0;0;0;0;0;809956,0948;5817908,123;13,55933894;52,42334142
6645;201627;11;8;8030829;2018;6;15;5;3;2;6;0;0;1;0;0;0;0;0;802823,6176;5818228,622;13,45506135;52,43020774
6646;201628;11;11;11020513;2018;6;15;5;3;0;5;0;1;1;0;0;0;0;0;803355,3807;5831359,772;13,47481143;52,54760571
6647;201629;11;3;3040513;2018;6;14;1;3;0;2;0;0;1;0;1;0;0;0;796761,0033;5834006,873;13,38021703;52,57496618
6648;201630;11;7;7040403;2018;6;14;5;3;0;2;0;1;1;0;0;0;0;0;797851,0529;5821927,659;13,38543895;52,46609565
6649;201631;11;12;1033101;2018;6;8;6;3;2;6;0;0;0;0;1;0;1;0;796639,4295;5832395,734;13,37698749;52,56059048
6650;201632;11;3;3061131;2018;6;13;1;3;5;3;0;1;1;0;0;0;0;0;798871,2885;5830456,561;13,40806806;52,54198833
6651;201633;11;1;1011401;2018;6;8;6;3;1;5;0;1;1;0;0;0;0;0;797622,3922;5829327,937;13,38869606;52,53255523
6652;201634;11;7;7020204;2018;6;13;1;3;0;7;0;0;1;0;1;0;0;0;796308,9352;5824178,83;13,36480533;52,48711397
6653;201635;11;9;9020601;2018;6;7;5;3;5;3;0;1;0;0;0;0;1;0;805795,1735;5821842,911;13,50194028;52,46094812
6654;201636;11;2;2010103;2018;6;10;6;3;2;2;0;1;1;0;0;0;0;0;799144,0102;5825793,934;13,40788424;52,50004513
6655;201637;11;10;10010206;2018;6;11;1;3;4;5;0;0;1;0;0;0;0;0;809360,6577;5831917,261;13,56361244;52,54922496
6656;201638;11;1;1044103;2018;6;7;5;3;3;6;0;1;1;0;0;0;0;0;794646,1473;5830497,591;13,34598387;52,54465735
6657;201639;11;6;6040703;2018;6;11;1;2;5;3;0;1;1;0;0;0;0;0;787700,4262;5821696,522;13,2362374;52,46946325
6658;201640;11;3;3061131;2018;6;7;5;3;5;2;0;1;1;0;0;0;0;0;799175,4399;5831110,204;13,41312827;52,54768031
6659;201641;11;2;2040702;2018;6;8;5;3;1;5;0;1;1;0;0;0;0;0;801723,6395;5827424,2;13,44724873;52,51323723
6660;201642;11;4;4061757;2018;6;10;1;3;6;4;0;1;0;1;0;0;0;0;789214,4177;5824012,673;13,26047242;52,48942897
6661;201643;11;2;2030301;2018;6;9;5;3;6;4;0;1;0;1;0;0;0;0;799857,7914;5825838,471;13,41840796;52,50005259
6662;201644;11;3;3050923;2018;6;9;5;3;2;6;0;0;1;0;1;0;0;0;800206,7565;5832143,554;13,4292262;52,55637515
6663;201645;11;6;6040805;2018;6;9;1;3;0;3;0;1;1;0;0;0;0;0;788361,271;5817772,457;13,24255085;52,43393326
6664;201646;11;8;8030830;2018;6;9;5;3;3;6;0;0;1;0;1;0;0;0;802266,2421;5817811,549;13,44651128;52,42677766
6665;201647;11;12;12214125;2018;6;21;6;3;5;3;1;1;1;0;0;0;0;0;791249,903;5830915,159;13,29640998;52,55022698
6666;201648;11;9;9020802;2018;6;9;1;3;5;3;0;0;1;0;0;0;0;0;810491,5066;5820154,083;13,56927309;52,44316554
6667;201649;11;3;3061227;2018;6;10;5;3;2;6;0;0;1;0;0;1;0;0;800280,5574;5831602,847;13,42982245;52,55148798
6668;201650;11;1;1011304;2018;6;2;1;3;5;2;2;0;1;0;0;0;0;0;799734,7099;5827562,428;13,41815248;52,51557282
6669;201651;11;7;7040404;2018;6;11;5;3;5;2;0;1;1;0;0;0;0;0;796517,8948;5819858,047;13,36403401;52,44826847
6670;201652;11;7;7040403;2018;6;11;5;3;1;5;0;1;1;0;0;0;0;0;797443,9456;5820553,254;13,37823925;52,45399729
6671;201653;11;6;6020411;2018;6;16;1;3;0;7;0;0;0;0;1;0;0;0;793386,6102;5816217,652;13,31489729;52,41732254
6672;201654;11;3;3010101;2018;6;13;5;3;6;2;0;0;1;1;0;0;0;0;803926,1233;5841361,318;13,49237913;52,6369261
6673;201655;11;1;1044202;2018;6;13;5;3;6;2;0;0;1;1;0;0;0;0;795511,2262;5830736,22;13,35891588;52,54632792
6674;201656;11;4;4020314;2018;6;12;1;2;0;1;0;1;0;0;0;0;0;0;790029,6234;5825225,984;13,27350147;52,49987404
6675;201657;11;7;7070701;2018;6;13;5;3;5;2;0;0;1;0;1;0;0;0;799687,6902;5815156,227;13,40632404;52,40439456
6676;201658;11;1;1011203;2018;6;13;5;3;5;3;0;1;1;0;0;0;0;0;797598,8897;5827222,181;13,38646635;52,51369251
6677;201659;11;5;5030730;2018;6;6;1;3;9;1;0;0;0;0;1;0;0;0;786449,0844;5830937,649;13,22582064;52,55297455
6678;201660;11;8;8010301;2018;6;13;5;3;2;6;0;0;1;0;0;0;0;0;801097,0927;5824155,003;13,43508846;52,48428089
6679;201661;11;2;2030301;2018;6;18;1;3;0;1;0;1;0;0;0;0;0;0;799944,6837;5825744,453;13,41959951;52,49916212
6680;201662;11;2;2020206;2018;6;17;7;3;5;3;0;1;0;0;1;0;0;0;799550,9607;5824899,111;13,41305669;52,49180114
6681;201663;11;1;1022103;2018;6;14;5;3;2;6;0;0;1;0;0;0;0;0;793517,406;5829306,482;13,32833462;52,53458897
6682;201664;11;12;12214422;2018;6;17;6;3;0;1;0;0;0;0;1;0;0;0;792141,6033;5833245,659;13,31157526;52,57064158
6683;201665;11;3;3020307;2018;6;9;5;2;5;3;0;1;1;0;0;0;0;0;800148,7485;5837865,626;13,43355503;52,60769504
6684;201666;11;9;9020502;2018;6;17;7;3;2;2;0;0;1;0;0;0;0;0;807894,8261;5822051,453;13,53293918;52,46163822
6685;201667;11;10;10010309;2018;6;10;5;3;5;3;0;0;1;0;0;0;0;0;808222,3341;5829259,357;13,54441252;52,52605051
6686;201668;11;4;4020204;2018;6;9;7;3;5;2;0;1;1;0;0;0;0;0;788295,9043;5826859,937;13,24944732;52,51544188
6687;201669;11;1;1011302;2018;6;19;2;3;5;3;0;1;1;0;0;0;0;0;797943,8533;5828778,483;13,39292872;52,52745447
6688;201670;11;12;12224230;2018;6;12;6;3;0;5;0;1;0;0;0;0;1;0;785958,128;5839267,64;13,22579026;52,62791618
6689;201671;11;6;6010209;2018;6;3;7;3;6;7;2;1;0;1;0;0;0;0;794707,5659;5821542,401;13,3389602;52,46434669
6690;201672;11;6;6040810;2018;6;10;5;2;5;3;0;0;1;0;0;0;0;0;790316,5093;5820305,136;13,2734317;52,45560518
6691;201673;11;2;2010104;2018;6;14;7;3;6;4;0;0;1;1;0;0;0;0;799443,9053;5825667,42;13,41217521;52,49874664
6692;201674;11;5;5010209;2018;6;23;7;3;5;2;2;0;1;0;0;0;0;0;783242,9037;5830287,071;13,17810416;52,54881822
6693;201675;11;6;6020410;2018;6;13;5;3;5;3;0;0;1;0;0;0;0;0;794728,1754;5816699,702;13,33499139;52,42092314
6694;201676;11;1;2040701;2018;6;20;7;3;5;3;0;1;1;0;0;0;0;0;800174,3314;5827350,516;13,42442045;52,5134316
6695;201677;11;7;7060603;2018;6;20;7;2;2;6;0;0;1;0;1;0;0;0;797390,0044;5817459,913;13,37469522;52,42629777
6696;201678;11;7;7010102;2018;6;14;5;2;0;5;0;0;1;0;1;0;0;0;795104,2491;5825828,311;13,3485764;52,50255293
6697;201679;11;2;2030402;2018;6;19;7;3;6;7;0;0;1;1;0;0;0;0;801565,0176;5825457,403;13,443137;52,49569629
6698;201680;11;10;10010308;2018;6;14;6;3;5;2;0;1;1;0;0;0;0;0;806350,6695;5830182,182;13,51776068;52,53537593
6699;201681;11;10;10040932;2018;6;11;5;3;0;1;0;1;0;0;0;0;0;0;813031,58;5827677,764;13,61358382;52,5091381
6700;201682;11;1;1033201;2018;6;20;7;3;0;7;0;0;1;0;1;0;0;0;797763,0562;5830729,99;13,39202007;52,54504601
6701;201683;11;9;9020502;2018;6;13;5;3;0;1;0;1;0;0;0;0;0;0;808115,5965;5821899,213;13,53603787;52,46014941
6702;201684;11;3;3010102;2018;6;19;7;3;2;6;0;0;1;0;0;0;0;0;804506,3644;5840922,886;13,50052295;52,63267172
6703;201685;11;6;6020303;2018;6;19;2;3;3;6;0;0;1;0;0;0;0;0;795286,5661;5818573,961;13,34483377;52,43742384
6704;201686;11;12;12103218;2018;6;18;7;3;2;6;0;0;1;0;0;1;0;0;795262,3942;5833286,301;13,35752561;52,56932203
6705;201687;11;2;2040502;2018;6;11;5;3;6;4;0;0;1;1;0;0;0;0;801173,9343;5828622,601;13,44025775;52,52428249
6706;201688;11;12;12214422;2018;6;18;7;3;0;5;0;0;1;0;0;0;1;0;791887,4279;5833474,998;13,3080374;52,57283389
6707;201689;11;1;1011201;2018;6;8;6;2;0;2;0;1;1;0;0;0;0;0;796964,3005;5827041,735;13,37698147;52,51242088
6708;201690;11;5;5020626;2018;6;12;4;3;2;6;0;0;1;0;0;0;0;0;784537,8854;5827987,262;13,1951814;52,5275232
6709;201691;11;7;7040404;2018;6;17;7;3;0;3;0;0;1;0;1;0;0;0;796704,9788;5820695,831;13,36752304;52,45567698
6710;201692;11;1;1033203;2018;6;9;4;3;3;6;0;1;0;0;0;1;0;0;796450,5737;5829960,476;13,37203561;52,53886388
6711;201693;11;11;11041023;2018;6;19;2;3;5;7;0;0;1;0;0;0;1;0;806657,5646;5827755,458;13,52003355;52,51345467
6712;201694;11;12;12103117;2018;6;16;4;3;6;4;0;0;1;1;0;0;0;0;795798,142;5832709,061;13,36489262;52,5638568
6713;201695;11;4;4030725;2018;6;17;7;2;5;3;0;0;1;0;1;0;0;0;791293,3268;5826057,734;13,29279277;52,50665753
6714;201696;11;5;5020521;2018;6;17;7;2;0;7;0;0;1;0;0;0;0;0;779605,3987;5827826,168;13,12252851;52,52863108
6715;201697;11;3;3051017;2018;6;9;4;3;5;7;0;0;1;0;0;0;0;0;804465,2629;5832658,158;13,49231944;52,55862333
6716;201698;11;2;2050803;2018;6;17;7;3;5;5;0;0;1;0;0;0;0;0;802732,5058;5826127,901;13,46089119;52,50105963
6717;201699;11;7;7030301;2018;6;14;4;3;0;3;0;0;1;0;0;0;1;0;793999,8277;5821555,169;13,3285838;52,46484243
6718;201700;11;4;4020313;2018;6;16;7;3;2;6;0;0;1;0;0;0;0;0;790453,339;5826017,226;13,28041611;52,50674222
6719;201701;11;4;4010102;2018;6;19;4;3;5;2;0;1;0;0;1;0;0;0;793357,274;5829666,251;13,32629815;52,53790034
6720;201702;11;1;1011304;2018;6;15;7;3;5;2;0;0;1;0;0;0;0;0;799734,7099;5827562,428;13,41815248;52,51557282
6721;201703;11;7;7040401;2018;6;18;2;3;5;2;0;1;1;0;0;0;0;0;797755,2275;5822532,624;13,38457243;52,47157073
6722;201704;11;4;4051654;2018;6;14;7;3;1;5;0;1;0;0;0;0;1;0;793690,9414;5823956,609;13,32616487;52,4865365
6723;201705;11;5;5020625;2018;6;16;4;3;3;6;0;0;1;0;1;0;0;0;784695,7646;5828533,413;13,19797009;52,53233757
6724;201706;11;1;1011204;2018;6;14;7;3;5;2;0;0;1;0;1;0;0;0;798697,7014;5827085,119;13,40248744;52,51186332
6725;201707;11;3;3040614;2018;6;16;4;3;2;2;0;0;1;0;1;0;0;0;800048,4075;5835699,473;13,43011484;52,58833489
6726;201708;11;3;3061430;2018;6;16;4;3;2;6;0;0;1;0;0;1;0;0;801731,8302;5830072,829;13,44977222;52,53697248
6727;201709;11;1;1022101;2018;6;14;7;3;6;4;0;0;1;1;0;0;0;0;793521,3431;5829265,259;13,32835609;52,53421731
6728;201710;11;8;8030831;2018;6;16;4;3;6;2;0;0;1;1;0;0;0;0;803879,8488;5818172,27;13,47049788;52,429117
6729;201711;11;4;4030519;2018;6;18;2;3;5;2;0;1;1;0;0;0;0;0;792061,5819;5828220,707;13,30597857;52,52563738
6730;201712;11;4;4051551;2018;6;14;4;3;5;3;0;1;1;0;0;0;0;0;792928,6764;5823070,949;13,31419285;52,47900632
6731;201713;11;2;2010104;2018;6;14;7;2;5;2;0;0;1;0;0;0;0;0;799063,639;5825597,272;13,40652718;52,49832638
6732;201714;11;2;2050801;2018;6;14;4;3;5;3;0;1;1;0;0;0;0;0;802812,6141;5827292,221;13,46312674;52,51145087
6733;201715;11;3;3040614;2018;6;13;7;3;5;3;0;1;1;0;0;0;0;0;799690,392;5835448,036;13,42461859;52,58627855
6734;201716;11;2;2050802;2018;6;18;2;3;0;7;0;0;1;0;0;0;0;0;802139,4356;5827143,837;13,45310273;52,51049418
6735;201717;11;8;8010212;2018;6;12;7;3;0;3;0;1;0;0;0;0;1;0;800712,8657;5823415,378;13,42878018;52,47786311
6736;201718;11;3;3040614;2018;6;13;4;3;0;5;0;1;1;0;0;0;0;0;797809,666;5832987,97;13,39473106;52,5652603
6737;201719;11;7;7050504;2018;6;18;4;2;0;5;0;0;1;0;0;0;1;0;799435,2495;5819332,079;13,4063619;52,44196389
6738;201720;11;11;11030824;2018;6;12;7;3;2;2;0;0;1;0;1;0;0;0;804726,3464;5827346,767;13,49128914;52,51087407
6739;201721;11;9;9041403;2018;6;20;4;3;5;3;0;0;1;0;0;0;0;0;812460,2103;5820043,51;13,59804068;52,44105337
6740;201722;11;9;9020701;2018;6;9;7;3;5;3;0;0;1;0;0;0;0;0;808293,1462;5818594,729;13,53559384;52,43043424
6741;201723;11;8;8020727;2018;6;18;4;3;5;2;0;0;1;0;0;0;0;0;801499,5921;5817727,269;13,43519418;52,42644521
6742;201724;11;11;11030720;2018;6;13;4;3;0;2;0;0;1;0;0;0;1;0;804594,897;5829941,049;13,491734;52,53419883
6743;201725;11;11;11041128;2018;6;10;7;3;5;3;0;1;1;0;0;0;0;0;806984,7065;5825775,311;13,52301355;52,49552428
6744;201726;11;10;10040931;2018;6;13;4;3;5;3;0;0;1;0;0;1;0;0;814205,008;5830068,156;13,63307459;52,52988334
6745;201727;11;1;1022103;2018;6;12;4;3;5;2;0;0;1;0;1;0;0;0;793690,3631;5829196,19;13,33077975;52,53350709
6746;201728;11;4;4051653;2018;6;10;7;3;0;3;0;0;1;0;1;0;0;0;794211,4459;5824771,377;13,33452764;52,49356022
6747;201729;11;7;7060604;2018;6;12;4;3;6;7;0;0;0;1;0;0;1;0;795636,6777;5816072,847;13,34775855;52,41481372
6748;201730;11;12;12214527;2018;6;11;7;3;2;6;0;0;1;0;1;0;0;0;790245,4453;5835084,415;13,28528621;52,58814031
6749;201731;11;5;5010310;2018;6;12;7;3;6;4;0;0;1;1;0;0;0;0;784616,474;5830858,264;13,19879629;52,55322357
6750;201732;11;1;1011201;2018;6;12;4;3;2;6;0;0;1;0;0;0;0;0;797134,2929;5827317,45;13,37972524;52,51479979
6751;201733;11;1;1011402;2018;6;13;7;3;5;2;0;1;1;0;0;0;0;0;798676,818;5829457,174;13,40431076;52,5331369
6752;201734;11;5;5030731;2018;6;15;6;3;5;3;0;0;1;0;1;0;0;0;788001,7676;5830197,739;13,24801649;52,54552215
6753;201735;11;1;1011201;2018;6;12;4;3;0;7;0;0;0;0;1;0;0;0;797038,1547;5826582,044;13,37765631;52,50826003
6754;201736;11;1;1022207;2018;6;9;7;3;5;3;0;0;1;0;0;0;0;0;794393,5961;5827610,474;13,33971347;52,51891281
6755;201737;11;4;4051446;2018;6;10;4;3;5;7;0;0;1;0;0;0;0;0;792749,3376;5824456,812;13,31277691;52,49152639
6756;201738;11;1;1011104;2018;6;16;6;3;2;6;0;0;1;0;0;0;0;0;796135,633;5825696,709;13,36360975;52,50081446
6757;201739;11;1;1033102;2018;6;10;4;3;1;5;0;1;1;0;0;0;0;0;797088,4987;5831426,684;13,38272525;52,55165929
6758;201740;11;8;8020726;2018;6;11;7;3;2;6;0;0;1;0;0;0;0;0;799331,5465;5816284,358;13,402113;52,41470168
6759;201741;11;7;7040403;2018;6;10;4;3;2;6;0;0;1;0;1;0;0;0;797326,636;5822158,746;13,37794806;52,46845275
6760;201742;11;2;2030302;2018;6;3;7;2;0;1;1;1;0;0;0;0;0;0;800673,884;5825810,583;13,43036891;52,4993536
6761;201743;11;1;1044102;2018;6;15;7;3;5;3;0;0;0;0;1;0;1;0;795276,622;5831733,399;13,35635302;52,55539396
6762;201744;11;9;9010201;2018;6;9;4;3;9;1;0;1;0;0;0;0;0;0;803157,6487;5824073,722;13,46526626;52,48241225
6763;201745;11;4;4020209;2018;6;17;6;3;5;3;0;1;1;0;0;0;0;0;789215,8558;5824419,914;13,26084703;52,49307926
6764;201746;11;1;1011103;2018;6;14;6;3;5;3;0;1;1;0;0;0;0;0;795334,6613;5826147,03;13,35224376;52,50528534
6765;201747;11;1;1044203;2018;6;8;4;3;2;6;0;0;1;0;0;0;0;0;795230,807;5831399,197;13,355382;52,55242298
6766;201748;11;7;7070704;2018;6;18;6;3;0;2;0;1;1;0;0;0;0;0;800300,9359;5813542,967;13,41386571;52,38959789
6767;201749;11;4;4010102;2018;6;7;4;3;3;6;0;0;1;0;0;0;0;0;792266,368;5830682,995;13,3111541;52,54760127
6768;201750;11;6;6030609;2018;6;8;6;3;0;7;0;1;0;0;0;0;0;0;792979,8654;5817846,727;13,31036044;52,43214486
6769;201751;11;10;10010308;2018;6;6;4;3;3;6;0;0;1;0;0;1;0;0;807611,7904;5830735,291;13,53680721;52,53962257
6770;201752;11;7;7040401;2018;6;12;6;3;5;3;0;1;1;0;0;0;0;0;797836,2656;5822536,387;13,38576531;52,47156029
6771;201753;11;9;9051901;2018;6;20;6;3;6;6;0;0;1;1;0;0;0;0;811043,4002;5821582,07;13,5786964;52,4556489
6772;201754;11;4;4041136;2018;6;4;4;3;1;1;1;0;1;0;0;0;0;0;789800,4564;5823557,108;13,26868332;52,48503392
6773;201755;11;7;7030303;2018;6;18;6;3;5;7;0;1;1;0;0;0;0;0;795350,1708;5821428,105;13,34829052;52,46297513
6774;201756;11;4;4020310;2018;6;1;4;3;1;5;2;0;1;0;0;0;0;0;790388,6242;5827307,521;13,28059123;52,51834427
6775;201757;11;9;9051901;2018;6;17;6;3;3;2;0;0;1;0;1;0;0;0;812054,7199;5821187,989;13,59316339;52,451541
6776;201758;11;9;9052001;2018;6;18;2;2;6;4;0;0;1;1;0;0;0;0;810603,27;5823227,162;13,57377078;52,47064184
6777;201759;11;7;7070703;2018;6;17;6;3;6;7;0;0;1;1;0;0;0;0;799653,0775;5813177,207;13,40404702;52,38667402
6778;201760;11;12;12214125;2018;6;14;4;3;1;5;0;0;1;0;0;0;1;0;791092,5714;5831273,844;13,29441065;52,55352664
6779;201761;11;4;4041134;2018;6;17;6;3;3;6;0;1;1;0;0;0;0;0;790850,3947;5823670,667;13,28420084;52,48549369
6780;201762;11;6;6030605;2018;6;16;6;3;0;2;0;1;1;0;0;0;0;0;791864,063;5819147,303;13,29513047;52,44440102
6781;201763;11;5;5020417;2018;6;7;4;1;5;2;0;1;0;0;0;1;0;0;783581,2157;5828668,533;13,1816985;52,53413012
6782;201764;11;5;5020625;2018;6;19;6;3;2;6;1;0;1;0;0;0;0;0;784656,455;5828477,188;13,19734399;52,53185398
6783;201765;11;1;1011302;2018;6;13;3;3;2;6;0;0;1;0;0;0;0;0;798363,8319;5829036,144;13,39933235;52,52953436
6784;201766;11;1;1033102;2018;6;18;2;2;1;5;0;1;1;0;0;0;0;0;797093,3735;5831442,386;13,38281098;52,55179738
6785;201767;11;4;4051655;2018;6;15;3;3;1;5;0;1;1;0;0;0;0;0;794179,3156;5823791,484;13,33319071;52,48479331
6786;201768;11;2;2040701;2018;6;20;6;3;1;5;1;1;1;0;0;0;0;0;800655,9337;5827462,651;13,43159729;52,51417144
6787;201769;11;1;1022106;2018;6;15;3;3;5;2;0;1;1;0;0;0;0;0;793697,715;5828017,175;13,32984633;52,5229339
6788;201770;11;8;8010404;2018;6;16;6;3;5;2;0;1;1;0;0;0;0;0;802343,7243;5822760,013;13,45212621;52,47108865
6789;201771;11;11;11030619;2018;6;18;2;3;5;2;0;0;1;0;0;0;0;0;803548,8019;5829752,365;13,47618661;52,53309131
6790;201772;11;1;1011101;2018;6;10;6;2;3;6;0;0;1;0;0;0;0;0;795122,5915;5825908,909;13,34891728;52,50326551
6791;201773;11;6;6010101;2018;6;16;6;3;6;4;0;1;0;1;0;0;0;0;793287,4989;5820470,175;13,31717522;52,45549859
6792;201774;11;8;8041038;2018;6;15;3;3;0;6;0;0;1;0;1;0;0;0;805714,8772;5816772,779;13,49612495;52,41555165
6793;201775;11;7;7010102;2018;6;20;6;3;1;5;0;1;1;0;0;0;0;0;795184,2527;5825342,326;13,34932086;52,49815315
6794;201776;11;3;3030716;2018;6;21;3;3;0;1;1;0;0;0;1;0;0;0;804812,0141;5837407,584;13,50178574;52,60099531
6795;201777;11;5;5030730;2018;6;20;3;2;1;7;0;0;1;0;0;0;1;0;786090,0699;5829143,68;13,21899467;52,53707901
6796;201778;11;6;6010102;2018;6;20;6;3;6;4;0;0;1;1;0;0;0;0;793520,2961;5820658,563;13,32075702;52,45706246
6797;201779;11;5;5010312;2018;6;14;3;3;2;2;0;0;1;0;0;0;1;0;784818,0582;5830268,373;13,20125545;52,54782926
6798;201780;11;1;1022201;2018;6;17;2;3;3;6;0;1;1;0;0;0;0;0;795388,4891;5829492,551;13,35600541;52,53524607
6799;201781;11;11;11040926;2018;6;14;3;3;5;3;0;0;1;0;0;0;0;0;804770,6509;5826415,161;13,49108711;52,50249976
6800;201782;11;1;1011402;2018;6;21;6;3;5;3;0;1;1;0;0;0;0;0;798729,8663;5829565,338;13,40518771;52,53407736
6801;201783;11;8;8020622;2018;6;14;3;3;6;7;0;0;1;1;0;0;0;0;801501,8483;5820457,94;13,43769043;52,45091986
6802;201784;11;11;11020514;2018;6;16;2;3;5;2;0;1;1;0;0;0;0;0;804372,3614;5830844,854;13,48929116;52,54242353
6803;201785;11;4;4030929;2018;6;14;3;3;2;6;0;0;1;0;0;0;0;0;792709,8453;5825556,51;13,31316326;52,50140606
6804;201786;11;4;4041137;2018;6;15;6;2;5;3;0;1;1;0;0;0;0;0;790951,5568;5823031,413;13,28512851;52,47970884
6805;201787;11;2;2030301;2018;6;13;3;3;0;5;0;1;1;0;0;0;0;0;799844,2164;5825802,285;13,418176;52,4997357
6806;201788;11;11;11020514;2018;6;15;6;3;3;6;0;0;1;0;1;0;0;0;804455,2927;5830926,525;13,49058511;52,54310918
6807;201789;11;10;10040830;2018;6;16;2;3;5;3;0;0;1;0;1;0;0;0;810766,5627;5826508,938;13,57922649;52,49995865