;OBJECTID;LAND;BEZ;LOR;UJAHR;UMONAT;USTUNDE;UWOCHENTAG;UKATEGORIE;UART;UTYP1;ULICHTVERH;IstRad;IstPKW;IstFuss;IstKrad;IstGkfz;IstSonstige;USTRZUSTAND;LINREFX;LINREFY;XGCSWGS84;YGCSWGS84
6808;201790;11;3;3050923;2018;6;12;3;2;6;4;0;0;1;1;0;0;0;0;801053,6803;5831659,43;13,44124188;52,5515684
6809;201791;11;1;1011401;2018;6;15;6;3;0;6;0;1;0;0;0;0;1;0;798215,3263;5829357,078;13,39743756;52,53249237
6810;201792;11;8;8020619;2018;6;14;3;3;3;6;0;0;1;0;1;0;0;0;801247,8808;5821584,114;13,43498058;52,46115412
6811;201793;11;9;9041501;2018;6;13;6;3;5;3;0;1;1;0;0;0;0;0;810883,6217;5820660,769;13,57549502;52,44748348
6812;201794;11;2;2040701;2018;6;15;3;3;5;2;0;0;1;1;1;0;0;0;801051,8871;5827067,481;13,43705707;52,51041106
6813;201795;11;1;1033102;2018;6;14;6;3;1;5;0;1;1;0;0;0;0;0;797048,8428;5831564,778;13,38226564;52,55291877
6814;201796;11;2;2020201;2018;6;16;3;3;3;6;0;0;1;0;1;0;0;0;796819,582;5826051,147;13,37397193;52,50362005
6815;201797;11;4;4030623;2018;6;16;2;3;8;1;0;1;0;0;0;0;0;0;793527,831;5826085,028;13,32564517;52,50570459
6816;201798;11;4;4020310;2018;6;13;6;3;3;6;0;0;1;0;0;1;0;0;788908,8233;5827616,443;13,2591116;52,52189986
6817;201799;11;4;4030929;2018;6;16;3;3;5;5;0;1;1;0;0;0;0;0;792711,1123;5825612,928;13,31323146;52,50191115
6818;201800;11;4;4020311;2018;6;12;6;3;2;6;0;0;1;0;1;0;0;0;789223,44;5826009,036;13,26233856;52,50732222
6819;201801;11;4;4030930;2018;6;16;2;3;5;7;0;0;1;0;0;0;0;0;793133,7619;5825598,719;13,31942767;52,50155688
6820;201802;11;3;3040818;2018;6;17;3;3;2;2;0;0;1;0;0;0;0;0;800024,289;5832903,103;13,42722949;52,56328373
6821;201803;11;6;6020301;2018;6;13;6;3;0;6;0;0;1;0;1;0;0;0;795875,1383;5819157,438;13,35398342;52,44233623
6822;201804;11;4;4030930;2018;6;16;3;3;0;6;0;0;1;0;0;0;1;0;792747,1865;5825472,325;13,31363779;52,50063133
6823;201805;11;7;7040405;2018;6;15;6;2;3;6;0;1;0;0;1;0;0;0;798109,966;5821903,181;13,38921707;52,46573503
6824;201806;11;1;1033202;2018;6;16;2;3;5;2;0;1;1;0;0;0;0;0;797704,2115;5829652,901;13,39018978;52,53542344
6825;201807;11;7;7050503;2018;6;14;6;3;6;7;0;0;1;1;0;0;0;0;799193,9472;5820000,827;13,40342124;52,44809043
6826;201808;11;6;6040703;2018;6;17;3;3;5;2;0;1;1;0;0;0;0;0;784496,1589;5817237,853;13,18539586;52,43116391
6827;201809;11;4;4030725;2018;6;16;6;2;0;1;0;0;0;0;1;0;0;0;791488,0557;5826006,763;13,2956091;52,50609658
6828;201810;11;9;9010301;2018;6;17;3;3;5;2;0;1;0;0;0;1;0;0;805008,8506;5822691,438;13,49117814;52,46899258
6829;201811;11;10;10010310;2018;6;21;6;2;5;2;1;0;1;0;0;0;0;0;808490,5867;5831148,601;13,55010753;52,54282981
6830;201812;11;10;10030725;2018;6;17;3;3;5;3;0;1;1;0;0;0;0;0;810131,21;5829594,425;13,57277227;52,5279708
6831;201813;11;9;9051701;2018;6;18;6;3;2;6;0;0;1;0;0;0;1;0;813055,1619;5821431,122;13,60806525;52,4531478
6832;201814;11;11;11040926;2018;6;14;2;3;2;6;0;0;1;0;0;0;0;0;804687,0227;5826326,794;13,48977803;52,50175447
6833;201815;11;8;8010303;2018;6;17;6;3;0;4;0;0;1;1;1;0;0;0;800338,3094;5824328,392;13,42410423;52,48625294
6834;201816;11;1;1033203;2018;6;18;3;2;5;3;0;1;1;0;0;0;0;0;796938,7441;5830135,083;13,37936833;52,54016324
6835;201817;11;6;6020301;2018;6;15;6;3;0;6;0;0;1;0;1;0;1;0;795832,6463;5819060,741;13,35327448;52,44149239
6836;201818;11;12;12224230;2018;6;16;6;3;5;3;0;0;1;0;0;0;0;0;785499,9486;5837386,524;13,21741533;52,61129181
6837;201819;11;4;4030726;2018;6;12;3;3;5;2;0;1;0;0;0;0;1;0;792288,7741;5825378,206;13,30682121;52,50003331
6838;201820;11;5;5020625;2018;6;16;6;3;0;2;0;0;1;0;0;0;1;0;784550,995;5828171,701;13,19553198;52,52917005
6839;201821;11;6;6020408;2018;6;15;6;3;0;3;0;1;0;0;0;0;1;0;792714,4653;5816242,783;13,30506423;52,41790772
6840;201822;11;9;9030901;2018;6;11;3;3;1;7;0;1;1;0;0;0;0;0;808735,8384;5817572,204;13,54114078;52,42102068
6841;201823;11;6;6040804;2018;6;14;6;3;5;3;0;0;1;0;0;0;0;0;787438,5601;5818672,83;13,2297899;52,44249148
6842;201824;11;6;6020303;2018;6;14;6;3;1;1;0;0;1;0;1;0;0;0;795388,0629;5818316,94;13,34609541;52,43506499
6843;201825;11;2;2020204;2018;6;11;3;2;3;6;0;1;1;0;0;0;0;0;798411,8868;5825281,277;13,39667166;52,49585066
6844;201826;11;6;6020306;2018;6;17;6;3;5;3;0;0;1;0;0;0;0;0;795629,4751;5816597,827;13,34811671;52,41952375
6845;201827;11;5;5030730;2018;6;11;3;3;3;2;0;0;1;0;0;1;0;0;786537,7008;5831590,615;13,22768775;52,55878219
6846;201828;11;8;8010211;2018;6;16;6;3;6;4;0;0;1;1;0;0;0;0;800537,6125;5823755,661;13,42651419;52,48100967
6847;201829;11;3;3061430;2018;6;14;2;3;5;2;0;1;1;0;0;0;0;0;802328,8842;5829223,813;13,45777609;52,52903194
6848;201830;11;3;3050920;2018;6;19;6;3;5;3;0;0;1;0;0;0;0;0;802176,1793;5832404,621;13,45842526;52,55762592
6849;201831;11;4;4030930;2018;6;11;3;3;5;3;0;0;1;0;0;0;0;0;793133,7953;5825599,988;13,31942928;52,50156824
6850;201832;11;1;1011304;2018;6;15;6;3;0;1;0;0;0;0;1;0;0;0;800231,129;5828426,221;13,42622568;52,52304224
6851;201833;11;1;1011303;2018;6;7;6;3;3;6;0;1;0;0;0;0;0;0;799123,635;5828465,621;13,40998628;52,52400409
6852;201834;11;3;3050920;2018;6;13;6;3;0;6;0;0;1;0;1;0;0;0;802400,1723;5832547,359;13,4618493;52,55878093
6853;201835;11;12;12214125;2018;6;10;3;3;6;4;0;0;1;1;0;0;0;0;790944,0421;5833823,332;13,29446199;52,57646176
6854;201836;11;4;4030827;2018;6;13;6;3;5;2;0;1;1;0;0;0;0;0;792737,3592;5826592,507;13,31447841;52,51067869
6855;201837;11;1;1011305;2018;6;10;3;3;3;6;0;0;1;0;1;0;0;0;799484,7804;5826631,128;13,41364232;52,50736242
6856;201838;11;5;5020626;2018;6;13;2;2;6;4;0;0;1;1;0;0;0;0;784759,9393;5827249,63;13,19781414;52,52079364
6857;201839;11;2;2010101;2018;6;10;3;3;5;2;0;0;1;0;0;0;0;0;797377,924;5826178,546;13,38228739;52,50445802
6858;201840;11;1;1044203;2018;6;12;6;3;5;3;0;1;1;0;0;0;0;0;795931,9602;5831408,203;13,36570117;52,55212321
6859;201841;11;2;2040502;2018;6;9;3;3;2;2;0;0;1;0;0;0;0;0;800485,7368;5828469,319;13,43000604;52,52328829
6860;201842;11;12;12214424;2018;6;12;6;3;5;7;0;1;0;0;0;0;0;0;793341,5653;5832787,59;13,32882496;52,5658899
6861;201843;11;1;1011103;2018;6;13;2;3;3;6;0;0;1;0;0;0;1;0;795228,4564;5825975,308;13,35053129;52,50380345
6862;201844;11;12;12224229;2018;6;7;3;2;1;5;0;1;1;0;0;0;0;0;786653,9295;5833207,4;13,23079465;52,57321642
6863;201845;11;3;3010104;2018;6;12;6;2;0;7;0;0;1;0;0;0;0;0;801115,7082;5839087,507;13,44890354;52,6181119
6864;201846;11;12;12302107;2018;6;8;3;3;1;5;0;1;1;0;0;0;0;0;795008,6281;5836100,322;13,35629705;52,59468475
6865;201847;11;3;3020307;2018;6;12;6;3;2;2;0;0;1;0;0;0;1;0;799260,278;5837647,445;13,42027652;52,60622927
6866;201848;11;3;3030405;2018;6;12;6;3;1;5;0;0;1;0;1;0;0;0;803622,721;5839004,135;13,48574447;52,61596975
6867;201849;11;4;4051655;2018;6;13;3;2;0;1;0;0;0;0;1;0;0;0;793867,7906;5823094,564;13,32800195;52,47871349
6868;201850;11;1;1022204;2018;6;12;6;2;5;2;0;1;1;0;0;0;0;0;794549,7433;5828212,47;13,3425412;52,52422498
6869;201851;11;1;1011302;2018;6;12;3;3;0;1;0;0;0;0;1;0;0;0;798241,0107;5828404,472;13,3969606;52,52393947
6870;201852;11;10;10040828;2018;6;8;3;3;0;1;0;0;0;0;1;0;0;0;811464,7396;5828131,616;13,59099656;52,51410197
6871;201853;11;2;2040703;2018;6;11;6;3;2;6;0;0;1;0;0;0;0;0;800937,0306;5826832,113;13,43515698;52,50836478
6872;201854;11;2;2050601;2018;6;18;3;3;2;6;0;0;1;0;0;0;0;0;801954,5657;5829029,481;13,45209848;52,52749761
6873;201855;11;5;5030730;2018;6;8;3;3;2;6;0;0;1;0;0;0;1;0;786709,1554;5829277,997;13,22821328;52,53795789
6874;201856;11;7;7040404;2018;6;11;6;3;5;2;0;1;1;0;0;0;0;0;797372,26;5820506,774;13,37714602;52,45361964
6875;201857;11;3;3040508;2018;6;7;3;3;0;1;0;0;0;0;1;0;0;0;796313,042;5836462,776;13,37582226;52,5972246
6876;201858;11;7;7040401;2018;6;10;6;3;5;3;0;1;1;0;0;0;0;0;797387,713;5822614,662;13,37925094;52,47250631
6877;201859;11;7;7020201;2018;6;9;6;3;1;1;0;0;1;0;0;0;0;0;794974,6904;5824155,392;13,34519191;52,48762639
6878;201860;11;8;8030831;2018;6;7;3;3;5;3;0;1;1;0;0;0;0;0;803326,9419;5817312,471;13,46161099;52,42171742
6879;201861;11;1;1033101;2018;6;7;3;2;6;4;0;0;1;1;0;0;0;0;797710,8594;5832892,651;13,39319212;52,56445994
6880;201862;11;10;10010203;2018;6;6;3;3;0;2;0;1;1;0;0;0;0;0;806962,4877;5832574,556;13,52896351;52,55647225
6881;201863;11;1;1033203;2018;6;9;6;3;5;2;0;1;1;0;0;0;0;0;796537,2475;5829873,192;13,37323193;52,53803431
6882;201864;11;1;1011105;2018;6;6;3;3;5;2;0;1;1;0;0;0;0;0;796583,0934;5826874,714;13,37123177;52,51113111
6883;201865;11;9;9020702;2018;6;6;3;2;8;1;0;1;0;0;0;0;0;0;808813,9827;5819289,696;13,5438721;52,43636881
6884;201866;11;6;6030503;2018;6;9;6;3;5;2;0;1;0;0;0;1;0;0;790017,8903;5817505,302;13,26661917;52,43066228
6885;201867;11;11;11051332;2018;6;18;3;1;5;2;0;1;0;0;0;0;1;0;805667,6788;5824354,684;13,5023711;52,48353116
6886;201868;11;6;6030504;2018;6;16;2;3;5;2;0;1;1;0;0;0;0;0;790040,4878;5815963,628;13,26561393;52,41682862
6887;201869;11;1;1033201;2018;6;8;6;3;2;6;0;0;1;0;0;0;0;0;798022,305;5830085,094;13,39525325;52,53912363
6888;201870;11;1;1044103;2018;6;15;2;2;3;6;0;0;1;0;1;0;0;0;794647,232;5830522,672;13,34602207;52,5448816
6889;201871;11;10;10010207;2018;6;7;6;3;5;3;0;0;1;0;0;0;0;0;808829,9745;5831804,455;13,55570595;52,54851513
6890;201872;11;11;11041128;2018;6;7;6;2;0;6;0;1;0;0;0;0;1;0;806017,14;5826447,234;13,50942311;52,50208961
6891;201873;11;12;12103218;2018;6;13;2;3;2;6;0;0;1;0;0;0;0;0;794018,1526;5835329,638;13,34103267;52,58831254
6892;201874;11;9;9031101;2018;6;15;6;3;3;6;0;0;1;0;1;0;0;0;810640,595;5817393,818;13,56889551;52,41834424
6893;201875;11;2;2020204;2018;6;18;2;3;5;2;0;1;0;0;0;1;0;0;798287,6396;5824774,458;13,39439314;52,49137558
6894;201876;11;10;10040933;2018;6;6;6;3;5;3;0;0;1;0;1;0;0;0;813237,5393;5826237,947;13,61525431;52,49611769
6895;201877;11;12;12214422;2018;6;8;2;3;5;2;0;1;1;0;0;0;0;0;792185,2419;5832955,314;13,31196154;52,56801533
6896;201878;11;3;3010102;2018;6;6;6;3;5;3;0;0;1;0;0;0;0;0;805467,7833;5840998,421;13,51475437;52,63280881
6897;201879;11;2;2040701;2018;6;12;6;3;2;7;0;1;1;0;0;0;0;0;801051,8226;5827067,304;13,43705597;52,51040951
6898;201880;11;4;4030622;2018;6;7;6;3;5;2;0;1;1;0;0;0;0;0;792749,113;5826773,332;13,31481017;52,51229342
6899;201881;11;12;12304313;2018;6;20;2;2;0;2;0;0;1;0;1;0;0;0;792562,669;5835169,046;13,31946794;52,58765767
6900;201882;11;3;3030715;2018;6;7;6;3;5;2;0;1;1;0;0;0;0;0;801176,8707;5833193,357;13,44444522;52,56524897
6901;201883;11;12;12103219;2018;6;22;2;2;1;1;2;0;1;0;0;0;0;0;795054,3795;5832512,245;13,35377689;52,56249609
6902;201884;11;4;4030931;2018;6;6;6;2;5;2;0;1;1;0;0;0;0;0;793976,9763;5826178,331;13,33232596;52,50629918
6903;201885;11;1;1022103;2018;6;22;2;3;0;1;2;0;0;0;1;0;0;0;793589,0507;5829824,644;13,32984563;52,53919542
6904;201886;11;10;10020413;2018;6;0;6;2;9;1;2;0;0;0;1;0;0;0;810918,6343;5831646,017;13,58626157;52,54590733
6905;201887;11;6;6020302;2018;6;18;5;3;5;2;0;0;1;0;0;0;0;0;794832,7927;5819321,595;13,33883735;52,4443708
6906;201888;11;4;4031032;2018;6;21;2;3;6;4;1;0;1;1;0;0;0;0;791158,1952;5824747,526;13,28966186;52,49498368
6907;201889;11;1;1022204;2018;6;23;5;3;2;7;2;1;0;0;0;0;0;0;794532,6392;5828104,084;13,34219383;52,52326261
6908;201890;11;7;7040405;2018;6;14;6;3;5;2;0;0;1;0;1;0;0;0;799128,5582;5821712,269;13,40399515;52,46346706
6909;201891;11;5;5020523;2018;6;20;2;3;0;1;0;0;0;0;1;0;0;0;783111,6176;5827381,408;13,1736977;52,52283354
6910;201892;11;1;1011301;2018;6;18;5;3;5;3;0;1;1;0;0;0;0;0;796679,2277;5828759,029;13,37432471;52,52796976
6911;201893;11;5;5020419;2018;6;20;2;3;1;5;0;1;1;0;0;0;0;0;781375,3723;5828385,617;13,1490246;52,53273666
6912;201894;11;11;11051330;2018;6;8;5;3;3;6;0;1;0;0;0;0;0;0;806367,5215;5824930,132;13,51317373;52,48829631
6913;201895;11;5;5010312;2018;6;20;2;3;6;4;0;0;1;1;0;0;0;0;785176,0691;5829755,401;13,20608044;52,54304271
6914;201896;11;7;7010104;2018;6;11;5;3;0;6;0;0;1;0;0;0;1;0;796286,5676;5824921,49;13,36513722;52,4937834
6915;201897;11;12;12301205;2018;6;6;6;3;5;2;0;0;1;0;0;0;0;0;792417,4842;5837691,338;13,31955867;52,61034681
6916;201898;11;4;4030623;2018;6;16;3;3;5;2;0;0;1;0;1;0;0;0;793790,2702;5826937,692;13,33025329;52,51320704
6917;201899;11;5;5010314;2018;6;16;3;3;6;7;0;1;0;1;0;0;0;0;785189,4096;5829103,709;13,2057172;52,53719272
6918;201900;11;4;4041343;2018;6;12;6;3;5;5;0;1;0;0;0;0;1;1;792726,794;5823130,04;13,31128059;52,47964431
6919;201901;11;4;4030931;2018;6;16;3;3;3;6;0;1;1;0;0;0;0;0;794432,8883;5825864,425;13,33874619;52,50323935
6920;201902;11;12;12214424;2018;6;11;6;3;2;6;0;0;1;0;0;0;1;1;793253,0827;5832492,403;13,32726236;52,56329139
6921;201903;11;12;12304313;2018;6;10;6;3;5;2;0;0;1;0;0;0;0;1;792354,1331;5834072,136;13,31543093;52,57793649
6922;201904;11;2;2030302;2018;6;16;3;3;5;2;0;0;1;0;1;0;0;0;800833,7838;5826470,365;13,4333134;52,50517928
6923;201905;11;11;11051332;2018;6;10;6;3;5;3;0;0;1;0;0;0;0;0;806610,4626;5824264,62;13,51612833;52,48219542
6924;201906;11;6;6040807;2018;6;16;3;3;5;3;0;1;1;0;0;0;0;0;789823,6883;5818650,967;13,26476404;52,44103652
6925;201907;11;7;7010104;2018;6;13;1;2;5;3;0;0;1;1;0;0;1;1;796035,901;5825347,385;13,36183431;52,4977372
6926;201908;11;2;2020202;2018;6;10;6;3;5;3;0;0;0;0;1;0;1;0;797266,8367;5824989,889;13,37959462;52,49386354
6927;201909;11;8;8010301;2018;6;16;3;3;4;6;0;1;1;0;0;0;0;0;800437,7252;5825127,053;13,42628396;52,49335693
6928;201910;11;4;4030623;2018;6;8;6;3;5;3;0;0;1;0;1;0;0;0;792916,931;5826772,084;13,31727491;52,51219213
6929;201911;11;4;4030726;2018;6;8;6;3;3;6;0;0;1;0;0;0;1;0;792146,539;5825307,921;13,30467018;52,49947939
6930;201912;11;4;4051549;2018;6;16;3;3;5;2;0;1;1;0;0;0;0;0;793297,2433;5823599,755;13,32006948;52,48354907
6931;201913;11;6;6030504;2018;6;8;6;3;5;2;0;1;1;0;0;0;0;0;790850,2534;5817574,518;13,27888772;52,43084091
6932;201914;11;11;11041128;2018;6;8;6;3;6;7;0;0;1;1;0;0;0;0;806749,2677;5826141,435;13,51989355;52,49893792
6933;201915;11;1;1044202;2018;6;16;3;3;0;6;0;0;0;0;1;0;1;0;794877,2149;5830203,412;13,34912027;52,54189526
6934;201916;11;1;1022106;2018;6;8;6;3;5;2;0;1;1;0;0;0;0;0;794219,9005;5828302,539;13,33777317;52,52521048
6935;201917;11;9;9010301;2018;6;16;3;2;5;2;0;0;1;0;0;0;0;0;805020,1602;5822708,997;13,49136016;52,46914364
6936;201918;11;6;6020301;2018;6;5;6;3;0;6;0;0;0;0;1;0;1;0;795874,3261;5819141,439;13,35395734;52,44219324
6937;201919;11;12;12214424;2018;6;22;6;3;5;2;2;0;1;0;0;0;0;0;793217,2709;5832406,261;13,32665943;52,56253846
6938;201920;11;3;3061435;2018;6;17;3;3;3;7;0;1;0;0;0;0;0;0;802077,35;5829108,647;13,45397482;52,52813915
6939;201921;11;12;12214527;2018;6;21;6;3;5;3;2;0;1;0;1;0;0;0;790505,0835;5835040,509;13,28906942;52,5876081
6940;201922;11;3;3040818;2018;6;19;7;2;5;2;0;0;1;0;1;0;0;0;799828,9747;5831980,628;13,42352335;52,55512291
6941;201923;11;7;7050502;2018;6;16;3;3;2;6;0;0;1;0;0;0;0;0;798708,498;5817579,168;13,39413537;52,42664855
6942;201924;11;2;2040701;2018;6;12;1;3;5;3;0;1;1;0;0;0;0;1;801242,5117;5827686,697;13,44041796;52,51585596
6943;201925;11;1;1011302;2018;6;17;7;3;5;3;0;1;0;0;0;0;1;0;797992,7361;5828907,815;13,39376307;52,52858704
6944;201926;11;9;9051702;2018;6;21;6;3;5;3;1;0;1;0;0;0;0;0;814216,4302;5821995,555;13,62562945;52,45753943
6945;201927;11;10;10010309;2018;6;17;3;3;5;2;0;1;1;0;0;0;0;0;808461,0301;5829283,092;13,54794181;52,52612823
6946;201928;11;4;4030726;2018;6;21;6;3;5;2;2;0;1;0;0;0;0;0;792305,2186;5825383,575;13,30706749;52,50007263
6947;201929;11;1;1044201;2018;6;9;6;2;3;6;0;0;0;0;1;1;0;0;796766,2801;5831912,199;13,3784209;52,55618702
6948;201930;11;1;1011103;2018;6;14;3;3;5;2;0;0;1;0;0;0;0;0;795327,698;5826172,709;13,35216424;52,5055193
6949;201931;11;12;12304313;2018;6;9;6;2;6;4;0;0;0;1;0;0;1;1;791387,4768;5834231,718;13,30134621;52,57988558
6950;201932;11;12;12304314;2018;6;9;2;3;2;6;0;0;1;0;1;0;0;0;790205,2582;5835860,8;13,28537489;52,59512197
6951;201933;11;3;3050924;2018;6;21;6;3;1;5;0;1;1;0;0;0;0;0;801820,6837;5831563,389;13,45243258;52,55028314
6952;201934;11;9;9051901;2018;6;14;3;2;6;4;0;0;0;1;1;0;0;0;811026,1279;5821821,358;13,57866592;52,45780313
6953;201935;11;1;1033201;2018;6;19;6;2;3;6;0;0;1;0;1;0;0;0;797736,6486;5830627,888;13,39154028;52,54414523
6954;201936;11;2;2020206;2018;6;13;3;3;2;6;0;1;1;0;0;0;0;0;800152,7958;5825092,399;13,42206853;52,49320307
6955;201937;11;2;2010101;2018;6;12;3;3;6;4;0;0;1;1;0;0;0;0;797250,1738;5826322,438;13,38053926;52,50581747
6956;201938;11;9;9041501;2018;6;18;6;3;5;3;0;1;1;0;0;0;0;0;810883,6856;5820660,769;13,57549596;52,44748345
6957;201939;11;4;4020311;2018;6;12;3;2;6;4;0;0;1;1;0;0;0;0;789341,058;5826208,798;13,26424034;52,50905077
6958;201940;11;1;1011302;2018;6;12;3;3;5;3;0;1;0;0;0;0;0;0;798558,4409;5828379,692;13,40160322;52,52354363
6959;201941;11;4;4020314;2018;6;18;6;2;3;6;0;0;1;0;1;0;0;0;790394,9892;5825617,458;13,27921012;52,50318933
6960;201942;11;3;3030715;2018;6;18;6;3;2;6;0;0;1;0;1;0;0;0;800945,5188;5833304,022;13,44114272;52,5663688
6961;201943;11;11;11020411;2018;6;12;3;3;5;3;0;0;1;0;1;0;0;0;805291,4485;5832045,648;13,50390544;52,5526713
6962;201944;11;2;2030301;2018;6;18;6;3;5;2;0;1;1;0;0;0;0;0;800078,585;5825636,823;13,42146916;52,49812377
6963;201945;11;1;1044202;2018;6;12;3;3;5;3;0;0;1;0;0;0;1;0;795569,1754;5830492,357;13,35955096;52,54411048
6964;201946;11;8;8010404;2018;6;10;1;3;2;6;0;0;1;0;0;0;0;1;802603,269;5823076,336;13,4562225;52,47378016
6965;201947;11;9;9020502;2018;6;11;3;3;5;2;0;0;1;0;0;0;0;0;806867,2697;5821981,83;13,51779828;52,46159221
6966;201948;11;1;1022104;2018;6;16;6;2;6;4;0;1;0;1;0;0;0;0;794561,3006;5828751,411;13,34318848;52,52904997
6967;201949;11;6;6010206;2018;6;11;3;3;0;5;0;0;1;0;1;0;0;0;795117,5215;5819578,403;13,34324128;52,44651934
6968;201950;11;2;2010102;2018;6;11;3;3;5;3;0;1;1;0;0;0;0;0;798334,3846;5825630,75;13,39584643;52,49902561
6969;201951;11;1;1011102;2018;6;16;6;3;3;6;0;0;1;0;1;0;0;0;795079,735;5827225,102;13,34945455;52,5150874
6970;201952;11;2;2030402;2018;6;11;3;3;1;5;0;1;1;0;0;0;0;0;801558,0743;5825966,821;13,44349624;52,50026612
6971;201953;11;3;3061131;2018;6;1;6;3;9;1;2;1;0;0;0;0;0;0;798597,5839;5830271,207;13,40387755;52,54047695
6972;201954;11;1;1011104;2018;6;10;3;3;1;5;0;0;1;0;0;0;1;0;796379,5049;5826116,646;13,36756569;52,5044464
6973;201955;11;5;5020521;2018;6;7;6;3;0;1;0;1;0;0;0;0;0;0;780790,4245;5827988,346;13,14008816;52,52947614
6974;201956;11;5;5010207;2018;6;9;3;3;2;6;0;0;1;0;0;0;0;0;783666,8911;5830170,255;13,18424048;52,54755021
6975;201957;11;7;7020203;2018;6;15;1;3;5;2;0;0;1;0;0;0;0;1;795557,8678;5823675,929;13,35333048;52,48301297
6976;201958;11;9;9010301;2018;6;13;6;3;6;4;0;0;1;1;0;0;0;0;804759,3636;5822303,386;13,48716233;52,46565382
6977;201959;11;6;6010103;2018;6;10;3;3;5;5;0;1;1;0;0;0;0;0;793901,4417;5820976,963;13,3266306;52,45971197
6978;201960;11;7;7040403;2018;6;16;6;3;3;6;0;0;0;0;1;1;0;1;797288,432;5821355,837;13,37667207;52,46127626
6979;201961;11;7;7020203;2018;6;9;3;3;1;5;0;1;1;0;0;0;0;0;795770,0598;5824291,634;13,35699244;52,48841738
6980;201962;11;11;11040925;2018;6;18;1;3;1;5;0;0;1;0;0;0;0;1;803614,1375;5826530,145;13,47420619;52,50417505
6981;201963;11;8;8030829;2018;6;8;3;3;5;2;0;0;1;0;0;0;0;0;803160,2796;5818438,18;13,46018794;52,43189957
6982;201964;11;2;11051229;2018;6;16;6;3;0;1;0;0;0;0;1;0;0;0;803274,8367;5826016,953;13,46875525;52,49976409
6983;201965;11;1;1011204;2018;6;8;3;3;0;5;0;1;1;0;0;0;1;0;798756,0927;5826895,592;13,40317517;52,51013249
6984;201966;11;7;7020204;2018;6;17;7;3;4;6;0;0;1;0;0;0;0;1;796384,8143;5823242,525;13,36508712;52,47867965
6985;201967;11;4;4041134;2018;6;8;3;3;5;3;0;1;1;0;0;0;0;0;790855,5935;5823646,646;13,28425623;52,48527557
6986;201968;11;3;3061227;2018;6;15;6;3;2;6;0;0;1;0;0;0;0;0;799573,7615;5831767,009;13,41957748;52,55334861
6987;201969;11;4;4041137;2018;6;8;3;3;2;6;0;0;1;0;0;0;0;0;790877,8562;5822910,359;13,28394074;52,47866284
6988;201970;11;4;4031032;2018;6;14;6;3;6;7;0;0;1;1;0;0;0;0;791506,7741;5824897,324;13,29491293;52,49614054
6989;201971;11;7;7020202;2018;6;14;6;3;1;5;0;1;1;0;0;0;0;0;794712,8627;5823868,665;13,34109349;52,48519745
6990;201972;11;3;3071537;2018;6;8;3;3;5;3;0;1;1;0;0;0;0;0;799595,4127;5829903,551;13,4182151;52,53663383
6991;201973;11;7;7030301;2018;6;13;6;3;1;5;0;1;1;0;0;0;0;1;794179,0045;5821924,724;13,33153945;52,46805887
6992;201974;11;2;2010102;2018;6;18;7;2;6;4;0;0;1;1;0;0;0;0;798004,9929;5825936,24;13,39128183;52,50194392
6993;201975;11;8;8010214;2018;6;8;3;3;5;7;0;1;1;0;0;0;0;0;801809,997;5821967,979;13,44357617;52,46428463
6994;201976;11;4;4051549;2018;6;11;1;3;6;2;0;0;1;1;0;0;0;1;792466,666;5824009,503;13,3082328;52,48766789
6995;201977;11;4;4030725;2018;6;17;7;3;5;3;0;0;1;0;0;0;0;0;791471,2284;5825793,94;13,29517556;52,50419762
6996;201978;11;2;2020203;2018;6;7;3;3;2;6;0;1;1;0;0;0;0;0;797033,8381;5824294,041;13,37555247;52,48775282
6997;201979;11;4;4051448;2018;6;13;6;3;5;7;0;1;1;0;0;0;0;0;794198,4679;5825052,231;13,33458506;52,49608492
6998;201980;11;10;10010308;2018;6;19;7;3;5;2;0;0;1;0;1;0;0;1;806552,2818;5829129,18;13,51975284;52,5258254
6999;201981;11;7;7010102;2018;6;7;3;3;1;5;0;1;1;0;0;0;0;0;795376,4192;5825317,912;13,35212177;52,49783032
7000;201982;11;9;9020802;2018;6;13;6;3;5;3;0;0;0;0;0;0;1;0;810696,9191;5819289,938;13,57148229;52,43530471
7001;201983;11;4;4030724;2018;6;7;3;3;2;6;0;0;1;0;1;0;0;0;791169,9968;5826049,788;13,29097385;52,50665213
7002;201984;11;5;5010209;2018;6;13;6;2;5;2;0;0;1;0;1;0;0;1;781908,5108;5829570,001;13,15786839;52,54308089
7003;201985;11;1;1044101;2018;6;13;6;3;5;3;0;0;1;0;0;0;0;0;794122,7864;5831523,788;13,3391974;52,55413931
7004;201986;11;7;7030303;2018;6;7;3;3;5;3;0;1;1;0;0;0;0;0;795356,0213;5822234,997;13,34909059;52,47020522
7005;201987;11;7;7060602;2018;6;15;5;3;5;3;0;1;0;0;0;0;1;0;797318,9791;5817096,756;13,37333094;52,42308099
7006;201988;11;4;4030930;2018;6;14;5;3;5;3;0;1;1;0;0;0;0;1;793129,5584;5825593,25;13,31936111;52,50151011
7007;201989;11;12;12304314;2018;6;6;3;3;0;6;0;0;1;0;1;0;0;1;790168,9282;5835931,597;13,28490208;52,59577604