;OBJECTID;LAND;BEZ;LOR;UJAHR;UMONAT;USTUNDE;UWOCHENTAG;UKATEGORIE;UART;UTYP1;ULICHTVERH;IstRad;IstPKW;IstFuss;IstKrad;IstGkfz;IstSonstige;USTRZUSTAND;LINREFX;LINREFY;XGCSWGS84;YGCSWGS84
7008;201990;11;1;1011303;2018;6;15;5;3;0;5;0;1;0;0;0;0;1;0;798498,8574;5828173,886;13,4005429;52,52173148
7009;201991;11;2;2030401;2018;6;18;7;3;4;6;0;0;1;0;0;0;0;0;801215,5939;5825397,457;13,43795132;52,49535193
7010;201992;11;1;1033101;2018;6;22;3;3;6;4;2;1;0;1;0;0;0;0;797278,2307;5832202,073;13,38620969;52,55850617
7011;201993;11;4;4020208;2018;6;23;7;3;5;3;2;0;1;0;0;0;1;1;786925,0587;5825815,844;13,228401;52,50680381
7012;201994;11;8;8010509;2018;6;23;5;3;6;4;2;0;1;1;0;0;0;0;803737,0139;5822199,36;13,47206484;52,46529073
7013;201995;11;1;1011104;2018;6;21;3;3;5;2;1;1;1;0;0;0;0;0;796254,1249;5825960,37;13,36558482;52,50311363
7014;201996;11;2;2040502;2018;6;21;5;3;0;1;1;1;0;0;0;0;0;0;800476,5799;5828214,737;13,42964149;52,52101144
7015;201997;11;1;1011303;2018;6;20;5;3;5;3;1;1;1;0;0;0;0;0;799325,3067;5828614,767;13,4130842;52,52523028
7016;201998;11;7;7010102;2018;6;19;3;3;3;6;0;1;1;0;0;0;0;0;795884,2465;5825168,575;13,35944801;52,49621656
7017;201999;11;1;1033203;2018;6;20;5;3;6;4;0;0;1;1;0;0;0;0;796605,4279;5829814,865;13,37418219;52,53747436
7018;202000;11;7;7070701;2018;6;8;2;3;5;3;0;0;1;0;0;0;0;1;799169,947;5815011,724;13,39860692;52,40338237
7019;202001;11;11;11041128;2018;6;19;5;3;6;4;0;1;0;1;0;0;0;0;805771,2462;5825899,214;13,50530871;52,49731589
7020;202002;11;1;1011203;2018;6;19;3;3;5;2;0;1;1;0;0;0;0;0;797767,5479;5827349,592;13,38905839;52,51474255
7021;202003;11;10;10020415;2018;6;18;5;3;5;3;0;1;1;0;0;0;0;0;812129,6757;5831346,982;13,60378172;52,54253523
7022;202004;11;4;4041344;2018;6;13;2;3;6;4;0;0;1;1;0;0;0;0;792980,0186;5822542,418;13,31448235;52,47424064
7023;202005;11;5;5020417;2018;6;18;5;3;3;6;0;1;1;0;0;0;0;0;781880,9197;5829077,058;13,15704436;52,53867522
7024;202006;11;4;4031032;2018;6;18;3;3;1;5;0;1;1;0;0;0;0;0;791314,4578;5825030,123;13,29220422;52,49743377
7025;202007;11;1;1011302;2018;6;17;5;3;5;2;0;1;1;0;0;0;0;0;798636,1165;5828816,181;13,40313669;52,52741361
7026;202008;11;11;11020412;2018;6;17;3;3;5;5;0;0;1;0;1;0;0;0;804883,6103;5831341,396;13,49726226;52,54658793
7027;202009;11;8;8010303;2018;6;17;3;3;1;5;0;1;1;0;0;0;0;0;801421,4503;5823867,638;13,43959078;52,48152621
7028;202010;11;2;2040702;2018;6;17;5;3;5;3;0;1;1;0;0;0;0;0;801932,6735;5827696,998;13,45056721;52,51556666
7029;202011;11;2;2010103;2018;6;16;5;3;2;2;0;0;1;0;0;0;0;0;799348,2365;5826190,359;13,41124018;52,50348651
7030;202012;11;6;6040810;2018;6;12;3;3;8;1;0;0;1;0;0;0;0;0;790199,6732;5819872,611;13,27134119;52,45178952
7031;202013;11;9;9051702;2018;6;19;5;3;5;3;0;0;1;0;0;0;0;0;814405,104;5820801,855;13,62727345;52,44673427
7032;202014;11;9;9020502;2018;6;15;3;2;0;1;0;1;0;0;0;0;0;0;806626,9313;5822054,098;13,51433826;52,46237481
7033;202015;11;1;1011303;2018;6;22;1;3;5;3;2;1;1;0;0;0;0;1;799336,4685;5827710,789;13,41243472;52,51712136
7034;202016;11;2;2010101;2018;6;22;7;3;2;6;2;0;1;0;0;0;0;1;797873,589;5825498,745;13,38896038;52,49809405
7035;202017;11;1;1022104;2018;6;22;7;2;5;3;2;0;1;0;0;0;0;1;794576,822;5828732,651;13,3434;52,52887341
7036;202018;11;1;1011402;2018;6;13;3;3;0;1;0;1;0;0;0;0;0;0;798730,2985;5829566,216;13,40519486;52,534085
7037;202019;11;2;2050801;2018;6;16;5;3;5;3;0;0;1;0;1;0;0;0;802945,7744;5827202,38;13,46500113;52,5105717
7038;202020;11;9;9041402;2018;6;16;3;3;0;1;0;1;0;0;0;0;0;0;812134,9234;5820306,23;13,59351598;52,44359345
7039;202021;11;11;11010308;2018;6;17;2;3;6;7;0;0;1;1;0;0;0;0;805071,014;5833551,14;13,50204818;52,56628754
7040;202022;11;12;12231101;2018;6;16;5;3;5;2;0;1;1;0;0;0;0;1;791958,0121;5838049,951;13,3131088;52,61380861
7041;202023;11;3;3061228;2018;6;8;2;3;5;2;0;1;1;0;0;0;0;0;800874,0394;5831067,314;13,43806394;52,54636044
7042;202024;11;10;10030727;2018;6;13;2;3;6;4;0;0;1;1;0;0;0;0;809711,7146;5826226,793;13,56347433;52,49802982
7043;202025;11;11;11020411;2018;6;15;5;2;5;2;0;1;0;0;0;0;1;1;806123,7528;5832009,863;13,51610986;52,55188346
7044;202026;11;10;10040932;2018;6;6;2;3;2;6;0;1;1;0;0;0;0;0;813717,2838;5827360,325;13,62335515;52,50589969
7045;202027;11;6;6020409;2018;6;15;5;3;5;3;0;0;1;0;1;0;0;1;793541,7251;5817921,916;13,31866714;52,43251769
7046;202028;11;1;1011304;2018;6;23;2;3;5;2;2;0;1;0;0;0;0;0;799736,1476;5827565,327;13,41817621;52,51559801
7047;202029;11;4;4051653;2018;6;15;5;3;2;3;0;0;1;0;1;0;0;1;793976,9904;5824453,379;13,33080362;52,49083585
7048;202030;11;2;2010101;2018;6;22;2;2;5;2;2;0;0;0;1;0;0;0;797621,9529;5825579,59;13,38533675;52,49895602
7049;202031;11;7;7050502;2018;6;19;1;2;0;1;0;0;0;0;1;0;0;1;798257,1783;5818379,848;13,38823154;52,43407199
7050;202032;11;1;3040614;2018;6;16;7;2;0;4;0;0;0;1;0;0;1;0;797716,728;5832896,218;13,39328164;52,5644887
7051;202033;11;1;1011303;2018;6;20;2;2;6;4;0;0;1;1;0;0;0;0;799594,2417;5828256,108;13,41671334;52,52186776
7052;202034;11;2;2020203;2018;6;15;5;3;5;2;0;1;1;0;0;0;0;1;797765,9272;5824734,798;13,38669629;52,49130491
7053;202035;11;3;3061441;2018;6;18;2;3;0;7;0;1;0;0;0;0;0;0;802335,4175;5828895,189;13,4575733;52,52608289
7054;202036;11;7;7040403;2018;6;17;7;3;2;2;0;0;1;0;0;0;0;0;797236,0384;5820695,505;13,37531527;52,45538553
7055;202037;11;3;3061228;2018;6;15;5;3;5;2;0;1;1;0;0;0;0;1;800192,9689;5830930,912;13,42792712;52,54551353
7056;202038;11;7;7060601;2018;6;18;2;3;6;2;0;0;0;1;0;0;1;0;797299,9481;5817287,576;13,37322148;52,42480186
7057;202039;11;1;1044101;2018;6;15;5;3;2;6;0;0;1;0;0;0;0;1;793998,8217;5832012,413;13,33780704;52,55858643
7058;202040;11;5;5010314;2018;6;16;7;3;5;3;0;0;1;0;0;0;1;1;784794,6684;5828792,99;13,19964664;52,53461326
7059;202041;11;2;2020203;2018;6;15;5;3;6;4;0;0;0;1;0;0;1;1;797101,6186;5824474,373;13,37670854;52,48933243
7060;202042;11;10;10010203;2018;6;18;2;3;5;2;0;0;1;0;0;0;0;0;808296,8553;5833314,366;13,54927084;52,56234855
7061;202043;11;1;1011102;2018;6;16;2;3;5;3;0;1;1;0;0;0;0;0;795221,5632;5826710,643;13,35108215;52,51039891
7062;202044;11;1;1011301;2018;6;15;5;3;5;2;0;1;1;0;0;0;0;1;796903,4967;5828888,57;13,3777366;52,52900885
7063;202045;11;2;2020204;2018;6;16;2;3;3;6;0;0;1;0;0;0;0;0;798640,0792;5824687,696;13,39949092;52,49040518
7064;202046;11;5;5020522;2018;6;15;5;3;2;6;0;0;1;0;0;0;0;1;782357,3286;5827038,449;13,16231857;52,52014957
7065;202047;11;9;9020701;2018;6;16;2;3;5;3;0;1;1;0;0;0;0;0;807881,4066;5819184,309;13,5300998;52,43595002
7066;202048;11;4;4030725;2018;6;14;5;3;0;1;0;0;0;0;1;0;0;1;791723,4245;5826097,708;13,29914678;52,50678608
7067;202049;11;6;6010206;2018;6;16;2;3;1;5;0;1;1;0;0;0;0;0;794519,5205;5820027,274;13,33486365;52,45086572
7068;202050;11;9;9041601;2018;6;14;1;3;2;7;0;0;1;0;0;0;0;1;816682,3747;5817373,249;13,65742277;52,41469791
7069;202051;11;7;7010104;2018;6;15;7;3;2;6;0;0;1;0;0;0;0;0;796820,476;5824785,023;13,37285675;52,49227003
7070;202052;11;10;10020517;2018;6;16;2;3;2;6;0;0;1;0;0;0;1;0;812764,9237;5830268,616;13,61210352;52,53250776
7071;202053;11;1;1011401;2018;6;14;5;3;0;1;0;1;0;0;0;0;0;1;797838,3622;5829083,467;13,39165152;52,5302459
7072;202054;11;8;8020726;2018;6;15;2;3;5;3;0;1;1;0;0;0;0;0;799335,75;5816286,28;13,40217634;52,41471662
7073;202055;11;8;8010301;2018;6;14;5;3;0;2;0;1;1;0;0;0;0;1;800994,0081;5824208,135;13,43362297;52,48481395
7074;202056;11;9;9051702;2018;6;14;5;3;1;5;0;1;1;0;0;0;0;0;814725,3151;5821751,599;13,63286432;52,45506059
7075;202057;11;8;8010211;2018;6;15;2;3;5;3;0;0;1;0;0;0;1;0;800654,4466;5823653,935;13,42813769;52,48003355
7076;202058;11;5;5010314;2018;6;13;5;3;2;6;0;0;1;0;0;0;0;1;785321,7545;5829293,8;13,20782642;52,53882778
7077;202059;11;4;4010103;2018;6;15;7;3;8;1;0;0;1;0;0;0;0;1;791297,9654;5829729,219;13,29607673;52,53956953
7078;202060;11;7;7050505;2018;6;13;5;3;0;1;0;1;0;0;0;0;0;1;799342,8334;5819050,914;13,40475447;52,4394942
7079;202061;11;6;6030504;2018;6;15;2;2;5;3;0;1;0;0;0;0;1;0;788950,9513;5816401,826;13,2500165;52,42133361
7080;202062;11;1;1011204;2018;6;13;5;3;0;5;0;0;1;0;1;0;0;1;798088,2733;5827068,324;13,3935188;52,51204615
7081;202063;11;8;8020622;2018;6;15;2;2;2;6;0;0;1;0;0;0;0;0;801253,4084;5819775,711;13,43343041;52,44494176
7082;202064;11;4;4030930;2018;6;14;7;3;2;6;0;0;1;0;0;0;0;0;792936,4953;5825532,089;13,31647123;52,50106551
7083;202065;11;9;9051702;2018;6;7;2;2;6;4;0;0;1;1;0;0;0;0;814210,1986;5821945,945;13,62549135;52,45709846
7084;202066;11;8;8030831;2018;6;13;5;3;5;3;0;1;1;0;0;0;0;0;804119,4265;5817641,829;13,47352846;52,42422961
7085;202067;11;4;4030828;2018;6;12;5;3;0;6;0;0;1;0;1;0;0;1;793126,3818;5826082,273;13,31974497;52,50589573
7086;202068;11;1;1044202;2018;6;15;2;3;5;2;0;1;1;0;0;0;0;0;794898,2901;5830243,987;13,34946615;52,54224758
7087;202069;11;7;7010102;2018;6;3;1;2;9;1;2;0;1;0;0;0;0;1;795612,3795;5825462,815;13,35571614;52,4990015
7088;202070;11;7;7050501;2018;6;10;5;3;5;3;0;0;1;0;0;0;0;0;797691,9495;5818768,186;13,38028761;52,43786096
7089;202071;11;11;11040926;2018;6;7;2;3;5;3;0;1;0;0;0;0;1;0;805585,9744;5826430,998;13,50307596;52,50218573
7090;202072;11;6;6010208;2018;6;10;5;2;5;3;0;1;0;0;0;0;1;0;794606,6498;5820284,654;13,33636911;52,45312605
7091;202073;11;4;4030623;2018;6;10;5;3;2;6;0;0;1;0;1;0;0;0;793253,59;5826900,807;13,32233499;52,51316519
7092;202074;11;3;3071537;2018;6;8;2;2;5;2;0;1;0;0;0;0;0;0;799785,3534;5829587,283;13,42072187;52,53369456
7093;202075;11;3;3061227;2018;6;10;5;3;5;3;0;0;1;0;0;0;0;0;800086,2845;5831671,075;13,42702745;52,55220659
7094;202076;11;4;4020313;2018;6;12;2;3;2;6;0;0;1;0;0;1;0;0;790522,7178;5826475,702;13,28183561;52,51081555
7095;202077;11;4;4051445;2018;6;10;5;3;1;1;0;1;1;0;0;0;0;0;792706,3995;5824242,941;13,31195842;52,48963212
7096;202078;11;3;3030715;2018;6;9;2;3;2;6;0;0;0;0;0;0;1;0;800845,137;5833481,235;13,4398269;52,56801266
7097;202079;11;1;1033102;2018;6;10;5;3;5;2;0;1;0;0;0;0;1;0;797659,2597;5831883,029;13,39152756;52,55543822
7098;202080;11;4;4041134;2018;6;9;2;2;2;6;0;0;1;0;0;0;0;0;790892,5296;5824728,972;13,28574348;52,494959
7099;202081;11;11;11020412;2018;6;10;2;3;5;3;0;0;1;0;0;0;0;0;805621,48;5831778,71;13,50851225;52,55009385
7100;202082;11;12;12304314;2018;6;9;5;3;6;7;0;1;0;1;0;0;0;0;790976,4024;5835825,803;13,29669662;52,59439618
7101;202083;11;4;4020313;2018;6;10;2;3;6;7;0;1;0;1;0;0;0;0;790466,136;5826696,41;13,28119685;52,51282434
7102;202084;11;8;8010301;2018;6;9;5;3;5;7;0;0;1;0;1;0;0;0;800774,6963;5824319,77;13,43050374;52,48593543
7103;202085;11;4;4051654;2018;6;11;2;3;6;7;0;0;1;1;0;0;0;0;793838,9095;5823991,651;13,32836863;52,48677101
7104;202086;11;7;7040403;2018;6;9;5;3;0;3;0;0;1;0;0;0;1;0;797680,8932;5821353,315;13,38242928;52,46104001
7105;202087;11;3;3020210;2018;6;9;5;3;6;4;0;0;1;1;0;0;0;0;798484,8211;5834887,44;13,40637201;52,58191646
7106;202088;11;10;10030724;2018;6;12;2;3;2;6;0;0;1;0;1;0;0;0;809600,1639;5828518,551;13,56396774;52,51863106
7107;202089;11;9;9041501;2018;6;8;5;3;5;3;0;1;1;0;0;0;0;0;810885,7469;5820660,769;13,57552619;52,44748228
7108;202090;11;1;1011302;2018;6;14;2;3;0;1;0;1;0;0;0;0;0;0;799037,1327;5828952,543;13,40915297;52,52841608
7109;202091;11;12;12302107;2018;6;8;2;2;5;3;0;0;1;0;0;0;0;0;793844,5839;5836157,961;13,33921284;52,59583163
7110;202092;11;5;5010339;2018;6;7;2;3;0;7;0;1;0;0;0;0;0;1;785770,6132;5828522,592;13,21376342;52,53167807
7111;202093;11;10;10020621;2018;6;8;5;3;5;2;0;1;1;0;0;0;0;0;811654,8571;5829779,077;13,59533264;52,52875669
7112;202094;11;1;1011306;2018;6;2;2;3;0;1;2;1;0;0;0;0;0;0;799971,9995;5826913,856;13,42105426;52,50962895
7113;202095;11;12;12302211;2018;6;15;2;3;2;7;0;0;1;0;0;1;0;0;793356,8911;5836535,73;13,33236815;52,59948138
7114;202096;11;1;1033203;2018;6;7;5;3;6;4;0;0;1;1;0;0;0;0;796819,6043;5830286,504;13,37775206;52,54158547
7115;202097;11;4;4030519;2018;6;14;2;3;5;2;0;1;0;0;0;0;1;0;791354,3806;5828702,115;13,29600578;52,53033153
7116;202098;11;1;1044202;2018;6;7;5;3;5;2;0;1;1;0;0;0;0;0;795620,7345;5830523,304;13,36033659;52,54435992
7117;202099;11;4;4030931;2018;6;4;1;3;1;7;0;0;1;1;0;0;0;0;793673,3678;5825964,465;13,32767691;52,50454549
7118;202100;11;3;3010101;2018;6;7;5;3;5;3;0;1;1;0;0;0;0;0;804265,2991;5841804,064;13,49778354;52,64070418
7119;202101;11;8;8020619;2018;6;23;1;3;5;2;2;0;1;0;0;0;0;0;801240,8757;5821609,568;13,43490076;52,46138614
7120;202102;11;12;12231101;2018;6;17;1;3;8;1;0;0;1;0;0;0;0;0;790384,9405;5839353,129;13,2910852;52,62633414
7121;202103;11;1;1022201;2018;6;23;1;3;6;4;2;0;1;1;0;0;0;0;794648,5452;5829021,891;13,34471058;52,53142748
7122;202104;11;2;2030301;2018;6;8;5;3;6;4;0;1;0;1;0;0;0;0;799663,6855;5826088,535;13,41578206;52,50240066
7123;202105;11;1;1044202;2018;6;21;1;3;5;2;1;0;1;0;0;0;0;0;794895,266;5830241,549;13,34941953;52,54222735
7124;202106;11;5;5010314;2018;6;7;5;3;2;6;0;0;1;0;0;0;0;0;784842,6026;5829214,066;13,20071236;52,53836356
7125;202107;11;1;1011402;2018;6;21;1;2;6;4;0;0;1;1;0;0;0;0;798826,2084;5829747,457;13,40676759;52,53565698
7126;202108;11;9;9051901;2018;6;19;1;3;2;6;0;0;1;0;0;0;1;1;810644,2246;5821060,878;13,57235591;52,45120518
7127;202109;11;1;1011105;2018;6;14;7;3;2;6;0;0;1;0;1;0;0;0;796604,9987;5826881,496;13,37155964;52,51117999
7128;202110;11;1;1044201;2018;6;20;1;3;5;3;0;1;1;0;0;0;0;0;796795,3254;5831285,681;13,37828798;52,55055519
7129;202111;11;3;3050923;2018;6;8;5;3;5;3;0;1;1;0;0;0;0;0;801070,5357;5831429,892;13,4412816;52,54950171
7130;202112;11;8;8010118;2018;6;19;1;3;5;3;0;1;1;0;0;0;0;0;800772,0673;5822754,522;13,42905331;52,47190702
7131;202113;11;1;1044202;2018;6;19;1;3;5;2;0;1;1;0;0;0;0;0;796016,2756;5830355,813;13,36600307;52,54264376
7132;202114;11;1;1011302;2018;6;15;4;3;2;2;0;1;1;0;1;0;0;0;798514,2955;5829057,465;13,40156294;52,5296431
7133;202115;11;7;7060601;2018;6;17;1;2;6;2;0;0;1;1;0;0;0;0;797142,3479;5817014,403;13,3706679;52,42243871
7134;202116;11;2;2050601;2018;6;9;4;2;5;7;0;0;1;0;0;1;0;0;801842,3152;5828567,376;13,45002941;52,52341791
7135;202117;11;5;5010312;2018;6;11;7;3;2;6;0;0;1;0;0;0;1;0;785424,1019;5829270,387;13,20931126;52,53856426
7136;202118;11;3;3050923;2018;6;19;4;2;5;3;0;1;0;0;0;0;0;0;800357,7144;5831794,51;13,43113038;52,55316336
7137;202119;11;5;5020524;2018;6;10;1;3;0;3;0;0;0;0;1;0;1;0;783884,5137;5826550,19;13,18434956;52,51497882
7138;202120;11;3;3050924;2018;6;19;4;3;6;4;0;1;0;1;0;0;0;0;801400,7423;5831279,175;13,44599997;52,54796823
7139;202121;11;1;1044101;2018;6;17;1;3;0;2;0;1;1;0;0;0;0;0;793671,0313;5832264,4;13,33320868;52,56102221
7140;202122;11;4;4020208;2018;6;12;1;3;2;6;0;0;1;0;0;0;0;1;788348,347;5826011,289;13,2494827;52,50780565
7141;202123;11;3;3020210;2018;6;11;7;3;5;3;0;0;1;0;0;0;0;0;798593,3826;5835445,877;13,40847266;52,58686242
7142;202124;11;1;1033101;2018;6;19;7;3;2;2;0;0;1;0;0;0;0;0;797281,4915;5832222,543;13,38627598;52,55868788
7143;202125;11;6;6040703;2018;6;16;1;3;5;2;0;1;0;0;0;0;0;0;784630,0978;5819890,156;13,18961996;52,45487545
7144;202126;11;7;7010104;2018;6;19;4;3;6;4;0;0;1;1;0;0;0;0;796072,8338;5825367,081;13,36239428;52,49789372
7145;202127;11;2;2050801;2018;6;16;1;2;1;5;0;1;1;0;0;0;0;0;802464,8131;5827411,305;13,45812564;52,51271117
7146;202128;11;4;4030417;2018;6;19;4;3;5;3;0;1;1;0;0;0;0;0;790846,3934;5826735,306;13,28681845;52,51297042
7147;202129;11;1;1011302;2018;6;18;4;3;2;6;0;0;1;0;1;0;0;0;798446,5739;5829048,015;13,40055911;52,52959548
7148;202130;11;1;1033101;2018;6;16;1;2;6;4;0;0;0;1;1;0;0;0;796389,8542;5832031,805;13,3729916;52,55746416
7149;202131;11;5;5020521;2018;6;18;4;2;2;2;0;0;1;0;0;0;0;0;780073,0935;5827689,723;13,12928986;52,5271675
7150;202132;11;8;8041037;2018;6;13;2;3;1;5;0;1;1;0;0;0;0;0;805792,7038;5817167,516;13,49762639;52,41904605
7151;202133;11;4;4030724;2018;6;10;7;3;6;2;0;0;0;1;1;0;0;0;790666,4746;5826002,376;13,28353459;52,50649558
7152;202134;11;1;1011201;2018;6;18;4;3;3;6;0;0;1;0;0;1;0;0;796958,1841;5826726,55;13,37661039;52,50959891
7153;202135;11;5;5020625;2018;6;15;1;3;2;6;0;0;1;0;0;0;0;0;784717,8096;5828569,892;13,19832545;52,53265313
7154;202136;11;11;11040926;2018;6;18;4;3;5;2;0;0;1;0;1;0;0;0;805476,524;5826956,319;13,50195048;52,50695516
7155;202137;11;7;7010101;2018;6;9;7;3;2;4;0;0;1;1;1;0;0;0;794989,5149;5824918,53;13,34608521;52,4944594
7156;202138;11;7;7070705;2018;6;18;4;2;5;3;0;1;1;0;0;0;0;0;798172,078;5814267,59;13,38331989;52,39725619
7157;202139;11;1;1033202;2018;6;15;1;3;5;2;0;1;1;0;0;0;0;0;796982,7884;5830169,83;13,3800469;52,5404507
7158;202140;11;6;6020306;2018;6;17;4;2;0;3;0;1;0;0;1;0;0;0;795731,3255;5816907,936;13,34988414;52,42224867
7159;202141;11;6;6020303;2018;6;14;1;3;5;3;0;1;1;0;0;0;0;0;795190,0877;5818770,361;13,34359207;52,43923654
7160;202142;11;4;4010102;2018;6;9;1;3;5;2;0;0;1;0;0;0;0;1;793341,673;5829714,923;13,32611175;52,53834505
7161;202143;11;1;1022207;2018;6;2;7;3;2;6;2;0;1;0;0;0;0;1;794717,7263;5827645,676;13,34450781;52,5190533
7162;202144;11;7;7010102;2018;6;17;4;3;6;7;0;0;1;1;0;0;0;0;795221,1911;5825599,503;13,35009138;52,50043857
7163;202145;11;3;3050925;2018;6;14;1;3;5;3;0;1;1;0;0;0;0;0;802794,4316;5831197,809;13,46641653;52,54646613
7164;202146;11;4;4030519;2018;6;17;4;3;2;6;0;0;1;0;0;0;0;0;792329,8153;5828656,07;13,31030386;52,52939651
7165;202147;11;1;1011301;2018;6;22;7;2;0;1;2;0;0;0;1;0;1;1;797470,5212;5828831,363;13,38601939;52,52818695
7166;202148;11;3;3040614;2018;6;17;4;3;2;6;0;1;1;0;0;0;0;0;798247,9851;5833057,052;13,40124064;52,56563959
7167;202149;11;10;10010207;2018;6;14;1;3;1;5;0;0;1;1;0;0;0;0;808102,4693;5831039,306;13,54430118;52,54206992
7168;202150;11;11;11051229;2018;6;17;4;3;5;2;0;1;1;0;0;0;0;0;805606,6058;5824295,528;13,5014203;52,48303516
7169;202151;11;10;10040931;2018;6;8;2;3;2;6;0;0;1;0;1;0;0;0;813005,5611;5828503,133;13,61397795;52,51654917
7170;202152;11;1;1033101;2018;6;23;7;2;1;5;2;0;1;0;0;0;0;1;797417,7871;5832967,163;13,38894797;52,56528802
7171;202153;11;5;5020629;2018;6;13;1;3;5;2;0;0;1;0;0;0;0;0;785568,6919;5826169,214;13,2087742;52,51068378
7172;202154;11;1;1011204;2018;6;17;4;3;5;2;0;1;1;0;0;0;0;0;798771,8391;5827483,243;13,40393409;52,51539134
7173;202155;11;5;5030731;2018;6;13;1;3;2;6;0;0;1;0;0;0;0;0;786975,8946;5829431,009;13,23226749;52,53918933
7174;202156;11;6;6040806;2018;6;14;6;3;5;7;0;0;1;0;1;0;0;0;789486,9651;5819061,38;13,2601796;52,4448944
7175;202157;11;11;11030618;2018;6;17;4;3;0;2;0;1;0;0;0;0;1;0;802414,0218;5828968,051;13,45879468;52,52669235
7176;202158;11;3;3020209;2018;6;12;1;3;0;1;0;1;0;0;0;0;0;0;797160,5958;5835663,355;13,38758148;52,58959637
7177;202159;11;9;9031001;2018;6;16;4;3;5;3;0;0;1;0;0;0;0;0;811080,1722;5815578,995;13,57365231;52,40183075
7178;202160;11;11;11051331;2018;6;10;1;3;5;3;0;0;1;0;0;0;0;0;808010,5141;5824740,171;13,53711929;52,48566945
7179;202161;11;12;12103219;2018;6;17;6;3;6;4;0;0;1;1;0;0;0;0;795612,9031;5833077,121;13,36249575;52,56725671
7180;202162;11;1;1044102;2018;6;7;1;3;5;3;0;1;1;0;0;0;0;0;795883,2108;5832064,578;13,36556931;52,55803344
7181;202163;11;6;6040810;2018;6;16;4;3;2;6;0;0;1;0;0;0;0;0;790332,6782;5820525,322;13,27386046;52,45757061
7182;202164;11;10;10040933;2018;6;16;4;3;2;6;0;0;1;0;0;0;0;0;813545,7051;5827140,541;13,62062851;52,50402885
7183;202165;11;1;1022206;2018;6;3;1;2;5;2;2;0;1;0;0;0;0;0;795526,372;5828204,053;13,35688697;52,52362105
7184;202166;11;1;1011203;2018;6;16;4;3;5;3;0;1;1;0;0;0;0;0;797766,4445;5827448,963;13,3891311;52,51563389
7185;202167;11;12;12214528;2018;6;0;1;3;1;5;2;1;1;0;0;0;0;0;788552,5672;5835461,405;13,26069571;52,59242075
7186;202168;11;9;9010301;2018;6;9;1;3;5;2;0;0;1;0;0;0;0;1;805016,457;5822703,232;13,49130055;52,46909403
7187;202169;11;10;10040830;2018;6;12;6;3;4;7;0;0;1;0;0;0;0;0;810255,9269;5823801,894;13,56920822;52,47598974
7188;202170;11;4;4020311;2018;6;15;1;3;1;5;0;1;1;0;0;0;0;0;789480,1131;5826648,088;13,26666563;52,51291534
7189;202171;11;11;11030619;2018;6;16;4;3;2;6;0;0;1;0;0;0;1;0;804184,4479;5829563,972;13,48535639;52,53104847
7190;202172;11;9;9051702;2018;6;13;7;3;1;5;0;1;1;0;0;0;0;0;814508,9033;5821234,311;13,62920284;52,45054978
7191;202173;11;7;7040401;2018;6;10;7;3;6;6;0;0;1;1;0;0;0;0;796814,6486;5823254,687;13,37140845;52,47855523
7192;202174;11;8;8010301;2018;6;15;4;3;0;2;0;0;1;0;0;0;1;0;800528,7567;5824459,226;13,42701847;52,48732085
7193;202175;11;9;9020502;2018;6;10;7;3;1;3;0;1;1;0;0;0;0;0;807785,9728;5821961,693;13,53125929;52,4608951
7194;202176;11;7;7070701;2018;6;1;7;2;5;2;2;0;0;0;1;0;0;0;799277,5342;5816259,25;13,40129876;52,41450615
7195;202177;11;7;7030301;2018;6;15;4;3;5;2;0;0;1;0;0;0;0;0;794244,893;5822030,269;13,33259967;52,46896955
7196;202178;11;7;7040403;2018;6;0;7;3;0;3;2;0;1;0;1;0;0;0;797580,3222;5820789,132;13,38045049;52,45603747
7197;202179;11;6;6020409;2018;6;14;4;2;5;2;0;0;1;0;0;0;0;0;794065,9405;5818778,118;13,32710889;52,43991169
7198;202180;11;1;1022104;2018;6;0;7;3;9;1;2;0;1;0;0;0;0;0;793933,3256;5828814,952;13,33401424;52,52995855
7199;202181;11;9;9010202;2018;6;14;4;3;1;5;0;0;1;0;0;0;0;0;804134,1635;5823622,532;13,47919033;52,47782536
7200;202182;11;8;8010301;2018;6;23;7;3;6;4;2;1;0;1;0;0;0;0;800897,8724;5824983,69;13,43291172;52,49181847
7201;202183;11;1;1011401;2018;6;21;1;2;0;1;2;1;0;0;0;0;0;0;797906,8248;5829292,131;13,39284478;52,53207889
7202;202184;11;3;3050925;2018;6;11;6;3;2;6;0;0;1;0;0;0;0;1;802747,2579;5831733,506;13,46621135;52,5512937
7203;202185;11;12;12301205;2018;6;21;7;3;0;1;0;1;0;0;0;0;0;0;791751,6145;5836861,661;13,30902138;52,60326693
7204;202186;11;3;3061430;2018;6;12;4;3;1;7;0;0;1;0;0;0;0;0;802069,5344;5829581,046;13,45428919;52,53237758
7205;202187;11;1;1011301;2018;6;20;7;3;5;7;1;1;1;0;0;0;0;0;797628,8433;5828203,894;13,38778472;52,52247604
7206;202188;11;12;12304314;2018;6;16;7;3;0;2;0;0;1;1;0;0;0;1;790629,6627;5835976,531;13,29172441;52,59593284
7207;202189;11;2;2020204;2018;6;20;7;3;5;3;0;1;0;0;1;0;0;0;798900,5844;5825093,412;13,40368027;52,49389929