;OBJECTID;LAND;BEZ;LOR;UJAHR;UMONAT;USTUNDE;UWOCHENTAG;UKATEGORIE;UART;UTYP1;ULICHTVERH;IstRad;IstPKW;IstFuss;IstKrad;IstGkfz;IstSonstige;USTRZUSTAND;LINREFX;LINREFY;XGCSWGS84;YGCSWGS84
7208;202190;11;4;4031032;2018;6;12;4;3;5;7;0;1;1;0;0;0;0;0;791184,8003;5825101,171;13,29036179;52,49813991
7209;202191;11;6;6030610;2018;6;18;7;3;5;3;0;0;1;0;0;0;0;0;792366,3961;5818474,675;13,30191183;52,4381026
7210;202192;11;10;10030727;2018;6;13;4;3;5;3;0;1;1;0;0;0;0;0;809533,7205;5826903,297;13,56148945;52,50419341
7211;202193;11;12;12214125;2018;6;11;6;3;2;6;0;0;1;0;0;1;1;1;790231,1778;5833689,524;13,28385468;52,57564283
7212;202194;11;10;10020414;2018;6;12;4;3;6;4;0;0;1;1;0;0;0;0;812114,0297;5830904,023;13,60313567;52,53857479
7213;202195;11;7;7040406;2018;6;18;7;3;2;7;0;0;1;0;0;0;1;0;800071,2366;5821925,461;13,41802091;52,46486116
7214;202196;11;11;11020411;2018;6;12;4;3;0;7;0;0;0;0;1;0;0;1;806377,0485;5832180,529;13,51999147;52,55327058
7215;202197;11;2;2030301;2018;6;18;7;3;5;2;0;1;1;0;0;0;0;0;800207,3342;5825980,533;13,42366987;52,50113378
7216;202198;11;1;1011306;2018;6;11;1;3;5;3;0;0;1;0;0;0;0;1;800149,4232;5826616,33;13,42339243;52,50686452
7217;202199;11;1;1022201;2018;6;9;6;3;5;2;0;1;1;0;0;0;0;0;795035,1485;5829162,478;13,35051814;52,53247862
7218;202200;11;3;3061429;2018;6;13;4;3;5;3;0;1;1;0;0;0;0;0;801815,905;5830282,795;13,45119875;52,53880786
7219;202201;11;10;10040933;2018;6;17;7;3;5;7;0;0;1;0;0;0;0;0;813199,5828;5825944,664;13,61442132;52,49351135
7220;202202;11;2;2020203;2018;6;12;4;2;5;2;0;1;1;0;0;1;0;0;797089,3822;5824711,789;13,37674052;52,49146728
7221;202203;11;6;6040804;2018;6;16;7;3;4;6;0;0;1;0;0;0;0;0;786758,1537;5818130,944;13,21934195;52,43799023
7222;202204;11;3;3030405;2018;6;14;1;3;5;3;0;1;1;0;0;0;0;0;803886,2829;5839526,178;13,49010502;52,6205012
7223;202205;11;5;5020625;2018;6;15;7;3;0;7;0;0;1;0;0;0;0;0;784342,8917;5828694,388;13,19291968;52,53396509
7224;202206;11;4;4030620;2018;6;12;4;3;5;2;0;0;1;0;1;0;0;0;792973,577;5827556,692;13,3187981;52,51919542
7225;202207;11;7;7060603;2018;6;15;7;3;0;7;0;0;1;0;0;0;0;0;798541,4159;5816803,186;13,39099288;52,41978392
7226;202208;11;1;1022206;2018;6;11;4;3;5;2;0;1;0;0;0;0;1;0;795453,3713;5827716,917;13,3553814;52,51929384
7227;202209;11;9;9051901;2018;6;11;4;3;2;6;0;0;1;0;0;0;0;0;812056,7929;5821164,598;13,59317194;52,4513302
7228;202210;11;12;12214125;2018;6;15;7;2;5;2;0;0;1;0;1;0;0;0;791166,5215;5834027,311;13,29791499;52,57817139
7229;202211;11;7;7010102;2018;6;11;4;2;5;3;0;0;1;0;0;0;0;0;794955,3641;5825403,982;13,3460135;52,49882961
7230;202212;11;4;4030620;2018;6;10;4;3;5;2;0;0;1;0;0;0;0;0;791856,6244;5827445,427;13,30228574;52,5187969
7231;202213;11;12;12103116;2018;6;13;7;2;1;5;0;1;1;0;0;0;0;0;796734,6627;5833372,434;13,37926179;52,56929355
7232;202214;11;7;7030301;2018;6;10;4;2;5;2;0;0;1;0;1;0;0;0;794238,9431;5822031,659;13,33251356;52,46898521
7233;202215;11;4;4051445;2018;6;13;7;3;3;6;0;0;1;0;0;0;1;0;791980,6152;5824026,511;13,30110978;52,48808053
7234;202216;11;8;8010117;2018;6;23;7;3;2;6;2;0;1;0;0;0;0;1;800543,3299;5823348,724;13,42623135;52,47735898
7235;202217;11;5;5010207;2018;6;12;7;3;5;6;0;0;1;0;1;0;0;0;783188,4412;5830805,605;13,17774539;52,55349582
7236;202218;11;8;8010405;2018;6;10;4;3;5;3;0;0;1;0;1;0;0;0;802007,3472;5823893,773;13,44821582;52,48143675
7237;202219;11;3;3030715;2018;6;10;4;3;5;3;0;1;1;0;0;0;0;0;801099,7741;5834687,01;13,44466735;52,57867927
7238;202220;11;7;7030302;2018;6;10;4;3;5;2;0;1;1;0;0;0;0;0;794425,71;5821929,741;13,33516512;52,46797095
7239;202221;11;4;4030827;2018;6;11;7;3;0;7;0;0;0;0;1;0;0;1;792737,2483;5826401,878;13,31430912;52,50896982
7240;202222;11;9;9031101;2018;6;10;4;3;1;7;0;0;1;0;0;0;0;0;811929,0177;5816701,139;13,58713431;52,41140406
7241;202223;11;1;1011302;2018;6;9;4;3;1;5;0;1;1;0;0;0;0;0;798332,5949;5828664,827;13,39854007;52,5262231
7242;202224;11;9;9041403;2018;6;11;7;3;5;2;0;1;1;0;0;0;0;0;812470,3896;5819762,849;13,59792757;52,43853246
7243;202225;11;1;1044203;2018;6;9;4;3;2;6;0;0;1;0;0;0;0;0;795194,7868;5831364,592;13,35482152;52,55213229
7244;202226;11;11;11020412;2018;6;13;2;3;2;6;0;0;1;0;0;0;0;0;805147,837;5831597,252;13,50138181;52,54873308
7245;202227;11;8;8020619;2018;6;8;4;3;5;2;0;1;1;0;0;0;0;0;801558,9963;5820648,947;13,43870129;52,45260039
7246;202228;11;11;11030720;2018;6;10;7;3;6;7;0;1;0;1;0;0;0;0;804183,0298;5829857,719;13,48560435;52,53368199
7247;202229;11;1;1011302;2018;6;18;4;3;0;1;0;1;0;0;0;0;0;0;798637,3795;5828455,582;13,40283141;52,52418065
7248;202230;11;3;3040614;2018;6;10;7;3;1;5;0;1;1;0;0;0;0;0;798844,3619;5833227,746;13,41016682;52,56684256
7249;202231;11;2;2030301;2018;6;9;7;2;1;5;0;1;1;0;0;0;0;0;800035,9433;5825931,405;13,42110827;52,50078768
7250;202232;11;1;1011301;2018;6;8;4;3;1;5;0;1;1;0;0;0;0;0;797063,0341;5828823,663;13,38002346;52,52834013
7251;202233;11;9;9010401;2018;6;8;4;3;5;5;0;1;1;0;0;0;0;0;806195,6404;5821032,354;13,50707286;52,45345934
7252;202234;11;3;3050919;2018;6;8;7;3;5;2;0;0;1;0;0;0;0;0;802067,238;5832775,202;13,45716047;52,56100784
7253;202235;11;5;5020626;2018;6;7;4;3;2;6;0;0;1;0;0;0;0;0;784091,5275;5827387,151;13,1881068;52,52237534
7254;202236;11;1;1033102;2018;6;1;6;3;5;5;2;0;1;0;0;0;0;0;797189,4569;5831883,53;13,38461883;52,55569929
7255;202237;11;8;8010117;2018;6;19;1;2;5;3;1;1;1;0;0;0;0;1;800526,7407;5823369,238;13,42600631;52,47755199
7256;202238;11;7;7010104;2018;6;22;7;3;5;3;2;1;1;0;0;0;0;1;796256,9413;5824303,485;13,36415265;52,48825961
7257;202239;11;4;4051447;2018;6;15;6;3;2;6;0;1;1;0;0;0;0;0;793362,189;5825199,337;13,32243142;52,49785382
7258;202240;11;10;10010207;2018;6;7;4;3;5;3;0;0;1;0;0;0;1;0;808252,2976;5831733,369;13,54714757;52,54820523
7259;202241;11;2;2030302;2018;6;0;6;3;1;5;2;1;1;0;0;0;0;0;801392,5581;5826023,945;13,441117;52,50086957
7260;202242;11;1;1033101;2018;6;6;4;3;5;3;0;0;1;0;0;0;1;0;796943,323;5833094,773;13,38208288;52,56669088
7261;202243;11;4;4041343;2018;6;8;2;3;5;2;0;1;0;0;0;0;1;0;792684,917;5823088,318;13,3106291;52,47929273
7262;202244;11;12;12304314;2018;6;14;6;3;6;4;0;0;0;1;0;0;1;0;790543,4387;5835346,474;13,28990232;52,59033055
7263;202245;11;5;5010310;2018;6;15;3;3;5;2;0;1;1;0;0;0;0;0;784764,2107;5830468,555;13,20063515;52,54965223
7264;202246;11;4;4051446;2018;6;17;6;3;5;2;0;1;1;0;0;0;0;0;792589,308;5824847,048;13,31076932;52,49511056
7265;202247;11;9;9020802;2018;6;17;6;3;5;3;0;1;1;0;0;0;0;0;810132,947;5820413,985;13,56425584;52,44569818
7266;202248;11;2;2020206;2018;6;9;3;3;1;6;0;1;1;0;0;0;1;0;799298,6103;5824562,432;13,40904856;52,48892171
7267;202249;11;9;9020701;2018;6;18;6;3;5;7;0;0;1;0;1;0;0;0;808534,2409;5818095,478;13,53866819;52,425824
7268;202250;11;1;1011203;2018;6;14;3;2;2;2;0;1;0;0;0;1;0;0;797539,1002;5827529,835;13,385863;52,51648289
7269;202251;11;4;4010103;2018;6;19;6;3;3;6;0;0;1;0;0;0;0;0;791206,6046;5829134,713;13,29421247;52,53428868
7270;202252;11;6;6030609;2018;6;15;3;3;5;3;0;1;1;0;0;0;0;0;792633,2546;5818160,149;13,30555103;52,43514018
7271;202253;11;2;2010103;2018;6;22;6;3;2;6;2;0;1;0;0;0;0;0;799234,5971;5826243,42;13,40961865;52,50402445
7272;202254;11;4;4020314;2018;6;17;1;3;2;6;0;0;1;0;0;0;0;0;790396,0062;5825612,016;13,27922031;52,50314
7273;202255;11;9;9041402;2018;6;16;3;2;5;3;0;1;1;0;0;0;0;0;812147,601;5820401,371;13,59379077;52,44443881
7274;202256;11;12;12214424;2018;6;22;6;3;1;1;2;0;1;0;0;0;1;0;792450,8768;5832554,479;13,31551623;52,56427937
7275;202257;11;7;7070704;2018;6;7;7;3;0;1;0;0;0;0;1;0;0;0;800299,2736;5813705,511;13,41398698;52,3910558
7276;202258;11;1;1011303;2018;6;15;5;3;0;6;0;0;1;0;1;0;0;0;799073,643;5827586,457;13,40846119;52,5161511
7277;202259;11;4;4051446;2018;6;3;5;3;6;4;2;0;1;1;0;0;0;0;792684,1997;5825302,061;13,3125629;52,49913875
7278;202260;11;1;1011303;2018;6;12;6;3;5;2;0;1;1;0;0;0;0;0;799226,8118;5828466,728;13,41150352;52,5239574
7279;202261;11;4;4041136;2018;6;9;5;3;5;2;0;1;0;0;0;0;1;0;790696,7052;5822696,959;13,28109487;52,47684615
7280;202262;11;1;1011401;2018;7;4;2;2;0;1;1;1;0;0;0;0;0;0;797960,0131;5829309,693;13,39364232;52,53220724
7281;202263;11;8;8020619;2018;6;23;5;3;2;6;2;0;1;0;0;0;0;0;801463,5745;5820930,958;13,43755592;52,45518077
7282;202264;11;6;6040806;2018;6;9;6;3;5;3;0;1;1;0;0;0;0;0;788775,1429;5819813,166;13,25038547;52,45201098
7283;202265;11;3;3071536;2018;6;19;7;3;5;3;0;0;1;0;1;0;0;0;799164,9208;5830267,205;13,41221439;52,54012991
7284;202266;11;4;4030620;2018;6;22;5;3;6;4;2;1;0;1;0;0;0;0;792397,3271;5827193,007;13,31000996;52,51624438
7285;202267;11;6;6040702;2018;6;22;5;3;9;1;2;0;0;0;0;0;1;0;787233,8761;5816538,403;13,22495304;52,42346213
7286;202268;11;9;9010201;2018;6;16;6;3;5;2;0;1;1;0;0;0;0;0;803072,108;5824589,288;13,46447922;52,48708071
7287;202269;11;4;4030417;2018;6;20;5;2;5;2;1;0;1;0;0;0;0;0;790850,872;5826736,008;13,28688487;52,51297432
7288;202270;11;3;3071537;2018;6;20;5;3;5;5;0;1;1;0;0;0;0;0;799491,6541;5829708,209;13,41651385;52,53493993
7289;202271;11;1;1022106;2018;6;19;5;3;5;7;0;0;1;0;1;0;0;0;794367,6231;5828368,422;13,34000262;52,52572135
7290;202272;11;5;5010209;2018;7;14;1;3;0;3;0;0;0;0;1;0;1;0;781894,6962;5829478,356;13,15758745;52,54226632
7291;202273;11;8;8010211;2018;6;19;5;3;1;5;0;0;1;0;1;0;0;0;800385,5319;5824112,879;13,42460337;52,48429523
7292;202274;11;2;2050602;2018;6;19;5;3;5;3;0;1;1;0;0;0;0;0;803138,5886;5828303,043;13,46883629;52,52032963
7293;202275;11;6;6040809;2018;6;10;6;3;5;3;0;1;1;0;0;0;0;0;791392,9685;5819337,374;13,28838462;52,44635628
7294;202276;11;9;9020802;2018;6;8;5;3;5;3;0;1;1;0;0;0;0;0;810173,2395;5819673,235;13,56415927;52,43903692
7295;202277;11;2;2020204;2018;7;18;1;3;5;2;0;1;1;0;0;0;0;0;798699,5898;5824703,73;13,40037918;52,49051634
7296;202278;11;5;5010209;2018;6;18;5;3;0;7;0;0;0;0;1;0;0;0;782755,4238;5829413,09;13,17019004;52,54123511
7297;202279;11;5;5030832;2018;6;9;6;3;5;3;0;1;1;0;0;0;0;0;789489,5976;5829420,834;13,26921888;52,53776852
7298;202280;11;8;8030830;2018;6;18;7;3;5;2;0;1;1;0;0;0;0;0;802281,2474;5817839,022;13,44675613;52,42701561
7299;202281;11;7;7020204;2018;6;13;5;3;0;6;0;1;1;0;0;0;0;0;796015,9786;5823524,037;13,35992201;52,48140322
7300;202282;11;7;7010104;2018;6;7;5;3;6;4;0;1;0;1;0;0;0;0;796135,0349;5824953,738;13,36294041;52,49415471
7301;202283;11;7;7010102;2018;6;18;6;3;5;3;0;0;1;0;0;0;0;0;794957,23;5825403,897;13,34604083;52,49882784
7302;202284;11;2;2030302;2018;6;2;5;3;5;2;2;1;1;0;0;0;0;0;800418,5288;5825786,541;13,42659682;52,49927873
7303;202285;11;1;1011401;2018;7;16;2;3;0;1;0;1;0;0;0;0;0;0;798305,8796;5829373,458;13,39878327;52,53258964
7304;202286;11;4;4051551;2018;6;19;5;3;5;2;0;1;1;0;0;0;0;0;793330,8158;5823565,372;13,3205322;52,4832228
7305;202287;11;8;8010115;2018;6;16;6;3;0;7;0;0;0;0;1;0;0;0;799850,9761;5823654,791;13,41634292;52,48048297
7306;202288;11;1;1011306;2018;6;18;5;2;2;2;0;1;1;0;0;0;0;0;800477,6169;5826698,821;13,42828789;52,50742327
7307;202289;11;9;9020802;2018;7;12;1;3;2;2;0;0;1;0;0;0;0;0;810468,6509;5820267,506;13,56904328;52,44419498
7308;202290;11;1;1044201;2018;6;18;5;3;5;2;0;0;1;0;1;0;0;0;796054,063;5831350,48;13,36744532;52,55153943
7309;202291;11;4;4020311;2018;6;13;7;2;5;3;0;1;1;0;0;0;0;0;789491,0401;5826789,295;13,26694905;52,51417549
7310;202292;11;9;9020701;2018;6;18;5;3;5;2;0;1;1;0;0;0;0;0;809326,5063;5818519,849;13,55067536;52,4291799
7311;202293;11;5;5040936;2018;6;17;7;3;1;5;0;0;1;0;1;0;0;0;780125,1676;5819859,76;13,12347201;52,45693045
7312;202294;11;3;3061126;2018;6;18;5;3;5;3;0;0;1;0;1;0;0;0;798990,1716;5831790,127;13,41101643;52,55387649
7313;202295;11;7;7050501;2018;6;15;6;3;6;4;0;0;1;1;0;0;0;0;797840,0147;5820425,482;13,38393673;52,45263628
7314;202296;11;6;6020302;2018;6;17;5;3;5;3;0;1;0;0;0;0;0;0;795328,082;5819314,026;13,34609672;52,44403567
7315;202297;11;3;3061131;2018;7;11;2;3;6;4;0;0;1;1;0;0;0;0;799180,4787;5830743,248;13,41287182;52,54438836
7316;202298;11;11;11051332;2018;6;8;5;3;5;3;0;1;1;0;0;0;0;0;806274,78;5824475,081;13,511394;52,48427002
7317;202299;11;6;6020409;2018;6;17;6;3;5;2;0;0;1;0;1;0;0;0;793962,7162;5818662,528;13,325493;52,43893096
7318;202300;11;6;6020409;2018;7;14;1;2;5;2;0;0;1;0;0;0;0;0;793305,3273;5816954,954;13,31435186;52,42397588
7319;202301;11;12;12214125;2018;6;16;5;3;5;2;0;0;1;0;0;0;0;0;791283,5286;5834134,95;13,29973143;52,57907373
7320;202302;11;6;6040701;2018;6;10;7;2;0;2;0;1;0;0;0;0;1;0;784166,7749;5816182,898;13,17966777;52,42187601
7321;202303;11;6;6020408;2018;6;16;5;3;5;3;0;0;1;0;0;0;0;0;792986,0467;5816557,742;13,309322;52,42058597
7322;202304;11;12;12302211;2018;6;13;6;3;5;2;0;0;1;0;1;0;0;0;793077,756;5836901,132;13,3285821;52,6029075
7323;202305;11;5;5010314;2018;6;15;5;3;5;5;0;0;1;0;1;0;0;0;784073,8876;5829018,422;13,18924146;52,53701068
7324;202306;11;1;1011202;2018;7;7;2;3;2;2;0;0;1;0;0;0;0;0;797197,9158;5827499,29;13,38082248;52,51639511
7325;202307;11;12;12214527;2018;6;15;5;3;1;5;0;1;1;0;0;0;0;0;789649,1866;5834659,745;13,27613828;52,58465097
7326;202308;11;5;5020524;2018;6;8;6;3;2;6;0;0;1;0;0;0;0;0;783898,902;5826589,655;13,1845947;52,51532518
7327;202309;11;3;3030716;2018;6;15;6;3;5;7;0;0;1;0;1;0;0;0;803370,0774;5834052,227;13,47748866;52,57172908
7328;202310;11;2;2020203;2018;6;15;5;3;6;4;0;0;0;1;1;0;0;0;797639,6127;5824022,439;13,38420514;52,4849883
7329;202311;11;1;1011105;2018;7;8;2;2;5;2;0;1;1;0;0;0;0;0;796036,1981;5826691,698;13,36303391;52,50978761
7330;202312;11;11;11051330;2018;6;9;5;3;5;3;0;0;1;0;0;0;1;0;806564,032;5824932,691;13,51606116;52,48820893
7331;202313;11;1;1022206;2018;6;8;6;3;0;7;0;0;0;1;0;0;1;0;795510,7339;5828200,476;13,35665397;52,52359747
7332;202314;11;9;9051901;2018;7;3;1;2;6;4;2;0;1;1;0;0;0;0;811046,6897;5821864,618;13,57900787;52,4581791
7333;202315;11;3;3010102;2018;6;8;5;3;3;6;0;1;1;0;0;0;0;0;804552,5276;5840881,031;13,50116437;52,63227072
7334;202316;11;4;4030725;2018;6;4;7;3;1;5;0;1;1;0;0;0;0;0;791657,7356;5826339,162;13,29839324;52,5089858
7335;202317;11;1;1033201;2018;6;15;5;2;3;5;0;0;0;0;1;0;1;0;797878,8737;5830799,598;13,39378535;52,54560664
7336;202318;11;4;4051445;2018;6;14;5;3;5;3;0;1;1;0;0;0;0;0;791987,7325;5824745,411;13,30184429;52,49452157
7337;202319;11;1;1011204;2018;6;6;6;3;5;3;0;0;1;0;0;0;1;0;797851,019;5826962,243;13,38993813;52,51122487
7338;202320;11;6;6030504;2018;6;14;5;3;6;2;0;0;1;1;0;0;0;0;789879,464;5816546,057;13,26375746;52,42213564
7339;202321;11;3;3040818;2018;7;20;1;3;0;3;1;0;1;0;0;0;1;0;799252,5267;5833212,41;13,416157;52,56648089
7340;202322;11;2;2040701;2018;6;14;5;3;2;2;0;0;1;0;0;0;1;0;800584,5598;5827021,37;13,43015011;52,51025545
7341;202323;11;4;4031032;2018;6;8;6;3;5;2;0;1;0;0;0;1;0;0;791583,742;5825109,905;13,29622956;52,49800519
7342;202324;11;1;1022201;2018;6;18;7;3;5;2;0;0;1;0;0;0;0;0;795433,4173;5829534,77;13,3567034;52,53560018
7343;202325;11;1;1022102;2018;6;13;5;3;3;6;0;1;0;0;0;0;1;0;793367,9018;5828533,423;13,32545456;52,52773937
7344;202326;11;1;1022207;2018;6;17;6;3;5;2;0;1;1;0;0;0;0;0;794553,2272;5827500,464;13,34196188;52,51784044
7345;202327;11;2;2030301;2018;6;22;7;3;6;7;1;1;0;1;0;0;0;0;800021,31;5825734,179;13,42071567;52,4990279
7346;202328;11;12;12214527;2018;6;13;5;3;2;6;0;0;1;0;0;1;0;0;790353,5566;5834891,877;13,28670881;52,58635653
7347;202329;11;2;2050602;2018;6;12;5;3;1;5;0;0;1;0;0;0;0;0;802146,709;5828023,743;13,45400853;52,51837675
7348;202330;11;8;8010211;2018;6;7;6;3;6;7;0;0;1;1;0;0;0;0;800781,1215;5823816,279;13,4301438;52,48141893
7349;202331;11;12;12301205;2018;6;7;5;3;0;1;0;1;0;0;0;0;0;0;792092,2474;5837114,175;13,31425969;52,6053477
7350;202332;11;6;6040703;2018;6;12;5;3;1;5;0;1;1;0;0;0;0;0;784942,5749;5817732,939;13,19236625;52,43537061
7351;202333;11;4;4051445;2018;6;8;5;3;1;5;0;1;1;0;0;0;0;0;792249,4613;5824892,996;13,30581798;52,49570456
7352;202334;11;5;5030731;2018;7;16;1;3;0;1;0;0;1;0;0;0;0;0;786996,3796;5829458,702;13,23259262;52,53942683
7353;202335;11;9;9051702;2018;6;9;5;2;2;2;0;1;1;0;0;0;0;0;813695,3007;5820736,071;13,61680198;52,44655244
7354;202336;11;7;7010102;2018;6;8;6;3;5;3;0;1;0;0;0;0;0;0;795714,1024;5825463,395;13,35721079;52,49895159
7355;202337;11;12;12214422;2018;6;18;7;3;3;2;0;0;1;0;1;0;0;0;792338,5451;5833919,247;13,31506672;52,57657427
7356;202338;11;4;4020311;2018;6;9;5;3;6;7;0;0;1;1;0;0;0;0;789144,7607;5826918,033;13,26197229;52,51551335
7357;202339;11;12;12214422;2018;6;19;4;3;3;2;0;0;1;0;0;0;0;0;792182,9606;5832944,882;13,31191879;52,56792303
7358;202340;11;2;2020206;2018;6;20;6;2;5;3;0;1;1;0;0;0;0;0;799787,3119;5824820,129;13,41645637;52,49096344
7359;202341;11;4;4030725;2018;6;20;4;3;2;6;0;0;1;0;0;0;0;0;791567,45;5826518,119;13,29722346;52,5106384
7360;202342;11;1;1033203;2018;7;13;2;3;6;7;0;0;1;1;0;0;0;0;796710,1569;5831146,184;13,37691092;52,54935115
7361;202343;11;4;4051549;2018;6;19;4;3;5;2;0;1;0;0;0;0;0;0;792850,3265;5824095,729;13,31394276;52,48823522
7362;202344;11;8;8020728;2018;6;8;6;3;6;2;0;0;1;1;0;0;0;0;801978,8157;5817598,535;13,44210457;52,42502706
7363;202345;11;7;7030301;2018;6;7;4;3;7;7;0;1;0;0;0;0;0;0;794058,3648;5822610,414;13,33037306;52,47427072
7364;202346;11;11;11051229;2018;6;18;4;3;2;6;0;1;1;0;0;0;0;0;805593,9;5824318,156;13,50125452;52,48324508
7365;202347;11;9;9020702;2018;6;8;6;3;5;2;0;0;1;0;1;0;0;0;809016,7934;5818880,097;13,54646747;52,43258345
7366;202348;11;9;9020802;2018;6;16;4;2;5;2;0;0;0;0;1;0;1;0;809790,4843;5820497,595;13,55931065;52,44664161
7367;202349;11;8;8020619;2018;7;14;1;3;0;1;0;0;0;0;1;0;0;0;801223,6524;5821671,013;13,43470347;52,46194638
7368;202350;11;2;2010104;2018;6;21;4;3;5;3;1;0;1;0;0;0;0;0;798595,7647;5825582,826;13,39964248;52,49845308
7369;202351;11;7;7020203;2018;6;16;7;3;3;6;0;1;1;0;0;0;0;0;795603,4158;5824206,394;13,3544697;52,48774352
7370;202352;11;9;9041601;2018;6;20;4;3;2;2;0;1;1;0;0;0;0;0;816578,1068;5817455,773;13,65597285;52,41549769
7371;202353;11;11;11051331;2018;6;15;6;3;5;2;0;0;1;0;0;0;0;0;807275,7611;5824566,661;13,52617287;52,48452842
7372;202354;11;9;9010301;2018;6;20;4;3;1;5;0;0;1;0;0;0;1;0;804482,8868;5821878,148;13,48271719;52,46199667
7373;202355;11;1;1033203;2018;7;9;2;2;5;7;0;0;1;0;0;0;0;0;796525,1871;5829889,733;13,37306939;52,53818914
7374;202356;11;8;8041037;2018;6;20;4;3;5;7;0;1;1;0;0;0;0;0;804991,4829;5817755,144;13,48641689;52,42475987
7375;202357;11;11;11051332;2018;6;7;6;3;3;6;0;1;1;0;0;0;0;0;806049,7814;5824456,803;13,50807416;52,48423236
7376;202358;11;10;10010102;2018;7;13;1;2;0;2;0;1;1;0;0;0;0;0;809484,1071;5834643,595;13,56796979;52,57358697
7377;202359;11;4;4051655;2018;6;20;4;3;3;6;0;1;1;0;0;0;0;0;794199,9388;5823506,069;13,33324165;52,4822236
7378;202360;11;5;5010314;2018;6;9;7;3;0;5;0;0;1;0;1;0;0;0;784660,5364;5828833,503;13,19770917;52,53504658
7379;202361;11;8;8010510;2018;7;7;1;3;5;2;0;0;1;0;0;0;0;0;802710,615;5822115,331;13,4569262;52,46510717
7380;202362;11;8;8010117;2018;6;19;4;3;5;7;0;0;1;0;1;0;0;0;800548,055;5822881,731;13,4258799;52,47317054
7381;202363;11;7;7030303;2018;6;12;7;3;5;7;0;1;1;0;0;0;0;0;795021,0297;5822042,174;13,34400277;52,46865769
7382;202364;11;3;3050920;2018;6;10;4;3;0;3;0;0;1;0;1;0;0;0;801536,9907;5831849,651;13,44852125;52,55300602
7383;202365;11;1;1011306;2018;6;14;6;3;1;5;0;1;1;0;0;0;0;0;799610,807;5826635,683;13,41549773;52,50733404
7384;202366;11;10;10010206;2018;6;19;4;3;5;3;0;1;1;0;0;0;0;0;809406,4386;5832232,063;13,56457878;52,55202008
7385;202367;11;11;11030618;2018;7;8;2;3;5;2;0;1;1;0;0;0;0;0;802569,2607;5829283,837;13,46136335;52,52943657
7386;202368;11;9;9030901;2018;6;19;4;3;5;3;0;1;1;0;0;0;0;0;808272,722;5817139,222;13,53395318;52,41740129
7387;202369;11;9;9052001;2018;6;8;6;3;5;7;0;1;1;0;0;0;0;0;809220,1067;5823019,439;13,55328058;52,4695649
7388;202370;11;4;4020310;2018;7;19;1;2;5;3;0;0;1;0;0;0;1;0;790357,8802;5827320,831;13,28015102;52,51847997
7389;202371;11;8;8010301;2018;6;19;4;3;3;6;0;1;0;0;0;1;0;0;801254,8962;5824042,79;13,43730389;52,48318805
7390;202372;11;2;2010103;2018;6;0;7;3;5;3;2;1;1;0;0;0;0;0;799300,6396;5826181,583;13,41053316;52,50343396
7391;202373;11;12;12302110;2018;6;18;4;3;6;2;0;0;1;1;0;0;0;0;795277,38;5836377,972;13,36050069;52,59702776
7392;202374;11;5;5030730;2018;6;18;4;3;5;3;0;1;1;0;0;0;0;0;786924,7187;5829323,085;13,23142179;52,53824868
7393;202375;11;2;2020206;2018;6;10;6;3;4;6;0;1;0;0;0;0;0;0;799550,986;5824524,335;13,41272016;52,48844181
7394;202376;11;3;3061332;2018;6;17;4;3;5;2;0;0;1;0;1;0;0;0;799559,6304;5831055,395;13,41872771;52,54697792
7395;202377;11;4;4030621;2018;7;19;1;3;5;7;0;1;1;0;0;0;0;0;793378,3972;5827848,673;13,32500473;52,52159527
7396;202378;11;8;8020727;2018;6;16;4;3;5;2;0;0;1;0;1;0;0;0;800476,4902;5816678,681;13,41925084;52,41760894
7397;202379;11;11;11030720;2018;6;12;6;3;2;6;0;0;1;0;0;0;0;0;805510,1866;5830037,466;13,50527474;52,5345507
7398;202380;11;1;1011202;2018;6;16;4;3;5;3;0;1;1;0;0;0;0;0;797535,7567;5827548,77;13,3858308;52,51665444
7399;202381;11;6;6020302;2018;7;7;2;3;5;2;0;1;1;0;0;0;0;0;794100,3566;5818814,571;13,32764582;52,44021997
7400;202382;11;2;2010104;2018;6;16;4;3;5;3;0;1;1;0;0;0;0;0;798583,6172;5825577,533;13,39945932;52,49841228
7401;202383;11;10;10020415;2018;6;7;6;3;5;3;0;1;1;0;0;0;0;0;812437,2567;5831416,48;13,60836783;52,54298173
7402;202384;11;2;2010103;2018;6;20;7;3;5;2;0;1;1;0;0;0;0;0;798837,2327;5826145,028;13,40369346;52,50336028
7403;202385;11;6;6040810;2018;6;17;4;3;5;2;0;1;1;0;0;0;0;0;792354,6084;5820817,56;13,30378945;52,45911264
7404;202386;11;4;4041239;2018;6;15;4;3;0;2;0;1;0;0;0;0;1;0;792351,9934;5823118,657;13,30576749;52,47974304
7405;202387;11;3;3010104;2018;6;15;6;2;2;6;0;1;0;0;0;0;1;0;801306,7637;5839034,052;13,45166837;52,6175269
7406;202388;11;8;8010301;2018;6;17;4;3;2;2;0;1;1;0;0;0;0;0;801552,9952;5824024,607;13,44166394;52,48286053
7407;202389;11;6;6030504;2018;6;15;4;3;2;2;0;0;1;0;0;0;0;0;790839,7806;5817584,922;13,27874317;52,43093975