;OBJECTID;LAND;BEZ;LOR;UJAHR;UMONAT;USTUNDE;UWOCHENTAG;UKATEGORIE;UART;UTYP1;ULICHTVERH;IstRad;IstPKW;IstFuss;IstKrad;IstGkfz;IstSonstige;USTRZUSTAND;LINREFX;LINREFY;XGCSWGS84;YGCSWGS84
7408;202390;11;3;3030711;2018;6;18;4;2;2;6;0;0;1;0;0;0;0;0;802068,3164;5835497,33;13,45965593;52,58540527
7409;202391;11;8;8020619;2018;7;15;1;3;2;6;0;0;1;0;0;0;0;0;802480,4176;5820699,587;13,45226532;52,4525452
7410;202392;11;1;1033203;2018;6;19;4;3;0;1;0;0;0;0;0;0;1;0;796337,5744;5830720,042;13,37105193;52,54573405
7411;202393;11;7;7030303;2018;6;17;7;3;2;6;0;0;1;0;0;0;0;0;796037,2919;5822832,302;13,35962084;52,47519083
7412;202394;11;7;7040403;2018;6;14;4;3;5;2;0;1;1;0;0;0;0;0;797340,1004;5821871,175;13,37788944;52,46586763
7413;202395;11;4;4051448;2018;6;14;4;3;2;7;0;0;1;0;1;0;0;0;793912,8838;5825462,707;13,33075268;52,49991851
7414;202396;11;12;12224230;2018;6;7;6;3;5;3;0;1;1;0;0;0;0;0;786448,4837;5837595,872;13,23156689;52,61266963
7415;202397;11;5;5010206;2018;6;18;7;3;5;3;0;1;1;0;0;0;0;0;782104,3602;5830164,166;13,16125339;52,54830704
7416;202398;11;12;12231102;2018;6;14;4;3;6;2;0;0;1;1;0;0;0;0;790288,6746;5840142,045;13,29035994;52,63345806
7417;202399;11;8;8010301;2018;6;13;4;3;3;6;0;1;1;0;0;0;0;0;800932,395;5824979,189;13,43341459;52,4917591
7418;202400;11;8;8010118;2018;6;18;6;2;6;4;0;0;1;1;0;0;0;0;800841,9963;5822545,817;13,42989151;52,46999782
7419;202401;11;5;5010101;2018;6;13;4;3;0;7;0;1;0;0;0;0;0;0;785276,549;5832321,168;13,20976308;52,56599437
7420;202402;11;9;9052001;2018;7;14;2;3;6;4;0;0;0;1;1;0;0;0;810908,6385;5822243,231;13,57733522;52,46165061
7421;202403;11;2;2020203;2018;6;13;4;3;5;2;0;1;1;0;0;0;0;0;797109,7478;5824485,424;13,37683776;52,48942707
7422;202404;11;1;1022202;2018;6;6;6;3;5;2;0;1;1;0;0;0;0;0;795669,3183;5829732,225;13,36034692;52,53724226
7423;202405;11;9;9052001;2018;6;13;4;3;6;7;0;0;1;1;0;0;0;0;811132,8;5821964,266;13,58036398;52,45902309
7424;202406;11;9;9030903;2018;7;13;1;3;2;2;0;0;1;0;0;0;0;0;808751,225;5815573,72;13,53952322;52,40310142
7425;202407;11;5;5010314;2018;7;18;3;3;5;2;0;0;0;0;1;0;1;0;785341,3514;5828607,746;13,20752551;52,53266644
7426;202408;11;5;5020419;2018;6;13;4;3;0;7;0;1;0;0;0;0;0;0;781917,6594;5828250,306;13,15688328;52,53124318
7427;202409;11;1;1011303;2018;7;18;3;3;5;2;0;1;1;0;0;0;0;0;799183,0483;5827742,07;13,41020861;52,51748593
7428;202410;11;9;9041501;2018;6;14;7;3;5;2;0;1;0;0;0;0;1;0;811145,1298;5820259,668;13,57895697;52,44374026
7429;202411;11;10;10010310;2018;7;18;3;3;5;3;0;0;1;0;0;0;0;0;809045,1608;5830460,078;13,55761878;52,53634524
7430;202412;11;9;9051901;2018;6;13;4;3;5;3;0;0;1;0;0;0;0;0;809649,765;5821504,275;13,55817999;52,45574299
7431;202413;11;7;7050501;2018;7;18;3;3;6;4;0;1;0;1;0;0;0;0;797570,1876;5819909,432;13,37951797;52,44815736
7432;202414;11;2;2020203;2018;6;19;6;3;5;3;0;0;1;0;1;0;0;0;797526,4894;5824965,349;13,38338598;52,4935021
7433;202415;11;1;1022207;2018;6;10;4;3;5;7;0;1;1;0;0;0;0;0;794492,9812;5827812,785;13,34135306;52,52067273
7434;202416;11;12;12214125;2018;7;9;2;2;6;2;0;0;1;1;0;0;0;0;791711,1595;5833718,005;13,30565759;52,57510687
7435;202417;11;1;1011303;2018;7;17;3;3;3;6;0;1;0;0;0;0;0;0;799567,3272;5828229,896;13,41629423;52,52164759
7436;202418;11;7;7010101;2018;6;12;4;3;6;4;0;0;1;1;0;0;0;0;794680,1846;5825720,457;13,34225157;52,50181527
7437;202419;11;1;1033202;2018;6;15;6;3;5;3;0;1;1;0;0;0;0;0;796971,6267;5830138,511;13,37985481;52,54017605
7438;202420;11;5;5020417;2018;6;12;4;2;5;3;0;1;1;0;0;0;0;0;782458,4635;5828532,535;13,16507442;52,53349376
7439;202421;11;10;10010207;2018;7;12;2;3;0;4;0;0;0;1;0;0;1;0;809198,2728;5831711,481;13,56103365;52,54747302
7440;202422;11;11;11010205;2018;7;18;3;3;5;2;0;1;1;0;0;0;0;0;806852,4118;5832683,49;13,52744565;52,55751055
7441;202423;11;12;12214423;2018;6;12;4;3;1;5;0;1;1;0;0;0;0;0;792919,3493;5833651,333;13,32337649;52,57386026
7442;202424;11;2;2010103;2018;7;18;3;3;5;3;0;1;0;0;0;0;0;0;799010,4477;5825836,153;13,40596042;52,50049676
7443;202425;11;10;10030724;2018;6;6;6;2;5;3;0;1;1;0;0;0;0;0;809131,0169;5829791,383;13,55825871;52,53030393
7444;202426;11;1;1033203;2018;7;20;1;2;5;3;0;1;1;0;0;0;0;0;796521,5355;5830337,512;13,37341534;52,54220499
7445;202427;11;4;4010102;2018;7;19;3;3;2;2;0;1;1;0;0;0;0;0;792583,8387;5829986,969;13,31520951;52,54119125
7446;202428;11;4;4030827;2018;6;11;4;2;6;7;0;0;0;1;0;1;0;0;792172,5983;5826001,188;13,30566128;52,50568043
7447;202429;11;2;2050803;2018;7;17;3;3;5;3;0;0;1;0;0;0;0;0;802141,9857;5826477,99;13,45253586;52,50452477
7448;202430;11;6;6030609;2018;6;10;7;3;5;3;0;1;1;0;0;0;0;0;792291,4432;5818694,512;13,30100459;52,44011348
7449;202431;11;3;3020209;2018;7;17;3;3;5;3;0;1;1;0;0;0;0;0;797881,9129;5834631,439;13,39727006;52,57995219
7450;202432;11;2;2050801;2018;6;10;4;3;5;2;0;0;1;0;1;0;0;0;802284,0164;5827493,112;13,45554388;52,51354463
7451;202433;11;4;4061757;2018;7;16;3;3;4;6;0;1;1;0;0;0;0;0;785106,8355;5822292,783;13,19866968;52,47616917
7452;202434;11;1;1011304;2018;6;13;6;3;0;1;0;0;0;0;1;0;0;0;800013,0346;5828530,345;13,42311471;52,52409558
7453;202435;11;2;2010102;2018;6;9;4;3;0;6;0;1;0;0;0;1;0;0;798152,8259;5826501,835;13,39395976;52,50693301
7454;202436;11;3;3010102;2018;7;7;2;3;5;3;0;1;1;0;0;0;0;0;804373,3927;5841197,855;13,49881754;52,6352106
7455;202437;11;4;4041344;2018;7;15;3;3;1;5;0;1;1;0;0;0;0;0;793222,6657;5822158,875;13,31770745;52,4706721
7456;202438;11;1;1011303;2018;6;9;4;3;5;2;0;1;0;0;0;0;1;0;799057,0309;5828478,083;13,4090187;52,52415232
7457;202439;11;1;1022106;2018;7;15;3;3;6;4;0;0;1;1;0;0;0;0;794432,3219;5828358,943;13,34094514;52,52560143
7458;202440;11;5;5030731;2018;6;3;6;3;1;1;2;0;1;0;0;0;1;0;787238,433;5829481,058;13,23617113;52,53949972
7459;202441;11;10;10020414;2018;6;22;7;3;5;2;2;0;1;0;0;0;0;0;812203,2752;5830920,857;13,60446308;52,53867452
7460;202442;11;4;4031032;2018;7;15;3;3;1;5;0;1;0;0;0;0;1;0;791763,3869;5824823,661;13,29861765;52,49534304
7461;202443;11;8;8020620;2018;6;8;4;3;5;2;0;1;0;0;0;0;1;0;801355,997;5820641,748;13,43571654;52,45264781
7462;202444;11;7;7010103;2018;7;15;3;3;1;5;0;1;1;0;0;0;0;0;795500,617;5824739,545;13,35343294;52,49257847
7463;202445;11;12;12302107;2018;6;8;4;3;2;6;0;0;1;0;0;0;0;0;794335,8772;5835687,631;13,34602713;52,59134983
7464;202446;11;1;1011201;2018;7;15;3;3;5;3;0;1;1;0;0;0;0;0;797290,5695;5826915,091;13,38166198;52,51110793
7465;202447;11;3;3030406;2018;6;18;6;3;5;3;0;1;1;0;0;0;0;0;802924,0039;5839364,042;13,47578551;52,61958536
7466;202448;11;7;7040403;2018;7;7;1;2;5;3;0;0;1;0;0;0;1;0;797851,8517;5821887,297;13,38541465;52,46573342
7467;202449;11;8;8010404;2018;7;14;3;3;1;5;0;0;1;0;0;0;1;0;802416,6947;5822809,485;13,45324205;52,47149168
7468;202450;11;2;2020204;2018;6;8;4;3;5;2;0;1;0;0;0;0;1;0;798343,5485;5825505,686;13,395869;52,49789956
7469;202451;11;1;1011305;2018;7;14;3;3;5;3;0;1;1;0;0;0;0;0;799464,0719;5827071,73;13,41373451;52,51132311
7470;202452;11;2;2020203;2018;6;7;7;3;5;2;0;1;1;0;0;0;0;0;797472,8399;5824559,062;13,38223536;52,48988942
7471;202453;11;6;6020408;2018;7;14;3;3;2;6;0;0;1;0;0;0;0;0;792623,6011;5815993,982;13,3035144;52,41572583
7472;202454;11;1;1011305;2018;6;7;4;3;5;3;0;1;1;0;0;0;0;0;799457,7287;5827067,563;13,41363757;52,51128924
7473;202455;11;9;9020501;2018;7;18;3;3;2;6;0;0;1;0;0;0;0;0;806610,5422;5822801,022;13,51478403;52,46907818
7474;202456;11;10;10040932;2018;6;7;4;2;5;3;0;1;1;0;0;0;0;0;814271,9549;5828040,742;13,63214288;52,51167758
7475;202457;11;9;9010101;2018;6;11;6;3;5;3;0;1;1;0;0;0;0;0;801550,2442;5824821,998;13,44234497;52,49000922
7476;202458;11;11;11030721;2018;6;6;4;3;0;1;0;1;1;0;0;0;0;0;805450,4865;5827651,973;13,50220642;52,51320447
7477;202459;11;7;7050501;2018;7;0;2;3;0;1;2;0;1;0;1;0;0;0;797583,9053;5819588,576;13,37943342;52,44527374
7478;202460;11;6;6040804;2018;7;14;3;2;5;2;0;0;1;0;0;0;0;0;788484,1035;5821522,075;13,24759141;52,46748595
7479;202461;11;2;2010102;2018;6;0;4;3;5;3;2;0;1;0;0;0;0;0;798183,3596;5826499,476;13,39440619;52,50689518
7480;202462;11;12;12301203;2018;7;17;3;3;5;2;0;0;1;0;0;0;0;0;792355,9549;5834060,693;13,31544764;52,57783293
7481;202463;11;4;4030931;2018;6;22;6;3;2;6;2;0;1;0;0;0;0;0;793594,0455;5825766,82;13,32633733;52,50281637
7482;202464;11;2;2040502;2018;6;19;7;3;5;2;0;1;1;0;0;0;0;0;800454,7594;5828446,586;13,42953029;52,5231016
7483;202465;11;11;11030720;2018;7;15;3;3;2;6;0;0;1;0;0;0;0;0;805294,1419;5830002,088;13,50206698;52,53435468
7484;202466;11;5;5010314;2018;6;9;3;3;2;6;0;0;1;0;0;0;0;0;784843,0533;5829215,706;13,20072039;52,53837803
7485;202467;11;5;5010311;2018;7;14;3;2;0;6;0;0;0;0;0;0;1;0;785222,1244;5831020,251;13,20784414;52,55435908
7486;202468;11;8;8010211;2018;6;21;3;3;5;3;2;0;1;0;0;0;1;0;800440,8959;5823724,708;13,42506641;52,48078543
7487;202469;11;4;4010102;2018;6;16;6;3;2;2;0;0;1;0;1;0;0;0;792584,3538;5829986,6;13,31521676;52,54118767
7488;202470;11;1;1044201;2018;6;19;3;2;5;2;0;0;1;0;0;0;0;0;795679,9047;5830926,81;13,36156581;52,54794486
7489;202471;11;4;4020208;2018;7;12;3;2;5;2;0;0;1;0;1;0;0;0;786217,5027;5825988,656;13,21815311;52,50872488
7490;202472;11;9;9020502;2018;6;18;3;3;2;6;0;0;1;0;0;0;1;0;808610,294;5821640,838;13,54305707;52,45755474
7491;202473;11;4;4030828;2018;6;22;6;3;1;5;2;1;1;0;0;0;0;0;792797,6237;5826107,842;13,31493755;52,50630148
7492;202474;11;6;6030610;2018;6;19;6;3;6;4;0;0;0;1;0;0;1;0;792915,3657;5817779,28;13,30935534;52,43157474
7493;202475;11;12;12103218;2018;6;18;3;3;2;2;0;1;1;0;0;0;0;0;794846,4444;5833744,834;13,35181389;52,57365785
7494;202476;11;2;2040703;2018;7;12;3;3;6;4;0;0;1;1;0;0;0;0;801174,589;5827194,871;13,4389749;52,51148515
7495;202477;11;6;6010209;2018;6;17;3;3;1;5;0;1;1;0;0;0;0;0;794649,9566;5821551,135;13,33812237;52,46445606
7496;202478;11;3;3061131;2018;6;10;6;3;2;7;0;1;1;0;0;0;0;0;799019,3284;5830377,573;13,41017338;52,5411991
7497;202479;11;2;2030301;2018;6;10;3;3;4;7;0;1;0;0;0;0;0;0;799858,8806;5825841,374;13,41842657;52,50007802
7498;202480;11;8;8041036;2018;7;18;1;3;5;3;0;0;1;0;0;0;0;0;804810,1378;5816763,334;13,4828547;52,41597155
7499;202481;11;7;7020203;2018;7;12;3;3;1;5;0;1;1;0;0;0;0;0;795094,2582;5823872,844;13,34669756;52,48502892
7500;202482;11;12;12103115;2018;6;17;3;2;5;2;0;1;1;0;0;0;0;0;796202,6692;5833946,752;13,37194838;52,57473142
7501;202483;11;2;2010102;2018;7;12;3;3;5;2;0;1;1;0;0;0;0;0;798320,5335;5825553,896;13,39557416;52,49834428
7502;202484;11;4;4020208;2018;6;13;6;3;6;2;0;0;1;1;0;0;0;0;786923,9207;5825823,927;13,22839125;52,50687688
7503;202485;11;8;8010212;2018;6;18;7;3;3;6;0;0;0;0;1;0;1;0;800555,483;5823382,476;13,42644017;52,47765483
7504;202486;11;7;7050501;2018;6;17;3;3;2;6;0;0;1;0;0;0;0;0;797477,5977;5819282,613;13,37760149;52,44258893
7505;202487;11;5;5010311;2018;7;13;3;2;6;4;0;0;1;1;0;0;0;0;785397,9113;5830319,759;13,20982776;52,54798649
7506;202488;11;11;11030721;2018;6;16;3;3;2;7;0;0;1;0;0;0;0;0;803666,9693;5828631,948;13,47690008;52,52298354
7507;202489;11;8;8020625;2018;6;19;6;3;5;7;0;1;1;0;0;0;0;0;802209,6237;5818358,467;13,44617534;52,43171108
7508;202490;11;3;3061332;2018;6;16;3;2;5;3;0;1;1;0;0;0;0;0;799237,0351;5831105,819;13,41402998;52,54760718
7509;202491;11;10;10030727;2018;7;13;2;3;5;2;0;0;1;0;1;0;0;0;809840,9052;5825700,69;13,56488203;52,49324174
7510;202492;11;4;4041136;2018;7;13;3;3;5;3;0;0;1;0;0;0;0;0;790688,312;5822694,722;13,28096969;52,47683056
7511;202493;11;9;9010301;2018;6;16;3;2;5;3;0;1;1;0;0;0;0;0;805141,4351;5822562,027;13,49300554;52,46775868
7512;202494;11;4;4030931;2018;6;14;6;3;2;6;0;0;1;0;0;0;0;0;793918,5682;5825633,633;13,33098703;52,5014477
7513;202495;11;3;3061227;2018;7;7;1;3;5;3;0;0;1;0;0;0;0;0;800132,3646;5831402,148;13,42746196;52,54977074
7514;202496;11;10;10010308;2018;7;11;3;3;5;2;0;1;1;0;0;0;0;0;806585,4262;5828083,3;13,5192759;52,5164334
7515;202497;11;1;1033202;2018;6;15;3;3;5;3;0;1;1;0;0;0;0;0;796971,5073;5830138,681;13,37985321;52,54017764
7516;202498;11;2;2010102;2018;7;10;3;3;6;4;0;1;0;1;0;0;0;0;797909,4531;5826535,289;13,39041449;52,50736583
7517;202499;11;2;2010104;2018;6;15;3;2;6;7;0;0;1;1;0;0;0;0;798716,7756;5825587,655;13,40142412;52,49843015
7518;202500;11;11;11030720;2018;7;14;1;3;2;6;0;0;1;0;0;0;0;0;806132,7165;5830159,068;13,51453608;52,53529124
7519;202501;11;9;9020702;2018;7;10;3;3;3;6;0;0;1;0;1;0;0;0;809868,0741;5819225,489;13,5592692;52,43519727
7520;202502;11;4;4041134;2018;6;14;3;3;5;3;0;0;1;0;0;0;1;0;791228,3994;5824377,205;13,29036932;52,4916263
7521;202503;11;4;4030621;2018;7;10;3;3;5;2;0;1;1;0;0;0;0;0;793494,2956;5827600,351;13,32648891;52,51930681
7522;202504;11;11;11030619;2018;6;16;7;2;6;4;0;0;0;1;1;0;0;0;804128,9458;5829848,796;13,4848013;52,5336322
7523;202505;11;3;3071633;2018;7;9;3;3;5;2;0;1;1;0;0;0;0;0;800233,3495;5830323,492;13,42797185;52,54004682
7524;202506;11;1;1011301;2018;6;13;3;3;5;3;0;1;1;0;0;0;0;0;797629,7341;5828204,894;13,38779871;52,52248452
7525;202507;11;3;3030715;2018;6;15;6;2;3;6;0;0;1;0;1;0;0;0;800472,9943;5832479,963;13,43344602;52,55924362
7526;202508;11;4;4010102;2018;6;12;3;3;3;6;0;0;1;0;1;0;0;0;793368,7069;5829839,572;13,32661926;52,53944792
7527;202509;11;12;12304313;2018;7;10;2;3;0;2;0;1;1;0;0;0;0;0;792341,6463;5834069,159;13,31524455;52,57791651
7528;202510;11;5;5020627;2018;7;9;3;3;0;2;0;1;1;0;0;0;0;0;785365,7329;5828185,001;13,20752106;52,52886338
7529;202511;11;12;12214125;2018;6;12;3;3;2;6;0;0;1;0;0;0;0;0;790763,8418;5834326,019;13,2922512;52,58106457
7530;202512;11;10;10020519;2018;7;8;3;3;5;3;0;1;1;0;0;0;0;0;812445,2575;5829955,402;13,60711185;52,52988435
7531;202513;11;6;6030504;2018;6;10;6;3;2;6;0;0;1;0;1;0;0;0;790843,6367;5817581,095;13,2787964;52,4309034
7532;202514;11;9;9020701;2018;7;13;1;2;5;2;0;0;1;0;0;0;1;0;808648,2115;5819181,712;13,54134157;52,43549461
7533;202515;11;6;6030609;2018;7;8;3;3;2;2;0;0;1;0;0;0;0;0;792900,0397;5819617,977;13,31074199;52,44806657
7534;202516;11;9;9020601;2018;6;11;3;3;5;3;0;1;1;0;0;0;0;0;807017,5113;5821143,794;13,5192321;52,45399712
7535;202517;11;5;5020627;2018;7;8;3;3;5;2;0;1;0;0;0;1;0;0;785626,6468;5828032,572;13,21122582;52,52736008
7536;202518;11;1;1022106;2018;6;9;7;3;5;3;0;1;1;0;0;0;0;0;794218,5567;5828309,904;13,33775994;52,52527723
7537;202519;11;6;6030609;2018;7;7;3;3;5;3;0;1;1;0;0;0;0;0;793027,979;5818240,894;13,3114116;52,43565272
7538;202520;11;1;1022106;2018;6;10;3;3;6;7;0;0;1;1;0;0;0;0;794469,2289;5828353,691;13,34148293;52,52553442
7539;202521;11;5;5010314;2018;7;7;3;3;4;6;0;1;0;0;0;0;0;0;785092,7477;5829388,834;13,20454054;52,53979971
7540;202522;11;1;1011101;2018;6;13;6;3;2;6;0;0;1;0;1;0;0;0;794885,3235;5826276,644;13,34575754;52,50669028
7541;202523;11;4;4030929;2018;6;12;7;3;1;5;0;1;1;0;0;0;0;0;792379,0285;5825383,993;13,30815209;52,50003684
7542;202524;11;9;9010301;2018;7;7;3;3;5;3;0;0;1;0;1;0;0;0;804927,9181;5822553,892;13,4898647;52,46780498
7543;202525;11;6;6030608;2018;6;8;3;3;6;4;0;0;0;1;1;0;0;0;792417,8759;5816919,236;13,30130674;52,42413065
7544;202526;11;10;10020622;2018;7;7;3;3;5;3;0;1;1;0;0;0;0;0;810505,2851;5827973,647;13,5767559;52,51323335
7545;202527;11;6;6010208;2018;6;10;6;3;5;3;0;1;1;0;0;0;0;0;793862,7854;5820505,012;13,32564788;52,45550189
7546;202528;11;2;2050602;2018;6;7;3;3;5;2;0;1;1;0;0;0;0;0;802041,226;5828020,214;13,45245548;52,51840355
7547;202529;11;4;4051445;2018;7;8;2;3;0;2;0;0;1;0;0;0;1;0;792441,0722;5824104,373;13,3079402;52,4885321
7548;202530;11;12;12301203;2018;7;7;3;3;5;2;0;1;1;0;0;0;0;0;792878,3786;5835184,737;13,3241286;52,58762845
7549;202531;11;1;1011204;2018;6;7;3;2;5;3;0;1;1;0;0;0;0;0;798008,1135;5826788,706;13,39209073;52,50958352
7550;202532;11;11;11030618;2018;7;7;3;3;2;6;0;0;1;0;0;0;1;0;803457,4779;5829716,482;13,47481164;52,53282055
7551;202533;11;1;1022104;2018;6;7;6;3;0;1;0;1;0;0;0;0;0;0;793955,8338;5828677,492;13,33422355;52,52871416
7552;202534;11;11;11051229;2018;7;0;1;2;5;3;2;1;1;0;0;0;0;0;803726,4869;5826232,581;13,47558492;52,50144553
7553;202535;11;2;2050803;2018;7;7;3;3;5;2;0;1;1;0;0;0;0;0;803251,1321;5826004,361;13,46839565;52,4996644
7554;202536;11;7;7020204;2018;6;7;3;3;1;5;0;1;1;0;0;0;0;0;796314,7444;5823016,91;13,36385792;52,47669522
7555;202537;11;4;4030930;2018;7;12;3;3;2;6;0;0;1;0;0;0;0;0;793453,6446;5825695,91;13,32421233;52,50225622
7556;202538;11;5;5010311;2018;6;4;7;2;5;3;0;1;1;0;0;0;0;0;785355,5789;5830731,559;13,20955906;52,55170081
7557;202539;11;3;3040508;2018;7;6;3;3;5;3;0;0;1;0;1;0;0;0;795876,3571;5836453,994;13,36938605;52,59738364
7558;202540;11;4;4030622;2018;6;17;3;3;0;4;0;1;0;1;0;0;0;0;792032,0608;5826798,458;13,30429608;52,51290304
7559;202541;11;1;1011204;2018;7;9;3;3;5;2;0;1;1;0;0;0;0;0;798619,7299;5826918,906;13,40119277;52,51041613
7560;202542;11;4;4010102;2018;6;6;3;3;5;2;0;0;1;0;0;0;0;0;793353,0982;5829678,816;13,32624785;52,53801522
7561;202543;11;11;11051330;2018;6;11;6;3;5;2;0;1;1;0;0;0;0;0;807284,696;5825416,9;13,52708795;52,49214335
7562;202544;11;12;12214424;2018;6;15;3;3;2;6;0;0;1;0;1;0;0;0;793380,4208;5832521,73;13,32916147;52,56348569
7563;202545;11;1;1022206;2018;7;19;1;3;3;6;0;0;1;0;0;0;1;0;795738,8894;5828210,24;13,36001572;52,52356128
7564;202546;11;3;3030715;2018;7;7;3;3;0;6;0;1;1;0;0;0;0;0;800904,2767;5833360,446;13,44058726;52,56689733
7565;202547;11;4;4030931;2018;6;17;3;3;2;6;0;0;1;0;1;0;0;0;794050,9098;5826233,733;13,33346106;52,50675598
7566;202548;11;10;10020622;2018;7;7;3;3;2;6;0;0;1;0;0;0;0;0;810469,0072;5827961,19;13,5762114;52,51314236
7567;202549;11;4;4030621;2018;6;7;6;2;1;5;0;1;1;0;0;0;0;0;793428,2782;5827442,202;13,32537924;52,51792459
7568;202550;11;2;2050802;2018;6;18;7;3;5;2;0;1;1;0;0;0;0;0;802071,3806;5827363,181;13,45230206;52,51249786
7569;202551;11;3;3061126;2018;6;9;3;3;3;6;0;1;0;0;0;0;0;0;799206,1915;5831774,432;13,41417896;52,55361719
7570;202552;11;8;8010510;2018;7;7;2;3;5;3;0;1;1;0;0;0;0;0;802482,7368;5822558,296;13,45398362;52,46920369
7571;202553;11;6;6010204;2018;7;7;3;3;1;5;0;0;1;0;0;0;0;0;795425,9345;5820206,954;13,34832191;52,45198735
7572;202554;11;4;4030620;2018;6;16;3;2;5;3;0;0;0;0;1;0;1;0;792639,2165;5827089,584;13,31347353;52,51518749
7573;202555;11;3;3040513;2018;7;8;3;3;1;5;0;0;1;0;0;0;0;0;797817,0534;5834063,614;13,39580559;52,57489793
7574;202556;11;11;11051229;2018;6;6;6;3;5;3;0;1;1;0;0;0;0;0;804071,2758;5825992,348;13,48042938;52,49910039
7575;202557;11;9;9010401;2018;6;21;7;2;6;4;1;0;1;1;0;0;0;0;804782,8005;5821617,117;13,48687961;52,45948995
7576;202558;11;4;4051448;2018;7;8;3;2;6;4;0;0;1;1;0;0;0;0;793630,4059;5824836,693;13,32605145;52,49445864
7577;202559;11;1;1033201;2018;6;14;3;3;6;7;0;1;0;1;0;0;0;0;797591,8503;5830893,549;13,38964937;52,54660565
7578;202560;11;7;7010102;2018;7;9;3;3;0;1;0;1;0;0;0;0;0;0;794938,6119;5825532,557;13,3458813;52,49999125
7579;202561;11;1;1011103;2018;6;9;3;3;2;2;0;0;1;0;0;0;0;1;795432,4046;5826182,865;13,35371145;52,50555365
7580;202562;11;2;2050602;2018;6;7;6;3;5;3;0;1;1;0;0;0;0;0;802451,4742;5828274,379;13,45871423;52,52045425
7581;202563;11;9;9051701;2018;6;15;3;3;2;2;0;1;1;0;0;0;0;0;813169,0974;5820965,513;13,60929991;52,44891014
7582;202564;11;8;8010118;2018;7;23;2;3;5;3;2;0;1;0;1;0;0;0;800891,717;5822128,693;13,43024512;52,46623161
7583;202565;11;6;6040701;2018;6;16;3;3;0;1;0;0;0;0;1;0;0;0;782965,7997;5815984,563;13,16188617;52,42071998
7584;202566;11;3;3061227;2018;6;9;3;2;0;1;0;1;0;0;0;0;0;0;799924,9551;5830985,617;13,42403606;52,54615148
7585;202567;11;4;5030833;2018;7;16;1;3;2;6;0;0;1;0;0;0;0;0;790381,2376;5829033,123;13,28198962;52,5338183
7586;202568;11;3;3061126;2018;7;16;2;3;6;4;0;1;0;1;0;0;0;0;799247,2062;5831771;13,414779;52,55356389
7587;202569;11;9;9020601;2018;6;20;2;3;1;5;0;1;1;0;0;0;0;0;806419,4694;5821469,173;13,51075729;52,45724886
7588;202570;11;8;8041037;2018;7;7;2;3;3;6;0;1;0;0;0;0;1;0;805308,119;5817748,202;13,49105274;52,42452108
7589;202571;11;12;12214422;2018;6;9;6;3;5;2;0;1;0;0;0;1;0;0;792347,6257;5833917,778;13,31519905;52,57655623
7590;202572;11;9;9031001;2018;6;17;7;3;1;7;0;1;1;0;0;0;0;0;808685,3548;5815020,689;13,53804845;52,39818221
7591;202573;11;4;4041344;2018;7;20;2;3;5;2;0;0;1;0;1;0;0;0;793356,3494;5822838,29;13,32026742;52,47669105
7592;202574;11;1;1033101;2018;6;8;2;2;3;6;0;1;0;0;0;0;0;0;797422,9526;5832534,199;13,38863585;52,56140423
7593;202575;11;5;5010311;2018;6;20;6;2;5;2;0;1;1;0;0;0;0;0;785227,6725;5830984,302;13,20789486;52,55403386
7594;202576;11;5;5010314;2018;6;20;2;3;5;2;0;1;0;0;0;0;1;0;785046,1092;5829397,541;13,2038622;52,53990217
7595;202577;11;1;1011402;2018;6;20;2;3;5;2;0;1;1;0;0;0;0;0;798233,2026;5829630,297;13,39794547;52,53493162
7596;202578;11;7;7010102;2018;7;18;2;3;6;7;0;0;1;1;0;0;0;0;795303,9495;5825576,546;13,35128665;52,500188
7597;202579;11;3;3061126;2018;6;20;2;3;2;6;0;0;1;0;0;0;1;0;799193,5381;5831774,923;13,41399333;52,55362854
7598;202580;11;9;9020801;2018;6;18;6;3;0;1;0;0;0;0;1;0;0;0;809756,8889;5820718,612;13,55902283;52,44864134
7599;202581;11;7;7050502;2018;6;20;2;2;5;2;0;0;1;0;0;0;0;0;798474,3657;5818153,876;13,39121509;52,43192794
7600;202582;11;8;8020619;2018;7;14;2;3;3;6;0;1;1;0;0;0;0;0;801552,1074;5820644,527;13,43859623;52,45256457
7601;202583;11;1;1011102;2018;7;18;2;3;0;7;0;1;1;0;0;0;0;0;796256,798;5827557,23;13,36704546;52,51742653
7602;202584;11;1;1022106;2018;6;20;2;3;5;7;1;0;1;0;0;0;0;0;793923,039;5828191,772;13,33331216;52,52437764
7603;202585;11;6;6040807;2018;6;14;6;3;2;6;0;0;1;0;0;0;0;0;789949,4518;5818795,285;13,26673431;52,44226372
7604;202586;11;4;4030620;2018;6;19;2;3;2;3;0;0;1;0;0;0;0;0;792842,0264;5827220,574;13,316569;52,51625291
7605;202587;11;4;4030519;2018;7;14;1;3;2;6;0;0;1;0;0;0;0;0;791328,4362;5828721,254;13,29564117;52,53051697
7606;202588;11;1;1011301;2018;7;18;2;3;1;1;0;1;1;0;0;0;0;0;797328,5855;5828996,582;13,38408105;52,52974537
7607;202589;11;5;5020627;2018;6;18;2;3;2;6;0;0;1;0;0;0;0;0;784888,9262;5828528,051;13,20080543;52,53218857