;OBJECTID;LAND;BEZ;LOR;UJAHR;UMONAT;USTUNDE;UWOCHENTAG;UKATEGORIE;UART;UTYP1;ULICHTVERH;IstRad;IstPKW;IstFuss;IstKrad;IstGkfz;IstSonstige;USTRZUSTAND;LINREFX;LINREFY;XGCSWGS84;YGCSWGS84
7608;202590;11;12;12103218;2018;7;17;2;3;2;2;0;0;1;0;0;0;0;0;795578,1782;5834581,382;13,36332582;52,58075977
7609;202591;11;2;2020204;2018;6;14;7;3;5;2;0;1;1;0;0;0;0;0;798049,5557;5824874,447;13,39098631;52,49240191
7610;202592;11;7;7010104;2018;7;16;2;3;6;2;0;0;1;1;0;0;0;0;795991,5023;5825142,574;13,3610002;52,49592532
7611;202593;11;1;1044201;2018;6;18;2;3;5;3;0;0;1;0;0;0;0;0;795772,4632;5831026,831;13,36301592;52,54879121
7612;202594;11;12;12214424;2018;6;15;6;3;5;3;0;0;1;0;1;0;0;0;793350,7571;5832925,47;13,32908211;52,56712097
7613;202595;11;2;2040501;2018;6;18;2;3;5;2;0;1;1;0;0;0;0;0;799909,9241;5828789,395;13,42183309;52,52647427
7614;202596;11;7;7020201;2018;7;9;2;3;2;2;0;1;1;0;0;0;0;0;794961,3584;5824332,151;13,34515258;52,48921812
7615;202597;11;3;3071536;2018;7;16;2;3;5;2;0;1;1;0;0;0;0;0;799194,2763;5830030,459;13,41243277;52,53799173
7616;202598;11;3;3040512;2018;6;17;2;3;5;3;0;1;1;0;0;0;0;0;795929,8509;5835748,962;13,36954357;52,59103471
7617;202599;11;1;1011302;2018;7;16;2;3;3;6;0;0;1;0;1;0;0;0;798412,6074;5829043,142;13,40005551;52,52957039
7618;202600;11;4;4030623;2018;6;10;6;3;5;3;0;1;1;0;0;0;0;0;793790,6053;5826936,07;13,33025678;52,51319232
7619;202601;11;12;12302109;2018;7;11;1;2;2;6;0;0;0;0;1;0;0;0;795596,551;5837231,293;13,36596107;52,60450347
7620;202602;11;7;7010102;2018;7;16;2;3;0;2;0;0;0;0;0;0;1;0;794947,6152;5825404,404;13,34590005;52,49883758
7621;202603;11;9;9020701;2018;6;16;2;3;5;3;0;0;1;0;0;0;0;0;807409,4252;5818302,644;13,52236813;52,42831376
7622;202604;11;1;1011305;2018;7;13;2;3;5;3;0;1;1;0;0;0;0;0;798968,0137;5827277,611;13,40663169;52,51344065
7623;202605;11;9;9020502;2018;7;15;2;3;4;6;0;1;1;0;0;0;0;0;807076,5069;5821847,619;13,52074487;52,46027184
7624;202606;11;6;6040804;2018;6;16;2;3;0;2;0;1;1;0;0;0;0;0;787724,2415;5818254,783;13,23362145;52,43859314
7625;202607;11;8;8041040;2018;6;13;6;2;6;7;0;0;1;1;0;0;0;0;806837,0148;5816822,056;13,51261786;52,41536544
7626;202608;11;2;2010104;2018;7;22;1;2;5;3;2;0;1;0;0;0;0;0;798580,4792;5825563,383;13,39940055;52,49828716
7627;202609;11;2;2030402;2018;7;15;2;3;6;4;0;1;0;1;0;0;0;0;801766,4515;5825804,475;13,44640957;52,49869581
7628;202610;11;8;8020727;2018;6;16;2;3;1;5;0;0;1;0;0;0;0;0;800711,8133;5816201,854;13,42227226;52,41320565
7629;202611;11;7;7030301;2018;7;15;2;3;5;7;0;0;1;0;1;0;0;0;794303,3517;5822119,891;13,33353683;52,46974148
7630;202612;11;3;3040512;2018;6;11;7;3;2;2;0;0;1;0;0;0;0;0;796951,0429;5835829,009;13,38464577;52,59119568
7631;202613;11;8;8010301;2018;7;14;2;3;1;5;0;1;1;0;0;0;0;0;801275,2668;5824007,708;13,43757126;52,48286237
7632;202614;11;12;12214422;2018;6;16;2;3;2;6;0;0;1;0;0;0;0;0;792133,3769;5833197,402;13,31141172;52,57021339
7633;202615;11;6;6020410;2018;7;14;2;3;3;6;0;1;0;0;0;1;0;0;794165,403;5817494,187;13,32743821;52,42834823
7634;202616;11;3;3020307;2018;6;7;6;3;5;2;0;1;1;0;0;0;0;0;800097,9831;5837573,702;13,43254291;52,60510652
7635;202617;11;6;6030610;2018;6;16;2;3;5;3;0;0;1;0;1;0;0;0;791123,7675;5817817,986;13,28311135;52,43287816
7636;202618;11;7;7030303;2018;7;7;2;3;1;5;0;1;1;0;0;0;0;0;795367,5561;5822150,936;13,34918549;52,46944543
7637;202619;11;3;3040614;2018;7;14;2;3;2;6;0;1;0;0;0;0;0;0;799981,5107;5835110,009;13,42859671;52,5830883
7638;202620;11;4;4051654;2018;6;14;2;3;1;6;0;0;1;0;0;0;0;0;793324,4;5823934,681;13,32076298;52,48653698
7639;202621;11;2;2030402;2018;7;14;2;3;2;6;0;0;1;0;0;0;0;0;801701,1605;5825858,646;13,44549975;52,49921744
7640;202622;11;2;2010103;2018;6;17;5;3;1;5;0;1;1;0;0;0;0;0;799279,2674;5826121,151;13,41016491;52,50290399
7641;202623;11;8;8020622;2018;6;20;7;2;3;6;1;1;1;0;0;0;0;0;801259,2608;5819805,55;13,43354316;52,445206
7642;202624;11;6;6030503;2018;6;13;2;3;5;3;0;1;1;0;0;0;0;0;789348,292;5817268,96;13,25659337;52,42889794
7643;202625;11;9;9010401;2018;6;16;6;3;2;6;0;1;1;0;0;0;0;0;806333,7071;5820980,886;13,5090511;52,4529207
7644;202626;11;5;5010314;2018;7;13;4;3;0;2;0;1;1;0;0;0;0;0;784832,9529;5829239,796;13,20059252;52,5385993
7645;202627;11;11;11020412;2018;7;13;4;3;6;4;0;0;1;1;0;0;0;0;805603,1146;5831232,675;13,5077398;52,54521043
7646;202628;11;1;1033102;2018;7;8;7;3;5;7;0;0;1;0;0;0;0;0;797284,3551;5831264,346;13,38546003;52,55009728
7647;202629;11;10;10040932;2018;7;11;4;3;0;1;0;1;0;0;0;0;0;0;812932,8701;5827910,823;13,61235322;52,51128318
7648;202630;11;4;4030621;2018;7;16;6;3;5;3;0;1;1;0;0;0;0;0;793522,6974;5827321,087;13,3266599;52,51678805
7649;202631;11;2;2040502;2018;7;13;6;2;3;6;0;1;0;0;0;0;0;0;801247,2711;5827814,494;13,44060359;52,5169988
7650;202632;11;8;8010211;2018;7;10;4;3;5;7;0;0;1;0;0;0;0;0;800381,9345;5824125,467;13,4245619;52,48441004
7651;202633;11;1;1011202;2018;7;9;6;3;6;7;0;0;1;0;0;0;1;0;797578,7511;5827691,053;13,38658981;52,51790638
7652;202634;11;4;4010102;2018;7;10;4;3;5;2;0;0;1;0;0;0;0;0;791665,8682;5830679,36;13,30232024;52,54789053
7653;202635;11;1;1033201;2018;7;11;6;3;2;2;0;1;1;0;0;0;0;0;798082,606;5829987,349;13,39605205;52,5382145
7654;202636;11;2;2020203;2018;7;9;4;3;1;5;0;1;1;0;0;0;0;0;797354,094;5824863,246;13,38076306;52,4926808
7655;202637;11;2;2010104;2018;7;2;6;3;5;3;2;0;1;0;0;0;0;0;799578,1164;5825656,975;13,41413699;52,49857936
7656;202638;11;5;5010339;2018;7;7;6;3;1;5;0;1;1;0;0;0;0;0;787081,8016;5828217,981;13,23277698;52,52825803
7657;202639;11;1;1022205;2018;7;8;4;3;5;3;0;0;1;0;1;0;0;0;796015,2631;5828579,523;13,36440612;52,52672159
7658;202640;11;2;2040502;2018;7;2;6;3;5;2;2;0;1;0;0;0;0;0;800460,9747;5828462,451;13,42963596;52,52324037
7659;202641;11;4;4010101;2018;7;15;6;3;2;6;0;0;1;0;0;0;0;0;790386,697;5829031,703;13,28206864;52,53380266
7660;202642;11;8;8020625;2018;7;8;4;3;1;7;0;0;1;0;0;0;1;0;801452,5299;5818594,568;13,43528595;52,43424505
7661;202643;11;1;1011105;2018;7;0;6;3;0;7;2;1;0;0;0;0;0;0;795325,1369;5826632,31;13,35253436;52,50964066
7662;202644;11;11;11020514;2018;7;16;4;3;0;1;0;0;0;0;1;0;0;0;804470,712;5830932,358;13,49081712;52,54315283
7663;202645;11;9;9020701;2018;7;22;6;3;5;3;2;1;1;0;0;0;0;0;807405,1348;5818330,199;13,52233056;52,42856313
7664;202646;11;4;4051445;2018;7;17;6;3;5;2;0;0;1;0;0;0;0;0;792405,5826;5824099,591;13,30741481;52,48850823
7665;202647;11;2;2020204;2018;7;23;4;3;5;2;2;1;1;0;0;0;0;1;798310,2325;5825310,718;13,39520508;52,49617013
7666;202648;11;7;7040401;2018;7;20;6;3;4;6;1;1;1;0;0;0;0;0;796946,1483;5823100,761;13,37320194;52,47710394
7667;202649;11;4;4030931;2018;7;6;4;3;3;6;0;0;1;0;0;0;1;0;794000,2916;5825937,997;13,33245625;52,50413215
7668;202650;11;1;1011402;2018;7;20;6;3;1;5;0;1;1;0;0;0;0;0;798790,5853;5829136,374;13,40569464;52,53019904
7669;202651;11;11;11051229;2018;7;22;4;3;5;3;2;1;1;0;0;0;0;1;803700,1944;5826249,349;13,47521406;52,50161046
7670;202652;11;11;11020515;2018;7;19;6;3;5;3;0;1;1;0;0;0;0;0;804890,9329;5830549,28;13,49664293;52,53948456
7671;202653;11;9;9010101;2018;7;19;6;3;5;3;1;0;1;0;1;0;0;0;801669,0784;5825156,381;13,44439261;52,49294068
7672;202654;11;8;8010404;2018;7;6;4;3;5;3;0;0;1;0;0;0;0;0;801998,273;5823294,051;13,44753947;52,47606639
7673;202655;11;8;8010301;2018;7;19;6;2;1;5;0;1;1;0;0;0;0;0;800488,9677;5824462,28;13,426437;52,48737013
7674;202656;11;7;7030301;2018;7;19;6;3;5;2;0;1;1;0;0;0;0;0;793941,2863;5822513,844;13,32856918;52,47346803
7675;202657;11;11;11030720;2018;7;5;4;3;0;1;0;0;0;0;1;0;0;1;804702,1544;5829940,591;13,49330997;52,53413478
7676;202658;11;2;2010102;2018;7;19;6;3;5;3;0;1;0;0;0;0;0;0;798480,5099;5825553,352;13,39792329;52,49825194
7677;202659;11;10;10010308;2018;7;5;4;3;0;1;0;0;0;0;1;0;0;1;806554,6878;5828790,423;13,51947594;52,52278805
7678;202660;11;2;2010103;2018;7;0;4;3;5;3;2;1;1;0;0;0;0;1;799593,7557;5825829,699;13,41452205;52,50011898
7679;202661;11;6;6010205;2018;7;18;6;3;0;2;0;0;1;0;1;0;0;0;794789,0075;5820062,992;13,33884925;52,45104065
7680;202662;11;7;7070701;2018;7;0;4;3;5;2;2;0;1;0;0;0;0;1;799277,2075;5816259,099;13,40129384;52,41450498
7681;202663;11;12;12214424;2018;7;20;4;3;5;3;1;1;1;0;0;0;0;0;793230,906;5832405,52;13,32685935;52,56252447
7682;202664;11;6;6030609;2018;7;16;6;3;2;6;0;1;0;0;0;0;1;0;793212,1001;5819784,832;13,31546705;52,44939511
7683;202665;11;11;11020513;2018;7;17;6;3;4;5;0;1;1;0;0;0;0;0;804179,7657;5831035,572;13,4866346;52,5442404
7684;202666;11;4;4051445;2018;7;17;4;3;5;3;0;0;1;0;1;0;0;1;792203,8583;5824083,219;13,30443797;52,48846947
7685;202667;11;1;1044203;2018;7;16;6;3;1;1;0;1;1;0;0;0;0;0;796050,9274;5831991,812;13,36797115;52,55729002
7686;202668;11;9;9041402;2018;7;17;4;3;5;3;0;0;1;0;0;0;1;0;812116,7894;5820612,04;13,59353569;52,44634428
7687;202669;11;3;3050923;2018;7;16;4;3;5;2;0;1;1;0;0;0;0;0;800324,457;5831637,07;13,43049892;52,55177053
7688;202670;11;9;9010401;2018;7;16;6;3;3;2;0;1;1;0;0;0;0;0;806313,8026;5820945,838;13,50872696;52,45261774
7689;202671;11;4;4041344;2018;7;16;4;3;5;3;0;0;1;0;0;0;0;1;793379,7;5821960,236;13,31983797;52,46880704
7690;202672;11;1;1011102;2018;7;16;4;3;2;6;0;0;1;0;1;0;0;1;795349,3942;5827382,782;13,35355681;52,51635492
7691;202673;11;7;7030303;2018;7;16;6;3;5;3;0;1;1;0;0;0;0;0;794950,2407;5821594,482;13,34256797;52,46468262
7692;202674;11;7;7060604;2018;7;16;4;3;2;2;0;0;1;0;0;0;0;1;796571,3927;5815881,744;13,36129239;52,41259499
7693;202675;11;3;3040614;2018;7;15;6;3;5;2;0;0;1;0;1;0;0;0;799086,803;5833833,497;13,4142793;52,57213901
7694;202676;11;1;1011204;2018;7;16;4;3;1;5;0;1;1;0;0;0;1;1;797849,2641;5826895,302;13,38985244;52,51062578
7695;202677;11;1;1022206;2018;7;15;6;3;3;6;0;1;1;0;0;0;0;0;795796,7677;5828244,914;13,36089716;52,52384071
7696;202678;11;2;2040701;2018;7;16;4;3;6;2;0;0;1;1;0;0;0;0;800671,9687;5827566,381;13,4319266;52,51509237
7697;202679;11;11;11020513;2018;7;15;6;3;6;2;0;0;1;1;0;0;0;0;802920,3434;5831214,572;13,46828296;52,54654639
7698;202680;11;5;5010314;2018;7;16;4;3;5;3;0;0;1;0;1;0;0;1;784959,5825;5828843,251;13,20211449;52,53497769
7699;202681;11;3;3061126;2018;7;15;6;3;5;3;0;1;0;0;1;0;0;0;798418,2035;5831795,341;13,40260995;52,55423691
7700;202682;11;11;11040926;2018;7;16;4;3;5;2;0;0;1;0;0;0;0;0;805771,3675;5827175,273;13,50648224;52,50875234
7701;202683;11;4;4041239;2018;7;16;4;3;2;7;0;1;1;0;0;0;0;1;791672,7785;5823354,393;13,29600081;52,48221961
7702;202684;11;12;12214424;2018;7;15;6;3;2;6;0;0;1;0;0;0;0;0;792448,7726;5832867,843;13,31576152;52,56708968
7703;202685;11;4;4030725;2018;7;22;4;2;6;4;2;0;1;1;0;0;0;1;791912,3525;5826231,463;13,30203979;52,50788411
7704;202686;11;5;5010207;2018;7;19;4;2;2;6;0;0;1;0;0;0;0;0;783457,5887;5830237,515;13,18121951;52,54826222
7705;202687;11;7;7060603;2018;7;14;6;3;2;2;0;0;1;0;0;0;0;0;797652,1203;5817291,581;13,37838902;52,42464631
7706;202688;11;3;3040818;2018;7;18;4;3;1;5;0;1;1;0;0;0;0;1;799253,3904;5832478,467;13,41550776;52,5599018
7707;202689;11;9;9020502;2018;7;14;6;2;6;4;0;1;0;1;0;0;0;0;807365,5509;5821745,24;13,52489148;52,45919182
7708;202690;11;3;3071536;2018;7;12;6;3;2;6;0;1;1;0;0;0;0;0;799068,0796;5829525,729;13,41012345;52,53353685
7709;202691;11;9;9020802;2018;7;22;4;3;8;1;2;0;0;0;1;0;0;0;810055,0136;5819442,677;13,56221172;52,43703774
7710;202692;11;2;2030402;2018;7;12;6;3;1;5;0;1;0;0;0;1;0;0;801848,9327;5825735,37;13,44755829;52,4980308
7711;202693;11;11;11040925;2018;7;7;3;3;5;3;0;1;1;0;0;0;0;0;803486,6539;5826528,46;13,47233221;52,50423087
7712;202694;11;1;1022206;2018;7;18;3;3;5;2;0;1;1;0;0;0;0;0;795703,6173;5828178,103;13,35946877;52,52329234
7713;202695;11;3;3061429;2018;7;12;6;3;5;3;0;1;1;0;0;0;0;0;802023,0738;5830445,154;13,45439163;52,54014829
7714;202696;11;1;1011303;2018;7;23;3;3;5;2;2;1;0;0;0;0;1;1;799761,2637;5828637,936;13,41951182;52,52519844
7715;202697;11;6;6010102;2018;7;19;6;3;0;6;0;0;1;0;0;0;1;0;793608,0487;5820611,84;13,3220037;52,45659647
7716;202698;11;4;4030623;2018;7;15;3;3;5;2;0;1;1;0;0;0;0;0;793586,03;5826420,756;13,32679626;52,50868293
7717;202699;11;1;1022205;2018;7;18;6;3;5;3;0;0;1;0;0;0;0;0;795485,056;5828418,882;13,35647065;52,52556921
7718;202700;11;5;5020417;2018;7;19;6;3;2;6;0;0;1;0;0;0;0;0;783554,3108;5828659,324;13,18129505;52,53406155
7719;202701;11;2;2010101;2018;7;14;3;2;5;2;0;1;0;0;0;1;0;0;797034,4751;5825879,369;13,37697535;52,5019633
7720;202702;11;11;11051229;2018;7;19;6;3;2;6;0;0;1;0;0;0;0;0;805100,0494;5824958,122;13,49459045;52,48925695
7721;202703;11;2;2030302;2018;7;19;6;3;1;5;0;1;1;0;0;0;1;0;801495,4046;5826064,002;13,44266379;52,50117179
7722;202704;11;8;8010212;2018;7;11;3;3;5;5;0;0;1;0;0;0;0;0;801030,7729;5823503,424;13,43352646;52,47847716
7723;202705;11;9;9020502;2018;7;21;6;3;1;5;0;0;1;0;0;0;0;0;807461,297;5821875,67;13,52641635;52,4603069
7724;202706;11;6;6020411;2018;7;11;3;3;5;2;0;1;1;0;0;0;0;0;793713,5802;5815759,736;13,31928943;52,41304206
7725;202707;11;12;12302110;2018;7;11;5;3;5;2;0;0;1;0;0;0;0;0;795279,246;5836365,42;13,36051697;52,59691423
7726;202708;11;2;2010101;2018;7;10;3;3;1;5;0;0;0;0;1;0;1;0;797472,0706;5826085,851;13,38358755;52,5035758
7727;202709;11;2;2050801;2018;7;0;5;3;2;6;2;1;0;0;1;0;0;0;803634,5675;5827371,944;13,47527407;52,51170852
7728;202710;11;12;12214424;2018;7;9;5;3;3;6;0;0;1;0;0;0;1;0;793002,3236;5832181,827;13,32329935;52,56064224
7729;202711;11;3;3071633;2018;7;9;3;3;5;3;0;1;1;0;0;0;0;0;800113,8716;5830737,388;13,42658935;52,5438225
7730;202712;11;11;11020411;2018;7;14;5;3;5;7;0;0;1;0;1;0;0;0;805045,0153;5832935,46;13,50109977;52,56078417
7731;202713;11;1;1011102;2018;7;11;5;3;2;6;0;0;1;0;0;0;0;0;795052,64;5827184,91;13,34902078;52,51474177
7732;202714;11;6;6040809;2018;7;9;3;3;1;7;0;0;1;0;0;0;1;0;791515,9086;5820648,843;13,29133318;52,45804813
7733;202715;11;1;1011302;2018;7;11;5;3;6;4;0;0;1;1;0;0;0;0;798690,476;5828343,569;13,40351111;52,52314753
7734;202716;11;1;1044202;2018;7;10;5;3;2;6;0;0;1;0;0;0;0;0;795236,5951;5830444,409;13,3546183;52,54386099
7735;202717;11;5;5010310;2018;7;8;3;3;2;6;0;0;0;0;1;0;1;0;784749,0028;5830491,935;13,20043152;52,54986981
7736;202718;11;10;10010308;2018;7;9;5;2;5;3;0;1;1;0;0;0;0;0;807517,9851;5828997,42;13,5338208;52,52410076
7737;202719;11;2;2010104;2018;7;8;3;3;2;2;0;0;1;0;0;0;1;0;799966,8133;5825447,04;13,41965668;52,49648411
7738;202720;11;11;11010308;2018;7;19;1;3;1;5;0;1;1;0;0;0;0;0;805040,5682;5833872,389;13,50189579;52,56918373
7739;202721;11;4;4010101;2018;7;8;3;3;5;2;0;0;1;0;0;0;0;0;791284,7777;5830682,715;13,29671897;52,54812451
7740;202722;11;2;2050804;2018;7;9;5;3;5;7;0;1;1;0;0;0;0;0;803230,5077;5825631,095;13,46775294;52,49633034
7741;202723;11;7;7010102;2018;7;21;1;2;9;1;0;0;1;0;0;0;0;0;795788,4866;5825415,126;13,35826049;52,49847859
7742;202724;11;4;4030620;2018;7;9;5;3;5;2;0;1;1;0;0;0;0;0;792764,3411;5827047,279;13,31527494;52,51474109
7743;202725;11;8;8010117;2018;7;3;1;3;0;7;2;1;0;0;0;0;0;0;800573,2591;5823261,144;13,42659177;52,4765575
7744;202726;11;2;2050802;2018;7;8;3;3;5;2;0;1;1;0;0;0;0;0;802074,846;5827362,473;13,45235233;52,51248959
7745;202727;11;1;1011305;2018;7;8;5;3;1;7;0;1;1;0;0;0;0;0;798889,0064;5827153,791;13,40535969;52,51237408
7746;202728;11;9;9051901;2018;7;8;3;3;2;6;0;0;1;0;0;0;1;0;810570,1849;5821094,195;13,57130086;52,45154582
7747;202729;11;12;12103117;2018;7;14;1;3;5;3;0;0;1;0;0;0;1;0;796636,5172;5832414,281;13,37696123;52,56075832
7748;202730;11;9;9020502;2018;7;14;7;3;0;2;0;1;1;0;0;0;0;0;806810,1202;5821999,212;13,51697572;52,46178008
7749;202731;11;8;8010508;2018;7;5;3;3;2;6;0;0;1;0;0;1;0;0;803193,4126;5822725,639;13,46456575;52,47030964
7750;202732;11;3;3020307;2018;7;6;5;3;5;3;0;1;1;0;0;0;0;0;800456,0984;5836188,59;13,43655827;52,59249387
7751;202733;11;7;7030302;2018;7;5;3;3;1;5;0;0;1;0;1;0;0;0;794456,5311;5821912,537;13,33560234;52,46780012
7752;202734;11;1;1011302;2018;7;12;7;2;6;4;0;0;1;1;0;0;0;0;798580,3905;5829084,9;13,40255902;52,52985282
7753;202735;11;4;4020204;2018;7;22;7;3;5;3;2;1;1;0;0;0;0;0;788308,4722;5826875,263;13,2496453;52,51557264
7754;202736;11;4;4030623;2018;7;15;3;3;2;7;0;0;0;0;0;1;1;0;793883,9911;5826225,487;13,33100152;52,506772
7755;202737;11;1;1022104;2018;7;14;5;2;5;3;0;1;1;0;0;0;0;0;794571,7758;5828742,071;13,34333418;52,52896058
7756;202738;11;4;4030827;2018;7;11;3;2;5;3;0;1;1;0;0;0;0;0;792401,1875;5826525,273;13,30947995;52,51025626
7757;202739;11;2;2030301;2018;7;20;7;3;5;7;1;1;1;0;0;0;0;0;800108,2802;5825756,261;13,4220129;52,49917802
7758;202740;11;4;4030623;2018;7;13;3;2;5;2;0;0;1;0;0;0;0;0;793524,7535;5826483,877;13,32595165;52,50928175
7759;202741;11;5;5030731;2018;7;7;5;2;4;6;0;0;1;0;0;0;1;0;787352,1698;5829817,659;13,23813466;52,54245756
7760;202742;11;8;8020619;2018;7;9;3;2;6;3;0;0;1;1;0;0;0;0;802618,4121;5820749,228;13,45433481;52,45291376
7761;202743;11;2;2020204;2018;7;19;7;3;1;5;0;1;1;0;0;0;0;0;798294,6641;5824841,344;13,39455617;52,49197129
7762;202744;11;10;10010206;2018;7;14;5;3;2;6;0;0;1;0;0;0;0;0;809971,1309;5832033,896;13,57269571;52,54992317
7763;202745;11;8;8010407;2018;7;18;7;3;5;2;0;0;1;0;1;0;0;0;802417,0755;5823728,098;13,45408058;52,47972505
7764;202746;11;8;8010404;2018;7;9;3;2;4;1;0;0;1;0;0;1;1;0;802562,4754;5823094,944;13,45564061;52,47396954
7765;202747;11;4;4020313;2018;7;9;5;3;0;3;0;0;1;0;0;0;1;0;790296,124;5826006,991;13,27809732;52,50673415
7766;202748;11;3;3061434;2018;7;12;3;3;5;3;0;1;1;0;0;0;0;0;801462,4578;5829791,211;13,44555722;52,53459739
7767;202749;11;10;10010309;2018;7;18;7;3;5;2;0;1;1;0;0;0;0;0;807940,7434;5829230,257;13,54024799;52,52594884
7768;202750;11;6;6020305;2018;7;16;7;3;5;2;0;0;1;0;0;0;0;0;796009,7433;5817694,838;13,3546629;52,42915219
7769;202751;11;4;4020314;2018;7;8;3;2;3;6;0;0;1;0;1;0;0;0;790113,3898;5825346,283;13,27483681;52,500908
7770;202752;11;6;6040701;2018;7;0;5;3;8;1;2;0;1;0;0;0;0;0;784612,8593;5816630,231;13,18659061;52,4256551
7771;202753;11;4;4020314;2018;7;14;3;3;0;1;0;1;0;0;0;0;0;0;790550,6819;5825359,498;13,28127233;52,50079382
7772;202754;11;8;8010404;2018;7;14;7;3;3;6;0;1;0;0;0;0;1;0;802455,222;5823185,403;13,45414837;52,47483973
7773;202755;11;11;11041022;2018;7;3;5;3;0;7;2;1;0;0;0;0;0;0;806612,5233;5827512,851;13,51914839;52,51130569
7774;202756;11;2;2010104;2018;7;22;3;2;2;6;2;0;1;0;0;0;0;0;798684,3495;5825585,193;13,40094567;52,49842582
7775;202757;11;2;2050802;2018;7;10;5;2;0;1;0;1;0;0;0;0;0;0;802256,6422;5827116,518;13,4547997;52,5101844
7776;202758;11;1;1033201;2018;7;14;7;3;6;4;0;0;1;1;0;0;0;0;798027,3666;5830098,905;13,39534005;52,53924466
7777;202759;11;4;4020311;2018;7;12;5;3;0;7;0;1;0;0;0;0;0;0;789015,9923;5827054,202;13,26019825;52,5168024
7778;202760;11;2;2050602;2018;7;13;7;3;5;3;0;0;1;0;0;0;0;0;803178,004;5828310,779;13,46942248;52,52037706
7779;202761;11;9;9020702;2018;7;21;3;3;1;5;1;1;1;0;0;0;0;0;809078,4759;5819624,595;13,54806018;52,43922077
7780;202762;11;2;2050803;2018;7;19;3;3;0;6;0;0;1;0;1;0;0;0;803022,7025;5825769,689;13,46482735;52,49768795
7781;202763;11;6;6010208;2018;7;18;5;3;1;6;0;1;1;0;0;0;0;0;794608,8809;5820324,524;13,33643702;52,45348226
7782;202764;11;4;4030415;2018;7;18;3;3;3;6;0;0;1;0;0;0;0;0;791091,5157;5827434,053;13,29103167;52,51910388
7783;202765;11;5;5010101;2018;7;13;7;3;2;6;0;0;1;0;0;0;0;0;785323,2886;5832475,947;13,21058391;52,5673576
7784;202766;11;6;6040805;2018;7;19;5;3;1;5;0;1;0;0;0;0;1;0;788689,0449;5818368,589;13,24787373;52,43910503
7785;202767;11;12;12231102;2018;7;13;7;3;5;3;0;0;1;0;0;0;0;0;791116,4181;5841058,239;13,3033636;52,64122831
7786;202768;11;1;1011105;2018;7;17;3;3;3;2;0;0;1;0;1;0;0;0;795588,8678;5826666,408;13,35643934;52,50980348
7787;202769;11;2;2030302;2018;7;22;5;3;5;2;2;1;1;0;0;0;0;0;801469,455;5826032,938;13,44225454;52,5009077
7788;202770;11;5;5010101;2018;7;17;3;3;5;2;0;0;1;0;1;0;0;0;785672,4735;5831760,128;13,21510539;52,56075661
7789;202771;11;5;5020524;2018;7;12;7;3;2;6;0;0;1;0;0;0;0;0;783450,1008;5826733,226;13,17812093;52,51684592
7790;202772;11;9;9051901;2018;7;10;7;3;5;3;0;0;1;0;0;0;0;0;811203,3078;5821188,898;13,58067577;52,45203448
7791;202773;11;12;12214125;2018;7;22;2;3;0;3;2;1;1;0;0;0;0;0;791381,0661;5833134,436;13,30028756;52,57005216
7792;202774;11;4;4010101;2018;7;21;5;3;2;6;1;0;1;0;0;0;0;0;791244,5937;5829711,01;13,29527605;52,53943481
7793;202775;11;8;8030829;2018;7;20;2;3;5;3;0;0;0;0;1;0;1;0;803574,3906;5818136,088;13,46598615;52,42896229
7794;202776;11;3;3040513;2018;7;20;5;3;2;2;0;0;1;0;0;0;0;0;797416,3586;5833969,319;13,38982561;52,57427182
7795;202777;11;6;6020302;2018;7;9;7;3;4;6;0;1;1;0;0;0;0;0;794463,2954;5818028,007;13,33227696;52,43297346
7796;202778;11;11;11020411;2018;7;15;5;3;6;7;0;1;0;1;0;0;0;0;805067,8454;5832856,375;13,50136281;52,5600626
7797;202779;11;2;2030301;2018;7;20;2;3;3;6;0;1;1;0;0;0;0;0;800131,5117;5825762,254;13,4223595;52,49921896
7798;202780;11;12;12231101;2018;7;18;5;3;2;6;0;0;1;0;0;0;0;0;790700,84;5837445,989;13,29406273;52,60906816
7799;202781;11;7;7010104;2018;7;18;5;3;5;2;0;1;0;0;0;0;1;0;796681,7515;5824820,982;13,3708515;52,49266779
7800;202782;11;6;6020304;2018;7;10;7;3;2;6;0;0;1;0;0;0;0;0;795140,073;5818220,308;13,34237276;52,4343326
7801;202783;11;4;4051445;2018;7;19;2;3;5;2;0;1;1;0;0;0;0;0;792433,9159;5824092,808;13,30782495;52,48843224
7802;202784;11;1;1011202;2018;7;18;5;3;2;2;0;0;1;0;0;0;0;0;797197,3527;5827500,741;13,3808155;52,51640843
7803;202785;11;2;2040502;2018;7;18;2;3;6;4;0;1;0;1;0;0;0;0;800734,8765;5828488,325;13,4336843;52,52332129
7804;202786;11;11;11041128;2018;7;9;7;3;5;2;0;1;1;0;0;0;0;0;805885,3188;5825856,221;13,50694436;52,49686665
7805;202787;11;3;3040614;2018;7;18;2;3;5;2;0;1;1;0;0;0;0;0;798609,4511;5833050,366;13,40655163;52,56538152
7806;202788;11;5;5010314;2018;7;18;5;3;5;2;0;0;0;0;1;0;1;0;784488,8502;5829372,003;13,19564585;52,53996443
7807;202789;11;1;1033203;2018;7;19;5;2;0;1;0;1;0;0;0;0;0;0;796477,7494;5829934,71;13,37241214;52,53861812