;OBJECTID;LAND;BEZ;LOR;UJAHR;UMONAT;USTUNDE;UWOCHENTAG;UKATEGORIE;UART;UTYP1;ULICHTVERH;IstRad;IstPKW;IstFuss;IstKrad;IstGkfz;IstSonstige;USTRZUSTAND;LINREFX;LINREFY;XGCSWGS84;YGCSWGS84
7808;202790;11;1;1033102;2018;7;17;2;3;2;6;0;0;1;0;1;0;0;0;797309,0455;5831875,114;13,38637004;52,55555857
7809;202791;11;6;6040810;2018;7;9;7;3;5;2;0;1;1;0;0;0;0;0;790387,9079;5820839,826;13,27494459;52,46036086
7810;202792;11;1;1011303;2018;7;23;7;3;6;4;2;1;0;1;0;0;0;0;799501,8846;5828350,133;13,41544084;52,52276127
7811;202793;11;3;3030715;2018;7;18;5;3;8;1;0;0;1;0;0;0;0;0;801051,9537;5833859,345;13,44321229;52,57128734
7812;202794;11;1;1011203;2018;7;17;2;3;2;6;0;0;1;0;0;0;0;0;797540,1955;5827523,632;13,38587354;52,51642669
7813;202795;11;9;9031101;2018;7;22;5;3;0;1;2;0;0;0;1;0;0;0;812369,6465;5816489,336;13,59339388;52,40925479
7814;202796;11;2;2050803;2018;7;23;7;3;5;3;2;0;1;0;0;0;0;0;802104,9779;5826357,861;13,45188328;52,50346853
7815;202797;11;7;7050503;2018;7;17;5;2;5;3;0;0;1;0;0;0;1;0;799229,9833;5820080,551;13,40402132;52,44878533
7816;202798;11;2;2050803;2018;7;19;7;2;5;2;0;0;1;0;1;0;0;0;803012,5315;5825740,494;13,46465142;52,49743192
7817;202799;11;1;1022102;2018;7;17;2;3;5;3;0;0;1;0;1;0;0;0;793320,5124;5828538,909;13,32476284;52,52781404
7818;202800;11;4;4030518;2018;7;18;5;3;5;2;0;0;1;0;0;0;0;0;791387,9783;5828586,252;13,2963981;52,52927487
7819;202801;11;1;1044101;2018;7;12;7;2;6;4;0;0;0;1;1;0;0;0;793685,9133;5832195,811;13,33336689;52,56039933
7820;202802;11;4;4051655;2018;7;17;5;3;5;2;0;1;1;0;0;0;0;0;793862,3474;5823228,992;13,32804051;52,47992151
7821;202803;11;1;1044102;2018;7;3;7;3;9;1;2;0;1;0;0;0;0;0;794538,2689;5831583,983;13,34536128;52,55445438
7822;202804;11;5;5020625;2018;7;17;2;3;6;2;0;0;1;1;0;0;0;0;784459,3086;5828663,322;13,19460477;52,5336258
7823;202805;11;7;7030301;2018;7;17;5;3;0;2;0;1;1;0;0;0;0;0;793996,6196;5821570,156;13,32854992;52,4649785
7824;202806;11;1;1044101;2018;7;14;2;3;3;6;0;1;0;0;0;0;1;0;791752,435;5831102,968;13,30396546;52,55164171
7825;202807;11;10;10020413;2018;7;1;7;2;9;1;2;0;0;0;1;0;0;0;811823,093;5830851,861;13,59881095;52,53827389
7826;202808;11;9;9051702;2018;7;20;2;3;5;3;0;0;1;0;0;0;0;0;815016,2855;5821294,576;13,63670121;52,4507977
7827;202809;11;2;2050802;2018;7;17;5;3;6;4;0;0;1;1;0;0;0;0;802587,866;5826877,696;13,45944828;52,50786022
7828;202810;11;2;2020204;2018;7;20;2;2;5;3;0;1;1;0;0;0;0;0;798317,1063;5824984,908;13,39501428;52,4932459
7829;202811;11;2;2040502;2018;7;8;6;2;5;2;0;1;0;0;0;0;1;0;801250,8631;5827844,601;13,44068363;52,51726667
7830;202812;11;11;11030720;2018;7;17;5;3;5;3;0;1;1;0;0;0;0;0;804920,1109;5829935,206;13,49650839;52,53396463
7831;202813;11;5;5010310;2018;7;8;6;3;1;3;0;0;1;0;0;0;1;0;784626,5468;5830362,887;13,19851979;52,54877677
7832;202814;11;10;10010310;2018;7;17;2;2;5;3;0;0;1;0;1;0;0;0;809390,8101;5831073,593;13,56326989;52,54164723
7833;202815;11;8;8010301;2018;7;17;5;3;5;2;0;1;1;0;0;0;0;0;801412,807;5824468,793;13,44000745;52,48691926
7834;202816;11;2;2020203;2018;7;6;6;3;5;2;0;1;1;0;0;0;0;0;797101,4674;5824478,345;13,37670986;52,48936812
7835;202817;11;1;1022103;2018;7;15;5;3;2;6;0;0;1;0;0;0;0;0;793518,3719;5829295,897;13,32833947;52,53449356
7836;202818;11;8;8010213;2018;7;16;6;3;2;7;0;1;1;0;0;0;0;0;801648,0562;5822529,694;13,44170746;52,46940883
7837;202819;11;11;11020412;2018;7;17;2;2;1;5;0;1;1;0;0;0;0;0;804909,2732;5831700,842;13,49796955;52,54979507
7838;202820;11;1;1011304;2018;7;15;5;3;5;2;0;1;0;0;0;1;0;0;799676,2617;5827574,434;13,41730454;52,51571255
7839;202821;11;7;7020202;2018;7;17;2;3;5;2;0;1;1;0;0;0;0;0;795216,5623;5823538,931;13,34819774;52,4819695
7840;202822;11;4;4030827;2018;7;22;6;3;6;4;2;1;1;1;0;0;0;0;792420,0716;5826104,023;13,30938735;52,50646974
7841;202823;11;7;7040401;2018;7;17;6;3;1;5;0;0;1;0;0;0;0;0;797066,6478;5823152,273;13,37501684;52,47750017
7842;202824;11;2;2040701;2018;7;8;2;3;3;6;0;1;0;0;0;1;0;0;800587,0945;5827030,415;13,43019551;52,51033513
7843;202825;11;8;8010211;2018;7;15;5;3;0;3;0;0;1;0;1;0;0;0;800622,3578;5823768,144;13,42776959;52,4810749
7844;202826;11;7;7030303;2018;7;8;2;3;5;2;0;0;1;0;0;0;0;0;795237,9053;5822271,613;13,34738919;52,47059731
7845;202827;11;8;8010404;2018;7;16;6;3;5;2;0;1;1;0;0;0;0;0;802030,6274;5823470,596;13,44817428;52,47763089
7846;202828;11;4;4030415;2018;7;9;2;3;0;6;0;0;1;0;1;0;0;0;790687,8415;5827366,137;13,28503978;52,51871035
7847;202829;11;4;4010103;2018;7;16;5;3;5;2;0;1;1;0;0;0;0;0;791429,789;5829183,339;13,29753619;52,53460531
7848;202830;11;7;7010102;2018;7;9;2;3;2;6;0;0;1;0;0;0;1;0;795536,6178;5825528,92;13,35466199;52,49963511
7849;202831;11;10;10030725;2018;7;17;6;3;5;3;0;1;1;0;0;0;0;0;809906,9779;5829668,928;13,56954692;52,52876598
7850;202832;11;7;7040405;2018;7;14;5;2;6;4;0;0;1;1;0;0;0;0;797997,1756;5821158,051;13,38689643;52,4591173
7851;202833;11;7;7040403;2018;7;16;6;3;5;3;0;1;0;0;0;0;1;0;797864,806;5821786,266;13,3855146;52,46482072
7852;202834;11;8;8030829;2018;7;15;2;2;6;4;0;0;0;1;0;0;1;0;802619,0068;5818811,051;13,45258818;52,43554135
7853;202835;11;2;2020206;2018;7;14;5;3;0;4;0;1;0;1;0;0;0;0;799658,791;5825210,576;13,41492028;52,49453377
7854;202836;11;6;6030609;2018;7;11;2;3;1;5;0;1;1;0;0;0;0;0;792995,7753;5819676,239;13,31219775;52,44853758
7855;202837;11;2;2030402;2018;7;2;6;3;6;4;2;0;1;1;0;0;0;1;802025,6466;5825582,662;13,45001507;52,4965643
7856;202838;11;6;6010209;2018;7;15;6;2;5;3;0;1;1;0;0;0;0;0;794681,2912;5821654,622;13,33867366;52,46536686
7857;202839;11;5;5010207;2018;7;11;2;3;5;7;0;0;1;0;0;0;0;0;783588,0101;5830204,631;13,18310967;52,54789949
7858;202840;11;3;3050924;2018;7;13;5;3;1;5;0;1;1;0;0;0;0;0;801482,5415;5831232,08;13,4471599;52,54750086
7859;202841;11;7;7010104;2018;7;12;2;3;5;3;0;0;1;0;0;0;0;0;796354,7958;5825083,563;13,36628342;52,4951992
7860;202842;11;9;9041501;2018;7;17;5;3;6;7;0;1;0;1;0;0;0;0;811172,5035;5820369,732;13,57946091;52,44471102
7861;202843;11;6;6020409;2018;7;12;2;3;1;5;0;1;1;0;0;0;0;0;793027,2926;5816833,156;13,31016801;52,42303294
7862;202844;11;9;9051901;2018;7;15;6;3;5;2;0;1;1;0;0;0;0;0;811704,0248;5821147,723;13,58798188;52,45138022
7863;202845;11;5;5010101;2018;7;15;6;2;5;3;0;0;1;0;1;0;0;0;785349,7988;5832587,331;13,2110698;52,56834234
7864;202846;11;4;4030415;2018;7;13;2;3;5;2;0;1;1;0;0;0;0;0;790797,7448;5827378,09;13,28666539;52,51875892
7865;202847;11;1;1011303;2018;7;23;5;3;0;1;2;0;0;0;1;0;0;0;799659,5209;5828733,559;13,4181028;52,52611148
7866;202848;11;3;3020307;2018;7;16;2;3;2;6;0;0;1;0;0;0;0;0;799269,9889;5837679,01;13,42044803;52,60650685
7867;202849;11;7;7040405;2018;7;13;6;2;2;6;0;0;1;0;0;0;0;0;799474,6495;5821794,523;13,40914799;52,46401479
7868;202850;11;1;1022102;2018;7;15;2;3;5;2;0;0;1;0;1;0;0;0;793555,6771;5828923,732;13,3285592;52,5311372
7869;202851;11;9;9010301;2018;7;11;5;1;0;1;0;0;1;0;1;0;0;0;804589,6998;5822462,533;13,48481784;52,46717481
7870;202852;11;6;6040703;2018;7;15;2;3;5;7;0;1;1;0;0;0;0;0;784495,9179;5817237,221;13,18539179;52,43115838
7871;202853;11;9;9051701;2018;7;12;4;3;2;6;0;0;1;0;0;0;0;0;813005,0752;5821408,862;13,60730972;52,45297701
7872;202854;11;7;7010102;2018;7;14;6;2;6;7;0;0;0;1;0;0;1;0;795716,7572;5825434,943;13,35722452;52,4986951
7873;202855;11;9;9051801;2018;7;10;4;3;4;6;0;1;0;0;0;0;0;0;822060,5092;5819318,812;13,73810011;52,42899197
7874;202856;11;4;4030931;2018;7;13;6;3;5;2;0;0;1;0;0;0;1;0;793513,2429;5825446,718;13,32486819;52,49999027
7875;202857;11;2;2040701;2018;7;14;2;3;5;2;0;0;1;0;0;1;0;0;800589,0203;5827046,864;13,43023866;52,51048151
7876;202858;11;3;3010104;2018;7;22;4;3;5;2;2;1;1;0;0;0;0;0;801104,6927;5839072,674;13,44872782;52,61798506
7877;202859;11;12;12302212;2018;7;15;2;2;6;3;0;0;1;1;0;0;0;0;792785,5127;5837466,635;13,32477949;52,60813437
7878;202860;11;7;7020204;2018;7;13;6;2;6;2;0;0;1;1;0;0;0;0;796270,7573;5822959,468;13,36316113;52,47620417
7879;202861;11;9;9010402;2018;7;12;6;3;5;2;0;1;1;0;0;0;0;0;806452,0564;5820712,775;13,51054128;52,45045145
7880;202862;11;1;1044201;2018;7;15;2;2;1;1;0;0;1;0;0;0;1;0;796017,5499;5831323,783;13,36688457;52,55131996
7881;202863;11;6;6040808;2018;7;21;4;3;5;3;2;1;1;0;0;0;0;0;790135,2543;5819771,027;13,27030765;52,45091298
7882;202864;11;7;7050504;2018;7;16;2;2;2;1;0;0;1;0;0;0;0;0;799960,5347;5820428,033;13,41505089;52,45149968
7883;202865;11;3;3020209;2018;7;21;4;3;5;2;0;1;1;0;0;0;0;0;798074,9335;5835807,668;13,40116829;52,59038965
7884;202866;11;5;5010209;2018;7;12;6;3;0;1;0;1;0;0;0;0;0;0;783537,4745;5829161,625;13,18147609;52,53857404
7885;202867;11;11;11020412;2018;7;19;4;3;5;2;0;0;1;0;1;0;0;0;805477,4845;5831615,013;13,5062446;52,54870751
7886;202868;11;1;1011202;2018;7;7;2;3;3;6;0;1;0;0;0;0;1;0;797168,0641;5827641,937;13,38051126;52,51769005
7887;202869;11;7;7050505;2018;7;18;4;3;2;6;0;0;1;0;0;0;1;0;799048,7333;5819072,919;13,40046042;52,43985234
7888;202870;11;8;8041035;2018;7;12;6;3;2;2;0;0;0;0;1;0;1;0;804083,8237;5819271,856;13,47448878;52,43885913
7889;202871;11;1;1011105;2018;7;12;6;3;5;2;0;0;1;0;1;0;0;0;796113,4613;5826715,491;13,3641902;52,50995896
7890;202872;11;7;7030301;2018;7;18;4;3;5;3;0;0;1;0;0;0;0;0;793705,1073;5821648,972;13,32434059;52,46584184
7891;202873;11;4;4030726;2018;7;6;2;3;5;2;0;0;0;0;1;0;1;0;792292,5608;5825373,417;13,30687263;52,49998835
7892;202874;11;3;3020307;2018;7;18;4;3;5;3;0;1;1;0;0;0;0;0;799425,3842;5837877,187;13,42291521;52,60819759
7893;202875;11;12;12103219;2018;7;11;6;3;1;5;0;1;1;0;0;0;0;0;794833,7179;5832867,648;13,35084688;52,56580152
7894;202876;11;9;9051901;2018;7;18;4;3;6;4;0;0;1;1;0;0;0;0;811040,235;5821850,75;13,57890025;52,45805849
7895;202877;11;11;11030721;2018;7;11;6;3;2;6;0;0;0;0;1;0;0;1;804080,4812;5828685,06;13,4830247;52,52322913
7896;202878;11;9;9020701;2018;7;8;2;3;2;6;0;1;1;0;0;0;0;0;808411,3402;5818728,999;13,53745062;52,43157096
7897;202879;11;4;4051652;2018;7;17;4;3;5;2;0;1;1;0;0;0;0;0;793448,3832;5824501,578;13,32308285;52,49155235
7898;202880;11;3;3061227;2018;7;8;2;3;0;3;0;1;1;0;0;0;0;0;799495,3387;5831781,735;13,41843754;52,55352373
7899;202881;11;1;1044102;2018;7;16;6;3;5;3;0;0;0;0;1;0;1;0;795864,6792;5832063,217;13,36529554;52,5580313
7900;202882;11;4;4031032;2018;7;10;6;3;6;7;0;0;1;1;0;0;0;1;791736,8368;5824831,822;13,29823483;52,4954304
7901;202883;11;3;3020210;2018;7;17;4;3;5;3;0;1;1;0;0;0;0;0;798492,4517;5835387,465;13,40693468;52,58639424
7902;202884;11;1;1011304;2018;7;8;2;3;2;2;0;0;1;0;0;0;0;0;799730,6362;5827581,111;13,41810946;52,51574252
7903;202885;11;2;2020205;2018;7;20;4;3;1;5;0;0;1;0;0;0;1;0;798519,2254;5824620,823;13,39765633;52,48987184
7904;202886;11;3;3030715;2018;7;9;6;3;5;2;0;1;1;0;0;0;0;0;800351,3646;5833765,71;13,43282122;52,57083511
7905;202887;11;2;2050802;2018;7;20;4;2;6;4;0;1;0;1;0;0;0;0;802344,0737;5827093,823;13,45606346;52,50993253
7906;202888;11;5;5020626;2018;7;9;6;3;0;1;0;0;0;0;1;0;0;0;784759,2047;5827262,713;13,19781455;52,52091133
7907;202889;11;6;6010103;2018;7;8;2;3;1;5;0;0;1;0;1;0;0;0;793133,4224;5821695,039;13,31598987;52,46656183
7908;202890;11;1;1033102;2018;7;20;4;2;5;2;0;0;1;0;1;0;0;0;797146,694;5831798,786;13,38391407;52,55496299
7909;202891;11;9;9020802;2018;7;7;6;3;2;6;0;0;1;0;0;1;0;1;809778,611;5820456,192;13,55909812;52,44627728
7910;202892;11;3;3061227;2018;7;6;6;3;5;3;0;1;1;0;0;0;0;0;799748,815;5831751,385;13,42213756;52,55311225
7911;202893;11;2;2030301;2018;7;0;2;3;0;1;2;0;0;0;1;0;0;0;799913,8048;5825990,055;13,41936716;52,50138053
7912;202894;11;1;1011301;2018;7;8;4;3;0;2;0;1;1;0;0;0;0;0;797131,0111;5827859,577;13,38016119;52,51966114
7913;202895;11;1;1011401;2018;7;16;2;3;5;3;0;0;1;0;0;0;1;0;798315,0203;5829372,365;13,39891665;52,53257484
7914;202896;11;3;3061429;2018;7;2;4;3;1;5;2;0;1;0;0;0;0;0;801471,287;5830226,44;13,44608181;52,53849349
7915;202897;11;1;1033203;2018;7;17;5;3;5;2;0;0;1;0;0;0;0;1;796300,4414;5830671,219;13,37046239;52,5453166
7916;202898;11;6;6040807;2018;7;19;1;3;1;5;0;0;1;0;0;0;0;0;789827,7706;5818718,801;13,26488277;52,44164252
7917;202899;11;6;6020409;2018;7;17;4;3;2;6;0;0;1;0;0;0;1;0;793748,5478;5818349,657;13,32207642;52,43624124
7918;202900;11;1;1033201;2018;7;14;1;3;5;7;0;0;1;0;1;0;0;0;797650,6699;5830785,373;13,39041728;52,54560386
7919;202901;11;7;7050501;2018;7;17;5;2;5;2;0;0;1;0;1;0;0;0;797681,4908;5819315,721;13,3806219;52,44277475
7920;202902;11;1;1011304;2018;7;19;1;2;5;2;0;0;1;0;0;0;0;0;799737,1399;5827567,328;13,4181926;52,5156154
7921;202903;11;7;7010104;2018;7;17;4;3;0;6;0;0;1;0;1;0;0;0;796337,9489;5825297,369;13,3662262;52,49712492
7922;202904;11;7;7050501;2018;7;17;5;3;6;4;0;0;1;1;0;0;0;1;797018,3319;5819767,274;13,37129528;52,44718313
7923;202905;11;1;1044103;2018;7;17;4;3;5;3;0;0;1;0;0;0;0;0;795002,693;5830659,745;13,35137041;52,545918
7924;202906;11;9;9020702;2018;7;17;5;3;6;2;0;0;0;1;0;0;1;1;808895,1135;5819345,936;13,54511374;52,43682702
7925;202907;11;9;9041301;2018;7;19;1;3;3;6;0;1;1;0;0;0;0;1;811411,0059;5819603,296;13,58224457;52,43770682
7926;202908;11;6;6020304;2018;7;16;4;3;5;2;0;1;1;0;0;0;0;0;795065,3977;5818152,215;13,3412174;52,43376247
7927;202909;11;5;5010207;2018;7;17;1;3;5;2;0;0;1;0;0;0;0;0;783697,7316;5830177,081;13,18469991;52,54759535
7928;202910;11;3;3050925;2018;7;19;5;3;5;3;0;1;1;0;0;0;0;1;802772,6669;5831545,336;13,46641338;52,54959305
7929;202911;11;1;1011301;2018;7;12;5;3;0;1;0;0;0;0;1;0;0;1;796772,4577;5828814,4;13,37574439;52,52841535
7930;202912;11;8;8041038;2018;7;19;1;3;6;4;0;0;1;1;0;0;0;0;805275,1758;5816236,547;13,48919085;52,41099095
7931;202913;11;3;3051021;2018;7;15;4;3;5;2;0;1;1;0;0;0;0;0;803155,0258;5832211,022;13,47264297;52,55534675
7932;202914;11;11;11051331;2018;7;17;1;3;1;5;0;1;1;0;0;0;0;0;808067,384;5823793,214;13,53707919;52,47715073
7933;202915;11;2;2050801;2018;7;19;5;2;0;7;0;0;1;0;0;0;0;1;803571,721;5826962,048;13,47397701;52,50806969
7934;202916;11;8;8020727;2018;7;13;1;3;3;6;0;1;1;0;0;0;0;0;801611,6568;5817419,257;13,43655962;52,42362263
7935;202917;11;4;4030417;2018;7;16;4;3;5;3;0;0;1;0;0;0;0;0;791744,7592;5827321,038;13,30053269;52,51774164
7936;202918;11;7;7020202;2018;7;7;1;3;2;6;0;0;1;0;0;0;0;0;794965,7799;5823170,682;13,34418976;52,47880391
7937;202919;11;12;12214422;2018;7;21;5;2;0;1;2;0;0;0;1;0;0;1;792055,078;5833370,387;13,31041204;52,57180616
7938;202920;11;1;1011302;2018;7;21;5;3;5;2;2;1;1;0;0;0;0;1;798666,2841;5828556,397;13,40334673;52,52506848
7939;202921;11;7;7040403;2018;7;12;1;3;5;2;0;0;1;0;0;0;0;0;797353,5149;5821936,39;13,37814443;52,46644493
7940;202922;11;3;3020307;2018;7;15;4;3;0;7;0;1;0;0;0;0;0;0;798977,4654;5837833,365;13,41628065;52,60805134
7941;202923;11;9;9041601;2018;7;9;1;2;5;3;0;1;1;0;0;0;0;0;817078,73;5817101,86;13,66297394;52,41203669
7942;202924;11;8;8010404;2018;7;23;5;2;6;2;2;0;1;1;0;0;0;1;801547,2027;5823814,983;13,4413893;52,48098483
7943;202925;11;11;11030618;2018;7;15;4;3;5;3;0;1;1;0;0;0;0;0;803417,6749;5828790,645;13,47338175;52,52454468
7944;202926;11;11;11030618;2018;7;23;5;3;5;3;2;1;1;0;0;0;0;1;802425,8438;5828888,784;13,45889632;52,52597533
7945;202927;11;7;7050506;2018;7;9;1;3;5;2;0;0;1;0;0;0;0;0;798865,0993;5817219,676;13,3961105;52,42334061
7946;202928;11;7;7040401;2018;7;15;4;3;0;2;0;0;1;0;1;0;0;1;797826,501;5822576,75;13,38565802;52,47192742
7947;202929;11;9;9010301;2018;7;8;1;3;5;2;0;0;1;0;1;0;0;0;805017,4516;5822704,78;13,49131656;52,46910735
7948;202930;11;3;3061430;2018;7;15;5;2;5;2;0;1;1;0;0;0;0;1;801966,278;5829731,856;13,45290858;52,5337865
7949;202931;11;12;12304314;2018;7;15;5;3;2;2;0;1;1;0;0;0;0;1;790667,3776;5835480,804;13,29184458;52,59146857
7950;202932;11;1;1022103;2018;7;4;1;3;8;1;2;0;1;1;0;0;0;0;794607,2386;5829863,316;13,34484929;52,53899258
7951;202933;11;7;7010104;2018;7;22;4;3;0;1;2;1;0;0;0;0;0;0;796216,8806;5825331,269;13,36447815;52,49749453
7952;202934;11;2;2020206;2018;7;1;1;3;1;5;2;1;1;0;0;0;0;0;799952,5144;5824756,392;13,4188249;52,49030138
7953;202935;11;4;4031032;2018;7;14;5;3;0;1;0;0;1;0;1;0;0;1;791903,9314;5825216,917;13,30102663;52,49879338
7954;202936;11;2;2050602;2018;7;18;7;3;5;2;0;1;1;0;0;0;0;0;803084,9583;5827631,234;13,4674363;52,51433814
7955;202937;11;1;1033101;2018;7;13;4;3;5;2;0;1;1;0;0;0;0;0;797337,4683;5832358,795;13,38722134;52,55987865
7956;202938;11;3;11030618;2018;7;23;7;3;6;4;2;0;1;1;0;0;0;0;802621,8025;5829321,262;13,46216958;52,52974284
7957;202939;11;8;8041037;2018;7;12;4;3;0;5;0;0;1;0;0;0;0;0;805657,4921;5817024,614;13,49551381;52,4178408
7958;202940;11;5;5040934;2018;7;14;5;3;2;6;0;0;1;0;0;0;0;1;783708,4422;5824587,151;13,18008884;52,49746937
7959;202941;11;9;9020701;2018;7;13;4;3;5;2;0;0;1;0;0;0;0;0;807713,4199;5818120,829;13,52665785;52,42651341
7960;202942;11;2;2020204;2018;7;13;5;3;0;6;0;0;0;0;1;0;1;1;798296,5997;5825345,181;13,39503572;52,49648649
7961;202943;11;1;1011301;2018;7;23;7;3;2;6;2;0;1;0;1;0;0;0;797614,9977;5828331,773;13,38769569;52,52362988
7962;202944;11;4;4010101;2018;7;12;4;3;0;6;0;0;0;0;1;0;1;0;790407,0426;5829024,748;13,28236167;52,53372947
7963;202945;11;1;1011301;2018;7;21;7;3;0;1;1;1;0;0;0;0;0;0;796679,5459;5829749,14;13,3752131;52,53684486
7964;202946;11;9;9020702;2018;7;12;5;3;5;7;0;0;1;0;0;0;0;1;809381,1857;5819004,346;13,55192527;52,43349101
7965;202947;11;12;12214424;2018;7;12;5;3;5;2;0;0;1;0;0;0;0;1;793277,7366;5832576,995;13,3276998;52,56403643
7966;202948;11;4;4030623;2018;7;12;4;3;5;2;0;1;0;0;0;1;0;0;793794,2019;5826919,805;13,33029527;52,51304457
7967;202949;11;2;2010102;2018;7;12;5;3;5;2;0;0;1;0;0;0;0;1;798370,05;5826337,726;13,39700373;52,50534324
7968;202950;11;3;3061429;2018;7;19;7;3;0;1;0;0;1;0;1;0;0;0;801146,9875;5830398,079;13,44147025;52,54021122
7969;202951;11;2;2010101;2018;7;11;4;3;5;2;0;1;1;0;0;0;0;0;797858,107;5825635,107;13,38885494;52,49932482
7970;202952;11;1;1033201;2018;7;20;7;3;5;3;0;1;1;0;0;0;0;0;798508,1782;5830232,657;13,40252854;52,54018039
7971;202953;11;4;4030725;2018;7;11;5;3;0;2;0;0;1;0;0;0;1;1;791938,6815;5826105,342;13,30231602;52,50673937
7972;202954;11;1;1011301;2018;7;11;5;3;2;6;0;0;1;0;0;0;0;1;797024,0546;5828929,776;13,37954535;52,52931254
7973;202955;11;12;12214125;2018;7;18;7;3;5;2;0;1;1;0;0;0;0;0;791906,2974;5831504,651;13,30658148;52,55516024
7974;202956;11;8;8041035;2018;7;10;4;3;1;5;0;0;1;0;1;0;0;0;804076,0223;5819164,445;13,47427665;52,43790076
7975;202957;11;1;1011105;2018;7;18;7;3;5;2;0;0;1;0;0;0;0;0;796582,024;5826874,367;13,37121575;52,51112858
7976;202958;11;11;11010310;2018;7;10;4;3;5;2;0;1;1;0;0;0;0;0;805419,3122;5833322,524;13,50696041;52,56404334
7977;202959;11;4;4031032;2018;7;11;5;3;5;2;0;1;1;0;0;0;0;1;792069,2581;5824913,334;13,30318895;52,49598335
7978;202960;11;1;1011302;2018;7;10;4;3;1;5;0;1;1;0;0;0;0;0;797880,8354;5828338,31;13,39160824;52,52354331
7979;202961;11;9;9052001;2018;7;18;7;3;5;2;0;1;1;0;0;0;0;0;811252,0203;5822281,31;13,5824086;52,46179639
7980;202962;11;1;1022101;2018;7;10;4;3;5;2;0;1;1;0;0;0;0;0;793291,94;5829029,876;13,32477602;52,53223071
7981;202963;11;2;2020204;2018;7;10;4;3;5;2;0;1;1;0;0;0;0;0;798005,5156;5825273,365;13,39069639;52,49600177
7982;202964;11;2;2010102;2018;7;9;5;3;1;5;0;1;0;0;0;0;1;1;797999,792;5825967,404;13,39123332;52,5022261
7983;202965;11;9;9051701;2018;7;18;7;2;3;6;0;1;1;0;0;0;0;0;812694,0189;5821273,356;13,60262028;52,45194072
7984;202966;11;4;4030929;2018;7;9;4;3;0;7;0;1;1;0;0;0;0;0;792427,923;5825775,944;13,30921453;52,50352439
7985;202967;11;2;2040502;2018;7;17;7;3;5;3;0;1;0;0;1;0;0;0;801248,424;5827823,23;13,44062844;52,51707646
7986;202968;11;1;1011204;2018;7;8;5;3;5;2;0;1;1;0;0;0;0;1;798490,6881;5826659,538;13,3990644;52,50816187
7987;202969;11;2;2040503;2018;7;8;5;3;2;6;0;0;1;0;0;1;0;1;801337,2051;5828711,715;13,44273776;52,52499102
7988;202970;11;5;5010207;2018;7;17;7;3;5;3;0;1;1;0;0;0;0;0;783279,8923;5830688,639;13,17899082;52,55239952
7989;202971;11;12;12214422;2018;7;8;4;3;5;3;0;1;1;0;0;0;0;0;792095,6933;5832969,645;13,3106567;52,56819186
7990;202972;11;7;7010102;2018;7;8;5;3;5;3;0;0;1;0;0;0;0;1;795491,3969;5825559,416;13,35402482;52,49993297
7991;202973;11;1;1011203;2018;7;8;4;3;1;5;0;1;1;0;0;0;0;0;797651,1645;5827031,727;13,38706406;52,5119568
7992;202974;11;7;7040401;2018;7;8;4;3;5;2;0;1;1;0;0;0;0;0;798735,9318;5823947,705;13,40023521;52,48371968
7993;202975;11;11;11020514;2018;7;16;7;3;5;3;0;0;1;0;0;0;0;0;804670,5178;5830738,32;13,49357638;52,54130209
7994;202976;11;4;4030827;2018;7;7;4;3;2;6;0;0;1;0;0;0;0;0;792390,0561;5826105,456;13,30894763;52,50649867
7995;202977;11;1;1033101;2018;7;8;5;3;3;6;0;0;1;0;0;0;1;1;796664,6572;5831986,956;13,37699316;52,5569125
7996;202978;11;2;2040701;2018;7;7;4;3;5;2;0;1;1;0;0;0;0;0;800310,3304;5827625,699;13,42666686;52,51582329
7997;202979;11;1;1033201;2018;7;14;5;3;0;1;0;0;0;0;1;0;0;1;798289,7406;5830105,525;13,39920312;52,53916045
7998;202980;11;2;2030302;2018;7;15;7;3;5;3;0;0;1;0;0;0;0;0;800497,9617;5825998,891;13,42795505;52,50113836
7999;202981;11;3;3030711;2018;7;7;4;3;5;3;0;1;1;0;0;0;0;0;801570,3087;5837855,683;13,45447525;52,60681918
8000;202982;11;6;6010209;2018;7;14;5;2;0;7;0;0;1;0;0;0;0;0;794054,3542;5821159,64;13,32903563;52,46126733
8001;202983;11;8;8041039;2018;7;13;4;3;0;2;0;0;1;0;0;0;1;0;806776,2681;5815610,892;13,51061774;52,40454449
8002;202984;11;9;9051702;2018;7;6;5;2;4;1;1;0;1;0;0;0;0;1;813919,4;5820704,059;13,62005844;52,44613698
8003;202985;11;3;3071536;2018;7;15;7;2;0;1;0;1;0;0;0;0;0;0;799108,2738;5829219,574;13,41043877;52,53077058
8004;202986;11;3;3061430;2018;7;12;4;3;2;6;0;0;1;0;0;0;0;0;802342,5412;5829201,868;13,45795684;52,52882768
8005;202987;11;5;5010339;2018;7;14;7;3;1;1;0;1;1;0;0;0;1;0;786366,2098;5828455,357;13,22246184;52,53076267
8006;202988;11;2;2020203;2018;7;6;5;2;5;3;1;1;1;0;0;0;0;1;797757,507;5824596,935;13,38644945;52,49007372
8007;202989;11;5;5030731;2018;7;14;7;3;1;5;0;0;1;0;0;0;0;0;787158,4057;5829720,977;13,23520177;52,54169291