;OBJECTID;LAND;BEZ;LOR;UJAHR;UMONAT;USTUNDE;UWOCHENTAG;UKATEGORIE;UART;UTYP1;ULICHTVERH;IstRad;IstPKW;IstFuss;IstKrad;IstGkfz;IstSonstige;USTRZUSTAND;LINREFX;LINREFY;XGCSWGS84;YGCSWGS84
8808;203790;11;6;6040703;2018;8;10;6;3;5;3;0;1;1;0;0;0;0;0;786576,9283;5817919,472;13,21650194;52,43618918
8809;203791;11;8;8040934;2018;8;10;4;2;0;7;0;1;0;0;0;0;0;0;803085,8451;5819436,098;13,4600012;52,44088519
8810;203792;11;2;2010103;2018;8;9;6;2;6;7;0;0;0;1;0;0;1;0;798838,468;5826147,727;13,40371402;52,5033838
8811;203793;11;3;3061126;2018;8;10;7;3;5;3;0;1;1;0;0;0;0;0;799220,1336;5831773,676;13,4143833;52,55360275
8812;203794;11;12;12214125;2018;7;12;2;3;4;6;0;1;0;0;0;0;0;0;790967,506;5833827,196;13,29481066;52,57648386
8813;203795;11;8;8010118;2018;8;7;6;3;2;6;0;1;0;0;0;1;0;0;800822,8699;5822577,938;13,42963975;52,47029626
8814;203796;11;4;4041136;2018;8;9;4;1;3;2;0;1;0;0;0;1;0;0;789617,2306;5823355,486;13,2658174;52,48332355
8815;203797;11;4;4051655;2018;7;11;2;3;5;7;0;1;1;0;0;0;0;0;794155,3468;5824090,758;13,33310288;52,48748906
8816;203798;11;7;7060604;2018;8;13;3;3;2;6;0;0;1;0;0;0;0;0;797768,7469;5815365,412;13,37838541;52,40731658
8817;203799;11;6;6030504;2018;7;11;2;3;2;2;0;0;1;0;0;0;0;0;790856,1987;5817577,641;13,27897764;52,43086575
8818;203800;11;5;5030731;2018;8;13;6;3;0;1;0;0;0;0;1;0;0;0;787941,8229;5830041,628;13,24699961;52,54415424
8819;203801;11;3;3051022;2018;8;21;3;3;0;2;1;1;1;0;0;0;0;0;803675,203;5832011,683;13,48010966;52,55327037
8820;203802;11;1;1011402;2018;8;8;6;2;3;6;0;1;0;0;0;0;1;0;798795,0232;5829697,445;13,40626422;52,53522579
8821;203803;11;5;5010101;2018;7;10;2;2;6;2;0;0;1;1;0;0;0;0;785230,2384;5831827,416;13,2086572;52,56159175
8822;203804;11;5;5010103;2018;8;8;7;3;5;3;0;0;1;0;0;0;0;0;784422,2338;5831394,259;13,19639841;52,55813076
8823;203805;11;12;12214422;2018;7;11;2;3;2;2;0;0;1;0;0;0;0;0;792338,3165;5833919,286;13,31506339;52,57657475
8824;203806;11;9;9020702;2018;8;20;6;3;6;4;0;0;1;1;0;0;0;0;809125,7963;5819503,525;13,54864215;52,43810901
8825;203807;11;10;10010207;2018;8;15;3;3;5;2;0;1;1;0;0;0;0;0;808832,5403;5831785,379;13,55572593;52,54834272
8826;203808;11;12;12231101;2018;8;6;6;3;1;5;0;0;1;0;0;0;0;0;791674,2532;5838930,715;13,30970649;52,62185665
8827;203809;11;1;1011302;2018;7;10;2;3;5;3;0;0;1;0;1;0;0;0;798638,5914;5828375,791;13,40277757;52,52346477
8828;203810;11;11;11030721;2018;8;5;6;3;0;1;1;1;1;0;0;0;0;0;805154,4337;5827552,117;13,49776579;52,51247522
8829;203811;11;2;2020203;2018;8;19;3;3;5;2;0;1;1;0;0;0;0;0;797841,0088;5824926,909;13,3879706;52,492986
8830;203812;11;9;9031202;2018;8;23;6;3;3;6;2;0;1;0;0;0;0;0;819516,0896;5812746,895;13,69453645;52,3715986
8831;203813;11;6;6030610;2018;7;9;2;3;0;2;0;0;0;0;0;0;1;0;792950,1745;5817757,965;13,3098472;52,43136502
8832;203814;11;7;7040401;2018;7;9;2;3;5;2;0;1;1;0;0;0;0;0;798741,9674;5823946,932;13,40032313;52,48370945
8833;203815;11;9;9051801;2018;8;13;6;1;5;3;0;0;1;0;0;0;1;0;820705,8761;5819508,274;13,71842617;52,43148517
8834;203816;11;1;1044201;2018;8;19;3;3;2;6;0;0;1;0;0;0;1;0;796833,4614;5831550,256;13,3790853;52,55290602
8835;203817;11;4;4030929;2018;8;20;5;3;3;6;0;1;0;0;0;0;0;0;792396,004;5825696,51;13,30867586;52,50282939
8836;203818;11;7;7040403;2018;7;13;2;3;2;6;0;0;1;0;0;0;1;0;797283,4989;5821136,054;13,37640394;52,4593088
8837;203819;11;9;9051901;2018;8;19;3;3;5;2;0;1;1;0;0;0;0;0;810269,7148;5821458,38;13,56723183;52,45498015
8838;203820;11;8;8010406;2018;7;23;1;3;5;3;2;1;1;0;0;0;0;0;802382,7977;5824029,199;13,45385046;52,48244281
8839;203821;11;1;1011304;2018;8;6;5;3;6;4;0;1;0;1;0;0;0;0;799859,1913;5828614,747;13,42093003;52,52493674
8840;203822;11;1;1011303;2018;8;18;3;3;2;2;0;0;1;0;1;0;0;0;799108,0022;5828990,793;13,41022895;52,52872005
8841;203823;11;7;7070707;2018;8;16;5;2;2;6;0;1;0;0;0;0;0;0;800694,3523;5813334,38;13,41944244;52,38751243
8842;203824;11;1;1022104;2018;7;22;1;3;2;6;2;0;1;0;0;0;0;0;794573,0515;5828466,901;13,34310914;52,52649319
8843;203825;11;1;1044101;2018;8;9;7;3;2;6;0;0;1;0;0;0;0;0;794153,0406;5830305,591;13,33856328;52,54320265
8844;203826;11;3;3040818;2018;7;21;1;3;5;2;0;0;1;0;0;0;0;0;800075,9512;5833884,354;13,42887701;52,57205043
8845;203827;11;7;7030303;2018;8;19;5;3;0;2;0;1;1;0;0;0;0;0;795243,0007;5822261,7;13,34745521;52,47050569
8846;203828;11;1;1022204;2018;8;17;3;3;6;2;0;0;1;1;0;0;0;0;795022,3644;5828267,938;13,34953645;52,52446668
8847;203829;11;6;6030503;2018;8;13;5;3;1;5;0;1;0;0;0;0;1;0;789459,3901;5817461,902;13,25838985;52,43056899
8848;203830;11;3;3071537;2018;8;10;1;3;5;3;0;1;0;0;1;0;0;0;799256,2326;5830052,7;13,41336357;52,53815707
8849;203831;11;1;1011302;2018;7;20;1;3;5;2;0;1;1;0;0;0;0;0;798871,6369;5828554,599;13,40636298;52,52493984
8850;203832;11;9;9051701;2018;8;13;5;3;5;2;0;0;0;0;1;0;1;0;813011,4913;5821411,709;13,6074065;52,45299884
8851;203833;11;12;12301206;2018;8;18;3;2;5;7;0;0;1;0;1;0;0;0;794315,0759;5838370,375;13,34810627;52,61540961
8852;203834;11;4;4030930;2018;8;13;5;3;1;5;0;0;1;0;0;0;0;0;793135,993;5825664,325;13,3195182;52,50214382
8853;203835;11;12;12304313;2018;8;18;3;3;0;1;0;0;0;0;1;0;0;0;791473,4168;5834321,361;13,30268976;52,58064317
8854;203836;11;4;4030931;2018;7;20;1;3;6;4;1;1;0;1;0;0;0;0;793926,1415;5825855,242;13,3312939;52,50343025
8855;203837;11;3;3050925;2018;8;10;7;3;5;3;0;0;1;0;0;0;0;0;802308,3785;5831352,526;13,45941138;52,54812277
8856;203838;11;2;2030301;2018;8;17;3;3;5;2;0;1;1;0;0;0;0;0;799948,2895;5826085,13;13,41995931;52,50221377
8857;203839;11;1;1044101;2018;7;20;1;3;2;7;0;0;1;0;1;0;0;0;794218,0792;5830909,855;13,34005485;52,54858435
8858;203840;11;6;6010102;2018;8;12;5;3;2;6;0;1;0;0;0;0;1;0;793720,8382;5821024,835;13,32402222;52,46023822
8859;203841;11;5;5030731;2018;8;17;3;3;5;2;0;0;1;0;1;0;0;0;787324,0703;5829803,638;13,23770933;52,54234667
8860;203842;11;2;2020204;2018;8;11;5;3;2;6;0;0;1;0;1;0;0;0;798267,6849;5824785,905;13,39411035;52,49148909
8861;203843;11;8;8010303;2018;7;19;1;3;2;6;0;0;1;0;0;0;0;0;800666,5144;5824329,139;13,42892382;52,48607899
8862;203844;11;1;1011201;2018;8;6;7;3;8;1;0;0;0;0;1;0;0;0;796966,6676;5826826,281;13,376824;52,51048828
8863;203845;11;8;8010301;2018;7;19;1;3;6;4;0;1;0;1;0;0;0;0;801466,989;5824429,702;13,44076762;52,48653897
8864;203846;11;5;5030731;2018;8;17;3;3;3;6;0;0;1;0;1;0;0;0;787499,5418;5829891,361;13,24036556;52,54304059
8865;203847;11;12;12214422;2018;7;19;1;3;2;6;0;0;1;0;0;0;0;0;791754,7298;5832941,183;13,30561529;52,56811956
8866;203848;11;9;9051702;2018;8;11;5;2;2;2;0;0;1;0;0;0;0;0;814715,1639;5821936,887;13,63289004;52,45672678
8867;203849;11;8;8010510;2018;8;17;3;3;5;3;0;0;1;0;0;0;0;0;803584,897;5821664,781;13,46934633;52,46058389
8868;203850;11;6;6010103;2018;8;10;5;3;2;6;0;0;1;0;0;0;0;0;793213,8917;5821603,089;13,31709023;52,46569434
8869;203851;11;1;1011306;2018;7;17;1;3;5;2;0;1;1;0;0;0;0;0;800077,1882;5826454,975;13,42218589;52,50545797
8870;203852;11;1;1033202;2018;7;16;1;3;2;6;0;1;1;0;0;0;0;0;797821,0033;5830253,544;13,39244492;52,54074362
8871;203853;11;9;9020502;2018;8;10;5;3;2;2;0;0;1;0;0;0;0;0;809382,4719;5821484,221;13,55424025;52,45571462
8872;203854;11;3;3050923;2018;8;17;3;3;5;3;0;0;1;0;0;0;0;0;801069,9318;5831430,162;13,44127297;52,54950447
8873;203855;11;9;9051901;2018;8;9;5;3;2;6;0;0;1;0;0;0;1;0;809792,984;5821572,84;13,5603446;52,4562763
8874;203856;11;4;4010101;2018;8;16;3;3;2;6;0;0;1;0;0;0;0;0;791290,4777;5830670,547;13,29679212;52,54801237
8875;203857;11;8;8020619;2018;7;15;1;3;5;3;0;0;1;0;0;0;0;0;802483,8835;5820700,931;13,45231739;52,45255534
8876;203858;11;9;9041301;2018;8;16;3;3;1;5;0;1;1;0;0;0;0;0;812210,0499;5818373,575;13,59281296;52,4262313
8877;203859;11;3;3071638;2018;8;8;5;3;1;5;0;1;1;0;0;0;0;0;799989,4366;5829407,602;13,42355943;52,53197173
8878;203860;11;1;1022104;2018;8;16;3;3;2;6;0;0;1;0;0;0;1;0;794213,3037;5828455,234;13,33781132;52,52658286
8879;203861;11;1;1022103;2018;8;16;3;3;5;2;0;0;1;0;1;0;0;0;794983,8576;5829554,586;13,35011219;52,53602132
8880;203862;11;1;1011402;2018;7;14;1;3;6;2;0;0;1;1;0;0;0;0;798681,1845;5829454,4;13,40437245;52,53310964
8881;203863;11;1;1044201;2018;8;7;5;3;5;3;0;1;0;0;0;0;1;0;796466,6269;5831941,932;13,37404046;52,55661675
8882;203864;11;12;12103218;2018;8;16;3;2;0;7;0;0;1;0;0;0;0;0;794563,0954;5834878,439;13,3486522;52,58397311
8883;203865;11;2;2030302;2018;8;6;5;2;5;2;0;0;1;0;1;0;0;0;800733,5817;5826516,747;13,43188344;52,50565025
8884;203866;11;6;6010205;2018;7;13;1;3;1;5;0;0;1;0;0;0;1;0;795449,3366;5819961,781;13,34844841;52,44977688
8885;203867;11;4;4020209;2018;7;11;1;3;4;6;0;1;1;0;0;0;0;0;789413,0663;5824708,659;13,26399452;52,49556342
8886;203868;11;2;2010102;2018;8;22;5;3;4;6;2;0;1;0;1;0;0;0;798319,7789;5825600,363;13,3956047;52,49876121
8887;203869;11;8;8010303;2018;8;15;3;3;5;2;0;1;1;0;0;0;0;0;801016,1576;5823905,202;13,43367463;52,48208647
8888;203870;11;1;1011301;2018;7;11;1;3;1;5;0;1;1;0;0;0;0;0;796416,2588;5829387,134;13,37101975;52,53374312
8889;203871;11;8;8010117;2018;8;15;3;3;3;6;0;1;1;0;0;0;0;0;800677,6533;5822973,371;13,42786478;52,47392062
8890;203872;11;2;2050801;2018;8;15;3;3;1;5;0;1;1;0;0;0;0;0;802630,7436;5827375,232;13,46053048;52,51229582
8891;203873;11;4;4010102;2018;8;21;5;3;3;6;0;0;1;0;0;0;0;0;792227,3069;5830683,651;13,31058027;52,54762811
8892;203874;11;7;7070704;2018;8;15;3;3;5;3;0;0;1;0;0;0;0;0;800176,3563;5814059,55;13,41250318;52,39429665
8893;203875;11;4;4030931;2018;7;4;1;3;5;2;2;0;1;0;0;0;0;1;794479,6624;5825854,963;13,33942494;52,50312928
8894;203876;11;1;1011203;2018;8;14;3;3;5;2;0;0;1;0;1;0;0;0;797758,76;5827447,685;13,38901705;52,51562663
8895;203877;11;4;4030620;2018;7;9;1;3;0;7;0;0;1;1;0;0;0;0;791894,9065;5827476,316;13,30287544;52,51905333
8896;203878;11;9;9041601;2018;8;20;5;3;5;2;0;1;1;0;0;0;0;0;817329,2072;5816867,315;13,66642192;52,40978993
8897;203879;11;1;1022103;2018;8;13;3;2;2;6;0;0;1;0;0;0;1;0;793868,3631;5830048,735;13,33415033;52,54105371
8898;203880;11;9;9052001;2018;7;18;7;3;5;2;0;0;1;0;1;0;0;0;810976,727;5822187,999;13,57828272;52,4611169
8899;203881;11;2;2050802;2018;8;13;3;3;0;1;0;1;0;0;0;0;0;0;802394,9074;5827077,867;13,45679571;52,50976134
8900;203882;11;9;9051901;2018;7;16;7;3;6;4;0;0;1;1;0;0;0;0;810915,6319;5821536,984;13,57678014;52,45531756
8901;203883;11;5;5030832;2018;8;16;5;3;4;6;0;1;0;0;0;0;1;0;789515,0286;5829457,419;13,26962466;52,538083
8902;203884;11;6;6040804;2018;8;13;3;3;6;4;0;0;1;1;0;0;0;0;788142,0671;5818760,96;13,24018758;52,44291136
8903;203885;11;2;2050801;2018;8;18;5;3;1;5;0;1;1;0;1;0;0;0;803255,4386;5827387,748;13,46971897;52,51206107
8904;203886;11;7;7010102;2018;7;15;7;3;6;6;0;1;0;1;0;0;0;0;795032,038;5825762,726;13,34745753;52,50200405
8905;203887;11;11;11041022;2018;8;16;5;3;2;6;0;0;1;0;0;0;0;0;806602,4057;5827729,639;13,51919948;52,51325428
8906;203888;11;2;2010103;2018;8;13;3;3;0;6;0;0;1;0;0;0;1;0;799256,762;5826228,776;13,40993107;52,50388104
8907;203889;11;7;7060603;2018;7;15;7;3;0;3;0;1;0;0;1;0;0;0;798666,2025;5816279,343;13,3923549;52,41502017
8908;203890;11;1;1011104;2018;8;13;3;3;5;2;0;1;1;0;0;0;0;0;796252,4569;5825960,788;13,36556069;52,50311828
8909;203891;11;1;1011203;2018;7;15;7;3;6;4;0;0;1;1;0;0;0;0;797764,5125;5827426,078;13,38908223;52,51542981
8910;203892;11;9;9010401;2018;8;16;5;3;1;5;0;1;0;0;0;0;1;0;806360,0149;5821015,231;13,50946854;52,45321378
8911;203893;11;8;8020622;2018;8;12;3;2;5;2;0;0;1;0;0;0;0;0;801415,0202;5820227,269;13,43620845;52,44890016
8912;203894;11;9;9051901;2018;8;15;5;3;5;2;0;0;1;0;1;0;0;0;809644,4521;5821497,963;13,5580962;52,45568943
8913;203895;11;1;1044201;2018;7;17;7;2;5;2;0;0;1;0;1;0;0;0;795580,1396;5830796,288;13,35998264;52,54682899
8914;203896;11;8;8010508;2018;7;13;7;2;5;2;0;0;1;0;1;0;0;0;803203,5032;5822714,108;13,46470337;52,47020069
8915;203897;11;2;2030401;2018;8;15;5;3;5;7;0;1;1;0;0;1;0;0;800573,1965;5825705,504;13,42879529;52,49846721
8916;203898;11;5;5010101;2018;8;11;3;3;2;6;0;0;1;0;0;0;0;0;786153,6206;5831675,685;13,22211098;52,55974687
8917;203899;11;6;6020304;2018;7;10;7;3;6;4;0;1;0;1;0;0;0;0;794771,8475;5817728,422;13,3365383;52,43012163
8918;203900;11;9;9052001;2018;8;14;5;3;2;7;0;1;1;0;0;0;0;0;810320,3773;5823209,504;13,56960303;52,47064436
8919;203901;11;2;2030302;2018;8;11;3;3;5;3;0;0;1;0;1;0;0;0;800720,9684;5826209,417;13,43142059;52,50290252
8920;203902;11;9;9051901;2018;7;10;7;3;5;3;0;1;0;0;0;0;1;0;809945,2174;5821592,516;13,56259612;52,45636633
8921;203903;11;6;6040703;2018;7;9;7;3;5;2;0;0;1;0;1;0;0;0;785007,9566;5817561,731;13,19317945;52,43380146
8922;203904;11;10;10020415;2018;8;14;5;3;6;4;0;0;1;1;0;0;0;0;812376,6466;5831450,111;13,60750861;52,54331785
8923;203905;11;5;5020523;2018;8;10;3;3;1;5;0;0;1;0;0;0;1;0;783299,1018;5827625,466;13,17666157;52,52492444
8924;203906;11;1;1011303;2018;8;14;5;3;0;1;0;1;0;0;0;0;0;0;799480,0507;5828849,429;13,41556963;52,52724868
8925;203907;11;6;6010209;2018;7;7;7;3;6;4;0;1;0;1;0;0;0;0;794502,9352;5821449,748;13,33587505;52,46362643
8926;203908;11;7;7070702;2018;8;14;5;3;5;3;0;1;1;0;0;0;0;0;800042,6868;5814359,157;13,41081287;52,39705548
8927;203909;11;5;5020625;2018;8;9;3;3;2;6;0;0;1;0;0;0;0;0;784627,6099;5828632,735;13,1970531;52,53326369
8928;203910;11;5;5020629;2018;8;13;5;3;2;6;0;0;1;0;0;1;0;0;785050,846;5826304,019;13,20127985;52,51216331
8929;203911;11;2;2030302;2018;7;17;7;3;6;4;0;1;0;1;0;0;0;0;801181,4606;5825953,271;13,43795263;52,50035265
8930;203912;11;2;2040502;2018;8;9;3;3;5;2;0;1;1;0;0;0;0;0;800463,057;5828234,979;13,42946107;52,52120033
8931;203913;11;11;11040925;2018;7;1;7;3;5;2;2;1;1;0;0;0;0;0;803707,3198;5826284,579;13,47535084;52,50192225
8932;203914;11;2;2040701;2018;8;13;5;3;6;4;0;0;0;1;1;0;0;0;801114,5056;5827221,712;13,43811651;52,5117589
8933;203915;11;8;8020622;2018;8;8;3;2;0;6;0;0;1;0;0;0;1;0;802363,5592;5819912,372;13,44983834;52,44555393
8934;203916;11;2;2010103;2018;8;13;5;3;0;7;0;1;0;0;0;0;0;0;799078,6833;5825673,131;13,40681626;52,4989981
8935;203917;11;10;10010308;2018;7;1;7;2;0;1;2;0;0;0;1;0;0;0;806311,5206;5830181,167;13,51718436;52,53538883
8936;203918;11;2;2030301;2018;8;9;5;2;6;4;0;0;0;1;1;0;0;0;799912,3782;5825986,122;13,41934267;52,50134606
8937;203919;11;4;4051446;2018;8;0;6;2;5;3;2;0;1;0;0;0;0;0;793107,381;5825211,242;13,31869912;52,49809746
8938;203920;11;6;6020305;2018;8;15;5;3;5;2;0;1;1;0;0;0;0;0;795447,9708;5817834,48;13,34654776;52,43070766
8939;203921;11;3;3040818;2018;8;15;5;2;5;3;0;1;1;0;0;0;0;0;800069,5807;5832592,142;13,42761446;52,56047155
8940;203922;11;10;10020414;2018;8;17;1;3;3;6;0;0;1;0;0;0;0;0;812189,3892;5830920,303;13,60425849;52,53867751
8941;203923;11;1;1011204;2018;8;8;5;3;2;2;0;1;1;0;0;0;0;0;798693,2242;5827088,175;13,4024244;52,51189316
8942;203924;11;3;3061228;2018;8;14;5;3;5;2;0;1;1;0;0;0;0;0;800938,789;5831179,531;13,4391176;52,5473305
8943;203925;11;10;10040931;2018;8;15;6;3;2;6;0;0;1;0;0;0;0;0;813442,2739;5829387,037;13,62122557;52,52421897
8944;203926;11;3;3061434;2018;8;8;5;3;1;5;0;1;1;0;0;0;0;0;801263,1179;5829684,997;13,44253096;52,53375561
8945;203927;11;1;1022106;2018;8;19;1;3;5;2;0;1;1;0;0;0;0;0;793694,7658;5827999,626;13,32978749;52,52277817
8946;203928;11;7;7050501;2018;8;8;5;3;6;2;0;0;1;1;0;0;0;0;797538,6076;5819910,867;13,37905594;52,44818741
8947;203929;11;7;7050502;2018;8;15;7;3;1;5;0;1;1;0;0;0;0;0;797953,1172;5818019,668;13,38345118;52,43100906
8948;203930;11;1;1011304;2018;8;8;5;3;5;2;0;1;1;0;0;0;0;0;800189,5458;5828453,118;13,42563889;52,52330622
8949;203931;11;9;9020601;2018;8;7;5;3;5;2;0;1;1;0;0;0;0;0;807998,7235;5820988,083;13,53348271;52,45204965
8950;203932;11;2;2050802;2018;8;21;6;3;4;6;2;0;1;0;1;0;0;0;802080,8743;5827157,263;13,45225463;52,51064695
8951;203933;11;8;8010404;2018;8;19;7;3;2;6;1;1;1;0;0;0;0;0;801667,1957;5823730,188;13,44307415;52,48015852
8952;203934;11;3;3050923;2018;8;7;5;3;5;2;0;1;0;0;0;0;1;0;800208,1617;5832144,47;13,4292477;52,55638259
8953;203935;11;3;3071536;2018;8;19;6;3;6;4;0;0;0;1;0;0;1;0;799111,3725;5830273,468;13,41143282;52,54021544
8954;203936;11;7;7010102;2018;8;6;5;2;5;3;0;1;0;0;0;0;0;0;795616,7384;5824975,978;13,35534811;52,49463503
8955;203937;11;4;4051653;2018;8;12;6;3;5;3;0;0;1;0;1;0;0;0;794003,3428;5824714,314;13,33142088;52,49316081
8956;203938;11;5;5030731;2018;8;6;5;2;1;5;0;0;0;0;1;0;1;0;786883,0561;5830120,623;13,23149793;52,54542102
8957;203939;11;9;9051901;2018;8;0;5;3;2;6;2;0;1;0;0;0;0;0;810646,6337;5821008,041;13,5723421;52,45073031
8958;203940;11;11;11040926;2018;8;11;2;2;5;3;0;0;1;0;0;0;1;0;806684,2841;5826911,442;13,51964841;52,50587541
8959;203941;11;3;3020210;2018;8;15;5;3;2;6;0;0;1;0;0;0;0;0;800105,3712;5836220,547;13,43142521;52,59297394
8960;203942;11;1;1044101;2018;8;15;5;3;3;6;0;0;0;0;1;0;1;0;793886,1112;5830093,009;13,33445044;52,54144102
8961;203943;11;9;9051901;2018;8;14;7;3;0;6;0;0;1;0;0;0;1;0;810019,4181;5821597,135;13,56368893;52,45636565
8962;203944;11;7;7050505;2018;8;15;5;3;2;6;0;0;1;0;0;0;0;0;799062,7046;5819071,851;13,40066439;52,43983514
8963;203945;11;4;4020313;2018;8;6;6;3;5;2;0;1;1;0;0;0;0;0;790305,8068;5826019,544;13,27825053;52,50684154
8964;203946;11;12;12103115;2018;8;15;5;3;5;2;0;1;1;0;0;0;0;0;796298,4374;5833956,814;13,37336643;52,57476949
8965;203947;11;2;2050602;2018;8;8;6;3;5;2;0;0;1;0;1;0;0;0;802635,9694;5827910,03;13,46109364;52,51708627
8966;203948;11;12;12214424;2018;8;14;5;3;5;2;0;1;1;0;0;0;0;0;793148,703;5832637,256;13,32585489;52,56464613
8967;203949;11;7;7050502;2018;8;13;5;3;5;3;0;0;1;0;0;0;0;0;797832,7382;5818571,602;13,38217747;52,43602213
8968;203950;11;9;9031202;2018;8;11;1;3;4;6;0;1;0;0;0;0;0;0;816984,0396;5812871,116;13,65758518;52,37418145
8969;203951;11;6;6020305;2018;8;13;5;3;0;2;0;0;1;1;0;0;0;0;796046,5439;5817527,594;13,35505454;52,42763305
8970;203952;11;9;9051901;2018;8;13;5;3;2;6;0;0;1;0;0;0;0;0;810999,5738;5821240,246;13,57773517;52,45261057
8971;203953;11;12;12304314;2018;8;21;7;3;9;1;2;0;1;0;0;0;0;0;791067,6035;5835471,843;13,29772816;52,59117421
8972;203954;11;5;5020628;2018;8;12;5;3;5;2;0;0;1;0;0;0;0;0;784054,1413;5827140,529;13,18734662;52,52018357
8973;203955;11;11;11040926;2018;8;14;6;3;5;2;0;1;1;0;0;0;0;0;806700,5561;5826908,017;13,51988425;52,50583557
8974;203956;11;3;3061228;2018;8;12;5;3;2;6;0;1;1;0;0;0;0;0;800605,0518;5831002,03;13,43405005;52,54592377
8975;203957;11;8;8041038;2018;8;12;5;3;2;6;0;0;1;0;0;0;0;0;805714,2701;5816772,239;13,49611556;52,41554715
8976;203958;11;3;3050923;2018;8;21;1;2;9;1;2;0;1;0;1;0;0;0;800198,812;5832138,476;13,42910478;52,55633401
8977;203959;11;6;6030610;2018;8;12;5;3;5;7;0;0;1;0;0;0;0;0;792031,4289;5818926,318;13,2973928;52,44233053
8978;203960;11;5;5040934;2018;8;19;5;3;5;2;0;0;1;0;0;0;0;0;783770,417;5823774,365;13,18030698;52,4901495
8979;203961;11;6;6010205;2018;8;19;5;3;5;2;0;0;1;0;0;0;1;0;795061,447;5820015,039;13,34280429;52,4504638
8980;203962;11;2;2020204;2018;8;17;1;3;5;2;0;1;1;0;0;0;0;0;798491,8426;5825234,498;13,39780401;52,49538763
8981;203963;11;4;4020208;2018;8;17;5;3;5;3;0;0;1;0;0;0;0;0;786224,4614;5825998,361;13,21826371;52,50880824
8982;203964;11;7;7060604;2018;8;16;5;3;5;2;0;0;1;0;0;0;0;0;797614,2788;5815560,757;13,37629494;52,40915166
8983;203965;11;2;2010101;2018;8;2;7;3;5;3;2;1;1;0;0;0;0;0;797623,1885;5825589,043;13,38536334;52,49904008
8984;203966;11;8;8020727;2018;8;19;6;2;5;2;0;0;1;0;1;0;0;0;801615,9683;5817421,417;13,43662478;52,42363962
8985;203967;11;4;4020310;2018;8;12;4;3;2;6;0;0;1;0;0;0;0;0;790527,1298;5827329,925;13,28264629;52,51847135
8986;203968;11;4;4051446;2018;8;16;6;3;2;7;0;1;1;0;0;0;0;0;792378,653;5825113,271;13,30790891;52,49761008
8987;203969;11;1;1011103;2018;8;12;4;3;2;7;0;0;1;0;1;0;0;0;795934,3942;5825633,359;13,3605975;52,50035576
8988;203970;11;3;3061126;2018;8;11;4;3;0;3;0;1;0;0;0;0;1;0;799195,086;5831606,819;13,4138646;52,5521209
8989;203971;11;1;1011302;2018;8;20;6;3;6;4;1;1;0;1;0;0;0;0;798635,384;5828817,921;13,40312749;52,5274296
8990;203972;11;2;2010104;2018;8;20;7;3;2;6;1;0;1;0;1;0;0;0;799806,9356;5825701,486;13,41753771;52,49885267
8991;203973;11;4;4030415;2018;8;11;4;3;6;4;0;0;1;1;0;0;0;0;791671,4714;5827710,417;13,2997971;52,52127156
8992;203974;11;12;12214422;2018;8;18;6;3;5;3;0;0;1;0;0;0;0;0;792131,7391;5833150,296;13,31134613;52,56979198
8993;203975;11;12;12231102;2018;8;11;4;3;6;2;0;0;1;1;0;0;0;0;790093,4708;5839995,799;13,2873553;52,63225129
8994;203976;11;8;8041035;2018;8;13;6;3;5;3;0;0;1;0;0;0;0;0;804754,8419;5818461,913;13,48359148;52,43122633
8995;203977;11;4;4041135;2018;8;10;4;3;0;6;0;0;1;0;1;0;0;0;790635,2675;5822637,634;13,28014112;52,47634698
8996;203978;11;4;4030620;2018;8;21;6;3;2;2;2;0;1;0;0;0;0;0;792427,742;5827179,357;13,3104449;52,5161057
8997;203979;11;12;12214125;2018;8;10;4;3;2;2;0;0;1;0;0;0;0;0;791187,4249;5830907,191;13,29548416;52,55018895
8998;203980;11;4;4030828;2018;8;14;6;3;6;4;0;0;1;1;0;0;0;0;793248,5926;5826078,208;13,32153682;52,50579362
8999;203981;11;2;2050803;2018;8;9;4;3;5;2;0;1;1;0;0;0;0;0;803251,4652;5826004,197;13,46840039;52,49966275
9000;203982;11;9;9020701;2018;8;18;1;2;2;6;0;0;1;0;1;0;0;0;809329,936;5818506,396;13,5507132;52,4290574
9001;203983;11;2;2040701;2018;8;8;4;3;5;7;0;0;1;0;0;0;0;0;800999,1812;5826978,347;13,43620219;52,50964122
9002;203984;11;5;5030730;2018;8;19;6;3;5;3;0;1;1;0;0;0;0;0;786451,0257;5831101,381;13,22599047;52,55444149
9003;203985;11;4;4030828;2018;8;18;7;3;5;3;0;0;1;0;0;0;0;0;793468,6622;5826413,193;13,32506522;52,50867827
9004;203986;11;7;7050505;2018;8;20;4;3;5;2;0;0;1;0;1;0;0;0;799054,8007;5819072,455;13,400549;52,43984487
9005;203987;11;1;1011401;2018;8;19;4;3;2;6;0;1;0;0;0;0;0;0;798290,2862;5829368,48;13,3985496;52,53255355
9006;203988;11;6;6030610;2018;8;10;6;3;0;1;0;0;0;0;1;0;0;0;792061,1836;5818887,566;13,29779545;52,44196723
9007;203989;11;7;7040403;2018;8;18;4;2;5;2;0;0;1;0;1;0;0;0;797323,6745;5822178,505;13,3779222;52,46863147