;OBJECTID;LAND;BEZ;LOR;UJAHR;UMONAT;USTUNDE;UWOCHENTAG;UKATEGORIE;UART;UTYP1;ULICHTVERH;IstRad;IstPKW;IstFuss;IstKrad;IstGkfz;IstSonstige;USTRZUSTAND;LINREFX;LINREFY;XGCSWGS84;YGCSWGS84
9008;203990;11;2;2020205;2018;8;17;4;3;0;2;0;1;1;0;0;0;0;0;798250,0921;5824522,282;13,39361605;52,48913565
9009;203991;11;12;12301203;2018;8;16;1;3;2;6;0;0;1;0;0;0;1;0;792851,09;5835141,827;13,32368902;52,58725847
9010;203992;11;1;1011402;2018;8;11;4;2;0;1;0;1;0;0;0;0;0;0;798557,9718;5829217,779;13,40234885;52,53105617
9011;203993;11;4;4010102;2018;8;12;4;3;5;3;0;0;1;0;0;0;0;0;792257,71;5830690,421;13,31103331;52,54767249
9012;203994;11;11;11030721;2018;8;17;1;3;2;6;0;0;1;0;0;0;0;0;803976,4034;5827895,706;13,4807741;52,51621244
9013;203995;11;12;12214424;2018;8;14;7;3;0;5;0;0;1;0;0;0;1;0;793424,5428;5832485,129;13,32977815;52,56313381
9014;203996;11;9;9051801;2018;8;17;4;2;0;1;0;1;0;0;0;0;0;0;816884,7522;5821243,203;13,66405565;52,44925761
9015;203997;11;3;3030715;2018;8;7;6;3;5;3;0;1;0;0;0;0;0;0;800433,5676;5832620,964;13,43299382;52,56052919
9016;203998;11;3;3050923;2018;8;17;4;3;1;5;0;1;0;0;0;0;1;0;801196,7293;5831816,889;13,44348813;52,55290063
9017;203999;11;1;1022206;2018;8;12;4;2;0;1;0;1;0;0;0;0;0;0;796185,2989;5828458,056;13,366797;52,5255404
9018;204000;11;3;3020307;2018;8;14;1;3;2;6;0;0;1;0;0;0;0;0;800138,6775;5837726,415;13,4332805;52,60645284
9019;204001;11;9;9020701;2018;8;17;4;3;5;2;0;1;1;0;0;0;0;0;808529,5465;5819080,842;13,53950844;52,43465756
9020;204002;11;5;5020626;2018;8;15;6;3;6;4;0;0;0;1;0;0;1;0;784472,1159;5827757,912;13,19401831;52,52550117
9021;204003;11;9;9020601;2018;8;17;1;3;1;5;0;1;1;0;0;0;0;0;806410,8887;5821451,958;13,5106156;52,45709938
9022;204004;11;12;12304313;2018;8;16;4;3;5;2;0;1;1;0;0;0;0;0;791485,276;5834331,952;13,3028736;52,58073176
9023;204005;11;3;3061332;2018;8;11;7;3;1;5;0;1;1;0;0;0;0;0;799818,8787;5830279,993;13,4218396;52,53988512
9024;204006;11;1;1011401;2018;8;16;4;3;0;1;0;1;0;0;0;0;0;0;797976,7559;5829308,351;13,39388721;52,53218606
9025;204007;11;6;6010209;2018;8;12;6;2;5;2;0;1;1;0;0;0;0;0;794444,0952;5821518,645;13,33507224;52,46427577
9026;204008;11;9;9052001;2018;8;16;4;3;2;6;0;0;1;0;0;0;0;0;811304,3419;5822401,068;13,58328791;52,4628398
9027;204009;11;2;2030401;2018;8;13;7;3;0;2;0;1;1;0;0;0;0;0;801281,8867;5825357,739;13,43888894;52,49495934
9028;204010;11;11;11051229;2018;8;16;4;3;3;6;0;1;0;0;0;0;0;0;804971,6154;5825163,227;13,49289245;52,49116698
9029;204011;11;11;11010310;2018;8;16;6;3;5;3;0;0;1;0;0;0;0;0;805621,9418;5833091,46;13,50972766;52,56185879
9030;204012;11;9;9052001;2018;8;16;4;2;0;6;0;0;1;0;0;0;1;0;811228,1516;5822193,313;13,58197637;52,4610214
9031;204013;11;9;9051702;2018;8;15;4;3;5;2;0;1;1;0;0;0;0;0;814483,7663;5820801,754;13,62842697;52,44668813
9032;204014;11;3;3061131;2018;8;19;1;3;5;2;0;1;1;0;0;0;0;0;799140,4697;5830367,506;13,41194525;52,54104238
9033;204015;11;12;12302108;2018;8;15;4;3;2;2;0;0;0;0;1;0;1;0;795418,0841;5837480,628;13,36355598;52,6068355
9034;204016;11;9;9031202;2018;8;8;5;3;5;3;0;1;0;0;0;0;1;0;814018,4968;5812937,758;13,61422757;52,37648535
9035;204017;11;2;2030402;2018;8;15;4;3;2;6;0;1;0;0;1;0;0;0;801659,7168;5825788,164;13,44482724;52,49860861
9036;204018;11;7;7020201;2018;8;13;6;3;5;7;0;0;1;0;1;0;0;0;794974,808;5824864,741;13,34582158;52,49398517
9037;204019;11;1;1044103;2018;8;18;6;2;5;3;0;1;0;0;0;0;0;0;794761,4989;5830944,892;13,34807695;52,54860467
9038;204020;11;8;8010508;2018;8;15;4;2;6;4;0;0;0;1;1;0;0;0;803293,9995;5822823,431;13,46613093;52,47113031
9039;204021;11;3;3051017;2018;8;15;4;3;5;3;0;1;0;0;0;0;0;0;803505,3794;5832536,278;13,47809221;52,55806678
9040;204022;11;1;1033102;2018;8;20;5;3;2;6;0;0;1;0;0;0;0;0;797308,5136;5831258,47;13,38581001;52,55003142
9041;204023;11;4;4030726;2018;8;15;4;3;5;2;0;1;1;0;0;0;0;0;792090,9944;5825291,828;13,30384014;52,49936485
9042;204024;11;6;6040703;2018;8;14;4;3;2;7;0;0;1;0;0;0;0;0;786864,0688;5817439,825;13,22030273;52,43173819
9043;204025;11;3;3061441;2018;8;14;4;2;0;1;0;1;0;0;0;0;0;0;802578,0396;5828691,197;13,46095309;52,52411994
9044;204026;11;4;4010101;2018;8;21;1;3;2;6;2;0;1;0;0;0;0;0;791258,8677;5830728,409;13,29637802;52,548548
9045;204027;11;4;4030930;2018;8;14;4;3;1;5;0;1;1;0;0;0;0;0;792933,6467;5825549,874;13,31644503;52,50122647
9046;204028;11;12;12301206;2018;8;20;5;2;4;6;2;0;1;0;1;0;0;0;795405,0328;5838827,217;13,36456621;52,61891333
9047;204029;11;8;8041036;2018;8;14;4;3;5;3;0;0;1;0;1;0;0;0;805253,3543;5817246,706;13,48979229;52,42005688
9048;204030;11;4;4010102;2018;8;14;6;3;5;7;0;0;1;0;1;0;0;0;791712,0412;5830681,389;13,30300103;52,547884
9049;204031;11;3;3040508;2018;8;13;4;3;5;2;0;0;1;0;0;0;1;0;796791,3253;5836056,32;13,38249863;52,59332041
9050;204032;11;8;8020727;2018;8;21;1;3;1;5;2;0;0;0;1;0;0;0;801738,9034;5817091,057;13,43812926;52,42061072
9051;204033;11;4;4030827;2018;8;23;5;3;2;3;2;0;1;0;0;0;0;0;792717,9916;5826095,145;13,31375647;52,50623039
9052;204034;11;2;2030401;2018;8;12;4;3;6;4;0;1;0;1;0;0;0;0;800490,1222;5825757,069;13,42762172;52,49897515
9053;204035;11;10;10040828;2018;8;15;7;3;5;3;0;1;1;0;0;0;0;0;811915,3158;5829746,381;13,59912897;52,52831474
9054;204036;11;2;2020205;2018;8;21;5;3;9;1;2;0;1;0;0;0;0;0;798308,8925;5824462,688;13,39442614;52,48856933
9055;204037;11;12;12301203;2018;8;15;3;3;5;2;0;0;1;0;0;0;0;0;793425,7865;5836091,149;13,33298849;52,59545884
9056;204038;11;3;3061131;2018;8;9;6;3;2;6;0;0;1;0;1;0;0;0;799194,7865;5831109,232;13,41341186;52,54766098
9057;204039;11;5;5020626;2018;8;20;7;2;5;7;2;1;1;0;0;0;0;0;784761,3395;5826713,977;13,19737619;52,51599023
9058;204040;11;2;2030301;2018;8;11;3;3;6;7;0;1;0;1;0;0;0;0;799806,2036;5826018,272;13,41781214;52,50169258
9059;204041;11;3;3061126;2018;8;22;3;3;5;2;2;1;1;0;0;0;0;0;799242,0643;5831771,584;13,41470391;52,55357195
9060;204042;11;5;5030731;2018;8;12;6;3;3;6;0;0;1;0;1;0;0;0;787035,8453;5829473,442;13,23318566;52,53953819
9061;204043;11;7;7030303;2018;8;20;3;3;6;4;2;0;1;1;0;0;0;0;795046,8279;5821912,455;13,34426674;52,46748091
9062;204044;11;9;9020702;2018;8;18;3;3;0;3;0;0;1;0;1;0;0;1;809531,2824;5818799,191;13,55393616;52,43156753
9063;204045;11;11;11040925;2018;8;10;2;3;5;2;0;1;0;0;0;0;1;0;803716,017;5826344,123;13,47553288;52,50245109
9064;204046;11;10;10040828;2018;8;18;3;3;0;7;0;1;0;0;0;0;0;0;812443,0458;5828662,012;13,60586431;52,51829543
9065;204047;11;7;7050503;2018;8;16;5;3;5;2;0;1;0;0;0;0;1;0;798990,9303;5819649,536;13,4001285;52,44505261
9066;204048;11;11;11040926;2018;8;17;3;3;5;3;0;0;1;0;0;0;0;0;805122,2168;5826543,979;13,49636849;52,50345783
9067;204049;11;1;1022103;2018;8;14;7;3;0;1;0;0;0;0;1;0;0;0;793861,3551;5830041,939;13,33404128;52,54099657
9068;204050;11;2;2040502;2018;8;17;3;3;5;2;0;1;1;0;0;0;0;0;801247,6338;5827817,242;13,44061141;52,51702323
9069;204051;11;4;4010102;2018;8;7;6;3;5;2;0;0;1;0;0;0;1;0;793352,206;5829681,351;13,32623697;52,53803843
9070;204052;11;1;1011301;2018;8;17;3;3;5;5;0;1;1;0;0;0;0;0;796864,3091;5829197,976;13,37743692;52,53180368
9071;204053;11;11;11040926;2018;8;15;3;3;5;2;0;1;1;0;0;0;0;0;806698,4459;5826917,582;13,51986207;52,50592248
9072;204054;11;4;4020204;2018;8;16;1;3;6;7;0;0;1;1;0;0;0;0;787043,0713;5826313,084;13,23056381;52,51119982
9073;204055;11;2;2030301;2018;8;15;3;3;5;3;0;0;1;0;0;0;0;0;799768,952;5826286,552;13,4175065;52,50411775
9074;204056;11;7;7010101;2018;8;15;3;3;5;3;0;1;0;0;1;0;0;0;794693,4499;5825759,692;13,34248115;52,50215982
9075;204057;11;6;6040701;2018;8;11;1;3;2;7;0;1;0;0;0;0;1;0;784156,6404;5816179,467;13,17951622;52,42185051
9076;204058;11;7;7040401;2018;8;15;3;3;6;7;0;0;1;1;0;0;0;0;797449,1821;5822878,618;13,38038863;52,47483894
9077;204059;11;12;12214125;2018;8;10;5;3;2;6;0;0;1;0;0;0;0;0;791601,4343;5834007,285;13,30429745;52,57775898
9078;204060;11;7;7070701;2018;8;15;3;3;5;2;0;1;0;0;0;0;1;0;799250,4284;5816260,323;13,40090237;52,41453059
9079;204061;11;1;1022202;2018;8;21;7;3;2;6;2;0;1;0;0;0;0;0;795667,9738;5829741,255;13,36033519;52,53732393
9080;204062;11;4;4030931;2018;8;13;3;3;6;2;0;0;1;1;0;0;0;0;793900,8845;5825531,397;13,33063704;52,50054074
9081;204063;11;12;12103117;2018;8;16;6;2;6;4;0;0;1;1;0;0;0;0;796207,4181;5832760,483;13,37095884;52,56409524
9082;204064;11;1;1011204;2018;8;12;3;3;6;4;0;1;0;1;0;0;0;0;797967,7811;5826998,942;13,39168641;52,51149006
9083;204065;11;4;4010102;2018;8;20;3;3;5;5;1;0;1;0;0;0;0;0;793381,3933;5829952,134;13,32690518;52,54045014
9084;204066;11;12;12103218;2018;8;11;1;2;2;6;0;0;1;0;1;0;0;0;793775,2648;5832716,29;13,335142;52,56501689
9085;204067;11;8;8020728;2018;8;21;3;3;2;6;2;0;0;0;1;0;0;0;801892,2137;5816983,628;13,44027996;52,41956326
9086;204068;11;3;3061126;2018;8;16;5;3;5;2;0;1;1;0;0;0;0;0;798664,0908;5831793,744;13,40622447;52,55408782
9087;204069;11;1;1022104;2018;8;16;3;3;0;2;0;0;0;1;1;0;0;0;793702,8482;5828501,82;13,33034981;52,52727571
9088;204070;11;2;2040702;2018;8;7;6;3;5;2;0;1;1;0;0;0;0;0;801285,3894;5827419,919;13,44080638;52,51344111
9089;204071;11;3;3020209;2018;8;15;3;2;5;2;0;1;1;0;0;0;0;0;797327,9862;5835281,961;13,38970285;52,58608621
9090;204072;11;4;4030931;2018;8;11;5;3;0;7;0;0;0;0;1;0;0;0;794033,1067;5826055,983;13,33304252;52,50517215
9091;204073;11;10;10040830;2018;8;16;3;2;5;3;0;0;1;0;1;0;0;0;811362,682;5826841,245;13,58829057;52,50259679
9092;204074;11;3;3040818;2018;8;9;7;3;5;2;0;0;1;0;0;0;0;0;800070,8804;5833884,909;13,42880291;52,57205821
9093;204075;11;3;3040818;2018;8;14;3;2;5;3;0;0;1;0;1;0;0;0;799822,5785;5833798,372;13,42507183;52,57141939
9094;204076;11;12;12214422;2018;8;19;6;3;1;5;1;1;1;0;0;0;1;0;792170,6995;5833423,54;13,31216007;52,5722206
9095;204077;11;1;1022203;2018;8;14;3;3;1;5;0;1;0;0;0;0;1;0;795102,1346;5828479,349;13,35089643;52,52631865
9096;204078;11;8;8010211;2018;8;17;5;3;1;5;0;1;1;0;0;0;0;0;800709,0734;5823880,955;13,4291444;52,48203833
9097;204079;11;9;9020502;2018;8;14;3;3;5;3;0;0;1;0;0;0;0;0;808160,6169;5821871,359;13,53667269;52,4598744
9098;204080;11;11;11030619;2018;8;18;1;3;5;3;0;0;1;0;0;0;0;0;804219,0711;5829078,468;13,48542099;52,52667778
9099;204081;11;8;8010117;2018;8;10;3;3;0;6;0;0;1;0;1;0;0;0;800391,1841;5823704,212;13,42431813;52,48062907
9100;204082;11;1;7010102;2018;8;18;5;2;0;7;0;0;0;0;1;0;1;1;795190,275;5825860,008;13,34986818;52,50279053
9101;204083;11;7;7010102;2018;8;22;6;3;5;3;2;0;1;0;0;0;0;0;795711,2609;5825464,174;13,35716974;52,49896011
9102;204084;11;12;12214421;2018;8;10;3;3;1;5;0;1;1;0;0;0;0;0;793432,8569;5833465,853;13,33076801;52,57192093
9103;204085;11;1;1011402;2018;8;15;6;3;6;4;0;1;0;1;0;0;0;0;798540,2977;5829178,055;13,4020534;52,53070978
9104;204086;11;8;8041037;2018;8;9;3;3;5;2;0;0;1;0;0;0;0;0;805237,3107;5818125,555;13,49035898;52,42794268
9105;204087;11;6;6010103;2018;8;8;3;3;5;3;0;1;1;0;0;0;0;0;793796,9477;5821195,778;13,32528966;52,46172975
9106;204088;11;6;6030503;2018;8;18;5;3;2;2;0;0;1;0;0;0;0;0;790890,5655;5817751,035;13,27963255;52,43240199
9107;204089;11;6;6020302;2018;8;8;3;3;2;6;0;1;0;0;0;0;0;0;794309,0627;5819264,931;13,33110403;52,44414499
9108;204090;11;9;9051901;2018;8;7;3;3;3;6;0;1;1;0;0;0;0;0;810447,4486;5821233,181;13,56962973;52,45286108
9109;204091;11;2;2020203;2018;8;17;5;3;5;2;0;1;1;0;0;0;0;0;797746,093;5824596,591;13,38628153;52,49007686
9110;204092;11;12;12103117;2018;8;7;3;3;5;3;0;1;1;0;0;0;0;0;795864,3389;5832617,674;13,36578487;52,56300165
9111;204093;11;9;9010301;2018;8;16;7;2;5;2;0;0;1;0;0;0;1;0;804395,9764;5821744,687;13,48132021;52,46084891
9112;204094;11;5;5010313;2018;8;10;3;2;5;2;0;0;1;0;1;0;0;0;784665,788;5829707,58;13,19853527;52,5428808
9113;204095;11;5;5010339;2018;8;18;5;3;5;2;0;1;0;0;0;0;0;0;787670,7178;5828012,786;13,24125668;52,52610789
9114;204096;11;5;5030833;2018;8;5;3;2;5;7;1;1;1;0;0;0;0;0;788412,6083;5829353,59;13,25332537;52,53773672
9115;204097;11;10;10010308;2018;8;10;6;3;5;2;0;1;1;0;0;0;0;0;806558,366;5829131,591;13,51984447;52,52584359
9116;204098;11;8;8010213;2018;8;22;6;3;2;6;2;0;1;0;0;0;0;0;801646,2859;5822538,958;13,44168985;52,46949284
9117;204099;11;5;5030730;2018;8;8;3;3;2;6;0;0;1;0;0;0;0;0;786057,0179;5829175,292;13,2185359;52,53737979
9118;204100;11;4;4051655;2018;8;11;3;2;5;2;0;1;1;0;0;0;0;0;793922,0184;5823255,019;13,32893957;52,48012271
9119;204101;11;12;12214527;2018;8;10;2;3;5;3;0;1;0;0;1;0;0;0;789923,741;5835686,002;13,28107741;52,59370507
9120;204102;11;1;1011104;2018;8;18;3;3;5;2;0;1;1;0;0;0;0;0;796269,8253;5825955,939;13,3658115;52,50306538
9121;204103;11;9;9020801;2018;8;18;5;3;6;7;0;0;0;1;0;0;1;0;810540,2112;5820692,742;13,570488;52,44796517
9122;204104;11;1;1022204;2018;8;8;2;3;6;4;0;1;0;1;0;0;0;0;795125,2077;5828253,155;13,3510348;52,5242785
9123;204105;11;11;11051331;2018;8;10;7;2;5;7;0;1;1;0;0;0;0;0;807363,2239;5824277,989;13,52719068;52,48189207
9124;204106;11;11;11030619;2018;8;18;5;2;2;6;0;0;1;0;0;0;0;0;803677,7501;5829777,521;13,47810478;52,53324495
9125;204107;11;8;8010118;2018;8;13;2;3;2;6;0;0;1;0;0;0;1;0;800484,2588;5822023,124;13,4241702;52,46550958
9126;204108;11;5;5040936;2018;8;15;7;2;5;2;0;1;0;0;0;0;1;0;781112,08;5820064,624;13,1381309;52,45826068
9127;204109;11;1;1011304;2018;8;19;5;3;5;2;0;1;1;0;0;0;0;0;799581,5669;5828045,246;13,41633717;52,51998467
9128;204110;11;1;1011303;2018;8;11;2;3;5;2;0;1;1;0;0;0;0;0;799107,6063;5828466,074;13,40975114;52,52401694
9129;204111;11;3;3071537;2018;8;8;6;3;5;3;0;1;1;0;0;0;0;0;799701,9604;5830084,835;13,4199448;52,53820016
9130;204112;11;8;8010301;2018;8;22;2;3;5;3;2;1;0;0;0;0;0;0;800717,3005;5825074,256;13,43034186;52,49272975
9131;204113;11;12;12301205;2018;8;21;2;3;2;2;2;0;1;0;0;0;0;0;791769,8248;5836886,747;13,30931162;52,60348204
9132;204114;11;1;1033201;2018;8;12;1;3;5;2;0;1;1;0;0;0;0;0;798267,3254;5830093,476;13,39886278;52,53906472
9133;204115;11;1;1011204;2018;8;21;2;3;5;2;2;0;1;0;1;0;0;0;797853,5002;5826868,703;13,38989087;52,51038503
9134;204116;11;6;6020410;2018;8;17;5;3;5;7;0;0;1;0;0;0;0;0;794295,8766;5817068,343;13,32897695;52,42446053
9135;204117;11;1;1011302;2018;8;19;2;3;5;2;0;1;1;0;0;0;0;0;798125,081;5828962,85;13,39575754;52,529008
9136;204118;11;7;7050503;2018;8;11;7;3;5;2;0;0;1;0;1;0;0;0;798902,9316;5819470,7;13,39867762;52,44349768
9137;204119;11;4;4020208;2018;8;8;2;3;0;6;0;0;1;0;1;0;0;0;785967,0633;5825980,341;13,21446595;52,50878168
9138;204120;11;12;12214527;2018;8;12;6;2;5;3;0;0;1;0;1;0;0;0;789991,2589;5834763,237;13,2812636;52,58539653
9139;204121;11;1;1011203;2018;8;17;2;3;5;2;0;1;0;0;0;0;0;0;797896,3564;5827372,07;13,39097107;52,5148737
9140;204122;11;1;1011302;2018;8;17;2;3;2;6;0;0;1;0;1;0;0;1;798351,9249;5829034,435;13,39915581;52,52952556
9141;204123;11;2;2030401;2018;8;5;6;3;5;3;0;0;1;0;0;0;0;0;800628,7397;5825671,545;13,42958038;52,49813222
9142;204124;11;12;12214424;2018;8;17;2;3;0;2;0;1;1;0;0;0;0;0;792879,6056;5832716,332;13,32196604;52,56549984
9143;204125;11;1;1044101;2018;8;16;2;3;3;6;0;0;0;0;1;0;1;0;793820,9334;5831749,663;13,33495795;52,55632706
9144;204126;11;7;7060603;2018;8;17;1;3;5;2;0;0;1;0;0;0;0;0;798664,3008;5816261,218;13,39231085;52,41485874
9145;204127;11;8;8010211;2018;8;16;2;3;2;6;0;1;1;0;0;0;0;0;800339,6082;5824316,466;13,42411256;52,48614532
9146;204128;11;10;10010310;2018;8;16;5;3;0;2;0;0;1;0;0;0;1;0;808696,9213;5830177,394;13,55223822;52,53400925
9147;204129;11;2;2040701;2018;8;15;2;3;4;6;0;1;0;0;0;0;0;0;800703,2944;5826946,502;13,43182675;52,50951896
9148;204130;11;11;11030721;2018;8;15;7;3;3;6;0;0;1;0;1;0;0;0;803908,7129;5828115,398;13,4799803;52,51821919
9149;204131;11;1;1033102;2018;8;17;6;3;2;2;0;0;1;0;0;0;1;0;797714,454;5831869,458;13,39232709;52,55528641
9150;204132;11;5;5010206;2018;8;15;2;3;6;4;0;0;1;1;0;0;0;0;782338,9436;5830497,6;13,16498726;52,5511752
9151;204133;11;2;2010102;2018;8;15;2;3;0;6;0;0;1;0;1;0;0;0;798490,7819;5825554,383;13,39807508;52,49825556
9152;204134;11;8;8020625;2018;8;10;5;3;5;2;0;1;0;0;0;1;0;0;801385,357;5819266,092;13,4349063;52,44030117
9153;204135;11;3;3040818;2018;8;15;2;3;5;3;0;1;1;0;0;0;0;0;800057,3283;5832600,827;13,42744211;52,56055615
9154;204136;11;9;9020701;2018;8;17;7;3;5;3;0;0;1;0;0;0;0;0;808642,1257;5819166,651;13,54123843;52,43536307
9155;204137;11;9;9020501;2018;8;14;2;3;2;6;0;0;1;0;1;0;0;0;806174,2726;5823307,841;13,50884679;52,47386516
9156;204138;11;8;8010118;2018;8;10;5;3;3;6;0;0;0;0;1;1;0;0;800893,2981;5822419,753;13,43053078;52,46883961
9157;204139;11;7;7010104;2018;8;14;2;3;5;7;0;1;1;0;0;0;0;0;796424,6991;5824877,935;13,36712711;52,49331798
9158;204140;11;11;11040925;2018;8;13;2;3;5;3;0;0;0;0;1;0;1;0;803920,7291;5826402,964;13,4785932;52,50286448
9159;204141;11;10;10010310;2018;8;5;1;2;8;1;1;0;1;0;0;0;0;0;809499,6433;5831405,619;13,56517888;52,5445609
9160;204142;11;9;9020701;2018;8;16;2;2;5;2;0;1;1;0;0;0;0;0;809193,5638;5818336,345;13,54855661;52,42761049
9161;204143;11;7;7040403;2018;8;16;2;2;5;3;0;0;1;0;0;0;0;0;797022,6666;5821232,186;13,37266183;52,46031236
9162;204144;11;3;3040508;2018;8;14;6;3;5;3;0;1;1;0;0;0;0;0;795892,007;5836469,192;13,36963001;52,59751136
9163;204145;11;3;3050923;2018;8;12;2;2;6;4;0;1;0;1;0;0;0;0;800859,659;5832070,587;13,43876155;52,55536085
9164;204146;11;1;1033203;2018;8;20;1;3;5;2;1;1;1;0;0;0;0;0;796721,2436;5830451,461;13,37645329;52,5431177
9165;204147;11;7;7050501;2018;8;13;2;2;1;5;0;0;1;0;0;0;1;0;797657,4759;5819166,331;13,38013656;52,4414487
9166;204148;11;2;2020203;2018;8;15;7;3;5;2;0;1;1;0;0;0;0;0;797109,8707;5824485,448;13,37683959;52,48942722
9167;204149;11;6;6010209;2018;8;13;2;2;0;6;0;0;1;0;1;0;0;0;794312,957;5820865,946;13,332572;52,45849528
9168;204150;11;8;8020621;2018;8;16;2;3;6;7;0;1;1;1;1;0;0;0;800225,6197;5819683,142;13,41827058;52,44467732
9169;204151;11;9;9010202;2018;8;9;6;3;2;6;0;0;1;0;0;0;0;0;804206,8942;5824212,268;13,48079597;52,48307049
9170;204152;11;7;7020203;2018;8;21;2;3;0;1;2;0;0;0;1;0;0;0;795292,6013;5824381,677;13,35006082;52,48948302
9171;204153;11;10;10010311;2018;8;12;6;3;2;6;0;0;1;0;0;0;0;0;810717,396;5831996,53;13,58363141;52,54916319
9172;204154;11;12;12214125;2018;8;17;2;3;2;6;0;0;1;0;0;0;0;0;788725,3324;5833379,484;13,26142522;52,57366427
9173;204155;11;11;11010205;2018;8;16;2;3;0;7;0;0;0;1;0;0;1;0;805863,0664;5833612,205;13,51375371;52,56639041
9174;204156;11;1;1044201;2018;8;10;2;3;2;7;0;0;1;0;0;0;0;0;796126,964;5830758,395;13,36798939;52,54619237
9175;204157;11;4;4010102;2018;8;12;2;3;2;6;0;0;1;0;0;0;0;0;793342,5939;5829711,75;13,32612249;52,53831612
9176;204158;11;6;6040805;2018;8;12;2;2;1;5;0;0;1;0;1;0;0;0;789251,2024;5818374,259;13,25612567;52,43885882
9177;204159;11;4;4030519;2018;8;14;7;3;6;4;0;0;1;1;0;0;0;0;792071,2464;5827975,895;13,30590561;52,52343751
9178;204160;11;9;9010101;2018;8;11;2;2;6;4;0;0;1;1;0;0;0;0;802291,7253;5824807,883;13,45321964;52,48947262
9179;204161;11;4;4051448;2018;8;7;6;3;2;6;0;0;1;0;1;0;0;0;793908,5385;5824920,445;13,33021036;52,49505973
9180;204162;11;11;11040926;2018;8;11;2;3;0;1;0;0;0;0;1;0;0;0;806475,2408;5826865,065;13,51653543;52,50557723
9181;204163;11;4;4030726;2018;8;10;2;2;5;3;0;0;1;0;0;0;0;0;791589,7936;5825488,79;13,29665019;52,50139863
9182;204164;11;4;4030931;2018;8;16;1;3;2;6;0;0;1;0;1;0;0;0;794082,2868;5826312,974;13,33399203;52,50744942
9183;204165;11;1;1022202;2018;8;10;2;3;5;7;0;0;1;0;1;0;0;0;795529,5414;5829621,422;13,35819352;52,53632482
9184;204166;11;7;7070701;2018;8;16;1;3;5;2;0;1;1;0;0;0;0;0;799723,221;5814499,242;13,40625692;52,39848607
9185;204167;11;9;9010302;2018;8;9;2;3;1;5;0;1;1;0;0;0;0;0;804295,0627;5820115,993;13,47835545;52,44630748
9186;204168;11;2;8010116;2018;8;10;7;2;5;3;0;1;1;0;0;0;0;0;800273,621;5824351,152;13,42317493;52,48649252
9187;204169;11;7;7020202;2018;8;10;2;2;5;3;0;1;1;0;0;0;0;0;794962,3926;5823117,366;13,34409287;52,47832779
9188;204170;11;1;1011402;2018;8;10;1;3;1;5;0;1;1;0;0;0;0;0;798347,1877;5829391,633;13,39940676;52,53272994
9189;204171;11;1;1022206;2018;8;10;2;3;1;5;0;1;1;0;0;0;1;0;796290,4949;5828494,742;13,36837574;52,5258121
9190;204172;11;8;8020727;2018;8;9;2;3;1;5;0;1;1;0;0;0;0;0;800617,6968;5816301,615;13,42098225;52,41415156
9191;204173;11;4;4030725;2018;8;13;7;3;5;2;0;0;1;0;0;0;0;0;791447,2222;5826088,283;13,29508055;52,50684921
9192;204174;11;7;7010102;2018;8;8;2;3;0;1;0;0;0;0;1;0;0;0;795720,4461;5825461,654;13,35730242;52,49893255
9193;204175;11;6;6010209;2018;8;15;6;3;2;6;0;0;1;0;0;0;0;0;794114,1678;5821255,705;13,32999812;52,46209633
9194;204176;11;2;2020205;2018;8;1;1;2;0;1;2;1;0;0;0;0;0;0;797917,8898;5824578,53;13,38878816;52,48982124
9195;204177;11;1;1011104;2018;8;5;1;3;5;2;2;0;1;0;0;0;0;0;796261,974;5825958,406;13,36569837;52,50309176
9196;204178;11;7;7070701;2018;8;13;1;2;5;3;0;0;1;0;1;0;0;0;798709,3575;5816016,323;13,39275282;52,41263894
9197;204179;11;3;3030711;2018;8;16;1;3;5;3;0;0;1;0;0;0;0;0;801118,7625;5835015,588;13,44524522;52,58161381
9198;204180;11;1;1011301;2018;8;13;6;3;1;5;0;1;1;0;0;0;0;0;797012,0549;5828557,13;13,3790361;52,52597873
9199;204181;11;1;1011401;2018;8;15;6;3;1;5;0;0;1;0;1;0;0;0;798456,2093;5829127,559;13,40077214;52,5303032
9200;204182;11;3;3061227;2018;8;19;1;3;5;3;0;1;1;0;0;0;0;0;800213,8154;5831583,387;13,42882346;52,55135035
9201;204183;11;5;5020625;2018;8;19;4;2;5;3;0;1;1;0;0;0;0;0;784405,4324;5828667,022;13,1938158;52,53368709
9202;204184;11;4;4051445;2018;8;18;3;3;5;3;0;1;1;0;0;0;0;0;792513,2709;5824504,932;13,30935211;52,49208434
9203;204185;11;1;1011303;2018;8;17;3;3;0;7;0;0;1;0;0;0;0;0;798884,7912;5828554,724;13,40655641;52,52493375
9204;204186;11;4;4030622;2018;8;17;3;3;5;2;0;1;1;0;0;0;0;0;792380,5783;5826705,976;13,30933589;52,51188726
9205;204187;11;3;3071536;2018;8;7;4;3;5;3;0;1;1;0;0;0;0;0;799223,8644;5829440,628;13,41233668;52,53268855
9206;204188;11;2;2020205;2018;8;23;3;3;0;1;2;0;0;0;1;0;0;0;798508,8233;5824520,523;13,39741373;52,48897847
9207;204189;11;10;10010311;2018;8;12;4;3;3;6;0;0;1;0;0;0;1;0;810723,9091;5831999,695;13,58373012;52,54918784