;OBJECTID;LAND;BEZ;LOR;UJAHR;UMONAT;USTUNDE;UWOCHENTAG;UKATEGORIE;UART;UTYP1;ULICHTVERH;IstRad;IstPKW;IstFuss;IstKrad;IstGkfz;IstSonstige;USTRZUSTAND;LINREFX;LINREFY;XGCSWGS84;YGCSWGS84
9208;204190;11;9;9020502;2018;8;17;3;3;2;2;0;0;1;0;0;0;0;0;809396,9269;5821481,903;13,55445015;52,45568567
9209;204191;11;4;4030622;2018;8;19;3;3;5;3;0;0;1;0;0;0;0;0;792382,8431;5826886,657;13,30952792;52,5135058
9210;204192;11;8;8020622;2018;8;16;3;3;0;7;0;0;1;0;0;0;0;0;801544,9972;5820581,046;13,4384346;52,45199949
9211;204193;11;8;8020619;2018;8;9;2;3;5;2;0;1;1;0;0;0;0;0;802610,0531;5820746,45;13,45420966;52,4528935
9212;204194;11;12;12302108;2018;8;11;4;3;6;7;0;0;1;1;0;0;0;0;794611,8373;5836424,216;13,3507443;52,59780327
9213;204195;11;9;9020601;2018;8;16;3;3;5;5;0;1;1;0;0;0;0;0;806719,5423;5821290,972;13,51499604;52,45548345
9214;204196;11;12;12103218;2018;8;11;4;3;0;6;0;0;1;0;0;0;1;0;794556,6517;5833543,661;13,34737137;52,57201142
9215;204197;11;2;2010101;2018;8;15;3;3;5;3;0;1;1;0;0;0;0;0;797369,1443;5826170,997;13,38215168;52,50439514
9216;204198;11;9;9020601;2018;8;15;3;2;5;2;1;1;1;0;0;0;0;0;806897,5463;5821381,193;13,51769038;52,45619212
9217;204199;11;4;4051550;2018;8;9;4;3;2;6;0;0;1;0;0;0;0;0;793181,4472;5824032,104;13,31874944;52,48748712
9218;204200;11;6;6030608;2018;8;15;3;3;5;3;0;1;1;0;0;0;0;0;791783,1524;5817828,219;13,29279185;52,43261858
9219;204201;11;5;5010314;2018;8;15;4;2;5;2;0;1;1;0;0;0;0;0;784509,5509;5828947,437;13,19558671;52,53614696
9220;204202;11;4;4030518;2018;8;10;4;3;1;5;0;1;0;0;0;0;1;0;791807,6813;5828322,685;13,30233618;52,52668755
9221;204203;11;10;10040828;2018;8;14;3;2;5;3;0;0;1;0;0;0;0;0;811915,5378;5829746,349;13,59913221;52,52831432
9222;204204;11;2;2020203;2018;8;16;4;3;1;5;0;1;1;0;0;0;1;0;797653,2581;5824586,043;13,38490885;52,49003294
9223;204205;11;9;9051801;2018;8;14;3;3;5;3;0;1;1;0;0;0;0;0;820706,8579;5819508,173;13,71844046;52,43148369
9224;204206;11;4;4030828;2018;8;19;1;3;0;6;0;0;1;0;0;0;1;0;792756,8924;5826109,073;13,31434023;52,50633438
9225;204207;11;12;12302108;2018;8;14;3;3;2;6;0;0;1;0;0;0;0;0;794482,0204;5837169,301;13,34949598;52,60455262
9226;204208;11;5;5010207;2018;8;20;4;2;6;4;2;0;1;1;0;0;0;0;783262,0481;5830286,465;13,17838523;52,54880283
9227;204209;11;6;6020411;2018;8;13;1;3;2;6;0;0;1;0;0;0;0;0;793364,657;5816238,423;13,31459362;52,41752051
9228;204210;11;3;3061430;2018;8;13;3;3;2;2;0;0;1;0;0;0;0;0;802328,892;5829223,816;13,45777621;52,52903197
9229;204211;11;9;9041501;2018;8;15;3;3;5;3;0;0;1;0;0;0;0;0;811437,1876;5820249,487;13,58323061;52,44348276
9230;204212;11;5;5010208;2018;8;19;1;3;0;1;0;0;0;0;1;0;0;0;783671,804;5829951,538;13,18412592;52,5455866
9231;204213;11;1;1011303;2018;8;16;1;3;0;1;0;0;0;0;1;0;0;0;799649,6141;5828694,214;13,41792175;52,52576426
9232;204214;11;1;1011102;2018;8;13;3;3;5;2;0;1;1;0;0;0;0;0;796577,9454;5827796,978;13,37197817;52,51940108
9233;204215;11;6;6030503;2018;8;8;1;3;5;2;0;0;1;0;1;0;0;0;790474,037;5817827,094;13,27358911;52,43330522
9234;204216;11;5;5020625;2018;8;8;1;3;5;3;0;1;0;0;0;0;1;0;784756,8372;5828618,17;13,19894062;52,5330656
9235;204217;11;2;2030301;2018;8;16;7;3;2;6;0;0;1;0;0;0;0;1;800228,6392;5826045,516;13,42404138;52,50170452
9236;204218;11;9;9020701;2018;8;13;3;2;5;3;0;0;1;0;1;0;0;0;808886,8171;5818366,773;13,54408757;52,42805644
9237;204219;11;11;11051229;2018;8;20;7;3;2;6;2;0;1;0;0;0;0;0;803733,3174;5826228,185;13,47568123;52,50140233
9238;204220;11;1;1044202;2018;8;20;7;3;3;2;1;0;1;0;0;0;0;0;795015,395;5830113,051;13,35107165;52,54101045
9239;204221;11;3;3061227;2018;8;17;3;2;5;2;0;0;1;0;1;0;0;0;799256,8081;5831440,532;13,41462234;52,55059649
9240;204222;11;4;4051653;2018;8;9;2;3;1;5;0;0;1;0;1;0;0;0;793995,2104;5824132,634;13,33078823;52,48795071
9241;204223;11;7;7040403;2018;8;18;4;3;5;3;0;1;1;0;0;0;0;0;797340,0416;5821870,485;13,37788796;52,46586148
9242;204224;11;6;6040703;2018;8;11;7;3;4;6;0;0;1;0;0;0;0;0;786518,1418;5818087,289;13,21578339;52,43772462
9243;204225;11;4;4020311;2018;8;13;3;3;2;6;0;0;1;0;0;0;0;0;789414,282;5826186,376;13,26529676;52,50881091
9244;204226;11;1;1022106;2018;8;21;3;3;5;3;2;1;1;0;0;0;0;0;793702,0623;5828015,469;13,32990871;52,52291626
9245;204227;11;3;3061332;2018;8;13;7;3;6;7;0;1;0;1;0;0;0;0;799295,335;5830776,415;13,41459035;52,54462256
9246;204228;11;1;1011202;2018;8;13;7;3;2;6;0;0;1;0;0;0;0;0;797696,8788;5827836,801;13,38845599;52,51914836
9247;204229;11;1;1011302;2018;8;12;3;3;1;5;0;1;1;0;0;0;0;0;798305,1013;5828958,538;13,39839951;52,52887087
9248;204230;11;8;8010301;2018;8;12;7;3;1;5;0;1;1;0;0;0;0;0;800800,9377;5825037,116;13,43153652;52,49235076
9249;204231;11;2;2030302;2018;8;8;2;2;1;5;0;0;1;0;1;0;0;0;800486,4322;5825973,624;13,42776292;52,50091824
9250;204232;11;11;11051332;2018;8;13;4;3;5;3;0;1;1;0;0;0;0;0;805886,7061;5824474,699;13,50569658;52,48448413
9251;204233;11;6;6030610;2018;8;11;7;3;2;2;0;0;1;0;0;0;0;0;792233,049;5818663,012;13,30012042;52,4398623
9252;204234;11;11;11020514;2018;8;12;3;2;1;7;0;1;1;0;0;0;0;0;804171,0248;5830650,924;13,48615393;52,54079784
9253;204235;11;9;9051702;2018;8;17;4;2;6;4;0;0;1;1;0;0;0;0;814520,9011;5820803,441;13,62897315;52,44668189
9254;204236;11;3;3050919;2018;8;10;7;3;6;2;0;0;1;1;0;0;0;0;801445,7752;5833145,631;13,44835706;52,56467238
9255;204237;11;4;4041240;2018;8;14;4;3;1;5;0;0;1;0;1;0;0;0;790929,4204;5822645,235;13,28446655;52,47625852
9256;204238;11;3;3061126;2018;8;8;7;3;2;6;0;0;1;0;0;0;1;0;799192,8829;5831774,949;13,41398371;52,55362913
9257;204239;11;12;12214422;2018;8;12;3;3;5;2;0;1;1;0;0;0;0;0;792292,8127;5833927,087;13,31440068;52,57666913
9258;204240;11;7;7060604;2018;8;17;4;3;0;5;0;0;1;0;0;0;0;0;796497,3639;5815889,093;13,36021367;52,41270097
9259;204241;11;3;3061228;2018;8;6;7;3;5;3;0;1;1;0;0;0;0;0;800329,2201;5831575,24;13,43051303;52,55121371
9260;204242;11;1;1011301;2018;8;18;3;3;1;5;0;0;1;0;1;0;0;0;797062,8927;5828256,775;13,37951496;52,52325869
9261;204243;11;4;4010102;2018;8;12;7;2;5;2;0;0;1;0;0;0;0;0;792250,0578;5830683,145;13,31091438;52,54761137
9262;204244;11;4;4020310;2018;8;11;7;3;2;6;0;0;1;0;0;0;0;0;790453,3962;5827317,998;13,28155228;52,5184037
9263;204245;11;1;1011105;2018;8;8;3;3;5;3;0;1;1;0;0;0;0;0;796122,1891;5826289,55;13,36393952;52,50613605
9264;204246;11;8;8010214;2018;8;18;7;3;2;2;1;0;1;0;0;0;0;1;801753,564;5822049,587;13,44282181;52,46504727
9265;204247;11;6;6020305;2018;8;10;4;3;5;3;0;1;1;0;0;0;0;0;795461,0457;5817838,003;13,34674263;52,43073218
9266;204248;11;3;3040512;2018;8;10;7;3;2;6;0;0;1;0;0;0;0;0;796978,3424;5835831,748;13,38505004;52,59120533
9267;204249;11;11;11020514;2018;8;11;3;3;5;3;0;1;1;0;0;0;0;0;804727,3301;5831202,269;13,49483708;52,54542845
9268;204250;11;5;5020524;2018;8;9;4;2;5;3;0;0;1;0;1;0;0;0;783814,4069;5826379,214;13,18317337;52,51348231
9269;204251;11;8;8010301;2018;8;17;7;3;5;3;0;1;0;0;0;0;0;0;800414,2219;5825122,29;13,42593452;52,49332718
9270;204252;11;11;11020513;2018;8;11;7;3;2;7;0;1;1;0;0;0;0;0;803124,6403;5830504,331;13,47063843;52,54006705
9271;204253;11;6;6020306;2018;8;11;3;3;5;2;0;0;1;0;1;0;0;0;795790,547;5816684,925;13,35055534;52,4202175
9272;204254;11;8;8010404;2018;8;17;7;3;2;2;0;0;1;0;0;0;0;0;801814,1117;5823625,372;13,44513604;52,47913787
9273;204255;11;7;7030303;2018;8;16;7;2;5;3;0;1;1;0;0;0;0;1;795366,1108;5822161,469;13,3491736;52,46954063
9274;204256;11;4;4030620;2018;8;16;7;3;6;2;0;0;1;1;0;0;0;0;792634,3605;5827078,546;13,31339246;52,51509114
9275;204257;11;3;3061228;2018;8;10;3;3;5;2;0;0;1;0;0;0;0;0;800297,4513;5831593,258;13,43006219;52,55139272
9276;204258;11;12;12301203;2018;8;9;4;3;2;6;0;0;1;0;0;1;0;0;793619,2036;5835217,915;13,33506172;52,58752651
9277;204259;11;1;1011401;2018;8;15;7;3;5;2;0;1;1;0;0;0;0;1;797488,9449;5829195,218;13,38661576;52,53143841
9278;204260;11;1;1011303;2018;8;10;3;3;0;1;0;0;0;0;1;0;0;0;798651,061;5828139,76;13,40274888;52,52134226
9279;204261;11;10;10020413;2018;8;16;4;2;5;3;0;1;1;0;0;0;0;0;811347,0419;5830414,812;13,59140516;52,53462956
9280;204262;11;10;10030724;2018;8;15;7;3;5;3;0;1;1;0;0;0;0;0;809411,8801;5828342,68;13,56103815;52,51716182
9281;204263;11;2;2050801;2018;8;15;7;3;5;3;0;0;1;0;1;0;0;0;803383,0709;5826834,583;13,47108976;52,50703219
9282;204264;11;5;5020625;2018;8;9;3;3;5;3;0;0;1;0;1;0;0;0;783800,0806;5828688,659;13,18493372;52,53419665
9283;204265;11;7;7040403;2018;8;15;7;3;2;6;0;0;1;0;0;0;1;1;797099,3105;5822136,403;13,37459154;52,46837613
9284;204266;11;11;11010102;2018;8;14;7;2;8;1;0;0;1;0;0;0;0;0;806184,1111;5834537,195;13,5193294;52,57449982
9285;204267;11;1;1011202;2018;8;8;3;3;3;2;0;1;0;0;0;1;0;0;797531,3442;5827574,364;13,38578885;52,51688627
9286;204268;11;1;1011302;2018;8;19;4;2;5;2;1;1;1;0;0;0;0;0;797956,5484;5828499,89;13,39286567;52,5249503
9287;204269;11;3;3061131;2018;8;14;7;3;1;5;0;1;1;0;0;0;0;0;798796,4562;5831076,246;13,40752534;52,54758393
9288;204270;11;1;1022201;2018;8;8;3;3;2;6;0;0;1;0;0;0;0;0;795081,9307;5829205,97;13,35124442;52,53284316
9289;204271;11;4;4020313;2018;8;14;7;3;5;2;0;0;1;0;0;0;0;0;790479,6827;5826698,545;13,28139778;52,51283628
9290;204272;11;2;2050803;2018;8;8;3;3;5;2;0;1;1;0;0;0;0;0;803093,8728;5826037,208;13,46611598;52,50004617
9291;204273;11;6;6040810;2018;8;8;4;3;5;3;0;1;1;0;0;0;0;0;792344,8295;5820808,597;13,30363809;52,45903753
9292;204274;11;4;4051653;2018;8;13;7;2;0;6;0;1;0;0;0;0;0;0;793967,9618;5824808,833;13,33098465;52,49402719
9293;204275;11;12;12214125;2018;8;8;3;3;6;4;0;1;0;1;0;0;0;0;791369,425;5833107,337;13,30009248;52,56981546
9294;204276;11;3;3061228;2018;8;15;4;2;5;3;0;1;0;0;0;0;0;0;800866,7209;5831071,087;13,43795976;52,5463983
9295;204277;11;12;12224230;2018;8;13;7;3;5;2;0;1;1;0;0;0;0;0;787288,4907;5836390,112;13,2428922;52,60141617
9296;204278;11;9;9010201;2018;8;13;7;3;2;6;0;0;1;0;0;0;0;0;802905,825;5824185,646;13,46167102;52,48355517
9297;204279;11;3;3040818;2018;8;8;3;2;5;2;0;1;1;0;0;0;0;0;799564,9681;5833164,515;13,42070963;52,56587977
9298;204280;11;2;2020206;2018;8;12;6;3;4;6;0;1;0;0;0;0;0;0;800162,2658;5824427,902;13,42160905;52,4872417
9299;204281;11;4;4020208;2018;8;15;6;3;5;3;0;0;1;0;0;0;0;0;786208,4871;5825977,238;13,21801082;52,50862724
9300;204282;11;7;7060603;2018;8;8;3;3;1;7;0;1;1;0;0;0;0;0;797641,7503;5817298,219;13,37824286;52,42471145
9301;204283;11;9;9020502;2018;8;0;2;3;1;1;2;0;1;0;0;0;1;0;809088,5741;5821552,355;13,54999184;52,4564915
9302;204284;11;7;7030301;2018;8;18;4;3;2;7;0;1;1;0;0;0;0;0;794021,1493;5821635,718;13,32896772;52,46555304
9303;204285;11;9;9041501;2018;8;22;6;3;2;6;2;0;1;0;0;0;0;0;811045,0809;5820290,794;13,57751868;52,4440761
9304;204286;11;1;1033101;2018;8;20;3;3;0;5;2;0;1;0;1;0;0;0;797414,9891;5832519,182;13,38850526;52,56127398
9305;204287;11;8;8010117;2018;8;23;6;3;2;6;2;0;1;0;0;0;0;0;800529,957;5823390,826;13,42607298;52,47774372
9306;204288;11;2;2010103;2018;8;21;6;3;2;2;2;1;1;0;0;0;0;0;799295,682;5826183,511;13,41046207;52,50345395
9307;204289;11;3;3061430;2018;8;17;3;3;2;2;0;1;1;0;0;0;0;0;802306,3836;5829214,926;13,45743734;52,52896477
9308;204290;11;10;10010204;2018;8;20;6;3;5;3;1;1;1;0;0;0;0;0;809363,923;5832992,913;13,56466276;52,55886264
9309;204291;11;4;4020311;2018;8;20;6;3;3;6;2;0;1;0;0;0;0;0;789829,513;5826308,723;13,27150437;52,50968732
9310;204292;11;11;11041128;2018;8;7;3;3;5;5;0;1;1;0;0;0;0;0;806590,0107;5825421,677;13,51689245;52,49257677
9311;204293;11;3;3050923;2018;8;18;6;3;6;4;0;0;1;1;0;0;0;0;800985,6682;5831689,637;13,4402692;52,55187674
9312;204294;11;12;12214424;2018;8;18;4;3;5;3;0;1;1;0;0;0;0;0;793394,9211;5832521,269;13,32937437;52,56347375
9313;204295;11;12;12214125;2018;8;18;6;3;5;3;0;1;1;0;0;0;0;0;790731,312;5834203,463;13,29166496;52,57998326
9314;204296;11;1;1044103;2018;8;7;3;3;5;2;0;0;1;0;0;0;1;0;794634,8315;5830511,844;13,34583013;52,54479124
9315;204297;11;2;2040502;2018;8;17;4;3;5;7;0;1;1;0;0;0;0;0;800428,0049;5828042,85;13,42877248;52,51949754
9316;204298;11;6;6030609;2018;8;18;6;3;5;2;0;0;1;0;0;0;0;0;793262,7597;5819090,186;13,31560059;52,44314061
9317;204299;11;4;4030931;2018;8;10;6;3;3;5;0;1;0;0;0;0;1;0;793530,5726;5825721,183;13,32536468;52,5024414
9318;204300;11;4;4030415;2018;8;17;6;3;5;7;0;0;1;0;0;0;1;0;791028,738;5827409,863;13,29008791;52,51892053
9319;204301;11;4;4041137;2018;8;6;3;3;2;7;0;1;0;0;0;0;1;0;790964,3462;5823112;13,28538662;52,48042449
9320;204302;11;5;5010313;2018;8;9;4;3;5;2;0;1;1;0;0;0;0;0;784272,2435;5830369,476;13,19331433;52,54902086
9321;204303;11;4;4030930;2018;8;17;6;3;2;6;0;0;1;0;0;0;0;0;792745,7774;5825471,887;13,3136167;52,50062816
9322;204304;11;11;11051331;2018;8;6;3;3;5;2;0;0;1;0;0;0;1;0;807350,1042;5825176,988;13,52782703;52,48995641
9323;204305;11;2;2010102;2018;8;5;3;3;5;3;1;1;1;0;0;0;0;0;798334,6931;5825630,883;13,39585108;52,49902663
9324;204306;11;11;11041128;2018;8;16;6;2;5;3;0;1;0;0;0;0;0;0;807010,7648;5825954,831;13,52356163;52,49711851
9325;204307;11;6;6040808;2018;8;11;4;3;0;7;0;0;0;0;0;0;1;0;790032,9903;5819786,592;13,26882055;52,4511068
9326;204308;11;4;4051551;2018;8;16;6;3;5;2;0;1;1;0;0;0;0;0;792832,7613;5823243,897;13,31293647;52,4806082
9327;204309;11;5;5020628;2018;8;11;2;2;0;2;0;0;1;0;0;0;0;0;783903,5934;5826602,67;13,18467475;52,51543944
9328;204310;11;5;5030832;2018;8;17;4;2;6;4;0;0;1;1;0;0;0;0;789013,4228;5830588,073;13,26323324;52,54848585
9329;204311;11;5;5040936;2018;8;15;6;3;5;3;0;1;1;0;0;0;0;0;780302,343;5821843,164;13,12773883;52,47462462
9330;204312;11;7;7040403;2018;8;13;6;3;5;3;0;1;0;0;1;0;0;1;797840,4205;5822205,041;13,38553049;52,46858787
9331;204313;11;1;1033101;2018;8;1;2;3;6;2;2;0;1;1;0;0;0;0;796410,0018;5832009,184;13,37326772;52,55725042
9332;204314;11;9;9010301;2018;8;13;6;3;5;2;0;0;1;0;0;0;0;0;804346,2368;5821754,804;13,4805996;52,46096729
9333;204315;11;2;2040701;2018;8;12;6;3;3;6;0;0;1;0;1;0;0;0;800381,2918;5827169,45;13,42729762;52,51169471
9334;204316;11;2;2010103;2018;8;15;2;3;0;3;0;1;0;0;0;0;1;1;799281,6423;5826219,694;13,41028837;52,50378598
9335;204317;11;1;1011101;2018;8;23;4;3;5;3;2;1;1;0;0;0;0;0;795055,5462;5826303,956;13,34828249;52,50684309
9336;204318;11;9;9020701;2018;8;12;6;3;5;3;0;0;1;0;1;0;0;1;807405,585;5818327,157;13,52233436;52,42853561
9337;204319;11;4;4010102;2018;8;23;2;3;5;2;2;0;1;0;0;0;0;0;793341,3771;5829716,431;13,32610873;52,53835873
9338;204320;11;3;3040513;2018;8;15;4;3;0;3;0;1;1;0;0;0;0;0;797406,6006;5833960,326;13,38967398;52,57419654
9339;204321;11;1;1033202;2018;8;12;6;3;5;2;0;1;1;0;0;0;0;0;797529,3353;5829430,651;13,38742017;52,53352674
9340;204322;11;12;12214125;2018;8;10;6;3;2;6;0;0;1;0;0;0;0;0;791187,4249;5830907,191;13,29548416;52,55018895
9341;204323;11;7;7010102;2018;8;23;2;3;6;2;2;0;1;1;0;0;0;0;795552,441;5825250,944;13,35464774;52,49713471
9342;204324;11;8;8010118;2018;8;16;4;3;6;4;0;0;1;1;0;0;0;0;800911,2657;5821915,65;13,43033991;52,46431126
9343;204325;11;4;4030620;2018;8;9;6;3;2;6;0;1;1;0;0;0;0;0;792724,1158;5827407,813;13,31500107;52,51799475
9344;204326;11;11;11010205;2018;8;9;6;3;5;2;0;1;1;0;0;0;0;0;806899,4339;5832630,983;13,52808853;52,55701349
9345;204327;11;8;8020619;2018;8;23;2;3;1;5;2;0;1;0;0;0;1;0;801511,5505;5820823,299;13,43816262;52,45418932
9346;204328;11;2;2040502;2018;8;8;6;3;6;4;0;1;0;1;0;0;0;0;800770,0091;5828490,768;13,43420278;52,52332381
9347;204329;11;10;10020620;2018;8;7;6;2;5;2;0;1;1;0;0;0;0;0;811322,9691;5829850,103;13,59052255;52,52958279
9348;204330;11;9;9020702;2018;8;22;2;3;2;2;2;0;1;0;1;0;0;0;809352,327;5819659,732;13,5521086;52,43938084
9349;204331;11;3;3061228;2018;8;1;4;3;0;1;2;0;0;0;1;0;0;0;800362,1556;5831018,452;13,43049373;52,54620493
9350;204332;11;3;3071536;2018;8;7;6;3;5;2;0;1;1;0;0;0;0;0;799169,4186;5830028,126;13,41206526;52,53798446
9351;204333;11;4;4020314;2018;8;21;2;3;0;7;2;0;0;0;1;0;1;1;789946,0517;5825099,57;13,27216373;52,49878512
9352;204334;11;10;10020414;2018;8;14;4;3;5;2;0;1;1;0;0;0;0;0;812185,6403;5830912,439;13,604196;52,53860919
9353;204335;11;8;8010214;2018;8;7;6;3;2;6;0;0;1;0;0;0;0;0;801200,1605;5822208,482;13,4348438;52,46677684
9354;204336;11;3;3020209;2018;8;7;6;3;5;7;0;1;1;0;0;0;0;0;797842,1128;5836055,794;13,39796474;52,59274129
9355;204337;11;9;9020502;2018;8;19;2;3;1;5;0;1;1;0;0;0;0;0;807220,3372;5822309,06;13,52327987;52,46432655
9356;204338;11;10;10040931;2018;8;7;6;3;5;3;0;0;1;0;0;0;0;0;814018,8594;5828964,065;13,62929701;52,52009706
9357;204339;11;3;3020210;2018;8;6;6;3;5;2;0;1;1;0;0;0;0;0;799184,1045;5835928,369;13,41760172;52,5908626
9358;204340;11;8;8020625;2018;8;9;2;3;2;6;0;0;1;0;0;0;0;0;801388,8181;5819236,577;13,43493045;52,44003471
9359;204341;11;9;9051901;2018;8;6;6;3;5;2;0;1;1;0;0;0;0;0;810885,8831;5821260,245;13,57608612;52,45285446
9360;204342;11;3;3040513;2018;8;6;6;3;5;3;0;1;1;0;0;0;0;0;798047,071;5833594,766;13,39876841;52,57056947
9361;204343;11;8;8010301;2018;8;19;2;3;5;2;0;0;1;0;1;0;0;0;801140,3229;5824104,478;13,43567752;52,48380417
9362;204344;11;11;11040926;2018;8;19;4;3;4;6;0;1;1;0;0;0;0;0;805101,5248;5826925,08;13,49641381;52,50688501
9363;204345;11;6;6030504;2018;8;6;6;3;5;2;0;0;1;0;0;0;0;0;790602,415;5816186,257;13,27404656;52,41852649
9364;204346;11;11;11040925;2018;8;19;2;3;0;1;2;1;0;0;0;0;0;0;803983,3808;5826771,36;13,47984971;52,5061314
9365;204347;11;3;3040614;2018;8;15;3;3;6;7;0;1;0;1;0;0;0;0;798187,7774;5833725,882;13,40095627;52,57166767
9366;204348;11;3;3071536;2018;8;6;6;3;5;3;1;1;1;0;0;0;0;0;799135,4178;5829207,293;13,41082668;52,5306456
9367;204349;11;2;2030302;2018;8;17;6;3;0;1;0;0;0;0;1;0;0;0;800735,5639;5826521,101;13,43191649;52,50568818
9368;204350;11;1;1011402;2018;8;18;2;2;0;7;0;0;0;0;1;0;0;0;798521,6818;5829136,214;13,40174221;52,53034493
9369;204351;11;6;6010102;2018;8;15;6;2;0;1;0;1;0;0;0;0;0;0;793342,8577;5820792,645;13,31827091;52,45835973
9370;204352;11;4;4030726;2018;8;13;4;3;5;3;0;1;1;0;0;0;0;0;791974,767;5825575,884;13,30238188;52,50197356
9371;204353;11;3;3071536;2018;8;16;6;3;0;1;0;1;0;0;0;0;0;0;799006,0335;5830080,917;13,40971096;52,53854732
9372;204354;11;7;7020203;2018;8;18;2;3;1;5;0;1;1;0;0;0;0;0;795132,5898;5823893,377;13,3472786;52,48519226
9373;204355;11;10;10030724;2018;8;17;4;3;2;6;0;0;1;0;0;0;0;0;809230,6425;5830220,804;13,56012213;52,53409575
9374;204356;11;5;5030832;2018;8;7;5;3;3;6;0;0;1;0;0;0;0;0;789879,6992;5829218,38;13,27477786;52,53574613
9375;204357;11;1;1011301;2018;8;17;5;3;0;6;0;1;1;0;0;0;0;0;797526,4635;5828750,273;13,38676904;52,52742954
9376;204358;11;2;2030401;2018;8;1;4;3;6;7;2;0;1;1;0;0;0;0;800577,8252;5825716,102;13,42887283;52,49855965
9377;204359;11;2;2020202;2018;8;9;5;3;0;2;0;1;1;0;0;0;0;0;797275,492;5825525,903;13,38020009;52,49866361
9378;204360;11;10;10010207;2018;8;19;3;3;0;4;0;0;1;1;0;0;0;0;808411,64;5831212,291;13,54900621;52,54344527
9379;204361;11;10;10020413;2018;8;9;5;3;0;6;0;0;0;0;0;0;1;0;811865,482;5830495,303;13,59909933;52,53505446
9380;204362;11;1;1011203;2018;8;18;5;3;5;3;1;1;0;0;1;0;0;0;797480,8304;5827289,664;13,38479208;52,51436182
9381;204363;11;6;6030607;2018;8;16;2;3;1;5;0;0;1;0;0;0;0;0;791176,5189;5815970,883;13,28227724;52,41629047
9382;204364;11;3;3040614;2018;8;16;5;3;6;4;0;0;1;1;0;0;0;0;799809,4296;5834734,633;13,42572499;52,57981856
9383;204365;11;1;1011203;2018;8;10;4;3;2;2;0;1;0;0;0;0;1;0;797558,0277;5827422,645;13,38604525;52,51551172
9384;204366;11;5;5020629;2018;8;16;5;3;5;2;0;1;0;0;0;0;0;0;785050,846;5826304,019;13,20127985;52,51216331
9385;204367;11;4;4010102;2018;8;16;2;3;3;6;0;0;1;0;1;0;0;0;793222,0806;5830098,262;13,32469182;52,54184586
9386;204368;11;5;5010204;2018;8;10;4;3;0;1;0;1;0;0;0;0;0;0;781205,6898;5831054,367;13,14878919;52,55675373
9387;204369;11;3;3040818;2018;8;19;5;2;1;5;0;1;1;0;0;0;0;0;798424,273;5832288,358;13,40314245;52,55865277
9388;204370;11;7;7040405;2018;8;19;5;3;5;3;0;0;1;0;0;0;0;0;799071,0488;5821704,541;13,40314424;52,46342927
9389;204371;11;4;4030415;2018;8;16;2;3;1;5;0;0;1;0;1;0;0;0;791170,7483;5827441,63;13,29220272;52,51912951
9390;204372;11;12;12103218;2018;8;19;5;3;5;2;0;1;1;0;0;0;0;0;794376,3618;5835502,95;13,34645892;52,58967241
9391;204373;11;8;8010118;2018;8;18;5;2;6;4;0;0;1;1;0;0;0;0;800966,0581;5822147,798;13,43135337;52,4663619
9392;204374;11;6;6030605;2018;8;16;2;3;5;7;0;0;1;0;0;0;0;0;792489,0702;5819650,88;13,30474093;52,44858157
9393;204375;11;12;12231101;2018;8;8;4;3;2;6;0;1;1;0;0;0;0;0;790506,7905;5837397,377;13,29116241;52,60873611
9394;204376;11;12;12103117;2018;8;18;5;3;2;6;1;0;1;0;0;0;0;0;796338,0838;5832786,16;13,37290383;52,5642543
9395;204377;11;3;3061430;2018;8;15;2;3;4;5;0;1;0;0;0;0;1;0;802128,9037;5830150,27;13,45567922;52,53744661
9396;204378;11;6;6020411;2018;8;9;4;3;5;3;0;1;1;0;0;0;0;0;795349,0168;5816124,758;13,3435871;52,41543437
9397;204379;11;6;6020303;2018;8;18;5;2;0;4;0;0;1;1;0;0;0;0;795713,5762;5818887,945;13,35137492;52,44000779
9398;204380;11;2;2010103;2018;8;15;2;3;5;3;0;1;1;0;0;0;0;0;799113,4849;5826264,92;13,40785896;52,50428357
9399;204381;11;3;3061429;2018;8;16;4;3;5;3;0;0;1;0;0;0;0;0;801716,578;5830799,012;13,45020746;52,54348971
9400;204382;11;9;9020701;2018;8;17;5;3;5;2;0;0;1;0;0;0;0;0;809059,9404;5818189,978;13,54646236;52,42637424
9401;204383;11;3;3061332;2018;8;17;5;3;5;3;0;1;1;0;0;0;0;0;799834,9203;5830808,008;13,42255198;52,54460907
9402;204384;11;10;10040933;2018;8;15;2;3;2;6;0;0;1;0;0;0;0;0;812896,275;5825998,41;13,61001883;52,49416691
9403;204385;11;1;1022101;2018;8;17;5;2;5;2;0;0;1;0;1;0;0;0;792600,0948;5828776,015;13,31438234;52,53032677
9404;204386;11;1;1033203;2018;8;20;5;3;5;2;1;0;1;0;1;0;0;0;796673,3838;5830235,681;13,37555693;52,54120953
9405;204387;11;1;1011102;2018;8;15;2;3;0;1;0;1;0;0;0;0;0;1;795419,7284;5827460,638;13,35465944;52,51701474
9406;204388;11;4;4010103;2018;8;19;4;3;0;6;0;0;1;0;0;0;0;0;791170,2086;5829181,861;13,29371871;52,53473081
9407;204389;11;12;12103117;2018;8;21;5;3;5;2;2;0;1;0;1;0;0;0;796662,5187;5832634,377;13,37754045;52,56271705