;OBJECTID;LAND;BEZ;LOR;UJAHR;UMONAT;USTUNDE;UWOCHENTAG;UKATEGORIE;UART;UTYP1;ULICHTVERH;IstRad;IstPKW;IstFuss;IstKrad;IstGkfz;IstSonstige;USTRZUSTAND;LINREFX;LINREFY;XGCSWGS84;YGCSWGS84
9408;204390;11;3;3061429;2018;8;15;2;3;2;6;0;1;1;0;0;0;0;0;801808,94;5830408,117;13,4512102;52,53993497
9409;204391;11;8;8040933;2018;8;15;3;2;5;3;0;1;1;0;0;0;0;0;803581,2858;5818629,658;13,46653534;52,43338231
9410;204392;11;1;1011301;2018;8;16;5;2;2;2;0;0;1;0;0;0;0;0;796908,7945;5829482,925;13,37834533;52,5343337
9411;204393;11;1;1011302;2018;8;16;5;3;6;4;0;1;0;1;0;0;0;0;798681,829;5828637,19;13,40364775;52,52578417
9412;204394;11;11;11030720;2018;8;6;2;3;2;6;0;0;1;0;0;0;1;0;805555,5033;5830060,836;13,50596225;52,53473475
9413;204395;11;4;4030827;2018;8;15;4;3;6;7;0;1;0;0;0;0;1;0;792183,0537;5826322,399;13,30609682;52,50855442
9414;204396;11;9;9051901;2018;8;13;5;2;5;3;0;0;0;0;0;1;1;0;812086,0524;5820969,485;13,59341882;52,44956502
9415;204397;11;2;2050801;2018;8;16;5;3;5;2;0;0;1;0;1;0;0;0;802697,9889;5827357,913;13,46150261;52,51210328
9416;204398;11;11;11030720;2018;8;7;2;3;0;7;0;1;1;0;0;0;0;0;805404,9507;5829110,02;13,50287607;52,52629756
9417;204399;11;9;9010202;2018;8;15;5;3;2;7;0;0;1;0;0;0;0;0;804688,8448;5823449,526;13,48717425;52,47596562
9418;204400;11;7;7060604;2018;8;14;5;3;5;2;0;0;1;0;0;0;0;0;795809,584;5816028,171;13,35025395;52,41431981
9419;204401;11;4;4010101;2018;8;15;2;3;5;2;0;0;1;0;0;0;0;1;791282,6525;5830680,488;13,29668576;52,54810568
9420;204402;11;4;4020311;2018;8;9;2;2;5;3;0;0;1;0;0;0;0;0;788960,1695;5826499,301;13,25889598;52,51185712
9421;204403;11;9;9020502;2018;8;18;4;3;2;6;0;0;1;0;0;0;0;0;808819,2591;5821599,631;13,54608462;52,45706741
9422;204404;11;5;5010314;2018;8;21;5;3;1;5;2;1;1;0;0;0;0;0;784608,6939;5829462,481;13,19748566;52,54071307
9423;204405;11;11;11010102;2018;8;6;3;3;5;3;0;1;1;0;0;0;0;0;806183,7895;5834997,358;13,51974962;52,57862403
9424;204406;11;7;7050501;2018;8;14;5;3;5;2;0;0;1;0;1;0;0;0;797592,8484;5818739,431;13,37880844;52,43765713
9425;204407;11;1;1011303;2018;8;14;5;3;6;4;0;0;0;1;1;0;0;0;798826,5206;5827716,22;13,40494676;52,51744969
9426;204408;11;8;8020619;2018;8;15;2;3;5;7;0;0;1;0;1;0;0;0;802795,4412;5820808,859;13,45698606;52,45335021
9427;204409;11;6;6020302;2018;8;14;5;3;4;6;0;0;1;1;0;0;1;0;794276,216;5819342,418;13,33069039;52,4448573
9428;204410;11;1;1044103;2018;8;13;4;3;2;6;0;0;1;0;0;0;1;0;794761,5004;5830944,894;13,34807697;52,54860468
9429;204411;11;8;8010214;2018;8;13;5;3;6;4;0;0;1;1;0;0;0;0;801034,7325;5822165,524;13,43237722;52,46648296
9430;204412;11;9;9041501;2018;8;13;5;3;2;6;0;0;1;0;1;0;0;0;811495,6069;5820305,791;13,58413983;52,44395406
9431;204413;11;7;7010102;2018;8;15;2;3;5;2;0;1;1;0;0;0;0;0;795009,2376;5825635,95;13,3470103;52,50087993
9432;204414;11;2;2010104;2018;8;12;5;3;5;2;0;0;1;0;1;0;0;0;799060,6218;5825597,055;13,40648268;52,49832609
9433;204415;11;12;12103218;2018;8;16;4;3;2;6;0;0;1;0;0;0;0;0;793961,6971;5835303,35;13,34017841;52,5881074
9434;204416;11;4;4051447;2018;8;11;5;3;1;5;0;1;1;0;0;0;0;0;793115,1235;5824998,752;13,31862585;52,4961884
9435;204417;11;4;4051447;2018;8;15;2;3;5;3;0;0;1;0;0;0;0;0;793217,178;5825211,514;13,32031213;52,49804092
9436;204418;11;3;3030406;2018;8;17;4;2;5;3;0;0;1;0;0;0;1;0;802649,3201;5838308,205;13,47077444;52,61027534
9437;204419;11;10;10040933;2018;8;8;5;3;0;3;0;0;0;0;0;0;1;0;812614,2183;5825283,981;13,60520756;52,48792641
9438;204420;11;12;12301203;2018;8;9;5;3;0;7;0;0;1;0;1;0;0;0;793954,134;5835299,828;13,34006397;52,58807992
9439;204421;11;3;3061434;2018;8;9;5;3;0;4;0;1;0;1;0;0;0;0;801365,3585;5829701,622;13,44404878;52,5338481
9440;204422;11;8;8010510;2018;8;15;2;3;5;3;0;0;1;0;1;0;0;0;802167,4817;5822461,047;13,4492687;52,46850649
9441;204423;11;1;1033202;2018;8;8;5;3;4;6;0;0;1;0;1;0;0;0;797467,6565;5829965,169;13,38699198;52,5383517
9442;204424;11;9;9020501;2018;8;10;4;3;5;2;0;1;1;0;0;0;0;0;806153,8844;5822121,442;13,50745898;52,46324359
9443;204425;11;1;1011401;2018;8;19;5;3;0;7;0;1;0;0;0;0;0;0;797818,3543;5829105,888;13,39137753;52,53045781
9444;204426;11;3;3051017;2018;8;14;2;3;5;2;0;0;1;0;1;0;0;0;803451,4953;5832812,778;13,47755262;52,56057497
9445;204427;11;12;12301203;2018;8;6;4;3;0;1;0;0;0;0;1;0;0;0;792994,7685;5835644,429;13,32624825;52,59168664
9446;204428;11;8;8010510;2018;8;12;5;2;0;7;0;0;1;0;0;0;0;0;802327,8577;5822097,753;13,45129328;52,46516153
9447;204429;11;12;12304314;2018;8;14;2;3;2;6;0;0;1;0;1;0;0;0;790399,942;5835925,209;13,28829745;52,59559546
9448;204430;11;9;9020701;2018;8;11;4;3;3;6;0;0;1;0;0;0;0;0;809180,3755;5818321,166;13,54834923;52,42748191
9449;204431;11;3;3030406;2018;8;19;5;2;0;1;0;1;0;0;0;0;0;0;802806,1436;5837950,65;13,47275621;52,60698338
9450;204432;11;2;2010103;2018;8;8;5;3;0;7;0;1;0;0;0;0;1;1;799816,62;5825747,747;13,41772159;52,49926201
9451;204433;11;1;1044202;2018;8;14;2;2;0;7;0;1;0;0;0;0;0;0;795430,0705;5830625,776;13,35762432;52,54538191
9452;204434;11;1;1011103;2018;8;21;5;3;0;1;2;1;0;0;0;0;0;1;795970,4095;5825957,363;13,3614145;52,50324064
9453;204435;11;4;4030931;2018;8;8;5;3;2;4;0;0;1;1;0;0;0;0;793992,8128;5826148,375;13,33253216;52,5060221
9454;204436;11;12;12214125;2018;8;14;2;3;8;1;0;0;0;0;0;0;1;0;791547,2501;5834017,475;13,30350906;52,57787937
9455;204437;11;3;3051022;2018;8;9;4;3;2;6;0;0;1;0;0;0;0;0;803254,5305;5831474,164;13,47343316;52,54868712
9456;204438;11;5;5020625;2018;8;8;5;3;5;3;0;0;1;0;0;0;0;0;784468,0915;5828749,726;13,19480787;52,53439592
9457;204439;11;4;4041342;2018;8;14;2;2;5;2;0;0;1;0;1;0;0;1;792526,423;5822919,654;13,30815402;52,47786561
9458;204440;11;1;1022101;2018;8;8;4;3;3;6;0;0;0;0;1;0;1;0;793361,4514;5828242,637;13,3251032;52,52513608
9459;204441;11;2;2010103;2018;8;8;5;3;0;7;0;1;0;0;0;0;1;1;799814,8677;5825748,449;13,41769648;52,49926927
9460;204442;11;5;5030731;2018;8;8;5;3;5;2;0;0;1;0;0;0;0;0;786963,6512;5829594,783;13,23222891;52,54066411
9461;204443;11;7;7010102;2018;8;14;2;3;5;3;0;1;1;0;0;0;0;0;794976,7162;5825071,059;13,3460323;52,49583364
9462;204444;11;4;4030621;2018;8;8;5;3;5;2;0;1;1;0;0;0;0;0;793197,3236;5827784,433;13,32228695;52,52111677
9463;204445;11;4;4041238;2018;8;7;5;3;0;3;0;1;1;0;0;0;0;0;791676,3441;5823237,905;13,29595125;52,48117339
9464;204446;11;4;4020310;2018;8;13;2;3;2;6;0;0;1;0;0;0;0;0;790196,5966;5827301,566;13,27776395;52,51839311
9465;204447;11;10;10010309;2018;8;7;5;3;5;3;0;1;1;0;0;0;0;0;808579,9956;5830163,197;13,5505067;52,53394823
9466;204448;11;4;4051448;2018;8;12;2;3;2;6;0;0;1;0;1;0;0;0;793981,7107;5825089,063;13,33143388;52,4965319
9467;204449;11;9;9010402;2018;8;7;5;3;5;2;0;0;1;0;1;0;0;0;806938,6018;5820089,112;13,51710539;52,44458904
9468;204450;11;1;1011301;2018;8;6;5;3;0;7;0;1;0;0;0;0;0;0;797336,9665;5828986,868;13,38419555;52,52965373
9469;204451;11;2;2040701;2018;8;12;2;3;5;2;0;1;1;0;0;0;0;0;800718,0341;5827873,451;13,43288093;52,51781931
9470;204452;11;4;4010101;2018;8;22;4;3;5;3;2;0;1;0;0;0;0;0;789756,1916;5829873,961;13,27353374;52,54168918
9471;204453;11;2;2050801;2018;8;5;5;2;3;2;0;1;0;0;0;1;0;0;802145,725;5827550,494;13,45356431;52,51413557
9472;204454;11;12;12214422;2018;8;12;2;3;5;3;0;0;1;0;0;0;0;0;792212,4193;5833126,473;13,31251217;52,56953511
9473;204455;11;4;4041136;2018;8;14;4;3;5;2;0;0;1;0;0;0;0;0;790688,312;5822694,722;13,28096969;52,47683056
9474;204456;11;1;1011303;2018;8;5;5;2;6;4;2;0;0;1;1;0;0;0;799464,8571;5828806,894;13,41530803;52,52687577
9475;204457;11;5;5030730;2018;8;10;5;3;5;2;0;1;1;0;0;0;0;0;786437,8609;5831100,392;13,22579598;52,55443955
9476;204458;11;8;8020620;2018;8;7;2;3;5;2;0;1;1;0;0;0;0;0;801271,9332;5820509,119;13,43436357;52,45150534
9477;204459;11;12;12224230;2018;8;5;4;3;5;7;1;1;1;0;0;0;0;0;787059,9406;5838241,966;13,24113348;52,61813948
9478;204460;11;7;7020204;2018;8;7;2;3;5;7;0;1;1;0;0;0;0;0;796340,7636;5822929,405;13,36416215;52,4758967
9479;204461;11;10;10030726;2018;8;11;2;2;6;2;0;0;0;1;0;0;1;0;808912,2781;5827234,776;13,55267047;52,50751623
9480;204462;11;12;12103219;2018;8;7;4;3;5;2;0;0;1;0;0;0;0;0;795613,5108;5833077,364;13,36250491;52,56725856
9481;204463;11;3;3020307;2018;9;16;2;2;5;3;0;0;1;0;1;0;0;0;800130,8408;5837699,114;13,43314037;52,60621246
9482;204464;11;5;5030833;2018;8;6;5;3;3;6;1;0;1;0;0;0;0;0;788101,0989;5829360,326;13,24875101;52,53796189
9483;204465;11;1;1011401;2018;9;23;2;3;0;1;2;1;0;0;0;0;0;0;798302,5929;5829372,194;13,39873383;52,53258011
9484;204466;11;4;4031032;2018;9;17;2;3;5;2;0;0;1;0;1;0;0;0;790958,544;5824828,662;13,28680019;52,49581754
9485;204467;11;7;7020201;2018;8;7;5;2;5;5;0;1;1;0;0;0;0;1;794848,0226;5823988,676;13,34318434;52,48620031
9486;204468;11;6;6020301;2018;8;15;5;3;5;3;0;0;1;0;0;0;1;1;796335,9946;5818291,689;13,35997634;52,43432589
9487;204469;11;4;4010102;2018;9;13;2;3;5;3;0;0;1;0;0;0;0;0;792501,5792;5830681,107;13,31461129;52,54745811
9488;204470;11;3;3030716;2018;8;9;5;2;4;1;0;0;1;0;0;0;0;1;802324,0961;5835353,709;13,46328872;52,58397595
9489;204471;11;7;7050505;2018;9;16;2;3;1;5;0;0;1;0;0;0;0;0;799186,9569;5817526,903;13,40110444;52,42591864
9490;204472;11;6;6030504;2018;8;13;5;3;2;6;0;0;1;0;0;1;0;1;790611,1733;5815213,91;13,27333074;52,40980445
9491;204473;11;8;8010508;2018;9;14;2;3;8;1;0;0;0;0;1;0;0;0;802758,7491;5822966,75;13,45840515;52,47271178
9492;204474;11;6;6040703;2018;9;15;2;3;8;1;0;0;1;0;0;0;0;0;784601,2396;5819923,902;13,18922518;52,45519305
9493;204475;11;11;11051229;2018;8;11;5;3;5;2;0;0;1;0;0;0;0;1;804077,6702;5825988,16;13,48051947;52,49905929
9494;204476;11;6;6040701;2018;8;12;5;3;5;2;0;0;1;0;0;0;0;1;779431,306;5815033,806;13,10925267;52,41401069
9495;204477;11;5;5010313;2018;8;11;5;2;2;6;0;0;1;0;0;0;0;1;784654,3592;5829705,038;13,19836502;52,54286398
9496;204478;11;7;7040403;2018;9;13;2;3;5;3;0;1;0;0;0;0;0;0;797850,3133;5821887,113;13,38539191;52,46573261
9497;204479;11;6;6010210;2018;9;13;2;3;5;3;0;1;1;0;0;0;0;0;795250,214;5821079,374;13,34651504;52,45990299
9498;204480;11;4;4010102;2018;8;10;5;3;5;3;0;0;1;0;0;0;0;0;792115,5951;5830672,816;13,30892797;52,54759089
9499;204481;11;3;3030405;2018;8;8;5;2;5;5;0;0;1;0;0;0;0;0;803670,0664;5839614,01;13,4870016;52,62140926
9500;204482;11;5;5020523;2018;9;13;2;2;1;5;0;1;1;0;0;0;0;0;782787,4367;5826749,041;13,16839467;52,51733175
9501;204483;11;12;12302107;2018;8;9;5;3;9;1;0;0;1;0;0;0;0;1;793843,4148;5836157,826;13,33919551;52,59583105
9502;204484;11;8;8010508;2018;8;10;1;3;0;4;0;1;0;1;0;0;0;0;802951,3326;5822832,42;13,4611098;52,47140101
9503;204485;11;4;4030415;2018;9;13;2;3;2;6;0;0;1;0;1;0;0;0;791695,3222;5827527,319;13,29998706;52,51961736
9504;204486;11;4;4030931;2018;8;23;5;3;5;2;2;0;1;0;1;0;0;1;794324,6649;5825591,647;13,33691528;52,50085244
9505;204487;11;6;6030610;2018;9;12;2;3;6;4;0;0;1;1;0;0;0;0;792427,2731;5818410,823;13,30274897;52,43749762
9506;204488;11;2;2030301;2018;9;12;2;3;0;2;0;1;1;0;0;0;0;0;799901,5317;5825710,76;13,41893539;52,49888383
9507;204489;11;2;2050802;2018;8;21;5;3;1;1;2;1;1;0;0;0;0;1;802087,5449;5827155,758;13,45235126;52,51062976
9508;204490;11;9;9051801;2018;8;21;5;3;5;3;2;0;1;0;0;0;0;1;820379,5322;5819541,902;13,71367466;52,43197768
9509;204491;11;4;4030621;2018;9;11;2;3;2;7;0;0;1;0;1;0;0;0;793164,4619;5827771,672;13,32179276;52,52102004
9510;204492;11;2;2020204;2018;8;20;5;3;0;3;2;0;1;0;0;0;1;1;798490,3296;5825231,356;13,39777897;52,49536028
9511;204493;11;3;3040512;2018;8;19;5;3;2;6;1;1;1;0;0;0;0;0;795792,5952;5835150,196;13,36698874;52,58574207
9512;204494;11;5;5020417;2018;9;10;2;3;5;3;0;0;1;0;0;0;0;0;782847,5618;5828575,215;13,17083179;52,53367465
9513;204495;11;2;2040703;2018;9;10;2;3;5;2;0;1;0;0;0;1;0;0;801759,9411;5826240,973;13,44670947;52,50261179
9514;204496;11;4;4030621;2018;8;19;5;3;5;2;2;1;1;0;0;0;0;1;793406,9706;5827394,433;13,325024;52,51750784
9515;204497;11;8;8041038;2018;9;10;2;2;5;2;0;1;1;0;0;0;0;0;806240,2452;5816366,785;13,50345419;52,41161925
9516;204498;11;1;1022106;2018;9;9;2;3;5;3;0;1;1;0;0;0;0;0;794028,6231;5828245,738;13,33491166;52,52480448
9517;204499;11;11;11051332;2018;9;5;2;3;3;6;2;1;1;0;0;0;0;0;807240,4675;5824212,893;13,52532873;52,48137775
9518;204500;11;1;1011304;2018;8;18;5;3;2;6;0;0;1;0;1;0;0;1;799872,6449;5828568,921;13,42108642;52,52451859
9519;204501;11;2;2010102;2018;9;8;2;3;1;5;0;1;1;0;0;0;0;0;797790,0978;5826442,539;13,38857814;52,50659961
9520;204502;11;8;8020622;2018;9;9;2;3;5;7;0;0;1;0;0;0;0;0;801305,9856;5819543,389;13,43399216;52,44283041
9521;204503;11;5;5010101;2018;8;18;5;3;6;4;0;0;1;1;0;0;0;1;785514,4899;5831784,293;13,21280199;52,56105613
9522;204504;11;10;10010311;2018;8;18;5;3;2;1;0;0;1;0;0;0;0;1;810337,1878;5830961,157;13,57707486;52,5401015
9523;204505;11;2;2010101;2018;9;8;2;2;3;6;0;1;0;0;0;0;0;0;797635,858;5826375,836;13,38625269;52,50608586
9524;204506;11;2;2030302;2018;8;18;5;3;2;6;1;0;1;0;1;0;0;1;800393,2962;5825793,545;13,42623255;52,4993554
9525;204507;11;4;4030930;2018;9;8;2;3;0;3;0;1;0;0;1;0;0;0;793287,7061;5825643,309;13,32172836;52,50187389
9526;204508;11;5;5030731;2018;9;8;2;2;5;2;0;0;1;0;1;0;0;0;787586,5642;5829935,258;13,24168325;52,54338822
9527;204509;11;1;3071536;2018;8;17;5;3;0;3;0;1;1;0;0;0;0;1;799081,7838;5829023,418;13,40987296;52,52902687
9528;204510;11;6;6030609;2018;9;8;2;3;5;2;0;1;0;0;0;1;0;0;793277,0318;5819083,822;13,31580438;52,4430759
9529;204511;11;3;3061131;2018;9;7;2;2;3;6;0;1;0;0;0;0;0;0;798947,1324;5830383,573;13,4091174;52,54129249
9530;204512;11;3;3010102;2018;8;17;5;2;0;3;0;0;1;0;1;0;0;1;804591,8658;5840650,562;13,5015314;52,63018314
9531;204513;11;1;1011204;2018;8;16;5;3;5;3;0;0;1;0;0;0;0;0;798204,7565;5826821,002;13,39500856;52,50976556
9532;204514;11;9;9020501;2018;9;7;2;3;3;2;0;1;1;0;0;0;0;0;806506,3812;5822584,909;13,51305693;52,46719975
9533;204515;11;1;1022206;2018;8;20;5;2;0;1;2;1;0;0;0;0;0;0;796476,8285;5828242,091;13,37088903;52,52344605
9534;204516;11;2;2010103;2018;8;18;5;3;0;1;0;0;0;0;1;0;0;1;799057,605;5826304,987;13,40707412;52,50467335
9535;204517;11;5;5020524;2018;8;17;5;3;0;1;0;0;0;0;1;0;0;1;783638,8622;5825885,993;13,18017311;52,50915129
9536;204518;11;10;10010308;2018;9;8;2;3;0;4;0;0;0;1;1;0;0;0;806797,9987;5830327,736;13,52446948;52,53642878
9537;204519;11;12;12301203;2018;8;11;5;3;5;2;0;0;1;0;0;0;1;1;793042,954;5835174,589;13,32654192;52,58744885
9538;204520;11;1;1011402;2018;8;6;5;3;5;7;0;1;0;0;0;0;1;0;798566,5343;5829237,024;13,40249199;52,53122399
9539;204521;11;5;5010314;2018;9;7;2;3;5;7;0;0;1;0;1;0;0;0;783640,4796;5829143,158;13,182975;52,53835485
9540;204522;11;1;1033201;2018;8;12;1;3;2;6;0;1;0;0;0;0;0;0;798096,1512;5830002,067;13,39626437;52,53833902
9541;204523;11;2;2010104;2018;9;7;2;3;5;2;0;0;1;0;0;0;0;0;799069,5462;5825613,812;13,40662879;52,4984714
9542;204524;11;6;6010209;2018;8;13;4;3;0;3;0;0;1;0;0;0;1;0;794410,7655;5821496,964;13,33456393;52,46409937
9543;204525;11;8;8020619;2018;9;7;2;3;5;3;0;1;1;0;0;0;0;0;801622,0301;5821707,844;13,44058267;52,46205677
9544;204526;11;12;12103115;2018;9;7;2;3;2;6;0;1;1;0;0;0;0;0;795462,6285;5833856,232;13,36097917;52,57432227
9545;204527;11;1;1044203;2018;8;18;4;2;3;6;0;0;1;0;1;0;0;0;795315,4877;5831432,983;13,35665738;52,55267993
9546;204528;11;10;10020414;2018;8;19;4;3;5;2;1;0;1;0;1;0;0;0;812195,1377;5830919,396;13,60434212;52,53866609
9547;204529;11;5;5020523;2018;9;7;2;3;5;2;0;1;1;0;0;0;0;0;782383,5078;5827030,947;13,16269701;52,52006876
9548;204530;11;2;2030401;2018;8;22;4;3;5;3;2;1;1;0;0;0;0;0;800640,6218;5825686,59;13,42976847;52,49826054
9549;204531;11;5;5010207;2018;8;13;1;3;5;3;0;1;1;0;0;0;0;0;782816,5443;5830407,664;13,1719358;52,55012102
9550;204532;11;3;3061430;2018;9;7;2;3;0;1;0;1;0;0;0;0;0;0;802275,917;5829279,136;13,45704797;52,52955718
9551;204533;11;6;6010209;2018;8;20;4;3;0;7;1;0;1;0;1;0;0;0;794263,4238;5821694,461;13,33257553;52,46594921
9552;204534;11;3;3061430;2018;9;6;2;3;5;2;0;1;1;0;0;0;0;0;802331,5254;5829224,894;13,45781589;52,52904017
9553;204535;11;2;2030302;2018;9;5;2;2;6;2;2;0;1;1;0;0;0;1;800745,3027;5826524,786;13,43206287;52,50571584
9554;204536;11;9;9010202;2018;8;20;4;3;5;2;2;0;1;0;0;0;0;0;804105,9097;5823594,816;13,47875032;52,47759269
9555;204537;11;4;4030623;2018;9;6;2;3;4;1;0;0;1;0;0;0;0;1;793858,917;5826822,992;13,33116067;52,51214183
9556;204538;11;12;12302211;2018;8;19;4;3;0;3;1;0;1;0;1;0;0;0;793745,1142;5837241,11;13,3387096;52,605595
9557;204539;11;12;12224230;2018;9;5;2;3;5;3;0;0;1;0;1;0;0;0;786362,8387;5836915,171;13,22971632;52,60661192
9558;204540;11;1;1011301;2018;9;15;2;3;3;6;0;1;0;0;0;0;1;0;797618,4987;5828308,554;13,38772636;52,52341984
9559;204541;11;3;3051017;2018;8;17;4;3;5;2;0;0;1;0;0;0;0;0;802826,021;5832948,798;13,46847816;52,56214229
9560;204542;11;1;1044203;2018;9;17;2;3;5;3;0;1;1;0;0;0;0;0;795598,6333;5830994,917;13,36043137;52,54859949
9561;204543;11;3;3061430;2018;8;19;4;2;6;2;0;0;0;1;0;1;0;0;802304,1759;5829214,09;13,45740413;52,5289585
9562;204544;11;1;1022206;2018;8;18;4;3;6;4;0;0;1;1;0;0;0;0;796274,3576;5828509,754;13,36815195;52,52595544
9563;204545;11;8;8010117;2018;9;20;2;2;6;4;2;0;0;1;1;0;0;0;800703,8879;5822908,501;13,42819139;52,47332473
9564;204546;11;9;9020602;2018;8;16;4;3;0;1;0;1;0;0;0;0;0;0;807278,4098;5820497,507;13,52246492;52,44805834
9565;204547;11;1;1033101;2018;9;18;1;3;2;6;0;0;1;0;0;0;0;0;797664,742;5832844,03;13,39247014;52,56404933
9566;204548;11;3;3030405;2018;8;16;4;3;2;2;0;0;1;0;0;0;0;0;803739,6659;5839254,873;13,48769672;52,61815163
9567;204549;11;2;2010104;2018;9;19;1;3;5;3;0;1;0;0;0;0;0;0;799441,043;5825659,768;13,41212629;52,49867962
9568;204550;11;3;3061228;2018;9;20;1;3;5;2;2;1;0;0;0;0;1;0;800193,6489;5830930,477;13,42793673;52,54550926
9569;204551;11;7;7010102;2018;8;15;4;3;1;5;0;1;1;0;0;0;0;0;795000,4728;5825415,559;13,34668633;52,498909
9570;204552;11;6;6020301;2018;8;15;4;3;5;3;0;0;1;0;0;0;1;0;796470,6323;5818339,935;13,36199381;52,43468542
9571;204553;11;1;1011301;2018;9;20;1;3;6;4;2;1;0;1;0;0;0;0;797544,0127;5828109,342;13,38645351;52,52167479
9572;204554;11;11;11051330;2018;8;15;4;3;5;3;0;0;1;0;0;0;0;0;807086,5309;5824835,29;13,52364242;52,48704237
9573;204555;11;6;6020410;2018;8;14;4;3;5;3;0;0;1;0;0;0;0;0;794316,62;5816909,457;13,32914135;52,42302502
9574;204556;11;4;4030620;2018;8;14;4;3;5;2;0;1;1;0;0;0;0;0;791902,0853;5827433,701;13,30294354;52,51866744
9575;204557;11;4;4030827;2018;9;18;1;3;5;7;0;0;0;0;1;0;1;0;792746,6192;5826674,859;13,31468691;52,51141198
9576;204558;11;1;1011304;2018;9;5;1;3;5;2;2;0;1;0;0;0;0;0;799735,7023;5827564,429;13,41816886;52,51559021
9577;204559;11;8;8020727;2018;8;14;4;3;1;6;0;0;1;0;1;0;0;0;800766,3205;5816944,697;13,42373882;52,4198342
9578;204560;11;9;9030903;2018;9;10;1;3;5;3;0;0;1;0;1;0;0;0;808820,5502;5815656,088;13,54061496;52,40380052
9579;204561;11;5;5030730;2018;9;14;1;3;2;6;0;0;1;0;0;0;0;0;785740,3455;5829286,715;13,21397543;52,53854492
9580;204562;11;9;9051901;2018;8;14;4;3;5;2;0;1;1;0;0;0;0;0;812049,6506;5821314,216;13,59320697;52,45267506
9581;204563;11;2;2020204;2018;8;14;4;3;6;4;0;0;1;1;0;0;0;0;798902,9756;5825241,899;13,40384861;52,49522896
9582;204564;11;8;8041037;2018;9;14;1;3;5;3;0;1;0;0;0;0;0;0;805532,5148;5818568,594;13,495092;52,43174871
9583;204565;11;4;4031032;2018;8;14;4;3;0;2;0;0;1;0;0;0;1;0;791017,9721;5824861,863;13,28770211;52,4960835
9584;204566;11;2;2010103;2018;8;13;4;3;5;3;0;0;1;0;0;0;0;0;799550,0015;5825855,056;13,41390222;52,50037029
9585;204567;11;9;9010302;2018;9;15;1;3;5;3;0;0;0;0;1;0;1;0;805214,0149;5820581,059;13,49225964;52,44996352
9586;204568;11;1;1033102;2018;9;14;1;3;6;7;0;1;0;1;0;0;0;0;797202,2269;5831350,846;13,38432977;52,55091745
9587;204569;11;9;9010302;2018;8;12;4;3;5;3;0;1;1;0;0;0;0;0;803051,8557;5820920,869;13,46084958;52,45421207
9588;204570;11;4;4030828;2018;9;13;1;2;5;7;0;0;1;0;0;0;0;1;792973,5423;5826097,513;13,31751297;52,50611444
9589;204571;11;3;3061430;2018;8;12;4;3;5;3;0;1;1;0;0;0;0;0;802309,7269;5829229,594;13,45749981;52,52909438
9590;204572;11;1;1044201;2018;9;3;1;3;0;7;2;1;0;0;0;0;0;0;796838,2716;5831499,071;13,37911028;52,55244458
9591;204573;11;3;3040614;2018;9;4;1;2;0;1;2;1;0;0;0;0;0;0;797527,2869;5833258,475;13,39081996;52,56783942
9592;204574;11;1;1044201;2018;8;12;4;3;0;6;0;1;1;0;0;0;0;0;796883,7351;5831553,273;13,37982731;52,55290566
9593;204575;11;2;2050601;2018;9;12;7;3;5;3;0;1;1;0;0;0;0;0;801966,6973;5829025,696;13,45227333;52,52745697
9594;204576;11;3;3040614;2018;9;11;7;3;2;7;0;0;1;0;1;0;0;0;798389,9811;5833054,453;13,40332701;52,56553849
9595;204577;11;12;12214125;2018;8;11;4;3;2;6;0;0;1;0;0;0;0;0;792039,1733;5831766,144;13,30876588;52,55743321
9596;204578;11;6;6020410;2018;8;10;4;3;1;5;0;1;1;0;0;0;1;0;794361,5546;5817605,865;13,33041313;52,42924388
9597;204579;11;1;1044201;2018;9;23;7;3;4;6;2;1;1;0;0;0;0;0;796161,3273;5830771,426;13,36850628;52,54629049
9598;204580;11;6;6030501;2018;8;10;4;2;1;5;0;1;0;0;0;1;0;0;787583,3167;5817011,925;13,23048493;52,42752408
9599;204581;11;7;7070701;2018;8;9;4;2;6;4;0;0;1;1;0;0;0;0;798717,146;5816025,989;13,39287562;52,41272133
9600;204582;11;3;3061126;2018;9;13;7;3;2;6;0;1;0;0;0;0;0;0;798327,548;5831438,307;13,40095597;52,55108627
9601;204583;11;5;5010314;2018;8;17;1;3;5;2;0;0;1;0;0;0;1;0;784782,4388;5828810,215;13,19948158;52,53477409
9602;204584;11;2;2020206;2018;9;15;7;3;6;4;0;1;0;1;0;0;0;0;800305,5919;5824558,448;13,42383114;52,48833302
9603;204585;11;1;1022207;2018;8;9;4;3;5;3;0;1;1;0;0;0;0;0;794875,4582;5827726,938;13,34689773;52,51969648
9604;204586;11;1;1022105;2018;9;18;7;3;4;5;0;0;1;0;1;0;0;0;793770,651;5828321,072;13,3311867;52,52561887
9605;204587;11;4;4030518;2018;8;9;4;3;6;4;0;1;0;1;0;0;0;0;791784,0587;5828216,793;13,30189604;52,52575089
9606;204588;11;3;3071638;2018;8;8;4;3;0;1;0;0;0;0;1;0;0;0;799661,7174;5829001,895;13,41837691;52,52851548
9607;204589;11;2;2040501;2018;9;19;7;3;0;6;1;1;1;0;0;0;0;0;800443,5871;5828720,914;13,42961395;52,52556663