;OBJECTID;LAND;BEZ;LOR;UJAHR;UMONAT;USTUNDE;UWOCHENTAG;UKATEGORIE;UART;UTYP1;ULICHTVERH;IstRad;IstPKW;IstFuss;IstKrad;IstGkfz;IstSonstige;USTRZUSTAND;LINREFX;LINREFY;XGCSWGS84;YGCSWGS84
9608;204590;11;11;11010309;2018;8;8;4;3;0;3;0;0;1;0;0;0;1;0;804694,5098;5833956,938;13,49688332;52,5701353
9609;204591;11;1;1022106;2018;8;8;4;3;5;2;0;0;1;0;1;0;0;0;794566,0883;5828341,696;13,34289588;52,52537457
9610;204592;11;1;1022104;2018;9;17;7;2;3;6;0;0;1;0;1;0;0;0;794554,8758;5829022,707;13,34333443;52,53148542
9611;204593;11;11;11040926;2018;8;7;4;2;6;4;0;0;1;1;0;0;0;0;806597,9694;5826880,655;13,51835233;52,50564801
9612;204594;11;2;2010103;2018;9;18;7;2;1;5;0;1;1;0;0;0;0;0;799049,9947;5825821,815;13,40652841;52,50034657
9613;204595;11;3;3030711;2018;8;7;4;3;5;2;0;1;1;0;0;0;0;0;801607,5757;5836135,8;13,45345726;52,59138343
9614;204596;11;8;8010301;2018;9;12;7;3;3;3;0;0;1;0;0;0;0;0;800534,554;5824456,305;13,42710096;52,48729148
9615;204597;11;7;7020203;2018;9;15;7;3;1;5;0;1;1;0;0;0;0;0;795042,6274;5824337,858;13,34635108;52,48922537
9616;204598;11;1;1011204;2018;8;6;4;3;5;2;0;0;1;0;1;0;0;0;798696,923;5827085,797;13,40247661;52,51186982
9617;204599;11;4;4030620;2018;8;6;4;3;5;2;0;1;1;0;0;0;0;0;792765,5758;5827046,735;13,31529261;52,51473555
9618;204600;11;9;9051901;2018;8;2;4;2;9;7;2;0;1;0;0;0;0;0;811985,1889;5821552,484;13,59248402;52,45484706
9619;204601;11;11;11051330;2018;9;16;7;3;6;4;0;1;1;1;0;0;0;0;806645,9509;5824892,861;13,51722721;52,48780597
9620;204602;11;4;4030518;2018;9;14;7;3;5;2;0;0;1;0;0;0;0;0;791387,5746;5828587,206;13,29639301;52,52928364
9621;204603;11;2;2010103;2018;8;8;4;3;1;5;0;1;1;0;0;0;0;0;799134,9489;5826275,428;13,40818368;52,504366
9622;204604;11;9;9020502;2018;9;18;7;3;3;6;0;0;1;0;0;0;1;0;808553,9719;5821644,514;13,54223417;52,45761947
9623;204605;11;4;4051446;2018;9;10;7;3;5;3;0;0;1;0;1;0;0;0;792610,1024;5824956,951;13,31117128;52,49608467
9624;204606;11;10;10030727;2018;8;15;3;3;0;3;0;1;0;0;0;0;1;0;809819,4936;5826942,984;13,5657232;52,50438689
9625;204607;11;8;8041037;2018;9;13;7;2;0;1;0;1;0;0;0;0;0;0;805480,0172;5818455,558;13,49421895;52,43076493
9626;204608;11;1;1011305;2018;8;15;3;3;0;6;0;1;0;0;0;0;0;0;799300,5612;5826875,172;13,41115557;52,509651
9627;204609;11;2;2010103;2018;9;14;7;2;0;1;0;0;0;0;1;0;0;0;799424,6269;5826160,73;13,41233561;52,50317902
9628;204610;11;4;4030621;2018;9;9;7;3;7;7;0;0;0;0;0;0;1;0;793835,5879;5827267,6;13,3312105;52,51614008
9629;204611;11;4;4051549;2018;8;17;3;3;1;7;0;1;1;0;0;0;0;0;792511,4739;5823978,724;13,30886381;52,48736797
9630;204612;11;4;4010103;2018;8;16;3;3;0;4;0;0;0;1;1;0;0;0;791625,1039;5829739,924;13,30089602;52,53949052
9631;204613;11;12;12214126;2018;9;20;7;3;1;5;2;1;1;0;1;0;0;0;790537,3417;5834297,343;13,28889266;52,5809285
9632;204614;11;1;1011102;2018;8;15;3;3;2;6;0;1;0;0;0;0;0;0;795162,1008;5826979,499;13,35044696;52,51284118
9633;204615;11;4;7030301;2018;8;15;3;3;6;7;0;0;1;1;0;0;0;0;793390,1325;5822272,098;13,32026537;52,47159718
9634;204616;11;6;6040809;2018;9;8;7;3;1;5;0;1;1;0;0;0;0;0;792250,5143;5820576,058;13,30205035;52,45700328
9635;204617;11;3;3040614;2018;9;6;7;3;1;6;0;0;1;0;0;0;0;0;798088,7359;5833062;13,39890258;52,56577116
9636;204618;11;12;12214422;2018;8;14;3;3;5;2;0;0;1;0;0;0;0;0;792218,161;5833730,886;13,31312925;52,57495036
9637;204619;11;9;9020702;2018;9;20;7;3;5;3;2;0;1;0;0;0;0;0;809364,936;5819655,504;13,55228959;52,43933581
9638;204620;11;7;7010102;2018;9;20;7;3;5;2;2;1;1;0;0;0;0;0;795008,0703;5825636,284;13,34699345;52,50088354
9639;204621;11;8;8020622;2018;8;14;3;3;2;6;0;0;1;0;1;0;0;0;802194,3684;5819265,784;13,44677181;52,43985197
9640;204622;11;2;2010103;2018;8;13;3;3;5;7;0;0;1;0;1;0;0;0;799175,8139;5826259,597;13,40876972;52,5042017
9641;204623;11;2;2040701;2018;9;4;7;3;5;3;2;1;1;0;0;0;0;0;800275,8307;5827631,942;13,42616561;52,51589825
9642;204624;11;1;1011401;2018;9;2;7;2;0;1;2;1;0;0;0;0;0;0;798304,3206;5829372,859;13,39875982;52,53258512
9643;204625;11;4;4051550;2018;8;11;3;3;3;6;0;1;0;0;0;0;1;0;793096,3347;5824102,634;13,31756158;52,4881651
9644;204626;11;6;6040810;2018;8;9;3;3;1;5;0;1;1;0;0;0;0;0;790347,3463;5820514,013;13,27406589;52,45746142
9645;204627;11;8;8010404;2018;9;18;7;2;5;2;0;0;1;0;1;0;0;0;801818,0541;5823627,203;13,44519557;52,4791521
9646;204628;11;7;7010104;2018;8;9;3;3;5;3;0;1;1;0;0;0;0;0;796576,8222;5824830,061;13,3693186;52,4928062
9647;204629;11;1;1022101;2018;8;9;3;3;5;3;0;1;1;0;0;0;0;0;792602,9423;5828766,218;13,31441557;52,53023741
9648;204630;11;10;10010204;2018;9;21;7;2;0;1;2;0;0;0;1;0;0;0;810065,4781;5832623,082;13,57463291;52,55514944
9649;204631;11;12;12214422;2018;8;8;6;3;6;7;0;1;0;1;0;0;0;0;791822,6792;5833266,685;13,30690138;52,57100116
9650;204632;11;2;2050802;2018;8;7;3;3;0;2;0;1;1;0;0;0;0;0;802182,8927;5827340,769;13,45391992;52,51223521
9651;204633;11;9;9020701;2018;8;16;6;3;5;2;0;0;1;0;0;0;0;0;807713,4615;5818118,863;13,52665666;52,42649577
9652;204634;11;5;5010208;2018;8;19;6;3;2;7;0;0;1;0;0;0;0;0;783905,7947;5830126,598;13,18771689;52,54703431
9653;204635;11;9;9020702;2018;8;7;3;3;6;2;0;0;1;1;0;0;0;0;809493,9802;5819501,466;13,55403933;52,43788233
9654;204636;11;3;3010104;2018;8;7;3;3;2;6;0;0;1;0;0;0;0;0;800874,119;5838778,968;13,44506515;52,6154803
9655;204637;11;7;7010101;2018;8;12;6;3;6;2;0;0;1;1;0;0;0;0;794561,5912;5825781,465;13,34056345;52,5024262
9656;204638;11;8;8010404;2018;8;15;3;2;6;4;0;0;1;1;0;0;0;0;801907,6079;5822881,306;13,44583501;52,47241702
9657;204639;11;5;5010314;2018;8;15;3;2;0;7;0;1;0;0;0;0;0;0;784651,5891;5829294,759;13,19797274;52,53918687
9658;204640;11;1;1044103;2018;8;17;6;3;5;2;0;1;1;0;0;0;0;0;794572,0148;5830712,818;13,34508473;52,54662679
9659;204641;11;6;6010101;2018;8;15;3;3;0;1;0;0;0;0;1;0;0;0;793349,2249;5820333,129;13,31796062;52,45423689
9660;204642;11;7;7020203;2018;8;14;3;3;3;3;0;1;1;0;0;0;0;0;795284,133;5823971,758;13,34957327;52,48581296
9661;204643;11;5;5020524;2018;8;17;6;3;5;3;0;1;1;0;0;0;0;0;783401,631;5826588,262;13,17728505;52,51557132
9662;204644;11;8;8020727;2018;8;17;6;3;5;2;0;0;1;0;1;0;0;0;801499,8711;5817725,377;13,43519656;52,4264281
9663;204645;11;10;10010310;2018;8;12;3;3;0;7;0;1;0;0;0;0;0;0;808693,241;5830154,425;13,55216281;52,53380549
9664;204646;11;1;1033102;2018;8;17;6;3;6;4;0;0;1;1;0;0;0;0;797416,0387;5831257,55;13,38739031;52,54996447
9665;204647;11;2;2040502;2018;8;15;6;3;6;4;0;0;1;1;0;0;0;0;801039,5977;5828311,685;13,43800224;52,52156989
9666;204648;11;6;6030608;2018;8;11;3;3;0;7;0;0;0;0;1;0;1;0;791557,2191;5816418,661;13,28824926;52,42010221
9667;204649;11;1;1011302;2018;8;21;3;3;6;4;2;1;0;1;0;0;0;0;798636,437;5828452,652;13,40281493;52,52415491
9668;204650;11;4;4051446;2018;8;15;6;3;5;3;0;1;1;0;0;0;0;0;793024,2436;5824445,44;13,31680433;52,49127694
9669;204651;11;2;2020203;2018;8;18;3;3;1;5;0;1;1;0;0;0;0;0;797522,8838;5824899,953;13,38327463;52,49291786
9670;204652;11;3;3050923;2018;8;14;6;3;6;2;0;0;1;1;0;0;0;0;801057,8437;5831434,936;13,44109956;52,54955394
9671;204653;11;7;7030301;2018;8;18;3;3;0;3;0;1;1;0;0;0;0;0;794087,2767;5821729,48;13,33002094;52,46635798
9672;204654;11;7;7060601;2018;8;15;6;3;5;3;0;0;1;0;0;0;0;0;797289,0405;5817296,438;13,37306942;52,42488723
9673;204655;11;2;2040701;2018;8;14;6;3;6;3;0;0;1;1;0;0;0;0;800662,4185;5827504,601;13,43173046;52,51454388
9674;204656;11;2;2050802;2018;8;17;3;2;3;6;0;0;0;0;1;0;1;0;802039,4268;5827167,376;13,45165494;52,51076054
9675;204657;11;12;12302107;2018;8;17;3;2;5;2;0;1;1;0;0;0;0;0;794334,306;5835708,373;13,34602243;52,59153662
9676;204658;11;12;12214421;2018;8;14;6;3;5;2;0;1;1;0;0;0;0;0;793303,471;5833177,027;13,3286089;52,56940152
9677;204659;11;11;11051330;2018;8;22;3;2;2;6;2;1;0;0;0;0;1;0;807220,0111;5825521,162;13,52623434;52,49311417
9678;204660;11;4;4010101;2018;8;13;6;3;5;3;0;0;1;0;0;0;0;0;791286,6306;5830682,766;13,29674626;52,54812398
9679;204661;11;8;8010406;2018;8;16;3;3;5;3;0;0;1;0;0;0;1;0;802279,381;5823882,809;13,45219949;52,48118797
9680;204662;11;8;8020727;2018;8;7;3;1;5;2;0;0;0;0;1;1;0;0;800311,4018;5816736,934;13,41688292;52,41822171
9681;204663;11;1;1011302;2018;8;13;6;3;5;7;0;1;1;0;0;0;0;0;798322,0553;5828697,11;13,39841414;52,52651824
9682;204664;11;9;9020702;2018;8;10;2;3;1;5;0;1;1;0;0;0;0;0;809417,3279;5819598,336;13,55300497;52,43879385
9683;204665;11;9;9020702;2018;8;15;6;3;2;6;0;0;1;0;0;0;0;0;809506,8747;5818759,046;13,55354114;52,43122156
9684;204666;11;1;1022206;2018;8;15;2;3;0;2;0;0;1;0;1;0;0;0;796103,2927;5828427,81;13,36556482;52,52531382
9685;204667;11;8;8030829;2018;8;17;6;3;2;6;0;0;1;0;0;0;0;0;802864,2043;5818241,395;13,45566806;52,43029976
9686;204668;11;9;9041501;2018;8;16;6;3;2;6;0;0;1;0;0;0;0;0;811409,7069;5820145,546;13,58273074;52,44256694
9687;204669;11;11;11051332;2018;8;16;2;3;2;6;0;0;1;0;0;0;0;0;807080,8079;5823623,71;13,52244251;52,47618717
9688;204670;11;1;1011204;2018;8;22;2;3;6;4;2;1;0;1;0;0;0;0;798738,5384;5826916,993;13,40293649;52,51033394
9689;204671;11;5;5010314;2018;8;13;6;2;2;2;0;1;1;0;0;0;0;0;784680,562;5829346,265;13,19844291;52,53963354
9690;204672;11;1;1011302;2018;8;20;2;3;2;6;1;0;1;0;1;0;0;0;799092,8705;5828994,279;13,41000969;52,5287596
9691;204673;11;8;8010118;2018;8;18;2;3;6;4;0;0;1;1;0;0;0;0;801110,3813;5821911,502;13,43325824;52,46416439
9692;204674;11;3;3010102;2018;8;14;6;3;5;3;0;0;1;0;0;0;1;0;804386,8738;5841011,686;13,49884463;52,63353455
9693;204675;11;1;1011301;2018;8;19;6;3;9;1;1;0;1;0;0;0;0;0;797001,4339;5828943,671;13,37922529;52,52944943
9694;204676;11;1;1011301;2018;8;18;2;3;3;6;0;1;0;0;1;0;0;0;797063,2126;5828980,929;13,3801666;52,52974974
9695;204677;11;3;3061332;2018;8;13;6;3;5;3;0;1;0;0;0;0;0;0;800110,0933;5830739,688;13,42653588;52,5438452
9696;204678;11;1;1011302;2018;9;17;2;3;2;7;0;1;0;0;0;0;1;0;798512,7504;5829030,972;13,40151644;52,52940647
9697;204679;11;4;4020314;2018;8;22;6;2;3;6;2;0;1;0;1;0;0;0;790067,012;5825277,433;13,27409553;52,50031541
9698;204680;11;2;2020206;2018;8;18;2;3;2;6;0;0;1;0;1;0;0;0;799823,4473;5824794,558;13,41696399;52,49071439
9699;204681;11;11;11030721;2018;8;21;6;3;0;6;2;1;0;0;0;0;1;0;805194,7006;5827913,367;13,49868862;52,51569038
9700;204682;11;1;1044203;2018;8;21;6;3;1;7;2;0;1;0;0;0;0;0;796310,0595;5831730,126;13,37154872;52,55480335
9701;204683;11;8;8020619;2018;8;18;2;3;5;3;0;1;1;0;0;0;0;0;801990,7319;5820671,879;13,44505607;52,45256759
9702;204684;11;9;9020501;2018;8;17;2;3;2;2;0;0;1;0;0;0;0;0;806599,5538;5822781,756;13,51460507;52,46891168
9703;204685;11;1;1011402;2018;8;21;6;3;2;2;2;1;1;0;0;0;0;0;798813,9422;5829365,872;13,40624423;52,53224335
9704;204686;11;4;4051655;2018;8;17;2;3;5;2;0;1;0;0;0;0;0;0;794158,7567;5824049,938;13,33311693;52,48712129
9705;204687;11;7;7010104;2018;9;16;2;3;6;4;0;1;0;1;0;0;0;0;796733,0994;5824807,973;13,371594;52,49252327
9706;204688;11;8;8010406;2018;8;17;2;3;5;2;0;0;1;0;1;0;0;0;802121,9871;5824437,104;13,45039122;52,48624327
9707;204689;11;5;5010313;2018;8;20;6;3;0;6;2;0;0;0;1;0;0;0;784395,0943;5829943,068;13,19475607;52,54513356
9708;204690;11;8;8041038;2018;8;19;6;3;5;3;0;1;0;0;0;0;1;0;805917,1848;5816210,02;13,49857605;52,41039484
9709;204691;11;8;8020622;2018;8;17;2;3;5;2;0;1;1;0;0;0;0;0;801316,8077;5819563,934;13,43416942;52,4430086
9710;204692;11;2;2010104;2018;8;18;6;2;5;3;0;1;0;0;1;0;0;0;799066,5705;5825613,594;13,40658489;52,49847108
9711;204693;11;10;10040932;2018;8;18;6;3;5;3;0;1;1;0;0;0;0;0;813730,395;5828029,035;13,62417792;52,5118844
9712;204694;11;2;2030302;2018;8;15;2;3;2;6;0;1;1;0;0;0;0;0;800228,7327;5825856,748;13,42387257;52,50001247
9713;204695;11;2;2050801;2018;8;18;2;3;0;1;0;0;0;0;1;0;0;0;803096,16;5827083,828;13,46710234;52,5094256
9714;204696;11;8;8010301;2018;8;17;6;3;2;6;0;0;1;0;0;0;1;0;800818,8489;5824314,434;13,4311472;52,48586327
9715;204697;11;3;3061430;2018;8;10;6;3;5;2;0;1;0;0;0;0;1;0;802410,008;5829257,023;13,45899852;52,52928461
9716;204698;11;12;12302109;2018;8;18;2;3;5;3;1;0;1;0;0;0;0;0;795009,3609;5836780,981;13,35691426;52,60078581
9717;204699;11;11;11051229;2018;8;19;2;2;8;1;1;0;0;0;1;0;0;0;804499,6968;5825725,525;13,48647715;52,49647009
9718;204700;11;7;7070704;2018;8;10;6;3;1;5;0;1;1;0;0;0;0;0;800192,6423;5813728,54;13,41244531;52,39132066
9719;204701;11;1;1011304;2018;8;15;2;3;0;6;0;0;1;0;0;0;0;0;799922,2293;5828579,62;13,42182473;52,52458721
9720;204702;11;8;8020727;2018;9;17;2;3;2;2;0;1;1;0;0;0;0;0;801031,8865;5817057,143;13,42773334;52,42069609
9721;204703;11;2;2010101;2018;8;17;2;3;5;3;0;1;1;0;0;0;0;0;797852,2925;5825682,316;13,38881176;52,49975117
9722;204704;11;4;4031032;2018;8;10;6;3;0;6;0;0;1;0;0;0;1;0;792253,9699;5825146,729;13,30610683;52,49797681
9723;204705;11;1;1033101;2018;8;14;1;3;2;6;0;1;1;0;0;0;0;0;796402,2155;5831997,779;13,37314302;52,55715243
9724;204706;11;9;9010301;2018;8;9;6;3;2;6;0;0;1;0;0;0;0;0;804928,1985;5822564,981;13,48987895;52,46790421
9725;204707;11;3;3040614;2018;8;17;2;2;5;7;0;0;1;0;1;0;0;0;798783,3818;5834934,048;13,41080733;52,58217037
9726;204708;11;7;7020202;2018;8;9;6;3;2;6;0;0;1;0;0;0;0;0;794997,6422;5823423,124;13,34488091;52,48104968
9727;204709;11;1;1044202;2018;8;7;2;3;5;3;0;0;1;0;0;0;0;0;794896,5597;5830222,284;13,34942145;52,54205396
9728;204710;11;12;12214424;2018;9;15;2;3;5;2;0;0;1;0;1;0;0;0;793182,0955;5832308,855;13,32605593;52,56168422
9729;204711;11;11;11030721;2018;8;7;2;3;6;4;0;0;1;1;0;0;0;0;803678,0905;5828632,829;13,4770643;52,52298524
9730;204712;11;2;2030402;2018;8;9;6;2;6;4;0;1;0;1;0;0;0;0;801796,779;5825779,313;13,44683217;52,4984535
9731;204713;11;8;8010303;2018;8;8;2;3;5;2;0;1;1;0;0;0;0;0;801072,9742;5823989,193;13,43458461;52,48280798
9732;204714;11;5;5020523;2018;9;13;2;2;5;3;0;1;1;0;0;0;0;0;782866,9783;5827284,48;13,17001911;52,52209143
9733;204715;11;1;1044103;2018;8;9;6;3;3;6;0;1;1;0;0;0;0;0;794722,8085;5830416,674;13,34703928;52,54389053
9734;204716;11;1;1011105;2018;8;2;2;2;6;4;2;0;1;1;0;0;0;0;796690,6805;5826502,288;13,37248047;52,50773418
9735;204717;11;5;5020625;2018;8;8;2;3;5;3;0;0;1;0;0;0;0;0;784518,3529;5828639,237;13,19545228;52,53337903
9736;204718;11;2;2040701;2018;8;8;6;3;3;6;0;0;1;0;0;0;0;0;800425,079;5827970,688;13,42866432;52,51885234
9737;204719;11;2;2010101;2018;8;8;2;3;0;1;0;0;0;0;1;0;0;0;797380,4517;5826180,979;13,3823267;52,50447846
9738;204720;11;12;12304314;2018;8;8;6;2;5;2;0;0;1;0;1;0;0;0;790686,9711;5835380,859;13,29204529;52,59056211
9739;204721;11;3;3061131;2018;8;9;2;3;2;2;0;1;1;0;0;0;0;0;799178,8861;5831110,483;13,4131792;52,54768092
9740;204722;11;4;4030828;2018;8;7;6;3;5;7;0;0;1;0;1;0;0;0;793263,362;5826130,895;13,32180021;52,50625799
9741;204723;11;11;11040926;2018;8;7;6;3;5;3;0;1;0;0;0;0;0;0;805033,8148;5826691,845;13,49520559;52,5048325
9742;204724;11;1;1011401;2018;8;11;2;3;3;6;0;0;1;0;1;0;0;0;798324,8835;5829351,955;13,39904331;52,53238649
9743;204725;11;2;2010104;2018;8;11;2;3;0;6;0;1;0;0;0;0;0;0;798999,975;5825433,154;13,40544482;52,49689017
9744;204726;11;8;8010301;2018;8;12;2;3;5;2;0;1;1;0;0;0;0;0;800668,5037;5824373,414;13,42899296;52,48647475
9745;204727;11;9;9020802;2018;8;7;6;3;5;3;0;0;1;0;1;0;0;0;810486,3744;5820100,733;13,56914825;52,44269035
9746;204728;11;6;6040810;2018;8;13;2;3;6;4;0;0;1;1;0;0;0;0;791400,1058;5820644,382;13,28962977;52,45806989
9747;204729;11;10;10010203;2018;8;6;6;3;0;6;1;0;0;0;1;0;1;0;807913,9855;5833486,496;13,54380022;52,56410779
9748;204730;11;4;4030725;2018;8;9;2;3;5;2;0;0;1;0;1;0;0;0;791697,1376;5826193,85;13,29884482;52,50766203
9749;204731;11;11;11020513;2018;8;5;6;3;5;2;1;1;1;0;0;0;0;0;803024,5698;5830782,975;13,46942157;52,54262012
9750;204732;11;3;3061332;2018;8;8;6;2;5;3;0;1;0;0;0;0;1;0;799839,1588;5830802,113;13,42260897;52,5445539
9751;204733;11;4;4020311;2018;8;18;2;3;5;2;0;0;1;0;0;0;0;0;789634,7464;5826486,423;13,26879721;52,51138389
9752;204734;11;7;7070704;2018;8;11;6;2;5;2;0;1;1;0;0;0;0;0;800213,8789;5814076,556;13,41306821;52,39442853
9753;204735;11;6;6020410;2018;8;11;6;3;0;1;0;0;0;0;1;0;0;0;794237,9045;5817545,957;13,32854701;52,42877334
9754;204736;11;9;9051901;2018;8;14;2;3;2;6;0;1;1;0;0;0;0;0;810638,5455;5820305,881;13,57157058;52,4444424
9755;204737;11;4;4030519;2018;8;8;2;3;5;2;0;1;1;0;0;0;0;0;792622,9999;5828270,756;13,31427434;52,525785
9756;204738;11;4;4041136;2018;8;13;5;3;6;7;0;0;1;1;0;0;0;0;790663,3934;5822766,87;13,28066671;52,47749063
9757;204739;11;9;9020601;2018;8;15;2;3;5;3;0;0;1;0;1;0;0;0;807339,7161;5821055,257;13,52387736;52,45302256
9758;204740;11;9;9010402;2018;8;15;2;3;2;2;0;1;1;0;0;0;0;0;806321,1236;5819352,279;13,50737338;52,43833146
9759;204741;11;5;5010204;2018;8;9;5;3;5;5;0;0;1;0;1;0;0;1;781799,2061;5831626,361;13,15800636;52,56157567
9760;204742;11;4;4020310;2018;8;9;5;3;2;6;0;0;1;0;0;0;0;1;790527,1298;5827329,925;13,28264629;52,51847135
9761;204743;11;11;11010205;2018;8;15;2;3;6;2;0;0;1;1;0;0;0;0;806309,195;5833911,167;13,52059122;52,56881892
9762;204744;11;12;12103117;2018;8;10;5;3;3;6;0;0;1;0;0;0;0;1;795856,1307;5832605,343;13,36565313;52,56289557
9763;204745;11;1;1011202;2018;8;10;5;3;5;2;0;1;1;0;0;0;0;1;797198,5879;5827497,557;13,38083081;52,51637921
9764;204746;11;1;1011302;2018;8;15;2;3;5;3;0;0;1;0;0;0;0;0;797981,1345;5828662,62;13,39337281;52,52639552
9765;204747;11;9;9010401;2018;8;15;2;3;5;3;0;0;1;0;1;0;0;0;806295,7835;5820693,44;13,50823116;52,45036574
9766;204748;11;9;9020502;2018;8;11;5;3;5;3;0;1;1;0;0;0;0;1;808012,2776;5821941,157;13,5345607;52,46058355
9767;204749;11;12;12301203;2018;8;16;2;3;2;6;0;0;1;0;0;0;0;0;792466,3241;5834286,087;13,31727063;52,57979417
9768;204750;11;1;1011201;2018;8;14;2;3;5;7;0;0;1;0;0;0;0;0;797030,8489;5826868,466;13,37780458;52,51083147
9769;204751;11;1;1011306;2018;8;11;5;3;5;2;0;1;0;0;0;1;0;1;799984,3723;5826927,905;13,42124868;52,50974807
9770;204752;11;12;12224229;2018;8;10;2;2;4;6;0;0;1;0;0;0;0;0;786087,3973;5835215,409;13,2241912;52,59151759
9771;204753;11;4;4041137;2018;8;11;5;3;5;2;0;0;1;0;0;0;1;1;790962,9058;5823017,077;13,28528264;52,47957427
9772;204754;11;3;3040614;2018;8;11;2;3;0;1;0;0;0;0;1;0;0;1;799136,2171;5833850,959;13,41502201;52,57226838
9773;204755;11;4;4041241;2018;8;5;2;3;0;1;1;0;0;0;1;0;0;0;791906,263;5822175,9;13,29839768;52,47152975
9774;204756;11;4;4030931;2018;8;9;5;3;3;6;0;1;0;0;0;0;1;0;793988,2347;5826056,497;13,33238377;52,50520093
9775;204757;11;7;7030303;2018;8;12;5;3;5;7;0;1;1;0;0;0;0;1;795049,9909;5821617,333;13,34405222;52,46483361
9776;204758;11;9;9041402;2018;8;17;2;3;0;1;0;0;0;0;1;0;1;0;812138,2188;5820061,438;13,59333566;52,4413979
9777;204759;11;7;7070705;2018;8;14;5;3;5;3;0;0;1;0;0;0;0;0;798379,0288;5813629,001;13,38578393;52,39141918
9778;204760;11;7;7070703;2018;8;9;5;3;5;3;0;1;1;0;0;0;0;0;799609,2497;5813974,771;13,40411783;52,39384719
9779;204761;11;4;4030415;2018;8;14;1;3;2;6;0;0;1;0;0;0;0;0;790864,5272;5827394,061;13,28766081;52,51886648
9780;204762;11;1;1033203;2018;8;18;1;3;5;2;0;1;1;0;0;0;0;0;796279,0347;5830398,193;13,36990411;52,54288085
9781;204763;11;12;12301203;2018;8;9;5;3;2;6;0;0;1;0;0;0;0;1;793645,8469;5836128,713;13,33626129;52,5956768
9782;204764;11;2;2030401;2018;8;10;1;3;6;4;0;0;1;1;0;0;0;0;800741,0224;5825721,618;13,43127464;52,49851918
9783;204765;11;2;2030302;2018;8;9;5;3;5;2;0;1;1;0;0;0;0;1;801621,3502;5826052,913;13,44450354;52,5010028
9784;204766;11;7;7030301;2018;8;12;1;3;6;7;0;0;0;1;1;0;0;0;794023,5105;5821640,294;13,3290064;52,46559278
9785;204767;11;12;12214423;2018;9;17;5;2;5;2;0;1;1;0;0;0;0;0;792608,5137;5833878,79;13,31900359;52,57606651
9786;204768;11;8;8041035;2018;9;6;3;2;2;6;2;0;1;0;1;0;0;0;805494,2116;5818594,522;13,49455404;52,43200249
9787;204769;11;2;2030301;2018;9;17;5;3;1;5;0;1;1;0;0;0;0;0;799860,3593;5825997,266;13,41858866;52,50147453
9788;204770;11;8;8020622;2018;9;17;5;3;5;2;0;1;1;0;0;0;0;0;801314,1921;5819953,261;13,43448215;52,44649972
9789;204771;11;5;5030730;2018;9;5;3;3;3;6;1;0;1;0;1;0;0;0;785582,6368;5829254,919;13,21162911;52,53834252
9790;204772;11;6;6010207;2018;9;13;3;3;5;3;0;1;1;0;0;0;0;0;793720,2506;5819788,192;13,32292582;52,44915245
9791;204773;11;11;11051331;2018;9;16;5;2;2;6;0;0;1;0;0;0;0;0;807817,3222;5825199,774;13,53470765;52,48989738
9792;204774;11;3;3040614;2018;9;5;3;3;5;7;2;0;1;0;1;0;0;1;798710,9384;5834916,468;13,40972548;52,58205257
9793;204775;11;3;3020307;2018;9;15;5;3;2;6;0;0;1;0;0;0;0;0;799836,7016;5839298,156;13,43025912;52,62070721
9794;204776;11;1;1022101;2018;9;12;3;3;6;2;0;0;1;1;0;0;0;0;793406,9284;5829077,933;13,32650876;52,53259963
9795;204777;11;2;2010102;2018;9;15;5;3;3;6;0;1;0;0;0;0;1;0;798082,912;5825495,966;13,39203229;52,49795485
9796;204778;11;12;12224229;2018;9;18;5;3;5;3;0;0;1;0;0;0;0;0;786318,5402;5834448,05;13,22693084;52,58451615
9797;204779;11;4;4030726;2018;9;11;3;3;2;6;0;0;0;0;1;0;1;0;792088,4324;5825794,804;13,30424369;52,50387531
9798;204780;11;3;3040818;2018;9;11;3;2;5;3;0;1;0;0;0;0;1;0;799662,4816;5832816,656;13,4218298;52,56270813
9799;204781;11;10;10020415;2018;9;11;3;3;5;2;0;1;1;0;0;0;0;0;812094,7544;5831799,312;13,60369343;52,5466086
9800;204782;11;1;1011303;2018;9;14;5;3;2;6;0;0;1;0;1;0;1;0;799203,8278;5828464,66;13,4111639;52,52395147
9801;204783;11;7;7010102;2018;9;14;5;3;0;4;0;0;0;1;0;0;1;0;794972,6603;5825120,892;13,34601685;52,49628255
9802;204784;11;12;12103117;2018;9;9;3;3;5;3;0;0;1;0;0;0;0;0;796266,8316;5832379,256;13,37149241;52,56064562
9803;204785;11;3;3010101;2018;9;9;3;3;5;3;0;1;1;0;0;0;0;0;803850,9477;5841447,531;13,49135095;52,63774084
9804;204786;11;11;11030720;2018;9;15;3;3;2;6;0;0;1;0;0;0;0;0;804897,9097;5829951,442;13,49619699;52,53412257
9805;204787;11;3;3050923;2018;9;14;5;3;5;3;0;0;1;0;1;0;0;0;800540,0266;5832082,506;13,43407197;52,55564415
9806;204788;11;2;2010102;2018;9;9;3;3;1;5;0;0;1;0;0;0;0;0;797810,5522;5826196,153;13,38865823;52,50437989
9807;204789;11;9;9020501;2018;9;8;3;2;5;2;0;1;1;0;0;0;0;0;806371,0388;5822235,197;13,51074978;52,4641414