;OBJECTID;LAND;BEZ;LOR;UJAHR;UMONAT;USTUNDE;UWOCHENTAG;UKATEGORIE;UART;UTYP1;ULICHTVERH;IstRad;IstPKW;IstFuss;IstKrad;IstGkfz;IstSonstige;USTRZUSTAND;LINREFX;LINREFY;XGCSWGS84;YGCSWGS84
9808;204790;11;1;1011201;2018;9;13;5;3;3;6;0;1;1;0;0;0;0;0;796963,7565;5826946,092;13,37688814;52,51156384
9809;204791;11;4;4031032;2018;9;9;3;3;2;6;0;0;1;0;0;0;0;0;791714,2028;5825145,708;13,29817727;52,49825645
9810;204792;11;9;9030902;2018;9;13;5;3;5;3;0;0;1;0;0;0;0;0;808183,4305;5815760,528;13,53137527;52,40509545
9811;204793;11;4;4030725;2018;9;10;5;3;6;4;0;0;1;1;0;0;0;0;791484,917;5826012,833;13,2955683;52,50615267
9812;204794;11;3;3040614;2018;9;9;3;3;6;4;0;0;1;1;0;0;0;0;798217,8018;5833001,421;13,40074665;52,56515747
9813;204795;11;2;2040701;2018;9;13;3;3;2;6;0;0;1;0;0;0;0;0;800374,9679;5827894,367;13,4278591;52,51819586
9814;204796;11;11;11040925;2018;9;10;5;3;5;3;0;1;1;0;0;0;0;0;803622,4219;5826581,314;13,47437452;52,50462906
9815;204797;11;3;3071639;2018;9;13;3;3;5;3;0;0;1;0;1;0;0;0;800905,588;5829196,165;13,43683341;52,52957161
9816;204798;11;6;6020301;2018;9;17;2;3;5;7;0;0;1;0;0;0;0;0;795836,6424;5819065,839;13,35333762;52,44153594
9817;204799;11;2;2030301;2018;9;9;5;3;0;2;0;1;1;0;0;0;0;0;799917,2167;5825975,349;13,41940403;52,50124684
9818;204800;11;1;1011303;2018;9;9;5;3;2;7;0;1;1;0;0;0;0;0;799019,0973;5828495,724;13,40847711;52,52433126
9819;204801;11;4;4031032;2018;9;13;2;3;0;1;0;1;1;0;0;0;0;0;791755,7919;5824825,995;13,29850814;52,49536803
9820;204802;11;3;3010102;2018;9;9;5;3;5;3;0;0;1;0;0;0;0;0;804238,6124;5840166,086;13,49588229;52,6260391
9821;204803;11;2;2020204;2018;9;8;5;3;5;2;0;1;1;0;0;0;0;0;798700,2066;5824703,565;13,40038809;52,49051453
9822;204804;11;7;7010103;2018;9;8;5;3;3;2;0;1;0;0;1;0;0;0;795494,7956;5824667,855;13,35328386;52,49193897
9823;204805;11;6;6040807;2018;9;18;2;3;2;6;0;0;1;0;0;0;0;0;789692,0335;5818410,545;13,26262416;52,43895081
9824;204806;11;4;4051652;2018;9;7;5;3;5;2;0;1;1;0;0;0;0;0;793453,0303;5824402,434;13,32306378;52,49066107
9825;204807;11;4;4051549;2018;9;7;5;3;5;3;0;1;0;0;0;0;0;0;792854,3952;5823876,449;13,31380983;52,48626725
9826;204808;11;2;2030302;2018;9;18;2;3;5;2;0;1;1;0;0;0;0;0;801470,0658;5826032,482;13,4422631;52,50090328
9827;204809;11;4;4030621;2018;9;17;2;3;5;2;0;1;1;0;0;0;0;0;793879,1896;5826970,887;13,33158914;52,51345671
9828;204810;11;5;5010101;2018;9;6;5;3;5;2;0;0;1;0;1;0;0;0;785619,5976;5832034,89;13,21456402;52,5632478
9829;204811;11;5;5040935;2018;9;17;2;3;2;6;0;0;1;0;0;0;1;0;782741,3833;5820924,806;13,16277532;52,46513299
9830;204812;11;4;4030726;2018;9;13;5;3;5;3;0;0;1;0;0;0;1;0;792090,9128;5825308,948;13,30385396;52,49951837
9831;204813;11;7;7050503;2018;9;11;5;3;3;6;0;1;0;0;0;0;0;0;799146,1542;5819901,596;13,40263124;52,4472271
9832;204814;11;4;4020204;2018;9;17;2;3;3;2;0;0;1;0;1;0;0;0;787713,4546;5826431,047;13,24051682;52,51190423
9833;204815;11;10;10010203;2018;9;13;5;3;5;3;0;1;1;0;0;0;0;0;808470,6624;5833236,176;13,55175409;52,5615494
9834;204816;11;1;7010101;2018;9;9;5;3;5;2;0;1;1;1;0;0;0;0;794697,579;5826033,499;13,34278414;52,5046121
9835;204817;11;4;4051551;2018;9;16;2;2;5;2;0;0;1;0;1;0;0;0;792823,25;5823227,342;13,31278228;52,48046489
9836;204818;11;1;1011301;2018;9;16;2;2;6;4;0;0;1;1;0;0;0;0;796973,5034;5829274,109;13,37910996;52,53242665
9837;204819;11;8;8010118;2018;9;13;5;3;2;2;0;1;1;0;0;0;0;0;800807,5373;5822639,329;13,42947006;52,47085497
9838;204820;11;3;3040512;2018;9;15;2;3;5;3;0;1;1;0;0;0;0;0;795956,5159;5835567,7;13,3697741;52,58939539
9839;204821;11;1;1033201;2018;9;15;2;3;2;6;0;0;1;0;1;0;0;0;797678,8033;5830710,152;13,39076352;52,54491423
9840;204822;11;6;6020411;2018;9;14;2;3;2;6;0;0;1;0;0;0;1;0;793387,3497;5816216,625;13,31490723;52,41731293
9841;204823;11;4;4031032;2018;9;9;5;2;5;2;0;0;1;0;1;0;0;0;792065,2418;5824898,982;13,30311737;52,49585684
9842;204824;11;10;10010310;2018;9;14;2;3;5;2;0;1;1;0;0;0;0;0;809941,5157;5831628,363;13,57188189;52,54630585
9843;204825;11;6;6030503;2018;9;13;2;2;5;2;0;1;1;0;0;0;0;0;790369,994;5818260,119;13,27243913;52,43724266
9844;204826;11;2;2010102;2018;9;8;5;3;5;3;0;0;1;0;1;0;0;0;798047,9462;5826489,651;13,39240815;52,5068811
9845;204827;11;11;11051331;2018;9;8;3;3;2;6;0;0;0;0;0;1;0;0;807343,3985;5825105,104;13,52766228;52,48931595
9846;204828;11;8;8010510;2018;9;8;5;3;9;1;0;0;1;0;0;0;0;0;802069,5575;5822105,19;13,4475094;52,46537105
9847;204829;11;8;8010214;2018;9;12;2;3;3;6;0;1;0;0;0;1;0;0;801728,5884;5822354,185;13,4427307;52,46779124
9848;204830;11;8;8020622;2018;9;7;5;2;5;3;0;1;0;0;0;0;0;0;802017,2637;5820326,36;13,44513289;52,44945598
9849;204831;11;10;10020414;2018;9;13;5;3;5;3;0;1;1;0;0;0;0;0;812065,2877;5830623,335;13,60215576;52,53608742
9850;204832;11;5;5030730;2018;9;12;2;3;2;2;0;0;1;0;0;0;1;0;785743,2664;5829268,401;13,21400263;52,53837919
9851;204833;11;4;4051654;2018;9;12;2;3;3;6;0;0;0;0;1;0;1;0;793371,2381;5823923,974;13,32144137;52,48641582
9852;204834;11;2;2030302;2018;9;14;3;3;3;6;0;0;1;0;0;1;0;0;801454,0372;5826033,951;13,44202901;52,5009253
9853;204835;11;7;7040403;2018;9;12;5;3;5;2;0;0;1;0;0;0;0;0;797240,7128;5820714,922;13,37540114;52,45555704
9854;204836;11;8;8010117;2018;9;11;2;3;6;4;0;0;0;1;0;0;1;0;800516,4891;5823436,288;13,42591625;52,47815862
9855;204837;11;12;12214424;2018;9;8;3;3;5;2;0;1;0;0;0;1;0;0;793339,0711;5832401,581;13,32844698;52,5624309
9856;204838;11;12;12224230;2018;9;12;5;2;0;7;0;1;1;0;0;0;0;0;787997,7363;5837424,643;13,25423576;52,61031577
9857;204839;11;2;2010104;2018;9;14;2;3;2;6;0;0;1;0;0;0;0;0;799753,5822;5825690,345;13,41674408;52,49878212
9858;204840;11;5;5030832;2018;9;12;5;2;5;3;0;0;1;0;0;0;0;0;789592,4316;5829626,112;13,27090975;52,53955424
9859;204841;11;8;8020619;2018;9;12;5;3;3;6;0;0;1;0;1;0;0;0;801226,5386;5821682,799;13,43475646;52,46205043
9860;204842;11;7;7020202;2018;9;16;2;3;0;7;0;1;0;0;0;0;0;0;794647,991;5823914,465;13,3401814;52,48564304
9861;204843;11;12;12304313;2018;9;15;3;3;5;2;0;1;1;0;0;0;0;0;792385,168;5835225,335;13,31690504;52,58825771
9862;204844;11;5;5010209;2018;9;11;5;3;5;2;0;0;1;0;0;0;0;0;781905,9622;5829566,103;13,1578276;52,54304727
9863;204845;11;1;1044101;2018;9;20;2;2;6;4;2;0;1;1;0;0;0;0;794155,4224;5831882,197;13,33999499;52,55733457
9864;204846;11;9;8041037;2018;9;11;5;3;3;6;0;1;0;0;0;0;0;0;805689,1574;5818777,364;13,49757973;52,43353233
9865;204847;11;7;7040403;2018;9;11;5;3;1;3;0;0;1;0;0;0;1;0;797350,6814;5821086,665;13,37734583;52,45882953
9866;204848;11;9;9020501;2018;9;10;2;3;2;6;0;0;1;0;0;0;0;0;806106,0555;5823397,571;13,50792792;52,47470758
9867;204849;11;4;4030827;2018;9;11;5;3;2;2;0;0;1;0;0;0;0;0;792527,2561;5826100,467;13,31095894;52,5063804
9868;204850;11;4;4051446;2018;9;10;2;3;5;3;0;1;1;0;0;0;0;0;792748,5036;5824937,62;13,31318715;52,49583715
9869;204851;11;12;12304313;2018;9;10;2;3;2;6;0;0;1;0;0;0;0;0;792332,8283;5835047,591;13,31597783;52,58669245
9870;204852;11;3;3050923;2018;9;14;3;2;0;1;0;1;0;0;0;0;0;0;801038,8484;5831666,1;13,44102984;52,55163638
9871;204853;11;5;5030730;2018;9;10;5;3;2;6;0;1;0;0;0;0;1;0;786306,5186;5830462,847;13,22331423;52,54879259
9872;204854;11;5;5020626;2018;9;9;2;3;5;3;0;1;1;0;0;0;0;0;784595,8351;5827970,718;13,19601915;52,52734462
9873;204855;11;6;6040809;2018;9;7;5;3;6;7;0;1;0;1;0;0;0;0;790430,3358;5819041,408;13,2740033;52,44421508
9874;204856;11;2;2010102;2018;9;9;2;3;2;6;0;0;1;0;0;0;0;0;798451,9835;5826556,589;13,39840351;52,50726024
9875;204857;11;2;7040401;2018;9;15;5;2;3;6;0;0;0;0;0;0;1;0;797761,442;5823954,551;13,38593332;52,48431333
9876;204858;11;10;10010308;2018;9;7;4;3;2;7;0;0;1;0;0;0;0;0;807579,5596;5829186,93;13,53490079;52,52576442
9877;204859;11;7;7040401;2018;9;9;2;3;3;6;0;1;1;0;0;0;0;0;797166,3202;5823799,694;13,37705713;52,48324941
9878;204860;11;4;4010101;2018;9;16;2;3;5;2;0;1;1;0;0;0;0;0;790422,2934;5829042,969;13,2826018;52,5338847
9879;204861;11;4;4041134;2018;9;11;4;3;2;6;0;0;1;0;0;0;0;0;790859,0346;5824560,315;13,28510424;52,49346483
9880;204862;11;10;10010102;2018;9;9;2;2;6;4;0;0;1;1;0;0;0;0;810001,6926;5834099,02;13,57507387;52,56841228
9881;204863;11;10;10010206;2018;9;22;2;3;6;2;2;0;1;1;0;0;0;0;809668,603;5832110,683;13,56831985;52,55078336
9882;204864;11;1;1011401;2018;9;21;2;3;5;7;2;0;1;0;1;0;0;0;797310,3746;5829114,301;13,38391867;52,53081051
9883;204865;11;1;1033101;2018;9;18;4;3;0;2;0;1;1;0;0;0;0;0;797283,1391;5832230,355;13,38630721;52,55875701
9884;204866;11;1;1033201;2018;9;20;4;3;3;6;2;0;1;0;1;0;0;0;798423,3028;5830177,583;13,40123131;52,53973322
9885;204867;11;1;1011301;2018;9;21;2;3;5;2;2;1;1;0;0;0;0;0;797173,6775;5829176,672;13,3819652;52,53144414
9886;204868;11;6;6030503;2018;9;18;4;3;2;6;0;0;1;0;1;0;0;0;790946,6736;5818095,645;13,28075542;52,43546164
9887;204869;11;9;9020701;2018;9;20;4;3;5;2;1;1;1;0;0;0;0;0;809333,3161;5818492,577;13,55074997;52,42893165
9888;204870;11;12;12302212;2018;9;20;2;3;5;7;2;0;1;0;0;0;1;0;793490,8158;5837821,555;13,33548003;52,61093562
9889;204871;11;11;11020411;2018;9;19;2;3;2;6;2;0;1;0;0;0;0;0;806276,7659;5832102,493;13,51844501;52,55262761
9890;204872;11;4;4030726;2018;9;19;4;3;1;5;0;0;1;0;1;0;0;0;791760,4201;5825557,194;13,29921666;52,50192066
9891;204873;11;10;10030724;2018;9;19;2;3;2;3;1;1;1;0;0;0;0;0;809552,0788;5828022,011;13,56279939;52,51420854
9892;204874;11;1;1011401;2018;9;9;6;3;5;3;0;1;0;0;0;0;0;0;797396,4307;5829170,324;13,38523367;52,53126575
9893;204875;11;6;6040703;2018;9;16;3;3;5;2;0;1;1;0;0;0;0;0;787704,5692;5821695,483;13,23629733;52,46945175
9894;204876;11;4;4030518;2018;9;19;2;3;0;3;0;0;1;0;1;0;0;0;791914,1941;5828217,214;13,30380917;52,525685
9895;204877;11;5;5010101;2018;9;18;4;2;0;7;0;1;0;0;0;0;0;0;785375,4346;5831696,753;13,21068095;52,56034416
9896;204878;11;7;7050501;2018;9;18;4;3;3;5;0;0;1;0;0;0;0;0;797607,5847;5819915,348;13,38007189;52,44819003
9897;204879;11;7;7070704;2018;9;19;2;3;0;4;0;0;0;1;0;0;1;0;800625,386;5814138,265;13,4191531;52,39475599
9898;204880;11;12;12214424;2018;9;17;4;3;5;2;0;1;1;0;0;0;0;0;793043,6669;5832662,123;13,32433169;52,5649256
9899;204881;11;4;4031032;2018;9;9;2;3;3;6;0;0;0;0;0;0;1;0;791668,5625;5825128,52;13,2974918;52,49812676
9900;204882;11;1;1011204;2018;9;17;4;3;0;3;0;0;1;0;1;0;0;0;798616,7442;5826998,46;13,40122029;52,51113086
9901;204883;11;6;6020303;2018;9;17;4;3;2;6;0;0;1;0;1;0;0;0;795330,7792;5818483,173;13,34540208;52,4365861
9902;204884;11;1;1011105;2018;9;8;2;3;5;3;0;1;1;0;0;0;0;0;795764,0228;5826685,499;13,35902965;52,50987967
9903;204885;11;8;8010404;2018;9;13;4;3;2;6;0;0;1;0;0;0;1;0;802316,4031;5823266,95;13,45218466;52,47564749
9904;204886;11;11;11030720;2018;9;16;4;3;2;6;0;0;1;0;0;0;0;0;805494,9005;5830034,963;13,50504777;52,53453683
9905;204887;11;4;4030620;2018;9;8;2;3;5;2;0;0;1;0;0;0;0;0;792766,3967;5827046,373;13,31530435;52,51473186
9906;204888;11;9;9020502;2018;9;21;2;2;8;1;2;0;1;0;0;0;1;0;808841,7797;5821600,377;13,5464157;52,45706137
9907;204889;11;6;6040810;2018;9;16;4;2;3;6;0;1;1;0;0;0;0;0;791136,5131;5820004,35;13,28520323;52,45247242
9908;204890;11;1;1011203;2018;9;21;2;2;0;1;2;1;0;0;0;0;0;0;797758,5583;5827464,581;13,3890292;52,51577819
9909;204891;11;3;3040512;2018;9;8;6;3;2;7;0;0;0;0;1;0;1;1;796329,9692;5835321,97;13,37505086;52,58698938
9910;204892;11;2;2050802;2018;9;20;2;2;0;1;1;1;0;0;0;0;0;0;802292,0997;5827107,853;13,45531271;52,51008708
9911;204893;11;7;7060602;2018;9;16;4;3;5;3;0;1;1;0;0;0;0;0;797371,515;5816352,057;13,37343944;52,41637688
9912;204894;11;7;7040402;2018;9;13;3;3;0;1;0;0;0;0;1;0;0;0;796814,7418;5821006,865;13,36941017;52,45840553
9913;204895;11;9;9010302;2018;9;16;4;3;2;6;0;0;1;0;1;0;0;0;805475,099;5820477,707;13,49599502;52,4488914
9914;204896;11;9;9030901;2018;9;8;2;3;2;2;0;1;1;0;0;0;0;0;808096,8338;5816912,002;13,53116591;52,41546393
9915;204897;11;7;7040403;2018;9;16;4;3;5;3;0;0;1;0;1;0;0;0;797855,101;5821887,686;13,38546269;52,46573513
9916;204898;11;6;6030503;2018;9;7;2;3;5;2;0;1;1;0;0;0;0;0;789263,6411;5818038,508;13,25601759;52,43584208
9917;204899;11;11;11030721;2018;9;14;6;3;5;2;0;1;1;0;0;0;0;0;803725,7765;5827558,473;13,47678418;52,51332955
9918;204900;11;1;1011101;2018;9;7;2;3;0;4;0;1;0;1;0;0;0;0;794997,9947;5826325,088;13,34745573;52,50706364
9919;204901;11;3;3040508;2018;9;13;4;3;5;3;0;0;1;0;0;0;1;0;796443,0144;5836394,832;13,37767472;52,59654473
9920;204902;11;9;9051901;2018;9;5;2;3;5;2;1;0;0;0;1;0;1;0;809941,3177;5821619,502;13,56256396;52,45661038
9921;204903;11;12;12103218;2018;9;9;2;3;2;6;0;0;1;0;0;0;0;0;794004,1382;5835323,112;13,34082061;52,58826162
9922;204904;11;6;6030504;2018;9;13;4;3;5;3;0;1;1;0;0;0;0;0;790697,8197;5817496,519;13,27658415;52,43022265
9923;204905;11;5;5020625;2018;9;16;2;2;6;7;0;0;1;1;0;0;0;0;784532,8037;5828657,955;13,19568077;52,53353931
9924;204906;11;1;1011306;2018;9;8;6;3;3;6;0;0;1;0;1;0;0;1;799795,4284;5826996,032;13,41853434;52,5104626
9925;204907;11;7;7010102;2018;9;10;4;2;5;2;0;1;1;0;0;0;0;0;795004,9798;5825637,166;13,34694883;52,50089312
9926;204908;11;3;3020210;2018;9;14;1;3;5;3;0;1;1;0;0;0;0;0;798602,405;5835162,229;13,40834984;52,584315
9927;204909;11;1;1011201;2018;9;10;4;3;5;2;0;1;1;0;0;0;0;0;796964,6167;5827041,749;13,37698613;52,51242083
9928;204910;11;4;4020313;2018;9;15;4;2;6;4;0;0;0;1;1;0;0;0;790365,8678;5826008,78;13,27912358;52,50671306
9929;204911;11;8;8020625;2018;9;15;1;3;3;6;0;0;1;0;0;0;0;0;801477,6213;5817982,596;13,43510217;52,4287459
9930;204912;11;5;5020419;2018;9;14;1;3;5;2;0;0;1;0;0;0;0;0;780874,0292;5828325,651;13,14160237;52,53245756
9931;204913;11;4;4030620;2018;9;13;6;3;2;6;0;0;1;0;1;0;0;0;792492,0733;5827169,464;13,31138155;52,51598252
9932;204914;11;11;11030618;2018;9;14;1;3;1;7;0;0;1;0;0;0;0;0;803824,7027;5828977,127;13,47953314;52,5259894
9933;204915;11;8;8030829;2018;9;14;4;3;2;6;0;0;1;0;0;0;0;0;802714,8394;5818129,154;13,45337625;52,42937639
9934;204916;11;1;1011301;2018;9;12;6;3;1;5;0;1;1;0;0;0;0;0;797602,745;5828411,256;13,38758675;52,52434904
9935;204917;11;1;1044201;2018;9;10;4;3;1;5;0;0;1;0;0;0;0;0;796402,3296;5831513,731;13,3727125;52,5528134
9936;204918;11;6;6030503;2018;9;14;1;3;5;5;0;0;1;0;0;0;0;0;791028,3522;5818729,233;13,28250521;52,44109842
9937;204919;11;3;3040513;2018;9;15;4;3;0;3;0;1;1;0;0;0;0;0;797006,919;5833769,454;13,38362257;52,57270387
9938;204920;11;8;8010404;2018;9;15;4;3;5;2;0;1;1;0;0;0;0;0;802348,1271;5822761,626;13,45219229;52,47110067
9939;204921;11;4;4061757;2018;9;13;1;2;5;2;0;1;1;0;0;0;0;0;784992,0316;5822726,159;13,19735433;52,48011479
9940;204922;11;3;3050925;2018;9;14;4;3;6;4;0;0;1;1;0;0;0;0;801850,8902;5831401,455;13,45272952;52,54881499
9941;204923;11;2;2050801;2018;9;13;1;3;5;3;0;0;1;0;0;0;0;0;802443,2634;5827416,172;13,45781348;52,51276675
9942;204924;11;1;1033101;2018;9;14;4;3;6;4;0;0;1;1;0;0;0;0;797177,0262;5831956,747;13,38450157;52,55636237
9943;204925;11;1;1022103;2018;9;14;4;3;5;3;0;1;1;0;0;0;0;0;793622,9486;5829145,337;13,32974381;52,53308754
9944;204926;11;5;5020626;2018;9;11;1;3;5;2;0;1;1;0;0;0;0;0;784737,5705;5827492,889;13,19769361;52,52298639
9945;204927;11;7;7040403;2018;9;10;1;3;5;2;0;0;1;0;0;0;1;0;796915,6015;5822288,546;13,3720305;52,46983982
9946;204928;11;8;8010211;2018;9;14;4;3;5;3;0;0;1;0;1;0;0;0;800613,0543;5823773,627;13,42763795;52,48112918
9947;204929;11;6;6040703;2018;9;10;1;3;5;3;0;1;0;0;0;0;0;0;787701,6465;5821696,216;13,23625505;52,46945986
9948;204930;11;1;1011201;2018;9;8;6;3;1;5;0;1;1;0;0;0;0;1;797450,0193;5826850,195;13,38394658;52,51043929
9949;204931;11;9;9020802;2018;9;21;1;2;4;2;2;0;1;0;0;0;1;0;810031,6719;5820425,846;13,56278151;52,4458619
9950;204932;11;4;4051446;2018;9;10;4;3;1;5;0;1;0;0;0;0;1;0;792617,4928;5824842,332;13,31117915;52,49505317
9951;204933;11;3;3061126;2018;9;9;4;3;1;5;0;1;1;0;0;0;0;0;798837,383;5831884,701;13,40885472;52,55480805
9952;204934;11;1;1022206;2018;9;7;1;2;8;1;0;0;1;0;0;0;0;0;795798,3316;5828245,83;13,36092096;52,52384808
9953;204935;11;11;11030720;2018;9;9;4;3;5;3;0;1;0;0;0;0;0;0;805311,8915;5829107,1;13,50150594;52,52632352
9954;204936;11;2;2010103;2018;9;8;4;3;1;5;0;1;1;0;0;0;0;0;799233,4936;5826008,902;13,40939169;52,50192294
9955;204937;11;1;1044103;2018;9;21;1;3;0;7;2;0;1;0;1;0;0;0;794917,828;5831053,461;13,35047218;52,54949328
9956;204938;11;9;9020502;2018;9;6;1;2;1;1;0;0;1;0;0;0;0;0;808809,7261;5821599,315;13,54594447;52,45706996
9957;204939;11;12;12214528;2018;9;8;4;3;0;1;0;1;0;0;0;0;0;0;789438,415;5836229,657;13,27440787;52,59883745
9958;204940;11;7;7050503;2018;9;7;4;3;5;2;0;1;1;0;0;0;0;0;799105,5296;5819853,579;13,40199228;52,44681892
9959;204941;11;6;6030502;2018;9;18;1;3;5;2;0;0;1;0;1;0;0;0;789561,8204;5815407,556;13,25811423;52,41209662
9960;204942;11;4;4030931;2018;9;17;1;3;1;5;0;1;1;0;0;0;1;0;794543,4677;5825968,084;13,34046231;52,50410891
9961;204943;11;4;4020208;2018;9;5;4;3;0;2;2;1;0;0;0;0;1;0;788928,0581;5826101,636;13,25807891;52,50830893
9962;204944;11;2;2040701;2018;9;1;1;3;0;1;2;1;0;0;0;0;0;0;800594,9485;5827065,865;13,43034291;52,51064856
9963;204945;11;2;2020204;2018;9;8;6;3;5;3;0;0;1;0;1;0;0;1;798162,3124;5824813,212;13,39258738;52,49179143
9964;204946;11;1;1011401;2018;9;11;1;2;0;1;0;1;0;0;0;0;0;0;798414,5471;5829198,878;13,40022381;52,53096529
9965;204947;11;7;7040406;2018;9;0;4;2;5;3;2;0;1;0;1;0;0;0;800154,9898;5821504,118;13,41887113;52,46103846
9966;204948;11;2;2030302;2018;9;21;4;3;2;2;2;0;1;0;0;0;0;0;800406,8881;5825797,395;13,42643565;52,49938243
9967;204949;11;1;1011303;2018;9;16;1;3;2;6;0;0;1;0;1;0;0;0;799476,5228;5828775,918;13,41545158;52,52659171
9968;204950;11;8;8020727;2018;9;10;4;1;6;2;0;0;0;1;0;1;0;0;801021,4856;5817078,883;13,42760041;52,42089668
9969;204951;11;4;4051653;2018;9;17;3;3;6;4;0;1;0;1;0;0;0;0;793974,582;5824485,385;13,33079649;52,49112407
9970;204952;11;7;7040403;2018;9;15;1;3;3;6;0;0;1;0;1;0;0;0;797573,9228;5820789,482;13,3803569;52,45604409
9971;204953;11;3;3061228;2018;9;20;1;2;5;2;2;0;1;0;1;0;0;0;800232,8321;5831185,534;13,42874338;52,54777381
9972;204954;11;3;3040512;2018;9;16;3;3;5;3;0;0;1;0;1;0;0;0;795862,8518;5835595,229;13,36842012;52,58969311
9973;204955;11;11;11051331;2018;9;17;1;2;0;1;0;1;0;0;0;0;0;0;807249,2672;5824244,267;13,52548681;52,48165398
9974;204956;11;8;8020621;2018;9;8;6;2;5;2;0;0;1;0;1;0;0;1;800647,0248;5819368,793;13,4241693;52,44162812
9975;204957;11;1;1011303;2018;9;20;7;3;6;4;1;1;0;1;0;0;0;0;798929,7311;5828540,431;13,40720399;52,52478099
9976;204958;11;8;8030830;2018;9;15;3;3;5;2;0;1;1;0;0;0;0;0;802297,4317;5817829,24;13,44698459;52,42691899
9977;204959;11;5;5030730;2018;9;13;7;3;1;1;0;0;1;0;0;0;0;0;786975,9488;5829857,133;13,23263638;52,54300975
9978;204960;11;10;10020517;2018;9;7;6;3;5;3;0;0;1;0;0;0;0;1;813394,1411;5830258,175;13,62133949;52,53205281
9979;204961;11;3;3020307;2018;9;12;7;3;6;7;0;0;1;1;0;0;0;0;798967,7481;5837840,081;13,41614364;52,60811688
9980;204962;11;10;10040830;2018;9;15;3;3;5;3;0;1;1;0;0;0;0;0;810451,233;5824684,506;13,57289632;52,48378838
9981;204963;11;12;12214527;2018;9;15;3;3;5;2;0;1;1;0;0;0;0;0;789987,0148;5834773,325;13,28120996;52,58548923
9982;204964;11;8;8010406;2018;9;13;7;3;5;3;0;0;1;0;0;0;0;0;802381,4367;5824041,054;13,45384123;52,48254982
9983;204965;11;1;1033203;2018;9;15;3;3;6;4;0;1;0;1;0;0;0;0;796682,0091;5830794,537;13,37618287;52,54621435
9984;204966;11;1;1011301;2018;9;14;3;3;1;1;0;0;1;0;1;0;0;0;797456,5143;5828847,653;13,3858281;52,52834061
9985;204967;11;2;2030302;2018;9;12;7;3;1;5;0;1;1;0;0;0;1;0;801284,259;5826172,412;13,4396607;52,50226011
9986;204968;11;4;4041344;2018;9;7;6;2;0;5;0;1;1;0;0;0;0;1;793379,1286;5822237,354;13,32007327;52,47129162
9987;204969;11;1;1044102;2018;9;11;7;3;5;2;0;1;1;0;0;0;0;0;794599,3835;5832285,143;13,34688244;52,56070668
9988;204970;11;4;4020313;2018;9;14;3;2;3;6;0;0;1;0;1;0;0;0;790186,0308;5826052,819;13,27651974;52,50720357
9989;204971;11;11;11010310;2018;9;11;7;3;5;2;0;1;1;0;0;0;0;0;805420,4366;5833323,318;13,50697768;52,56404982
9990;204972;11;7;7030303;2018;9;6;6;3;5;3;1;1;1;0;0;0;0;1;795032,3668;5821873,362;13,34401991;52,46713827
9991;204973;11;6;6030608;2018;9;15;3;2;5;3;0;1;0;0;0;0;0;0;791935,5553;5817211,945;13,29448919;52,42701234
9992;204974;11;4;4020311;2018;9;13;3;3;5;2;0;1;1;0;0;0;0;0;789335,2673;5826421,034;13,26433976;52,5109566
9993;204975;11;4;4020311;2018;9;11;7;3;2;6;0;0;1;0;0;0;0;0;789092,8908;5826981,367;13,26126506;52,51610866
9994;204976;11;4;4041137;2018;9;13;3;3;1;5;0;1;1;0;0;0;0;0;791401,1211;5824365,251;13,29289564;52,49142696
9995;204977;11;7;7070706;2018;9;13;3;3;2;2;0;1;1;0;0;0;0;0;799496,2767;5812661,233;13,40128901;52,38213465
9996;204978;11;1;1044203;2018;9;11;7;3;5;2;0;0;1;0;0;0;0;0;795887,205;5831929,475;13,36550762;52,55682021
9997;204979;11;4;4030725;2018;9;11;7;2;2;3;0;1;1;0;0;0;0;0;791287,7345;5826062,486;13,29271477;52,50670312
9998;204980;11;2;2040503;2018;9;16;5;3;5;7;0;0;1;0;0;0;0;0;801720,0564;5828640,115;13,44829886;52,52413754
9999;204981;11;10;10010206;2018;9;13;3;3;2;6;0;0;1;0;0;0;0;0;809937,939;5831682,464;13,57187979;52,54679271
10000;204982;11;7;7010104;2018;9;10;7;3;2;7;0;1;1;0;0;0;0;0;796301,488;5824307,236;13,36481013;52,48826907
10001;204983;11;1;1044203;2018;9;12;3;3;5;2;0;1;1;0;0;0;0;0;795964,6284;5831980,797;13,36669208;52,55723819
10002;204984;11;4;4051655;2018;9;6;7;3;2;4;1;0;1;1;1;0;0;0;794192,9915;5823101,373;13,33278256;52,47859944
10003;204985;11;9;9020801;2018;9;13;5;3;2;2;0;0;1;0;0;0;0;0;809766,258;5820692,624;13,55913616;52,44840314
10004;204986;11;9;9041601;2018;9;10;7;3;9;1;0;0;1;0;0;0;0;0;816639,205;5817422,433;13,65683667;52,41516359
10005;204987;11;6;6030610;2018;9;12;3;3;2;6;0;0;1;0;0;0;0;0;792722,7029;5818026,423;13,30674597;52,43389348
10006;204988;11;9;9052001;2018;9;18;7;2;4;6;0;0;1;0;0;0;0;0;810947,9805;5822194,848;13,57786735;52,46119463
10007;204989;11;12;12231101;2018;9;14;5;3;9;1;0;0;1;0;0;0;0;0;790641,146;5837379,968;13,29312567;52,60850822