;OBJECTID;LAND;BEZ;LOR;UJAHR;UMONAT;USTUNDE;UWOCHENTAG;UKATEGORIE;UART;UTYP1;ULICHTVERH;IstRad;IstPKW;IstFuss;IstKrad;IstGkfz;IstSonstige;USTRZUSTAND;LINREFX;LINREFY;XGCSWGS84;YGCSWGS84
10008;204990;11;1;1011105;2018;9;12;3;3;5;2;0;1;1;0;0;0;0;0;796012,8981;5826207,685;13,36226119;52,50546151
10009;204991;11;1;1033101;2018;9;18;7;3;6;4;0;0;0;1;0;0;1;0;797702,175;5832880,715;13,39305367;52,5643577
10010;204992;11;7;7040405;2018;9;14;3;3;5;2;0;0;1;0;0;1;0;0;798896,8372;5821214,565;13,40014884;52,45913258
10011;204993;11;4;4030726;2018;9;16;3;3;3;6;0;0;1;0;1;0;0;0;792294,0431;5825437,103;13,30695031;52,50055848
10012;204994;11;5;5020524;2018;9;10;3;3;2;6;0;0;1;0;0;0;0;0;782927,3598;5826879,71;13,17056239;52,5184308
10013;204995;11;6;6010207;2018;9;18;7;3;5;2;0;0;1;0;0;0;0;0;794261,5308;5820263,25;13,33128615;52,45312007
10014;204996;11;1;1011103;2018;9;18;7;3;5;2;0;0;1;0;0;0;0;0;795182,2404;5825905,128;13,34979016;52,50319936
10015;204997;11;4;4030620;2018;9;9;3;3;6;4;0;0;0;1;1;0;0;0;792261,3773;5827417,339;13,30820925;52,51832833
10016;204998;11;1;1011402;2018;9;17;7;3;5;7;0;0;1;0;1;0;0;0;798356,6387;5829696,818;13,39981963;52,53546033
10017;204999;11;4;4051448;2018;9;16;7;3;5;2;0;1;1;0;0;0;0;0;793475,5207;5824733,03;13,32368527;52,49361264
10018;205000;11;7;7010101;2018;9;9;3;3;0;1;0;0;1;0;1;0;0;0;794880,0835;5825575,622;13,34505972;52,50040893
10019;205001;11;3;3061227;2018;9;22;3;2;5;3;2;1;1;0;0;0;0;0;799689,3423;5831264,513;13,42082358;52,54878098
10020;205002;11;2;2010104;2018;9;16;7;3;2;6;0;1;1;0;0;0;0;0;799653,1206;5825662,495;13,41524354;52,49858766
10021;205003;11;8;8020726;2018;9;21;3;3;5;3;2;1;0;0;0;0;1;0;800160,783;5817057,179;13,41496208;52,42117488
10022;205004;11;8;8010214;2018;9;16;5;3;6;4;0;1;0;1;0;0;0;0;801849,756;5822383,831;13,44453579;52,46799003
10023;205005;11;12;12103117;2018;9;20;3;3;5;3;1;0;1;0;1;0;0;0;796265,7332;5832379,151;13,37147616;52,56064528
10024;205006;11;2;2030402;2018;9;15;7;3;5;3;0;1;1;0;0;0;0;0;801232,245;5825619,231;13,4383964;52,49733055
10025;205007;11;8;8010212;2018;9;19;3;3;6;7;0;0;1;1;0;0;0;0;801306,5755;5823561,151;13,43762736;52,47884249
10026;205008;11;5;5020627;2018;9;9;3;3;2;6;0;0;1;0;0;0;0;0;785599,7618;5828042,721;13,21083931;52,52746517
10027;205009;11;4;4020209;2018;9;15;7;2;0;1;0;1;0;0;0;0;0;0;789826,6761;5824917,558;13,27025173;52,49721675
10028;205010;11;1;1011402;2018;9;15;7;3;5;3;0;1;0;0;1;0;0;0;798126,5914;5829905,427;13,39662516;52,53745612
10029;205011;11;1;1011301;2018;9;19;3;3;5;2;0;1;1;0;0;0;0;0;796941,4973;5828909,968;13,37831423;52,52917996
10030;205012;11;8;8010404;2018;9;13;7;3;6;4;0;0;0;1;0;0;1;0;802241,8217;5822905,258;13,45076217;52,47244689
10031;205013;11;7;7030301;2018;9;20;5;3;6;7;2;1;0;1;0;0;0;0;794404,1677;5822398,237;13,33526234;52,47218239
10032;205014;11;4;4030827;2018;9;15;7;3;1;5;0;1;1;0;0;0;0;0;792456,2641;5826261,616;13,31005753;52,50786312
10033;205015;11;2;2020206;2018;9;0;3;3;5;2;2;1;1;0;0;0;0;0;799770,6943;5824491,289;13,41591655;52,488025
10034;205016;11;11;11020411;2018;9;9;3;3;5;3;0;1;1;0;0;0;0;0;804974,7079;5833032,79;13,50015527;52,56169586
10035;205017;11;6;6020301;2018;9;21;7;2;0;6;2;1;1;0;0;0;0;0;795823,1635;5818310,563;13,35247144;52,43477268
10036;205018;11;11;11030619;2018;9;9;3;2;0;3;0;0;1;0;1;0;0;0;803538,7976;5829741,887;13,47603001;52,53300297
10037;205019;11;10;10020414;2018;9;18;3;2;6;4;0;0;1;1;0;0;0;0;812377,2834;5830961,272;13,60705838;52,53893697
10038;205020;11;10;10010102;2018;9;22;7;3;5;2;2;0;1;0;0;0;1;0;809959,6868;5833989,207;13,57435348;52,56745211
10039;205021;11;1;1011304;2018;9;21;7;2;2;6;2;1;1;0;0;0;0;0;800052,9393;5828095,523;13,42330886;52,52017616
10040;205022;11;1;1033102;2018;9;9;3;2;5;3;0;1;0;0;0;1;0;0;797674,3862;5831310,16;13,39123638;52,55029494
10041;205023;11;12;12304313;2018;9;9;3;2;5;2;0;1;0;0;0;0;1;0;791841,5587;5834653,118;13,30839966;52,58341992
10042;205024;11;6;6020409;2018;9;19;7;3;5;7;2;0;1;0;1;0;0;0;793287,7268;5817006,258;13,31413875;52,42444524
10043;205025;11;7;7020201;2018;9;19;7;3;2;6;0;0;1;0;1;0;0;0;794950,3774;5824650,999;13,34527355;52,49208231
10044;205026;11;3;3050923;2018;9;8;3;3;0;1;0;0;0;0;1;0;0;0;801057,2726;5831414,547;13,44107268;52,5493715
10045;205027;11;5;5010102;2018;9;13;7;3;5;3;0;1;1;0;0;0;0;0;785208,3767;5831862,668;13,20836587;52,56191926
10046;205028;11;11;11041128;2018;9;19;5;3;5;2;1;1;1;0;0;0;0;0;805898,1007;5825851,253;13,50712749;52,49681496
10047;205029;11;4;4051551;2018;9;13;7;3;0;2;0;1;1;0;0;0;0;0;792837,5617;5823210,159;13,31297733;52,48030317
10048;205030;11;7;2020203;2018;9;8;3;3;2;6;0;0;1;0;1;0;0;0;797138,9412;5824763,923;13,3775148;52,49190763
10049;205031;11;7;7040405;2018;9;6;3;3;5;7;0;0;1;0;0;0;1;0;798794,6932;5821822,988;13,39919461;52,46464219
10050;205032;11;11;11030618;2018;9;8;3;3;2;6;0;0;1;0;0;0;0;0;802449,312;5828881,582;13,45923464;52,52589776
10051;205033;11;2;2010102;2018;9;1;7;3;5;7;2;0;1;0;0;0;1;0;798322,0649;5825625,229;13,39566054;52,49898286
10052;205034;11;2;2050602;2018;9;18;3;3;2;6;1;0;1;0;1;0;0;0;802900,0718;5827649,473;13,46473669;52,51460432
10053;205035;11;3;3071536;2018;9;20;7;1;0;7;1;1;0;0;0;1;0;0;799114,8688;5830271,855;13,41148277;52,54019906
10054;205036;11;6;6040810;2018;9;19;5;2;5;2;0;1;1;0;0;0;0;0;792355,0426;5820818,798;13,30379691;52,45912351
10055;205037;11;12;12214424;2018;9;23;6;3;2;6;2;0;1;0;0;0;0;1;793255,511;5832589,265;13,3273837;52,5641584
10056;205038;11;9;9020801;2018;9;18;3;3;2;6;1;0;1;0;1;0;0;0;809777,0355;5820607,81;13,55921559;52,44763695
10057;205039;11;5;5010314;2018;9;20;6;3;6;7;1;0;0;1;0;1;0;0;784986,5202;5829051,594;13,20268923;52,5368316
10058;205040;11;3;3010102;2018;9;18;5;3;5;3;0;1;1;0;0;0;0;0;804436,178;5840688,804;13,49927346;52,63061316
10059;205041;11;7;7020201;2018;9;18;3;3;5;2;1;1;1;0;0;0;0;0;794963,3163;5824306,103;13,34515827;52,48898356
10060;205042;11;2;2020206;2018;9;20;6;3;1;5;2;1;1;0;0;0;0;0;799869,6955;5824462,415;13,41734424;52,48771183
10061;205043;11;1;1011304;2018;9;22;6;3;5;2;2;0;1;0;0;0;0;0;799734,446;5827561,896;13,41814812;52,51556819
10062;205044;11;6;6030502;2018;9;8;3;3;0;1;0;1;0;0;0;0;0;0;790234,9453;5814947,731;13,26758438;52,40761764
10063;205045;11;10;10010203;2018;9;7;6;3;0;3;0;0;0;0;1;1;0;1;806950,727;5832584,259;13,52879955;52,55656583
10064;205046;11;4;4030726;2018;9;18;3;3;5;2;0;0;1;0;0;0;0;0;792309,7036;5825385,011;13,30713463;52,50008311
10065;205047;11;6;6010101;2018;9;19;6;2;6;7;2;0;1;1;0;0;0;0;793451,7452;5820672,975;13,3197637;52,45722847
10066;205048;11;9;9020701;2018;9;18;3;3;2;6;0;0;1;0;0;0;0;0;809337,736;5818509,287;13,55083023;52,4290789
10067;205049;11;5;5040938;2018;9;7;3;3;4;2;0;1;1;0;0;0;0;0;780055,8171;5819247,508;13,12194052;52,45147594
10068;205050;11;8;8010214;2018;9;19;6;3;3;6;1;1;0;0;1;0;0;0;802092,0397;5822441,483;13,44814378;52,46837286
10069;205051;11;5;5020626;2018;9;19;6;3;5;2;0;1;1;0;0;0;0;0;784148,8035;5827297,437;13,18887206;52,52154111
10070;205052;11;2;2040502;2018;9;18;6;3;5;3;0;1;1;0;0;0;0;0;800459,645;5828466,641;13,4296202;52,52327866
10071;205053;11;5;5020523;2018;9;17;3;3;5;3;0;1;1;0;0;0;0;0;782319,0391;5827350,057;13,16202025;52,52296342
10072;205054;11;1;1033102;2018;9;18;6;3;2;4;0;0;1;1;1;0;0;0;797342,7407;5831210,678;13,38627052;52,54958434
10073;205055;11;9;9031001;2018;9;7;3;3;2;6;0;0;1;0;0;0;1;0;809171,8508;5815154,256;13,54529938;52,39910486
10074;205056;11;3;3020209;2018;9;18;6;2;5;3;0;0;1;0;1;0;0;0;798160,222;5836121,647;13,40270618;52,59315727
10075;205057;11;1;1011103;2018;9;17;3;3;3;6;0;0;1;0;1;0;0;0;795554,8587;5825769,384;13,35514333;52,50178081
10076;205058;11;12;12214422;2018;9;17;3;3;2;6;0;0;1;0;0;0;0;0;792065,1339;5832942,088;13,31018284;52,56796122
10077;205059;11;7;7010101;2018;9;18;6;3;5;2;0;0;1;0;1;0;0;0;794928,0091;5825680,79;13,34585684;52,50132579
10078;205060;11;8;8041037;2018;9;16;3;3;6;4;0;0;1;1;0;0;0;0;805671,9554;5817010,031;13,4957125;52,41770202
10079;205061;11;9;9020502;2018;9;16;3;3;2;6;0;0;1;0;0;0;0;0;809365,828;5821509,808;13,55401979;52,45595335
10080;205062;11;1;1044203;2018;9;17;6;3;1;5;0;1;1;0;0;0;1;0;795173,0248;5831295,898;13,35444041;52,5515283
10081;205063;11;9;9020802;2018;9;15;6;3;1;5;0;1;0;0;0;0;0;0;810194,9118;5820381,451;13,56513444;52,44537147
10082;205064;11;1;1022106;2018;9;16;3;3;2;2;0;1;1;0;0;0;0;0;793964,2263;5828206,564;13,33393057;52,52448804
10083;205065;11;4;4020311;2018;9;15;6;3;0;1;0;0;0;0;1;0;0;0;789374,3855;5826181,557;13,26470636;52,50878887
10084;205066;11;4;4020314;2018;9;14;6;3;3;6;0;0;1;0;0;0;0;0;790556,3096;5825380,169;13,28137304;52,50097613
10085;205067;11;6;6030608;2018;9;0;3;3;5;3;2;0;1;0;0;0;0;0;792757,09;5817474,668;13,30676726;52,42892866
10086;205068;11;8;8020622;2018;9;18;3;3;0;1;0;0;0;0;1;0;0;0;801266,8018;5819689,738;13,43354936;52,44416378
10087;205069;11;7;7030301;2018;9;14;6;3;2;6;0;0;1;0;0;0;0;0;794419,2915;5822327,46;13,33542189;52,47153975
10088;205070;11;4;4030828;2018;9;0;3;3;5;7;2;0;1;0;0;0;0;0;792788,4736;5826108,119;13,31480337;52,50630887
10089;205071;11;4;4030931;2018;9;23;3;3;5;3;2;0;1;0;0;0;0;0;793976,9656;5826178,339;13,33232581;52,50629925
10090;205072;11;1;1022206;2018;9;14;6;3;5;3;0;0;1;0;0;0;0;0;795724,5278;5828198,65;13,35979435;52,52346518
10091;205073;11;11;11010103;2018;9;13;6;3;6;7;0;0;0;1;0;0;1;0;808300,5489;5834044,382;13,55000353;52,56888868
10092;205074;11;2;2020206;2018;9;22;3;3;6;7;2;0;1;1;0;0;0;0;799669,3067;5825300,872;13,41515593;52,49533737
10093;205075;11;1;1011304;2018;9;1;6;3;5;3;2;1;1;0;0;0;0;0;799746,807;5827565,503;13,41833299;52,51559372
10094;205076;11;12;12231101;2018;9;15;3;2;1;7;0;0;1;0;1;0;0;0;790831,4654;5837630,336;13,29614839;52,61065091
10095;205077;11;4;4051654;2018;9;9;6;3;5;2;0;1;0;0;0;0;1;1;793436,0842;5823923,222;13,32239295;52,48637423
10096;205078;11;8;8030829;2018;9;13;3;3;5;2;0;1;1;0;0;0;0;0;802776,0258;5818729,004;13,4548166;52,43471906
10097;205079;11;12;12103218;2018;9;9;6;3;0;1;0;0;0;1;1;0;0;1;793576,8916;5832520,528;13,33205055;52,56336901
10098;205080;11;12;12231101;2018;9;6;3;3;5;3;0;1;1;0;0;0;0;0;790883,2405;5838373,081;13,29756399;52,61728171
10099;205081;11;6;6030504;2018;9;7;6;3;2;1;0;0;1;0;0;0;1;1;789244,889;5817131,139;13,25495757;52,42771699
10100;205082;11;1;1022104;2018;9;9;6;2;5;2;0;1;0;0;1;0;0;0;794052,1686;5828470,242;13,33545625;52,52680433
10101;205083;11;11;11041128;2018;9;19;2;3;5;3;1;1;1;0;0;0;0;0;805525,3887;5825984,202;13,50177629;52,49821527
10102;205084;11;4;4051446;2018;9;17;2;3;5;2;0;0;1;0;0;0;0;0;792412,2458;5824956,371;13,30826461;52,49618551
10103;205085;11;12;12214424;2018;9;9;6;3;2;6;0;0;1;0;0;1;0;1;793215,4431;5832378,31;13,32660785;52,56228888
10104;205086;11;8;8020726;2018;9;16;2;3;5;2;0;0;1;0;0;0;1;0;799653,0538;5816431,646;13,40695793;52,41584603
10105;205087;11;7;7040403;2018;9;17;2;3;0;2;0;0;1;1;0;0;0;0;797635,2857;5821061,007;13,38149936;52,45844461
10106;205088;11;4;4030623;2018;9;9;6;3;2;6;0;0;1;0;0;0;0;1;793656,697;5826067,299;13,32752271;52,50547631
10107;205089;11;4;4020311;2018;9;9;6;3;2;7;0;0;1;0;1;0;0;1;790010,2442;5826392,811;13,27423321;52,51034513
10108;205090;11;3;3030715;2018;9;17;2;3;2;6;0;0;1;0;0;0;0;0;800837,2346;5834740,04;13,44085268;52,57929979
10109;205091;11;11;11030618;2018;9;9;6;3;2;6;0;1;1;0;0;0;0;1;803270,458;5828973,827;13,47138552;52,5262684
10110;205092;11;8;8010214;2018;9;17;2;3;5;2;0;1;1;0;0;0;0;0;801859,5144;5822386,125;13,44468108;52,4680052
10111;205093;11;4;4051655;2018;9;20;4;3;5;7;2;1;1;0;0;0;0;0;794190,4101;5823111,7;13,33275377;52,47869341
10112;205094;11;6;6010205;2018;9;0;7;3;2;2;2;0;1;0;0;0;0;0;796072,9852;5819856,413;13,35750513;52,44849495
10113;205095;11;11;11030721;2018;9;13;4;2;0;1;0;0;0;0;1;0;0;0;803777,8636;5827912,598;13,47787266;52,51647446
10114;205096;11;5;5020627;2018;9;10;6;2;9;1;0;0;0;0;0;0;1;0;786155,0887;5827231,241;13,21830461;52,51989839
10115;205097;11;12;12103218;2018;9;19;4;3;5;2;2;1;1;0;0;0;0;0;794539,102;5833158,71;13,34677129;52,56857013
10116;205098;11;7;7040401;2018;9;23;7;3;5;3;2;0;1;0;0;0;0;1;797254,9712;5822955,326;13,37760602;52,47563228
10117;205099;11;1;1011102;2018;9;20;7;3;6;4;2;0;0;1;1;0;0;0;796523,2368;5827962,259;13,37132158;52,5209124
10118;205100;11;3;3040614;2018;9;19;4;3;0;3;1;1;1;0;0;0;0;0;798244,0469;5833445,156;13,40153165;52,56912053
10119;205101;11;1;1044201;2018;9;19;7;2;5;2;1;0;1;0;0;0;1;0;796318,1861;5831640,616;13,37158834;52,55399657
10120;205102;11;3;3061227;2018;9;17;4;3;1;5;0;1;1;0;0;0;0;0;799417,1701;5831751,703;13,41726097;52,55329751
10121;205103;11;2;2040703;2018;9;19;7;3;2;6;0;1;1;0;0;0;0;0;801199,2929;5826553,392;13,43875738;52,50572182
10122;205104;11;2;2040701;2018;9;17;4;3;3;2;0;1;1;0;0;0;0;0;800575,518;5827015,748;13,4300122;52,51021004
10123;205105;11;1;1022101;2018;9;13;4;3;2;6;0;0;1;0;1;0;0;0;793063,6741;5828567,782;13,32101314;52,52821102
10124;205106;11;4;4041137;2018;9;17;7;3;5;2;0;1;1;0;0;0;0;0;790960,1739;5823006,557;13,28523334;52,47948141
10125;205107;11;1;1011202;2018;9;20;5;2;0;1;2;1;0;0;0;0;0;0;798199,2752;5827955,025;13,39594431;52,5199336
10126;205108;11;7;7040401;2018;9;15;7;3;2;2;0;0;1;0;0;0;1;0;797761,442;5823954,551;13,38593332;52,48431333
10127;205109;11;3;3040818;2018;9;13;7;3;5;3;0;1;1;0;0;0;0;0;799993,7421;5833017,541;13,42688367;52,5643263
10128;205110;11;3;3050923;2018;9;11;4;3;5;2;0;1;1;0;0;0;0;0;801056,7983;5831435,323;13,44108454;52,54955799
10129;205111;11;3;11020513;2018;9;18;5;3;2;7;1;0;1;0;0;0;0;0;802848,7424;5831389,389;13,4673897;52,54815304
10130;205112;11;7;7040403;2018;9;11;4;3;5;2;0;1;0;0;0;0;1;0;797349,3107;5822066,065;13,37819828;52,46760962
10131;205113;11;1;1044201;2018;9;11;7;3;6;4;0;0;1;1;0;0;0;0;796892,0661;5831550,873;13,37994768;52,5528796
10132;205114;11;12;12103218;2018;9;23;7;2;8;1;2;0;0;0;1;0;0;0;794831,4477;5833065,651;13,35098946;52,56757768
10133;205115;11;2;2040703;2018;9;16;5;3;5;3;0;1;1;0;0;0;0;0;801756,9663;5826236,156;13,44666141;52,50257025
10134;205116;11;6;6030502;2018;9;11;4;3;1;5;0;1;0;0;0;0;1;0;789776,8315;5815381,091;13,26124365;52,41174557
10135;205117;11;1;1011402;2018;9;19;6;3;6;4;1;1;0;1;0;0;0;0;798757,4789;5829621,347;13,40564394;52,53456427
10136;205118;11;4;4051655;2018;9;15;5;3;6;4;0;1;0;1;0;0;0;0;794434,6536;5823919,635;13,33705328;52,48580448
10137;205119;11;2;2040503;2018;9;10;4;3;5;3;0;1;1;0;0;0;0;0;801743,8946;5828382,062;13,44841504;52,5218114
10138;205120;11;12;12214125;2018;9;23;6;3;5;2;2;0;1;0;1;0;0;0;791132,172;5833966,674;13,29735626;52,57764617
10139;205121;11;3;3061429;2018;9;9;4;3;5;3;0;0;1;0;0;0;0;0;801415,9892;5830921,172;13,44589925;52,544751
10140;205122;11;1;1011303;2018;9;10;4;3;1;5;0;1;0;0;0;0;1;0;799250,5018;5828649,041;13,41201571;52,52557855
10141;205123;11;8;8010117;2018;9;18;6;3;1;5;0;1;1;0;0;0;0;0;800465,4514;5823629,268;13,4253409;52,47991646
10142;205124;11;8;8010211;2018;9;19;6;3;5;2;0;1;1;0;0;0;0;0;800617,3586;5823774,652;13,42770206;52,48113599
10143;205125;11;4;4030930;2018;9;10;5;3;6;7;0;0;1;1;0;0;0;0;793289,7707;5825469,914;13,32160597;52,50031836
10144;205126;11;4;4051446;2018;9;8;4;3;5;3;0;0;1;0;0;0;0;0;792609,876;5824955,755;13,31116691;52,49607406
10145;205127;11;2;2040502;2018;9;19;6;3;4;6;1;1;0;0;0;0;0;0;800655,0331;5828465,721;13,43249058;52,52316272
10146;205128;11;4;4030623;2018;9;8;6;3;1;5;0;1;1;0;0;0;0;0;793754,2642;5826076,686;13,32896435;52,50550794
10147;205129;11;3;3050923;2018;9;9;4;3;1;5;0;1;1;0;0;0;0;0;800543,8427;5831814,713;13,43388565;52,55324178
10148;205130;11;2;2030301;2018;9;9;4;3;2;2;0;1;1;0;0;0;0;0;799984,327;5826187,948;13,42058126;52,50311556
10149;205131;11;10;10010311;2018;9;23;6;2;5;3;2;1;1;0;0;0;0;0;810167,8469;5831721,914;13,57529624;52,54701539
10150;205132;11;10;10020416;2018;9;16;4;3;6;4;0;0;1;1;0;0;0;0;813041,7204;5831123,461;13,616976;52,54000909
10151;205133;11;2;2050801;2018;9;16;4;3;2;6;0;1;1;0;0;0;0;0;803068,7042;5827455,866;13,46703779;52,51277537
10152;205134;11;10;10020414;2018;9;16;4;2;6;4;0;0;1;1;0;0;0;0;812222,3187;5830684,846;13,60452122;52,53654869
10153;205135;11;2;2010103;2018;9;22;6;3;2;2;2;0;1;0;0;0;0;0;799300,8746;5826174,077;13,41052986;52,50336654
10154;205136;11;10;10030727;2018;9;16;4;2;5;2;0;1;1;0;0;0;0;0;808956,757;5826425,433;13,55257279;52,50023788
10155;205137;11;2;2010103;2018;9;15;4;3;5;2;0;1;1;0;0;0;0;0;799292,6658;5826222,021;13,41045238;52,50380079
10156;205138;11;12;12103220;2018;9;10;6;3;5;7;0;1;1;0;0;0;0;0;794125,0056;5833877,339;13,34131656;52,57523602
10157;205139;11;9;9020501;2018;9;9;6;3;2;2;0;0;1;0;0;0;0;0;805672,0463;5824133,232;13,50223217;52,48154396
10158;205140;11;2;2020204;2018;9;8;5;3;0;1;0;1;0;0;0;0;0;0;798369,1579;5825302,057;13,39606273;52,49606028
10159;205141;11;3;3020307;2018;9;15;4;3;1;5;0;1;1;0;0;0;0;0;800616,8776;5836754,315;13,43943811;52,59747565
10160;205142;11;7;7030302;2018;9;9;6;3;0;6;0;0;1;0;0;1;0;0;794343,7279;5821974,765;13,33400147;52,46841874
10161;205143;11;2;2020204;2018;9;15;4;3;5;3;0;1;1;0;0;0;0;0;798718,5666;5824698,719;13,40065336;52,49046103
10162;205144;11;2;2010104;2018;9;15;4;3;3;6;0;1;0;0;0;0;0;0;798596,1517;5825583,8;13,39964904;52,4984616
10163;205145;11;5;5030832;2018;9;9;6;2;1;5;0;1;1;0;0;0;0;0;789888,2488;5829235,378;13,27491839;52,53589397
10164;205146;11;6;6020302;2018;9;14;4;3;5;3;0;1;1;0;0;0;0;0;794430,1303;5818843,384;13,33250872;52,44030082
10165;205147;11;1;1022207;2018;9;9;6;3;0;6;0;1;1;0;0;0;0;0;794450,5614;5827709,567;13,3406383;52,51977035
10166;205148;11;9;9010402;2018;9;15;4;3;2;6;0;0;1;0;0;0;0;0;805746,3794;5818843,067;13,4984789;52,43408921
10167;205149;11;8;8010405;2018;9;18;6;2;6;4;1;1;0;1;0;0;0;0;802116,1921;5823638,033;13,44958201;52,47908432
10168;205150;11;6;6020409;2018;9;8;6;3;6;7;0;1;0;1;0;0;0;0;794125,7147;5817635,156;13,32698015;52,4296333
10169;205151;11;4;4030519;2018;9;16;4;3;2;6;0;0;1;0;0;0;0;0;791355,8357;5828696,072;13,29602187;52,53027658
10170;205152;11;6;6040810;2018;9;0;6;3;0;5;2;1;1;0;0;0;0;0;791301,5048;5821512,655;13,2889405;52,46590657
10171;205153;11;4;4030827;2018;9;18;6;3;2;6;0;0;1;0;1;0;0;0;792307,9844;5826109,867;13,30774573;52,5065822
10172;205154;11;1;1011302;2018;9;10;6;3;0;1;0;1;0;0;0;0;0;0;799038,6265;5828956,153;13,40917817;52,52844761
10173;205155;11;8;8010211;2018;9;6;5;2;5;7;0;0;1;0;1;0;0;0;800949,1794;5823860,272;13,43265076;52,48172067
10174;205156;11;4;4030620;2018;9;15;4;3;0;1;0;1;0;0;0;0;0;0;791971,6326;5827402,083;13,30393785;52,51834676
10175;205157;11;4;4031032;2018;9;8;6;3;5;5;0;0;1;0;1;0;0;0;791327,1866;5825077,84;13,29243293;52,49785475
10176;205158;11;8;8010301;2018;9;18;6;2;3;6;0;1;0;0;0;0;1;0;800676,999;5824384,907;13,42912806;52,48657308
10177;205159;11;4;4031032;2018;9;13;4;2;0;4;0;0;0;1;0;1;1;0;791452,007;5825068,584;13,29425833;52,49770513
10178;205160;11;1;1011302;2018;9;15;5;2;3;6;0;1;1;0;0;0;0;0;798902,139;5829041,789;13,40724919;52,52929007
10179;205161;11;8;8030829;2018;9;17;4;3;6;4;0;0;1;1;0;0;0;0;803647,1971;5818077,077;13,46700012;52,42839297
10180;205162;11;2;2020206;2018;9;8;6;3;6;4;0;1;0;1;0;0;0;1;800342,8033;5824554,407;13,42437389;52,48827633
10181;205163;11;7;7020202;2018;9;17;4;3;5;2;0;1;0;0;1;0;0;0;794718,6879;5823910,479;13,341216;52,48556915
10182;205164;11;6;6010205;2018;9;19;5;3;1;5;2;1;1;0;0;0;0;0;795527,5355;5819721,531;13,3493832;52,44758092
10183;205165;11;11;11051331;2018;9;16;4;3;5;3;0;0;1;0;0;0;0;0;807372,7106;5824559,211;13,52758922;52,48440709
10184;205166;11;10;10010309;2018;9;17;6;3;2;6;0;1;1;0;0;0;0;0;807961,6504;5829232,433;13,5405572;52,52595652
10185;205167;11;8;8010118;2018;9;7;6;3;6;4;0;0;1;1;0;0;0;0;800926,7905;5821919,729;13,43057142;52,46433927
10186;205168;11;7;7030301;2018;9;16;5;3;2;7;0;0;1;0;0;0;0;0;794043,0803;5821649,992;13,32930219;52,46566919
10187;205169;11;1;1011201;2018;9;12;4;3;5;7;0;0;1;0;0;0;0;0;796957,1686;5826782,854;13,3766457;52,51010417
10188;205170;11;10;10040829;2018;9;7;6;3;5;3;0;1;1;0;0;0;0;1;811009,4667;5827597,047;13,58380966;52,50957127
10189;205171;11;7;7010104;2018;9;15;5;3;5;3;0;1;1;0;0;0;0;0;796422,6064;5824866,118;13,36708587;52,49321318
10190;205172;11;11;11041128;2018;9;12;4;3;2;2;0;0;1;0;0;0;0;0;805402,457;5826057,65;13,50003837;52,49894235
10191;205173;11;11;11030720;2018;9;7;6;2;5;3;0;0;1;0;1;0;0;0;805197,6993;5828973,814;13,49970561;52,52519289
10192;205174;11;11;11010102;2018;9;17;4;3;2;6;0;0;1;0;0;0;0;0;806600,6203;5836505,028;13,52727673;52,59190108
10193;205175;11;2;2020204;2018;9;11;4;3;5;3;0;1;0;0;0;0;0;0;798137,283;5824852,092;13,39225461;52,49215361
10194;205176;11;2;2010102;2018;9;7;6;3;0;1;0;0;0;0;1;0;0;0;798101,8657;5826213,979;13,3929534;52,50438059
10195;205177;11;11;11010103;2018;9;17;5;2;5;2;0;1;1;0;0;0;0;0;808265,3157;5834028,266;13,54947035;52,5687642
10196;205178;11;1;1011402;2018;9;17;4;2;0;1;0;1;0;0;0;0;0;0;798742,3168;5829590,615;13,40539344;52,53429711
10197;205179;11;2;2030401;2018;9;16;6;3;3;6;0;1;1;0;0;0;0;0;801175,8765;5825154,465;13,43714838;52,49319586
10198;205180;11;2;2050802;2018;9;9;4;3;3;6;0;1;0;0;0;0;1;0;802108,4556;5827355,752;13,45283998;52,51241074
10199;205181;11;1;1033201;2018;9;8;4;3;6;2;0;0;0;1;0;0;1;0;797694,0089;5830705,667;13,39098307;52,54486572
10200;205182;11;12;12304314;2018;9;16;6;3;5;3;0;0;1;0;0;0;0;0;791056,738;5836280,645;13,29827905;52,59843073
10201;205183;11;4;4031032;2018;9;18;5;3;0;7;0;0;1;0;0;0;1;0;791671,2947;5825129,549;13,29753284;52,49813452
10202;205184;11;4;4030930;2018;9;9;4;3;5;2;0;1;1;0;0;0;0;0;792961,8239;5825713,037;13,3170025;52,50267404
10203;205185;11;1;1011302;2018;9;16;6;3;6;6;0;1;0;1;0;0;0;0;798002,6745;5828813,989;13,39382504;52,52774058
10204;205186;11;12;12214125;2018;9;15;6;2;5;2;0;0;1;0;1;0;0;0;791002,7797;5833725,012;13,29524003;52,57554894
10205;205187;11;1;1011303;2018;9;16;5;3;6;4;0;1;0;1;0;0;0;0;798685,5199;5828161,221;13,40327452;52,52151575