;OBJECTID;LAND;BEZ;LOR;UJAHR;UMONAT;USTUNDE;UWOCHENTAG;UKATEGORIE;UART;UTYP1;ULICHTVERH;IstRad;IstPKW;IstFuss;IstKrad;IstGkfz;IstSonstige;USTRZUSTAND;LINREFX;LINREFY;XGCSWGS84;YGCSWGS84
10206;205188;11;4;4020313;2018;9;9;4;3;0;3;0;0;1;0;1;0;0;0;790039,8054;5826133,576;13,27444167;52,50800533
10207;205189;11;4;4030623;2018;9;20;6;3;1;5;2;1;0;0;0;0;1;0;793853,1095;5826245,879;13,33056583;52,50697144
10208;205190;11;8;8010406;2018;9;7;4;3;5;3;0;0;1;0;1;0;0;0;802032,062;5824296,962;13,44894393;52,48503691
10209;205191;11;1;1022207;2018;9;15;6;3;5;2;0;0;1;0;1;0;0;0;794322,1398;5827392,008;13,33847012;52,51699296
10210;205192;11;11;11020514;2018;9;6;4;3;5;3;0;1;1;0;0;0;0;0;804727,266;5831202,333;13,4948362;52,54542906
10211;205193;11;1;1011304;2018;9;16;4;3;6;7;0;1;0;1;0;0;0;0;799454,5891;5827994,77;13,41442591;52,51960197
10212;205194;11;12;12214423;2018;9;15;6;2;1;5;0;1;1;0;0;0;0;0;792956,9645;5833650,923;13,32392959;52,57383634
10213;205195;11;1;1022204;2018;9;15;6;3;1;5;0;1;1;0;0;0;0;0;794966,2791;5828284,708;13,34872704;52,52464735
10214;205196;11;7;7040403;2018;9;10;5;3;6;7;0;1;0;1;0;0;0;0;797008,0069;5822212,159;13,37331885;52,46910485
10215;205197;11;1;1033202;2018;9;5;4;3;2;6;1;0;1;0;0;0;0;0;797879,9685;5829870,836;13,3929687;52,53728091
10216;205198;11;3;3010101;2018;9;14;6;3;6;2;0;0;0;1;0;0;1;0;803852,8269;5841450,042;13,49138095;52,6377623
10217;205199;11;5;5010207;2018;9;12;5;2;5;2;0;0;1;0;0;0;0;0;783691,566;5830172,695;13,18460548;52,54755923
10218;205200;11;8;8010301;2018;9;13;6;3;5;7;0;1;1;0;0;0;0;0;800984,3773;5824424,191;13,43367666;52,48675584
10219;205201;11;5;5030832;2018;9;13;6;3;2;6;0;0;1;0;1;0;0;0;788033,501;5830919,826;13,24910949;52,55197916
10220;205202;11;9;9010401;2018;9;15;4;1;8;1;0;0;0;0;1;0;0;0;805131,6887;5821482,691;13,4918758;52,45809046
10221;205203;11;8;8010404;2018;9;14;3;3;5;2;0;0;1;0;0;0;0;0;802486,8526;5823151,427;13,45458184;52,47451768
10222;205204;11;4;4051655;2018;9;11;6;3;5;2;0;1;1;0;0;0;0;0;794007,4947;5823930,96;13,33079072;52,48613619
10223;205205;11;4;4030623;2018;9;12;3;3;6;4;0;0;1;1;0;0;0;0;793584,8796;5826421,499;13,32678002;52,5086902
10224;205206;11;2;2030302;2018;9;11;3;3;5;2;0;1;1;0;0;0;0;0;800489,8968;5825778,958;13,42763816;52,49917147
10225;205207;11;7;7040403;2018;9;9;6;2;6;4;0;0;1;1;0;0;0;0;797810,5202;5821882,352;13,38480363;52,46571162
10226;205208;11;3;3061430;2018;9;20;5;3;3;6;2;1;0;0;0;0;0;0;801839,5567;5829916,443;13,45121367;52,53551114
10227;205209;11;2;2010104;2018;9;7;5;3;5;3;0;1;1;0;0;0;0;0;799444,7509;5825658,822;13,4121799;52,49866911
10228;205210;11;4;4030623;2018;9;11;3;3;5;2;0;0;0;0;1;0;0;0;793818,27;5826705,001;13,33045926;52,511106
10229;205211;11;3;3061332;2018;9;17;5;3;5;3;0;1;1;0;0;0;0;0;799839,0079;5830805,413;13,42260973;52,54458357
10230;205212;11;4;4030623;2018;9;14;5;3;5;3;0;0;1;0;0;0;0;0;793162,2278;5826885,512;13,32097907;52,51307718
10231;205213;11;9;9010301;2018;9;16;5;3;2;6;0;0;1;0;0;0;1;0;804365,1952;5821746,749;13,48087043;52,46088454
10232;205214;11;10;10020414;2018;9;22;5;3;6;4;2;0;1;1;0;0;0;1;812181,5385;5830916,883;13,60413989;52,53865136
10233;205215;11;4;4030518;2018;9;11;3;3;2;6;0;0;1;0;0;0;0;0;791702,4841;5827826,218;13,30035444;52,5222931
10234;205216;11;5;5020626;2018;9;10;3;3;1;5;0;1;1;0;0;0;0;0;784856,1998;5827701,685;13,19961623;52,52479649
10235;205217;11;4;4010101;2018;9;22;5;3;6;2;2;0;1;1;0;0;0;1;790399,4396;5829046,577;13,28226897;52,53392922
10236;205218;11;6;6010205;2018;9;10;3;3;5;2;0;0;1;0;1;0;0;0;795229,3519;5819846,006;13,34511844;52,44885788
10237;205219;11;9;9010101;2018;9;22;5;3;5;2;2;1;1;0;0;0;0;0;802349,6895;5824751,002;13,45401913;52,48893069
10238;205220;11;2;2050801;2018;9;9;3;3;5;3;0;1;1;0;0;0;0;0;802445,0467;5827424,217;13,45784698;52,51283786
10239;205221;11;1;1011303;2018;9;9;3;3;5;2;0;1;1;0;0;0;0;0;799135,6982;5828465,406;13,41016337;52,52399554
10240;205222;11;5;5010314;2018;9;19;5;3;0;7;0;0;0;0;1;0;0;0;784590,2531;5829496,522;13,19724364;52,54102791
10241;205223;11;1;1044202;2018;9;9;3;3;5;2;0;1;0;0;1;0;0;0;794884,6056;5830241,458;13,34926271;52,54223231
10242;205224;11;7;7010102;2018;9;9;3;3;0;6;0;0;0;0;1;0;1;0;795091,4765;5824926,925;13,34759015;52,49447954
10243;205225;11;1;1033102;2018;9;19;5;3;5;2;2;0;1;0;0;0;0;1;797353,048;5831201,919;13,38641424;52,5495002
10244;205226;11;2;2020204;2018;9;19;5;3;2;6;2;0;1;0;1;0;0;1;798106,501;5825435,726;13,39232483;52,49740199
10245;205227;11;10;10010206;2018;9;6;5;3;1;5;1;1;1;0;0;0;0;0;809513,169;5832172,574;13,56609245;52,55142634
10246;205228;11;2;2020206;2018;9;6;3;3;6;4;1;1;0;1;0;0;0;0;799186,537;5824591,414;13,40742891;52,48924293
10247;205229;11;4;4031032;2018;9;11;5;3;1;5;0;1;1;0;0;0;0;1;791454,4246;5825007,545;13,29424043;52,49715663
10248;205230;11;3;3040614;2018;9;14;5;3;1;5;0;0;1;0;1;0;0;0;798142,7272;5833060,456;13,39969539;52,56572776
10249;205231;11;2;2010104;2018;9;19;5;3;5;3;1;0;1;0;0;0;0;0;798597,7572;5825578,617;13,39966797;52,49841426
10250;205232;11;7;7050505;2018;9;8;3;2;0;7;0;0;1;1;0;0;0;0;798244,2165;5818946,323;13,38854685;52,43915689
10251;205233;11;6;6020408;2018;9;15;5;3;2;6;0;0;1;0;0;0;0;0;792838,8837;5816452,239;13,30707179;52,41971892
10252;205234;11;8;8041038;2018;9;6;3;3;5;2;0;1;1;0;0;0;0;0;806241,698;5816373,601;13,50348172;52,41167952
10253;205235;11;4;4030827;2018;9;15;5;3;2;6;0;0;1;0;0;0;0;0;792075,1078;5826468,038;13,30463863;52,50991785
10254;205236;11;8;8020726;2018;9;0;5;3;1;5;1;0;1;0;0;0;1;0;799250,5799;5816606,034;13,4012137;52,41762939
10255;205237;11;12;12103219;2018;9;8;3;3;1;5;0;0;1;0;0;0;0;0;795108,8562;5832471,47;13,35454195;52,56210106
10256;205238;11;8;8010118;2018;9;13;5;3;3;2;0;1;1;0;0;0;0;0;800878,7365;5822453,257;13,43034728;52,46914794
10257;205239;11;5;5020627;2018;9;14;5;3;2;6;0;0;1;0;0;0;0;0;785905,0925;5827987,778;13,21528058;52,52681251
10258;205240;11;1;1011402;2018;9;11;5;3;5;7;0;0;1;0;0;0;0;1;798501,7064;5829461,247;13,40174049;52,53326934
10259;205241;11;1;1033102;2018;9;6;6;3;0;2;1;1;0;0;0;0;1;0;797662,0866;5831882,427;13,39156859;52,55543128
10260;205242;11;10;10020622;2018;9;8;3;3;3;6;0;1;1;0;0;0;0;0;810493,224;5827972,621;13,57657778;52,51323102
10261;205243;11;8;8020620;2018;9;18;5;3;4;6;0;0;1;0;0;0;0;0;800923,8792;5821469,166;13,43012249;52,46030232
10262;205244;11;1;1033102;2018;9;11;5;3;5;2;0;1;0;0;0;1;0;1;797108,2445;5831770,618;13,38332341;52,55473147
10263;205245;11;9;9020802;2018;9;11;3;3;0;1;0;0;0;0;1;0;0;0;809898,5022;5820054,569;13,56048404;52,44261009
10264;205246;11;10;10010311;2018;9;18;5;3;9;1;1;0;1;0;0;0;0;1;809867,5066;5831001,079;13,57020886;52,54072653
10265;205247;11;7;7010101;2018;9;4;5;3;5;3;2;0;1;0;1;0;0;0;794975,5296;5824930,163;13,34589011;52,49457124
10266;205248;11;7;7020201;2018;9;15;3;3;1;5;0;1;1;0;0;0;0;0;794959,5316;5824125,446;13,3449428;52,48736614
10267;205249;11;7;7020203;2018;9;10;5;3;0;7;0;0;1;0;1;0;0;1;795079,4493;5824346,058;13,34689908;52,48927897
10268;205250;11;8;8041038;2018;9;17;3;2;5;2;0;0;1;0;0;0;0;0;805679,6022;5816741,496;13,49557933;52,41529097
10269;205251;11;2;2040701;2018;9;17;3;3;3;2;0;0;0;0;1;0;1;0;800425,8611;5827974,935;13,42867965;52,51888998
10270;205252;11;1;1044103;2018;9;10;5;3;5;3;0;0;1;0;0;0;0;1;794649,9643;5830525,288;13,34606456;52,54490357
10271;205253;11;2;2040701;2018;9;17;5;3;2;6;0;0;1;0;0;0;0;0;800568,0007;5826981,832;13,42987114;52,50991019
10272;205254;11;4;4051550;2018;9;9;5;2;5;3;0;1;1;0;0;0;0;1;792875,4236;5824328,469;13,31451587;52,4903082
10273;205255;11;4;4061757;2018;9;13;5;3;3;6;0;1;1;0;0;0;0;0;785073,8399;5824447,265;13,20002796;52,49550361
10274;205256;11;2;2010102;2018;9;9;5;3;5;3;0;1;0;0;0;0;0;1;798034,9391;5825825,941;13,39162298;52,50093888
10275;205257;11;4;4010101;2018;9;17;3;3;5;2;0;1;1;0;0;0;0;0;791214,8302;5829726,371;13,2948519;52,53958843
10276;205258;11;1;1022201;2018;9;0;5;3;5;3;2;0;1;0;0;0;0;0;795484,5828;5829578,649;13,35749457;52,53596578
10277;205259;11;3;3050925;2018;9;17;3;3;1;5;0;0;1;0;0;0;0;0;802065,7209;5831349,707;13,4558411;52,5482321
10278;205260;11;1;1011202;2018;9;9;5;3;2;2;0;0;1;0;0;0;0;1;797187,7186;5827528,52;13,38069876;52,51666268
10279;205261;11;5;5030730;2018;9;21;3;2;5;3;2;0;1;0;0;0;0;0;786908,1723;5830092,669;13,23184315;52,54515717
10280;205262;11;6;6040703;2018;9;21;3;3;8;7;2;0;1;0;0;0;0;0;785141,8549;5819144,425;13,19649415;52,44792238
10281;205263;11;1;1011303;2018;9;9;5;3;5;3;0;1;0;0;0;0;0;1;799134,8605;5828913,569;13,41055421;52,52801311
10282;205264;11;12;12302211;2018;9;19;3;3;2;2;1;0;1;0;0;0;0;0;793158,0067;5836815,294;13,32968766;52,60209476
10283;205265;11;1;1011301;2018;9;8;5;3;3;6;0;1;1;0;0;0;0;1;797066,8744;5829301,315;13,38050673;52,53261964
10284;205266;11;1;1022103;2018;9;18;3;3;5;7;0;0;1;0;1;0;0;0;794581,221;5829740,712;13,34435809;52,53790759
10285;205267;11;3;3050925;2018;9;18;3;3;5;3;0;1;0;0;0;0;1;0;801852,906;5831378,02;13,45273786;52,54860383
10286;205268;11;12;12302212;2018;9;8;5;3;5;3;0;0;1;0;0;0;0;1;792791,9761;5837478,412;13,32488508;52,60823645
10287;205269;11;12;12301203;2018;9;7;5;3;5;7;0;0;1;0;1;0;0;1;793194,7975;5835923,894;13,32944002;52,59408409
10288;205270;11;9;9031101;2018;9;12;5;3;5;3;0;0;1;0;0;0;0;0;811048,7941;5816925,192;13,57444303;52,41391276
10289;205271;11;1;1011201;2018;9;18;3;3;6;4;0;1;0;1;0;0;0;0;797082,5977;5826529,318;13,37826217;52,5077632
10290;205272;11;11;11030721;2018;9;6;5;3;6;4;1;0;1;1;0;0;0;0;805209,869;5828127,182;13,49910759;52,5175982
10291;205273;11;8;8010214;2018;9;17;5;3;5;2;0;1;0;0;0;0;1;0;801875,2185;5822389,857;13,44491493;52,46802997
10292;205274;11;5;5010209;2018;9;18;5;3;5;3;1;0;1;0;0;0;0;1;783242,7468;5830286,439;13,17810132;52,54881264
10293;205275;11;1;1022106;2018;9;18;3;3;5;2;0;0;0;0;1;0;1;0;794320,5689;5828363,956;13,33930709;52,52570672
10294;205276;11;2;2050602;2018;9;17;3;3;6;4;0;0;1;1;0;0;0;0;803478,501;5827733,477;13,47331112;52,5150357
10295;205277;11;1;1011306;2018;9;18;5;3;5;3;0;0;1;0;1;0;0;1;800502,023;5826841,632;13,42877533;52,50868988
10296;205278;11;10;10010310;2018;9;16;3;3;1;5;0;1;1;0;0;0;0;0;808974,4101;5830930,027;13,55701594;52,5405969
10297;205279;11;3;3061228;2018;9;15;3;2;5;2;0;0;1;0;1;0;0;0;800750,5305;5831300,608;13,43645931;52,54851969
10298;205280;11;3;3010102;2018;9;8;5;2;0;1;0;0;0;0;1;0;0;1;804432,2282;5840673,554;13,49920123;52,6304787
10299;205281;11;5;5020628;2018;9;8;5;3;2;6;0;0;1;0;0;1;0;1;783948,489;5826596,929;13,18532969;52,51536459
10300;205282;11;1;1011402;2018;9;7;5;3;5;3;0;1;1;0;0;0;0;0;798527,8918;5830051,461;13,40265556;52,53854543
10301;205283;11;4;4030417;2018;9;15;3;3;5;3;0;0;1;0;0;0;0;0;790980,864;5826664,066;13,2887321;52,51226003
10302;205284;11;2;2040501;2018;9;14;3;3;5;7;0;0;1;0;1;0;0;0;801245,2964;5828799,821;13,44146695;52,52583152
10303;205285;11;1;1033203;2018;9;18;5;3;2;1;0;0;1;0;1;0;0;1;796740,9392;5830479,819;13,3767682;52,54336117
10304;205286;11;12;12103218;2018;9;11;5;3;0;1;0;0;0;0;1;0;0;1;795447,2132;5834164,334;13,36102691;52,57709247
10305;205287;11;3;3030716;2018;9;9;5;3;1;5;0;0;1;0;1;0;0;0;803579,2727;5834135,86;13,48064251;52,572362
10306;205288;11;1;1033101;2018;9;14;3;3;5;2;0;0;1;0;0;0;0;0;796658,9429;5832057,764;13,3769724;52,55755033
10307;205289;11;10;10020622;2018;9;10;5;3;0;1;0;0;0;0;1;0;0;1;810838,4428;5829018,685;13,58262583;52,52240862
10308;205290;11;5;5030731;2018;9;16;5;3;2;6;0;0;1;0;0;0;1;0;786964,4788;5829548,947;13,23220149;52,54025272
10309;205291;11;7;7040403;2018;9;16;5;3;5;3;0;1;1;0;0;0;0;0;797826,3689;5822204,281;13,38532357;52,46858872
10310;205292;11;2;2030301;2018;9;13;3;3;5;3;0;0;1;0;0;0;0;0;799717,6782;5826305,02;13,41676998;52,50431146
10311;205293;11;7;7070701;2018;9;12;3;3;5;3;0;0;1;0;0;0;0;0;799384,7699;5815385,265;13,40208921;52,40661331
10312;205294;11;4;4030415;2018;9;16;5;3;5;2;0;1;1;0;0;0;0;0;791028,2083;5827413,101;13,29008295;52,51894984
10313;205295;11;10;10010309;2018;9;14;3;2;0;1;0;0;0;0;1;0;0;0;807832,8845;5829074,335;13,53851882;52,52461237
10314;205296;11;1;1011303;2018;9;9;6;3;5;2;0;1;1;0;0;0;0;0;799109,9674;5828466,007;13,40978578;52,52401505
10315;205297;11;4;4051655;2018;9;17;2;3;0;2;0;1;1;0;0;0;0;0;793862,1702;5823227,816;13,32803687;52,47991105
10316;205298;11;2;2010102;2018;9;15;5;3;3;6;0;0;1;0;1;0;0;0;798449,7945;5826550,691;13,39836606;52,50720857
10317;205299;11;6;6010206;2018;9;15;5;3;5;3;0;0;1;0;0;0;0;0;795186,9149;5819513,445;13,34420196;52,44589957
10318;205300;11;9;9010301;2018;9;22;2;3;0;3;2;1;1;0;0;0;0;0;804598,516;5822054,97;13,48457523;52,46351704
10319;205301;11;4;4030827;2018;9;15;5;3;5;2;0;1;1;0;0;0;0;0;792718,1154;5826110,239;13,31377156;52,50636563
10320;205302;11;7;7030301;2018;9;17;5;3;2;4;0;1;0;1;0;0;0;0;793895,1799;5822936,441;13,32826472;52,47728124
10321;205303;11;1;1011302;2018;9;8;5;3;2;6;0;0;1;0;0;0;0;0;798350,9065;5829034,289;13,39914071;52,52952481
10322;205304;11;1;1022203;2018;9;22;2;3;1;5;2;0;1;0;1;0;0;0;794689,6452;5828838,64;13,34515228;52,52976255
10323;205305;11;8;8020728;2018;9;9;5;3;3;6;0;0;0;0;1;1;0;1;801639,8715;5817432,405;13,43698515;52,42372493
10324;205306;11;3;3040508;2018;9;7;5;3;0;2;1;1;1;0;0;0;0;0;796288,4498;5836456,541;13,37545467;52,59718211
10325;205307;11;1;1011103;2018;9;10;5;3;2;6;0;0;1;0;0;1;0;1;795326,6061;5826155,474;13,35213291;52,5053654
10326;205308;11;1;1011203;2018;9;15;2;3;2;6;0;1;1;0;0;0;0;0;797578,0096;5827309,166;13,38623736;52,51448362
10327;205309;11;3;3050923;2018;9;14;2;3;5;3;0;0;1;0;1;0;0;0;800994,2017;5831899,754;13,44058517;52,55375532
10328;205310;11;5;5020417;2018;9;18;4;3;5;3;0;1;1;0;0;0;0;0;781915,3426;5828603,557;13,15714885;52,53441178
10329;205311;11;1;1033201;2018;9;14;2;3;5;2;0;1;1;0;0;0;0;0;798051,1222;5830032,63;13,39562983;52,53863761
10330;205312;11;12;12301203;2018;9;21;5;3;5;2;2;0;1;0;0;0;0;0;792859,2166;5835169,997;13,32383353;52,58750663
10331;205313;11;8;8041037;2018;9;13;2;3;5;2;0;1;1;0;0;0;0;0;805576,7445;5817406,151;13,49467858;52,42130547
10332;205314;11;1;1022204;2018;9;16;4;3;2;7;0;0;1;0;0;0;0;0;794788,8489;5828310,646;13,34614234;52,52497583
10333;205315;11;3;3050923;2018;9;7;4;3;1;5;0;1;1;0;0;0;0;0;800467,761;5831752,481;13,43271056;52,55272596
10334;205316;11;10;10010308;2018;9;8;4;3;5;3;0;1;1;0;0;0;0;0;807140,711;5828478,622;13,52779838;52,5196639
10335;205317;11;8;8020727;2018;9;13;2;3;5;3;0;1;1;0;0;0;0;0;800950,1121;5816269,985;13,42582659;52,41368539
10336;205318;11;2;2020203;2018;9;19;4;3;5;5;1;0;1;0;1;0;0;0;797118,4242;5824077,358;13,37660138;52,48576445
10337;205319;11;2;2050601;2018;9;19;4;3;6;4;1;1;0;1;0;0;0;0;801856,6447;5828437,662;13,45012225;52,52224735
10338;205320;11;10;10040933;2018;9;16;5;3;5;3;0;1;1;0;0;0;0;0;812120,1359;5825970,641;13,59859773;52,49436241
10339;205321;11;1;1011105;2018;9;13;2;3;2;6;0;0;0;0;1;0;1;0;796193,8214;5826743,009;13,36539532;52,510162
10340;205322;11;7;7060604;2018;9;18;4;3;5;2;0;1;1;0;0;0;0;0;795532,534;5816090,734;13,34624755;52,41503031
10341;205323;11;4;4030415;2018;9;19;2;3;5;3;2;1;1;0;0;0;0;0;790794,1572;5827391,898;13,28662474;52,51888461
10342;205324;11;3;3010102;2018;9;13;2;3;2;7;0;0;1;0;1;0;0;0;804506,8546;5840922,588;13,5005299;52,63266878
10343;205325;11;10;10020517;2018;9;18;4;3;1;7;0;1;1;0;0;0;0;0;813063,4962;5830710,427;13,61690693;52,53629541
10344;205326;11;6;6040703;2018;9;12;5;3;5;2;0;1;1;0;0;0;0;0;786863,0935;5817434,342;13,22028372;52,43168954
10345;205327;11;3;3020307;2018;9;7;4;3;2;6;0;0;1;0;0;0;0;0;800703,1577;5838651,745;13,44243201;52,61443463
10346;205328;11;2;2020203;2018;9;23;4;2;0;5;2;0;0;0;1;0;1;0;797235,0524;5824509,464;13,37869926;52,48957436
10347;205329;11;8;8010117;2018;9;11;2;2;5;2;0;0;1;0;1;0;0;0;800621,2862;5823111,399;13,4271618;52,47518884
10348;205330;11;3;3071537;2018;9;7;4;3;0;7;0;0;1;0;0;0;0;0;799601,3407;5830087,556;13,41846813;52,53827987
10349;205331;11;6;6030503;2018;9;18;5;3;2;6;0;1;1;0;0;0;0;0;789267,9735;5817479,598;13,25559756;52,43082889
10350;205332;11;4;4030724;2018;9;11;2;3;1;5;0;0;1;0;0;0;1;0;791235,4939;5826056,896;13,29194235;52,50668089
10351;205333;11;12;12103117;2018;9;7;4;2;1;5;0;1;0;0;0;0;1;0;796695,3456;5832979,266;13,37833172;52,5657907
10352;205334;11;4;4051447;2018;9;10;4;3;2;7;0;1;1;0;0;0;0;0;793192,7462;5824715,368;13,31951657;52,49360628
10353;205335;11;11;11010308;2018;9;7;4;3;1;5;0;1;1;0;0;0;0;0;805032,6534;5834143,991;13,50202916;52,57162236
10354;205336;11;2;2050803;2018;9;19;2;3;6;4;1;0;0;1;1;0;0;0;802385,7037;5826087,192;13,45576075;52,50088704
10355;205337;11;3;3040614;2018;9;7;4;3;5;3;0;1;0;0;0;0;0;0;799302,4879;5835045,836;13,41854686;52,58288706
10356;205338;11;3;3040513;2018;9;16;4;3;5;3;0;1;1;0;0;0;0;0;796624,5271;5834171,231;13,37835607;52,57651386
10357;205339;11;9;9010401;2018;9;9;2;3;6;2;0;0;1;1;0;0;0;0;805817,2609;5819648,791;13,50025543;52,44127093
10358;205340;11;4;4051447;2018;9;14;4;2;5;2;0;1;0;0;1;0;0;0;793156,2301;5824516,293;13,31880508;52,49184125
10359;205341;11;4;4010101;2018;9;9;2;3;5;3;0;1;0;0;0;0;1;0;789701,8694;5829564,278;13,27246494;52,53894171
10360;205342;11;1;1022106;2018;9;5;5;3;5;3;2;1;1;0;0;0;0;0;793702,5636;5828015,272;13,3299159;52,52291422
10361;205343;11;2;2050801;2018;9;18;2;2;1;5;1;1;1;0;0;0;0;0;802712,5179;5827352,607;13,46171122;52,51204766
10362;205344;11;2;2040701;2018;9;7;4;2;6;4;0;1;0;1;0;0;0;0;800940,8266;5827598,834;13,43590604;52,51523498
10363;205345;11;1;1022104;2018;9;13;4;3;7;7;0;1;0;0;0;0;0;0;794575,9308;5828503,156;13,34318358;52,52681663
10364;205346;11;4;4030519;2018;9;10;5;3;0;1;0;0;0;0;1;0;0;0;792248,5645;5828243,639;13,30874702;52,52574275
10365;205347;11;9;9010202;2018;9;9;2;3;6;2;0;0;0;1;0;0;1;0;804102,9733;5823591,894;13,47870455;52,47756813
10366;205348;11;1;1011101;2018;9;13;4;2;1;5;0;1;1;0;0;0;0;0;794995,9456;5825948,843;13,34709224;52,50369198
10367;205349;11;8;8010211;2018;9;11;4;3;3;6;0;1;1;0;0;0;0;0;800919,3438;5823852,625;13,43220584;52,48166857
10368;205350;11;1;1011302;2018;9;9;2;3;1;5;0;1;1;0;0;0;1;0;798098,0289;5828455,546;13,39490514;52,52447548
10369;205351;11;1;1044101;2018;9;7;2;2;5;3;0;1;0;0;1;0;0;0;794183,9571;5830382,933;13,33908636;52,54387928
10370;205352;11;1;7010101;2018;9;11;4;3;5;2;0;1;1;0;0;0;0;0;794697,5918;5826032,693;13,34278362;52,50460486
10371;205353;11;9;9020701;2018;9;7;2;2;5;3;0;1;1;0;0;0;0;0;807878,8101;5819181,516;13,53005916;52,43592646
10372;205354;11;1;1011302;2018;9;14;4;2;0;1;0;1;0;0;0;0;0;0;798528,8233;5829003,601;13,4017281;52,52915233
10373;205355;11;9;9010101;2018;9;7;2;3;5;3;0;0;1;0;1;0;0;0;802156,9748;5824740,756;13,4511802;52,48894556
10374;205356;11;6;6020302;2018;9;11;4;3;5;3;0;1;1;0;0;0;0;0;794339,7641;5819040,842;13,33135704;52,4421196
10375;205357;11;4;4051446;2018;9;18;2;3;5;3;1;1;1;0;0;0;0;0;792557,2322;5824695,033;13,3101647;52,49376498
10376;205358;11;5;5020625;2018;9;12;2;3;3;6;0;0;1;0;1;0;0;0;784052,4285;5828718,539;13,1886696;52,53433309
10377;205359;11;4;4030930;2018;9;9;4;3;5;3;0;1;1;0;0;0;0;0;793127,9119;5825402,941;13,31916941;52,49980495
10378;205360;11;4;4030518;2018;9;18;4;3;5;7;0;1;1;0;0;0;0;0;791981,0049;5828211,183;13,30478587;52,52559515
10379;205361;11;4;4031032;2018;9;8;5;3;2;6;0;0;1;0;0;0;0;0;792130,4445;5824997,536;13,30416152;52,49670546
10380;205362;11;1;1011101;2018;9;18;2;2;5;3;0;0;0;0;1;0;1;0;795121,0726;5826500,043;13,34941899;52,50856542
10381;205363;11;3;3061126;2018;9;18;4;3;2;6;0;0;1;0;1;0;0;0;799194,1859;5831774,898;13,41400283;52,55362796
10382;205364;11;12;12103219;2018;9;13;4;2;5;2;0;0;1;0;1;0;0;0;795586,479;5833147,048;13,36216934;52,56789788
10383;205365;11;1;1011302;2018;9;9;4;3;0;1;0;1;0;0;0;0;0;0;799040,1691;5828959,88;13,40920419;52,52848017
10384;205366;11;2;2050601;2018;9;18;2;3;2;6;0;0;1;0;1;0;0;0;802130,0478;5828455,354;13,45415574;52,5222545
10385;205367;11;6;6030610;2018;9;17;2;3;5;2;0;0;1;0;1;0;0;0;791931,999;5819058,29;13,2960494;52,44356675
10386;205368;11;1;1044101;2018;9;18;4;3;5;2;0;1;1;0;0;0;0;0;794304,9251;5831741,814;13,34206941;52,55599536
10387;205369;11;7;7020203;2018;9;17;2;3;1;1;0;0;1;0;1;0;0;0;795629,2334;5824184,541;13,35482944;52,48753365
10388;205370;11;1;1022104;2018;9;14;6;3;6;4;0;0;1;1;0;0;0;0;794136,1908;5828462,347;13,33668422;52,52668823
10389;205371;11;10;10010311;2018;9;16;2;3;5;2;0;0;0;0;1;0;1;0;810130,8738;5830977,981;13,57405824;52,54036972
10390;205372;11;12;12103219;2018;9;8;4;2;6;2;0;0;1;1;0;0;0;0;795057,3735;5832793,315;13,35407089;52,56501402
10391;205373;11;3;3050919;2018;9;17;4;3;2;3;0;0;1;0;0;0;0;0;801994,5711;5832819,081;13,45613169;52,56144143
10392;205374;11;8;8010211;2018;9;16;2;3;6;7;0;0;1;1;0;0;0;0;801033,9862;5823774,523;13,43381838;52,48090532
10393;205375;11;3;3071639;2018;9;17;2;3;3;6;0;1;1;0;0;0;0;0;800487,537;5829704,886;13,43114918;52,534362
10394;205376;11;1;1011302;2018;9;8;4;3;6;4;0;1;0;1;0;0;0;0;798630,2608;5828827,241;13,40306057;52,52751595
10395;205377;11;8;8010212;2018;9;17;4;3;3;6;0;1;1;0;0;0;0;0;801308,0226;5823558,311;13,43764604;52,47881624
10396;205378;11;9;9020501;2018;9;6;5;3;3;6;0;0;1;0;1;0;0;0;806745,604;5822981,634;13,51693213;52,47062106
10397;205379;11;10;10010310;2018;9;16;2;3;6;7;0;1;0;1;0;0;0;0;808518,8161;5831109,118;13,5504858;52,54245999
10398;205380;11;1;1022104;2018;9;16;4;3;0;2;0;1;1;0;0;0;0;0;794569,3907;5828430,19;13,34302281;52,52616607
10399;205381;11;12;12302107;2018;9;13;4;3;5;7;0;0;1;0;0;0;1;0;793942,7807;5836168,201;13,34066748;52,59587036
10400;205382;11;10;10040828;2018;9;16;4;3;5;3;0;1;1;0;0;0;0;0;812418,4335;5829677,224;13,60645633;52,52740694
10401;205383;11;6;6020306;2018;9;15;2;3;5;7;0;1;1;0;0;0;0;0;795737,263;5816792,865;13,34986949;52,42121392
10402;205384;11;6;6040810;2018;9;14;5;3;5;3;0;1;1;0;0;0;0;0;792358,6948;5820779,376;13,30381599;52,45876815
10403;205385;11;7;7060604;2018;9;15;2;3;1;5;0;0;1;0;0;0;0;0;798180,84;5815133,789;13,38421934;52,40501604