;OBJECTID;LAND;BEZ;LOR;UJAHR;UMONAT;USTUNDE;UWOCHENTAG;UKATEGORIE;UART;UTYP1;ULICHTVERH;IstRad;IstPKW;IstFuss;IstKrad;IstGkfz;IstSonstige;USTRZUSTAND;LINREFX;LINREFY;XGCSWGS84;YGCSWGS84
10404;205386;11;2;2030302;2018;9;8;4;3;5;3;0;1;0;0;0;0;0;0;800771,5825;5825870,722;13,43185811;52,4998388
10405;205387;11;3;3030711;2018;9;19;5;3;5;3;2;0;1;0;0;0;0;0;801043,8068;5836015,015;13,4450503;52,59061315
10406;205388;11;9;9020802;2018;9;15;2;3;2;2;0;0;1;0;0;0;0;0;810524,6154;5820012,13;13,56962674;52,4418746
10407;205389;11;6;6040810;2018;9;23;4;3;2;6;2;0;1;0;0;0;1;0;791186,204;5820098,638;13,28601461;52,45329126
10408;205390;11;8;8010213;2018;9;13;4;3;5;3;0;1;1;0;0;0;0;0;801249,8031;5822883,806;13,43618213;52,47280258
10409;205391;11;3;3061429;2018;9;16;4;3;2;6;0;0;1;0;1;0;0;0;801912,7379;5830353,788;13,45268666;52,53939052
10410;205392;11;1;1011306;2018;9;23;2;3;3;6;2;1;0;0;1;0;0;0;799934,6007;5826626,042;13,42024552;52,50706972
10411;205393;11;7;7040403;2018;9;15;4;3;5;2;0;1;1;0;0;0;0;0;797317,2669;5821758,52;13,37745394;52,46487022
10412;205394;11;1;1044103;2018;9;21;4;3;5;2;2;0;1;0;0;0;0;0;794898,4468;5831077,485;13,35020851;52,54971914
10413;205395;11;1;1011202;2018;9;11;2;3;0;2;0;1;1;0;0;0;0;0;797199,138;5827496,139;13,38083762;52,5163662
10414;205396;11;11;11040926;2018;9;8;4;3;5;2;0;1;0;0;0;0;1;0;806295,1049;5826843,631;13,51386999;52,50548628
10415;205397;11;4;4061757;2018;9;17;4;3;3;6;0;1;1;0;0;0;0;0;785229,7825;5824204,838;13,2021112;52,49324854
10416;205398;11;5;5010206;2018;9;23;1;3;5;3;2;0;1;0;0;0;1;0;781438,3904;5830724,088;13,15193252;52,55367208
10417;205399;11;8;8030830;2018;9;21;4;3;5;2;2;0;1;0;0;0;0;0;802290,779;5817836,915;13,44689398;52,42699146
10418;205400;11;8;8010301;2018;9;21;1;3;5;3;2;1;1;0;0;0;0;0;801096,5671;5824349,407;13,43525635;52,48602367
10419;205401;11;8;8020622;2018;9;8;4;3;5;2;0;1;0;0;0;0;1;0;801257,5551;5819683,411;13,43340802;52,44411216
10420;205402;11;6;6030504;2018;9;17;1;2;3;6;0;1;0;0;0;0;0;0;790056,5376;5815898,31;13,26579265;52,41623451
10421;205403;11;12;12214424;2018;9;16;1;3;5;3;0;0;1;0;0;0;0;0;793366,2087;5833033,548;13,32940502;52,56808149
10422;205404;11;9;9010301;2018;9;20;4;3;5;5;2;0;1;0;0;0;0;0;804505,3961;5821911,618;13,48307801;52,46228411
10423;205405;11;1;1044103;2018;9;22;5;3;1;5;2;1;1;0;0;0;1;0;794960,1901;5831091,228;13,35112867;52,5498089
10424;205406;11;9;9051901;2018;9;8;4;3;2;6;0;0;1;0;0;0;1;0;811474,5908;5821169,87;13,58463723;52,45170946
10425;205407;11;2;2020205;2018;9;8;4;3;5;7;0;1;1;0;0;0;0;0;799194,0271;5824236,711;13,40722047;52,4860594
10426;205408;11;4;4030931;2018;9;15;1;3;2;7;0;0;1;0;1;0;0;0;793883,8498;5825512,038;13,33036973;52,50037637
10427;205409;11;3;3020209;2018;9;15;4;3;2;7;0;0;1;0;1;0;0;0;797307,5283;5834998,53;13,38914748;52,5835568
10428;205410;11;1;1033201;2018;9;15;1;3;3;6;0;1;0;0;1;0;0;0;798241,6277;5830912,208;13,39922004;52,54641758
10429;205411;11;7;7060601;2018;9;16;4;2;5;3;0;0;1;0;1;0;0;0;797198,5778;5817147,325;13,37161046;52,4235997
10430;205412;11;3;3061131;2018;9;13;1;3;5;3;0;0;1;0;0;0;1;0;798880,506;5830395,914;13,40814901;52,54143966
10431;205413;11;8;8010115;2018;9;13;1;3;5;3;0;1;0;0;1;0;0;0;799224,766;5823833,38;13,40730976;52,48242726
10432;205414;11;5;5010311;2018;9;15;4;2;6;4;0;0;1;1;0;0;0;0;785451,2707;5830612,739;13,2108644;52,55058534
10433;205415;11;9;9020701;2018;9;13;1;2;5;2;0;0;1;0;0;0;0;0;807697,7972;5818374,036;13,52666175;52,4287915
10434;205416;11;1;1022202;2018;9;12;1;3;3;6;0;0;1;0;0;0;0;0;795688,6464;5829759,568;13,36065539;52,53747688
10435;205417;11;7;7060604;2018;9;7;4;3;5;3;0;1;1;0;0;0;0;0;797600,9441;5815579,753;13,37611636;52,40932919
10436;205418;11;1;1033102;2018;9;15;4;2;5;5;0;0;1;0;1;0;0;0;797562,1877;5831289,077;13,38956763;52,55016726
10437;205419;11;8;8010214;2018;9;11;5;3;2;6;0;0;1;0;0;0;1;0;801031,2937;5822164,631;13,43232595;52,46647685
10438;205420;11;2;2050802;2018;9;12;1;3;5;3;0;0;1;0;0;0;0;0;802901,6711;5827090,423;13,46425137;52,50959274
10439;205421;11;4;4041240;2018;9;15;4;3;0;3;0;1;1;0;0;0;0;0;790988,1139;5821910,977;13,28468774;52,46964457
10440;205422;11;8;8040933;2018;9;13;4;3;5;3;0;1;1;0;0;0;0;0;803027,0524;5819381,443;13,45908933;52,4404279
10441;205423;11;6;6030608;2018;9;11;1;3;2;6;0;0;1;0;0;0;0;0;792584,6423;5817189,636;13,30398879;52,42646562
10442;205424;11;4;4020314;2018;9;10;1;2;0;1;0;0;0;0;1;0;0;0;790268,7572;5825486,454;13,27724141;52,50208203
10443;205425;11;9;9010101;2018;9;8;4;3;0;2;0;1;0;0;1;0;0;0;802210,107;5824891,637;13,45209717;52,4902685
10444;205426;11;12;12224229;2018;9;9;1;3;5;3;0;0;1;0;0;0;0;0;786242,7451;5834757,951;13,22608291;52,58733448
10445;205427;11;7;7020203;2018;9;8;1;3;6;4;0;0;1;1;0;0;0;0;795123,03;5824343,799;13,34753707;52,48923516
10446;205428;11;7;7040403;2018;9;17;3;3;2;6;0;1;1;0;0;0;0;0;797255,2713;5820695,808;13,37559775;52,45537778
10447;205429;11;6;6030608;2018;9;7;3;3;1;5;1;1;0;0;0;0;1;0;790674,2704;5816292,534;13,27519251;52,41944113
10448;205430;11;12;12231101;2018;9;7;5;3;5;3;0;1;1;0;0;0;0;0;791806,1587;5839580,502;13,31222304;52,62761086
10449;205431;11;9;9020501;2018;9;12;1;3;2;2;0;0;1;0;0;0;0;0;806237,6597;5823210,261;13,50968753;52,47295507
10450;205432;11;8;8041039;2018;9;13;3;3;1;5;0;0;1;0;0;0;0;0;806529,4513;5815442,561;13,50684686;52,40317403
10451;205433;11;2;2010104;2018;9;16;5;2;5;3;0;0;1;0;1;0;0;0;798592,2944;5825573,955;13,39958356;52,49837546
10452;205434;11;4;4030518;2018;9;21;3;3;0;6;2;0;1;0;1;0;0;0;792008,0055;5828225,918;13,30519567;52,52571279
10453;205435;11;8;8041036;2018;9;10;7;3;2;6;0;0;1;0;0;0;0;0;805124,8009;5817442,843;13,48808663;52,42188648
10454;205436;11;1;1011203;2018;9;19;3;3;0;3;1;0;1;0;1;0;0;0;797581,0476;5827219,196;13,38620154;52,51367549
10455;205437;11;3;3061126;2018;9;10;5;3;5;5;0;1;1;0;0;0;0;0;798860,3956;5831348,775;13,40871073;52,54999166
10456;205438;11;2;2050804;2018;9;6;7;3;5;2;0;1;1;0;0;0;0;0;803209,7013;5825584,093;13,46740461;52,49592063
10457;205439;11;1;1011306;2018;9;22;3;3;0;3;2;0;1;0;1;0;0;0;800063,0659;5826416,932;13,42194416;52,50512475
10458;205440;11;1;1044203;2018;9;18;3;3;0;1;0;1;0;0;0;0;0;0;795608,5657;5831715,143;13,36121867;52,55505024
10459;205441;11;1;1044203;2018;9;5;7;3;0;4;2;0;1;1;0;0;0;0;795605,5228;5831712,183;13,36117128;52,55502536
10460;205442;11;1;1011301;2018;9;9;7;3;0;2;0;0;1;0;1;0;0;0;797053,0313;5828175,414;13,37929737;52,52253475
10461;205443;11;2;2030301;2018;9;18;3;3;6;4;0;0;1;1;0;0;0;0;800005,0952;5825671,288;13,42042087;52,4984731
10462;205444;11;10;10020416;2018;9;11;7;3;2;2;0;1;1;0;0;0;1;0;812887,5869;5831169,425;13,61475402;52,54050949
10463;205445;11;1;1011101;2018;9;9;6;3;0;7;0;0;1;0;1;0;0;0;795237,5657;5826610,302;13,35122825;52,50949077
10464;205446;11;5;5010101;2018;9;11;7;3;5;3;0;0;1;0;0;0;0;0;785748,7164;5831746,987;13,21621573;52,56059878
10465;205447;11;4;4051447;2018;9;18;3;2;5;3;0;0;1;0;1;0;0;0;793216,0878;5825193,791;13,32028051;52,49788263
10466;205448;11;4;4051447;2018;9;18;3;3;0;5;0;1;1;0;0;0;0;0;793420,6711;5825195,285;13,32328686;52,49778606
10467;205449;11;3;3050920;2018;9;10;7;3;2;6;0;0;1;0;0;0;0;0;802377,8855;5832587,463;13,46155808;52,55915275
10468;205450;11;2;2020203;2018;9;17;3;3;3;6;0;0;1;0;1;0;0;0;797459,0739;5824926,621;13,38236134;52,49319169
10469;205451;11;6;6020410;2018;9;9;4;3;5;3;0;0;1;0;0;0;0;0;794142,5544;5816686,329;13,32639275;52,42111834
10470;205452;11;1;1033102;2018;9;14;3;2;5;2;0;1;1;0;0;0;0;0;797661,1443;5831882,627;13,39155491;52,5554336
10471;205453;11;4;4041241;2018;9;14;3;3;1;5;0;1;1;0;0;0;0;0;791344,5664;5822420,798;13,29036566;52,47402514
10472;205454;11;12;12103117;2018;9;8;3;3;5;2;0;1;1;0;0;0;0;0;795769,4805;5832572,027;13,36434886;52,56264401
10473;205455;11;6;6010208;2018;9;14;3;3;5;3;0;1;1;0;0;0;0;0;794115,5035;5820813,053;13,32962771;52,45812742
10474;205456;11;12;12224230;2018;9;18;5;3;4;6;0;1;0;0;0;0;0;0;787154,6934;5838088,202;13,24239572;52,61671087
10475;205457;11;1;1011202;2018;9;9;3;3;4;2;0;1;1;0;0;0;0;0;797199,138;5827496,139;13,38083762;52,5163662
10476;205458;11;7;7030301;2018;9;18;4;3;9;1;0;0;0;0;1;0;0;0;793930,295;5822665,475;13,32854145;52,47483326
10477;205459;11;1;1033102;2018;9;11;3;3;1;5;0;0;0;0;1;0;1;0;797476,3128;5831272,837;13,38829032;52,55006859
10478;205460;11;3;3050923;2018;9;7;2;3;5;3;0;0;1;0;1;0;0;0;801159,6045;5831611,617;13,44275604;52,55108129
10479;205461;11;3;3061332;2018;9;16;3;3;1;5;0;1;0;0;0;0;1;0;799233,4229;5831106,111;13,41397713;52,54761178
10480;205462;11;1;1033202;2018;9;17;2;3;5;3;0;0;1;0;0;0;0;1;797787,5808;5830039,431;13,39176166;52,53884264
10481;205463;11;2;2010102;2018;9;9;3;3;6;2;0;0;1;1;0;0;0;0;798440,4645;5826525,278;13,39820622;52,50698588
10482;205464;11;7;7040403;2018;9;17;5;3;3;6;0;0;1;0;1;0;0;0;797321,2306;5821776,002;13,37752769;52,46502478
10483;205465;11;7;7040405;2018;9;17;2;3;2;6;0;0;1;0;0;0;0;1;799553,5284;5821342,606;13,40990002;52,45992075
10484;205466;11;4;4030724;2018;9;9;3;3;2;6;0;0;1;0;1;0;0;0;791053,258;5826041,686;13,28925162;52,50664179
10485;205467;11;2;2020206;2018;9;14;2;3;2;7;0;0;1;0;0;0;1;0;799585,4218;5824886,265;13,41355119;52,49166708
10486;205468;11;12;12304313;2018;9;16;5;3;2;7;0;0;1;0;0;0;1;0;791403,5458;5834247,554;13,30159661;52,58001894
10487;205469;11;1;1011301;2018;9;16;2;3;2;2;0;1;1;0;0;0;0;1;796735,53;5829686,093;13,3759798;52,53624924
10488;205470;11;2;2040502;2018;9;16;4;3;3;2;0;0;1;0;0;0;0;0;801137,1807;5828581,481;13,43968042;52,52393423
10489;205471;11;9;9010301;2018;9;16;2;3;2;6;0;0;1;0;0;0;0;1;804798,8645;5822364,131;13,48779747;52,46617622
10490;205472;11;4;4030827;2018;9;16;2;2;0;1;0;0;0;0;1;0;0;1;792411,7512;5826106,028;13,30926687;52,50649217
10491;205473;11;11;11030721;2018;9;13;3;3;5;2;0;1;1;0;0;0;0;0;803586,8664;5828338,209;13,47545496;52,52039544
10492;205474;11;4;4030416;2018;9;16;2;3;2;7;0;0;1;0;0;0;0;1;790849,1342;5827172,437;13,28724083;52,51688783
10493;205475;11;1;1044101;2018;9;15;6;3;5;2;0;0;1;0;0;0;0;0;793966,7264;5832016,906;13,33733894;52,55864404
10494;205476;11;11;11051331;2018;9;16;6;3;5;3;0;1;0;0;0;0;1;0;807246,414;5824298,118;13,52549456;52,4821382
10495;205477;11;3;3061228;2018;9;17;3;3;5;3;0;0;1;0;1;0;0;0;800939,2921;5830839,16;13,4388166;52,54427943
10496;205478;11;8;8020625;2018;9;16;2;2;6;4;0;0;1;1;0;0;0;1;802233,1182;5818943,205;13,44704846;52,43693923
10497;205479;11;5;5010313;2018;9;15;5;3;5;2;0;1;1;0;0;0;0;0;784377,46;5830003,761;13,19454869;52,54568694
10498;205480;11;1;1011303;2018;9;15;2;3;0;5;0;1;1;0;0;0;0;0;798906,3148;5828320,84;13,40666251;52,52282552
10499;205481;11;7;7010102;2018;9;18;4;3;6;4;1;1;0;1;0;0;0;0;795857,5045;5825395,592;13,35925688;52,49826607
10500;205482;11;5;5020524;2018;9;15;2;2;6;4;0;1;0;1;0;0;0;0;783604,767;5825675,629;13,17949284;52,50728284
10501;205483;11;3;3040614;2018;9;15;2;3;2;7;0;0;1;0;0;0;0;1;798830,932;5834947,393;13,41151906;52,58226387
10502;205484;11;1;1011203;2018;9;9;3;3;1;5;0;0;1;0;1;0;0;0;797796,8299;5827224,045;13,38937627;52,51360118
10503;205485;11;5;5020625;2018;9;15;2;3;5;2;0;1;0;0;0;0;1;1;784710,1559;5828610,777;13,19824794;52,53302369
10504;205486;11;3;3061131;2018;9;16;4;3;5;3;0;1;1;0;0;0;0;0;799114,1967;5830591,189;13,4117604;52,54306177
10505;205487;11;10;10010308;2018;9;15;2;2;3;6;0;1;1;0;0;0;0;1;807537,2343;5830662,236;13,53564375;52,53900994
10506;205488;11;1;1044201;2018;9;14;2;3;2;6;0;0;1;0;0;0;0;1;796527,8453;5831963,145;13,37495976;52,55677357
10507;205489;11;7;7040403;2018;9;11;3;3;5;2;0;0;1;0;0;0;0;0;796918,0873;5822280,486;13,37205981;52,46976622
10508;205490;11;12;12304314;2018;9;14;2;3;2;6;0;0;1;0;0;0;0;1;790205,6667;5835859,972;13,28538018;52,59511432
10509;205491;11;1;1011202;2018;9;15;6;3;5;2;0;1;1;0;0;0;0;0;797496,9299;5827753,782;13,38544362;52,51851331
10510;205492;11;4;4030726;2018;9;18;5;3;5;2;1;1;1;0;0;0;0;0;791857,6564;5825371,53;13,30048238;52,50020421
10511;205493;11;6;6010102;2018;9;10;3;2;5;2;0;1;0;0;0;1;0;0;793396,7044;5820322,936;13,31864839;52,45412002
10512;205494;11;6;6020409;2018;9;14;2;3;2;6;0;0;1;0;0;0;0;1;793901,1934;5817524,609;13,3235902;52,42876295
10513;205495;11;5;5010314;2018;9;10;5;3;2;1;0;0;1;0;1;0;0;0;784978,4022;5829178,304;13,20267853;52,53797192
10514;205496;11;9;9020502;2018;9;14;2;3;2;6;0;0;1;0;1;0;0;1;807376,8825;5822350,52;13,5256151;52,46461009
10515;205497;11;3;3061228;2018;9;11;4;3;5;2;0;0;1;0;0;0;0;0;800302,9977;5831590,085;13,43014088;52,55136122
10516;205498;11;12;12301204;2018;9;14;2;3;2;6;0;0;1;0;0;0;0;1;791834,8221;5835447,77;13,30900045;52,59054729
10517;205499;11;5;5030731;2018;9;14;2;3;2;6;0;0;1;0;0;0;1;0;787686,9629;5829986,499;13,24320402;52,54379462
10518;205500;11;7;7030301;2018;9;11;3;2;1;5;0;1;1;0;0;0;0;0;794098,9135;5821750,312;13,33021011;52,46653847
10519;205501;11;5;5020627;2018;9;23;2;3;2;4;2;0;1;1;0;0;0;1;786282,076;5828202,174;13,22100692;52,52853689
10520;205502;11;1;1022201;2018;9;20;5;3;5;2;2;1;1;0;0;0;0;0;794821,4616;5828959,276;13,3471968;52,53077269
10521;205503;11;7;7040405;2018;9;22;2;3;5;3;2;0;1;0;0;0;0;0;798894,8276;5821207,193;13,40011275;52,4590676
10522;205504;11;12;12103219;2018;9;13;6;3;2;6;0;0;1;0;0;0;1;0;795108,761;5832471,461;13,35454054;52,56210103
10523;205505;11;8;8010211;2018;9;8;5;3;3;6;0;1;1;0;0;0;0;0;800815,0611;5823825,285;13,43065019;52,48148097
10524;205506;11;1;1011204;2018;9;10;3;2;5;3;0;1;1;0;0;0;0;0;798581,7431;5826874,258;13,40059465;52,51003671
10525;205507;11;7;7060604;2018;9;21;2;2;5;3;1;1;1;0;0;0;0;0;795806,9778;5816017,335;13,35020616;52,41422409
10526;205508;11;5;5030731;2018;9;15;5;2;5;3;0;0;1;0;1;0;0;0;787989,5668;5829743,762;13,24744347;52,54145851
10527;205509;11;4;4051448;2018;9;19;2;3;2;1;1;0;1;0;1;0;0;1;793490,2676;5824764,428;13,32392952;52,49388618
10528;205510;11;12;12214125;2018;9;9;4;3;0;6;0;1;0;0;0;0;1;0;792503,7807;5832027,232;13,31582971;52,5595244
10529;205511;11;4;4030725;2018;9;17;2;3;5;3;0;1;1;0;0;0;0;1;791577,1431;5826514,816;13,29736299;52,51060361
10530;205512;11;1;1011103;2018;9;18;2;3;5;7;1;0;1;0;1;0;0;1;795998,3935;5826091,446;13,36194477;52,5044274
10531;205513;11;1;1011202;2018;9;17;3;3;5;2;0;1;0;0;0;0;0;0;797184,1382;5827523,815;13,38064194;52,51662246
10532;205514;11;6;6040810;2018;9;17;2;3;1;5;0;0;1;0;0;0;0;0;790492,4183;5821286,418;13,27686718;52,4643091
10533;205515;11;3;3020209;2018;9;18;5;3;5;2;1;1;1;0;0;0;0;0;797201,9233;5835579,189;13,38811423;52,58881935
10534;205516;11;4;4020311;2018;9;16;2;3;0;7;1;0;1;0;1;0;0;1;789808,7933;5826366,334;13,27125009;52,51021483
10535;205517;11;9;9020502;2018;9;17;4;2;5;3;0;0;1;0;0;0;0;0;807851,5362;5822049,084;13,53230183;52,46164137
10536;205518;11;3;3061441;2018;9;17;2;3;0;3;0;0;1;0;0;0;0;0;802946,3429;5828615,234;13,46629593;52,52323459
10537;205519;11;4;4030931;2018;9;17;2;3;3;6;0;1;0;0;0;0;0;1;794120,5269;5826091,899;13,33435852;52,50544699
10538;205520;11;1;1011304;2018;9;15;3;3;2;6;0;0;1;0;0;0;0;0;799729,9653;5827600,221;13,41811681;52,51591418
10539;205521;11;9;9010301;2018;9;21;2;3;2;7;2;0;1;0;1;0;0;1;804984,5947;5822653,911;13,49078786;52,46866977
10540;205522;11;1;1011402;2018;9;10;4;3;0;3;0;1;1;0;0;0;0;0;798734,7222;5829552,852;13,40524787;52,53396278
10541;205523;11;3;3010104;2018;9;21;2;3;0;7;2;0;0;0;1;1;0;1;800454,081;5840966,205;13,4408677;52,63531689
10542;205524;11;6;6010101;2018;9;13;2;2;2;1;0;0;1;0;1;0;0;0;793168,1103;5820823,464;13,31573346;52,45872978
10543;205525;11;9;9031001;2018;9;7;4;3;0;6;0;0;1;0;1;0;0;1;811475,499;5815934,195;13,57977476;52,40478923
10544;205526;11;6;6010205;2018;9;13;2;2;5;7;0;0;1;0;1;0;0;0;794819,6419;5820047,052;13,33928467;52,45088124
10545;205527;11;9;9020501;2018;9;8;3;3;3;6;0;0;1;0;0;0;0;0;806203,7902;5822168,557;13,50823449;52,4636379
10546;205528;11;1;1033102;2018;9;12;2;3;6;4;0;0;0;1;0;1;0;0;797145,1998;5831874,049;13,38395947;52,55563845
10547;205529;11;8;8010214;2018;9;17;5;3;5;2;0;0;1;0;1;0;0;0;801719,0259;5822128,689;13,44238647;52,46577535
10548;205530;11;1;1011302;2018;9;12;2;2;5;3;0;0;1;0;1;0;0;0;797993,2308;5828907,251;13,39376983;52,52858171
10549;205531;11;3;3010102;2018;9;15;4;3;3;6;0;1;1;0;0;0;0;0;804729,7048;5840720,372;13,50362603;52,63073148
10550;205532;11;8;8040933;2018;9;12;2;3;6;7;0;0;1;1;0;0;0;0;803013,2858;5819354,05;13,45886259;52,44019001
10551;205533;11;4;4030931;2018;9;12;2;3;0;6;0;0;1;0;0;0;1;0;794290,6351;5825970,283;13,33675005;52,50426505
10552;205534;11;9;9030901;2018;9;13;3;3;2;7;0;0;1;0;0;0;0;0;808508,838;5817297,519;13,53755999;52,41868694
10553;205535;11;7;7020201;2018;9;12;2;3;2;1;0;0;1;0;0;0;1;0;794968,0194;5824011,615;13,3449667;52,48634112
10554;205536;11;2;2040703;2018;9;15;6;3;5;3;0;1;0;0;1;0;0;0;801554,3214;5826341,681;13,44378058;52,50362811
10555;205537;11;4;4051655;2018;9;11;6;3;5;2;0;1;1;0;0;0;0;0;794012,6354;5823813,357;13,33076247;52,48507916
10556;205538;11;1;1011301;2018;9;8;3;3;3;6;0;1;1;0;0;0;0;0;797050,1576;5828335,717;13,37939831;52,52397325
10557;205539;11;2;2040701;2018;9;11;2;3;5;2;0;1;1;0;0;0;0;0;800426,9598;5827980,902;13,42870118;52,51894285
10558;205540;11;1;1011105;2018;9;13;5;3;5;3;0;0;1;0;0;0;0;0;796013,2641;5826207,659;13,36226654;52,50546107
10559;205541;11;1;1011202;2018;9;8;6;3;5;2;0;1;0;0;0;0;1;0;797155,9861;5827685,169;13,3803724;52,51808416
10560;205542;11;6;6030501;2018;9;8;3;3;5;2;0;0;1;0;0;0;0;0;787530,4174;5817387,128;13,23003166;52,43091588
10561;205543;11;5;5010314;2018;9;15;5;3;6;4;0;1;0;1;0;0;0;0;785297,8036;5828685,028;13,20695159;52,53338213
10562;205544;11;2;2030302;2018;9;8;2;3;5;3;0;0;1;0;0;0;0;0;800788,4425;5825815,567;13,43205592;52,49933514
10563;205545;11;7;7040403;2018;9;23;4;2;3;6;2;1;1;0;0;0;0;0;797327,9795;5821865,811;13,37770676;52,46582615
10564;205546;11;7;7070704;2018;9;11;2;3;0;3;0;0;1;0;1;0;0;0;800501,5314;5814127,156;13,41732837;52,39472437
10565;205547;11;1;1044101;2018;9;11;2;3;0;2;0;1;1;0;0;0;0;1;793668,8401;5832202,69;13,33312184;52,56047021
10566;205548;11;6;6020409;2018;9;10;3;3;5;3;0;1;1;0;0;0;0;0;793734,2611;5817592,696;13,32120184;52,42946298
10567;205549;11;5;5010339;2018;9;9;2;3;2;6;0;0;1;0;0;0;0;0;786543,6192;5828254,606;13,22489697;52,52886956
10568;205550;11;4;1022207;2018;9;8;6;2;5;2;0;1;1;0;0;0;0;0;794178,3131;5827075,762;13,33607703;52,51423561
10569;205551;11;7;7040401;2018;9;9;5;3;1;5;0;1;1;0;0;0;0;0;797296,2713;5822685,933;13,37797218;52,47319497
10570;205552;11;1;1011101;2018;9;8;3;3;5;2;0;1;1;0;0;0;0;0;795230,5272;5826625,853;13,35113864;52,50963398
10571;205553;11;3;3020307;2018;9;8;2;3;5;3;0;1;1;0;0;0;0;0;799442,9943;5837762,662;13,42307086;52,60716137
10572;205554;11;6;6030504;2018;9;13;5;2;6;4;0;0;1;1;0;0;0;0;790204,2127;5815151,533;13,2673105;52,4094611
10573;205555;11;10;10010308;2018;9;8;2;3;2;6;0;0;0;0;1;0;1;0;807627,4236;5830741,111;13,53704238;52,53966591
10574;205556;11;6;6020302;2018;9;10;4;3;2;2;0;0;1;0;0;0;0;0;794380,0985;5819087,821;13,33199012;52,44251903
10575;205557;11;7;7010102;2018;9;8;2;3;5;3;0;0;1;0;0;0;0;0;795205,707;5825596,04;13,34986087;52,50041591
10576;205558;11;4;4030623;2018;9;8;2;3;0;3;0;1;0;0;0;0;1;1;792922,5016;5826762,278;13,31734813;52,51210123
10577;205559;11;6;6040701;2018;9;7;2;3;2;2;0;0;1;0;0;0;0;1;782019,5591;5815644,508;13,14772181;52,41815928
10578;205560;11;3;3051017;2018;9;13;4;3;5;2;0;1;1;0;0;0;0;0;802357,5274;5833214,088;13,46182965;52,56478039
10579;205561;11;12;12301203;2018;9;6;2;3;2;2;2;0;1;0;0;0;0;1;792861,3178;5835184,844;13,32387758;52,5876386
10580;205562;11;8;8020622;2018;9;5;2;3;8;1;2;0;1;0;0;0;0;1;801321,0773;5819542,51;13,43421273;52,44281422
10581;205563;11;8;8030829;2018;9;16;2;3;2;6;0;0;1;0;0;0;1;0;802694,3659;5818768,297;13,45365463;52,43511644
10582;205564;11;12;12214422;2018;9;22;5;2;5;3;2;0;1;0;0;0;0;0;792341,7931;5833911,202;13,31510742;52,57650041
10583;205565;11;4;4041134;2018;9;17;3;3;5;2;0;1;1;0;0;0;0;0;790850,4752;5824616,627;13,28502769;52,49397423
10584;205566;11;8;8041038;2018;9;5;1;3;5;3;2;0;1;0;0;0;0;0;805917,7555;5816207,934;13,49858251;52,41037582
10585;205567;11;1;1011301;2018;9;12;5;3;0;7;0;1;0;0;0;0;0;0;796869,321;5828791,451;13,37714757;52,5281569
10586;205568;11;8;8010406;2018;9;23;1;3;5;3;2;0;1;0;0;0;0;1;802288,8678;5823895,576;13,45235033;52,48129715
10587;205569;11;12;12103117;2018;9;8;4;2;5;2;0;0;1;0;1;0;0;0;796665,0127;5832659,751;13,37759982;52,56294314
10588;205570;11;5;5010206;2018;9;19;1;3;6;2;2;0;1;1;0;0;0;1;781956,1969;5830607,346;13,15945047;52,55235749
10589;205571;11;7;7070703;2018;9;8;3;2;6;6;0;0;1;1;0;0;0;0;799573,2173;5813979,399;13,40359401;52,39390837
10590;205572;11;2;2040502;2018;9;19;1;3;5;3;2;0;1;0;0;0;0;1;800413,0948;5828046,968;13,42855712;52,51954266
10591;205573;11;4;4030417;2018;9;17;5;3;5;2;0;1;1;0;0;0;0;0;791509,2953;5826850,138;13,29665981;52,51364599
10592;205574;11;9;9020701;2018;9;7;3;3;2;6;0;0;1;0;0;0;0;0;809546,9901;5818307,506;13,55371137;52,42715221
10593;205575;11;7;7010104;2018;9;19;1;2;6;4;1;0;1;1;0;0;0;1;795991,7481;5824977,095;13,36085677;52,49444181
10594;205576;11;5;5010209;2018;9;19;5;2;1;5;1;0;0;0;1;1;0;0;782998,4336;5830351,502;13,17456332;52,54952299
10595;205577;11;1;1011301;2018;9;18;1;3;5;3;1;0;1;0;0;1;0;1;797259,2229;5829088,249;13,38314352;52,53060488
10596;205578;11;9;9010101;2018;9;17;4;3;5;2;0;1;1;0;0;0;0;0;802326,6514;5825299,393;13,45417842;52,4938587
10597;205579;11;1;1044103;2018;9;17;1;3;5;3;0;0;1;0;0;0;0;1;794934,0363;5830796,389;13,35048222;52,54718007
10598;205580;11;9;9030901;2018;9;17;1;3;2;6;0;0;1;0;0;0;0;1;808757,5311;5817816,511;13,54168421;52,42319794
10599;205581;11;3;3020307;2018;9;11;4;2;2;2;0;0;1;0;0;0;0;1;800186,5757;5836568,232;13,43293553;52,59604547
10600;205582;11;3;3071633;2018;9;16;1;3;5;3;1;1;0;0;0;0;1;1;800140,4885;5830723,022;13,42696769;52,54367907
10601;205583;11;3;3030406;2018;9;7;3;3;5;2;0;0;1;0;1;0;0;0;802687,3699;5838959,499;13,47193054;52,61609147