;OBJECTID;LAND;BEZ;LOR;UJAHR;UMONAT;USTUNDE;UWOCHENTAG;UKATEGORIE;UART;UTYP1;ULICHTVERH;IstRad;IstPKW;IstFuss;IstKrad;IstGkfz;IstSonstige;USTRZUSTAND;LINREFX;LINREFY;XGCSWGS84;YGCSWGS84
10602;205584;11;5;5010208;2018;9;16;5;3;6;7;0;0;1;1;0;0;0;0;783807,9862;5830584,677;13,18666988;52,55119246
10603;205585;11;9;9010201;2018;9;15;1;3;2;2;0;0;1;0;0;0;1;1;802660,702;5824420,22;13,45828532;52,48579358
10604;205586;11;3;3050925;2018;9;15;4;3;0;2;0;1;0;0;0;0;1;0;802768,7281;5831650,094;13,46645098;52,55053416
10605;205587;11;10;10010102;2018;9;13;1;3;0;3;0;1;1;0;0;0;0;1;810170,7185;5833675,474;13,57716375;52,56452044
10606;205588;11;2;2040502;2018;9;12;1;3;2;2;0;0;1;0;0;0;0;0;801253,477;5827865,501;13,44074096;52,51745255
10607;205589;11;11;11040926;2018;9;12;1;2;5;3;0;1;1;0;0;0;0;0;805431,1453;5827324,347;13,50162163;52,51027899
10608;205590;11;7;7020202;2018;9;16;4;3;2;6;0;0;1;0;0;0;0;0;794993,4479;5823508,806;13,34489514;52,48182003
10609;205591;11;4;4041241;2018;9;11;1;3;3;6;0;1;1;0;0;0;0;0;791962,0514;5821883,738;13,29896098;52,46888072
10610;205592;11;4;4041137;2018;9;5;1;2;6;4;2;0;1;1;0;0;0;0;791678,3763;5823750,314;13,29642944;52,48576602
10611;205593;11;7;7010104;2018;9;20;3;3;5;2;2;1;1;0;0;0;0;0;796422,2953;5824864,499;13,36707986;52,49319883
10612;205594;11;4;4030931;2018;9;3;1;2;9;1;2;0;1;0;0;0;0;0;794278,0393;5825951,884;13,33654875;52,5041069
10613;205595;11;9;9020802;2018;9;15;6;3;5;3;0;1;1;0;0;0;0;0;810127,2781;5819519,586;13,56334273;52,43768602
10614;205596;11;4;4030931;2018;9;23;6;3;0;7;2;0;1;0;0;0;0;0;793934,2598;5825910,556;13,33146199;52,50392173
10615;205597;11;6;6010207;2018;9;19;3;3;5;2;1;1;1;0;0;0;0;0;794084,2157;5820368,519;13,32877701;52,45415919
10616;205598;11;12;12302108;2018;9;0;1;2;2;2;2;0;0;0;0;0;1;1;794054,7366;5836553,867;13,34265806;52,59926703
10617;205599;11;4;4030518;2018;9;17;5;3;5;3;0;0;1;0;0;0;0;0;791905,6112;5828208,295;13,30367519;52,52560964
10618;205600;11;4;4030623;2018;9;8;1;3;5;3;0;1;1;0;0;0;0;0;793246,1092;5826749,901;13,32209209;52,5118164
10619;205601;11;6;6020409;2018;9;19;4;3;5;3;2;0;1;0;0;0;0;0;793631,3796;5818099,543;13,32013809;52,43406195
10620;205602;11;6;6020302;2018;9;18;1;3;0;1;1;0;0;0;1;0;0;1;794897,7265;5819408,762;13,3398669;52,44511719
10621;205603;11;1;1011201;2018;9;22;1;3;5;3;2;0;1;0;0;0;1;1;797900,9065;5826570,619;13,39032056;52,50768719
10622;205604;11;7;7020201;2018;9;18;3;3;5;3;0;1;1;0;0;0;0;0;794669,3914;5824241,307;13,34078462;52,48856143
10623;205605;11;7;7050503;2018;9;16;7;3;5;7;0;0;1;0;0;0;0;0;798440,8792;5820499,309;13,39281869;52,45297033
10624;205606;11;1;1011302;2018;9;14;6;3;6;4;0;1;0;1;0;0;0;0;798117,967;5828448,681;13,395192;52,52440304
10625;205607;11;9;9020501;2018;9;8;5;2;3;6;0;1;1;0;0;0;0;0;806566,5609;5822255,332;13,51363728;52,4642122
10626;205608;11;5;5030833;2018;9;7;3;3;2;6;0;0;1;0;0;0;0;0;788212,6088;5829377,763;13,2504057;52,53805926
10627;205609;11;1;1044201;2018;9;15;7;3;6;4;0;0;1;1;0;0;0;0;795590,5826;5830808,548;13,36014711;52,54693323
10628;205610;11;12;12214421;2018;9;12;3;3;2;6;0;0;1;0;1;0;0;0;793516,0207;5833939,905;13,33241124;52,57612566
10629;205611;11;12;12224230;2018;9;15;7;3;5;3;0;0;1;0;0;0;0;0;787060,2751;5837076,712;13,24012728;52,60769235
10630;205612;11;9;9020502;2018;9;15;6;3;5;2;0;1;1;0;0;0;0;0;806893,9403;5821973,718;13,51818215;52,46150453
10631;205613;11;3;3050925;2018;9;14;5;3;1;5;0;1;0;0;0;0;1;0;802624,5542;5831588,994;13,46427546;52,55006664
10632;205614;11;7;8020726;2018;9;5;3;3;6;2;2;0;1;1;0;0;0;0;799289,4108;5816264,721;13,40147776;52,41454871
10633;205615;11;11;11020412;2018;9;14;7;3;5;3;0;0;1;0;0;0;0;0;805841,8535;5831859,594;13,51182674;52,55069507
10634;205616;11;8;8010214;2018;9;11;5;3;5;3;0;1;1;0;0;0;0;0;801377,4469;5821949,262;13,43721155;52,46435561
10635;205617;11;7;7040401;2018;9;17;1;3;5;3;0;0;1;0;1;0;0;0;797350,6044;5823593,286;13,3795788;52,48129886
10636;205618;11;1;1044203;2018;9;13;7;3;5;2;0;0;1;0;0;0;0;0;795896,6047;5831930,895;13,36564713;52,55682783
10637;205619;11;2;2050602;2018;9;12;4;3;0;5;0;1;0;0;0;0;1;0;802673,1869;5828062,87;13,4617795;52,51843551
10638;205620;11;7;7030303;2018;9;12;7;3;3;6;0;1;1;0;0;0;0;1;795311,6607;5821712,324;13,34797683;52,46554378
10639;205621;11;7;7010104;2018;9;17;1;3;6;4;0;0;1;1;0;0;0;0;796590,4021;5824354,075;13,36909437;52,48853205
10640;205622;11;1;1022101;2018;9;12;7;2;5;3;0;0;1;0;1;0;0;0;793413,294;5828222,438;13,32584734;52,52492711
10641;205623;11;3;3030716;2018;9;17;3;3;4;1;0;0;1;0;0;0;0;0;802691,9802;5833510,245;13,46701902;52,56724894
10642;205624;11;9;9020601;2018;9;11;7;3;2;6;0;0;1;0;0;0;0;0;806872,7723;5821168,677;13,51713163;52,4543014
10643;205625;11;2;2050804;2018;9;16;1;3;4;6;0;1;1;0;0;0;0;0;803317,9599;5825828,377;13,46921683;52,49804995
10644;205626;11;3;3051022;2018;9;20;5;2;0;3;2;1;1;0;0;0;0;0;803401,8921;5831692,646;13,47579937;52,55056325
10645;205627;11;9;9041501;2018;9;12;1;3;2;6;0;0;1;0;0;0;1;0;810854,1244;5820525,6;13,57493663;52,44628893
10646;205628;11;12;12301203;2018;9;9;7;3;5;3;0;0;1;0;0;0;0;1;793837,0212;5835501,45;13,33851909;52,58995058
10647;205629;11;9;9051901;2018;9;15;1;3;2;6;0;1;0;0;0;0;0;0;810783,861;5821278,913;13,57460698;52,45307977
10648;205630;11;12;12302212;2018;9;19;5;2;0;1;1;0;0;0;1;0;0;0;793170,31;5837677,494;13,33063256;52,60981718
10649;205631;11;6;6030504;2018;9;14;1;3;5;3;0;0;1;0;1;0;0;0;790798,2898;5817320,265;13,27790447;52,42858911
10650;205632;11;4;4030931;2018;9;8;7;3;5;3;0;1;1;0;0;0;0;0;793922,9494;5826057,515;13,33142557;52,50524523
10651;205633;11;2;2020206;2018;9;13;1;3;3;6;0;0;1;0;1;0;0;0;800170,442;5824647,774;13,42192713;52,48920801
10652;205634;11;3;3040614;2018;9;12;5;2;5;3;0;1;1;0;0;0;0;0;799996,6671;5835731,041;13,42938198;52,58864637
10653;205635;11;9;9020501;2018;9;11;1;2;0;7;0;1;0;0;0;0;0;0;805594,3944;5822683,64;13,49976413;52,46859547
10654;205636;11;8;8010302;2018;9;2;7;3;1;1;2;0;1;0;0;0;0;0;801925,41;5824540,79;13,44759895;52,48728135
10655;205637;11;1;1011204;2018;9;9;4;3;2;6;0;0;1;0;1;0;0;0;798384,1084;5827469,33;13,39822472;52,51547889
10656;205638;11;2;2030302;2018;9;1;7;3;6;4;2;0;1;1;0;0;0;0;801635,924;5826049,051;13,44471409;52,50096013
10657;205639;11;11;11041027;2018;9;19;1;2;5;3;2;0;1;0;0;0;0;0;807525,5077;5827496,331;13,53254388;52,51064373
10658;205640;11;8;8010118;2018;9;2;7;3;6;7;2;0;1;1;0;0;0;1;800338,7389;5822235,178;13,42222543;52,46749032
10659;205641;11;8;8010508;2018;9;16;3;3;6;4;0;0;1;1;0;0;0;0;803082,6533;5822599,162;13,46282529;52,46923749
10660;205642;11;11;11040926;2018;9;21;7;2;5;2;2;0;1;0;1;0;0;0;805695,4267;5827208,299;13,50539711;52,50909089
10661;205643;11;9;9041501;2018;9;15;1;2;1;1;0;0;1;0;0;0;0;0;811138,8576;5820262,403;13,57886753;52,44376833
10662;205644;11;11;11030720;2018;9;18;5;2;5;2;0;0;1;0;1;0;0;0;806113,1312;5830152,363;13,51424205;52,53524214
10663;205645;11;9;9051702;2018;9;18;1;2;8;1;0;0;0;0;1;0;0;0;815524,3268;5821872,475;13,64469834;52,45568312
10664;205646;11;5;5020626;2018;9;21;7;3;2;6;2;0;1;0;0;0;0;1;784639,5461;5827842,749;13,19655219;52,52617443
10665;205647;11;6;6040810;2018;9;14;1;3;0;1;0;0;0;0;1;0;0;0;790391,0206;5820857,549;13,27500569;52,46051809
10666;205648;11;12;12302110;2018;9;17;4;2;5;2;0;0;1;0;0;0;1;0;795278,883;5836367,862;13,3605138;52,59693631
10667;205649;11;10;10020622;2018;9;20;7;3;5;2;2;0;1;0;0;0;0;0;810958,269;5828192,395;13,58361395;52,5149356
10668;205650;11;5;5020523;2018;9;23;1;3;5;3;2;0;0;0;0;0;1;0;782248,4891;5827617,957;13,16121055;52,52540205
10669;205651;11;4;4020313;2018;9;18;7;2;5;3;0;1;1;0;0;0;0;0;790297,702;5826006,399;13,27811999;52,506728
10670;205652;11;1;1011302;2018;9;19;3;3;0;2;0;1;1;0;0;0;0;0;798185,5659;5828524,347;13,39625328;52,52504432
10671;205653;11;8;8010301;2018;9;17;7;3;6;4;0;0;1;1;0;0;0;0;800563,4955;5824425,224;13,42749788;52,48699696
10672;205654;11;1;1022102;2018;9;1;7;2;8;1;2;0;1;0;0;0;0;0;793537,95;5829090,939;13,32844627;52,53264567
10673;205655;11;4;4030519;2018;9;16;3;3;5;2;0;1;0;0;0;1;0;0;792022,2902;5828894,175;13,3059926;52,53169589
10674;205656;11;2;2010102;2018;9;1;7;2;5;3;2;0;1;0;0;0;0;0;798181,2893;5826512,315;13,39438728;52,5070114
10675;205657;11;7;7040401;2018;9;7;4;3;5;2;0;1;1;0;0;0;0;0;798135,6325;5823963,696;13,39143563;52,48419112
10676;205658;11;11;11030619;2018;9;22;7;3;5;2;2;0;1;0;0;0;0;1;803549,4961;5829752,579;13,47619701;52,53309284
10677;205659;11;12;12214527;2018;9;16;7;3;5;2;0;0;1;0;0;0;0;0;789912,125;5835693,736;13,28091318;52,59378059
10678;205660;11;2;2010102;2018;9;10;3;3;3;6;0;0;1;0;0;0;1;0;798482,8499;5826522,108;13,39882603;52,50693428
10679;205661;11;9;9041501;2018;9;11;6;3;5;7;0;0;1;0;0;0;0;0;811023,3185;5820660,8;13,57754394;52,44740432
10680;205662;11;2;2020206;2018;9;15;7;2;6;7;0;0;1;1;0;0;0;0;800303,7902;5824559,433;13,42380557;52,48834283
10681;205663;11;7;7040403;2018;9;6;5;2;2;2;2;0;1;0;1;1;0;0;797277,9878;5821226,479;13,37640359;52,46012237
10682;205664;11;5;5020417;2018;9;15;7;3;5;3;0;0;1;0;1;0;0;0;783415,4077;5828539,431;13,17915047;52,53305881
10683;205665;11;8;8010117;2018;9;7;6;3;5;3;0;1;1;0;0;0;0;0;800683,1071;5822914,963;13,42789218;52,47339409
10684;205666;11;6;6030504;2018;9;15;7;3;0;1;0;0;0;0;1;0;0;0;790145,1039;5816121,588;13,26728484;52,41818933
10685;205667;11;8;8010303;2018;9;15;4;3;5;2;0;1;1;0;0;0;0;0;800329,7449;5824358,517;13,42400563;52,48652767
10686;205668;11;4;4030518;2018;9;22;6;3;6;4;2;1;0;1;0;0;0;1;791431,0538;5828393,01;13,29686191;52,52751946
10687;205669;11;5;5010101;2018;9;22;7;3;1;1;2;0;1;0;0;0;0;0;785657,1112;5831712,565;13,21483845;52,56033823
10688;205670;11;1;1033102;2018;9;7;6;3;5;3;0;1;1;0;0;0;0;0;797140,9444;5831804,109;13,38383428;52,55501384
10689;205671;11;7;7050505;2018;9;13;3;3;1;5;0;1;1;0;0;0;0;0;799271,1875;5818693,009;13,40338316;52,43632526
10690;205672;11;9;9010101;2018;9;7;6;3;5;7;0;1;1;0;0;0;0;0;802416,1671;5825505,893;13,45568038;52,49565997
10691;205673;11;5;5030730;2018;9;21;7;3;2;6;2;0;1;0;0;0;0;0;786569,4552;5830554,882;13,22726077;52,54947948
10692;205674;11;6;6010205;2018;9;15;6;3;2;6;0;0;1;0;0;0;0;0;795842,2357;5819512,812;13,35381541;52,44553971
10693;205675;11;1;1011303;2018;9;0;6;3;0;1;2;1;0;0;0;0;0;0;799182,8592;5827742,487;13,4102062;52,51748978
10694;205676;11;6;6030504;2018;9;13;7;3;5;2;0;1;1;0;0;0;0;0;789040,1309;5816687,526;13,25157112;52,42384798
10695;205677;11;7;7020203;2018;9;16;3;2;5;3;0;1;1;0;0;0;0;0;795512,176;5824438,328;13,35333555;52,48987203
10696;205678;11;1;1011402;2018;9;7;6;3;4;6;0;1;0;0;0;0;0;0;798302,9045;5829412,56;13,39877463;52,53294176
10697;205679;11;7;7050503;2018;9;19;7;3;5;7;2;0;1;0;1;0;0;0;799275,8113;5820141,153;13,40474794;52,44930346
10698;205680;11;7;7050503;2018;9;14;5;3;5;7;0;1;1;0;0;0;0;0;798256,7887;5820503,342;13,39012126;52,45310696
10699;205681;11;2;2020203;2018;9;18;7;3;0;6;1;0;1;0;1;0;0;0;797749,0954;5824294,587;13,38605579;52,4873681
10700;205682;11;12;12214422;2018;9;22;6;3;2;6;2;0;1;0;0;0;1;1;792318,9;5833922,615;13,31478061;52,57661502
10701;205683;11;11;11040926;2018;9;14;4;2;2;6;0;0;1;0;0;0;1;0;806623,865;5827318,881;13,5191363;52,50956092
10702;205684;11;1;1044203;2018;9;21;6;3;9;1;2;0;1;0;0;0;0;1;795747,615;5831894,493;13,36342344;52,55658245
10703;205685;11;3;3061126;2018;9;17;5;3;5;2;0;1;0;0;0;0;1;0;798412,0284;5831802,077;13,40252519;52,55430068
10704;205686;11;1;1033203;2018;9;13;7;3;6;4;0;0;1;1;0;0;0;0;797186,3098;5831115,098;13,38388472;52,54881295
10705;205687;11;11;11020514;2018;9;20;6;3;5;3;2;0;1;0;1;0;0;1;804291,3791;5830761,277;13,48802416;52,54171969
10706;205688;11;4;4020205;2018;9;15;4;2;0;7;0;1;0;0;0;0;0;1;787916,9794;5827822,168;13,24471156;52,52426891
10707;205689;11;1;1011204;2018;9;20;6;3;5;3;2;0;1;0;1;0;0;1;798482,2103;5826666,33;13,39894595;52,50822738
10708;205690;11;7;7010102;2018;9;17;7;3;5;3;0;1;1;0;0;0;0;0;795109,128;5825316,999;13,34819497;52,49796674
10709;205691;11;9;9020801;2018;9;17;6;3;5;3;1;0;1;0;0;0;0;1;809764,2502;5820698,193;13,55911187;52,44845419
10710;205692;11;5;5030731;2018;9;10;3;3;3;6;0;0;1;0;1;0;0;0;787557,248;5829435,492;13,24081956;52,53892305
10711;205693;11;10;10020415;2018;9;7;6;3;2;6;0;0;1;0;0;0;0;0;812102,2368;5831497,516;13,60351985;52,54389989
10712;205694;11;6;6040703;2018;9;13;7;3;5;3;0;0;1;0;0;0;0;0;785886,7911;5817771,291;13,20625074;52,43522176
10713;205695;11;5;5020627;2018;9;14;6;3;3;6;0;0;1;0;0;0;0;0;785757,8745;5828013,769;13,21313877;52,52712272
10714;205696;11;8;8041040;2018;9;17;5;3;5;3;0;1;0;0;0;0;0;0;806358,6806;5817130,823;13,50588932;52,41840068
10715;205697;11;5;5020625;2018;9;16;7;2;6;4;0;0;1;1;0;0;0;0;784583,2259;5828266,89;13,19608731;52,53000669
10716;205698;11;4;4020314;2018;9;16;3;3;0;2;0;1;0;0;0;1;0;0;790075,7772;5825290,584;13,27423574;52,50042865
10717;205699;11;6;6040807;2018;9;9;6;3;5;3;0;0;1;0;0;0;0;0;789857,8651;5818789,33;13,26538546;52,44225889
10718;205700;11;8;8010117;2018;9;13;7;3;1;5;0;1;1;0;0;0;0;0;800345,4649;5823692,863;13,42363671;52,48055249
10719;205701;11;6;6030610;2018;9;18;5;2;1;1;0;0;1;0;0;0;0;0;791003,504;5817806,837;13,28133765;52,4328422
10720;205702;11;2;2020206;2018;9;16;7;2;0;7;0;0;0;0;1;0;0;0;799506,23;5824517,409;13,41205676;52,48840428
10721;205703;11;9;9030901;2018;9;19;6;3;6;2;2;0;1;1;0;0;0;1;808578,4366;5817501,92;13,53876865;52,42047956
10722;205704;11;10;10030727;2018;9;11;4;3;5;2;0;0;1;0;0;0;0;0;809625,7839;5825728,156;13,56174909;52,49360994
10723;205705;11;10;10030724;2018;9;16;6;2;5;2;0;1;1;0;0;0;0;0;809184,9745;5830215,142;13,55944573;52,53407091
10724;205706;11;7;7030302;2018;9;12;7;2;1;5;0;0;1;0;0;0;0;0;794475,6916;5821901,843;13,33587414;52,46769392
10725;205707;11;2;2010103;2018;9;19;6;2;5;3;2;1;1;0;0;0;0;1;799287,4743;5826212,22;13,41036731;52,50371579
10726;205708;11;4;4020310;2018;9;16;3;3;5;2;0;0;1;0;0;0;0;0;789170,4448;5827539,164;13,26288965;52,52106834
10727;205709;11;4;4041344;2018;9;18;6;3;0;1;0;0;0;0;1;0;0;1;793390,9438;5822122,972;13,32014612;52,47025988
10728;205710;11;4;4030930;2018;9;11;7;3;0;1;0;0;0;0;1;0;0;0;793364,5092;5825686,046;13,32289424;52,50221573
10729;205711;11;12;12231102;2018;9;9;7;3;5;3;0;0;1;0;0;0;0;0;790589,5762;5839725,496;13,29442728;52,62956288
10730;205712;11;7;7040402;2018;9;18;6;3;5;2;1;0;1;0;0;0;0;1;796743,3395;5821975,392;13,36922347;52,46712628
10731;205713;11;4;4010101;2018;9;18;6;3;2;6;2;0;1;0;0;0;1;1;790436,4966;5829041,123;13,28280899;52,53386058
10732;205714;11;8;8030829;2018;9;7;7;3;6;7;0;1;0;1;0;0;0;0;802769,3041;5818416,866;13,45443537;52,43192506
10733;205715;11;2;2030301;2018;9;9;5;3;0;6;0;1;1;0;0;0;0;0;799958,2866;5825960,148;13,41999357;52,50108801
10734;205716;11;1;1011306;2018;9;3;7;3;9;1;2;0;1;0;0;0;0;0;800142,9619;5826618,755;13,42329971;52,50688982
10735;205717;11;11;11030720;2018;9;16;3;2;5;7;0;0;1;0;1;0;0;0;805185,6098;5829454,694;13,49996932;52,5295095
10736;205718;11;12;12214527;2018;9;17;6;3;0;1;0;0;0;0;1;0;0;1;789723,72;5834703,561;13,27727361;52,58500408
10737;205719;11;11;11010103;2018;9;4;7;3;3;6;2;1;0;0;0;0;1;0;807076,9556;5834114,608;13,53207188;52,57020962
10738;205720;11;5;5020419;2018;9;16;5;3;5;3;0;0;1;0;1;0;0;0;781753,6732;5828440,799;13,15463369;52,53303602
10739;205721;11;6;6040810;2018;9;23;6;2;5;3;2;0;1;0;1;0;0;0;792681,356;5821720,046;13,30937621;52,46702837
10740;205722;11;11;11051229;2018;9;17;6;3;2;2;0;0;1;0;0;0;0;1;803849,9026;5826137,462;13,47731071;52,5005243
10741;205723;11;3;3061332;2018;9;8;4;2;0;1;0;0;0;0;1;0;0;0;799349,6917;5830828,408;13,41543638;52,54505874
10742;205724;11;5;5010314;2018;9;17;6;2;6;4;0;0;1;1;0;0;0;1;784758,176;5828816,886;13,19913056;52,53484658
10743;205725;11;4;4030417;2018;9;22;6;2;5;3;2;0;1;0;0;0;0;0;791801,6996;5826846,249;13,30095307;52,51345477
10744;205726;11;4;4031032;2018;9;15;3;3;2;1;0;0;1;0;0;0;0;0;791729,5457;5825169,992;13,29842392;52,49846595
10745;205727;11;6;6020305;2018;9;17;6;3;2;7;0;1;1;0;0;0;0;0;795465,3291;5817838,808;13,34680616;52,43073709
10746;205728;11;1;1044203;2018;9;21;6;2;5;3;2;0;1;0;1;0;0;0;795612,5322;5831719;13,36128044;52,55508267
10747;205729;11;1;1044201;2018;9;10;5;3;2;6;0;0;1;0;0;0;0;0;796726,5481;5831622,7;13,3775778;52,55361364
10748;205730;11;12;12214527;2018;9;19;6;3;5;3;2;0;1;0;0;0;0;0;790048,4851;5834571,386;13,28193796;52,5836461
10749;205731;11;1;1011303;2018;9;17;6;3;2;7;0;1;1;0;0;0;0;1;798641,5489;5828133,959;13,4026039;52,52129547
10750;205732;11;3;3030406;2018;9;19;6;3;5;3;2;1;1;0;0;0;0;0;803440,9949;5838508,013;13,48261352;52,61162476
10751;205733;11;4;4051549;2018;9;16;4;3;5;3;0;0;1;0;0;0;0;0;793294,365;5823932,953;13,3203204;52,48653762
10752;205734;11;5;5030730;2018;9;16;6;3;5;3;0;0;1;0;0;1;0;1;785862,451;5829240,41;13,21573105;52,53806572
10753;205735;11;11;11020411;2018;9;17;6;3;5;3;0;1;1;0;0;0;0;0;805964,2649;5832533,444;13,51424748;52,5566655
10754;205736;11;1;1011306;2018;9;19;5;3;5;2;1;1;0;0;1;0;0;0;800357,7338;5826761,173;13,4265831;52,50804816
10755;205737;11;2;2030302;2018;9;17;6;3;6;4;0;0;1;1;0;0;0;0;800705,3127;5826218,663;13,43119899;52,50299402
10756;205738;11;2;2040702;2018;9;15;6;3;5;3;0;1;1;0;0;0;0;0;801313,004;5827450,055;13,44123936;52,51369597
10757;205739;11;1;1022207;2018;9;17;6;3;2;6;0;0;1;0;0;0;0;0;794930,9546;5827871,069;13,34784107;52,5209585
10758;205740;11;9;9020502;2018;9;12;4;2;2;2;0;0;1;0;1;0;0;0;809410,2297;5821504,122;13,55466589;52,45587726
10759;205741;11;5;5020417;2018;9;15;6;2;3;6;0;0;1;0;1;0;0;0;782678,8856;5828553,559;13,16833325;52,53356799
10760;205742;11;9;9030901;2018;9;17;6;3;5;3;0;0;1;0;0;0;0;0;809024,4732;5816414,913;13,54430327;52,41048611
10761;205743;11;1;1011203;2018;9;15;6;3;5;5;0;1;1;0;0;0;0;0;798031,5547;5827091,815;13,39270653;52,5122877
10762;205744;11;10;10040933;2018;9;15;4;3;5;3;0;1;1;0;0;0;0;0;812399,3603;5824300,624;13,60113205;52,47923732
10763;205745;11;12;12304314;2018;9;15;6;3;5;2;0;0;1;0;0;0;0;0;790689,3942;5835381,432;13,29208146;52,59056595
10764;205746;11;3;3061332;2018;9;16;6;3;2;6;0;1;1;0;0;0;0;0;799400,5718;5831066,182;13,41639878;52,54716204
10765;205747;11;11;11030619;2018;9;15;3;3;5;3;0;1;1;0;0;0;0;0;803967,7276;5829283,248;13,4819147;52,52865333
10766;205748;11;1;1011304;2018;9;21;6;3;0;6;2;0;1;0;1;0;0;0;799616,9871;5827976,822;13,41679601;52,5193519
10767;205749;11;8;8020619;2018;9;18;5;3;5;3;0;1;1;0;0;0;0;0;802552,7593;5821041,057;13,45363601;52,4555658
10768;205750;11;2;2050802;2018;9;19;6;3;5;3;1;1;1;0;0;0;0;0;802671,5006;5827235,422;13,46100208;52,5110201
10769;205751;11;10;10020414;2018;9;14;6;3;5;3;0;1;1;0;0;0;0;0;812116,5281;5830643,447;13,60292766;52,5362383
10770;205752;11;5;5010311;2018;9;16;6;3;6;4;0;0;0;1;0;0;1;0;785390,8568;5830604,547;13,20996877;52,55054355
10771;205753;11;12;12302107;2018;9;15;4;3;5;2;0;0;1;0;0;0;0;0;793852,4875;5836157,322;13,33932862;52,59582164
10772;205754;11;7;7040405;2018;9;15;6;3;5;3;0;0;1;0;0;0;0;0;798634,4199;5820659,692;13,39580178;52,45430228
10773;205755;11;1;1011201;2018;9;11;6;3;6;2;0;0;1;1;0;0;0;0;797585,5302;5826522,103;13,38564412;52,50742442
10774;205756;11;11;11020411;2018;9;14;6;3;2;2;0;0;1;0;1;0;0;0;805218,4495;5832226,198;13,5029981;52,55433035
10775;205757;11;5;5010314;2018;9;13;3;3;0;2;0;0;1;0;1;0;0;0;784956,7328;5828819,826;13,2020525;52,53476916
10776;205758;11;3;3050920;2018;9;15;6;3;5;3;0;0;1;0;0;0;0;0;802176,8242;5832405,878;13,45843589;52,55763683
10777;205759;11;11;11010310;2018;9;10;6;3;5;3;0;0;1;0;0;0;0;0;805296,0996;5833209,57;13,50504439;52,56310012
10778;205760;11;1;1033102;2018;9;7;6;3;5;3;1;0;1;1;1;0;0;0;797150,988;5831889,856;13,38405874;52,55577698
10779;205761;11;9;9051702;2018;9;20;6;1;8;1;2;0;0;0;1;0;0;0;815260,5197;5824463,388;13,64327651;52,47905179
10780;205762;11;2;2010102;2018;9;15;6;3;5;2;0;0;1;0;0;0;0;0;798406,9447;5826432,694;13,39763082;52,50617432
10781;205763;11;9;9010401;2018;9;22;3;3;8;1;2;0;1;0;0;0;0;0;805793,1236;5819542,679;13,49980434;52,44033339
10782;205764;11;2;2030401;2018;9;14;6;3;5;3;0;1;0;0;0;0;1;0;801079,7293;5824970,529;13,43557027;52,49160024
10783;205765;11;7;7070706;2018;9;9;6;2;5;3;0;1;1;0;0;0;0;0;800053,7864;5812707,345;13,40949692;52,38224302
10784;205766;11;1;1011203;2018;9;16;6;3;2;6;0;1;1;0;0;0;0;0;797892,453;5827459,016;13,39099156;52,51565519
10785;205767;11;1;1011202;2018;9;12;6;3;0;1;0;1;0;0;0;0;0;0;797893,0644;5827840,888;13,39134247;52,51907786
10786;205768;11;5;5010314;2018;9;14;6;3;2;6;0;0;1;0;0;1;0;0;785279,3079;5829297,45;13,2072054;52,53888273
10787;205769;11;5;5020521;2018;9;15;3;3;2;6;0;0;1;0;0;0;0;0;779449,0047;5827854,206;13,12025267;52,52896269
10788;205770;11;4;4030931;2018;9;14;6;3;5;2;0;0;1;0;1;1;0;0;794096,2071;5826098,72;13,33400727;52,50552125
10789;205771;11;7;7030301;2018;9;13;6;3;5;3;0;1;1;0;0;0;0;0;794234,732;5822037,868;13,33245722;52,46904314
10790;205772;11;3;3020307;2018;9;15;5;3;5;3;0;0;1;0;0;0;1;0;800135,8181;5837716,454;13,43322937;52,60636513
10791;205773;11;12;12301203;2018;9;13;6;3;2;6;0;0;1;0;0;0;0;0;792929,4255;5835308,637;13,32498948;52,58871166
10792;205774;11;4;4030828;2018;9;14;6;3;5;3;0;1;0;0;0;0;1;0;793248,8852;5826078,199;13,32154111;52,50579337
10793;205775;11;8;8010406;2018;9;22;4;3;5;3;2;0;1;0;0;0;0;0;802290,8536;5823886,167;13,45237095;52,48121171
10794;205776;11;5;5030730;2018;9;14;6;3;1;5;0;1;1;0;0;0;0;0;786796,5861;5829891,675;13,2300286;52,54341389
10795;205777;11;1;1022101;2018;9;13;6;3;2;2;0;0;1;0;0;0;0;0;792584,4038;5828772,516;13,31414861;52,53030383
10796;205778;11;8;8020727;2018;9;13;6;3;2;2;0;1;0;0;0;0;1;0;801747,3178;5817033,659;13,43820086;52,4200916
10797;205779;11;6;6040703;2018;9;10;3;3;2;2;0;0;1;0;1;0;0;1;787136,364;5817205,235;13,22409543;52,42949203
10798;205780;11;2;2040503;2018;9;13;6;3;2;6;0;0;1;0;0;1;0;0;802123,3184;5827734,708;13,45340239;52,51579909
10799;205781;11;9;9010301;2018;9;13;6;3;6;4;0;0;0;1;1;0;0;0;804792,9871;5822355,092;13,48770297;52,46609849