;OBJECTID;LAND;BEZ;LOR;UJAHR;UMONAT;USTUNDE;UWOCHENTAG;UKATEGORIE;UART;UTYP1;ULICHTVERH;IstRad;IstPKW;IstFuss;IstKrad;IstGkfz;IstSonstige;USTRZUSTAND;LINREFX;LINREFY;XGCSWGS84;YGCSWGS84
10800;205782;11;1;1044203;2018;9;14;6;2;6;2;0;0;0;1;0;0;1;0;796003,5147;5831415,401;13,36675985;52,55214885
10801;205783;11;4;4030519;2018;9;9;5;3;5;3;0;0;1;0;0;0;0;0;792111,7232;5827724,676;13,30627987;52,52116371
10802;205784;11;6;6030503;2018;9;9;6;3;5;2;0;1;1;0;0;0;0;0;790766,1642;5817688,934;13,27775387;52,43191138
10803;205785;11;11;11030619;2018;9;15;3;2;1;7;0;0;1;0;0;0;0;0;804000,1563;5829610,456;13,48269046;52,53156789
10804;205786;11;5;5020628;2018;9;13;6;3;2;6;0;0;1;0;1;0;0;0;784114,5178;5826569,792;13,18774663;52,5150348
10805;205787;11;11;11041128;2018;9;13;6;3;5;2;0;1;1;0;0;0;0;0;807065,0498;5825810,667;13,52422588;52,49579595
10806;205788;11;6;6030504;2018;9;13;5;2;5;2;0;0;1;0;1;0;0;0;790613,8189;5815215,559;13,27337096;52,40981783
10807;205789;11;1;1022104;2018;9;9;6;3;2;6;0;1;1;0;0;0;0;0;794572,7689;5828565,673;13,34319249;52,52737876
10808;205790;11;4;4051446;2018;9;12;6;3;3;6;0;1;1;0;0;0;0;0;792948,8838;5825315,626;13,31646281;52,49911834
10809;205791;11;12;12302110;2018;9;12;6;3;5;7;0;0;1;0;1;0;0;0;795222,0919;5836357,051;13,35966814;52,59687024
10810;205792;11;10;10010308;2018;9;15;3;3;2;1;0;0;1;0;0;0;0;0;806844,5351;5830354,59;13,52517824;52,53664325
10811;205793;11;1;1011102;2018;9;12;6;2;5;2;0;1;0;0;0;0;1;0;795420,2531;5827461,912;13,35466828;52,51702587
10812;205794;11;1;1011204;2018;9;12;6;3;2;6;0;1;0;0;0;0;0;0;798613,7969;5827010,31;13,40118762;52,51123869
10813;205795;11;6;6040701;2018;9;11;5;3;5;3;0;1;1;0;0;0;0;0;783328,5475;5815963,368;13,16718824;52,42034224
10814;205796;11;12;12214125;2018;9;8;6;3;2;6;0;0;1;0;0;0;0;0;791076,6736;5831108,502;13,29403187;52,55205287
10815;205797;11;6;6010206;2018;9;11;6;3;5;2;0;1;1;0;0;0;0;0;794927,5949;5819447,33;13,34033913;52,44544682
10816;205798;11;2;2020205;2018;9;12;4;3;6;4;0;0;0;1;0;0;1;0;798550,1677;5824234,682;13,39776478;52,48639367
10817;205799;11;12;12214527;2018;9;11;6;3;5;3;0;0;1;0;0;0;0;0;789705,0415;5834697,613;13,27699349;52,58496071
10818;205800;11;7;7050506;2018;9;16;6;3;0;2;0;0;0;0;0;0;1;0;799052,689;5816809,509;13,39849438;52,41956146
10819;205801;11;10;10020414;2018;9;10;6;3;2;2;0;0;1;0;0;0;0;0;812213,3179;5830912,605;13,60460292;52,53859482
10820;205802;11;5;5010313;2018;9;15;3;3;2;6;0;0;1;0;0;0;0;0;784503,6082;5829861,529;13,19628211;52,54434582
10821;205803;11;8;8010301;2018;9;9;6;3;0;3;0;1;1;0;0;0;0;0;800512,7684;5824557,801;13,4268726;52,48821321
10822;205804;11;7;7010104;2018;9;12;6;3;5;3;0;1;1;0;0;0;0;0;796347,0189;5825091,49;13,36617625;52,49527448
10823;205805;11;2;2030302;2018;9;21;5;3;3;6;2;0;1;0;1;0;0;0;800465,9091;5825793,42;13,4272989;52,49931431
10824;205806;11;4;4051448;2018;9;16;6;3;2;6;0;0;1;0;0;0;0;0;794189,7513;5825423,129;13,33478463;52,49941452
10825;205807;11;3;3061228;2018;9;9;6;3;6;4;0;0;0;1;0;1;0;0;800580,494;5831433,79;13,43407977;52,54980727
10826;205808;11;7;7010102;2018;9;12;5;3;0;1;0;1;0;0;0;0;0;0;794984,462;5825083,313;13,34615691;52,4959393
10827;205809;11;11;11020515;2018;9;8;4;3;5;2;0;1;1;0;0;0;0;0;803359,0372;5830082,922;13,47369928;52,53615964
10828;205810;11;4;4051445;2018;10;12;6;3;5;2;0;0;1;0;0;0;0;0;792441,1069;5824104,278;13,30794062;52,48853122
10829;205811;11;8;8010214;2018;10;14;3;3;5;3;0;0;1;0;0;0;0;0;801477,3991;5822067,87;13,43878551;52,46536359
10830;205812;11;2;2010104;2018;10;15;6;3;5;2;0;0;1;0;0;0;0;0;799062,6486;5825597,201;13,40651257;52,49832628
10831;205813;11;8;8010301;2018;10;19;3;3;1;5;2;1;1;0;0;0;0;0;801307,9322;5824549,627;13,43854069;52,48770168
10832;205814;11;9;9020701;2018;10;11;6;1;5;2;0;1;0;0;0;1;0;0;807217,1524;5818310,968;13,51955677;52,42849635
10833;205815;11;6;6020410;2018;10;13;3;3;2;6;0;0;1;0;0;0;0;0;794417,6754;5817373,188;13,33103134;52,42712782
10834;205816;11;11;11051229;2018;10;19;3;3;5;3;2;1;1;0;0;0;0;0;804473,5357;5825743,194;13,48610913;52,49664304
10835;205817;11;1;1011204;2018;10;14;5;3;6;4;0;0;1;1;0;0;0;0;798008,6329;5826788,791;13,39209843;52,509584
10836;205818;11;2;2010104;2018;10;13;3;3;5;3;0;1;1;0;0;0;0;0;798828,8482;5825603,239;13,40308413;52,49850847
10837;205819;11;6;6030502;2018;10;17;5;3;5;3;0;1;1;0;0;0;0;0;789714,6804;5815446,969;13,26038946;52,41236909
10838;205820;11;1;1033102;2018;10;18;3;3;1;5;2;1;1;0;0;0;1;0;797123,2077;5831400,268;13,38321201;52,55140357
10839;205821;11;7;7070705;2018;10;16;5;3;5;3;0;0;1;0;0;0;0;0;799256,5781;5812610,149;13,39773216;52,38180768
10840;205822;11;5;5020524;2018;10;13;3;3;5;2;0;0;1;0;1;0;0;0;783640,149;5825875,791;13,18018332;52,50905914
10841;205823;11;11;11020412;2018;10;16;5;3;2;6;0;0;0;0;1;0;0;0;805859,8052;5831369,91;13,51163968;52,54629633
10842;205824;11;8;8010301;2018;10;12;3;3;5;2;0;0;1;0;0;0;1;0;800766,361;5824341,067;13,43040058;52,48613091
10843;205825;11;3;3071639;2018;10;16;5;3;5;2;0;0;1;0;1;0;0;0;800736,104;5829153,211;13,43430366;52,52928014
10844;205826;11;3;3020209;2018;10;18;3;2;5;3;1;0;1;0;1;0;0;0;798159,0704;5836390,453;13,40293122;52,59556734
10845;205827;11;12;12103117;2018;10;16;5;3;1;5;0;0;1;0;1;0;0;0;796386,6566;5832747,86;13,37358411;52,56388455
10846;205828;11;10;10040933;2018;10;18;3;2;5;2;0;1;1;0;0;0;0;0;812389,078;5824302,056;13,60098248;52,47925603
10847;205829;11;1;1022106;2018;10;17;3;3;6;4;0;0;0;1;0;0;1;0;794466,3055;5828354,087;13,34144031;52,52553955
10848;205830;11;1;1011303;2018;10;15;5;3;5;3;0;1;1;0;0;0;0;0;798946,4164;5828386,91;13,4073112;52,52339575
10849;205831;11;4;4010102;2018;10;12;3;3;5;2;0;0;1;0;0;0;0;0;791670,3186;5830692,298;13,30239705;52,54800414
10850;205832;11;4;4041136;2018;10;15;5;3;5;3;0;0;1;0;0;0;0;0;790127,881;5823850,514;13,27374704;52,48749048
10851;205833;11;9;9020502;2018;10;17;3;2;5;3;0;1;0;0;0;0;0;0;806696,1436;5822033,118;13,51533453;52,46214794
10852;205834;11;8;8020623;2018;10;15;5;3;1;5;0;0;1;0;1;0;0;0;803676,545;5819417,501;13,46864795;52,44039082
10853;205835;11;6;6040807;2018;10;15;5;3;2;6;0;0;1;0;0;0;0;0;789620,2236;5818163,115;13,2613563;52,43677053
10854;205836;11;8;8010406;2018;10;16;3;3;5;2;0;1;1;0;0;0;0;0;802524,4167;5824227,578;13,45610956;52,48414245
10855;205837;11;1;1033102;2018;10;13;5;3;5;2;0;0;1;0;0;0;0;0;797356,3011;5831199,155;13,3864596;52,54947365
10856;205838;11;1;1011201;2018;10;16;3;3;5;3;0;0;1;0;0;0;0;0;797402,2857;5826957,454;13,38334115;52,51142677
10857;205839;11;2;2010104;2018;10;13;5;3;5;3;0;0;0;0;1;0;1;0;799436,9588;5825651,167;13,41205858;52,49860476
10858;205840;11;2;2020201;2018;10;11;3;3;1;5;0;1;1;0;0;0;0;0;796909,379;5825771,918;13,37504202;52,5010682
10859;205841;11;10;10010310;2018;10;9;5;3;2;6;0;0;1;0;1;0;0;0;808463,3107;5831149,334;13,54970728;52,54285182
10860;205842;11;10;10010308;2018;10;16;3;3;6;2;0;0;1;1;0;0;0;0;806709,2216;5829146,091;13,5220745;52,5258887
10861;205843;11;2;2040701;2018;10;10;5;3;2;6;0;0;1;0;1;0;0;0;800560,7131;5827025,047;13,42980311;52,51030155
10862;205844;11;4;4030621;2018;10;9;5;3;0;2;0;1;1;0;0;0;0;0;793146,978;5827763,67;13,32152876;52,52095771
10863;205845;11;9;9020502;2018;10;10;3;2;5;3;0;0;1;0;0;0;1;0;809406,2744;5821504,41;13,55460813;52,45588208
10864;205846;11;5;5010339;2018;10;8;5;3;2;7;0;0;1;0;0;0;0;0;787324,2506;5828087,634;13,23622842;52,52696166
10865;205847;11;10;10030724;2018;10;6;3;3;2;6;2;0;1;0;0;0;0;0;809629,0181;5830271,912;13,56602419;52,5343276
10866;205848;11;1;1033203;2018;10;8;5;3;5;3;0;1;1;0;0;0;0;0;795656,7589;5829913,211;13,36032332;52,53887145
10867;205849;11;3;3040818;2018;10;8;5;3;6;7;0;1;0;1;0;0;1;0;798539,7829;5832661,336;13,40517681;52,56193265
10868;205850;11;6;6040804;2018;10;9;3;2;8;1;0;0;1;0;0;0;0;0;788032,6017;5821621,055;13,24104881;52,4686116
10869;205851;11;8;8010301;2018;10;8;5;2;6;7;0;0;1;1;0;0;0;0;800374,2055;5825114,133;13,42533953;52,49327609
10870;205852;11;6;6020411;2018;10;8;5;3;4;1;0;0;1;0;0;0;0;0;795103,0561;5815679,423;13,3395885;52,41157481
10871;205853;11;11;11040926;2018;10;21;3;3;0;1;2;0;0;0;1;0;0;0;804487,848;5826392,439;13,48691285;52,50245399
10872;205854;11;10;10010204;2018;10;7;5;3;5;2;0;1;1;0;0;0;0;0;810056,1517;5832604,028;13,57447799;52,554984
10873;205855;11;7;7010101;2018;10;18;3;3;0;1;1;0;0;0;1;0;0;0;794976,5049;5824938,863;13,34591213;52,49464871
10874;205856;11;5;5020419;2018;10;6;5;2;5;2;1;0;1;0;0;0;0;0;781982,3394;5828468,482;13,15801936;52,53316598
10875;205857;11;1;1011204;2018;10;9;3;3;5;3;0;1;1;0;0;0;0;0;797890,4811;5826670,858;13,39025711;52,50859141
10876;205858;11;8;8010117;2018;10;4;5;3;5;3;2;0;1;0;0;0;0;0;800617,6441;5823148,68;13,42714194;52,47552501
10877;205859;11;5;5010312;2018;10;9;3;3;6;4;0;0;1;1;0;0;0;0;785184,3009;5829660,398;13,20611993;52,54218661
10878;205860;11;4;4030623;2018;10;9;3;2;5;3;0;0;1;0;1;0;0;0;792920,3213;5826961,134;13,31749113;52,51388508
10879;205861;11;2;2010102;2018;10;8;3;3;5;2;0;1;1;0;0;0;0;0;798183,262;5826500,126;13,39440534;52,50690106
10880;205862;11;6;6040804;2018;10;2;5;3;7;7;2;0;0;0;1;0;0;0;787978,5472;5819704,938;13,2386022;52,4514609
10881;205863;11;7;7060604;2018;10;8;5;3;5;2;0;0;1;0;0;0;1;0;796712,5096;5815823,236;13,36330922;52,41199404
10882;205864;11;1;1022201;2018;10;7;3;3;2;6;0;0;0;0;1;0;1;0;795494,7479;5829561,262;13,35762854;52,5358044
10883;205865;11;5;5010339;2018;10;8;5;3;2;6;0;0;1;0;0;1;1;0;787458,7537;5828074,167;13,23819396;52,52677002
10884;205866;11;5;5020626;2018;10;8;3;3;6;4;0;0;1;1;0;0;0;0;785018,7565;5827629,538;13,20194395;52,52406466
10885;205867;11;8;8041036;2018;10;12;5;3;2;2;0;0;1;0;1;0;0;0;805066,8259;5817095,701;13,48692023;52,41880747
10886;205868;11;6;6030609;2018;10;7;3;3;5;2;1;1;1;0;0;0;0;0;793208,0182;5819520,806;13,31517541;52,44703037
10887;205869;11;8;8010405;2018;10;11;5;3;5;3;0;1;1;0;0;0;0;0;802112,8818;5823649,596;13,44954389;52,47918979
10888;205870;11;2;2020206;2018;10;7;3;3;0;7;0;0;1;0;1;0;0;0;799680,3053;5824491,033;13,41458909;52,48807234
10889;205871;11;6;6010204;2018;10;11;5;3;2;2;0;0;1;0;0;0;0;0;795417,5198;5820121,138;13,34812254;52,45122261
10890;205872;11;1;1022206;2018;10;10;3;3;8;1;0;0;1;0;0;0;0;0;796020,6496;5828137,063;13,36409143;52,52275242
10891;205873;11;1;1022207;2018;10;22;5;3;5;2;2;1;1;0;0;0;0;0;794497,4077;5827803,046;13,34140949;52,52058304
10892;205874;11;4;4051551;2018;10;18;3;3;2;6;1;0;1;0;0;0;0;0;792866,6887;5823215,578;13,31340976;52,48033613
10893;205875;11;2;2020204;2018;10;7;2;3;5;3;1;0;1;0;0;0;1;0;798486,497;5825227,952;13,39771963;52,49533187
10894;205876;11;2;2010102;2018;10;18;5;3;5;3;1;1;1;0;0;0;0;0;798248,402;5826086,082;13,39499136;52,50315408
10895;205877;11;7;7020202;2018;10;9;2;3;4;6;0;1;0;0;0;0;0;0;794969,6283;5823128,802;13,34420922;52,47842641
10896;205878;11;1;2040701;2018;10;18;5;3;5;3;0;1;1;0;0;0;0;0;800271,9173;5827633,01;13,42610907;52,51590997
10897;205879;11;12;12214424;2018;10;19;2;3;5;2;2;0;1;0;0;0;1;0;792866,5316;5832734,733;13,32178995;52,56567182
10898;205880;11;4;4030417;2018;10;17;5;3;5;2;0;1;1;0;0;0;0;0;790946,3572;5826751,539;13,28830154;52,51306264
10899;205881;11;1;1011303;2018;10;17;2;3;3;2;1;1;1;0;0;0;0;0;799341,8552;5827559,686;13,41237792;52,51576399
10900;205882;11;1;1011303;2018;10;17;5;2;5;3;0;1;1;0;0;0;0;0;799517,9189;5828123,132;13,41547205;52,52071776
10901;205883;11;8;8020620;2018;10;17;2;3;6;7;0;1;0;1;0;0;0;0;800884,7429;5820919,424;13,42905277;52,45539631
10902;205884;11;9;9030901;2018;10;17;5;2;5;2;0;1;1;0;0;0;0;0;808159,0395;5816992,372;13,53215165;52,41614921
10903;205885;11;10;10040932;2018;10;17;2;3;5;3;0;1;1;0;0;0;0;0;813197,2638;5827255,155;13,61561956;52,50525601
10904;205886;11;3;3040614;2018;10;16;5;2;1;5;0;0;1;0;1;0;0;0;799337,6255;5833884,438;13,41801526;52,57245773
10905;205887;11;11;11051331;2018;10;16;2;3;2;6;0;0;1;0;0;0;0;0;807270,7135;5824439,002;13,5259811;52,48338715
10906;205888;11;1;1011401;2018;10;16;2;3;0;7;0;1;1;0;0;0;0;0;798177,2473;5829351,999;13,3968733;52,53246767
10907;205889;11;3;3061131;2018;10;10;5;3;5;3;0;1;1;0;0;0;0;0;799177,4026;5831224,202;13,41325983;52,54870105
10908;205890;11;12;12214422;2018;10;16;2;3;2;6;0;0;1;0;0;0;0;0;792163,2914;5833375,044;13,31200834;52,57178983
10909;205891;11;8;8010303;2018;10;10;5;3;5;2;0;1;0;0;0;0;1;0;801011,0798;5823894,039;13,43359;52,48198921
10910;205892;11;9;9020502;2018;10;16;2;2;4;7;0;0;1;0;0;0;0;0;809904,4438;5821725,634;13,56212152;52,45758242
10911;205893;11;11;11020515;2018;10;20;4;2;0;7;2;1;0;0;0;0;0;0;804579,4122;5830043,991;13,49160075;52,53513011
10912;205894;11;2;2030301;2018;10;18;4;3;6;4;2;0;0;1;1;0;0;1;799858,1758;5825839,495;13,41841453;52,50006156
10913;205895;11;8;8041035;2018;10;16;2;3;5;3;0;0;1;0;1;0;0;0;803896,115;5818952,85;13,47144583;52,43610424
10914;205896;11;1;1044201;2018;10;17;4;2;2;6;1;0;1;0;0;0;0;0;796654,0718;5831920,016;13,37677765;52,55631823
10915;205897;11;12;12214424;2018;10;23;2;3;0;3;2;0;1;0;1;0;0;0;792497,3894;5832858,499;13,31646852;52,56697979
10916;205898;11;11;11051229;2018;10;2;4;3;5;7;2;0;1;0;0;0;0;0;804901,8445;5825230,501;13,49192956;52,4918089
10917;205899;11;4;4051655;2018;10;7;4;2;5;3;1;0;1;0;0;0;0;1;793943,5492;5823434,147;13,32941362;52,48171692
10918;205900;11;3;3040614;2018;10;8;4;3;6;4;0;0;0;1;1;0;0;1;797709,4104;5833331,191;13,39356436;52,56839166
10919;205901;11;2;2040502;2018;10;15;2;3;5;5;0;1;1;0;0;0;0;0;800618,231;5828253,792;13,43175823;52,52128344
10920;205902;11;3;3061131;2018;10;17;4;3;6;4;0;0;1;1;0;0;0;0;799137,8938;5830367,72;13,41190757;52,54104571
10921;205903;11;1;1011304;2018;10;20;2;3;5;2;1;1;0;0;0;0;1;0;799583,3828;5828042,773;13,41636163;52,5199615
10922;205904;11;4;4030930;2018;10;16;4;3;0;3;0;0;1;0;1;0;0;0;792839,9669;5825508,06;13,31503212;52,5009019
10923;205905;11;1;1011302;2018;10;15;2;3;0;1;0;1;0;0;0;0;0;0;798652,4812;5828502,528;13,4030955;52,52459318
10924;205906;11;6;6030609;2018;10;15;4;2;6;7;0;0;1;1;0;0;0;1;793252,9;5819168,988;13,3155251;52,44385233
10925;205907;11;4;4051652;2018;10;17;5;3;2;2;0;1;1;0;0;0;0;0;793570,9636;5824276,854;13,32468513;52,48947189
10926;205908;11;3;3061227;2018;10;19;2;3;2;6;1;0;1;0;1;0;0;0;799984,0248;5831082,02;13,42499162;52,54698305
10927;205909;11;1;1033101;2018;10;15;4;3;2;6;0;0;1;0;0;0;0;1;797505,1299;5832674,089;13,38996997;52,56261328
10928;205910;11;6;6040809;2018;10;14;4;3;2;2;0;0;1;0;0;0;0;0;791280,5316;5819860,758;13,28719134;52,45110839
10929;205911;11;1;1011105;2018;10;19;2;2;5;2;2;0;1;0;1;0;0;0;796779,189;5826113,988;13,37343459;52,50420533
10930;205912;11;1;1044201;2018;10;14;4;3;2;6;0;0;1;0;0;0;0;0;797047,2912;5831893,342;13,38253682;52,5558648
10931;205913;11;12;12214424;2018;10;15;5;3;0;3;0;1;1;0;0;0;0;0;793322,2743;5832664,438;13,32843228;52,56479632
10932;205914;11;5;5030731;2018;10;19;2;3;6;7;1;0;1;1;0;0;0;0;787502,9113;5830128,97;13,24062077;52,54516909
10933;205915;11;6;6030503;2018;10;13;4;3;0;2;0;0;0;0;1;0;0;1;789329,9173;5817264,682;13,25632017;52,42886931
10934;205916;11;2;2040701;2018;10;14;2;3;5;2;0;1;1;0;0;0;0;0;800602,5549;5827108,656;13,4304933;52,51102791
10935;205917;11;4;4020314;2018;10;13;5;3;5;3;0;0;1;0;1;0;0;0;789932,7527;5825100,088;13,27196882;52,49879683
10936;205918;11;1;1011401;2018;10;12;4;3;5;2;0;0;1;0;0;0;0;1;798314,6762;5829373,227;13,39891236;52,53258275
10937;205919;11;4;4020311;2018;10;13;5;3;3;6;0;0;1;0;0;1;0;0;789966,1397;5826185,323;13,27340439;52,50850841
10938;205920;11;1;1044101;2018;10;15;2;3;5;2;0;1;1;0;0;0;0;0;793963,8495;5830886,619;13,33629578;52,54851331
10939;205921;11;4;4031032;2018;10;12;5;3;5;2;0;1;0;0;0;0;1;0;791017,1067;5824861,076;13,28768871;52,4960769
10940;205922;11;1;1011101;2018;10;18;2;3;2;6;1;0;1;0;1;0;0;0;794513,972;5826094,432;13,34014077;52,50525746
10941;205923;11;3;3020307;2018;10;12;5;3;5;2;0;1;1;0;0;0;0;0;799054,8846;5837549,178;13,41716373;52,6054615
10942;205924;11;3;3061227;2018;10;11;4;3;2;7;0;0;1;0;0;0;0;1;799972,4039;5831087,45;13,42482566;52,54703812
10943;205925;11;2;2020203;2018;10;16;5;3;0;2;0;1;1;0;0;0;0;0;797472,8723;5824559,274;13,38223603;52,4898913
10944;205926;11;4;4051652;2018;10;14;2;3;2;6;0;0;1;0;0;0;0;0;793458,9039;5824520,637;13,32325415;52,49171756
10945;205927;11;4;4020313;2018;10;11;5;3;3;6;0;0;1;0;0;0;1;0;790424,096;5825979,413;13,27995347;52,5064188
10946;205928;11;12;12103219;2018;10;16;5;3;5;2;0;1;1;0;0;0;0;0;795064,8062;5832482,666;13,35390396;52,56222529
10947;205929;11;2;2040701;2018;10;9;2;3;5;3;0;1;0;0;0;0;0;0;800614,4524;5827116,145;13,43067485;52,51108848
10948;205930;11;9;9020501;2018;10;11;4;3;5;2;0;0;1;0;0;0;0;1;806434,0592;5822979,987;13,51235847;52,47078114
10949;205931;11;4;4051448;2018;10;12;2;3;9;1;0;0;1;1;0;0;0;0;793500,8655;5825110,368;13,32438997;52,49698169
10950;205932;11;1;1011202;2018;10;2;4;3;5;2;2;0;0;0;0;0;1;1;798557,44;5827792,93;13,40106185;52,51828467
10951;205933;11;6;6030607;2018;10;16;5;3;2;2;0;1;1;0;0;0;0;0;791479,7561;5816159,441;13,28688758;52,41781952
10952;205934;11;4;4051448;2018;10;11;2;3;2;7;0;1;1;0;0;0;0;0;793476,0105;5824888,902;13,32382978;52,4950097
10953;205935;11;4;4051550;2018;10;23;3;3;5;7;2;0;1;0;1;0;0;1;792892,1727;5824294,469;13,31473197;52,48999442
10954;205936;11;11;11051331;2018;10;6;2;3;2;2;0;0;1;0;0;0;1;0;807350,5185;5825186,613;13,52784199;52,49004244
10955;205937;11;9;9020701;2018;10;16;5;3;1;5;0;1;1;0;0;0;0;0;808277,564;5818729,455;13,53548958;52,43165045
10956;205938;11;7;7040402;2018;10;21;3;3;6;2;2;0;0;1;0;0;1;1;796876,5168;5820710,058;13,37005277;52,45571137
10957;205939;11;9;9010101;2018;10;15;5;3;5;3;0;1;1;0;0;0;0;0;802336,3353;5825301,343;13,45432239;52,49387082
10958;205940;11;9;9020502;2018;10;11;2;3;5;2;0;1;1;0;0;0;0;0;809419,9166;5821478,217;13,55478399;52,45563962
10959;205941;11;2;2050801;2018;10;20;3;3;0;5;2;1;0;0;0;0;1;1;803602,9329;5827394,976;13,47483036;52,51193256
10960;205942;11;4;4030725;2018;10;15;5;3;3;6;0;1;1;0;0;0;0;0;791430,8831;5826078,418;13,29483186;52,5067695
10961;205943;11;6;6040804;2018;10;11;2;3;5;2;0;1;1;0;0;0;0;0;788152,3109;5818746,929;13,24032577;52,44278017
10962;205944;11;4;4030725;2018;10;23;3;3;6;2;2;0;1;1;0;0;0;1;791995,6717;5825982,465;13,30304554;52,5056073
10963;205945;11;12;12231101;2018;10;8;2;3;5;2;0;0;1;0;0;0;0;0;790783,3741;5837618,003;13,29542932;52,61056607
10964;205946;11;7;7060604;2018;10;16;3;3;0;3;2;0;1;0;1;0;0;1;796536,7396;5815644,316;13,36057408;52,41048539
10965;205947;11;7;7010101;2018;10;15;5;3;2;7;0;0;1;0;1;0;0;0;794557,493;5825767,523;13,34049092;52,50230343
10966;205948;11;1;1033102;2018;10;8;2;3;5;3;0;0;1;0;0;0;0;0;797406,2024;5831554,721;13,38751185;52,55263361
10967;205949;11;4;4020310;2018;10;12;3;3;2;6;0;0;1;0;0;0;0;0;790088,3416;5827345,212;13,27621106;52,51884199
10968;205950;11;8;8010211;2018;10;7;2;3;5;3;0;0;1;0;0;0;0;0;800417,3229;5823872,031;13,42485309;52,48211892
10969;205951;11;10;10040933;2018;10;15;5;3;6;4;0;0;1;1;0;0;0;0;812377,8762;5824064,121;13,6005952;52,47713025
10970;205952;11;7;7060603;2018;10;6;2;3;5;7;2;0;1;0;1;0;0;0;797757,3574;5817230,815;13,37987803;52,42404434
10971;205953;11;3;3061131;2018;10;13;3;3;1;5;0;1;1;0;0;0;0;1;799112,5043;5831096,839;13,41219087;52,54759508
10972;205954;11;1;1011304;2018;10;15;5;3;6;4;0;0;1;1;0;0;0;0;799681,5609;5827573,188;13,41738127;52,51569847
10973;205955;11;4;4030518;2018;10;5;2;3;5;3;2;0;1;0;0;0;0;0;791915,5742;5828208,596;13,30382189;52,525607
10974;205956;11;8;8041035;2018;10;15;5;3;5;2;0;1;0;0;1;0;0;0;803930,404;5819011,369;13,47200189;52,43660969
10975;205957;11;1;1011303;2018;10;13;3;3;0;1;0;0;0;0;1;0;0;1;799570,4682;5828235,498;13,41634543;52,52169608
10976;205958;11;4;4030827;2018;10;14;5;2;6;4;0;0;1;1;0;0;0;0;792115,9499;5826594,871;13,30535004;52,51103301
10977;205959;11;2;2020202;2018;10;4;2;3;5;3;2;0;1;0;0;0;0;0;797937,016;5825274,764;13,38969162;52,49605171
10978;205960;11;3;3061435;2018;10;13;3;3;5;3;0;0;1;0;0;0;0;1;801741,2237;5829169,344;13,44909015;52,52886933
10979;205961;11;8;8041037;2018;10;10;2;1;6;4;0;0;0;1;0;1;0;0;805576,5886;5818540,786;13,49571285;52,43147486
10980;205962;11;4;4010103;2018;10;13;3;3;3;6;0;0;1;0;0;0;0;0;791180,5275;5829185,124;13,29387327;52,53475455
10981;205963;11;2;2050802;2018;10;13;1;3;2;2;0;1;1;0;0;0;0;0;802110,6052;5827355,32;13,45287117;52,51240567
10982;205964;11;9;9020702;2018;10;16;5;3;5;3;0;0;1;0;0;1;0;0;809736,5743;5819249,379;13,55736315;52,43548585
10983;205965;11;6;6010102;2018;10;12;3;3;6;7;0;0;1;1;0;0;0;0;793554,2639;5821117,642;13,32165918;52,46115971
10984;205966;11;5;5010339;2018;10;11;5;3;2;6;0;0;1;0;0;0;1;0;787576,8731;5828026,859;13,23988938;52,52628358
10985;205967;11;12;12214423;2018;10;3;1;3;1;5;2;0;1;0;0;0;0;0;793126,8929;5833205,569;13,32603624;52,56975249
10986;205968;11;5;5030832;2018;10;14;5;3;2;6;0;0;1;0;0;0;0;0;787969,8572;5830545,171;13,24784848;52,54865389
10987;205969;11;9;9031001;2018;10;11;5;3;5;2;0;0;1;0;0;0;0;0;811089,541;5815581,399;13,57379181;52,40184698
10988;205970;11;10;10020412;2018;10;19;1;2;6;4;1;0;1;1;0;0;0;0;811345,9415;5831862,593;13,59274566;52,5476041
10989;205971;11;12;12214125;2018;10;23;3;3;6;2;2;0;1;1;0;0;0;1;790982,3676;5833811,56;13,29501563;52,57633573
10990;205972;11;3;3051022;2018;10;14;5;3;5;2;0;0;1;0;0;0;0;0;803638,8953;5832000,295;13,47956538;52,55318854
10991;205973;11;10;10030727;2018;10;16;1;3;6;4;0;0;1;1;0;0;0;0;809594,3776;5824139,17;13,55981209;52,4793877
10992;205974;11;3;3071633;2018;10;10;5;3;5;3;0;0;1;0;0;0;0;0;800297,722;5830045,059;13,42866653;52,53751568
10993;205975;11;5;5010314;2018;10;11;3;3;2;2;0;0;1;0;0;0;0;0;784798,9084;5828796,883;13,19971232;52,53464595
10994;205976;11;9;9020501;2018;10;9;5;3;3;2;0;0;1;0;0;0;0;0;806245,762;5823199,457;13,50979653;52,4728537
10995;205977;11;7;7010104;2018;10;16;1;2;0;6;0;0;1;0;1;0;0;0;796584,815;5824848,386;13,36945229;52,49296612
10996;205978;11;4;4030827;2018;10;11;3;3;2;6;0;0;1;0;0;0;1;0;792116,7294;5826113,463;13,304939;52,50671687