;OBJECTID;LAND;BEZ;LOR;UJAHR;UMONAT;USTUNDE;UWOCHENTAG;UKATEGORIE;UART;UTYP1;ULICHTVERH;IstRad;IstPKW;IstFuss;IstKrad;IstGkfz;IstSonstige;USTRZUSTAND;LINREFX;LINREFY;XGCSWGS84;YGCSWGS84
10997;205979;11;11;11040926;2018;10;11;3;3;5;3;0;1;1;0;0;0;0;0;804998,818;5826570,498;13,49458042;52,50376449
10998;205980;11;4;4030623;2018;10;16;1;3;0;6;0;0;1;0;0;0;0;0;792894,874;5826970,803;13,31712572;52,51398543
10999;205981;11;11;11051229;2018;10;10;3;3;5;7;0;0;1;0;0;0;1;0;804769,438;5825408,433;13,49014816;52,49347757
11000;205982;11;5;5020626;2018;10;16;5;2;2;6;0;0;1;0;0;0;0;0;784776,123;5826942,116;13,19778875;52,51802801
11001;205983;11;2;2020202;2018;10;15;1;3;1;5;0;1;1;0;0;0;0;0;797265,1046;5825110,336;13,37967666;52,49494417
11002;205984;11;1;1033101;2018;10;20;3;3;5;3;2;0;0;0;1;0;1;1;797634,6657;5832825,962;13,39201153;52,56390382
11003;205985;11;2;2040703;2018;10;15;1;3;2;6;0;0;1;0;0;0;0;0;801410,0442;5826753,32;13,44203408;52,50739741
11004;205986;11;11;11051229;2018;10;9;5;3;2;6;0;0;1;0;1;0;0;0;803973,2305;5826073,79;13,47906383;52,49988495
11005;205987;11;8;8020622;2018;10;20;3;3;6;2;2;0;1;1;0;0;0;1;802362,9002;5819912,374;13,44982868;52,44555432
11006;205988;11;7;7050502;2018;10;8;5;3;2;2;0;0;1;0;0;0;1;0;798155,2329;5819054,764;13,3873384;52,44017746
11007;205989;11;7;7020202;2018;10;14;7;3;6;7;0;1;0;1;0;0;0;0;794923,757;5823923,793;13,34423903;52,48557777
11008;205990;11;2;2010102;2018;10;8;5;3;0;6;0;0;0;0;0;0;1;0;798762,2777;5826416,764;13,40283629;52,50583707
11009;205991;11;4;4030620;2018;10;10;3;3;6;7;0;0;1;1;0;0;0;0;792321,9389;5827245,631;13,30894837;52,51675655
11010;205992;11;1;1022204;2018;10;8;5;3;6;7;0;0;1;1;0;0;0;0;795000,3517;5828147,024;13,34910567;52,52339469
11011;205993;11;1;1011202;2018;10;23;7;3;6;2;2;0;1;1;0;0;0;0;797683,7351;5827915,191;13,38833301;52,51985821
11012;205994;11;5;5010314;2018;10;8;3;3;0;2;0;0;0;0;0;0;1;0;784833,3087;5829014,232;13,2004044;52,53657672
11013;205995;11;4;4020313;2018;10;8;3;3;5;2;0;1;1;0;0;0;0;0;790493,1603;5826551,384;13,28146736;52,51150978
11014;205996;11;1;1011301;2018;10;22;7;3;3;6;2;1;0;0;0;0;1;0;797575,3882;5828577,294;13,38733329;52,5258523
11015;205997;11;5;5030731;2018;10;21;3;2;8;1;2;0;1;0;0;0;0;1;788044,2401;5829364,82;13,24791889;52,53803224
11016;205998;11;8;8041035;2018;10;7;5;3;6;4;1;0;0;1;1;0;0;0;804043,626;5819186,877;13,47382195;52,43811982
11017;205999;11;4;4020311;2018;10;7;3;3;2;2;0;1;1;0;0;0;0;0;789638,2713;5826254,713;13,26864736;52,50930468
11018;206000;11;5;5010314;2018;10;16;5;3;0;1;0;0;0;0;1;0;0;0;784975,6543;5828845,264;13,20235252;52,53498734
11019;206001;11;7;7030303;2018;10;21;7;3;1;1;2;0;1;0;0;0;1;0;795091,7791;5821437,031;13,34450613;52,46319475
11020;206002;11;9;9010301;2018;10;20;3;2;5;3;2;0;1;0;1;0;0;1;804668,2578;5822163,638;13,48569781;52,46445211
11021;206003;11;2;2010101;2018;10;20;3;3;6;2;2;0;1;1;0;0;0;1;797595,9349;5825945,752;13,38528181;52,50225243
11022;206004;11;11;11030721;2018;10;6;3;3;5;3;1;0;1;0;0;0;0;0;803856,7281;5828652,674;13,4797073;52,52306359
11023;206005;11;9;9010402;2018;10;15;5;3;0;1;0;0;0;0;1;0;0;0;806799,5471;5818374,637;13,51349238;52,42930131
11024;206006;11;1;1011201;2018;10;19;3;3;5;3;2;1;1;0;0;0;0;1;796940,528;5826780,293;13,37639894;52,51009027
11025;206007;11;6;6010207;2018;10;20;7;3;5;2;2;1;1;0;0;0;0;0;793474,4312;5820157,881;13,3196439;52,45259863
11026;206008;11;7;7020202;2018;10;20;5;3;0;3;2;1;1;0;0;0;0;0;795011,0914;5823759,975;13,34537646;52,48406206
11027;206009;11;3;3040818;2018;10;19;3;3;5;2;1;0;1;0;0;0;0;1;800022,796;5833422,319;13,42767708;52,56793841
11028;206010;11;4;4030725;2018;10;19;5;3;5;2;2;0;1;0;1;0;0;0;791942,7161;5826105,526;13,30237546;52,50673886
11029;206011;11;4;4030725;2018;10;19;7;3;3;6;1;0;1;0;0;0;0;0;791913,1757;5826307,286;13,30211838;52,50856341
11030;206012;11;1;1033102;2018;10;12;5;3;5;3;0;1;0;0;0;0;1;0;797160,4822;5831919,307;13,38422474;52,55603579
11031;206013;11;2;2010102;2018;10;6;3;3;5;3;2;0;1;0;0;0;0;1;798346,9795;5825553,209;13,39596196;52,49832367
11032;206014;11;8;8020620;2018;10;16;4;3;5;3;0;0;1;0;0;0;0;0;801177,8321;5820599,008;13,43306408;52,4523629
11033;206015;11;12;12224230;2018;10;19;7;3;8;2;2;0;1;0;0;0;0;0;787325,0141;5837839,478;13,24468845;52,61439095
11034;206016;11;1;1011306;2018;10;18;3;3;5;3;1;0;1;0;1;0;0;1;799772,6411;5826556,94;13,41780415;52,50653934
11035;206017;11;1;1011302;2018;10;8;7;3;6;4;0;1;0;1;0;0;0;0;798473,222;5828621,574;13,40056797;52,52575843
11036;206018;11;6;6030610;2018;10;14;4;3;6;4;0;0;1;1;0;0;0;0;792427,4763;5818410,559;13,30275172;52,43749514
11037;206019;11;8;8010214;2018;10;17;7;3;1;5;1;1;1;0;0;0;0;0;801386,217;5821914,595;13,43730895;52,46404005
11038;206020;11;2;2030302;2018;10;18;3;3;6;4;1;0;1;1;0;0;0;1;800489,6631;5825778,919;13,4276347;52,49917125
11039;206021;11;4;4030931;2018;10;17;7;3;6;2;0;0;1;1;0;0;0;0;794084,5593;5826105,72;13,33384233;52,50559028
11040;206022;11;5;5020625;2018;10;15;4;2;2;6;0;0;1;0;0;0;0;0;784468,2233;5828750,463;13,19481043;52,53440246
11041;206023;11;1;1033203;2018;10;16;7;3;1;7;0;0;1;0;1;0;0;0;797238,4283;5831203,281;13,38473002;52,54957496
11042;206024;11;12;12214424;2018;10;17;3;3;2;6;1;0;1;0;0;0;0;1;792918,0107;5832171,454;13,32205;52,56059461
11043;206025;11;11;11020412;2018;10;10;7;3;6;7;0;0;1;1;0;0;0;0;804712,342;5831775,425;13,49514262;52,55057371
11044;206026;11;2;2020203;2018;10;9;4;3;5;2;0;1;1;0;0;0;0;0;797101,6907;5824472,478;13,3767079;52,4893154
11045;206027;11;1;1022104;2018;10;17;3;3;5;2;0;1;1;0;0;0;0;1;794554,3032;5829064,71;13,34336323;52,53186226
11046;206028;11;11;11010309;2018;10;16;4;2;0;4;0;0;1;1;0;0;0;0;804526,5364;5833815,334;13,49428254;52,56896018
11047;206029;11;12;12301206;2018;10;9;7;3;1;5;0;0;1;0;0;0;0;0;794209,9175;5838283,436;13,34648024;52,61468722
11048;206030;11;11;11040926;2018;10;15;4;3;5;2;0;1;1;0;0;0;0;0;806465,9092;5826869,657;13,5164026;52,50562363
11049;206031;11;5;5010101;2018;10;17;3;3;5;3;0;1;1;0;0;0;0;1;785246,174;5832264,726;13,20926762;52,56550424
11050;206032;11;3;3061126;2018;10;19;4;3;2;6;2;0;1;0;0;0;0;0;798700,6241;5831792,476;13,40676057;52,55405642
11051;206033;11;1;1011102;2018;10;2;7;3;5;2;2;1;1;0;0;0;0;0;796021,2;5827563,314;13,36358893;52,51760899
11052;206034;11;5;5010314;2018;10;17;3;3;6;4;0;0;1;1;0;0;0;1;784971,6967;5829175,816;13,2025778;52,53795313
11053;206035;11;10;10010311;2018;10;0;7;3;5;3;2;1;1;0;0;0;0;0;810699,9339;5831975,975;13,58335548;52,54898895
11054;206036;11;1;1011302;2018;10;19;4;2;5;7;2;0;1;0;1;0;0;0;798409,2003;5829042,653;13,400005;52,52956787
11055;206037;11;7;7050503;2018;10;11;7;2;5;3;0;0;1;0;0;1;0;0;799459,6631;5820510,752;13,40777656;52,45251575
11056;206038;11;7;7040403;2018;10;17;3;3;2;6;0;0;1;0;1;0;0;1;797258,876;5820967,634;13,37589265;52,45781248
11057;206039;11;2;2050802;2018;10;18;4;3;3;6;1;1;0;0;0;0;1;0;802697,4349;5827237,587;13,46138503;52,51102511
11058;206040;11;4;4030518;2018;10;11;7;2;2;6;0;0;1;0;0;0;0;0;791433,682;5828442,35;13,29694379;52,52796038
11059;206041;11;9;9020502;2018;10;19;4;3;6;6;2;0;1;1;0;0;0;0;809927,5308;5821645,625;13,56238595;52,45685231
11060;206042;11;3;3030715;2018;10;16;3;3;5;2;0;1;0;0;0;0;1;1;800132,0773;5833862,177;13,42968262;52,57182072
11061;206043;11;1;1011301;2018;10;19;4;2;6;4;2;0;1;1;0;0;0;0;797540,1725;5828737,538;13,38695912;52,52730791
11062;206044;11;4;4030726;2018;10;16;7;3;5;3;0;1;1;0;0;0;0;0;792051,5457;5825772,253;13,30368201;52,50369288
11063;206045;11;5;5030730;2018;10;16;3;3;2;6;0;0;1;0;1;0;0;1;786029,6286;5829189,563;13,21814546;52,53752211
11064;206046;11;1;1011302;2018;10;15;7;3;6;4;0;0;0;1;0;0;1;0;798489,5552;5828386,772;13,40059726;52,52364481
11065;206047;11;4;4061757;2018;10;14;3;2;4;1;0;0;1;0;0;0;1;1;785260,7614;5821577,748;13,20031836;52,46967775
11066;206048;11;2;2030402;2018;10;19;4;3;0;7;1;1;1;0;0;0;0;0;801803,6865;5825773,582;13,44692842;52,49839832
11067;206049;11;6;6010206;2018;10;15;7;3;5;2;0;0;1;0;0;0;0;0;794723,2316;5820057,08;13,33787893;52,45102312
11068;206050;11;1;1044201;2018;10;15;3;3;2;6;0;0;1;0;1;0;0;1;796646,0246;5831920,584;13,3766598;52,55632771
11069;206051;11;6;6020410;2018;10;18;4;3;5;3;1;0;1;0;0;0;1;0;794475,1766;5816589,064;13,33118435;52,42006751
11070;206052;11;2;2050802;2018;10;15;7;3;6;4;0;1;0;1;0;0;0;0;801974,9014;5826927,592;13,4504895;52,50864707
11071;206053;11;6;6030503;2018;10;14;3;3;5;2;0;1;1;0;0;0;0;1;789518,2721;5817755,43;13,25950766;52,43316944
11072;206054;11;10;10040830;2018;10;14;7;3;2;6;0;0;1;0;0;0;0;0;810875,6532;5826993,093;13,58128034;52,50423524
11073;206055;11;8;8010405;2018;10;18;4;3;1;5;2;1;1;0;0;0;0;0;801992,8195;5824039,859;13,44813487;52,48275417
11074;206056;11;9;9041501;2018;10;14;7;3;3;6;0;1;0;0;0;0;0;0;811337,5545;5820158,637;13,58168482;52,44272534
11075;206057;11;7;7060604;2018;10;14;3;2;5;2;0;0;1;0;0;0;0;1;797613,3519;5815560,465;13,37628109;52,40914955
11076;206058;11;2;2020205;2018;10;18;4;3;2;6;1;1;0;0;0;0;0;0;798541,6413;5824513,102;13,39788899;52,48889401
11077;206059;11;6;6020305;2018;10;14;7;3;5;2;0;0;1;0;0;0;0;0;796010,5617;5817695,079;13,35467512;52,4291539
11078;206060;11;3;3050920;2018;10;17;4;3;0;1;0;1;0;0;0;0;0;0;802296,9797;5832635,717;13,46041221;52,55963016
11079;206061;11;5;5030731;2018;10;0;3;2;1;5;2;0;1;0;0;1;1;0;787615,9033;5829427,12;13,24167477;52,53881703
11080;206062;11;2;2040703;2018;10;17;4;3;5;2;0;1;1;0;0;0;0;0;801514,7158;5826374,146;13,44322824;52,50394099
11081;206063;11;9;9051702;2018;10;13;7;3;5;3;0;1;0;0;0;0;0;0;814595,3509;5821417,231;13,63064302;52,45213917
11082;206064;11;5;5010314;2018;10;18;3;3;0;1;1;0;1;0;1;0;0;1;785352,892;5829281,82;13,20827399;52,53870407
11083;206065;11;6;6020304;2018;10;16;3;3;0;1;0;0;0;0;1;0;0;1;795177,7007;5817563,777;13,34234509;52,42842685
11084;206066;11;7;7040403;2018;10;13;7;3;2;6;0;0;1;0;0;1;0;0;796884,322;5822315,072;13,37159498;52,47009461
11085;206067;11;11;11020514;2018;10;9;3;3;5;3;0;0;1;0;0;0;0;0;804202,5855;5830669,229;13,48663462;52,54094429
11086;206068;11;8;8010508;2018;10;17;4;3;0;6;0;0;1;0;1;0;0;0;803146,054;5822751,053;13,46389378;52,47056371
11087;206069;11;12;12214125;2018;10;12;7;3;5;2;0;1;1;0;0;0;0;0;791233,164;5834075,732;13,29893823;52,57856981
11088;206070;11;4;4030726;2018;10;13;2;3;6;2;0;0;1;1;0;0;0;0;792090,8044;5825279,784;13,30382679;52,49925698
11089;206071;11;4;4051655;2018;10;11;7;2;2;1;0;0;1;0;0;0;1;0;793911,4607;5823061,486;13,32861396;52,47839345
11090;206072;11;10;10010206;2018;10;17;4;3;2;7;0;0;1;0;1;0;0;0;810011,4823;5832303,62;13,57354073;52,55231734
11091;206073;11;6;6010205;2018;10;16;2;3;0;2;0;1;1;0;0;0;0;1;795778,1921;5819921,444;13,35323765;52,44923747
11092;206074;11;10;10010308;2018;10;17;4;3;2;6;0;0;1;0;0;0;0;0;807715,0954;5829178,281;13,5368843;52,52561042
11093;206075;11;12;12103219;2018;10;17;2;3;5;3;0;1;1;0;0;0;0;0;795077,7402;5832468,472;13,35408159;52,56209105
11094;206076;11;1;1011303;2018;10;20;6;3;5;3;2;1;1;0;0;0;0;0;799124,1773;5827846,055;13,40943709;52,5184503
11095;206077;11;11;11051331;2018;10;16;4;3;2;2;0;1;1;0;0;0;0;0;807993,795;5823864,98;13,53606538;52,47783539
11096;206078;11;4;4051551;2018;10;17;2;3;0;2;0;1;1;0;0;0;0;1;793328,4475;5823399,056;13,32035109;52,48173311
11097;206079;11;1;1033202;2018;10;16;4;3;6;7;0;0;1;1;0;0;0;0;797777,8423;5830230,455;13,39178969;52,54056024
11098;206080;11;10;10040828;2018;10;19;6;3;5;2;2;1;1;0;0;0;0;0;811685,1286;5828600,597;13,59467306;52,51817875
11099;206081;11;8;8041035;2018;10;15;4;3;2;6;0;0;1;0;0;0;1;0;804115,7263;5819328,773;13,47500845;52,43935153
11100;206082;11;8;8010404;2018;10;22;2;3;6;4;2;1;0;1;0;0;0;0;801624,5658;5823760,379;13,44247564;52,48045268
11101;206083;11;4;4020314;2018;10;15;4;3;2;6;0;0;1;0;1;0;1;0;790038,5352;5825238,338;13,27364314;52,49998005
11102;206084;11;7;7060603;2018;10;18;6;3;5;3;2;0;1;0;1;0;0;0;798478,1394;5816784,898;13,39004885;52,4196545
11103;206085;11;3;11030618;2018;10;20;2;3;5;3;2;1;1;0;0;0;0;0;802552,4603;5829317,305;13,4611469;52,52974587
11104;206086;11;11;11041128;2018;10;17;2;2;5;3;0;1;1;0;0;0;0;1;806029,7514;5826502,289;13,50965892;52,50257596
11105;206087;11;3;3040614;2018;10;18;6;3;5;3;0;1;1;0;0;0;0;0;800010,5715;5834507,955;13,42847942;52,57767595
11106;206088;11;4;4020313;2018;10;17;2;2;2;2;0;1;1;0;0;0;0;0;790653,2557;5826707,699;13,28395631;52,51282587
11107;206089;11;2;2030302;2018;10;15;4;3;6;4;0;0;0;1;1;0;0;0;800769,5705;5826090,258;13,43202683;52,50180767
11108;206090;11;1;1022105;2018;10;18;6;3;6;4;1;0;1;1;0;0;0;0;793894,972;5828319,546;13,33301258;52,52553819
11109;206091;11;7;7040401;2018;10;15;2;3;5;2;0;1;1;0;0;0;0;0;797291,4518;5822594,461;13,37781991;52,47237763
11110;206092;11;4;4010103;2018;10;17;6;3;0;2;0;0;1;0;1;0;0;0;791208,5338;5829136,854;13,29424271;52,53430684
11111;206093;11;1;1022201;2018;10;15;4;3;3;6;0;0;1;0;0;0;1;0;795482,998;5829581,36;13,35747368;52,53599094
11112;206094;11;4;4051446;2018;10;22;2;3;5;2;2;0;1;0;1;0;0;0;792547,3201;5824686,702;13,3100118;52,49369561
11113;206095;11;2;2050802;2018;10;15;4;3;5;2;0;1;1;0;0;0;0;0;802988,8135;5826884,408;13,46534395;52,50769786
11114;206096;11;1;3071537;2018;10;23;6;3;6;4;2;0;1;1;0;0;0;0;799514,2549;5828846,706;13,41606986;52,52720549
11115;206097;11;12;12224230;2018;10;22;4;3;5;3;2;0;1;0;0;0;0;0;785500,4;5837385,751;13,21742131;52,61128464
11116;206098;11;6;6010102;2018;10;15;2;3;6;4;0;0;1;1;0;0;0;0;793774,9718;5821131,068;13,32491018;52,46116146
11117;206099;11;8;8030829;2018;10;21;4;2;5;3;2;0;1;0;1;0;0;0;802769,065;5818725,831;13,45471164;52,43469447
11118;206100;11;12;12214125;2018;10;22;6;2;6;4;2;0;1;1;0;0;0;0;791928,8247;5831499,964;13,30690869;52,55510616
11119;206101;11;6;6020302;2018;10;21;6;3;5;3;2;1;1;0;0;0;0;0;794339,9411;5819040,492;13,33135932;52,44211636
11120;206102;11;11;11051330;2018;10;20;4;3;3;6;2;0;1;0;0;1;0;0;807182,8961;5825638,286;13,52579737;52,49418474
11121;206103;11;6;6030503;2018;10;12;4;2;5;3;0;1;1;0;0;0;0;0;790937,5638;5818774,755;13,28121294;52,44155483
11122;206104;11;9;9020501;2018;10;17;6;2;5;2;1;1;1;0;0;0;0;0;806090,2852;5823418,315;13,5077155;52,47490233
11123;206105;11;1;1033102;2018;10;14;2;3;6;7;0;0;1;1;0;0;0;0;797290,2672;5831274,131;13,38555572;52,55018176
11124;206106;11;1;1033102;2018;10;17;6;3;5;7;1;0;0;0;1;0;0;0;797560,3545;5831288,733;13,38954037;52,55016517
11125;206107;11;4;4030931;2018;10;14;2;3;0;4;0;0;0;1;1;0;0;1;794209,669;5825963,115;13,33555429;52,50424446
11126;206108;11;8;8041039;2018;10;14;4;3;6;4;0;0;1;1;0;0;0;0;806781,6215;5815603,291;13,51068923;52,40447336
11127;206109;11;10;10040933;2018;10;15;6;3;5;3;0;1;1;0;0;0;0;0;813201,9398;5825966,984;13,6144769;52,49371
11128;206110;11;12;12214125;2018;10;14;2;3;2;6;0;0;1;0;0;0;0;0;791914,7286;5831521,208;13,30672004;52,55530416
11129;206111;11;1;1033201;2018;10;15;6;3;2;6;0;0;1;0;0;0;0;0;798099,322;5831006,696;13,39721249;52,54734242
11130;206112;11;10;10010207;2018;10;14;4;3;5;3;0;0;0;0;0;0;1;0;807911,2729;5831113,52;13,54155958;52,54284309
11131;206113;11;4;4030931;2018;10;13;2;3;1;5;0;1;1;0;0;0;1;1;794382,1419;5826066,051;13,338179;52,50507419
11132;206114;11;5;5020625;2018;10;13;4;3;5;3;0;0;1;0;1;0;0;0;784290,771;5828709,289;13,19216609;52,53412588
11133;206115;11;5;5040936;2018;10;15;6;3;5;7;0;1;1;0;0;0;0;0;779808,2926;5821945,572;13,12056981;52,47579624
11134;206116;11;1;1022204;2018;10;13;2;3;6;3;0;0;1;1;0;0;0;0;794794,1025;5828309,889;13,34621888;52,52496621
11135;206117;11;5;5010339;2018;10;13;4;3;2;6;0;0;1;0;0;1;0;0;787002,4002;5828154,945;13,23155533;52,52773468
11136;206118;11;8;8041039;2018;10;18;6;3;6;4;0;0;1;1;0;0;0;0;806412,3647;5815531,734;13,50521271;52,40403877
11137;206119;11;10;10020416;2018;10;7;2;3;5;3;0;1;1;0;0;0;0;0;813246,9163;5831084,054;13,61995455;52,53953806
11138;206120;11;2;2040701;2018;10;7;6;3;5;3;0;1;0;0;0;0;1;0;800720,71;5827902,625;13,43294662;52,51807934
11139;206121;11;4;4031032;2018;10;13;4;3;3;6;0;1;1;0;0;0;0;0;791322,531;5825032,718;13,29232508;52,49745272
11140;206122;11;6;6010206;2018;10;15;6;3;0;2;0;1;1;0;0;0;0;0;794885,3437;5819746,751;13,33998357;52,44815376
11141;206123;11;1;1011204;2018;10;17;2;3;5;2;0;1;0;0;1;0;0;1;798547,9066;5826814,073;13,40004357;52,50951576
11142;206124;11;10;10040933;2018;10;12;4;3;5;3;0;0;1;0;1;0;0;0;813011,6171;5826282,833;13,61197946;52,49664952
11143;206125;11;1;1011302;2018;10;16;6;3;6;4;0;1;0;1;0;0;0;0;798680,9635;5828621,213;13,40362068;52,52564143
11144;206126;11;11;11030720;2018;10;17;2;2;0;3;0;0;1;0;0;0;1;0;805201,2039;5828823,179;13,49961887;52,52384087
11145;206127;11;1;1011105;2018;10;16;6;2;5;3;0;0;1;1;0;0;1;0;796445,9271;5826321,734;13,36872403;52,50624874
11146;206128;11;8;8010508;2018;10;12;4;3;5;3;0;1;0;0;0;0;1;0;803194,34;5822726,506;13,46458015;52,4703169
11147;206129;11;2;2050802;2018;10;15;6;3;6;4;0;0;1;1;0;0;0;0;802362,2303;5827088,643;13,45632547;52,50987604
11148;206130;11;2;2030302;2018;10;15;2;3;2;6;0;0;1;0;0;0;0;1;800413,6646;5825812,541;13,42654884;52,49951445
11149;206131;11;10;10040933;2018;10;12;4;3;5;3;0;1;1;0;0;0;0;0;812386,0313;5824308,53;13,60094383;52,47931579
11150;206132;11;10;10020416;2018;10;16;6;3;2;6;0;0;1;0;0;0;0;0;813213,1504;5831574,35;13,61992052;52,54395096
11151;206133;11;9;9020701;2018;10;11;4;3;5;3;0;1;1;0;0;0;0;0;808959,3509;5818270,3;13,54506187;52,42715089
11152;206134;11;11;11030720;2018;10;16;2;3;3;6;0;0;1;0;0;0;1;0;805195,6801;5829052,442;13,4997481;52,52589871
11153;206135;11;4;4051551;2018;10;10;4;3;5;3;0;0;1;0;0;0;0;0;792861,0311;5823522,744;13,31359651;52,48309282
11154;206136;11;5;5010314;2018;10;9;6;3;5;2;0;0;1;0;0;0;0;0;784845,5074;5829238,729;13,20077622;52,53858317
11155;206137;11;4;4041241;2018;10;13;2;3;1;5;0;1;1;0;0;0;1;0;791633,1735;5822479,312;13,29465392;52,47439569
11156;206138;11;6;6030608;2018;10;16;6;2;0;1;0;1;0;0;0;0;0;0;792651,2088;5817293,905;13,30505623;52,42736478
11157;206139;11;6;6040805;2018;10;8;2;3;0;3;0;1;0;0;0;0;1;0;787512,1264;5817717,845;13,23004776;52,43389063
11158;206140;11;4;4030621;2018;10;12;6;2;4;7;0;0;1;1;0;0;1;0;793510,0237;5827895,329;13,32698033;52,52194267
11159;206141;11;2;2030301;2018;10;9;4;3;3;6;0;1;1;0;0;0;0;0;799843,0787;5825799,252;13,41815656;52,49970914
11160;206142;11;8;8030829;2018;10;17;6;3;1;5;0;0;1;0;0;0;0;0;803202,7243;5818251,834;13,46064138;52,43020581
11161;206143;11;2;2050602;2018;10;7;2;3;0;7;0;1;0;0;0;0;1;0;802657,5345;5827996,981;13,46148958;52,51785363
11162;206144;11;12;12224230;2018;10;9;4;3;5;3;0;1;1;0;0;0;0;0;787002,3527;5836494,733;13,23876959;52,60250526
11163;206145;11;12;12301206;2018;10;16;6;3;5;3;0;0;1;0;1;0;0;0;793978,1648;5837480,512;13,34235374;52,60761507
11164;206146;11;2;2040502;2018;10;9;4;3;5;2;0;1;0;0;0;0;1;0;801250,9189;5827845,047;13,44068485;52,51727064
11165;206147;11;2;2020203;2018;10;7;2;2;5;2;0;1;1;0;0;0;0;0;797833,4594;5824902,044;13,3878375;52,49276723
11166;206148;11;4;4020208;2018;10;15;4;3;0;2;0;1;1;0;0;0;0;0;787288,089;5825684,431;13,23362169;52,50543456
11167;206149;11;2;2040701;2018;10;13;6;3;1;5;0;1;1;0;0;0;1;0;800515,6256;5827053,366;13,42916631;52,51058022
11168;206150;11;1;1044101;2018;10;8;2;3;2;6;0;0;1;0;0;0;0;0;793877,3503;5830084,696;13,33431428;52,54137123
11169;206151;11;4;4041137;2018;10;8;2;2;0;2;0;1;1;0;0;0;0;0;791121,6798;5823172,289;13,28774946;52,48088113
11170;206152;11;2;2050803;2018;10;18;4;3;0;6;1;0;1;0;1;0;0;0;803106,2131;5826102,34;13,46635649;52,50062309
11171;206153;11;1;1022206;2018;10;9;2;3;6;4;0;1;0;1;0;0;0;0;796132,2075;5828453,132;13,36601233;52,52552511
11172;206154;11;2;2010104;2018;10;8;4;3;3;6;0;1;1;0;0;0;0;0;799881,9439;5825711,263;13,41864816;52,4988991
11173;206155;11;6;6010205;2018;10;13;6;2;5;3;0;0;1;0;1;0;0;0;795777,9051;5819921,51;13,3532335;52,44923822
11174;206156;11;2;2010102;2018;10;10;2;3;2;6;0;0;1;0;0;0;0;0;798365,0327;5826317,431;13,39691184;52,50516406
11175;206157;11;2;2040701;2018;10;11;2;3;5;3;0;1;1;0;0;0;0;0;800602,4782;5827039,536;13,43042975;52,51040841
11176;206158;11;7;7010102;2018;10;11;6;2;6;4;0;0;1;1;0;0;0;0;794993,2822;5825624,411;13,34676571;52,50078511
11177;206159;11;12;12103115;2018;10;7;2;3;5;2;0;1;0;0;0;0;1;0;796305,1103;5833955,892;13,37346379;52,57475759
11178;206160;11;1;1022101;2018;10;8;4;2;3;6;0;1;0;0;0;0;1;0;793524,0322;5829121,524;13,32826869;52,53292735
11179;206161;11;4;4010101;2018;10;11;6;3;2;6;0;0;1;0;0;0;0;0;791271,3031;5830701,937;13,29653768;52,54830404
11180;206162;11;1;1044102;2018;10;13;2;3;5;3;0;0;1;0;0;0;0;0;795874,8228;5832063,799;13,36544525;52,55803102
11181;206163;11;4;4051448;2018;10;13;6;3;5;3;0;0;1;0;1;0;0;0;794177,8024;5825320,979;13,33451889;52,49850524
11182;206164;11;3;3030716;2018;10;7;4;3;5;2;0;1;1;0;0;0;0;0;802581,1176;5833487,672;13,46536777;52,56710825
11183;206165;11;2;2010103;2018;10;7;2;2;0;7;0;1;0;0;0;0;0;0;799292,2261;5826221,478;13,41044543;52,50379617
11184;206166;11;8;8010404;2018;10;7;4;3;5;3;0;1;1;0;0;0;0;0;802008,6363;5823486,243;13,44786563;52,4777833
11185;206167;11;1;1011105;2018;10;10;6;3;2;6;0;0;1;0;0;0;1;0;795289,0347;5826629,496;13,35200146;52,50963497
11186;206168;11;10;10020622;2018;10;12;4;3;6;7;0;0;1;1;0;0;0;0;810822,9865;5828080,372;13,58152214;52,51400882
11187;206169;11;9;9031001;2018;10;7;2;3;8;1;0;0;1;0;0;0;0;0;811742,1343;5815834,725;13,58358904;52,4037461
11188;206170;11;1;1011101;2018;10;19;4;3;5;2;2;1;0;0;0;0;1;0;795230,903;5826625,961;13,35114425;52,50963475
11189;206171;11;11;11041128;2018;10;10;6;3;5;2;0;1;1;0;0;0;0;0;806067,6611;5825798,939;13,50956934;52,49625105
11190;206172;11;9;9041301;2018;9;17;1;3;5;3;1;0;1;0;0;0;0;0;811972,2391;5819341,263;13,59022953;52,43503881
11191;206173;11;9;9041501;2018;9;20;1;2;3;6;2;0;1;0;1;0;0;0;811375,0654;5819790,34;13,58189179;52,43940348
11192;206174;11;9;9051901;2018;10;13;6;3;5;2;0;1;1;0;0;0;0;0;810938,5402;5821589,185;13,57716479;52,45577233