;OBJECTID;LAND;BEZ;LOR;UJAHR;UMONAT;USTUNDE;UWOCHENTAG;UKATEGORIE;UART;UTYP1;ULICHTVERH;IstRad;IstPKW;IstFuss;IstKrad;IstGkfz;IstSonstige;USTRZUSTAND;LINREFX;LINREFY;XGCSWGS84;YGCSWGS84
11193;206175;11;6;6030503;2018;9;12;1;3;6;4;0;1;0;1;0;0;0;0;791030,3241;5818743,803;13,28254683;52,44122799
11194;206176;11;1;1011203;2018;10;8;3;3;0;2;0;0;0;0;1;0;1;0;797576,537;5827318,311;13,3862239;52,5145664
11195;206177;11;10;10010308;2018;10;9;6;3;2;1;0;1;1;0;0;0;0;0;807670,9068;5830767,089;13,53770556;52,53987417
11196;206178;11;4;4030726;2018;9;10;1;3;0;7;0;0;0;0;1;0;0;0;791801,7716;5825398,504;13,29968508;52,50047592
11197;206179;11;5;5010314;2018;10;12;6;2;5;2;0;0;1;0;0;0;0;1;783603,9096;5829148,571;13,18244186;52,53842241
11198;206180;11;4;4030929;2018;10;15;3;3;1;5;0;1;1;0;0;0;0;0;792473,7272;5825405,722;13,30956225;52,50018088
11199;206181;11;8;8010213;2018;10;9;6;3;2;2;0;1;1;0;0;0;0;0;801634,1807;5822640,655;13,44160413;52,47041106
11200;206182;11;1;1011301;2018;9;10;1;3;3;2;0;0;1;0;0;0;0;0;796913,7308;5829478,766;13,37841418;52,53429373
11201;206183;11;7;7010102;2018;10;16;3;3;1;5;0;1;1;0;0;0;0;0;795188,8133;5825426,293;13,34946226;52,49890339
11202;206184;11;5;5020417;2018;10;12;6;3;0;7;0;0;1;0;1;0;0;1;783590,1978;5828867,528;13,18200038;52,53590967
11203;206185;11;11;11010309;2018;9;7;1;3;1;5;0;0;1;0;0;1;0;0;804479,96;5833365,092;13,49318421;52,56495097
11204;206186;11;11;11030720;2018;10;9;6;2;5;3;0;0;1;0;1;0;0;0;804943,31;5828708,802;13,49572456;52,52296006
11205;206187;11;6;6030503;2018;10;16;3;2;1;5;0;0;1;0;0;0;0;0;790262,7265;5817529,572;13,27023131;52,43075002
11206;206188;11;7;7010102;2018;9;0;1;3;0;1;2;1;1;0;0;0;0;0;795848,2948;5825208,893;13,35895578;52,49659746
11207;206189;11;10;10040830;2018;10;15;3;3;0;2;0;1;1;0;0;0;0;0;810598,9786;5825518,924;13,57584264;52,49118203
11208;206190;11;1;1011301;2018;10;9;6;3;3;2;0;1;1;0;0;0;0;0;797514,5153;5828449,745;13,38632454;52,52474219
11209;206191;11;1;1011402;2018;10;22;3;3;5;2;2;1;1;0;0;0;0;0;798796,7892;5829172,435;13,40581824;52,53051887
11210;206192;11;8;8010211;2018;9;20;1;3;5;3;2;1;1;0;0;0;0;0;801107,4839;5823535,043;13,43468112;52,47871828
11211;206193;11;6;6010210;2018;10;11;3;2;0;7;0;0;1;0;0;0;0;0;794948,4128;5821031,443;13,3420436;52,45963629
11212;206194;11;1;1011202;2018;10;8;6;3;5;3;0;1;1;0;0;0;0;0;797183,1136;5827555,094;13,38065483;52,5169034
11213;206195;11;11;11020515;2018;9;18;1;3;5;7;0;0;1;0;1;0;0;0;803614,4375;5830236,902;13,47759391;52,53739751
11214;206196;11;8;8030829;2018;10;12;6;3;0;6;0;0;1;0;0;0;1;0;802750,8129;5818156,186;13,45392821;52,42959878
11215;206197;11;11;11010205;2018;10;20;3;2;6;4;2;0;1;1;0;0;0;0;806326,4558;5833881,046;13,52081728;52,56853927
11216;206198;11;9;9041301;2018;9;18;1;3;5;2;0;1;1;0;0;0;0;0;812411,47;5819585,114;13,5968975;52,43697337
11217;206199;11;3;3040818;2018;10;16;5;3;6;7;0;0;1;1;0;0;0;0;799792,4983;5832220,284;13,42320338;52,5572911
11218;206200;11;7;7070703;2018;10;7;2;3;3;6;0;1;1;0;0;0;1;0;799934,3164;5813196,92;13,40818479;52,38669685
11219;206201;11;10;10020622;2018;10;7;2;3;5;2;0;0;1;0;1;0;0;0;810960,3656;5828189,684;13,58364221;52,51491011
11220;206202;11;4;4051551;2018;10;8;5;3;5;2;0;1;1;0;0;0;0;0;793338,0449;5823073,106;13,32020524;52,47880593
11221;206203;11;2;2050803;2018;10;5;2;3;2;6;2;0;1;0;1;0;0;0;803020,5459;5825763,498;13,46479005;52,49763366
11222;206204;11;2;2050801;2018;10;16;5;3;5;2;0;1;1;0;0;0;0;0;803339,1163;5827193,011;13,47077075;52,51026915
11223;206205;11;5;5010339;2018;10;4;2;2;4;6;2;0;1;0;0;1;0;0;786800,2382;5828396,408;13,22879179;52,53000595
11224;206206;11;10;10030727;2018;10;10;3;3;5;3;0;0;1;0;0;1;0;1;809788,6982;5827260,172;13,56556607;52,5072469
11225;206207;11;8;8010301;2018;10;8;5;3;5;7;0;1;1;0;0;0;0;0;801021,9274;5824857,276;13,43461918;52,49061699
11226;206208;11;9;9031001;2018;10;14;2;2;5;3;0;1;1;0;0;0;0;0;811345,8701;5815650,184;13,57761137;52,40231774
11227;206209;11;9;9041402;2018;10;6;3;3;5;3;2;1;1;0;0;0;0;0;812129,7713;5820784,397;13,59388711;52,44788143
11228;206210;11;3;3071536;2018;10;14;2;3;0;1;0;1;0;0;0;0;0;0;799137,9554;5830315,739;13,41186168;52,54057975
11229;206211;11;3;3061227;2018;10;15;5;3;5;3;0;1;1;0;0;0;0;0;799500,6475;5831775,853;13,4185103;52,55346808
11230;206212;11;5;5010314;2018;10;13;2;3;5;3;0;1;1;0;0;0;0;0;785067,4737;5829483,16;13,20424983;52,54065865
11231;206213;11;1;1011301;2018;10;12;3;3;0;1;0;1;0;0;0;0;0;1;797445,3005;5828860,678;13,38567494;52,52846348
11232;206214;11;5;5020419;2018;10;15;5;2;5;7;1;1;1;0;0;0;0;0;781744,116;5828438,504;13,15449122;52,53302038
11233;206215;11;7;7030303;2018;10;18;2;3;7;7;2;1;0;0;0;0;0;1;795449,1245;5820988,39;13,34935361;52,45897988
11234;206216;11;6;6020306;2018;10;14;5;2;5;3;0;1;1;0;0;0;0;0;796184,5232;5817202,995;13,35679051;52,42464856
11235;206217;11;4;4030929;2018;10;13;2;3;5;3;0;1;0;0;0;0;1;1;792616,2848;5825438,431;13,3116851;52,50039769
11236;206218;11;10;10040828;2018;10;13;2;3;3;6;0;0;1;0;0;0;1;0;811367,3735;5828018,996;13,58946102;52,51314834
11237;206219;11;5;5030832;2018;10;14;5;3;6;2;0;0;1;1;0;0;0;0;789520,076;5829468,591;13,26970861;52,53818048
11238;206220;11;3;3061227;2018;10;14;2;3;5;3;0;1;1;0;0;0;0;0;800083,2939;5831671,701;13,42698404;52,55221385
11239;206221;11;4;4030931;2018;10;12;2;3;2;6;0;0;1;0;0;0;0;1;793926,1244;5825854,415;13,33129292;52,50342284
11240;206222;11;11;11040926;2018;10;14;5;2;1;5;0;0;1;0;0;0;1;0;805160,331;5827132,611;13,4974678;52,50871211
11241;206223;11;3;3020307;2018;10;11;2;3;6;7;0;0;1;1;0;0;0;1;799283,0897;5837438,627;13,42042355;52,60434502
11242;206224;11;2;2040703;2018;10;12;2;3;5;3;0;0;1;0;0;0;1;0;801372,1036;5826522,23;13,44126756;52,50534707
11243;206225;11;1;1011201;2018;10;11;2;3;5;2;0;1;1;0;0;0;0;1;797455,5821;5826836,803;13,38401634;52,51031621
11244;206226;11;12;12214125;2018;10;18;5;3;0;1;2;0;0;0;1;0;0;1;791121,9942;5833978,182;13,29721659;52,57775479
11245;206227;11;4;4051447;2018;10;11;2;2;5;2;0;0;1;0;1;0;0;0;793348,1588;5824653,191;13,32174439;52,49296538
11246;206228;11;10;10020622;2018;10;11;2;3;0;1;0;0;0;0;1;0;0;1;811126,2274;5829171,005;13,58699629;52,52360949
11247;206229;11;1;1011204;2018;10;11;2;3;0;6;0;0;1;0;0;0;1;0;798696,923;5827085,797;13,40247661;52,51186982
11248;206230;11;1;1011402;2018;10;10;5;3;0;1;0;1;0;0;0;0;0;0;798522,385;5829137,794;13,40175397;52,53035871
11249;206231;11;3;3061228;2018;10;11;2;3;5;7;0;1;1;0;0;0;0;0;800565,9485;5831408,4;13,43384291;52,54958772
11250;206232;11;4;4041133;2018;10;10;2;2;5;3;0;1;1;0;0;0;0;0;790561,4899;5825208,311;13,2812992;52,49943266
11251;206233;11;7;7050503;2018;10;20;5;3;0;1;2;0;0;0;1;0;0;1;798094,6683;5820488,126;13,38772899;52,453059
11252;206234;11;5;5020625;2018;10;8;5;2;5;3;0;0;1;0;0;0;0;0;784482,999;5828546,079;13,19485274;52,53256222
11253;206235;11;7;7040405;2018;10;17;2;3;5;3;1;0;1;0;0;0;1;0;799132,856;5821713,213;13,40405907;52,46347317
11254;206236;11;1;1022103;2018;10;8;5;3;5;3;0;1;0;0;0;0;1;0;794876,8454;5829526,328;13,34851396;52,53582592
11255;206237;11;8;8010301;2018;10;11;2;3;5;3;0;1;1;0;0;0;0;0;801450,8388;5823878,197;13,44003178;52,48160463
11256;206238;11;10;10010308;2018;10;16;2;3;2;6;0;0;1;0;0;0;0;0;806737,7457;5830281,514;13,52354125;52,53604845
11257;206239;11;1;1044101;2018;10;8;5;3;1;5;0;1;1;0;0;0;0;0;794263,176;5831383,828;13,34113805;52,55280883
11258;206240;11;1;1011303;2018;10;8;2;3;0;1;0;0;0;0;1;0;0;0;799285,8649;5828934,144;13,41279202;52,52811466
11259;206241;11;7;7070705;2018;10;11;2;3;5;3;0;0;1;0;0;0;1;0;798556,4256;5814413,429;13,38908202;52,39835412
11260;206242;11;3;3050925;2018;10;8;5;3;5;3;0;0;1;0;0;0;0;0;802276,195;5831441,959;13,4590196;52,54894221
11261;206243;11;6;6030605;2018;10;11;2;2;5;2;0;0;1;0;1;0;0;0;791750,377;5819297,245;13,29359348;52,44580593
11262;206244;11;1;1011201;2018;10;16;2;3;5;3;0;0;1;0;1;0;0;1;796970,1271;5826857,901;13,37690304;52,51076983
11263;206245;11;6;6040807;2018;10;10;2;3;5;2;0;1;1;0;0;0;0;0;789997,0912;5819165,06;13,26775417;52,44555361
11264;206246;11;2;2020205;2018;10;8;5;3;6;7;0;0;1;1;0;0;0;0;798280,7875;5824575,326;13,39411426;52,48959435
11265;206247;11;5;5030730;2018;10;10;2;3;2;6;0;0;1;0;0;0;0;0;785439,52;5829252,649;13,20952274;52,53839715
11266;206248;11;2;2020205;2018;10;7;5;3;3;6;0;1;1;0;0;0;0;0;797789,4387;5824596,965;13,38691838;52,49005657
11267;206249;11;5;5010314;2018;10;9;2;3;5;3;0;1;1;0;0;0;0;0;785066,9298;5829482,029;13,20424086;52,54064879
11268;206250;11;1;1022205;2018;10;8;2;3;5;1;0;0;1;0;1;0;0;0;795984,5511;5828712,859;13,36407343;52,52793349
11269;206251;11;1;1033201;2018;10;9;2;3;5;2;0;0;1;0;0;0;0;0;798076,9492;5829991,689;13,39597278;52,53825649
11270;206252;11;3;3061227;2018;10;6;5;2;0;3;0;0;1;0;1;0;0;0;799828,901;5831538,031;13,42312256;52,55115582
11271;206253;11;7;7030303;2018;10;9;2;3;5;3;0;1;0;0;0;0;0;0;794874,8387;5822203,823;13,34199978;52,47018571
11272;206254;11;4;4020310;2018;10;16;2;3;5;2;0;0;1;0;0;0;0;1;790356,5201;5827320,641;13,28013087;52,51847899
11273;206255;11;1;1011304;2018;10;6;5;2;5;3;2;0;1;0;1;0;0;0;799745,7634;5827565,992;13,41831809;52,51559869
11274;206256;11;2;2040703;2018;10;18;5;3;3;6;1;0;0;0;1;1;0;0;801756,2229;5826234,952;13,4466494;52,50255987
11275;206257;11;4;4010103;2018;10;16;2;3;2;6;0;0;1;0;0;0;0;1;791218,9306;5829148,391;13,29440566;52,53440472
11276;206258;11;3;3061126;2018;10;15;5;3;5;2;2;1;1;0;0;0;0;0;798417,3869;5831797,886;13,40260023;52,55426017
11277;206259;11;3;3050925;2018;10;9;2;3;4;2;0;1;1;0;0;0;0;0;801703,147;5831084,887;13,45026967;52,54605944
11278;206260;11;4;4030827;2018;10;11;5;3;2;3;0;0;1;0;0;0;0;0;792735,2686;5826109,727;13,31402312;52,50635184
11279;206261;11;2;2020203;2018;10;15;2;3;5;3;0;1;1;0;0;0;0;1;797117,1263;5823986,167;13,37650104;52,48494773
11280;206262;11;1;1011304;2018;10;9;2;3;6;4;0;1;0;1;0;0;0;0;799698,4752;5827820,864;13,41785289;52,5179092
11281;206263;11;2;2020204;2018;10;12;4;3;5;2;0;1;1;0;0;0;0;0;798581,8366;5825148,429;13,39904854;52,49456691
11282;206264;11;4;4020311;2018;10;9;2;3;1;5;0;1;1;0;0;0;0;0;789490,6837;5826609,401;13,26678731;52,51256288
11283;206265;11;1;1011301;2018;10;8;2;3;0;3;0;1;1;0;0;0;0;0;797014,1778;5828941,838;13,37941096;52,52942605
11284;206266;11;4;4030623;2018;10;12;2;3;2;6;0;1;1;0;0;0;0;0;793895,0944;5826218,155;13,33115817;52,50670029
11285;206267;11;4;4030828;2018;10;18;4;3;1;5;1;1;1;0;0;0;0;0;792750,5338;5826271,404;13,31438957;52,50779303
11286;206268;11;6;6020305;2018;10;14;2;2;5;3;0;1;0;0;0;0;1;0;795399,0983;5817607,145;13,3456302;52,42869613
11287;206269;11;12;12214527;2018;10;15;2;3;2;6;0;0;1;0;0;0;0;1;790284,0286;5835028,976;13,28580556;52,58762272
11288;206270;11;8;8010510;2018;10;9;4;3;2;2;0;0;1;0;0;0;0;0;802650,4185;5822171,543;13,4560938;52,46564434
11289;206271;11;10;10040931;2018;10;6;2;2;2;6;1;0;1;0;0;0;0;0;813718,9096;5829945,819;13,62581686;52,52906703
11290;206272;11;2;2010101;2018;10;16;1;3;5;2;0;0;1;0;0;0;0;0;797622,139;5825581,659;13,38534133;52,49897447
11291;206273;11;5;5030832;2018;10;15;2;2;0;6;0;0;1;0;1;0;0;1;789641,5801;5829290,544;13,27133989;52,5365197
11292;206274;11;6;6010207;2018;10;14;2;2;5;3;0;0;1;0;1;0;0;1;793185,2739;5820002,579;13,31526458;52,45136155
11293;206275;11;2;2040701;2018;10;17;4;3;5;3;0;1;0;0;1;0;0;0;800586,4061;5827585,07;13,43068638;52,51530704
11294;206276;11;7;7040406;2018;10;16;4;3;5;2;0;1;1;0;0;0;0;0;800125,499;5821937,344;13,41882793;52,46493787
11295;206277;11;6;6010206;2018;10;14;2;3;2;6;0;0;1;0;0;0;0;1;794754,8146;5820066,24;13,33835042;52,45108821
11296;206278;11;1;1011402;2018;10;16;4;3;6;4;0;0;1;1;0;0;0;0;798637,3583;5829480,771;13,40375195;52,53337003
11297;206279;11;8;8030831;2018;10;13;1;2;5;2;0;1;1;0;0;0;0;0;803726,0178;5817995,389;13,46808165;52,42761705
11298;206280;11;5;5010314;2018;10;15;2;2;2;6;0;0;1;0;0;0;0;1;784790,4784;5828845,253;13,19962982;52,53508405
11299;206281;11;3;3061429;2018;10;18;4;3;5;3;1;1;1;0;0;0;0;0;801940,6762;5830654,819;13,45337092;52,54207317
11300;206282;11;4;4041343;2018;10;14;2;3;2;6;0;0;1;0;0;0;0;1;792622,2724;5821816,632;13,30859365;52,4679259
11301;206283;11;6;6030607;2018;10;11;1;2;1;7;0;0;1;0;1;0;0;0;791069,1847;5815854,473;13,28060224;52,41530392
11302;206284;11;7;7070703;2018;10;18;4;2;5;2;1;0;1;0;0;0;0;0;799776,2065;5813975,668;13,40656495;52,39376388
11303;206285;11;5;5010314;2018;10;11;1;2;5;2;0;1;1;0;0;0;0;0;784795,2884;5828783,446;13,19964757;52,53452737
11304;206286;11;7;7050503;2018;10;14;2;3;2;6;0;0;0;0;0;1;1;1;799194,2855;5820014,242;13,40343822;52,44821049
11305;206287;11;4;4030622;2018;10;11;1;3;1;5;0;1;1;0;0;0;0;0;791937,888;5826921,564;13,30302031;52,51405708
11306;206288;11;4;4030622;2018;10;18;4;3;5;2;2;1;1;0;0;0;0;0;792748,8432;5826753,328;13,31478861;52,51211423
11307;206289;11;4;4031032;2018;10;11;1;2;5;2;0;0;1;0;1;0;0;0;791575,9236;5824877,69;13,29591144;52,49592759
11308;206290;11;9;9020801;2018;10;5;2;3;2;6;2;0;1;0;0;0;0;0;809759,8231;5820710,473;13,55905832;52,44856674
11309;206291;11;5;5030832;2018;10;19;4;3;1;5;2;0;1;0;0;1;0;0;789869,189;5829223,141;13,27462749;52,53579441
11310;206292;11;3;3040513;2018;10;5;2;2;5;2;2;0;1;0;1;0;0;0;796758,765;5834005,184;13,38018259;52,57495227
11311;206293;11;11;11010309;2018;10;9;1;3;5;3;0;1;1;0;0;0;0;0;804842,8129;5833272,274;13,49843559;52,56391606
11312;206294;11;11;11030721;2018;10;13;2;3;2;6;0;0;1;0;0;1;0;1;803910,7519;5828363,453;13,48023687;52,52044129
11313;206295;11;9;9051901;2018;10;16;4;3;0;6;0;0;0;0;1;0;0;0;810019,3283;5821597,136;13,56368761;52,4563657
11314;206296;11;9;9041501;2018;10;9;1;2;6;4;0;1;0;1;0;0;0;0;811365,6332;5820119,781;13,5820604;52,44236114
11315;206297;11;8;8020726;2018;10;14;2;2;2;6;0;0;1;0;0;0;1;1;799470,1289;5816347,728;13,40420122;52,41519392
11316;206298;11;11;11030721;2018;10;8;1;3;5;3;0;0;1;0;0;0;0;0;804606,6754;5827496,925;13,48966865;52,51228671
11317;206299;11;4;4051446;2018;10;15;4;3;6;4;0;0;1;1;0;0;0;0;792834,2623;5824336,229;13,31391819;52,49039985
11318;206300;11;5;5030730;2018;10;6;1;3;1;1;1;0;1;0;0;0;0;0;786976,5763;5829853,464;13,23264244;52,54297653
11319;206301;11;2;2040501;2018;10;17;2;2;6;4;1;0;1;1;0;0;0;0;800310,1399;5828432,038;13,42739199;52,52305087
11320;206302;11;9;9041301;2018;10;16;4;3;0;1;0;1;0;0;0;0;0;0;811650,9186;5818578,63;13,58480745;52,42838763
11321;206303;11;11;11010103;2018;10;23;1;3;4;6;2;0;0;0;0;0;1;0;807889,1579;5833929,826;13,54384653;52,56809487
11322;206304;11;1;1011203;2018;10;16;2;3;0;1;0;0;0;0;1;0;0;0;797790,9977;5827261,865;13,38932442;52,51394338
11323;206305;11;10;10020517;2018;10;20;1;3;0;6;2;0;1;0;1;0;0;0;812271,8436;5830676,861;13,60524153;52,53644877
11324;206306;11;4;4020311;2018;10;16;4;3;5;3;0;0;1;0;0;0;0;0;788720,2386;5827519,376;13,25625555;52,5211295
11325;206307;11;1;1011203;2018;10;5;1;3;5;3;2;0;1;0;0;0;0;0;797955,5664;5827074,365;13,39157448;52,5121728
11326;206308;11;7;7070703;2018;10;20;2;3;6;4;2;0;0;1;0;0;1;0;799222,3143;5813151,277;13,39771313;52,386677
11327;206309;11;12;12304313;2018;10;15;4;3;0;1;0;1;0;0;0;0;0;1;791914,6367;5834170,036;13,30904971;52,57905007
11328;206310;11;12;12214422;2018;10;19;1;2;0;7;2;0;1;0;1;0;0;1;792256,7071;5833335,709;13,31334814;52,57138706
11329;206311;11;7;7040403;2018;10;19;2;2;5;2;2;1;0;0;0;0;1;0;797836,8831;5821341,705;13,38470809;52,46085094
11330;206312;11;9;9041301;2018;10;15;4;3;5;3;0;0;1;0;0;0;0;0;812180,3007;5819083,033;13,59303909;52,43260601
11331;206313;11;1;1011301;2018;10;19;2;3;6;2;2;0;1;1;0;0;0;0;797095,6692;5828828,982;13,38050787;52,52837002
11332;206314;11;3;3040512;2018;10;19;1;3;1;5;2;0;1;0;0;0;0;0;796368,0511;5835047,017;13,3753654;52,584504
11333;206315;11;1;1033101;2018;10;19;2;3;5;7;2;0;1;0;0;0;0;0;797254,246;5832163,524;13,38582241;52,55817373
11334;206316;11;4;4030929;2018;10;14;4;3;2;6;0;0;1;0;0;0;0;0;792720,566;5825481,265;13,3132546;52,50072576
11335;206317;11;4;4030931;2018;10;18;1;3;0;7;1;1;0;0;0;0;1;1;794095,1955;5826439,419;13,3342934;52,50857597
11336;206318;11;1;1022103;2018;10;19;2;3;5;3;2;0;1;0;0;0;1;0;794421,3999;5829388,622;13,34169654;52,53483772
11337;206319;11;6;6020305;2018;10;18;1;2;6;4;1;0;1;1;0;0;0;0;795489,1912;5817598,356;13,34694365;52,42856869
11338;206320;11;9;9041501;2018;10;14;4;2;5;2;0;1;1;0;0;0;0;0;811362,817;5820170,329;13,58206619;52,44281573
11339;206321;11;4;4041137;2018;10;15;1;3;2;2;0;0;1;0;0;0;0;0;791928,604;5823980,859;13,30030597;52,48769909
11340;206322;11;6;6030609;2018;10;18;2;3;1;5;1;1;1;0;0;0;0;0;792715,4339;5819504,974;13,30793439;52,44715239
11341;206323;11;5;5010208;2018;10;13;4;3;2;7;0;1;1;0;0;0;0;0;784179,1731;5830019,452;13,19164591;52,54593109
11342;206324;11;12;12301206;2018;10;9;4;3;5;2;0;0;1;0;0;0;0;0;793974,877;5837470,046;13,34229603;52,60752303
11343;206325;11;2;2040702;2018;10;17;2;3;0;1;1;1;0;0;0;0;0;1;801969,3955;5827384,031;13,45082273;52,5127412
11344;206326;11;7;7040404;2018;10;8;4;3;5;2;0;1;1;0;0;0;0;0;797371,9953;5820512,279;13,37714704;52,45366913
11345;206327;11;1;1011301;2018;10;13;1;3;0;7;0;1;1;0;0;0;0;0;796830,5619;5829574,548;13,37727717;52,53519761
11346;206328;11;2;2030302;2018;10;17;2;3;1;5;0;1;0;0;0;0;1;1;800486,931;5825974,717;13,42777123;52,50092776
11347;206329;11;1;1011301;2018;10;8;4;3;5;7;0;0;1;0;1;0;0;0;797240,6401;5828237,351;13,38210975;52,52298771
11348;206330;11;4;4051654;2018;10;7;4;3;4;6;0;1;0;0;0;0;0;0;793719,3006;5823968,696;13,32659197;52,4866296
11349;206331;11;1;1011102;2018;10;13;4;3;5;3;0;1;0;0;0;0;0;0;795181,5575;5826887,966;13,35065165;52,51201013
11350;206332;11;1;1022103;2018;10;11;1;3;2;6;0;0;1;0;0;0;0;0;793516,1931;5829315,268;13,32832455;52,53466839
11351;206333;11;8;8010510;2018;10;7;4;3;5;3;0;0;1;0;0;0;0;0;801915,2383;5822308,433;13,4454286;52,46727804
11352;206334;11;1;1011402;2018;10;5;1;2;1;1;2;1;1;0;0;0;0;0;798563,2395;5829229,619;13,40243691;52,53115941
11353;206335;11;9;9010101;2018;10;14;7;3;1;5;0;1;1;0;0;0;0;0;802408,4566;5824690,808;13,45482739;52,48835863
11354;206336;11;10;10010308;2018;10;6;4;3;5;3;1;1;1;0;0;0;0;0;806582,2474;5828261,232;13,51939316;52,51802985
11355;206337;11;7;7040401;2018;10;20;7;3;3;6;2;0;1;0;0;0;0;0;797952,9903;5823987,894;13,38877558;52,48450772
11356;206338;11;5;5020524;2018;10;14;1;3;3;6;0;0;1;0;1;0;0;0;782877,9366;5826893,788;13,16984792;52,51858267
11357;206339;11;10;10040830;2018;10;18;7;3;5;3;2;0;1;0;0;0;1;0;810467,8521;5825568,811;13,57396401;52,49170368
11358;206340;11;1;1011301;2018;10;12;4;3;5;2;0;1;1;0;0;0;0;0;797074,5561;5829292,35;13,38061163;52,53253509
11359;206341;11;4;4030931;2018;10;18;7;3;2;7;1;0;1;0;1;0;0;0;793926,2798;5825861,967;13,33130187;52,50349045
11360;206342;11;3;3040818;2018;10;0;1;3;5;2;2;0;1;0;0;0;0;0;800077,759;5833884,156;13,42890342;52,57204766
11361;206343;11;11;11030721;2018;10;11;4;3;1;5;0;1;1;0;0;0;0;0;803972,1972;5828204,406;13,48099435;52,51898156
11362;206344;11;1;1033203;2018;10;6;4;3;5;2;1;1;1;0;0;0;0;0;796858,0047;5830648,378;13,37864001;52,54480834
11363;206345;11;1;1011303;2018;10;21;1;2;6;4;2;0;1;1;0;0;0;0;799498,019;5828344,449;13,41537892;52,52271245
11364;206346;11;6;6030610;2018;10;11;4;3;5;2;0;0;1;0;0;0;0;0;791901,9561;5818944,79;13,29550949;52,44256527
11365;206347;11;1;1022206;2018;10;18;7;3;6;7;1;0;1;1;0;0;0;0;796229,0415;5828483,523;13,36746257;52,52574492
11366;206348;11;5;5010313;2018;10;21;1;2;6;4;2;0;1;1;0;0;0;0;784597,602;5830222,682;13,19797391;52,54753482
11367;206349;11;5;5010101;2018;10;11;4;3;6;4;0;0;1;1;0;0;0;0;785295,8341;5832411,072;13,21012415;52,56679033
11368;206350;11;1;1044201;2018;10;19;1;3;5;3;2;0;1;0;1;0;0;0;795673,3462;5830932,205;13,36147417;52,54799678
11369;206351;11;6;6020409;2018;10;18;7;3;2;6;2;0;1;0;1;0;0;0;793267,2738;5817066,99;13,31389206;52,42500066
11370;206352;11;5;5020524;2018;10;10;4;3;5;2;0;0;1;0;1;0;0;0;783896,1205;5826616,408;13,18457664;52,5155665
11371;206353;11;7;7010102;2018;10;17;7;2;5;2;0;1;0;0;0;0;1;0;794957,1044;5825673,102;13,34627741;52,50124115
11372;206354;11;10;10020620;2018;10;18;1;3;9;1;1;0;0;0;1;0;0;0;811318,2567;5829885,272;13,59048624;52,52990064
11373;206355;11;3;3020307;2018;10;17;7;3;5;2;0;0;1;0;1;0;0;0;799052,3047;5837551,637;13,41712797;52,60548495
11374;206356;11;3;3030715;2018;10;17;1;3;5;3;0;1;1;0;0;0;0;0;800548,9518;5833675,026;13,43564569;52,56991323
11375;206357;11;1;1011204;2018;10;16;7;3;5;2;0;0;1;0;0;0;1;0;798582,8793;5826875,931;13,40061284;52,51005109
11376;206358;11;4;4020310;2018;10;10;4;2;5;2;0;0;1;0;0;0;1;0;789941,8033;5827381,481;13,27408908;52,51924508
11377;206359;11;4;4020310;2018;10;2;7;3;2;6;2;0;1;0;0;0;0;0;788258,7629;5827801,364;13,24971733;52,5239018
11378;206360;11;7;7040402;2018;10;14;1;3;2;2;0;0;1;0;1;0;0;0;796829,7717;5820814,034;13,36945929;52,45666881
11379;206361;11;1;1044202;2018;10;16;7;2;5;2;0;1;1;0;0;0;0;0;794908,1695;5830225,385;13,34959489;52,54207547
11380;206362;11;6;6010101;2018;10;16;7;3;5;2;0;1;1;0;0;0;0;0;793526,7991;5820643,128;13,32083888;52,45692059
11381;206363;11;2;2020204;2018;10;14;1;3;2;7;0;0;1;0;1;0;0;0;798277,1814;5825307,314;13,39471662;52,49615768
11382;206364;11;1;1033101;2018;10;20;4;3;0;2;2;1;1;0;0;0;0;0;797528,5037;5832707,298;13,39034355;52,56289817
11383;206365;11;2;2030301;2018;10;13;1;3;1;5;0;1;1;0;0;0;0;0;800069,0813;5825614,609;13,42130956;52,49792988
11384;206366;11;4;4030931;2018;10;9;4;3;1;5;0;1;0;0;0;1;0;0;794530,1363;5825966,533;13,34026509;52,5041022
11385;206367;11;9;9020501;2018;10;15;7;3;5;7;0;0;1;0;1;0;0;0;806439,8654;5822972,478;13,51243679;52,47071059
11386;206368;11;2;2030302;2018;10;2;1;3;0;1;2;0;0;0;1;0;0;0;801617,3639;5826025,979;13,4444206;52,50076359
11387;206369;11;4;4010101;2018;10;9;4;3;2;6;0;0;1;0;0;0;0;0;791279,3287;5830714,287;13,29666653;52,54841046
11388;206370;11;1;1044201;2018;10;21;7;3;3;6;2;0;1;0;1;0;0;0;795807,1695;5831078,987;13,36357272;52,54923989