;OBJECTID;LAND;BEZ;LOR;UJAHR;UMONAT;USTUNDE;UWOCHENTAG;UKATEGORIE;UART;UTYP1;ULICHTVERH;IstRad;IstPKW;IstFuss;IstKrad;IstGkfz;IstSonstige;USTRZUSTAND;LINREFX;LINREFY;XGCSWGS84;YGCSWGS84
11389;206371;11;4;4051655;2018;10;15;7;3;2;6;0;0;1;0;0;0;0;0;794143,7529;5824098,042;13,33293905;52,4875606
11390;206372;11;1;1011202;2018;10;15;4;3;3;2;0;0;1;0;1;0;0;0;797165,3078;5827698,771;13,38052153;52,51820101
11391;206373;11;4;4030417;2018;10;15;7;3;2;6;0;1;0;0;0;0;0;0;791547,164;5826720,404;13,2971026;52,5124627
11392;206374;11;9;9010402;2018;10;20;7;3;5;3;2;0;1;0;0;0;0;0;805892,7866;5818971,103;13,50074293;52,43515489
11393;206375;11;11;11030720;2018;10;20;4;3;3;6;2;0;1;0;0;0;0;0;804557,2544;5829901,326;13,49114436;52,53386385
11394;206376;11;1;1011101;2018;10;15;7;3;5;3;0;0;1;0;0;0;0;0;795071,6844;5826376,381;13,34858378;52,50748359
11395;206377;11;12;12302107;2018;10;13;7;3;5;2;0;1;1;0;0;0;0;0;793844,4083;5836157,94;13,33921024;52,59583154
11396;206378;11;2;2030402;2018;10;9;4;3;0;7;0;0;1;0;1;0;0;0;801647,2684;5825332,902;13,44423216;52,49453492
11397;206379;11;7;7050501;2018;10;19;7;3;5;7;2;0;1;0;0;0;0;0;797632,1402;5819184,345;13,37978096;52,44162396
11398;206380;11;9;9020702;2018;10;9;4;3;6;7;0;0;1;1;0;0;0;0;809020,5518;5819487,488;13,547084;52,43802475
11399;206381;11;5;5020521;2018;10;15;7;3;5;3;0;0;1;0;0;0;0;0;780054,518;5827695,02;13,12902122;52,52722454
11400;206382;11;6;6010102;2018;10;18;7;3;5;3;2;0;1;0;1;0;0;0;793283,0027;5821103,005;13,31766518;52,46117415
11401;206383;11;2;2050801;2018;10;19;4;3;1;5;2;1;1;0;0;0;0;0;802674,6667;5827365,88;13,46116724;52,51218763
11402;206384;11;2;2030301;2018;10;17;7;3;1;5;1;1;1;0;0;0;1;0;799870,1869;5825871,862;13,41862008;52,50034508
11403;206385;11;2;2050801;2018;10;15;7;3;6;7;0;0;1;1;0;0;0;0;803478,2024;5827490,579;13,47308522;52,51285883
11404;206386;11;8;8041036;2018;10;16;7;3;9;1;0;0;1;0;0;0;0;0;805045,1663;5817567,582;13,48703292;52,42304888
11405;206387;11;12;12214527;2018;10;18;3;3;5;3;1;0;1;0;0;0;0;0;789958,2523;5834870,756;13,28087188;52,58637803
11406;206388;11;10;10040828;2018;10;16;7;2;6;7;0;1;0;1;0;0;0;0;813239,5957;5829400,326;13,61826046;52,52445451
11407;206389;11;6;6010103;2018;10;15;7;3;6;7;0;0;1;1;0;0;0;0;793719,0293;5821204,428;13,3241537;52,46184917
11408;206390;11;2;2050803;2018;10;14;7;3;1;5;0;1;1;0;0;0;0;0;803051,8657;5825853,4;13,4653318;52,49842205
11409;206391;11;1;1044201;2018;10;17;3;3;0;1;2;0;0;0;1;0;0;1;796834,2216;5831942,209;13,37944695;52,556419
11410;206392;11;1;1022106;2018;10;13;7;3;6;2;0;0;1;1;0;0;0;0;794317,5943;5828375,027;13,33927317;52,52580757
11411;206393;11;6;6040702;2018;10;13;7;3;1;1;0;1;1;0;0;0;0;0;787468,5553;5816675,236;13,22851235;52,4245657
11412;206394;11;4;4051653;2018;10;8;3;3;6;4;0;1;0;1;0;0;0;0;794149,2122;5824199,312;13,33310861;52,4884655
11413;206395;11;9;9052001;2018;10;12;7;3;5;2;0;0;1;0;0;0;0;0;811210,2499;5822511,194;13,5820101;52,46388029
11414;206396;11;2;2050601;2018;10;16;3;3;5;2;0;1;1;0;0;0;0;0;801865,7288;5828983,034;13,45075077;52,5271305
11415;206397;11;7;7040403;2018;10;11;7;3;2;6;0;0;1;0;0;0;0;0;796930,9578;5822275,828;13,37224458;52,46971747
11416;206398;11;7;7040402;2018;10;13;7;3;2;6;0;0;1;0;0;0;1;0;796829,608;5820841,413;13,36948123;52,45691433
11417;206399;11;4;4020311;2018;10;8;3;3;5;7;0;1;1;0;0;0;0;0;789652,5333;5826551,054;13,26911482;52,51195387
11418;206400;11;6;6020410;2018;10;12;7;3;4;6;0;1;0;0;0;0;0;0;794317,2688;5817584,764;13,32974508;52,42907854
11419;206401;11;3;3030406;2018;10;12;7;3;2;2;0;0;1;0;1;0;0;0;802085,493;5838888,275;13,46300268;52,615788
11420;206402;11;5;5010339;2018;10;12;7;3;2;6;0;0;1;0;0;0;1;0;787035,2767;5828163,814;13,23204628;52,52779689
11421;206403;11;1;1011303;2018;10;12;7;3;5;3;0;1;0;0;0;0;0;0;799158,564;5827808,203;13,40990832;52,51809215
11422;206404;11;9;9041601;2018;10;2;7;2;9;1;2;0;1;0;0;0;0;0;817544,2428;5816639,811;13,66935695;52,40762672
11423;206405;11;2;2020204;2018;10;19;3;3;3;5;2;0;1;0;0;0;0;0;797854,9902;5824895,635;13,38814797;52,49269803
11424;206406;11;10;10010308;2018;10;11;7;3;2;6;0;0;1;0;0;0;0;0;806622,3478;5830249,803;13,52181596;52,53582919
11425;206407;11;9;9020501;2018;10;19;7;2;0;1;2;0;0;0;1;0;0;0;805730,7997;5822945,169;13,50200556;52,47086311
11426;206408;11;7;7050505;2018;10;11;7;3;5;3;0;0;1;0;1;0;0;0;799447,2652;5817758,064;13,4051283;52,42784831
11427;206409;11;2;2020203;2018;10;17;3;3;5;2;0;1;1;0;0;0;0;0;797833,5346;5824902,022;13,38783859;52,49276699
11428;206410;11;2;2040502;2018;10;11;7;3;1;5;0;0;1;0;0;0;0;0;800434,9591;5828024,343;13,42885795;52,51932782
11429;206411;11;7;7040404;2018;10;16;6;3;2;6;0;0;1;0;0;0;0;0;797352,4277;5820544,228;13,37688838;52,45396617
11430;206412;11;9;9010402;2018;10;23;3;3;0;1;2;0;0;0;1;0;0;0;806078,146;5819145,416;13,50362066;52,43661349
11431;206413;11;2;2050802;2018;10;22;3;3;6;4;2;1;0;1;0;0;0;0;802482,9588;5827047,66;13,45806172;52,50944178
11432;206414;11;1;1011302;2018;10;16;6;3;5;3;0;1;0;0;0;0;0;0;798233,2766;5828933,095;13,39732105;52,5286821
11433;206415;11;2;2030302;2018;10;19;3;3;1;5;2;1;1;0;0;0;0;0;800302,6526;5825828,358;13,42493265;52,49971732
11434;206416;11;8;8010406;2018;10;11;7;2;5;3;0;1;1;0;0;0;0;0;802023,7618;5824295,603;13,44882084;52,48502932
11435;206417;11;8;8010303;2018;10;15;6;3;2;2;0;0;1;0;0;0;0;0;800337,114;5824339,369;13,42409657;52,48635198
11436;206418;11;7;7030301;2018;10;18;3;3;2;6;1;0;1;0;1;0;0;0;794310,3654;5822159,747;13,33367494;52,47009499
11437;206419;11;7;7050501;2018;10;15;6;3;2;6;0;0;1;0;0;0;0;0;797475,2013;5819283,945;13,37756753;52,44260218
11438;206420;11;1;1011105;2018;10;10;7;3;5;3;0;0;1;0;0;0;0;0;796676,764;5826211,163;13,37201659;52,50513211
11439;206421;11;9;9020501;2018;10;18;3;3;5;3;1;1;1;0;0;0;0;0;806282,4789;5822205,037;13,50942261;52,46392075
11440;206422;11;9;9051801;2018;10;10;7;3;5;7;0;0;1;0;1;0;0;0;820125,8955;5819640,57;13,71005111;52,4330102
11441;206423;11;4;4020205;2018;10;15;6;3;5;3;0;1;1;0;0;0;0;0;788007,6702;5827624,818;13,2458737;52,52245168
11442;206424;11;10;10020414;2018;10;10;7;3;5;2;0;0;1;0;0;0;1;0;812205,8843;5830921,353;13,60450189;52,53867747
11443;206425;11;1;1011303;2018;10;17;3;3;3;6;1;0;1;0;0;0;0;0;799565,0528;5828225,84;13,41625715;52,52161249
11444;206426;11;3;3040614;2018;10;10;7;2;5;3;0;1;1;0;0;0;0;0;799236,8126;5835176,805;13,4176987;52,5840971
11445;206427;11;9;9051702;2018;10;15;6;3;3;6;0;1;0;0;0;0;0;0;814298,9943;5821210,497;13,62610176;52,45045709
11446;206428;11;3;3030405;2018;10;17;3;3;5;3;1;1;1;0;0;0;0;0;803734,2172;5839242,094;13,48760475;52,61804014
11447;206429;11;4;4030930;2018;10;17;3;3;5;3;0;0;1;0;0;0;0;0;792843,0797;5825519,914;13,31508827;52,5010065
11448;206430;11;8;8041036;2018;10;15;6;3;5;3;0;0;1;0;0;0;0;0;804809,305;5816762,08;13,48284135;52,41596077
11449;206431;11;3;3030716;2018;10;16;3;3;5;2;0;1;1;0;0;0;0;0;803373,5276;5833513,554;13,47704673;52,56689922
11450;206432;11;1;1044203;2018;10;10;7;3;5;3;0;0;1;0;0;0;0;0;795666,2631;5831544,115;13,36191489;52,55348582
11451;206433;11;1;1022204;2018;10;16;3;3;4;6;0;1;0;0;0;0;0;0;794538,0077;5828226,526;13,34238117;52,52435732
11452;206434;11;3;3040512;2018;10;9;7;3;5;2;0;1;1;0;0;0;0;0;796316,892;5835016,892;13,37458558;52,58426184
11453;206435;11;8;8010301;2018;10;22;6;3;0;3;2;0;1;0;0;0;1;0;800663,1857;5824399,197;13,42893814;52,48670878
11454;206436;11;3;3040508;2018;10;16;3;3;2;6;0;0;1;0;0;0;0;0;796227,2702;5836334,748;13,37444511;52,59612371
11455;206437;11;9;9010402;2018;10;15;3;3;5;2;0;1;1;0;0;0;0;0;806536,8694;5820106,377;13,51122899;52,44496913
11456;206438;11;5;5020522;2018;10;15;3;3;5;2;0;1;1;0;0;0;0;0;781907,1438;5827188,424;13,15582835;52,52172726
11457;206439;11;8;8020622;2018;10;9;7;3;5;2;0;1;1;0;0;0;0;0;801265,8958;5819701,045;13,43354626;52,44426563
11458;206440;11;6;6030501;2018;10;15;3;3;2;7;0;0;1;0;0;0;1;1;787596,6657;5817006,031;13,23067565;52,42746422
11459;206441;11;8;8010509;2018;10;20;6;3;6;2;2;0;1;1;0;0;0;0;803392,2325;5822546,307;13,46732067;52,46859193
11460;206442;11;11;11040926;2018;10;7;7;2;8;1;2;0;1;0;0;0;0;0;804580,0659;5826365,086;13,48824222;52,50215738
11461;206443;11;7;7040401;2018;10;8;3;3;5;3;0;1;1;0;0;0;0;0;796646,4868;5823486,308;13,36914569;52,48072287
11462;206444;11;2;2050803;2018;10;2;7;3;5;2;2;0;1;0;0;0;0;0;803011,9861;5825738,928;13,46464199;52,4974182
11463;206445;11;1;1011401;2018;10;20;6;3;0;6;2;1;1;0;0;0;0;0;797954,4549;5828951,475;13,39323956;52,52899932
11464;206446;11;1;1033101;2018;10;14;7;2;6;4;0;0;1;1;0;0;0;0;796887,2807;5832435,389;13,38066846;52,56081085
11465;206447;11;1;1033203;2018;10;8;3;3;2;6;0;1;1;0;0;0;0;0;796365,121;5830774,065;13,37150517;52,54620333
11466;206448;11;7;7010104;2018;10;14;6;3;6;2;0;0;1;1;0;0;0;0;796037,2548;5825376,037;13,36187966;52,4979933
11467;206449;11;11;11010205;2018;10;18;6;3;5;3;1;1;1;0;0;0;0;0;806518,378;5833546,261;13,52333077;52,56543087
11468;206450;11;2;2050801;2018;10;8;3;3;5;2;0;1;1;0;0;0;0;0;803199,1451;5826826,389;13,46838066;52,507061
11469;206451;11;2;2020202;2018;10;15;6;3;5;3;0;1;1;0;0;0;0;0;797278,9303;5825035,985;13,37981336;52,49427016
11470;206452;11;6;6030610;2018;10;14;6;2;6;4;0;0;1;1;0;0;0;0;792424,7711;5818414,077;13,30271512;52,43752813
11471;206453;11;4;4030930;2018;10;17;6;3;1;5;1;1;0;0;0;0;1;0;792811,7525;5825892,352;13,3149556;52,5043621
11472;206454;11;1;1011204;2018;10;8;3;3;3;6;0;1;0;0;0;0;0;0;798364,4366;5827461,045;13,39792826;52,51541538
11473;206455;11;9;9051901;2018;10;15;6;3;6;7;0;0;0;1;0;0;1;0;810890,2152;5821467,753;13,57634284;52,4547116
11474;206456;11;5;5030833;2018;10;14;6;2;3;6;0;1;1;0;0;0;0;0;787917,0835;5829315,161;13,24600622;52,53765422
11475;206457;11;4;4030621;2018;10;14;6;3;5;2;0;0;1;0;1;0;0;0;793110,3791;5827725,691;13,32095742;52,52063692
11476;206458;11;1;1044101;2018;10;7;3;3;4;6;0;1;0;0;0;0;0;0;793461,7057;5830047,427;13,32817015;52,54126114
11477;206459;11;4;4030416;2018;10;14;6;3;6;4;0;0;1;1;0;0;0;0;790833,0725;5827239,315;13,28706326;52,51749596
11478;206460;11;4;4020312;2018;10;13;6;3;2;6;0;0;1;0;0;0;0;0;789087,7635;5827032,279;13,26123395;52,51656781
11479;206461;11;3;3061429;2018;10;7;3;2;5;2;0;1;1;0;0;0;0;0;801052,7822;5830464,211;13,44014532;52,54085601
11480;206462;11;4;4010102;2018;10;13;6;3;5;3;0;0;1;0;0;0;0;0;793340,051;5829725,083;13,32609688;52,53843701
11481;206463;11;1;1011304;2018;10;18;6;3;5;2;1;1;1;0;0;0;0;0;799985,7863;5827426,315;13,42171872;52,51421475
11482;206464;11;9;9041501;2018;10;13;6;3;5;3;0;1;1;0;0;0;0;0;811636,4822;5820017,531;13,58593701;52,44129056
11483;206465;11;4;4041134;2018;10;16;3;3;2;6;0;0;1;0;0;0;0;0;790753,5251;5824915,114;13,28386421;52,49670184
11484;206466;11;4;4041343;2018;10;13;6;3;0;1;0;1;0;0;0;0;0;0;792728,1953;5823131,436;13,31130239;52,47965608
11485;206467;11;7;7030303;2018;10;14;6;3;0;4;0;0;0;1;0;0;1;0;795048,2749;5821912,659;13,34428816;52,46748196
11486;206468;11;3;3020209;2018;10;6;3;3;2;6;1;0;1;0;0;0;0;0;798463,8056;5834859,404;13,40603753;52,58167669
11487;206469;11;2;2040503;2018;10;18;6;3;1;5;1;1;1;0;0;0;0;0;801768,2873;5827910,924;13,44834608;52,51757507
11488;206470;11;4;4051445;2018;10;12;6;3;5;3;0;0;1;0;1;0;0;0;792522,9697;5824493,841;13,30948482;52,4919797
11489;206471;11;4;4020311;2018;10;13;6;3;2;6;0;0;1;0;1;0;0;0;789282,2574;5826848,33;13,26393228;52,51481553
11490;206472;11;5;5010208;2018;10;16;3;3;2;6;0;0;1;0;1;0;0;0;783806,9793;5830585,071;13,18665541;52,55119652
11491;206473;11;11;11051229;2018;10;12;6;3;6;7;0;0;1;1;0;0;0;0;804608,7887;5825255,357;13,48764927;52,49219528
11492;206474;11;7;7060604;2018;10;13;6;2;0;6;0;0;1;0;1;0;0;0;796620,1228;5815850,604;13,36197915;52,41228944
11493;206475;11;2;2010102;2018;10;12;6;3;2;6;0;0;0;0;1;0;1;0;798329,5364;5825527,742;13,39568296;52,49810492
11494;206476;11;2;2020205;2018;10;16;3;3;5;2;0;1;1;0;0;0;0;0;798400,885;5824560,831;13,39586484;52,48939879
11495;206477;11;1;1044101;2018;10;11;6;3;2;6;0;0;1;0;0;0;0;0;794504,6754;5831576,949;13,34486098;52,55440949
11496;206478;11;4;4030725;2018;10;17;6;3;2;6;1;0;1;0;0;0;0;0;792009,4954;5825952,774;13,30322259;52,50533373
11497;206479;11;5;5010312;2018;10;6;3;3;5;3;2;1;0;0;0;0;1;0;785134,9646;5829611,972;13,20535284;52,54177825
11498;206480;11;1;1022201;2018;10;12;6;3;5;3;0;1;1;0;0;0;0;0;795425,9875;5829544,405;13,35660274;52,53569057
11499;206481;11;1;1022101;2018;10;6;3;3;2;6;2;0;1;0;1;0;0;0;793057,8274;5828948,732;13,32126302;52,53162921
11500;206482;11;11;11010310;2018;10;11;6;3;2;6;0;0;1;0;0;0;0;0;805563,001;5833398,576;13,50914368;52,56464432
11501;206483;11;3;3020307;2018;10;17;6;3;2;6;0;0;1;0;0;0;0;0;799960,6229;5838382,137;13,43125346;52,61242844
11502;206484;11;6;6020304;2018;10;15;3;3;3;5;0;1;1;0;0;0;0;0;794790,5707;5817216,539;13,33636171;52,42552275
11503;206485;11;1;1011303;2018;10;11;6;3;1;5;0;1;1;0;0;0;0;0;798825,7419;5827715,636;13,40493479;52,51744488
11504;206486;11;3;3061332;2018;10;12;6;3;0;4;0;0;0;1;1;0;0;0;799277,2024;5830734,342;13,41428586;52,54425541
11505;206487;11;4;4030623;2018;10;15;3;3;5;2;0;1;0;0;0;0;1;0;793788,6425;5826945,596;13,33023635;52,51327877
11506;206488;11;1;1011303;2018;10;17;6;3;2;6;1;1;1;0;0;0;0;0;799525,4024;5828770,044;13,41616464;52,52651221
11507;206489;11;11;11020412;2018;10;10;6;2;6;4;0;0;1;1;0;0;0;0;805120,0878;5831405,695;13,50079786;52,54703182
11508;206490;11;1;1011402;2018;10;23;6;2;0;1;2;1;0;0;0;0;0;0;798547,2302;5829193,636;13,40216929;52,53084565
11509;206491;11;2;2050802;2018;10;15;3;3;5;3;0;1;1;0;0;0;0;0;801989,5206;5826924,827;13,45070174;52,50861419
11510;206492;11;4;4030827;2018;10;10;6;3;2;7;0;1;1;0;0;0;0;0;792052,7284;5826110,545;13,30399615;52,50672498
11511;206493;11;1;1011305;2018;10;7;6;3;2;6;0;0;1;0;1;0;0;0;799106,269;5827117,184;13,40851875;52,51192685
11512;206494;11;11;11041128;2018;10;10;6;3;5;3;0;1;1;0;0;0;0;0;806543,9522;5825400,29;13,5161965;52,49241096
11513;206495;11;3;3040513;2018;10;15;3;3;1;5;0;1;1;0;0;0;0;0;796814,8083;5834531,432;13,38147831;52,57963887
11514;206496;11;4;4030931;2018;10;9;6;3;6;2;0;0;1;1;0;0;0;0;793835,0778;5825868,567;13,32996791;52,50359874
11515;206497;11;2;2020204;2018;10;8;6;3;5;3;0;0;1;0;1;0;0;1;798849,3928;5825253,315;13,40307193;52,49536064
11516;206498;11;3;3040614;2018;10;15;3;3;5;3;0;1;1;0;0;0;0;0;799023,1201;5835063,674;13,41445202;52,58320055
11517;206499;11;6;6030501;2018;10;15;3;3;5;3;0;0;1;0;1;0;0;1;787531,1498;5817374,813;13,23003182;52,43080508
11518;206500;11;2;2020202;2018;10;8;6;3;5;2;0;1;1;0;0;0;0;0;797913,354;5825279,649;13,38934847;52,49610841
11519;206501;11;6;6010209;2018;10;14;3;3;5;3;0;1;0;0;0;0;0;0;794635,9108;5821304,41;13,33769841;52,46225187
11520;206502;11;7;7070703;2018;10;9;6;2;6;4;0;0;1;1;0;0;0;0;799487,823;5813168,241;13,40161802;52,386684
11521;206503;11;2;2030302;2018;10;9;6;3;6;4;0;0;0;1;0;0;1;0;800735,8267;5826521,678;13,43192087;52,50569321
11522;206504;11;8;8020621;2018;10;15;3;3;2;2;0;0;1;0;0;0;0;0;800004,7766;5819105,823;13,41451273;52,43962368
11523;206505;11;4;4030726;2018;10;10;6;2;2;6;0;0;1;0;0;0;0;0;792211,7217;5825349,586;13,30566423;52,499818
11524;206506;11;2;2040703;2018;10;8;6;3;5;2;0;1;0;0;0;0;1;0;801515,1649;5826373,923;13,44323464;52,50393874
11525;206507;11;12;12103219;2018;10;13;3;3;5;3;0;0;1;0;1;0;0;0;795715,3675;5832848,194;13,36379903;52,56514895
11526;206508;11;1;1011201;2018;10;17;6;3;3;6;1;1;0;0;0;0;0;0;796978,0171;5827308,57;13,37742114;52,5148053
11527;206509;11;8;8041037;2018;10;13;3;2;5;3;0;0;1;0;0;1;0;0;806913,6193;5817772,683;13,51461257;52,42384239
11528;206510;11;3;3020210;2018;10;10;6;3;6;4;0;0;1;1;0;0;0;0;798574,1531;5835229,051;13,4079943;52,58492946
11529;206511;11;3;3040614;2018;10;8;6;3;5;7;0;0;1;0;1;0;0;0;799375,5971;5833898,442;13,41858653;52,57256237
11530;206512;11;5;5030730;2018;10;12;3;3;2;6;0;0;1;0;0;1;0;0;786755,849;5829291,519;13,22891152;52,53805456
11531;206513;11;12;12302107;2018;10;7;6;3;5;2;0;0;1;0;0;0;0;0;793852,137;5836158,832;13,3393248;52,59583536
11532;206514;11;6;6020306;2018;10;10;6;3;5;3;0;0;1;0;0;0;0;0;796789,7772;5817859,584;13,36624823;52,4302064
11533;206515;11;3;3061131;2018;10;22;6;3;5;3;2;1;1;0;0;0;0;0;799177,8784;5830743,487;13,4128338;52,54439193
11534;206516;11;6;6020304;2018;10;11;3;3;2;6;0;0;1;0;0;0;1;0;795087,3059;5818165,561;13,3415505;52,4338703
11535;206517;11;3;3050919;2018;10;22;6;3;5;3;2;0;1;0;1;0;0;0;801978,6992;5832657,886;13,45575158;52,56000545
11536;206518;11;1;1011402;2018;10;11;6;2;5;3;0;1;1;0;0;0;0;0;798672,4801;5829459,768;13,40424933;52,53316253
11537;206519;11;8;8041036;2018;10;10;3;3;5;3;0;0;0;0;1;0;1;0;804809,6952;5816248,044;13,48237899;52,41135336
11538;206520;11;4;4051549;2018;10;10;3;3;5;2;0;1;1;0;0;0;0;0;793300,6962;5823601,707;13,3201219;52,48356472
11539;206521;11;1;1044201;2018;10;11;6;3;2;6;0;0;1;0;0;0;0;0;796657,3704;5831704,447;13,37663351;52,5543841
11540;206522;11;8;8010214;2018;10;9;3;3;5;3;0;1;1;0;0;0;0;0;801377,0866;5821950,686;13,43720755;52,46436857
11541;206523;11;3;3040818;2018;10;21;6;3;5;3;2;1;1;0;0;0;0;0;800056,0937;5832600,54;13,4274237;52,56055426
11542;206524;11;8;8010301;2018;10;11;6;3;0;4;0;0;0;1;0;0;1;0;801460,309;5823877,57;13,44017024;52,48159378
11543;206525;11;2;2010103;2018;10;9;3;3;5;2;0;1;1;0;0;0;0;0;799218,123;5825991,973;13,40915071;52,50177963
11544;206526;11;2;2020205;2018;10;11;6;3;5;2;0;1;0;0;0;0;1;0;798153,658;5824670,305;13,39233242;52,49051517
11545;206527;11;12;12103116;2018;10;20;6;2;2;6;2;1;1;0;0;0;0;0;796509,7691;5833559,626;13,37612065;52,57109407
11546;206528;11;6;6030610;2018;10;9;3;3;5;3;0;1;1;0;0;0;0;0;792108,6411;5818553,323;13,29819952;52,43894541
11547;206529;11;8;8010301;2018;10;20;6;3;1;5;2;1;1;0;0;0;0;0;801504,3162;5823956,042;13,44088727;52,48227285
11548;206530;11;1;1011202;2018;10;7;6;3;2;2;0;0;1;0;0;0;0;0;797190,572;5827518,22;13,38073148;52,5165688
11549;206531;11;11;11030619;2018;10;7;6;3;5;3;0;0;1;0;0;0;0;0;804243,5855;5828780,426;13,48550856;52,52399287
11550;206532;11;9;9051702;2018;10;8;3;3;0;7;0;0;1;0;0;0;0;0;814341,025;5823283,533;13,62867008;52,46900924
11551;206533;11;12;12103218;2018;10;7;6;2;0;2;0;1;1;0;0;0;0;0;794465,0356;5832953,978;13,34549991;52,56677494
11552;206534;11;1;1022103;2018;10;7;6;3;5;2;0;1;1;0;0;0;0;0;793370,6254;5829575,967;13,32641473;52,53708379
11553;206535;11;10;10010308;2018;10;6;6;2;6;4;1;0;0;1;0;0;1;0;807142,3048;5828098,956;13,52747129;52,5162604
11554;206536;11;1;1011306;2018;10;7;6;3;5;2;0;1;1;0;0;0;0;0;799809,9172;5826990,812;13,41874249;52,51040784
11555;206537;11;1;1011304;2018;10;15;6;3;5;2;0;1;1;0;0;0;0;0;799987,8942;5827425,315;13,42174878;52,51420462
11556;206538;11;11;11051229;2018;10;6;6;3;6;4;2;0;0;1;0;1;0;0;803796,649;5826187,428;13,47657418;52,50100179
11557;206539;11;4;4030931;2018;10;9;3;3;6;7;0;0;1;1;0;0;0;0;793815,3796;5825860,216;13,32967117;52,50353448
11558;206540;11;12;12214527;2018;10;6;6;2;0;3;2;0;1;0;1;0;0;0;789960,9476;5835548,809;13,28150504;52,59245531
11559;206541;11;3;3030715;2018;10;8;3;3;5;3;0;0;1;0;1;0;0;0;801049,4676;5833851,561;13,44316865;52,57121895
11560;206542;11;12;12231102;2018;10;16;6;2;5;3;0;0;1;0;1;0;0;0;791121,1998;5841060,438;13,303436;52,64124546
11561;206543;11;3;3050923;2018;10;6;6;3;5;3;2;0;1;0;0;0;1;0;800196,1818;5832136,863;13,42906464;52,55632101
11562;206544;11;2;2030302;2018;10;13;3;3;0;3;0;0;1;0;1;0;0;0;800671,4714;5825819,593;13,43034161;52,49943568
11563;206545;11;1;1011302;2018;10;3;6;3;0;1;2;1;0;0;0;0;0;0;797942,088;5828446,556;13,39260537;52,52448013
11564;206546;11;8;8010214;2018;10;6;6;3;2;1;1;0;1;0;1;0;0;0;801143,8548;5822050,321;13,43387473;52,46539022
11565;206547;11;7;7060604;2018;10;8;3;3;6;2;0;0;1;1;0;0;0;0;795802,5037;5816035,159;13,35015632;52,41438628
11566;206548;11;4;4020311;2018;10;16;6;3;2;6;0;0;1;0;0;0;0;0;788946,7853;5827096,978;13,25921832;52,51722257
11567;206549;11;1;1033201;2018;10;0;6;3;5;3;2;0;1;0;0;0;0;0;797816,5446;5830448,52;13,39255415;52,54249376
11568;206550;11;4;4051447;2018;10;11;2;3;5;2;0;1;1;0;0;0;0;0;793195,2775;5824562,658;13,31941936;52,49223593
11569;206551;11;2;2030301;2018;10;17;6;3;5;3;0;1;0;0;0;0;1;0;799944,2915;5826093,01;13,41990768;52,5022866
11570;206552;11;12;12214422;2018;10;10;6;3;5;2;0;0;1;0;0;0;1;0;792249,8865;5833859,801;13,31370971;52,57608899
11571;206553;11;3;3040818;2018;10;18;2;3;5;3;0;1;1;0;0;0;0;0;799599,6033;5832922,632;13,42100066;52,56369263
11572;206554;11;7;7030301;2018;10;15;5;3;5;2;0;1;1;0;0;0;0;0;794400,726;5822306,666;13,335131;52,47136336
11573;206555;11;1;1044101;2018;10;17;6;3;5;2;0;0;1;0;0;0;0;0;794145,7648;5831106,786;13,3391659;52,55038876
11574;206556;11;1;1044203;2018;10;10;5;3;7;7;0;1;0;0;0;0;0;0;795710,733;5831115,594;13,36218723;52,5496204
11575;206557;11;7;7060601;2018;10;17;2;3;5;2;0;0;1;0;1;0;0;0;796603,2479;5816062,619;13,36191964;52,41419915
11576;206558;11;12;12224230;2018;10;19;6;3;5;2;2;0;1;0;1;0;0;0;786986,5246;5838301,077;13,24010333;52,61870822
11577;206559;11;12;12103218;2018;10;7;5;1;5;7;1;0;1;0;1;0;0;0;793648,5272;5832591,433;13,33316708;52,563966
11578;206560;11;4;4030417;2018;10;17;2;3;5;2;0;1;1;0;0;0;0;0;791430,9926;5827346,568;13,29594404;52,51813827
11579;206561;11;11;11020514;2018;10;14;5;3;5;3;0;1;1;0;0;0;0;0;804207,1272;5830666,157;13,48669857;52,54091422
11580;206562;11;11;11030720;2018;10;19;6;3;2;6;2;0;1;0;0;0;0;0;806245,0587;5830179,264;13,5162058;52,53540913
11581;206563;11;4;4030518;2018;10;14;5;3;2;6;0;0;1;0;0;0;0;0;791743,7727;5827867,444;13,30099743;52,52264059
11582;206564;11;3;3061228;2018;10;16;2;3;5;2;0;0;1;0;0;0;1;0;800181,9971;5830937,829;13,42777206;52,54558158
11583;206565;11;1;1011202;2018;10;19;6;3;6;4;2;1;0;1;0;0;0;0;797739,8647;5827582,854;13,38886037;52,51684857
11584;206566;11;4;4020207;2018;10;14;5;3;5;7;0;0;1;0;0;0;1;0;788408,8648;5826895,796;13,25113845;52,51570364
11585;206567;11;4;4020313;2018;10;19;6;3;5;2;2;1;1;0;0;0;0;0;790472,2378;5826691,257;13,28128202;52,5127749