;OBJECTID;LAND;BEZ;LOR;UJAHR;UMONAT;USTUNDE;UWOCHENTAG;UKATEGORIE;UART;UTYP1;ULICHTVERH;IstRad;IstPKW;IstFuss;IstKrad;IstGkfz;IstSonstige;USTRZUSTAND;LINREFX;LINREFY;XGCSWGS84;YGCSWGS84
11586;206568;11;4;4051549;2018;10;17;2;2;5;7;0;0;1;0;1;0;0;0;793309,578;5823625,383;13,32027315;52,48377219
11587;206569;11;1;1011104;2018;10;20;6;3;1;5;2;1;1;0;0;0;0;0;796639,7242;5825755,957;13,37106694;52,50107177
11588;206570;11;1;1011303;2018;10;14;5;3;6;7;0;1;0;1;0;0;0;0;799537,6075;5827576,095;13,41526883;52,5158036
11589;206571;11;11;11020515;2018;10;17;2;3;5;3;0;1;0;0;0;0;0;0;803604,152;5830121,409;13,47733721;52,5363681
11590;206572;11;10;10040830;2018;10;12;5;3;2;6;0;0;1;0;1;0;0;0;810443,3335;5824695,304;13,57279042;52,48388964
11591;206573;11;5;5030832;2018;10;16;2;3;5;2;0;0;1;0;1;0;0;0;787991,1766;5830648,2;13,24825138;52,54956631
11592;206574;11;5;5020523;2018;10;11;5;3;6;2;0;0;1;1;0;0;0;0;782468,9211;5827199,134;13,16409533;52,52153255
11593;206575;11;7;7050506;2018;10;18;6;3;1;7;0;0;1;0;0;0;0;0;798736,3922;5816734,248;13,39378992;52,41905958
11594;206576;11;3;3030715;2018;10;11;5;3;5;3;0;1;0;0;0;0;1;0;800209,4788;5833828,128;13,43079046;52,57147284
11595;206577;11;3;3061227;2018;10;16;2;3;5;3;0;1;1;0;0;0;0;0;800109,9659;5831695,941;13,42739815;52,55241643
11596;206578;11;6;6020408;2018;10;2;6;3;8;1;2;0;1;0;0;0;0;0;792767,9661;5816368,532;13,30595869;52,41900644
11597;206579;11;11;11030721;2018;10;11;5;3;5;3;0;0;1;1;0;0;0;0;804299,2566;5828218,539;13,48581256;52,51892584
11598;206580;11;2;2020204;2018;10;15;6;3;5;3;0;0;1;0;1;0;0;0;798478,1499;5825217,511;13,39758769;52,49524284
11599;206581;11;11;11020412;2018;10;15;2;3;5;3;0;1;1;0;0;0;0;0;805063,0911;5831515,686;13,50006095;52,54804952
11600;206582;11;4;4030621;2018;10;15;6;3;6;4;0;0;0;1;0;0;1;0;793157,301;5827768,891;13,32168507;52,52099897
11601;206583;11;7;7050503;2018;10;10;5;3;5;7;0;0;1;0;1;0;0;0;797978,6577;5820456,421;13,38599854;52,45283805
11602;206584;11;8;8010405;2018;10;16;2;3;6;4;0;0;1;1;0;0;0;0;802177,8428;5823484,718;13,4503481;52,47767604
11603;206585;11;4;4030519;2018;10;15;2;3;1;5;0;0;1;0;1;0;0;0;791781,1996;5827813,785;13,30150043;52,52213952
11604;206586;11;5;5020625;2018;10;15;6;3;2;6;0;0;1;0;0;0;1;0;784761,8826;5828578,512;13,19898082;52,53270739
11605;206587;11;1;1011302;2018;10;15;2;3;2;2;0;0;1;0;0;0;0;0;797910,5799;5828341,974;13,39204864;52,5235599
11606;206588;11;12;12301203;2018;10;15;6;3;2;6;0;0;1;0;0;0;0;0;793584,7828;5835212,708;13,33455049;52,58749841
11607;206589;11;4;4020313;2018;10;21;5;2;5;3;2;0;1;0;0;0;0;1;790447,7035;5825970,073;13,28029217;52,5063225
11608;206590;11;12;12231102;2018;10;15;2;3;5;3;0;1;1;0;0;0;0;0;789539,073;5840175,329;13,27934394;52,63415661
11609;206591;11;1;1011402;2018;10;15;2;3;2;6;0;0;1;0;0;0;0;0;798090,3728;5829972,391;13,3961528;52,53807617
11610;206592;11;1;1011204;2018;10;19;5;3;2;6;2;1;0;0;0;0;0;0;797971,1192;5826967,636;13,39170743;52,51120761
11611;206593;11;2;2040503;2018;10;15;2;3;5;3;0;1;1;0;0;0;0;0;801331,4426;5828692,123;13,44263533;52,5248186
11612;206594;11;1;1033102;2018;10;15;6;3;2;6;0;1;1;0;0;0;0;0;797812,4009;5831834,497;13,39373617;52,55491948
11613;206595;11;5;5030731;2018;10;9;5;3;5;2;0;1;1;0;0;0;0;0;787211,9774;5829407,472;13,23571851;52,53885392
11614;206596;11;2;2050802;2018;10;22;2;3;6;4;2;0;0;1;1;0;0;0;802290,8949;5826855,873;13,45506617;52,50782925
11615;206597;11;4;4030417;2018;10;19;5;3;0;3;2;1;1;0;0;0;0;1;791547,5298;5826647,276;13,29704392;52,51180692
11616;206598;11;11;11030619;2018;10;15;6;3;2;6;0;0;1;0;0;0;0;0;803524,4493;5829744,054;13,4758211;52,53303038
11617;206599;11;9;9010401;2018;10;21;2;2;5;7;2;0;1;0;1;0;0;0;804847,9083;5821590,904;13,48781097;52,45921869
11618;206600;11;1;1011103;2018;10;14;6;3;5;2;0;1;0;0;0;1;0;0;795271,403;5826033,423;13,35121371;52,50430118
11619;206601;11;11;11041128;2018;10;19;5;3;0;6;1;0;1;0;1;0;0;1;805525,3303;5826000,524;13,50179041;52,49836159
11620;206602;11;9;9010402;2018;10;15;5;3;0;3;0;0;1;0;1;0;0;0;806802,7461;5818373,965;13,51353866;52,42929349
11621;206603;11;1;1011104;2018;10;16;2;3;5;3;0;1;1;0;0;0;0;0;796349,339;5826136,498;13,36714022;52,50464075
11622;206604;11;3;3061126;2018;10;17;5;3;5;2;0;1;1;0;0;0;0;0;799243,0387;5831771,474;13,41471814;52,55357042
11623;206605;11;2;11051229;2018;10;17;5;3;5;3;1;1;1;0;0;0;0;0;803275,5916;5826013,872;13,46876353;52,49973606
11624;206606;11;2;2010101;2018;10;20;2;3;2;6;2;0;1;0;0;0;0;0;797805,0973;5825933,392;13,38834309;52,50202753
11625;206607;11;7;7040403;2018;10;18;2;3;5;3;1;0;1;0;1;0;0;0;797267,2134;5820722,938;13,37579713;52,45561448
11626;206608;11;4;4030827;2018;10;9;5;2;6;7;0;0;1;1;0;0;0;0;792148,5493;5826465,135;13,30571515;52,5098525
11627;206609;11;12;12103115;2018;10;18;2;3;5;2;1;0;1;0;0;0;1;0;795484,1022;5833417,853;13,36090451;52,57038097
11628;206610;11;6;6020303;2018;10;8;5;3;5;2;0;1;0;0;0;0;1;0;795717,7622;5818894,8;13,35144239;52,44006698
11629;206611;11;1;1011301;2018;10;17;5;3;5;2;0;1;1;0;0;0;0;0;797044,307;5829327,61;13,38019851;52,53286764
11630;206612;11;7;7030301;2018;10;19;2;2;5;2;2;0;1;0;1;0;0;0;794243,7467;5822031,111;13,33258359;52,46897771
11631;206613;11;2;2020201;2018;10;16;5;3;1;5;0;1;1;0;0;0;0;0;797044,5517;5825644,276;13,37691367;52,49985045
11632;206614;11;5;5010208;2018;10;21;5;2;1;7;2;1;1;0;0;0;0;0;783628,6324;5829954,936;13,18349389;52,54563955
11633;206615;11;9;9020802;2018;10;16;5;3;5;2;0;1;1;0;0;0;0;0;810076,2927;5820412,718;13,56342375;52,44571895
11634;206616;11;2;2010104;2018;10;16;2;2;6;4;0;1;0;1;0;0;0;0;799815,838;5825702,171;13,41766907;52,49885393
11635;206617;11;12;12214125;2018;10;21;5;3;3;6;2;0;1;0;0;0;1;0;791052,3691;5831117,547;13,29368235;52,55214694
11636;206618;11;8;8010509;2018;10;16;5;3;5;3;0;0;1;0;0;0;0;0;803380,1531;5822533,238;13,46713151;52,4684815
11637;206619;11;2;2020203;2018;10;17;2;2;6;4;1;0;1;1;0;0;0;0;797585,4004;5824990,898;13,38427396;52,493699
11638;206620;11;7;7020201;2018;10;9;5;2;5;2;0;0;1;0;0;0;1;0;794954,5276;5824455,03;13,34516103;52,49032334
11639;206621;11;3;3030405;2018;10;20;5;3;5;2;2;1;1;0;0;0;0;0;803700,4925;5839174,098;13,4870457;52,61744958
11640;206622;11;10;10040830;2018;10;15;2;3;5;3;0;1;1;0;0;0;0;0;810608,3762;5825513,806;13,57597583;52,49113082
11641;206623;11;2;2010101;2018;10;19;5;3;6;4;2;0;1;1;0;0;0;0;797013,1783;5826421,938;13,37714653;52,50683845
11642;206624;11;11;11051332;2018;10;16;5;3;5;3;0;1;1;0;0;0;0;0;806277,4956;5824486,815;13,51144465;52,48437366
11643;206625;11;8;8020728;2018;10;19;5;3;4;6;2;0;1;0;0;0;1;0;802359,5641;5816800,902;13,44696626;52,41766745
11644;206626;11;6;6010205;2018;10;8;2;2;6;4;0;0;1;1;0;0;0;0;796258,5402;5819717,319;13,36010413;52,44714755
11645;206627;11;12;12214527;2018;10;19;5;3;6;7;2;0;1;1;0;0;0;0;790390,3497;5835066,479;13,28740339;52,58790218
11646;206628;11;6;6020302;2018;10;16;5;3;2;6;0;0;1;0;0;0;0;0;794265,4693;5819361,545;13,33054958;52,44503455
11647;206629;11;7;7020201;2018;10;10;2;3;5;3;0;1;1;0;0;0;0;0;794719,1642;5824653,56;13,34188016;52,49223016
11648;206630;11;1;1011102;2018;10;8;5;3;5;3;0;0;1;0;0;0;0;0;796514,6328;5827612,213;13,37088312;52,51777927
11649;206631;11;1;1044101;2018;10;18;5;3;2;6;0;0;1;0;0;0;0;0;793689,0912;5832266,253;13,33347598;52,56102908
11650;206632;11;1;1044101;2018;11;14;5;3;2;2;0;0;1;0;0;0;0;0;794144,0781;5831099,207;13,33913438;52,55032173
11651;206633;11;7;7040405;2018;10;5;1;3;9;1;2;0;1;0;0;0;0;0;798303,9394;5820998,193;13,39125515;52,457517
11652;206634;11;1;1033203;2018;11;13;5;3;1;5;0;1;1;0;0;0;0;0;796100,691;5830605,446;13,36746672;52,54483561
11653;206635;11;3;3061126;2018;10;1;1;2;9;1;2;0;1;0;0;0;0;0;798310,2993;5831834,961;13,40105873;52,55465116
11654;206636;11;3;3071536;2018;11;11;5;3;5;3;0;0;1;0;1;0;0;0;798965,2546;5829171,384;13,40829336;52,53041708
11655;206637;11;12;12214424;2018;10;20;7;3;5;2;1;0;1;0;0;0;0;0;793281,5003;5832583,999;13,32776136;52,56409719
11656;206638;11;10;10040933;2018;10;8;7;3;5;3;0;1;1;0;0;0;0;0;811993,1175;5826861,509;13,59756729;52,50241831
11657;206639;11;7;7040405;2018;11;11;5;3;0;3;0;0;1;0;1;0;0;0;798192,5242;5821908,905;13,39043386;52,46574129
11658;206640;11;3;3040513;2018;10;14;7;3;5;3;0;0;1;0;0;0;0;0;797405,349;5833975,287;13,38966898;52,57433133
11659;206641;11;1;1033102;2018;11;10;5;2;6;4;0;0;0;1;0;0;1;0;797634,4497;5831852,939;13,39113571;52,55518206
11660;206642;11;12;12231102;2018;10;1;7;2;9;1;2;0;1;0;0;0;0;1;790264,6168;5840640,799;13,29044366;52,63794213
11661;206643;11;8;8010302;2018;11;10;5;2;6;4;0;0;1;1;0;0;0;0;801803,1353;5824377,197;13,44565551;52,48588265
11662;206644;11;8;8010303;2018;10;14;7;3;1;5;0;1;1;0;0;0;0;0;801344,5018;5823843,745;13,43843952;52,48135452
11663;206645;11;4;4041135;2018;11;9;5;2;6;4;0;0;1;1;0;0;0;0;790547,609;5822546,406;13,27877462;52,47557575
11664;206646;11;2;2050601;2018;10;13;7;3;5;3;0;0;1;0;1;0;0;0;801763,1946;5828661,228;13,44895193;52,5243029
11665;206647;11;9;9020701;2018;11;9;5;2;3;6;0;0;1;0;0;1;1;0;807807,9607;5818114,321;13,52803791;52,42640191
11666;206648;11;12;12214422;2018;10;12;7;2;5;2;0;0;1;0;1;0;0;0;792251,0087;5833862,916;13,31372897;52,57611631
11667;206649;11;4;4041342;2018;11;9;5;2;1;5;0;1;1;0;0;0;0;0;792544,0793;5822709,013;13,30822847;52,4759678
11668;206650;11;10;10040933;2018;10;11;7;2;1;5;0;1;1;0;0;0;0;0;811469,9264;5824470,296;13,58764923;52,48128866
11669;206651;11;12;12214527;2018;10;8;7;3;5;3;0;0;1;0;0;0;0;0;789985,7018;5834781,796;13,28119805;52,58556588
11670;206652;11;1;1011302;2018;11;9;5;3;5;2;0;1;1;0;0;0;0;0;797750,4382;5828572,567;13,38990169;52,52571436
11671;206653;11;10;10030727;2018;10;15;7;3;2;1;0;0;1;0;0;0;0;0;809551,9095;5826735,457;13,56160055;52,50267897
11672;206654;11;6;6040810;2018;11;9;5;3;2;6;0;0;1;0;0;0;0;0;792691,3881;5821726,508;13,30952913;52,46708093
11673;206655;11;2;2010102;2018;10;15;7;3;2;6;0;0;1;0;0;0;1;0;797938,8726;5826466,259;13,3907849;52,506731
11674;206656;11;1;1011204;2018;11;8;5;3;3;6;0;1;1;0;0;0;0;0;797840,8765;5826947,969;13,38977634;52,51110245
11675;206657;11;4;4030725;2018;11;8;5;3;1;5;0;1;0;0;0;1;0;0;791382,0437;5826276,488;13,29428769;52,50857127
11676;206658;11;5;5030731;2018;10;15;7;3;0;1;0;0;0;0;1;0;0;0;787611,5694;5829398,889;13,24158661;52,53856621
11677;206659;11;12;12231101;2018;11;0;5;3;8;1;2;0;0;0;1;0;0;0;790393,7168;5839342,4;13,29120506;52,62623327
11678;206660;11;7;7010102;2018;10;0;7;3;2;6;2;0;1;0;1;0;0;0;794908,8724;5825595,202;13,34549994;52,50056889
11679;206661;11;10;10020622;2018;10;15;4;3;5;2;0;0;1;0;0;0;0;0;811313,1145;5828506,974;13,58912058;52,51755224
11680;206662;11;1;1011303;2018;10;23;6;2;5;2;2;0;1;0;0;0;0;0;799471,7008;5828817,807;13,41541844;52,52696983
11681;206663;11;4;4051448;2018;10;17;4;3;6;4;1;1;0;1;0;0;0;0;793479,5382;5825116,239;13,32408189;52,49704579
11682;206664;11;5;5010314;2018;10;18;6;2;5;2;2;0;0;0;1;0;0;0;784597,276;5829204,828;13,19709705;52,53840892
11683;206665;11;1;1011301;2018;11;10;3;3;6;2;0;0;1;1;0;0;0;0;797248,0625;5829089,914;13,38298097;52,53062589
11684;206666;11;1;1011303;2018;10;16;4;3;5;3;1;1;0;0;0;0;0;0;799147,7273;5827820,221;13,40975989;52,51820582
11685;206667;11;1;1022105;2018;11;11;3;3;1;1;0;0;1;0;0;0;0;0;794026,2767;5828317,934;13,33494101;52,52545294
11686;206668;11;1;1011301;2018;10;19;4;3;1;5;2;1;1;0;0;0;1;0;797121,8224;5829237,189;13,38125709;52,53201487
11687;206669;11;11;11030618;2018;11;12;3;3;2;6;0;0;1;0;0;0;0;0;802934,1507;5829121,616;13,46657807;52,52777997
11688;206670;11;11;11010205;2018;10;18;6;3;6;2;1;0;1;1;0;0;0;0;806306,4989;5833875,429;13,52051856;52,56850016
11689;206671;11;1;1011303;2018;11;12;3;3;5;2;0;1;0;0;0;0;1;0;798763,4184;5828040,039;13,40431038;52,52038685
11690;206672;11;7;7060604;2018;10;18;4;3;6;4;2;0;0;1;1;0;0;0;796570,6232;5815868,793;13,36126963;52,41247932
11691;206673;11;6;6030609;2018;11;7;3;3;1;5;0;1;1;0;0;0;0;0;792609,1678;5818400,564;13,30540817;52,43730836
11692;206674;11;1;1011302;2018;10;17;6;3;0;3;1;1;1;0;0;0;0;0;797998,441;5828669,023;13,3936329;52,52644346
11693;206675;11;12;12214424;2018;10;18;4;3;1;7;2;0;1;0;0;0;0;0;793320,9622;5832656,549;13,32840601;52,5647263
11694;206676;11;1;1011201;2018;10;16;4;3;0;1;1;1;0;0;0;0;0;0;797375,2293;5826487,871;13,3825241;52,50723224
11695;206677;11;6;6040810;2018;10;16;6;3;3;6;1;0;1;0;0;0;0;0;792674,1921;5821703,81;13,30925681;52,46688665
11696;206678;11;5;5010208;2018;10;16;4;3;5;3;0;0;1;0;0;0;1;0;783704,9957;5830371,535;13,18497288;52,54933506
11697;206679;11;9;9051702;2018;11;8;3;3;5;2;0;1;0;0;0;0;1;0;814778,1129;5820870,978;13,63280888;52,44713907
11698;206680;11;3;3051017;2018;10;15;4;3;5;3;1;0;1;0;0;0;1;0;803400,366;5833106,531;13,47706927;52,56323627
11699;206681;11;11;11030720;2018;10;15;6;3;3;6;0;0;1;0;0;0;0;0;806168,1285;5830150,939;13,51504905;52,53519849
11700;206682;11;4;4030620;2018;11;13;3;3;0;1;0;0;0;0;1;0;0;0;792630,5533;5827088,437;13,31334522;52,51518185
11701;206683;11;11;11051229;2018;10;15;4;3;5;2;0;0;1;0;0;0;1;0;804080,173;5825986,521;13,48055472;52,49904321
11702;206684;11;4;4041240;2018;11;17;3;3;5;3;2;1;1;0;0;0;0;0;790741,892;5822658,91;13,28172515;52,47648098
11703;206685;11;4;4030828;2018;10;15;6;3;2;6;0;0;1;0;0;0;0;0;793044,8461;5826099,849;13,31856257;52,50609709
11704;206686;11;1;1044202;2018;11;10;3;2;5;2;0;1;0;0;0;1;0;0;795523,5396;5830731,071;13,35909235;52,54627509
11705;206687;11;11;11020412;2018;10;15;4;3;0;1;0;1;0;0;0;0;0;0;805126,208;5831400,105;13,5008827;52,54697829
11706;206688;11;4;4041137;2018;11;17;3;2;5;2;2;1;1;0;0;0;0;0;791918,952;5823991,346;13,30017341;52,48779826
11707;206689;11;12;12103115;2018;10;14;6;3;5;2;0;1;1;0;0;0;0;1;795333,1295;5833753,831;13,3589826;52,57347463
11708;206690;11;12;12304313;2018;10;14;4;3;2;6;0;0;1;0;0;0;0;0;791669,6021;5834498,605;13,30573291;52,58212698
11709;206691;11;2;7010104;2018;10;12;6;2;5;3;0;1;1;0;0;0;0;1;796890,4772;5824296,907;13,37344989;52,4878565
11710;206692;11;3;3061227;2018;11;9;3;3;6;4;0;0;1;1;0;0;0;0;799565,9887;5831665,209;13,41937133;52,55244041
11711;206693;11;6;6040810;2018;10;10;6;2;6;2;0;0;1;1;0;0;0;0;790176,2744;5819768,894;13,27090772;52,45087208
11712;206694;11;10;10040830;2018;10;10;6;3;5;3;0;0;1;0;0;0;0;0;810504,0402;5824948,756;13,57391761;52,48612644
11713;206695;11;5;5010207;2018;10;14;4;3;5;2;0;0;1;0;0;0;0;0;783699,8798;5830176,597;13,18473109;52,54758989
11714;206696;11;7;7030302;2018;10;14;4;3;6;4;0;0;1;1;0;0;0;0;794508,2492;5822327,151;13,33672747;52,47148903
11715;206697;11;1;1011101;2018;10;8;6;3;5;2;0;1;1;0;0;0;1;0;795275,5407;5826388,874;13,35158975;52,50748529
11716;206698;11;8;8040933;2018;10;14;4;3;5;2;0;1;1;0;0;0;0;0;803570,4486;5818642,805;13,46638836;52,43350616
11717;206699;11;1;1011303;2018;11;9;3;3;1;5;0;1;1;0;0;0;1;0;798752,2116;5828248,523;13,40433296;52,52226175
11718;206700;11;6;6020303;2018;10;7;6;3;1;5;0;1;1;0;0;0;0;0;795471,8197;5818573,911;13,34755102;52,43732333
11719;206701;11;7;7030303;2018;10;12;4;3;2;6;0;0;1;0;0;0;0;0;794662,995;5821785,936;13,33852107;52,46655389
11720;206702;11;4;4020310;2018;10;6;6;3;5;3;2;1;1;0;0;0;0;0;788152,4848;5827846,009;13,24819386;52,52435824
11721;206703;11;7;7040403;2018;11;17;3;3;5;3;2;0;0;0;1;0;1;0;797031,5588;5820706,046;13,37232422;52,45559117
11722;206704;11;1;1022206;2018;10;12;4;2;5;2;0;1;1;0;0;0;0;0;795540,1937;5828196,642;13,35708351;52,52354713
11723;206705;11;2;2020204;2018;11;9;3;3;5;3;0;1;1;0;0;0;0;0;798493,4594;5825222,911;13,39781737;52,49528287
11724;206706;11;6;6040807;2018;10;19;5;3;6;7;2;0;1;1;0;0;0;1;789723,043;5818453,69;13,26311647;52,43932119
11725;206707;11;1;1033102;2018;11;15;3;3;5;3;0;1;1;0;0;0;0;0;797234,5611;5831333,237;13,38478949;52,55074197
11726;206708;11;3;3020209;2018;10;11;4;3;1;5;0;0;1;0;0;0;0;0;797312,5766;5835070,634;13,38928646;52,58420037
11727;206709;11;1;1011305;2018;11;8;3;3;5;2;0;0;1;0;1;0;1;0;799457,0942;5827104,403;13,4136614;52,51161981
11728;206710;11;6;6030608;2018;10;13;5;3;5;2;0;1;1;0;0;0;0;1;792236,3498;5816660,546;13,29841877;52,42190847
11729;206711;11;10;10010308;2018;10;11;4;3;3;6;0;0;1;0;0;1;0;0;807015,2481;5830437,698;13,52776406;52,53729194
11730;206712;11;7;7010102;2018;10;0;5;3;6;2;2;0;1;1;0;0;0;0;795604,4982;5824976,706;13,35516898;52,49464818
11731;206713;11;9;9020502;2018;11;15;3;3;3;6;0;1;0;0;0;0;0;0;809083,2901;5821554,88;13,54991666;52,45651711
11732;206714;11;2;2020206;2018;10;19;5;3;0;2;2;0;1;0;0;0;1;0;799757,8045;5824820,417;13,41602333;52,49098221
11733;206715;11;4;4010101;2018;10;17;4;2;8;1;2;0;1;0;0;0;0;0;790446,8999;5829022,594;13,28294574;52,53368892
11734;206716;11;7;7060601;2018;11;8;3;2;5;3;0;0;1;0;1;0;0;0;796434,9863;5816546,745;13,35988173;52,41863013
11735;206717;11;5;5020524;2018;10;19;5;3;0;6;2;0;1;0;0;0;0;0;783234,271;5826792,092;13,17499885;52,51748587
11736;206718;11;7;7020202;2018;11;0;3;2;5;3;2;0;1;0;0;0;0;0;794997,291;5823604,388;13,34503614;52,48267478
11737;206719;11;9;9020701;2018;10;18;4;3;2;6;2;0;1;0;0;0;0;0;809077,3367;5818202,571;13,54672903;52,42647727
11738;206720;11;6;6020302;2018;11;15;3;3;6;4;0;0;1;1;0;0;0;0;794686,4243;5819219,088;13,33659965;52,44353079
11739;206721;11;5;5010339;2018;10;17;5;3;5;2;1;1;1;0;0;0;0;1;787593,4164;5828011,728;13,24011947;52,52613919
11740;206722;11;2;2020203;2018;10;17;4;3;5;3;2;1;1;0;0;0;0;0;797806,1351;5824909,417;13,38744282;52,49284823
11741;206723;11;5;5010314;2018;11;15;3;3;0;2;0;0;1;0;1;0;0;0;784640,409;5829677,202;13,19813602;52,54262169
11742;206724;11;9;9010101;2018;10;16;5;3;5;3;0;1;1;0;0;0;0;1;801492,9516;5824878,97;13,44155525;52,49055151
11743;206725;11;8;8020622;2018;11;8;3;3;2;6;0;0;1;0;0;0;0;0;801284,7951;5819667,27;13,43379303;52,44395248
11744;206726;11;1;1022101;2018;10;16;4;3;5;7;0;0;1;0;1;0;0;0;792906,2961;5828291,829;13,31845679;52,52582179
11745;206727;11;6;6030504;2018;11;8;3;3;5;3;0;0;1;0;0;0;0;0;790491,9328;5817121,397;13,27323856;52,42696895
11746;206728;11;4;4051655;2018;10;15;5;3;3;6;0;1;1;0;0;0;0;1;794241,3416;5823115,308;13,33350473;52,47869831
11747;206729;11;12;12301203;2018;10;11;4;3;6;4;0;0;0;1;0;1;0;0;792519,42;5834403,704;13,31815579;52,58082002
11748;206730;11;5;5020419;2018;11;7;3;3;2;2;0;0;1;0;0;0;0;0;781988,4591;5828455,586;13,1580984;52,53304718
11749;206731;11;12;12224230;2018;10;15;5;2;5;2;0;1;1;0;0;0;0;0;786686,862;5838549,796;13,23590475;52,62109628
11750;206732;11;11;11040926;2018;10;9;4;3;2;6;0;0;1;0;0;0;0;0;806680,7737;5826930,265;13,51961419;52,50604608
11751;206733;11;1;1033201;2018;10;15;5;3;5;7;0;0;1;0;0;0;0;0;797697,11;5830676,781;13,39100277;52,54460509
11752;206734;11;9;9030902;2018;11;7;3;3;6;4;0;0;1;1;0;0;0;0;807923,7693;5815853,512;13,52765578;52,40607487
11753;206735;11;12;12224229;2018;10;15;5;3;5;3;0;0;1;0;0;0;0;1;786548,8736;5833207,969;13,22924919;52,57327685
11754;206736;11;5;5030731;2018;10;9;4;3;0;6;0;0;1;0;1;0;0;0;788009,8582;5829641,592;13,24765327;52,54053179
11755;206737;11;8;8010115;2018;11;7;3;3;5;3;0;1;1;0;0;0;0;0;799829,505;5823660,859;13,41603316;52,48054915
11756;206738;11;7;7040403;2018;10;14;5;3;5;3;0;0;1;0;0;0;0;1;796915,0717;5822288,994;13,37202312;52,46984413
11757;206739;11;10;10030726;2018;11;7;3;2;5;3;0;1;1;0;0;0;0;0;809226,2232;5827224,945;13,55727229;52,50725028
11758;206740;11;1;1022202;2018;10;14;4;3;6;7;0;1;0;1;0;0;0;0;795654,5979;5829729,608;13,36012819;52,53722678
11759;206741;11;11;11010101;2018;11;6;3;3;2;6;1;1;1;0;0;0;0;0;803966,096;5834704,204;13,48685377;52,57723991
11760;206742;11;7;7010102;2018;10;14;5;3;5;3;0;1;1;0;0;0;0;1;795419,2281;5825754,495;13,35313781;52,50172079
11761;206743;11;1;1011202;2018;10;7;4;2;0;2;0;1;1;0;0;0;0;0;797150,8707;5827684,258;13,38029642;52,51807878
11762;206744;11;11;11030721;2018;10;7;4;3;5;2;0;1;1;0;0;0;0;0;804508,5343;5827512,331;13,48824105;52,51247958
11763;206745;11;12;12214125;2018;10;14;5;3;2;6;0;0;1;0;0;0;0;1;791915,5716;5831522,884;13,30673392;52,55531872
11764;206746;11;7;7050503;2018;10;6;4;3;5;3;0;1;1;0;0;0;0;0;798887,085;5820519,128;13,39938322;52,4529042
11765;206747;11;10;10030724;2018;11;14;3;3;0;7;0;0;0;0;0;0;1;0;809588,3223;5828537,925;13,5638118;52,51881141
11766;206748;11;1;1044203;2018;10;14;5;3;3;6;0;0;1;0;0;0;0;1;795225,5774;5831346,424;13,35525817;52,55195274
11767;206749;11;4;4030931;2018;10;19;4;3;1;6;2;1;1;0;0;0;0;0;793671,448;5825896,925;13,32758914;52,50394105
11768;206750;11;8;8010302;2018;10;9;4;3;0;3;0;0;0;0;1;0;1;0;801769,3956;5824483,721;13,44525658;52,48685609
11769;206751;11;5;5010310;2018;10;2;4;3;1;5;2;0;1;0;0;0;1;0;784544,7559;5830946,041;13,19781659;52,55404804
11770;206752;11;1;1022104;2018;10;13;5;3;5;2;0;0;1;0;0;0;0;1;794542,9713;5829066,179;13,34319796;52,53188155
11771;206753;11;9;9020502;2018;10;18;3;3;5;2;2;0;1;0;0;0;1;1;809403,3081;5821504,626;13,55456482;52,45588569
11772;206754;11;11;11030824;2018;10;13;5;3;5;3;0;0;1;0;0;0;1;0;804523,2852;5826980,945;13,48797158;52,50770876
11773;206755;11;6;6040810;2018;11;14;3;3;1;5;0;1;0;0;0;0;1;0;792369,7665;5820997,377;13,30416941;52,46071657
11774;206756;11;8;8010212;2018;10;17;3;2;5;3;1;0;1;0;0;1;0;1;800975,871;5823491,379;13,43270963;52,47839945
11775;206757;11;1;1011402;2018;11;17;3;3;2;6;2;0;1;0;0;0;1;0;798860,0211;5829658,675;13,40718478;52,53484264
11776;206758;11;3;3071536;2018;10;13;5;3;1;1;0;1;1;0;0;0;0;1;798951,171;5829983,066;13,40881643;52,53770033
11777;206759;11;7;7060601;2018;11;6;2;3;5;3;2;1;1;0;0;0;0;0;797231,2503;5817338,208;13,37225914;52,42529305
11778;206760;11;8;8040933;2018;10;16;3;3;5;3;0;0;1;0;0;0;0;1;803300,1077;5818518,26;13,462311;52,43253982
11779;206761;11;2;2030301;2018;11;23;2;3;1;5;2;1;1;0;0;0;0;0;799918,2005;5826002,174;13,41944264;52,50148674
11780;206762;11;5;5030730;2018;10;13;5;3;5;2;0;1;1;0;0;0;0;1;786253,4108;5829129,419;13,22138408;52,53686537
11781;206763;11;10;10010102;2018;10;16;3;3;5;3;1;0;1;0;1;0;0;0;809134,5322;5833828,91;13,56206858;52,56648476