;OBJECTID;LAND;BEZ;LOR;UJAHR;UMONAT;USTUNDE;UWOCHENTAG;UKATEGORIE;UART;UTYP1;ULICHTVERH;IstRad;IstPKW;IstFuss;IstKrad;IstGkfz;IstSonstige;USTRZUSTAND;LINREFX;LINREFY;XGCSWGS84;YGCSWGS84
11978;206960;11;11;11010309;2018;10;20;3;3;6;2;2;0;1;1;0;0;0;1;804534,6146;5833829,222;13,49441412;52,56908013
11979;206961;11;1;1033203;2018;10;18;2;3;0;5;1;0;1;0;1;0;0;1;796616,2912;5830127,659;13,37462111;52,54027231
11980;206962;11;9;9010401;2018;11;3;6;3;9;1;2;0;1;0;0;0;0;1;805521,3648;5821501,445;13,49761025;52,45804086
11981;206963;11;7;7050501;2018;10;19;3;3;5;7;2;0;1;0;0;0;0;1;797702,0176;5819245,741;13,38086067;52,44213628
11982;206964;11;3;3030715;2018;10;17;2;3;2;6;1;0;1;0;0;0;0;1;801140,9349;5833195,756;13,44391883;52,56529035
11983;206965;11;7;7070704;2018;10;18;3;3;6;2;2;0;1;1;0;0;0;1;800651,8653;5814135,652;13,41953874;52,39471803
11984;206966;11;8;8030831;2018;11;13;6;3;5;3;0;1;1;0;0;0;0;0;804698,1327;5817818,192;13,48217349;52,42548839
11985;206967;11;1;1044202;2018;10;17;2;3;5;7;1;0;1;0;1;0;0;1;795114,7396;5830357,723;13,35274961;52,54314994
11986;206968;11;4;4051448;2018;11;12;6;2;2;6;0;0;1;0;0;0;0;0;793506,2389;5825346,238;13,32467675;52,49909328
11987;206969;11;12;12103115;2018;10;18;3;2;6;4;2;0;1;1;0;0;0;1;796086,6092;5833932,585;13,3702281;52,57466759
11988;206970;11;3;3040513;2018;10;16;2;3;2;6;2;0;1;0;0;0;0;1;797424,3811;5833964,97;13,38993974;52,57422845
11989;206971;11;5;5010204;2018;11;11;6;3;5;7;0;1;1;0;0;0;0;0;781740,399;5831180,02;13,15676218;52,55760401
11990;206972;11;4;4041344;2018;10;18;3;3;5;2;2;1;1;0;0;0;0;1;792986,8647;5822304,701;13,31437405;52,47210591
11991;206973;11;3;3061227;2018;10;14;2;2;6;4;0;0;1;1;0;0;0;0;800288,0618;5831598,587;13,42992895;52,55144566
11992;206974;11;4;4041241;2018;10;18;3;3;6;2;2;0;1;1;0;0;0;1;791327,4293;5822559,075;13,29023485;52,47527393
11993;206975;11;6;6010101;2018;11;10;6;3;6;2;0;0;0;1;0;0;1;0;793516,0926;5820622,977;13,32066404;52,4567457
11994;206976;11;1;1011304;2018;10;17;3;3;5;2;1;1;1;0;0;0;0;1;799727,578;5827761,402;13,41822694;52,51736022
11995;206977;11;5;5030832;2018;10;14;2;2;5;3;0;1;1;0;0;0;0;0;789003,3711;5829788,27;13,26238949;52,54132075
11996;206978;11;9;9020701;2018;11;10;6;2;5;2;0;0;1;0;0;0;0;0;807698,3525;5818374,214;13,52667006;52,42879278
11997;206979;11;1;1033102;2018;10;16;3;3;6;4;1;0;1;1;0;0;0;1;797342,7226;5831210,693;13,38627026;52,54958449
11998;206980;11;8;8010510;2018;10;14;2;3;5;3;0;1;1;0;0;0;0;0;802482,6435;5822558,432;13,45398237;52,46920496
11999;206981;11;1;1011204;2018;10;16;3;3;5;3;2;0;1;0;0;0;0;1;798484,5994;5826666,731;13,3989814;52,50822967
12000;206982;11;8;8010404;2018;11;20;6;3;0;2;2;0;0;1;0;0;1;0;802030,5139;5823470,677;13,44817269;52,47763168
12001;206983;11;6;6020302;2018;10;16;3;3;5;3;0;0;1;0;1;0;0;1;794326,6924;5819194,985;13,33130105;52,44350846
12002;206984;11;4;4010103;2018;10;13;2;2;2;6;0;0;1;0;1;0;0;0;791134,594;5829152,731;13,29316961;52,53448869
12003;206985;11;4;4030622;2018;11;9;6;3;2;2;0;0;1;0;0;0;0;0;792205,6899;5826881,289;13,3069201;52,51355261
12004;206986;11;2;2050602;2018;10;14;3;3;2;6;0;1;0;0;0;0;0;1;803310,9195;5827758,486;13,47087192;52,51535307
12005;206987;11;1;1011105;2018;11;9;6;3;2;6;0;0;1;0;0;0;0;0;795744,2794;5826342,518;13,35843486;52,50681585
12006;206988;11;3;3061227;2018;10;13;2;3;5;3;0;0;1;0;1;0;0;0;800053,938;5831273,94;13,42619294;52,54866478
12007;206989;11;2;2030301;2018;11;8;6;3;2;6;0;1;1;0;0;0;0;0;799983,6362;5826185,973;13,42056933;52,50309824
12008;206990;11;7;7040403;2018;10;11;3;3;0;1;0;0;0;0;1;0;0;1;796892,0958;5822248,399;13,37164975;52,46949272
12009;206991;11;1;1011105;2018;10;12;2;3;2;6;0;0;1;0;0;0;1;0;796628,6328;5826693,911;13,3717397;52,50948563
12010;206992;11;8;8020619;2018;10;15;3;2;2;6;0;0;1;0;0;0;0;1;802670,6657;5820766,591;13,45511716;52,45304046
12011;206993;11;4;4041137;2018;10;9;2;3;5;3;0;0;1;0;0;0;0;0;791498,1661;5824393,553;13,2943457;52,49162887
12012;206994;11;1;1044203;2018;10;15;3;3;1;5;0;0;1;0;0;0;1;1;795764,4882;5831863,117;13,36364364;52,55629203
12013;206995;11;6;6010208;2018;11;23;5;3;1;1;2;0;1;0;0;0;1;0;794336,7569;5820774,322;13,33284049;52,4576611
12014;206996;11;7;7060603;2018;10;14;3;3;5;3;0;1;1;0;0;0;0;1;798684,3106;5816535,079;13,39284859;52,41730268
12015;206997;11;9;9030901;2018;10;21;2;2;8;1;2;0;1;0;0;0;0;1;809520,086;5816929,116;13,55204189;52,4148144
12016;206998;11;2;2050802;2018;11;23;5;3;6;7;2;1;0;1;0;0;0;0;803028,4748;5826552,855;13,46562475;52,50470417
12017;206999;11;10;10030726;2018;10;14;3;3;5;3;0;0;1;0;1;0;0;1;809067,5973;5826821,185;13,55456774;52,50372176
12018;207000;11;2;2050801;2018;11;22;5;3;5;3;2;1;0;0;0;0;1;0;802145,725;5827550,494;13,45356431;52,51413557
12019;207001;11;2;2050801;2018;10;17;2;3;0;1;1;1;0;0;0;0;0;1;802238,1611;5827515,439;13,45489049;52,51377016
12020;207002;11;1;1011204;2018;11;19;5;3;1;5;2;1;1;0;0;0;0;0;798536,6278;5826785,111;13,3998519;52,50926232
12021;207003;11;4;4041135;2018;10;14;3;3;1;3;0;0;1;0;0;0;0;1;790543,9662;5822470,671;13,27865515;52,47489871
12022;207004;11;2;2050802;2018;10;8;2;3;5;3;0;0;1;0;1;0;0;0;802460,6793;5827054,917;13,45774103;52,50951917
12023;207005;11;10;10040931;2018;10;6;2;2;5;3;1;0;1;0;1;0;0;0;813790,6902;5830052,126;13,62697185;52,52997833
12024;207006;11;4;4030931;2018;11;19;5;3;5;3;2;0;1;0;0;0;0;0;794318,6475;5825584,369;13,33682046;52,50079044
12025;207007;11;9;9041301;2018;10;2;2;2;7;7;2;0;1;0;0;0;0;1;814331,8734;5818373,039;13,62391589;52,42501178
12026;207008;11;1;1011201;2018;11;18;5;2;5;3;2;0;1;0;1;0;0;0;796995,3952;5826610,555;13,37705357;52,50853889
12027;207009;11;11;11020412;2018;10;13;3;3;5;3;0;0;0;0;0;0;1;1;806390,9234;5831399,42;13,51947479;52,54626238
12028;207010;11;8;8020619;2018;10;19;1;3;5;7;1;0;1;0;1;0;0;1;801231,7142;5821642,252;13,43479581;52,46168415
12029;207011;11;1;1044202;2018;10;17;1;3;1;5;1;1;1;0;0;0;0;0;795441,8889;5830190,842;13,35741127;52,5414767
12030;207012;11;7;7060604;2018;10;13;3;3;8;1;0;0;1;0;0;0;0;1;797640,4465;5815498,725;13,37662336;52,40858137
12031;207013;11;6;6040703;2018;10;17;1;2;6;4;1;0;0;1;0;0;1;1;784993,5409;5817407,682;13,19283665;52,43242774
12032;207014;11;4;4030930;2018;11;18;5;3;0;3;2;0;1;0;0;0;1;0;792840,0933;5825512,719;13,31503808;52,5009436
12033;207015;11;8;8010118;2018;10;13;3;3;1;5;0;0;1;0;0;0;0;1;800749,6827;5822788,616;13,42875549;52,47222494
12034;207016;11;8;8010301;2018;10;17;1;3;5;3;1;0;1;0;1;0;0;0;801627,0083;5824146,046;13,44286042;52,48390813
12035;207017;11;2;2040502;2018;10;13;3;2;3;1;0;1;1;0;0;0;0;1;800435,7937;5828028,875;13,42887431;52,51936799
12036;207018;11;6;6010102;2018;11;17;5;3;2;2;2;0;1;1;0;0;0;0;793786,1645;5820801,853;13,32478471;52,45820415
12037;207019;11;1;1011201;2018;10;14;1;3;1;5;0;1;0;0;0;0;1;0;797089,7113;5827152,693;13,37892311;52,5133472
12038;207020;11;11;11030618;2018;11;17;5;2;5;3;2;1;0;0;0;0;1;0;803125,8826;5829571,08;13,46980549;52,53170185
12039;207021;11;10;10030724;2018;10;13;3;2;0;2;0;1;1;0;0;0;0;1;809641,3716;5829675,99;13,56565068;52,52898018
12040;207022;11;4;4030725;2018;11;16;5;3;2;6;1;0;1;0;0;0;0;0;791873,3285;5826552,221;13,30174772;52,51078053
12041;207023;11;8;8041036;2018;10;12;1;2;3;6;0;1;1;0;0;0;0;0;804794,8433;5816248,34;13,48216158;52,41136427
12042;207024;11;3;3030716;2018;11;16;5;3;5;3;1;0;1;0;0;0;0;0;803151,7721;5833550,182;13,47381849;52,56735104
12043;207025;11;8;8041036;2018;10;13;3;2;0;6;0;0;1;0;1;0;0;1;805124,9219;5817442,658;13,48808824;52,42188477
12044;207026;11;1;1022206;2018;10;21;1;2;5;3;2;0;1;0;0;0;0;1;795724,0397;5828198,721;13,35978724;52,52346608
12045;207027;11;4;4030929;2018;10;21;1;2;6;2;2;0;1;1;0;0;0;1;792707,731;5825448,481;13,31303724;52,50043874
12046;207028;11;12;12231101;2018;10;12;3;3;4;6;0;0;1;0;0;0;1;1;790551,5733;5837240,851;13,29168446;52,60730895
12047;207029;11;3;3050923;2018;10;18;1;3;2;2;1;0;1;0;0;0;0;0;800324,457;5831637,07;13,43049892;52,55177053
12048;207030;11;7;7040403;2018;11;8;5;3;5;3;0;0;1;0;0;0;0;0;797342,0137;5820582,188;13,37676938;52,45431211
12049;207031;11;12;12214424;2018;10;12;3;3;3;6;0;0;1;0;0;0;0;1;793534,2527;5832392,438;13,33131001;52,56224375
12050;207032;11;1;1011302;2018;10;16;1;3;0;1;0;1;0;0;0;0;0;0;798037,3488;5828921,429;13,39443096;52,52868468
12051;207033;11;3;3061126;2018;10;11;3;2;0;7;0;0;1;0;0;0;0;1;798402,9553;5831470,769;13,40209399;52,55133595
12052;207034;11;1;1011301;2018;11;16;5;3;0;1;0;1;0;0;0;0;0;0;797468,637;5828833,573;13,38599367;52,52820779
12053;207035;11;1;1011301;2018;10;11;3;3;1;5;0;1;1;0;0;0;0;1;797141,7104;5827792,403;13,38025841;52,51905317
12054;207036;11;7;7060603;2018;10;11;1;3;8;1;0;0;1;0;0;0;0;0;797437,81;5817428,762;13,37536853;52,42599254
12055;207037;11;9;9020701;2018;11;16;5;3;2;6;0;0;1;0;0;0;0;0;809176,629;5818316,854;13,54829032;52,42744538
12056;207038;11;4;4051549;2018;10;10;3;3;2;2;0;1;1;0;0;0;0;1;792960,6295;5823914,212;13,31540306;52,48654879
12057;207039;11;12;12302108;2018;10;10;1;3;7;7;0;0;0;0;0;0;1;0;794822,5133;5837247,262;13,35457871;52,60506693
12058;207040;11;6;6020409;2018;10;9;3;3;2;6;0;0;1;0;0;0;0;1;793310,0055;5817696,177;13,3150705;52,43061829
12059;207041;11;3;3040818;2018;11;15;5;2;5;7;0;0;1;0;1;0;0;0;798846,9373;5832763,8;13,4097868;52,5626826
12060;207042;11;1;1011306;2018;10;10;1;3;5;3;0;1;1;0;0;0;0;0;800480,3165;5826685,624;13,42831564;52,50730349
12061;207043;11;7;7010102;2018;11;15;5;3;1;5;0;0;1;0;0;0;0;0;795022,5401;5825094,506;13,3467261;52,49601906
12062;207044;11;4;4041137;2018;10;9;3;3;5;3;0;0;0;0;1;0;0;1;791676,9936;5823724,794;13,29638681;52,48553797
12063;207045;11;8;8010212;2018;11;14;5;3;5;2;0;1;0;0;0;0;1;0;800971,1314;5823485,032;13,43263433;52,47834518
12064;207046;11;2;2010102;2018;10;1;1;3;5;3;2;0;1;0;0;0;0;0;798538,3532;5826261,189;13,39940741;52,50456512
12065;207047;11;7;7070701;2018;11;13;5;3;5;2;0;0;1;0;0;0;0;0;799273,8146;5816257,537;13,4012427;52,41449283
12066;207048;11;11;11030619;2018;10;8;3;3;2;6;0;0;1;0;0;0;0;0;803769,9708;5829792,074;13,47947347;52,53332399
12067;207049;11;8;8010301;2018;10;0;1;3;6;4;2;0;1;1;0;0;0;0;800637,9908;5824917,444;13,42903573;52,49136787
12068;207050;11;10;10040828;2018;10;7;3;3;5;3;1;1;1;0;0;0;0;1;811346,0629;5828406,815;13,58951086;52,51663587
12069;207051;11;10;10040931;2018;11;9;5;3;1;5;0;0;1;0;0;0;1;0;812843,1036;5828256,183;13,61135944;52,51442945
12070;207052;11;4;4030623;2018;11;17;7;3;6;4;2;0;0;1;1;0;0;0;793041,9764;5826935,259;13,31925594;52,51358777
12071;207053;11;4;4051653;2018;11;19;3;3;2;6;2;0;1;0;0;0;0;1;793993,5058;5824429,358;13,33102497;52,49061162
12072;207054;11;8;8020622;2018;11;16;7;3;5;7;1;0;1;0;1;0;0;0;802769,8007;5819517,573;13,45543959;52,44179053
12073;207055;11;6;6020409;2018;11;15;3;3;2;5;0;0;1;0;0;0;1;1;793652,5079;5818161,094;13,32050206;52,43460241
12074;207056;11;9;9030903;2018;11;15;7;3;6;4;0;0;1;1;0;0;0;0;808965,4521;5815605,445;13,54269149;52,40326492
12075;207057;11;3;3061228;2018;11;9;2;3;5;3;0;0;0;0;1;0;1;0;801002,7163;5831324,097;13,44018853;52,54859094
12076;207058;11;8;8010406;2018;11;15;7;3;5;2;0;0;1;0;1;0;0;0;802526,8577;5824231,021;13,45614852;52,48417195
12077;207059;11;5;5030730;2018;11;5;2;3;2;6;2;0;1;0;0;0;0;1;786845,1211;5829300,16;13,23023161;52,53808504
12078;207060;11;1;1011101;2018;11;14;7;3;0;1;0;1;0;0;0;0;0;0;795335,9609;5826272,879;13,35237449;52,50641277
12079;207061;11;5;5010103;2018;11;16;3;3;5;3;1;1;1;0;0;0;0;1;784119,0925;5830471,241;13,19114884;52,55001319
12080;207062;11;3;3040614;2018;11;13;7;3;2;6;0;0;1;0;1;0;0;0;800053,4154;5835693,212;13,43018287;52,588276
12081;207063;11;7;7060604;2018;11;8;3;3;2;6;0;0;1;0;0;0;0;1;795786,4495;5816028,166;13,34991478;52,41433227
12082;207064;11;3;3040614;2018;11;13;7;3;5;3;0;1;1;0;0;0;0;0;799981,2046;5835115,006;13,42859673;52,58313326
12083;207065;11;12;12214527;2018;11;12;7;3;2;6;0;0;1;0;0;0;0;0;790192,5328;5835817,199;13,28514934;52,59473788
12084;207066;11;10;10010204;2018;11;14;3;3;2;6;0;0;1;0;1;0;0;1;809692,0671;5833229,929;13,56970896;52,56080015
12085;207067;11;1;1044102;2018;11;12;7;3;5;3;0;0;1;0;0;0;0;0;794058,0408;5832125,293;13,33877808;52,55956635
12086;207068;11;5;5010310;2018;11;17;1;2;0;1;1;0;0;0;1;0;0;1;784680,1492;5830747,856;13,19963824;52,55220038
12087;207069;11;2;2030301;2018;11;17;1;2;0;5;2;0;1;0;1;0;0;1;800040,3844;5826342,586;13,42154399;52,50447082
12088;207070;11;12;12214125;2018;11;11;7;3;5;3;0;1;1;0;0;0;0;0;788037,5551;5830946,387;13,24919216;52,55221515
12089;207071;11;7;7010101;2018;11;20;1;3;0;7;2;1;0;0;0;0;0;0;794674,2098;5825076,195;13,34159378;52,49604309
12090;207072;11;12;12103219;2018;11;7;7;3;5;3;0;0;1;0;0;0;0;0;795642,8807;5833008,355;13,36287547;52,56662401
12091;207073;11;3;3040818;2018;11;10;7;3;5;3;0;1;1;0;0;0;0;0;799045,9758;5833040,844;13,41296405;52,56505657
12092;207074;11;8;8010404;2018;11;12;3;2;2;6;0;0;1;0;0;0;0;1;802603,269;5823076,336;13,4562225;52,47378016
12093;207075;11;8;8010508;2018;11;11;7;3;0;3;0;1;1;0;0;0;0;0;803094,5736;5822630,881;13,46302905;52,46951518
12094;207076;11;9;9031001;2018;11;11;7;3;5;2;0;0;1;0;0;0;1;1;810984,7092;5814256,23;13,57102605;52,39003072
12095;207077;11;2;2040502;2018;11;8;3;3;5;2;0;1;1;0;0;0;0;1;800725,5025;5827976,69;13,43308399;52,51874056
12096;207078;11;1;1011102;2018;11;11;7;3;2;6;0;0;1;0;0;0;0;0;795156,6859;5827062,051;13,35044062;52,51358413
12097;207079;11;2;2010102;2018;11;21;7;3;5;3;2;0;1;0;0;0;0;0;798096,8913;5826200,806;13,39286854;52,50426523
12098;207080;11;6;6040806;2018;11;18;6;3;2;7;2;0;1;0;1;0;0;0;788996,4974;5820047,632;13,25383667;52,45399609
12099;207081;11;3;3030405;2018;11;7;6;3;5;3;0;0;1;0;0;0;0;0;804248,2929;5838676,399;13,4946544;52,61268261
12100;207082;11;1;7010102;2018;11;7;6;3;0;2;0;1;0;0;0;0;1;1;795426,3789;5825792,877;13,3532769;52,50206098
12101;207083;11;4;4030725;2018;11;13;6;3;1;5;0;1;1;0;0;0;0;0;791940,2983;5826084,111;13,30232116;52,50654818
12102;207084;11;2;2020204;2018;11;9;3;3;5;3;0;1;1;0;0;0;0;1;798043,4069;5824863,697;13,39088639;52,4923089
12103;207085;11;1;1022104;2018;11;21;6;3;3;6;2;0;1;0;1;0;0;0;794282,32;5828451,623;13,33882251;52,52651324
12104;207086;11;9;9051901;2018;11;19;6;3;4;2;2;1;1;0;0;0;0;0;810938,5402;5821589,185;13,57716479;52,45577233
12105;207087;11;4;4031032;2018;11;0;2;3;2;6;2;0;1;0;0;0;0;1;791287,639;5825021,501;13,29180274;52,49737079
12106;207088;11;2;2020203;2018;11;8;6;3;0;2;0;1;0;0;0;0;1;1;797842,2244;5824926,622;13,38798819;52,49298276
12107;207089;11;8;8020625;2018;11;18;6;2;1;5;2;0;1;0;0;0;0;0;801450,1844;5818345,448;13,43502695;52,43201339
12108;207090;11;4;4041241;2018;11;9;6;3;6;4;0;0;1;1;0;0;0;1;791640,594;5822455,656;13,29474218;52,47417966
12109;207091;11;1;1011203;2018;11;7;3;3;6;4;2;0;1;1;0;0;0;1;797796,1237;5827255,72;13,38939424;52,5138855
12110;207092;11;2;2040701;2018;11;9;6;3;0;1;0;1;0;0;0;0;0;1;800720,6937;5827902,37;13,43294615;52,51807706
12111;207093;11;1;1011204;2018;11;15;6;3;5;3;0;0;1;0;0;0;0;0;797998,5477;5826796,59;13,39195725;52,50965942
12112;207094;11;7;7060601;2018;11;7;3;3;5;3;0;0;1;0;1;0;0;1;796458,8612;5816469,1;13,36016299;52,41792117
12113;207095;11;4;4051655;2018;11;9;6;3;5;3;0;1;1;0;0;0;0;1;794070,2915;5823687,613;13,33149817;52,48392089
12114;207096;11;7;7070703;2018;11;15;6;3;8;1;0;0;1;0;0;0;0;0;798787,0339;5814304,993;13,39236469;52,39725635
12115;207097;11;3;3050923;2018;11;18;2;2;6;4;2;0;1;1;0;0;0;0;801046,4228;5831662,693;13,44113812;52,55160166
12116;207098;11;6;6020408;2018;11;8;6;3;2;6;0;0;1;0;0;1;0;1;792355,165;5815590,708;13,29922643;52,41225392
12117;207099;11;1;1011401;2018;11;15;2;3;0;5;0;1;1;0;0;0;0;0;798195,1986;5829614,3;13,39737248;52,53480902
12118;207100;11;11;11030720;2018;11;17;1;2;3;6;1;0;1;0;0;1;0;1;804436,0465;5829898,254;13,48936012;52,53390403
12119;207101;11;8;8030829;2018;11;15;6;3;6;7;0;0;1;1;0;0;0;0;802879,756;5818253,082;13,45590669;52,4303959
12120;207102;11;7;7060604;2018;11;18;3;3;5;3;2;1;1;0;0;0;0;1;795648,1532;5816048,097;13,34790492;52,41458565
12121;207103;11;4;4020311;2018;11;8;6;3;5;3;0;0;1;0;0;0;0;1;789494,3847;5826804,389;13,26701133;52,51430904
12122;207104;11;4;4030518;2018;11;14;3;3;2;6;0;0;1;0;0;0;0;1;791462,7244;5828267,8;13,29721767;52,52638004
12123;207105;11;11;11040926;2018;11;15;6;3;5;3;0;0;1;0;0;0;0;0;805377,1982;5826742,751;13,50029568;52,50509667
12124;207106;11;11;11040926;2018;11;17;1;3;5;3;1;0;1;0;0;0;0;1;805553,1983;5826937,145;13,50305907;52,50674037
12125;207107;11;8;8010213;2018;11;17;1;3;5;3;1;0;1;0;0;0;0;1;801200,7551;5822627,961;13,4352312;52,47053642
12126;207108;11;6;6040804;2018;11;8;6;3;5;2;0;0;1;0;0;0;0;1;788141,9544;5818739,697;13,24016759;52,44272079
12127;207109;11;7;7040401;2018;11;13;2;3;3;6;0;0;1;0;0;0;0;0;797300,251;5822544,814;13,37790483;52,47192781
12128;207110;11;3;3050924;2018;11;8;6;3;1;5;0;1;1;0;0;0;0;1;801700,0227;5831501,638;13,45060233;52,54979651
12129;207111;11;4;4041136;2018;11;11;2;2;5;2;0;0;1;0;1;0;0;1;790666,3414;5823276,351;13,28115415;52,48205662
12130;207112;11;2;2020205;2018;11;18;1;2;6;4;2;0;1;1;0;0;0;1;797808,2285;5824519,947;13,38712547;52,48935594
12131;207113;11;11;11040926;2018;11;14;6;3;5;3;0;0;1;0;0;0;0;0;804792,4115;5826631,812;13,49160502;52,50442936
12132;207114;11;9;9031101;2018;11;7;2;2;0;1;0;1;0;0;0;0;0;1;810986,5071;5818178,056;13,57469449;52,42517588
12133;207115;11;2;2010104;2018;11;14;6;3;6;4;0;0;1;1;0;0;0;0;799048,6754;5825596,196;13,40630645;52,49832494
12134;207116;11;12;12214424;2018;11;14;3;3;8;1;0;0;1;0;0;0;0;1;793207,0228;5832398,554;13,32650187;52,5624749
12135;207117;11;7;7030301;2018;11;8;6;3;6;2;0;0;1;1;0;0;0;1;794428,8375;5822328,087;13,33556257;52,47154023
12136;207118;11;3;3040614;2018;11;13;3;3;2;6;0;0;1;0;0;0;0;1;800004,6797;5834939,035;13,42878288;52,58154305
12137;207119;11;8;8010301;2018;11;14;6;3;6;4;0;0;1;1;0;0;0;0;801463,787;5823897,458;13,44023928;52,48177013
12138;207120;11;1;1044202;2018;11;17;1;2;1;5;2;0;1;0;1;0;0;1;795467,1767;5830667,577;13,35820711;52,54573649
12139;207121;11;11;11041128;2018;11;6;6;3;2;6;0;0;1;0;0;1;0;1;805899,9727;5825850,525;13,50715431;52,49680739
12140;207122;11;4;4010102;2018;11;21;1;3;2;6;2;0;1;0;1;0;0;1;791638,4218;5830678,603;13,30191596;52,54789843
12141;207123;11;1;1011203;2018;11;5;6;3;5;3;2;0;1;0;0;0;1;1;797958,7638;5827080,145;13,39162663;52,51222286
12142;207124;11;4;4020314;2018;11;13;6;3;5;7;0;0;1;0;0;0;0;0;790145,2384;5825392,656;13,27534509;52,50130682
12143;207125;11;5;5010204;2018;11;12;3;2;5;7;0;0;1;0;0;0;0;1;781704,5244;5831318,765;13,15635218;52,55886662
12144;207126;11;4;4030623;2018;11;7;6;3;1;5;1;1;1;0;0;0;0;1;793962,1497;5826804,004;13,33266071;52,51191599
12145;207127;11;4;4030726;2018;11;13;6;3;2;6;0;1;1;0;0;0;0;0;792267,0146;5825444,198;13,30655949;52,50063657
12146;207128;11;8;8020619;2018;11;14;3;3;0;4;0;1;0;1;0;0;0;1;801358,7452;5821240,665;13,43629738;52,45801457
12147;207129;11;4;4030930;2018;11;1;6;3;0;1;2;1;0;0;0;0;0;0;793054,3461;5825587,351;13,31825106;52,50149763
12148;207130;11;5;5020626;2018;11;12;6;3;4;6;0;1;0;0;0;0;0;0;784526,1193;5828040,195;13,19505373;52,52800394
12149;207131;11;3;3030715;2018;11;12;3;3;0;7;0;0;1;0;0;0;0;1;801111,1535;5834105,675;13,44430682;52,57346246
12150;207132;11;1;1044203;2018;11;5;6;3;2;6;1;0;1;0;1;0;0;1;795426,656;5831539,616;13,35838713;52,55357551
12151;207133;11;5;5020625;2018;11;8;3;2;6;2;0;0;1;1;0;0;0;1;784706,0861;5828587,713;13,19816835;52,53281904
12152;207134;11;4;4051445;2018;11;12;6;3;5;2;0;0;1;0;0;0;1;1;792443,0979;5824116,922;13,30798096;52,48864351
12153;207135;11;4;4041136;2018;11;12;6;3;5;2;0;0;1;0;0;0;0;1;790686,1989;5822702,86;13,28094576;52,47690464
12154;207136;11;8;8010213;2018;11;11;6;3;5;3;0;0;1;0;0;0;0;0;801029,2916;5822499,617;13,43259878;52,46948054
12155;207137;11;9;9020701;2018;11;11;6;3;5;2;0;0;1;0;0;0;0;0;807713,4836;5818117,82;13,52665602;52,42648641
12156;207138;11;6;6040805;2018;11;7;3;3;6;4;0;0;1;1;0;0;0;1;788175,3489;5818714,309;13,24063565;52,44247556
12157;207139;11;3;3061441;2018;11;10;6;3;5;3;0;0;1;0;0;0;0;0;802898,2152;5828628,843;13,46560113;52,5233833
12158;207140;11;2;2020203;2018;11;13;6;3;0;7;0;0;1;0;0;0;0;0;797230,0373;5824821,147;13,37890364;52,49237099
12159;207141;11;8;8010117;2018;11;15;1;3;0;1;0;0;1;0;0;0;0;1;800177,0048;5823644,637;13,42112016;52,48021285
12160;207142;11;7;7010102;2018;11;19;1;3;8;1;2;0;1;0;0;0;0;1;795493,2876;5825553,796;13,3540476;52,49988158
12161;207143;11;5;5030731;2018;11;19;2;3;5;2;1;0;1;0;0;0;0;0;788032,2053;5829373,052;13,24774907;52,5381124
12162;207144;11;1;1033102;2018;11;18;6;3;2;6;2;0;1;0;0;0;0;0;797139,7304;5831385,825;13,38344206;52,55126509
12163;207145;11;5;5010314;2018;11;16;2;3;5;2;1;1;1;0;0;0;0;0;783788,7148;5829112,407;13,18512849;52,53800195
12164;207146;11;1;1033102;2018;11;17;6;3;3;6;2;1;1;0;0;0;0;0;797203,829;5831349,433;13,38435207;52,55090391
12165;207147;11;10;10010308;2018;11;17;6;3;2;6;2;0;1;0;0;0;0;0;806486,7421;5829658,825;13,51927801;52,53060901
12166;207148;11;1;1011104;2018;11;17;3;3;3;6;2;1;0;0;0;0;1;0;796428,1387;5825517,567;13,36774683;52,49904981
12167;207149;11;2;2040502;2018;11;7;3;3;5;2;0;0;1;0;1;0;0;1;800680,906;5828487,399;13,43289037;52,52334275
12168;207150;11;8;8010118;2018;11;8;6;3;0;2;0;1;1;0;0;0;0;0;801081,5918;5821967,616;13,43288637;52,46468323
12169;207151;11;7;7030303;2018;11;18;5;3;1;5;2;1;1;0;0;0;0;0;795004,3665;5822160,669;13,34386295;52,46972893
12170;207152;11;1;1044203;2018;11;15;1;3;1;1;0;0;1;0;1;0;0;1;795755,1286;5831901,667;13,36354034;52,55664268
12171;207153;11;7;7040405;2018;11;12;2;3;5;3;0;0;1;0;0;0;1;0;798837,1913;5821787,763;13,39978677;52,4643032
12172;207154;11;11;11010310;2018;11;22;5;3;5;3;2;0;1;0;0;0;1;0;805792,946;5833214,063;13,51235545;52,56286157
12173;207155;11;6;6010102;2018;11;14;2;3;2;6;0;0;1;0;0;0;0;0;793523,7852;5820664,984;13,32081386;52,45711815
12174;207156;11;12;12103117;2018;11;17;1;3;5;2;2;0;1;0;0;0;0;1;795782,9008;5832578,345;13,3645519;52,56269335