;OBJECTID;LAND;BEZ;LOR;UJAHR;UMONAT;USTUNDE;UWOCHENTAG;UKATEGORIE;UART;UTYP1;ULICHTVERH;IstRad;IstPKW;IstFuss;IstKrad;IstGkfz;IstSonstige;USTRZUSTAND;LINREFX;LINREFY;XGCSWGS84;YGCSWGS84
12175;207157;11;8;8010117;2018;11;21;5;3;1;5;2;1;1;0;0;0;0;0;800520,2321;5823423,653;13,42595981;52,47804331
12176;207158;11;6;6020303;2018;11;17;3;2;6;4;2;0;1;1;0;0;0;1;795400,3236;5818163,668;13,34613981;52,43368438
12177;207159;11;4;4010101;2018;11;19;5;3;2;6;2;0;1;0;1;0;0;0;791325,1643;5830671,567;13,29730311;52,54800297
12178;207160;11;1;1033102;2018;11;13;1;3;5;3;0;0;1;0;0;0;0;1;797357,655;5831192,29;13,38647336;52,54941137
12179;207161;11;7;7050503;2018;11;14;3;3;5;3;0;0;1;0;0;0;0;1;798356,543;5820515,56;13,39159581;52,45316205
12180;207162;11;8;8010404;2018;11;19;5;2;6;4;2;0;1;1;0;0;0;0;802557,3268;5823098,461;13,45556823;52,47400391
12181;207163;11;8;8010302;2018;11;19;5;3;0;1;2;1;0;0;0;0;0;0;801856,9728;5824452,644;13,44651429;52,48652914
12182;207164;11;2;2020203;2018;11;15;3;3;5;2;0;0;1;0;0;0;0;1;797757,768;5824034,423;13,38595072;52,4850313
12183;207165;11;2;2010102;2018;11;14;5;3;3;6;0;0;1;0;1;0;0;0;798347,3878;5826262,921;13,3966038;52,5046851
12184;207166;11;2;2050801;2018;11;13;1;3;5;2;0;1;1;0;0;0;0;1;802856,7912;5827467,975;13,46393566;52,51300161
12185;207167;11;4;4030417;2018;11;10;2;3;5;7;0;1;1;0;0;0;0;0;791183,1478;5826514,223;13,29157335;52,51080874
12186;207168;11;8;8041037;2018;11;13;5;2;6;4;0;1;0;1;0;0;0;0;806165,9757;5817736,86;13,50361909;52,42394014
12187;207169;11;6;6020408;2018;11;6;2;3;5;2;1;0;1;0;0;0;0;1;792722,1583;5816229,975;13,30516582;52,41778879
12188;207170;11;9;9030901;2018;11;12;5;2;6;4;0;0;0;1;1;0;0;0;807550,8602;5815365,942;13,52174343;52,40191468
12189;207171;11;1;1022106;2018;11;16;3;3;5;3;1;0;1;0;0;0;0;1;793819,3656;5827955,998;13,33158015;52,52231993
12190;207172;11;1;1011204;2018;11;19;5;2;3;6;1;0;1;0;1;0;0;0;798588,9441;5826884,862;13,40070995;52,51012782
12191;207173;11;12;12214527;2018;11;13;1;3;5;3;0;0;1;0;0;0;0;1;790053,5028;5835750,489;13,28304416;52,59421399
12192;207174;11;2;2020203;2018;11;9;3;3;5;2;0;1;1;0;0;0;0;1;797280,9244;5824851,246;13,37967781;52,49261308
12193;207175;11;7;7020201;2018;11;19;5;3;5;7;2;1;1;0;0;0;0;0;794942,5015;5824454,272;13,34498375;52,49032305
12194;207176;11;4;4041136;2018;11;11;1;3;5;3;0;0;1;0;0;0;0;1;790300,0568;5822851,05;13,27540525;52,47843858
12195;207177;11;4;4051446;2018;11;10;5;3;6;4;0;1;0;1;0;0;0;0;792488,9321;5824753,208;13,30921262;52,49432311
12196;207178;11;3;3061441;2018;11;18;5;3;1;5;2;1;1;0;0;0;0;0;802473,9544;5828340,907;13,45910504;52,52103807
12197;207179;11;3;3040614;2018;11;19;1;3;0;6;2;0;1;0;1;0;0;0;799475,0993;5834658,681;13,42073704;52,57932189
12198;207180;11;3;3061126;2018;11;10;5;3;5;3;0;1;1;0;0;0;0;0;798978,9139;5831613,163;13,41069151;52,55229646
12199;207181;11;2;2050602;2018;11;18;5;3;2;6;2;0;1;0;0;0;0;0;802694,6542;5828227,811;13,46224499;52,51990194
12200;207182;11;7;7020203;2018;11;12;3;3;2;6;0;0;1;0;0;0;0;1;794995,1758;5824316,514;13,34563535;52,48905968
12201;207183;11;5;5040935;2018;11;9;5;3;5;2;0;1;1;0;0;0;0;0;782220,1938;5820362,456;13,15464829;52,46036009
12202;207184;11;5;5030731;2018;11;8;5;3;3;6;0;0;1;0;1;0;1;0;787099,5973;5829374,568;13,23403765;52,53861814
12203;207185;11;5;5010314;2018;11;9;1;2;6;2;0;0;1;1;0;0;0;1;784806,7969;5828783,907;13,19981718;52,53452548
12204;207186;11;1;1044101;2018;11;8;3;3;2;6;0;0;1;0;1;0;0;1;794469,4066;5830697,548;13,34356239;52,54654537
12205;207187;11;1;1022104;2018;11;8;5;3;0;2;0;1;1;0;0;0;0;0;794567,4728;5828660,589;13,34319874;52,52823248
12206;207188;11;1;1044201;2018;11;18;5;3;2;6;2;0;1;0;0;0;0;0;796950,9991;5831899,742;13,3811264;52,55597467
12207;207189;11;5;5020524;2018;11;8;5;3;2;6;0;0;1;0;0;0;1;0;782995,4356;5826088,05;13,17088965;52,51129719
12208;207190;11;4;4051551;2018;11;7;5;2;5;2;0;0;1;0;0;0;0;1;792822,2628;5823226,259;13,31276683;52,48045571
12209;207191;11;12;12224230;2018;11;7;3;3;2;6;0;0;1;0;0;0;0;1;787372,313;5837854,651;13,2453983;52,61450197
12210;207192;11;7;7070704;2018;11;7;5;3;6;4;0;0;1;1;0;0;0;0;800609,1173;5813893,725;13,41869538;52,39257296
12211;207193;11;5;5010314;2018;11;17;5;3;5;2;2;1;1;0;0;0;0;0;783644,9236;5829307,542;13,18318068;52,53982643
12212;207194;11;8;8010211;2018;11;7;5;2;1;5;0;1;1;0;0;0;0;0;800545,3154;5823757,496;13,42662893;52,48102187
12213;207195;11;5;5020625;2018;11;7;5;3;5;3;1;1;1;0;0;0;0;0;784452,9133;5828665,06;13,19451223;52,53364472
12214;207196;11;3;3061430;2018;11;10;3;3;5;3;0;0;1;0;0;1;0;1;802327,3278;5829201,085;13,45773255;52,5288291
12215;207197;11;9;9041501;2018;11;6;5;3;2;6;2;0;1;0;0;0;0;0;810762,0305;5820317,188;13,57339211;52,44447357
12216;207198;11;6;6010208;2018;11;17;5;3;5;3;2;0;1;0;0;0;0;0;794767,9815;5820879,995;13,33926196;52,45837599
12217;207199;11;9;9020701;2018;11;9;1;3;5;3;0;1;0;0;0;0;1;1;808808,9339;5819002,66;13,54353293;52,43379923
12218;207200;11;2;2030401;2018;11;8;2;3;6;4;1;0;1;1;0;0;0;0;801131,9447;5825209,972;13,43655342;52,49371762
12219;207201;11;3;3051021;2018;11;16;5;3;5;2;2;1;1;0;0;0;0;0;803557,7666;5832295,112;13,47864204;52,5558761
12220;207202;11;4;4020313;2018;11;15;5;3;2;6;1;0;0;0;1;0;1;0;790480,7775;5826048,741;13,28084674;52,50701016
12221;207203;11;10;10030727;2018;11;16;5;3;5;2;2;1;1;0;0;0;0;0;809583,048;5824504,827;13,5599853;52,48267105
12222;207204;11;9;9020702;2018;11;7;3;3;5;3;1;1;1;0;0;0;0;1;809273,077;5819595,726;13,55088721;52,43885204
12223;207205;11;4;4030725;2018;11;10;5;3;0;1;0;0;0;0;1;0;0;0;791786,805;5826097,946;13,30007818;52,50675432
12224;207206;11;4;4020208;2018;11;9;1;3;6;7;0;1;0;1;0;0;0;1;788765,4823;5825875,092;13,2554936;52,50636396
12225;207207;11;4;4030931;2018;11;17;2;2;6;4;2;0;1;1;0;0;0;0;793897,5135;5825895,036;13,33090847;52,50380239
12226;207208;11;6;6040806;2018;11;16;5;2;5;2;2;0;1;0;1;0;0;1;788785,094;5819814,563;13,2505327;52,45201825
12227;207209;11;6;6030503;2018;11;14;2;2;6;4;1;1;0;1;0;0;0;0;789538,9643;5817826,836;13,25987301;52,43379867
12228;207210;11;2;2040703;2018;11;2;1;3;5;7;2;0;1;0;0;0;0;0;801684,769;5826128,023;13,44550303;52,50164096
12229;207211;11;4;4030417;2018;11;13;2;3;6;4;0;1;0;1;0;0;0;1;791681,6614;5827489,219;13,29975289;52,5192831
12230;207212;11;2;2040703;2018;11;16;5;3;3;7;2;1;1;0;0;0;0;0;801714,046;5826170,451;13,44597147;52,50200507
12231;207213;11;11;11030619;2018;11;8;2;3;5;2;0;1;0;0;0;1;0;1;804212,5136;5829070,692;13,48531752;52,52661174
12232;207214;11;10;10040932;2018;11;16;5;3;0;3;1;0;0;0;0;0;1;0;812276,0737;5827765,426;13,60257019;52,51035661
12233;207215;11;4;4031032;2018;11;19;3;3;0;2;2;1;1;0;0;0;0;1;791958,4694;5824809,268;13,30147044;52,49510969
12234;207216;11;12;12302212;2018;11;15;5;3;2;6;0;0;1;0;0;0;1;0;792564,7626;5837366,925;13,32144069;52,60735938
12235;207217;11;4;4030415;2018;11;15;1;3;2;6;0;0;1;0;0;0;0;1;790602,28;5827358,7;13,28377585;52,51868928
12236;207218;11;12;12214421;2018;11;6;3;3;0;1;1;0;0;0;1;0;0;1;793538,668;5834139,084;13,33292084;52,57789896
12237;207219;11;1;1033101;2018;11;15;5;3;2;2;0;0;1;0;0;0;0;0;796171,0636;5832274,523;13,36999033;52,5597589
12238;207220;11;7;7050502;2018;11;12;1;3;0;7;0;0;0;0;1;0;0;1;797675,1302;5818585,83;13,37987852;52,43623547
12239;207221;11;11;11030721;2018;11;18;1;2;1;5;2;0;1;0;1;0;0;1;805062,6863;5828430,468;13,49722334;52,52039873
12240;207222;11;11;11030720;2018;11;14;5;3;2;6;0;0;0;0;0;0;1;0;805197,2738;5828990,386;13,49971457;52,52534165
12241;207223;11;7;7070706;2018;11;5;2;3;2;6;2;0;1;0;0;0;0;1;800275,4919;5812785,87;13,41281487;52,38282546
12242;207224;11;3;3040614;2018;11;18;5;3;5;2;2;0;1;0;0;0;0;0;799198,8192;5835154,9;13,41711983;52,58392165
12243;207225;11;2;2020206;2018;11;13;3;3;2;7;0;0;1;0;1;0;0;1;800112,3204;5824846,412;13,42125258;52,49102044
12244;207226;11;2;2030301;2018;11;1;5;3;6;4;2;1;0;1;0;0;0;0;799931,8681;5826039,856;13,41967733;52,50181699
12245;207227;11;2;2030302;2018;11;10;1;3;9;1;0;0;1;0;0;0;0;1;801631,9618;5826039,983;13,44464769;52,50088104
12246;207228;11;5;5020625;2018;11;17;5;3;2;6;2;0;1;0;0;0;0;0;784392,8197;5828680,375;13,19364178;52,53381339
12247;207229;11;4;4030415;2018;11;16;3;3;6;2;2;0;1;1;0;0;0;1;790799,0218;5827373,638;13,28668027;52,51871832
12248;207230;11;6;6010207;2018;11;18;4;3;0;6;2;0;1;0;0;0;1;0;794218,1984;5820288,853;13,33067287;52,45337292
12249;207231;11;11;11040925;2018;11;13;1;2;0;1;0;1;0;0;0;0;0;1;803709,336;5826292,916;13,47538806;52,50199585
12250;207232;11;1;1044203;2018;11;13;3;3;5;2;0;1;1;0;0;0;0;1;795899,65;5831965,086;13,3657224;52,55713266
12251;207233;11;2;2030402;2018;11;22;4;3;0;7;2;1;0;0;0;0;0;0;800988,7189;5825720,645;13,43491157;52,4983739
12252;207234;11;7;7030303;2018;11;22;1;3;5;2;2;1;1;0;0;0;0;0;794664,2967;5821801,912;13,33855428;52,4666964
12253;207235;11;11;11020412;2018;11;21;4;2;0;1;2;1;0;0;0;0;0;0;805621,9271;5831618,278;13,50837118;52,54865576
12254;207236;11;5;5020522;2018;11;14;1;3;2;6;0;0;1;0;0;0;1;1;782348,5169;5827041,006;13,16219121;52,52017707
12255;207237;11;11;11041027;2018;11;20;1;3;5;3;2;0;1;0;0;0;0;1;807525,4331;5827478,931;13,5325267;52,51048783
12256;207238;11;8;8010301;2018;11;21;4;3;1;5;2;1;1;0;0;0;0;0;800623,0894;5824411,773;13,42836076;52,48684358
12257;207239;11;6;6040809;2018;11;20;4;3;5;3;1;0;1;0;0;0;0;0;792356,8711;5820764,086;13,30377583;52,45863204
12258;207240;11;7;7020204;2018;11;12;3;2;0;1;0;1;0;0;0;0;0;1;795965,2898;5823869,268;13,35948428;52,48452541
12259;207241;11;6;6030503;2018;11;20;4;2;5;3;2;0;1;0;0;0;0;0;790701,881;5817774,72;13,27688558;52,43271464
12260;207242;11;6;6030605;2018;11;18;4;3;6;4;2;1;0;1;0;0;0;0;791857,0734;5819141,908;13,29502321;52,44435639
12261;207243;11;9;9051901;2018;11;19;7;2;6;4;2;0;1;1;0;0;0;0;811428,852;5821578,181;13,58434709;52,45539458
12262;207244;11;7;7070701;2018;11;17;3;3;6;2;2;0;1;1;0;0;0;1;798701,8711;5816033,019;13,39265798;52,41279268
12263;207245;11;5;5020626;2018;11;17;4;3;6;2;2;0;1;1;0;0;0;0;785129,9716;5827309,326;13,20330424;52,5211355
12264;207246;11;7;7030303;2018;11;18;7;3;1;1;2;0;1;0;0;0;0;0;795355,4313;5822239,296;13,34908574;52,47024408
12265;207247;11;5;5020625;2018;11;17;4;3;0;2;2;0;1;0;0;0;1;0;784667,7614;5828502,496;13,19753189;52,53207499
12266;207248;11;3;3050919;2018;11;8;3;3;5;5;0;0;1;0;0;0;0;1;801742,0111;5832971,287;13,45255564;52,56294565
12267;207249;11;4;4051448;2018;11;16;4;3;2;7;1;0;1;0;1;0;0;0;793922,9875;5824970,829;13,33046703;52,49550362
12268;207250;11;9;9031101;2018;11;18;1;3;4;2;2;0;1;0;0;0;0;1;810134,5363;5818041,806;13,56207865;52,42443836
12269;207251;11;7;7070706;2018;11;16;4;3;6;2;1;0;0;1;0;0;1;0;800037,685;5813263,096;13,40975836;52,38723344
12270;207252;11;1;1011303;2018;11;15;4;3;2;6;0;0;1;0;0;0;0;0;799115,4102;5827603,536;13,40909023;52,51628128
12271;207253;11;9;9010101;2018;11;15;4;3;2;6;1;1;1;0;0;0;0;0;802614,7234;5824476,481;13,45766135;52,48632332
12272;207254;11;8;8040933;2018;11;7;3;3;5;3;0;0;1;0;0;0;0;1;803301,8024;5818528,034;13,46234471;52,43262649
12273;207255;11;4;4030621;2018;11;15;4;3;5;7;0;0;1;0;0;0;1;0;793597,6122;5827851,12;13,32822855;52,52149921
12274;207256;11;1;1022207;2018;11;7;4;3;2;6;0;1;1;0;0;0;0;1;794893,004;5827773,771;13,3471971;52,52010682
12275;207257;11;9;9020702;2018;11;15;1;3;0;3;0;1;1;0;0;0;0;0;809547,3302;5819794,512;13,55509304;52,44047838
12276;207258;11;4;4030827;2018;11;19;2;3;0;3;2;1;0;0;0;0;0;0;792272,9616;5826501,273;13,30757486;52,51010982
12277;207259;11;7;7070702;2018;11;15;4;2;5;3;0;0;0;0;1;0;1;0;800409,0379;5814527,575;13,41633211;52,39836431
12278;207260;11;2;2020203;2018;11;7;2;3;2;7;0;0;1;0;0;0;1;0;797686,3579;5824966,173;13,38573453;52,49342232
12279;207261;11;6;6040810;2018;11;7;4;3;5;3;0;1;1;0;0;0;0;1;792416,7733;5821433,659;13,30524154;52,46460263
12280;207262;11;7;7030301;2018;11;7;4;3;5;3;0;1;1;0;0;0;0;0;793499,7625;5822495,232;13,32207105;52,4735386
12281;207263;11;7;7030303;2018;11;18;3;3;2;6;2;0;1;0;0;0;0;0;795372,3955;5820977,923;13,34821835;52,45892753
12282;207264;11;1;1011103;2018;11;7;3;3;2;6;1;0;1;0;0;0;0;1;795290,7821;5826074,843;13,35153513;52,50466199
12283;207265;11;11;11051229;2018;11;7;4;2;5;2;0;1;0;0;0;0;0;0;804766,9963;5825411,833;13,49011542;52,49350941
12284;207266;11;4;4051551;2018;11;7;4;3;5;7;0;1;1;0;0;0;0;0;792903,341;5823281,644;13,31400596;52,48090874
12285;207267;11;1;1033102;2018;11;23;7;3;1;5;2;1;1;0;0;0;0;0;797338,2964;5831617,76;13,38656971;52,55323575
12286;207268;11;1;1033203;2018;11;17;2;2;6;2;2;0;1;1;0;0;0;1;796979,2924;5831480,509;13,38116747;52,55220132
12287;207269;11;6;6020410;2018;11;7;4;2;5;3;0;0;1;0;0;0;1;1;794150,1879;5816694,016;13,32651144;52,42118315
12288;207270;11;9;9010401;2018;11;7;2;3;6;4;0;1;0;1;0;0;0;0;806130,8769;5820389,778;13,50553384;52,44773655
12289;207271;11;1;1033201;2018;11;16;1;3;0;1;1;0;0;0;1;0;0;1;798028,1258;5830074,497;13,39532932;52,53902546
12290;207272;11;7;7010103;2018;11;14;4;2;5;3;0;0;1;0;0;0;0;0;795348,4396;5824673,623;13,35113959;52,49206989
12291;207273;11;5;5010314;2018;11;17;3;3;5;2;2;1;1;0;0;0;0;1;783602,1945;5829160,744;13,18242703;52,53853245
12292;207274;11;10;10010308;2018;11;13;4;3;2;6;0;0;1;0;0;0;1;0;806363,4884;5830184,555;13,51795127;52,53538999
12293;207275;11;1;1011302;2018;11;23;7;3;2;6;2;0;1;0;0;0;0;0;798592,1698;5828896,026;13,40256252;52,52815338
12294;207276;11;4;4051551;2018;11;14;3;3;2;6;0;0;1;0;0;0;0;1;792481,0015;5823602,285;13,30808598;52,48400959
12295;207277;11;4;4020204;2018;11;13;4;3;5;2;0;0;1;0;0;0;0;0;787699,6404;5826425,25;13,24030881;52,51185954
12296;207278;11;8;8020620;2018;11;22;7;3;6;2;2;0;1;1;0;0;0;0;800786,117;5821431,763;13,42806727;52,4600429
12297;207279;11;1;1011202;2018;11;12;4;2;5;2;0;1;1;0;0;0;0;0;797197,8977;5827499,336;13,38082226;52,51639554
12298;207280;11;11;11030720;2018;11;16;2;3;2;6;0;0;1;0;0;0;0;0;805555,137;5830060,774;13,50595681;52,5347344
12299;207281;11;6;6010205;2018;11;16;3;3;2;2;2;0;1;0;0;0;0;1;795880,7229;5819369,835;13,35425342;52,44423719
12300;207282;11;1;1044201;2018;11;11;4;3;2;6;0;0;1;0;1;0;0;0;796976,4692;5831511,934;13,38115406;52,55248454
12301;207283;11;4;4030930;2018;11;10;2;3;1;5;0;1;1;0;0;0;0;0;792815,5462;5825762,456;13,31489709;52,50319559
12302;207284;11;11;11020411;2018;11;11;4;3;5;2;0;0;1;0;0;0;0;0;806007,9074;5832605,94;13,51495605;52,55729071
12303;207285;11;5;5020524;2018;11;7;2;2;5;3;0;0;1;0;1;0;0;1;783444,0586;5826734,855;13,17803351;52,51686366
12304;207286;11;12;12214421;2018;11;10;4;2;6;4;0;0;1;1;0;0;0;0;793419,6585;5833379,717;13,33049761;52,57115589
12305;207287;11;7;7040405;2018;11;16;3;3;6;2;2;0;1;1;0;0;0;1;798486,2372;5821896,503;13,39473344;52,46546975
12306;207288;11;3;3061429;2018;11;10;4;3;2;6;0;0;1;0;0;0;0;1;801211,4548;5830380,541;13,44240204;52,54001839
12307;207289;11;4;4030620;2018;11;9;3;3;5;7;0;0;1;0;0;0;0;1;792758,3674;5827044,958;13,31518512;52,51472348
12308;207290;11;1;1011301;2018;11;10;4;3;5;7;0;1;1;0;0;0;0;0;797149,0315;5828207,54;13,38073685;52,52277041
12309;207291;11;4;4030518;2018;11;10;4;3;5;2;0;1;0;0;0;0;0;0;791467,0778;5828249,951;13,29726602;52,52621769
12310;207292;11;4;4030725;2018;11;9;4;3;5;3;0;0;1;0;0;0;0;0;791191,6634;5825691,7;13,29097897;52,50343032
12311;207293;11;4;4030725;2018;11;8;4;2;5;2;0;0;1;0;1;0;0;0;791790,8722;5825888,907;13,29995471;52,50487814
12312;207294;11;3;3020307;2018;11;11;3;3;2;6;0;0;1;0;0;0;0;1;800746,9968;5838676,655;13,44310019;52,61463363
12313;207295;11;1;1011204;2018;11;8;4;3;5;2;0;1;1;0;0;0;0;0;798695,3668;5827086,798;13,40245465;52,51187964
12314;207296;11;4;4030620;2018;11;8;4;3;5;7;0;1;1;0;0;0;0;0;791853,8817;5827440,842;13,30224141;52,51875726
12315;207297;11;4;4030623;2018;11;7;4;3;6;7;0;0;1;1;0;0;0;1;793880,4093;5826828,57;13,33148138;52,51218026
12316;207298;11;5;5020627;2018;11;12;3;3;2;6;0;0;1;0;0;0;0;1;785142,6401;5828329,938;13,20436566;52,53027963
12317;207299;11;9;9031001;2018;11;7;4;3;0;1;0;0;0;0;1;0;0;1;808819,3116;5814862,623;13,53986538;52,3966901
12318;207300;11;2;2020204;2018;11;6;4;3;6;2;1;0;1;1;0;0;0;0;798295,8662;5824778,586;13,39451764;52,49140809
12319;207301;11;6;6010204;2018;11;8;3;3;2;6;0;0;1;0;0;0;1;1;795426,108;5820882,545;13,34892218;52,45804349
12320;207302;11;9;9010101;2018;11;5;4;3;2;2;2;1;1;0;0;0;0;1;802116,5726;5824765,877;13,45060975;52,48919308
12321;207303;11;2;2030302;2018;11;10;4;3;3;6;0;1;1;0;0;0;0;0;800502,6699;5826009,154;13,42803347;52,50122776
12322;207304;11;4;4030725;2018;11;14;4;3;8;1;0;0;1;0;0;0;0;0;791394,562;5826084,077;13,29430318;52,50683963
12323;207305;11;4;7030301;2018;11;8;4;2;0;1;0;1;0;0;0;0;0;1;793366,5069;5822919,125;13,32048766;52,47741025
12324;207306;11;12;12231101;2018;11;7;3;3;5;3;0;1;1;0;0;0;0;1;790535,7128;5837210,381;13,29142415;52,60704427
12325;207307;11;5;5010103;2018;11;19;3;3;0;6;2;0;0;0;0;0;1;0;784470,2318;5831676,142;13,19734614;52,56063304
12326;207308;11;10;10020517;2018;11;21;3;3;5;3;0;1;0;0;0;0;1;0;812920,7618;5830251,188;13,61437704;52,53226215
12327;207309;11;10;10010309;2018;11;18;1;2;5;2;2;1;1;0;0;0;0;1;807934,6073;5829198,169;13,54012811;52,52566473
12328;207310;11;11;11030720;2018;11;18;2;3;2;2;2;1;1;0;0;0;0;1;805203,6875;5828708,63;13,49955024;52,52281284
12329;207311;11;11;11040925;2018;11;9;3;3;0;3;0;1;1;0;0;0;0;0;803698,7103;5826382,587;13,47531378;52,50280546
12330;207312;11;1;1011302;2018;11;8;2;3;5;3;0;1;1;0;0;0;0;0;797993,6161;5828648,627;13,39354371;52,52626327
12331;207313;11;1;1011303;2018;11;19;3;3;0;1;2;0;0;0;1;0;0;0;799476,451;5828825,113;13,41549483;52,52703271
12332;207314;11;1;1022103;2018;11;11;3;3;3;6;0;0;1;0;0;0;0;1;793502,1707;5829374,583;13,32817079;52,53520767
12333;207315;11;8;8010211;2018;11;19;3;2;2;1;2;0;1;0;1;0;0;0;800640,8921;5823780,489;13,42805282;52,48117536
12334;207316;11;5;5020627;2018;11;18;3;3;5;2;2;1;0;0;0;0;1;0;785662,8369;5828038,789;13,21176317;52,52739686
12335;207317;11;4;4030931;2018;11;18;3;3;0;7;2;0;1;0;1;0;0;0;793778,6202;5825527,256;13,32883741;52,50056946
12336;207318;11;2;2050803;2018;11;7;3;3;2;6;1;0;1;0;1;0;0;1;802462,5972;5826335,754;13,45711584;52,50307228
12337;207319;11;1;1011103;2018;11;18;3;3;5;2;2;1;0;0;1;0;0;0;795204,078;5825904,697;13,35011057;52,50318367
12338;207320;11;11;11040926;2018;11;12;2;3;6;4;0;0;1;1;0;0;0;1;806440,2987;5826890,622;13,51604574;52,5058259
12339;207321;11;5;5010103;2018;11;7;2;3;2;6;0;0;1;0;0;0;0;0;783731,3386;5830633,217;13,18558396;52,55166761
12340;207322;11;1;1044203;2018;11;16;1;3;2;6;0;0;1;0;0;0;0;1;795071,4715;5831244,215;13,35290105;52,55112003
12341;207323;11;11;11010310;2018;11;10;3;3;2;6;0;0;1;0;0;0;0;0;805744,0592;5833555,068;13,51195074;52,56594519
12342;207324;11;5;5010314;2018;11;15;3;3;3;6;1;1;0;0;0;0;0;1;785191,2559;5829361,547;13,20596566;52,53950351
12343;207325;11;6;6020409;2018;11;17;5;3;4;7;2;1;0;0;0;0;0;0;793796,5634;5817578,71;13,32210327;52,42930415
12344;207326;11;10;10020519;2018;11;12;1;3;0;2;0;0;0;1;1;0;0;0;812494,3686;5829951,053;13,60782938;52,52981722
12345;207327;11;2;2020206;2018;11;8;4;3;5;2;0;1;1;0;0;0;0;0;799809,5407;5824993,785;13,41693904;52,49250779
12346;207328;11;1;1033202;2018;11;20;1;3;5;2;2;1;1;0;0;0;0;0;797542,8673;5829415,72;13,38760572;52,53338552
12347;207329;11;4;4020311;2018;11;19;4;3;5;3;2;0;1;0;0;0;0;0;790215,0782;5826449,032;13,27729198;52,51074022
12348;207330;11;4;4041342;2018;11;12;1;2;5;2;0;1;1;0;0;0;0;0;791983,0204;5822391,492;13,29971321;52,47342149
12349;207331;11;11;11040926;2018;11;10;4;3;2;6;0;1;0;0;0;0;1;0;804751,9006;5825973,037;13,49040716;52,49854767
12350;207332;11;9;9020501;2018;11;10;1;3;5;3;0;0;1;0;0;0;0;0;805946,56;5822646,495;13,50489818;52,46806547
12351;207333;11;1;1011301;2018;11;7;4;3;5;2;0;1;1;0;0;0;0;0;797077,8347;5828989,213;13,38038892;52,52981602
12352;207334;11;2;2020204;2018;11;8;5;3;0;1;0;0;1;0;1;0;0;0;798267,1841;5824786,034;13,39410311;52,49149052
12353;207335;11;11;11030619;2018;11;8;1;3;1;5;0;0;1;0;0;0;0;0;803687,6799;5829463,799;13,47796411;52,53042763
12354;207336;11;6;6010102;2018;11;7;4;3;6;4;0;0;1;1;0;0;0;0;793643,8465;5820604,159;13,32252227;52,45650838
12355;207337;11;1;1011303;2018;11;1;1;3;6;4;2;0;1;1;0;0;0;0;799498,019;5828344,449;13,41537892;52,52271245
12356;207338;11;6;6030605;2018;11;6;4;3;2;2;0;0;1;0;0;0;0;0;791753,139;5819293,432;13,29363067;52,44577027
12357;207339;11;9;9041501;2018;11;22;1;3;1;5;2;0;1;0;0;0;0;1;811366,3255;5820121,258;13,58207192;52,44237399
12358;207340;11;1;1033101;2018;11;13;6;3;2;6;0;0;1;0;0;0;1;0;796665,7008;5831974,024;13,37699695;52,55679601
12359;207341;11;12;12214424;2018;11;22;1;3;5;2;2;0;1;0;0;0;1;1;793486,1008;5832426,351;13,33063169;52,56257372
12360;207342;11;7;7060603;2018;11;6;4;2;1;1;0;0;1;0;1;0;0;0;798066,8761;5816759,248;13,38399633;52,41964872
12361;207343;11;1;1022201;2018;11;17;1;3;5;3;1;0;1;0;1;0;0;1;795088,9049;5828867,816;13,35104676;52,52980811
12362;207344;11;8;8010301;2018;11;18;1;3;1;5;2;1;1;0;0;0;0;1;800544,5736;5824451,258;13,42724353;52,48724072
12363;207345;11;6;6020303;2018;11;11;4;3;0;2;0;0;1;0;0;0;1;0;795264,3434;5818618,545;13,34454719;52,43783551
12364;207346;11;2;2040703;2018;11;4;5;2;5;2;2;0;1;0;0;0;0;0;801742,0158;5826255,497;13,44645935;52,50275188
12365;207347;11;3;3061126;2018;11;18;1;3;2;2;2;1;1;0;0;0;0;1;799244,5983;5831803,823;13,41477023;52,55385953
12366;207348;11;4;4041133;2018;11;19;1;3;3;6;2;0;1;0;0;0;0;0;790559,7471;5825205,1;13,28127079;52,4994048
12367;207349;11;1;1011401;2018;11;20;3;3;1;5;2;1;1;0;0;0;0;0;798175,2682;5829351,736;13,39684397;52,53246639
12368;207350;11;6;6040703;2018;11;20;1;2;0;1;2;0;1;0;0;0;0;1;785386,2348;5817648,299;13,19880255;52,43438041
12369;207351;11;7;7020203;2018;11;3;7;2;3;6;2;1;0;0;0;0;1;0;795274,6075;5824389,905;13,34980387;52,4895665
12370;207352;11;5;5020629;2018;11;15;3;3;5;2;0;0;1;0;0;0;0;0;785567,742;5826166,963;13,20875831;52,5106641