;OBJECTID;LAND;BEZ;LOR;UJAHR;UMONAT;USTUNDE;UWOCHENTAG;UKATEGORIE;UART;UTYP1;ULICHTVERH;IstRad;IstPKW;IstFuss;IstKrad;IstGkfz;IstSonstige;USTRZUSTAND;LINREFX;LINREFY;XGCSWGS84;YGCSWGS84
12371;207353;11;1;1022106;2018;11;17;7;3;2;5;2;0;1;0;0;0;0;0;794260,3147;5828333,045;13,33839415;52,52546214
12372;207354;11;10;10020413;2018;11;7;6;2;6;4;1;0;1;1;0;0;0;1;811347,2233;5830419,888;13,59141258;52,53467493
12373;207355;11;9;9020701;2018;11;7;7;3;5;3;1;1;1;0;0;0;0;0;807643,4362;5819360,867;13,52677271;52,43766627
12374;207356;11;1;1033102;2018;11;17;4;3;5;2;2;0;1;0;0;0;0;0;797680,7742;5831317,438;13,39133684;52,55035669
12375;207357;11;4;4030415;2018;11;20;7;2;9;1;2;0;1;0;0;0;0;0;791679,0226;5827745,335;13,2999387;52,52158055
12376;207358;11;1;1044201;2018;11;20;7;2;6;2;2;0;1;1;0;0;0;0;796703,1644;5831625,475;13,37723639;52,55365126
12377;207359;11;1;2010101;2018;11;19;4;3;2;2;2;1;1;0;0;0;0;1;797044,8213;5826531,225;13,3777089;52,50780086
12378;207360;11;4;4051446;2018;11;12;7;3;1;5;0;1;1;0;0;0;1;0;792884,7363;5824345,404;13,31466753;52,49045502
12379;207361;11;9;9052001;2018;11;11;7;3;2;2;0;0;1;0;0;0;0;0;809220,3718;5823020,863;13,55328579;52,46957752
12380;207362;11;2;2050601;2018;11;17;3;1;6;4;2;0;0;1;0;0;1;0;801847,0014;5828996,757;13,45048802;52,52726386
12381;207363;11;4;4030415;2018;11;11;7;3;5;2;0;1;1;0;0;0;0;0;791672,4039;5827545,115;13,29966585;52,51978915
12382;207364;11;6;6020303;2018;11;11;7;3;0;7;0;0;1;0;0;0;1;0;795317,9051;5818507,962;13,34523514;52,43681527
12383;207365;11;5;5020524;2018;11;22;3;2;5;2;2;0;1;0;0;0;0;0;783895,2731;5826614,293;13,18456239;52,51554798
12384;207366;11;2;2010104;2018;11;10;7;3;5;3;0;0;0;0;1;0;1;0;799578,3369;5825668,437;13,41415053;52,49868198
12385;207367;11;1;1011301;2018;11;19;5;3;1;5;2;0;1;0;0;0;0;0;797053,0071;5829317,498;13,38031735;52,53277226
12386;207368;11;6;6040808;2018;11;10;7;3;5;3;0;0;1;0;0;0;0;0;789985,431;5819213,68;13,26762529;52,44599569
12387;207369;11;3;3071537;2018;11;9;4;3;2;6;0;1;0;0;0;0;0;0;799901,3746;5829991,252;13,42279175;52,53725164
12388;207370;11;3;3020203;2018;11;6;7;3;0;7;2;0;1;0;0;0;0;0;798611,9922;5837379,193;13,41048977;52,6041813
12389;207371;11;2;2020204;2018;11;21;3;3;5;2;2;1;1;0;0;0;0;0;798885,4568;5825088,15;13,40345339;52,49386041
12390;207372;11;2;2050601;2018;11;0;7;3;1;1;2;0;1;0;1;0;0;0;802035,8346;5828273,6;13,45260632;52,52067764
12391;207373;11;3;3040614;2018;11;20;7;3;5;3;2;1;1;0;0;0;0;0;798847,7106;5833244,827;13,41023146;52,56699383
12392;207374;11;3;3020209;2018;11;21;3;2;6;2;2;0;1;1;0;0;0;0;798343,935;5834830,5;13,40424762;52,58148335
12393;207375;11;4;4051655;2018;11;18;7;3;9;1;2;0;1;0;0;0;0;0;793909,6897;5823315,572;13,32881193;52,48067218
12394;207376;11;9;9010401;2018;11;15;7;3;3;6;0;0;1;0;0;0;1;0;806312,9352;5820868,799;13,50864358;52,45192777
12395;207377;11;5;5030731;2018;11;21;3;3;5;3;2;0;1;0;0;0;0;0;788031,178;5829380,608;13,24774052;52,53818069
12396;207378;11;11;11020513;2018;11;15;7;3;1;5;0;0;1;0;0;1;0;0;803990,9558;5831368,498;13,48416364;52,54732965
12397;207379;11;4;4030623;2018;11;21;3;3;9;1;1;0;0;0;1;0;0;0;793255,6526;5826910,994;13,32237428;52,51325541
12398;207380;11;6;6010208;2018;11;16;5;3;5;3;2;1;1;0;0;0;0;0;794312,6855;5820581,019;13,33231684;52,45594119
12399;207381;11;8;8020622;2018;11;14;7;3;2;6;0;0;1;0;0;0;0;0;801405,4599;5820200,966;13,43604447;52,44866967
12400;207382;11;6;6040810;2018;11;19;3;3;0;3;2;0;1;0;1;0;0;0;792066,6814;5821474,876;13,300139;52,46515939
12401;207383;11;2;2020204;2018;11;13;7;3;5;3;0;0;1;0;0;0;0;0;798475,78;5825219,172;13,39755437;52,49525903
12402;207384;11;7;7050506;2018;11;18;3;3;5;3;2;0;1;0;1;0;0;0;798561,706;5816879,567;13,39135851;52,42045753
12403;207385;11;1;1044101;2018;11;13;7;3;5;7;0;0;1;0;0;0;0;1;793971,9995;5832015,888;13,3374156;52,55863207
12404;207386;11;4;4020311;2018;11;13;6;3;4;6;0;1;1;0;0;0;0;0;788992,1113;5826561,202;13,2594191;52,51239515
12405;207387;11;2;2020203;2018;11;18;3;3;6;2;2;0;0;1;0;0;1;0;797752,6632;5824596,906;13,38637829;52,4900761
12406;207388;11;7;7070701;2018;11;7;5;3;5;3;0;0;1;0;0;0;0;0;799171,2677;5816202,242;13,39969001;52,41405324
12407;207389;11;1;1033203;2018;11;17;6;3;2;6;2;0;1;0;0;0;1;0;796894,391;5831361,09;13,37981217;52,55117715
12408;207390;11;7;7040403;2018;11;17;3;3;2;6;2;0;1;0;0;0;1;0;797298,5195;5821482,517;13,37693294;52,46240633
12409;207391;11;2;2010103;2018;11;19;6;3;5;3;2;1;1;0;0;0;0;0;799281,6423;5826219,694;13,41028837;52,50378598
12410;207392;11;4;4030931;2018;11;17;3;3;0;3;2;0;1;0;0;0;1;1;793926,6729;5825881,076;13,33132451;52,50366154
12411;207393;11;1;1044203;2018;11;9;5;2;3;6;0;0;0;0;1;1;0;0;795089,975;5831262,321;13,35318925;52,55127231
12412;207394;11;5;5030731;2018;11;16;6;3;5;2;1;0;1;0;1;0;0;0;787688,7105;5829987,391;13,24323049;52,54380169
12413;207395;11;1;1011303;2018;11;17;3;3;2;6;2;0;1;0;1;0;0;0;799209,9854;5828464,804;13,41125451;52,52394938
12414;207396;11;3;3040614;2018;11;8;6;3;1;5;0;1;1;0;0;0;0;0;798100,4329;5833061,666;13,39907434;52,56576175
12415;207397;11;2;2050802;2018;11;17;3;3;1;5;2;1;1;0;0;0;0;0;802768,2824;5827223,884;13,46241333;52,51086299
12416;207398;11;7;7010101;2018;11;18;6;3;6;2;2;0;1;1;0;0;0;0;794993,5065;5824905,558;13,34613235;52,49434096
12417;207399;11;2;2050801;2018;11;14;6;3;5;3;0;1;0;0;0;0;1;0;803463,8423;5827401,071;13,47279264;52,51206457
12418;207400;11;12;12231101;2018;11;17;6;2;5;3;2;0;1;0;1;0;0;0;791131,9226;5839423,846;13,302152;52,62656828
12419;207401;11;11;11030720;2018;11;8;3;3;3;6;0;1;0;0;0;1;0;0;805181,9496;5828716,087;13,49923768;52,52289184
12420;207402;11;4;4010101;2018;11;20;4;2;0;1;2;1;0;0;0;0;0;1;791159,1795;5829357,947;13,29371084;52,53631528
12421;207403;11;7;7070701;2018;11;17;6;2;1;7;2;0;1;0;0;0;0;0;798873,8759;5815450,708;13,39465955;52,40747904
12422;207404;11;12;12214424;2018;11;16;6;3;1;5;2;1;1;0;0;0;1;0;793163,6958;5832622,686;13,32606257;52,56450745
12423;207405;11;1;1044103;2018;11;7;3;3;3;6;0;0;1;0;0;0;0;0;794816,8064;5830314,645;13,34833082;52,54292506
12424;207406;11;2;2010101;2018;11;15;6;3;0;4;1;0;1;1;0;0;0;0;797204,6232;5826027,892;13,37960719;52,503202
12425;207407;11;7;7050501;2018;11;16;6;3;2;7;1;0;1;0;0;0;0;0;797758,8727;5820403,249;13,38272637;52,45248119
12426;207408;11;9;9010402;2018;11;7;3;3;5;2;1;1;1;0;0;0;0;0;806722,909;5820287,651;13,51412408;52,44648945
12427;207409;11;1;1011204;2018;11;8;6;3;1;5;0;1;1;0;0;0;0;0;798791,2943;5827462,892;13,40420167;52,51519827
12428;207410;11;5;5020627;2018;11;12;6;3;8;1;0;0;1;0;0;0;0;0;785136,5075;5828334,384;13,20427931;52,5303227
12429;207411;11;11;11010103;2018;11;6;3;2;6;4;2;0;1;1;0;0;0;1;808704,9874;5834229,556;13,55612421;52,57031895
12430;207412;11;8;8020728;2018;11;11;6;3;2;6;0;0;1;0;0;0;1;0;802097,174;5817688,196;13,44392091;52,42576538
12431;207413;11;8;8010301;2018;11;21;3;3;5;2;2;1;1;0;0;0;0;0;800429,6109;5824492,082;13,42559233;52,48766992
12432;207414;11;1;1044201;2018;11;11;6;3;5;3;0;1;1;0;0;0;0;0;796115,312;5831189,894;13,36820281;52,55006664
12433;207415;11;11;11030720;2018;11;20;6;3;0;6;2;0;1;0;0;0;0;0;804222,1455;5829847,318;13,48616972;52,53356694
12434;207416;11;4;4051447;2018;11;15;6;3;4;6;0;1;0;0;0;0;0;0;793357,6946;5824667,379;13,32189694;52,49308745
12435;207417;11;2;2020203;2018;11;17;4;3;5;2;2;1;1;0;0;0;0;0;796896,9364;5823983,684;13,37326572;52,48504525
12436;207418;11;4;4030930;2018;11;11;6;3;2;6;0;0;1;0;0;0;1;0;792897,2077;5825519,492;13,31588303;52,50097366
12437;207419;11;12;12231101;2018;11;11;6;3;5;3;0;0;1;0;0;0;0;0;791655,2994;5839391,742;13,309834;52,62599973
12438;207420;11;8;8010301;2018;11;16;3;3;2;6;1;0;1;0;1;0;0;1;800397,0669;5824757,1;13,42535337;52,49006328
12439;207421;11;7;7040406;2018;11;10;6;2;6;4;0;0;1;1;0;0;0;0;800082,7515;5821927,983;13,41819217;52,46487744
12440;207422;11;1;1022201;2018;11;10;6;3;0;2;0;1;0;0;1;0;0;1;795045,3996;5829172,099;13,35067736;52,53255932
12441;207423;11;4;4030621;2018;11;16;3;3;6;4;1;1;0;1;0;0;0;0;793187,3928;5827867,242;13,322214;52,52186446
12442;207424;11;8;8010301;2018;11;9;6;3;3;6;0;0;0;0;1;0;1;0;800938,626;5824236,326;13,43283529;52,48509716
12443;207425;11;4;4030828;2018;11;13;3;3;1;5;0;1;1;0;0;0;0;0;793222,1089;5826079,098;13,32114852;52,50581582
12444;207426;11;11;11030721;2018;11;18;5;2;6;2;2;0;1;1;0;0;0;0;803808,797;5827699,837;13,47813286;52,51455032
12445;207427;11;2;2040701;2018;11;9;6;3;5;2;0;0;1;0;0;0;1;0;800673,7921;5827578,071;13,43196395;52,51519614
12446;207428;11;4;4010102;2018;11;23;5;2;5;3;2;0;1;0;0;0;0;0;793338,356;5829762,423;13,32610492;52,53877265
12447;207429;11;1;1011204;2018;11;8;6;3;5;2;0;1;0;0;0;0;1;0;797853,2027;5826870,571;13,38988817;52,51040194
12448;207430;11;4;4041344;2018;11;16;4;2;5;2;1;0;1;0;0;0;0;0;793377,2359;5822322,193;13,3201201;52,4720532
12449;207431;11;4;4051549;2018;11;8;6;3;2;2;0;1;1;0;0;0;0;0;793312,7393;5823635,053;13,32032808;52,48385717
12450;207432;11;6;6020304;2018;11;12;3;3;6;2;0;0;1;1;0;0;0;0;794744,5445;5817796,645;13,33619802;52,43074793
12451;207433;11;3;3040818;2018;11;7;6;2;3;2;0;1;1;0;0;0;0;0;799721,758;5832500,893;13,42241645;52,55984522
12452;207434;11;1;1022206;2018;11;7;6;2;6;4;0;0;1;1;0;0;0;0;795912,9894;5828313,003;13,36266579;52,524388
12453;207435;11;4;4020313;2018;11;12;3;3;5;3;0;1;1;0;0;0;0;0;790740,8358;5826718,263;13,28525246;52,5128739
12454;207436;11;10;10030724;2018;11;7;6;3;0;2;0;1;1;0;0;0;0;0;809654,1804;5829677,231;13,56584005;52,52898402
12455;207437;11;1;1011204;2018;11;11;3;3;5;7;0;1;1;0;0;0;0;0;797970,8049;5826971,98;13,3917067;52,51124672
12456;207438;11;8;8010301;2018;11;13;5;3;5;3;0;1;0;0;0;0;1;0;800675,773;5824385,507;13,4291106;52,48657913
12457;207439;11;7;7030301;2018;11;18;5;3;1;5;2;1;1;0;0;0;0;0;794202,717;5822914,518;13,33276049;52,47691914
12458;207440;11;2;2010102;2018;11;10;3;3;3;6;0;1;1;0;0;0;0;0;798334,3999;5825557,189;13,39578077;52,49836622
12459;207441;11;1;1011202;2018;11;18;5;3;5;3;2;1;1;0;0;0;0;0;798548,1438;5827805,651;13,40093667;52,51840378
12460;207442;11;1;1022104;2018;11;8;3;3;5;2;0;1;1;0;0;0;0;0;793700,8865;5828502,027;13,33032116;52,52727863
12461;207443;11;4;4030622;2018;11;17;5;3;0;1;2;1;0;0;0;0;0;0;792466,6262;5826903,675;13,31077398;52,51361344
12462;207444;11;6;6030504;2018;11;17;5;2;1;5;2;0;1;0;0;0;0;0;790517,697;5817115,829;13,27361158;52,42690535
12463;207445;11;5;5010339;2018;11;8;3;3;5;2;0;0;1;0;0;0;0;0;786798,4769;5828396,65;13,2287661;52,53000905
12464;207446;11;7;7060604;2018;11;16;5;3;5;2;1;1;1;0;0;0;0;0;796455,2686;5815900,757;13,3596069;52,41282833
12465;207447;11;4;4030518;2018;11;8;3;3;4;6;0;1;1;0;0;0;0;0;791579,6608;5828146,936;13,29883049;52,52523398
12466;207448;11;1;1011303;2018;11;15;5;3;5;3;0;1;0;0;0;0;1;0;799511,705;5828130,703;13,41538756;52,52078903
12467;207449;11;6;6020409;2018;11;8;3;3;2;7;0;0;1;0;0;0;1;0;793900,4299;5817525,002;13,32357935;52,42876688
12468;207450;11;3;3061430;2018;11;9;5;2;1;5;0;1;1;0;0;0;1;0;802271,7338;5829171,631;13,45688875;52,52859593
12469;207451;11;5;5020627;2018;11;15;5;3;5;2;0;0;1;0;0;0;1;0;785183,5832;5828319,314;13,20495848;52,53016296
12470;207452;11;7;7030301;2018;11;19;2;3;5;2;2;1;1;0;0;0;0;0;794082,9779;5822170,903;13,33034692;52,47031746
12471;207453;11;8;8020620;2018;11;15;5;2;5;2;0;0;1;0;1;0;0;1;801431,6506;5820634,349;13,4368198;52,45253978
12472;207454;11;3;3010101;2018;11;19;2;3;6;6;2;0;1;1;0;0;0;1;804085,1877;5841962,203;13,49527557;52,64222237
12473;207455;11;1;1022104;2018;11;17;5;3;5;2;1;1;1;0;0;0;0;0;794560,7859;5829090,37;13,34348126;52,53208878
12474;207456;11;7;7040405;2018;11;14;6;2;6;4;0;0;1;1;0;0;0;0;799617,4968;5820921,794;13,41046105;52,45611369
12475;207457;11;11;11051332;2018;11;14;5;2;6;4;0;0;0;1;0;0;1;0;806659,1808;5824234,513;13,5168158;52,48189824
12476;207458;11;8;8010303;2018;11;19;4;3;5;7;2;1;1;0;0;0;0;0;801195,9608;5823795,94;13,43621563;52,48100798
12477;207459;11;2;2030401;2018;11;22;5;3;0;7;2;0;1;0;1;0;0;0;800772,1533;5825611,086;13,43163204;52,4975113
12478;207460;11;10;10030727;2018;11;19;2;3;6;4;2;1;0;1;0;0;0;1;808799,132;5825899,6;13,54977062;52,49561467
12479;207461;11;8;8020727;2018;11;7;5;3;2;2;1;0;1;0;0;0;0;0;800636,6858;5816193,94;13,4211639;52,41317598
12480;207462;11;1;1011303;2018;11;12;5;3;6;4;0;0;1;1;0;0;0;0;798935,2523;5828378,764;13,40713981;52,52332885
12481;207463;11;12;12301203;2018;11;19;5;3;5;2;2;0;1;0;0;0;0;0;792353,6026;5834061,831;13,31541403;52,57784439
12482;207464;11;5;5030730;2018;11;18;2;3;4;1;1;0;1;0;0;0;0;1;787170,7245;5830665,717;13,23619979;52,55015652
12483;207465;11;7;7040401;2018;11;12;5;3;1;5;0;1;1;0;0;0;0;0;797146,9229;5823862,319;13,37682815;52,48382134
12484;207466;11;4;4030620;2018;11;12;5;3;5;3;0;1;1;0;0;0;0;0;791779,135;5827470,222;13,30116871;52,51906065
12485;207467;11;5;5020627;2018;11;18;2;3;2;6;2;0;1;0;0;0;0;1;785340,1127;5828202,825;13,20715972;52,52903661
12486;207468;11;9;9020802;2018;11;12;5;3;2;6;0;0;1;0;0;0;0;0;810834,65;5818496,471;13,57276425;52,42811569
12487;207469;11;2;2030301;2018;11;7;6;3;5;2;0;1;0;0;0;1;0;0;800138,3046;5825758,498;13,42245588;52,49918156
12488;207470;11;11;11041128;2018;11;18;5;2;6;4;2;0;1;1;0;0;0;0;805958,7753;5826189,867;13,50832951;52,49981573
12489;207471;11;8;8010404;2018;11;17;4;2;6;7;2;0;1;1;0;0;0;0;802020,8266;5823294,477;13,44787091;52,47605773
12490;207472;11;4;4030519;2018;11;17;5;3;5;2;2;0;1;0;1;0;0;0;792078,8076;5828568,685;13,30653744;52,52874768
12491;207473;11;4;4031032;2018;11;12;5;3;1;5;0;1;1;0;0;0;0;0;791803,3642;5825197,277;13,29953216;52,49867109
12492;207474;11;10;10020414;2018;11;16;2;3;5;3;2;0;1;0;0;0;0;1;812172,8142;5830978,014;13,60406911;52,53920415
12493;207475;11;9;9031101;2018;11;11;5;3;0;7;0;1;1;0;0;0;0;0;810841,5383;5818462,638;13,57283379;52,42780858
12494;207476;11;11;11030721;2018;11;10;5;3;5;3;0;0;1;0;0;0;1;0;805160,5074;5827723,063;13,49801177;52,51400392
12495;207477;11;1;1011401;2018;11;9;5;3;0;1;0;0;0;0;1;0;0;0;798119,0657;5829344,239;13,39601115;52,53242994
12496;207478;11;7;7010104;2018;11;9;5;3;2;2;0;0;1;0;0;0;0;0;796468,0035;5824882,9;13,36776751;52,49333896
12497;207479;11;4;4041134;2018;11;15;2;3;5;2;0;0;1;0;0;0;1;1;790849,8282;5823813,11;13,28431683;52,486771
12498;207480;11;2;2010102;2018;11;9;5;3;5;3;0;1;1;0;0;0;0;0;798440,3057;5826524,839;13,3982035;52,50698203
12499;207481;11;7;7010101;2018;11;8;5;3;2;6;0;0;1;0;0;0;0;0;794476,9394;5825453,727;13,33903013;52,49953392
12500;207482;11;12;12301203;2018;11;14;2;3;6;4;0;0;1;1;0;0;0;1;792510,5663;5834384,099;13,31800819;52,58064902
12501;207483;11;4;4030931;2018;11;8;5;3;1;5;0;1;1;0;0;0;0;0;794367,5209;5825669,76;13,33761385;52,50152956
12502;207484;11;7;7020202;2018;11;19;5;3;2;6;2;1;1;0;0;0;0;0;794971,7344;5823958,661;13,34497439;52,48586442
12503;207485;11;2;2050803;2018;11;8;5;3;5;2;0;1;1;0;0;0;0;0;801941,0598;5826197,768;13,4493305;52,50212434
12504;207486;11;1;1022101;2018;11;16;4;2;5;3;2;0;1;0;1;0;0;0;793354,2605;5829058,426;13,32571732;52,53245311
12505;207487;11;7;7030303;2018;11;8;5;3;0;2;0;1;0;0;0;0;1;0;795406,7638;5821002,748;13,34874467;52,45913149
12506;207488;11;8;8020625;2018;11;14;2;3;5;7;0;0;1;0;0;0;0;1;801449,4797;5818155,263;13,43484517;52,43030908
12507;207489;11;9;9031001;2018;11;7;5;3;5;3;0;1;1;0;0;0;0;1;811072,2979;5815663,297;13,57361523;52,40259071
12508;207490;11;3;3040614;2018;11;14;2;3;5;2;0;1;1;0;0;0;0;1;799874,5978;5835602,488;13,42746916;52,58756144
12509;207491;11;2;2020204;2018;11;6;5;3;2;3;1;1;1;0;0;0;0;0;798426,7425;5824786,302;13,39644647;52,49140572
12510;207492;11;1;1011303;2018;11;13;2;2;0;1;0;1;0;0;0;0;0;1;799590,1347;5828480,681;13,41685527;52,52388295
12511;207493;11;7;7060604;2018;11;12;5;3;2;7;0;0;1;0;1;0;0;0;795822,27;5815620,521;13,35007968;52,41065862
12512;207494;11;12;12214421;2018;11;13;2;3;5;3;0;0;1;0;0;0;0;1;793431,1898;5833455,288;13,33073413;52,57182712
12513;207495;11;9;9020702;2018;11;5;5;3;8;1;2;0;1;0;0;0;0;1;809056,137;5820699,946;13,54872718;52,44887062
12514;207496;11;6;6020306;2018;11;13;2;3;5;3;0;1;1;0;0;0;0;1;796228,1775;5817019,424;13,35726809;52,42297935
12515;207497;11;12;12231102;2018;11;17;5;3;6;7;2;1;0;1;0;0;0;0;789464,2126;5839728,984;13,27784988;52,63019507
12516;207498;11;2;2030302;2018;11;0;5;3;2;6;2;0;1;0;0;0;0;0;800739,005;5826528,659;13,43197386;52,50575403
12517;207499;11;12;12301203;2018;11;13;2;3;5;2;0;1;1;0;0;0;0;1;793439,5775;5836096,49;13,33319624;52,59549927
12518;207500;11;1;1022104;2018;11;21;4;2;2;6;2;0;1;0;0;0;0;0;794542,3316;5829091,053;13,3432106;52,53210488
12519;207501;11;1;1022201;2018;11;12;2;3;1;5;0;0;1;0;0;0;1;0;794853,4717;5828991,019;13,34769547;52,53103993
12520;207502;11;4;4030929;2018;11;20;4;2;0;7;2;0;1;0;1;0;0;0;792334,3235;5825715,059;13,30778603;52,50302872
12521;207503;11;1;1011203;2018;11;19;4;3;6;4;2;0;1;1;0;0;0;0;797912,9251;5827274,529;13,39112719;52,51399031
12522;207504;11;10;10040933;2018;11;13;2;3;2;6;0;0;1;0;0;0;0;1;813084,1541;5826577,712;13,61332163;52,49925034
12523;207505;11;6;6010208;2018;11;8;5;3;5;3;0;1;1;0;0;0;0;0;794125,1327;5820615,236;13,32959475;52,45634889
12524;207506;11;2;2050803;2018;11;19;4;3;3;6;2;1;1;0;0;0;0;0;803054,0179;5825719,671;13,46524173;52,49722226
12525;207507;11;1;1011401;2018;11;12;2;3;0;6;0;0;1;0;0;0;1;1;797613,6653;5829224,315;13,38847501;52,53163115
12526;207508;11;1;1011301;2018;11;7;4;3;0;6;2;1;0;0;0;0;1;0;796740,2495;5829662,602;13,3760282;52,5360361
12527;207509;11;4;4030931;2018;11;19;4;3;1;5;2;1;1;0;0;0;0;1;794282,0936;5825515,293;13,33622247;52,50019093
12528;207510;11;6;6010101;2018;11;12;2;3;0;7;0;0;1;0;0;0;0;1;792656,6511;5821104,463;13,30847375;52,46152302
12529;207511;11;4;4030725;2018;11;17;4;3;3;6;2;0;1;0;1;0;0;0;791927,0138;5826115,251;13,30215329;52,50683445
12530;207512;11;6;6010210;2018;11;9;2;3;2;6;0;0;1;0;0;0;0;0;795196,5562;5821181,467;13,34581787;52,46084718
12531;207513;11;7;7050501;2018;11;17;4;2;1;5;2;0;1;0;1;0;0;0;797451,7257;5818696,006;13,37669989;52,43734463
12532;207514;11;11;11010207;2018;11;17;4;3;5;2;2;0;0;0;1;0;0;1;805088,7688;5834615,016;13,50328795;52,57581238
12533;207515;11;3;3040614;2018;11;9;2;2;2;6;0;0;1;0;1;0;1;1;799708,2339;5834113,704;13,42367468;52,57430877
12534;207516;11;8;8010510;2018;11;8;4;3;1;5;0;1;1;0;0;0;0;0;803598,1685;5821655,605;13,46953272;52,46049428
12535;207517;11;3;3071633;2018;11;17;4;3;5;3;2;1;1;0;0;0;0;0;800027,2852;5830417,144;13,42502715;52,54099975
12536;207518;11;7;7030303;2018;11;16;4;2;1;5;2;0;1;0;1;0;0;1;794988,5818;5822271,685;13,34372942;52,47073264
12537;207519;11;8;8010301;2018;11;9;2;3;0;5;0;0;1;0;0;0;0;1;800329,5223;5824879,56;13,42447192;52,49119811
12538;207520;11;9;9052001;2018;11;18;4;3;0;1;2;1;0;0;0;0;0;1;809589,9098;5823104,05;13,55878575;52,47011374
12539;207521;11;1;1011302;2018;11;16;4;3;5;3;1;1;0;0;0;0;1;0;797682,806;5828783,407;13,38909649;52,52764121
12540;207522;11;5;5010101;2018;11;9;2;3;2;2;0;0;1;0;0;0;1;0;785294,4429;5832414,915;13,21010698;52,56682551
12541;207523;11;7;7060604;2018;11;15;4;2;5;3;0;1;1;0;0;0;0;0;797732,1858;5815402,2;13,37788223;52,40766624
12542;207524;11;3;3061429;2018;11;19;5;3;6;2;2;0;1;1;0;0;0;0;801726,9997;5830103,382;13,44972896;52,53724901
12543;207525;11;7;7010103;2018;11;14;4;3;5;3;0;1;1;0;0;0;0;0;795496,3208;5824836,485;13,35345582;52,49344979
12544;207526;11;6;6030609;2018;11;8;2;2;0;3;0;1;0;0;0;0;1;0;792247,7244;5818662,66;13,30033539;52,4398513
12545;207527;11;12;12301203;2018;11;18;4;2;2;2;1;0;1;0;0;0;0;0;793954,134;5835299,828;13,34006397;52,58807992
12546;207528;11;10;10040932;2018;11;12;6;3;5;3;0;0;1;0;0;0;0;1;812694,0482;5827661,552;13,60861141;52,50918638
12547;207529;11;2;2020204;2018;11;18;4;3;2;6;0;0;1;0;0;0;0;0;798306,6155;5825484,515;13,3953076;52,49772997
12548;207530;11;11;11051332;2018;11;18;4;2;0;1;2;0;1;0;0;0;0;1;807220,9051;5824048,995;13,52489056;52,47991987
12549;207531;11;2;2050804;2018;11;15;4;3;5;7;1;1;1;0;0;0;0;1;803147,4048;5825729,891;13,46662247;52,497262
12550;207532;11;1;1011202;2018;11;17;4;3;5;7;1;1;1;0;0;0;0;0;798323,2204;5827909,762;13,39772503;52,51946008
12551;207533;11;3;3071537;2018;11;9;2;3;5;2;0;1;0;0;0;0;1;1;799684,3389;5829247,705;13,41893095;52,53070633
12552;207534;11;1;1011203;2018;11;12;4;3;1;5;0;1;0;0;0;0;1;0;798387,5778;5827583,966;13,3983785;52,51650455
12553;207535;11;8;8041035;2018;11;7;4;3;2;2;0;0;1;0;0;0;0;1;804343,5562;5818308,825;13,47742134;52,43008319
12554;207536;11;5;5020625;2018;11;17;2;3;0;7;2;0;0;0;1;0;0;1;784682,9309;5828536,226;13,19778381;52,53236949
12555;207537;11;6;6040703;2018;11;7;4;3;5;2;0;0;1;0;0;0;0;1;784858,6091;5817527,838;13,19095968;52,43357537
12556;207538;11;4;4051654;2018;11;17;2;3;2;6;2;1;1;0;0;0;0;0;793983,92;5824048,413;13,33054814;52,48720179
12557;207539;11;6;6020408;2018;11;18;5;3;1;5;2;1;1;0;0;0;0;0;792618,7387;5815215,07;13,30276222;52,40874551
12558;207540;11;1;1022201;2018;11;6;4;3;1;5;1;1;1;0;0;0;0;0;795226,4432;5829340,676;13,35348835;52,53397244
12559;207541;11;3;3061434;2018;11;9;4;3;6;4;0;0;0;1;1;0;0;0;800707,0557;5829866,266;13,4345218;52,53568742
12560;207542;11;10;10010206;2018;11;5;4;3;3;6;2;0;1;0;1;0;0;1;809937,5679;5831802,14;13,57198602;52,5478654
12561;207543;11;11;11051331;2018;11;17;4;3;5;2;2;1;1;0;0;0;0;0;807339,2971;5825073,968;13,52757336;52,48903921
12562;207544;11;3;3061332;2018;11;13;4;3;5;2;0;0;0;0;1;0;1;0;799339,886;5830670,473;13,41514989;52,54364849
12563;207545;11;8;8041037;2018;11;7;2;3;5;3;1;1;1;0;0;0;0;0;806305,4847;5818062,314;13,50596235;52,42677895
12564;207546;11;4;4051448;2018;11;14;4;3;2;6;0;0;1;0;0;0;0;0;794139,957;5825266,917;13,33391525;52,498041
12565;207547;11;2;2020206;2018;11;11;4;3;5;3;0;1;1;0;0;0;0;0;800143,4692;5825079,615;13,42192005;52,49309361
12566;207548;11;10;10040933;2018;11;7;2;3;5;3;1;1;1;0;0;0;0;0;812498,8751;5824884,772;13,6031401;52,48441505
12567;207549;11;5;5030731;2018;11;10;4;3;3;6;0;0;1;0;0;0;0;1;786963,0109;5829575,143;13,23220253;52,54048836