;OBJECTID;LAND;BEZ;LOR;UJAHR;UMONAT;USTUNDE;UWOCHENTAG;UKATEGORIE;UART;UTYP1;ULICHTVERH;IstRad;IstPKW;IstFuss;IstKrad;IstGkfz;IstSonstige;USTRZUSTAND;LINREFX;LINREFY;XGCSWGS84;YGCSWGS84
12568;207550;11;8;8010118;2018;11;17;2;3;6;4;2;1;0;1;0;0;1;0;800862,9688;5822365,793;13,43003699;52,46837265
12569;207551;11;5;5010209;2018;11;15;5;3;5;2;0;0;1;0;0;0;0;0;783247,3744;5830290,138;13,17817253;52,54884339
12570;207552;11;1;1011306;2018;11;10;4;3;5;5;0;1;1;0;0;0;0;1;799396,1528;5826340,867;13,41207935;52,5048093
12571;207553;11;3;3030715;2018;11;6;2;3;0;3;2;0;0;0;1;0;1;0;800424,0683;5833732,454;13,43386062;52,57049691
12572;207554;11;7;7010104;2018;11;9;4;3;5;3;0;1;1;0;0;0;0;1;796329,909;5825093,033;13,36592634;52,4952976
12573;207555;11;3;3051017;2018;11;5;2;3;5;3;2;0;1;0;0;0;0;1;802752,9339;5832700,149;13,46717641;52,55995435
12574;207556;11;1;1011204;2018;11;6;4;2;6;2;2;0;1;1;0;0;0;1;798610,8976;5827017,818;13,40115176;52,51130758
12575;207557;11;6;6040701;2018;11;8;4;3;2;6;0;0;1;0;0;0;0;1;781969,2945;5815472,711;13,1468399;52,41664471
12576;207558;11;7;7020202;2018;11;17;2;3;2;6;2;0;1;0;0;0;0;1;794672,7157;5823914,537;13,34054453;52,48563034
12577;207559;11;12;12214125;2018;11;4;2;2;5;7;2;0;1;0;1;0;0;1;790605,4161;5833702,006;13,28937261;52,57555502
12578;207560;11;1;1033101;2018;11;8;4;3;2;6;0;0;1;0;0;0;0;1;796858,669;5832385,502;13,380203;52,56037928
12579;207561;11;1;1033201;2018;11;3;2;3;0;3;2;0;1;0;1;0;0;1;797828,9741;5830763,827;13,39301959;52,54531328
12580;207562;11;8;8030831;2018;11;8;4;3;2;6;0;0;1;0;0;0;0;1;803929,5767;5817520,469;13,47063479;52,42324734
12581;207563;11;7;7070702;2018;11;3;2;3;1;7;2;0;1;0;0;0;0;1;799952,96;5814581,264;13,40969692;52,39909552
12582;207564;11;10;10020413;2018;11;9;5;3;5;2;0;0;1;0;0;0;0;1;811289,0417;5831563,732;13,59162916;52,54495845
12583;207565;11;1;1044101;2018;11;8;4;3;0;7;0;1;1;0;0;0;0;1;794274,4716;5830471,135;13,34049538;52,54462107
12584;207566;11;10;10040828;2018;11;16;2;3;2;6;2;0;1;0;0;0;0;1;811318,4605;5828469,377;13,58916393;52,51721226
12585;207567;11;5;5020626;2018;11;12;4;2;2;6;0;0;1;0;0;0;0;0;783596,5457;5827581,19;13,18099633;52,52437281
12586;207568;11;5;5020626;2018;11;2;2;3;1;1;2;0;1;0;0;0;1;1;784774,5136;5826980,965;13,19779835;52,51837717
12587;207569;11;9;9051901;2018;11;9;4;2;5;3;0;1;0;0;1;0;0;1;809666,9916;5821535,211;13,55846139;52,45601047
12588;207570;11;11;11020515;2018;11;15;6;3;6;4;0;0;1;1;0;0;0;0;804960,6512;5830488,317;13,49761177;52,53889917
12589;207571;11;5;5030730;2018;11;8;4;2;5;2;0;1;1;0;0;0;0;1;785752,2195;5829266,934;13,21413301;52,53836134
12590;207572;11;1;7010102;2018;11;20;4;3;2;6;2;0;1;0;1;0;0;1;795188,0916;5825855,742;13,34983233;52,50275348
12591;207573;11;12;12302107;2018;11;8;4;3;2;6;0;0;1;0;0;0;0;1;794374,0643;5836231,547;13,34707265;52,59620492
12592;207574;11;6;6030610;2018;11;13;4;3;5;2;0;0;1;0;0;0;0;0;792938,8565;5817768,276;13,30969024;52,43146351
12593;207575;11;9;9052001;2018;11;16;2;3;2;2;2;0;1;0;0;0;0;1;809589,9137;5823106,981;13,55878853;52,47014
12594;207576;11;10;10040931;2018;11;14;4;3;0;7;0;0;0;0;0;0;1;0;813905,3174;5828794,101;13,62746873;52,51863941
12595;207577;11;3;3020209;2018;11;7;5;3;4;6;0;1;1;0;0;0;0;0;798043,0233;5834767,361;13,39976294;52,58108231
12596;207578;11;4;4030620;2018;11;15;4;3;0;2;0;1;1;0;0;0;0;1;792434,224;5827195,653;13,31055448;52,51624832
12597;207579;11;1;1044201;2018;11;19;4;3;6;7;2;1;0;1;0;0;0;0;796315,296;5830824,079;13,37081717;52,54667875
12598;207580;11;1;3071537;2018;11;0;2;2;6;4;2;1;0;1;0;0;0;1;799498,6313;5828864,828;13,41585658;52,52737651
12599;207581;11;2;2020205;2018;11;21;4;3;1;5;2;1;1;0;0;0;0;0;798097,5086;5824548,109;13,39139857;52,48945049
12600;207582;11;7;7040406;2018;11;22;4;3;5;2;2;1;1;0;0;0;0;0;800165,6401;5821501,827;13,41902536;52,46101207
12601;207583;11;3;3050920;2018;11;16;2;3;6;4;2;0;1;1;0;0;0;1;802262,3279;5832657,346;13,4599223;52,55984326
12602;207584;11;9;9020701;2018;11;9;4;3;2;6;0;0;1;0;0;0;0;0;809063,416;5818756,152;13,54703651;52,43144633
12603;207585;11;3;3050920;2018;11;9;6;3;6;4;0;1;0;1;0;0;0;0;802262,5871;5832657,193;13,45992597;52,55984174
12604;207586;11;6;6040810;2018;11;6;4;2;0;3;2;0;1;0;1;0;0;1;791316,413;5821662,628;13,28929027;52,46724313
12605;207587;11;6;6040804;2018;11;17;4;3;5;3;2;0;1;0;0;0;1;0;787245,3397;5818353,793;13,22668074;52,43973259
12606;207588;11;12;12214125;2018;11;2;4;1;0;6;2;0;1;0;0;0;0;1;791650,8544;5833998,186;13,30501669;52,57765093
12607;207589;11;1;1011204;2018;11;16;3;3;6;4;0;0;0;1;0;0;1;0;797884,8324;5826682,232;13,3901843;52,50869644
12608;207590;11;4;4051652;2018;11;16;2;3;5;3;0;0;1;0;1;0;0;0;793441,9466;5824064,238;13,3226032;52,48763524
12609;207591;11;9;9051901;2018;11;6;3;3;0;2;2;1;1;0;0;0;0;0;810995,9708;5821744,99;13,57815238;52,45713591
12610;207592;11;2;2010102;2018;11;17;3;3;0;7;2;1;0;0;0;0;0;1;798558,4094;5825561,168;13,39907442;52,49827939
12611;207593;11;11;11020411;2018;11;15;2;2;6;4;1;0;1;1;0;0;0;1;805238,1155;5832168,857;13,50323454;52,55380543
12612;207594;11;7;7040403;2018;11;17;3;3;6;2;2;0;1;1;0;0;0;0;797261,1424;5820739,6;13,37572288;52,45576714
12613;207595;11;1;1033203;2018;11;15;2;3;5;2;1;0;1;0;0;0;0;1;796287,658;5830600,872;13,37021168;52,54469296
12614;207596;11;1;1011302;2018;11;9;3;3;6;2;0;0;1;1;0;0;0;1;798293,2255;5828780,364;13,39806512;52,52728028
12615;207597;11;5;5010209;2018;11;15;2;3;5;2;0;1;1;0;0;0;0;1;781899,2831;5829572,954;13,15773519;52,54311214
12616;207598;11;11;11010205;2018;11;7;3;3;5;2;0;0;1;0;0;0;1;1;806910,688;5832619,44;13,52824334;52,55690369
12617;207599;11;1;1011203;2018;11;20;5;3;2;6;2;1;1;0;0;0;0;0;797611,0071;5827024,971;13,38646802;52,51191814
12618;207600;11;3;3071536;2018;11;21;3;3;5;3;2;1;1;0;0;0;0;1;798995,7069;5829262,158;13,40882258;52,53121404
12619;207601;11;5;5030731;2018;11;16;4;3;2;6;2;0;1;0;1;0;0;0;787255,9267;5829769,637;13,23667787;52,54207777
12620;207602;11;1;1022101;2018;11;21;3;3;5;3;2;0;1;0;0;0;0;1;792596,9125;5828786,545;13,31434483;52,53042288
12621;207603;11;4;4020313;2018;11;14;2;3;1;5;0;0;1;0;0;0;0;0;790584,9236;5826703,834;13,28294884;52,51282763
12622;207604;11;6;6020305;2018;11;20;3;3;1;3;2;0;1;0;1;0;0;1;796372,5401;5817698,335;13,35998642;52,42898712
12623;207605;11;5;5010314;2018;11;15;2;3;6;2;0;0;1;1;0;0;0;1;785047,1664;5828921,104;13,20346903;52,53562992
12624;207606;11;11;11040925;2018;11;14;2;3;0;1;0;0;0;0;1;0;0;1;803801,7967;5826671,901;13,4770918;52,50534112
12625;207607;11;11;11040926;2018;11;13;5;3;0;3;0;0;1;0;1;0;0;0;804998,3468;5826568,814;13,49457196;52,50374966
12626;207608;11;7;7070703;2018;11;8;3;3;6;4;2;0;1;1;0;0;0;1;799627,5484;5813972,882;13,40438427;52,39382025
12627;207609;11;9;9051901;2018;11;13;4;2;5;2;0;0;0;0;1;0;1;0;809940,8782;5821619,376;13,5625574;52,4566095
12628;207610;11;1;1011301;2018;12;21;2;3;1;5;2;1;1;0;0;0;1;0;797641,49;5828170,444;13,38794064;52,5221693
12629;207611;11;11;11010310;2018;11;12;4;3;5;3;0;1;1;0;0;0;0;0;805859,457;5833275,312;13,51339005;52,56337314
12630;207612;11;6;6010207;2018;12;17;2;3;2;6;2;0;1;0;0;0;0;1;793947,9361;5820446,603;13,32684599;52,45493249
12631;207613;11;8;8020622;2018;11;12;4;2;6;2;0;0;1;1;0;0;0;0;802700,3244;5819932,733;13,45479665;52,44555011
12632;207614;11;8;8020622;2018;12;16;2;3;5;3;2;0;1;0;0;0;0;0;801263,7326;5819818,949;13,43362084;52,44532363
12633;207615;11;3;3071537;2018;11;14;4;3;3;6;0;1;1;0;0;0;0;0;799468,0706;5829352,731;13,41584692;52,53176658
12634;207616;11;12;12103117;2018;11;11;4;3;2;6;0;0;1;0;0;1;0;0;796665,8803;5832668,578;13,37762047;52,5630218
12635;207617;11;5;5020627;2018;12;18;2;3;3;6;2;0;1;0;0;0;0;1;786029,7778;5828037,729;13,21715646;52,52719495
12636;207618;11;12;12214125;2018;11;11;4;3;2;6;0;0;1;0;0;0;0;0;790977,0756;5831201,601;13,29264865;52,55294071
12637;207619;11;3;3020307;2018;11;11;4;3;5;3;0;0;1;0;0;0;0;0;799044,5805;5837293,125;13,4167807;52,60317209
12638;207620;11;10;10030724;2018;12;19;2;2;5;3;2;0;1;0;0;0;1;1;809116,2326;5829716,991;13,55797229;52,52964563
12639;207621;11;7;7030303;2018;11;18;4;2;2;7;2;0;1;0;0;0;1;0;795856,3727;5822573,707;13,3567355;52,47297075
12640;207622;11;1;1044101;2018;12;18;2;3;2;6;2;0;1;0;0;0;0;0;793698,5901;5832149,403;13,33351228;52,55997647
12641;207623;11;11;11030721;2018;11;18;4;3;3;6;2;1;1;0;0;0;0;0;805169,118;5827700,133;13,49811723;52,5137936
12642;207624;11;9;9010202;2018;12;17;2;3;5;2;2;1;1;0;0;0;0;1;804702,5568;5823427,861;13,48735572;52,47576379
12643;207625;11;11;11040926;2018;11;18;4;3;5;7;2;0;1;0;0;0;0;0;805188,398;5827222,936;13,49796289;52,50950595
12644;207626;11;4;4030620;2018;12;9;2;3;5;3;0;1;1;0;0;0;0;1;792433,1171;5827205,705;13,31054705;52,51633903
12645;207627;11;3;3061126;2018;11;1;4;3;6;2;2;0;1;1;0;0;0;0;799187,2221;5831331,378;13,41350077;52,54965632
12646;207628;11;5;5030832;2018;12;8;2;2;0;6;0;0;0;0;1;0;1;1;787968,3121;5830532,574;13,24781484;52,54854177
12647;207629;11;7;7040403;2018;12;8;2;3;5;3;1;1;1;0;0;0;0;1;797277,7952;5821224,093;13,37639864;52,46010109
12648;207630;11;4;4051448;2018;11;17;4;3;5;3;2;1;1;0;0;0;0;0;793971,4754;5824964,483;13,3311736;52,49542061
12649;207631;11;7;7020203;2018;11;18;4;3;6;7;2;0;1;1;0;0;0;0;795402,2536;5823524,451;13,35091137;52,48173928
12650;207632;11;5;5020626;2018;12;8;2;3;6;4;0;0;1;1;0;0;0;1;783361,0854;5827670,079;13,17761077;52,52529224
12651;207633;11;4;4020313;2018;12;8;2;3;0;6;0;0;1;0;1;0;0;1;790370,931;5826682,867;13,27978606;52,51275363
12652;207634;11;10;10040932;2018;11;17;4;3;5;2;2;0;1;0;1;0;0;0;812947,4017;5827860,887;13,6125197;52,51082736
12653;207635;11;6;6020303;2018;12;7;2;3;5;3;1;1;1;0;0;0;0;1;795555,6199;5818327,411;13,34856225;52,43506834
12654;207636;11;9;9020701;2018;12;7;2;3;5;3;1;1;1;0;0;0;0;1;807641,7912;5819359,113;13,52674697;52,43765148
12655;207637;11;5;5040936;2018;11;17;4;3;6;4;2;0;1;1;0;0;0;0;780009,243;5821484,641;13,1231338;52,47156011
12656;207638;11;8;8020726;2018;12;7;2;2;5;3;1;1;1;0;0;0;0;1;799596,718;5816405,433;13,4061086;52,4156419
12657;207639;11;4;4030620;2018;11;17;4;3;6;4;2;0;0;1;0;0;1;0;792397,4175;5827192,967;13,31001125;52,51624397
12658;207640;11;8;8020727;2018;12;7;2;3;6;4;1;0;1;1;0;0;0;1;801749,2075;5817020,769;13,43821694;52,41997502
12659;207641;11;9;9052001;2018;11;10;4;3;5;3;0;0;1;0;0;0;0;0;810368,6568;5823530,176;13,57060985;52,47349068
12660;207642;11;1;1044203;2018;12;11;2;2;5;3;0;1;1;0;0;0;0;1;795593,7867;5831748;13,36103057;52,5553528
12661;207643;11;5;5030832;2018;12;7;2;3;6;2;2;0;1;1;0;0;0;1;789674,8023;5829317,161;13,27185154;52,53674066
12662;207644;11;4;4030828;2018;11;10;4;3;2;2;0;1;1;0;0;0;0;0;793140,7394;5826081,815;13,3199555;52,50588391
12663;207645;11;7;7040404;2018;12;6;2;3;5;3;2;0;1;0;0;0;1;1;796638,9016;5819970,254;13,36590897;52,44920867
12664;207646;11;11;11010205;2018;12;6;2;3;6;2;2;0;0;1;0;0;1;1;806326,8418;5833881,151;13,52082305;52,56853999
12665;207647;11;12;12224229;2018;11;10;4;2;2;2;0;1;1;0;0;0;0;0;786537,7059;5833216,26;13,22909202;52,57335706
12666;207648;11;1;1011401;2018;12;5;2;2;0;1;2;1;0;0;0;0;0;1;798286,3998;5829367,856;13,39849192;52,53255008
12667;207649;11;3;3040512;2018;12;21;1;3;6;2;2;0;1;1;0;0;0;1;795825,2207;5835229,208;13,36753943;52,58643259
12668;207650;11;3;3040513;2018;11;10;4;3;1;5;0;0;1;0;0;0;0;0;796563,5277;5834242,28;13,3775221;52,57718397
12669;207651;11;5;5020626;2018;12;20;1;2;6;4;2;0;0;1;0;0;1;1;784552,8525;5828053,776;13,19545836;52,52811176
12670;207652;11;9;9020702;2018;11;9;4;3;5;3;0;1;1;0;0;0;0;0;808791,752;5819471,116;13,5437137;52,43800725
12671;207653;11;3;3051017;2018;12;19;1;3;5;2;2;1;1;0;0;0;0;1;803956,414;5832366,224;13,48456917;52,55629111
12672;207654;11;7;7010101;2018;11;9;4;3;2;6;0;0;1;0;0;1;0;0;794667,9148;5825728,63;13,34207856;52,50189516
12673;207655;11;10;10020414;2018;12;19;1;3;6;4;2;0;1;1;0;0;0;1;812459,4144;5830969,265;13,60827294;52,53896152
12674;207656;11;1;1044202;2018;11;9;4;3;6;4;0;0;1;1;0;0;0;0;795769,0811;5830174,043;13,36220681;52,54114861
12675;207657;11;1;1011103;2018;12;19;1;3;6;2;2;0;1;1;0;0;0;1;795175,4001;5825913,201;13,34969683;52,50327542
12676;207658;11;1;1011201;2018;11;6;4;3;6;2;1;0;1;1;0;0;0;0;797408,4716;5826950,218;13,38342556;52,51135853
12677;207659;11;5;5010314;2018;12;19;1;3;1;5;2;0;1;0;0;0;1;1;784497,9021;5829685,155;13,19604713;52,54276743
12678;207660;11;4;4041344;2018;11;8;4;3;6;2;1;0;0;1;0;0;1;0;793396,8889;5821772,752;13,31992542;52,46711708
12679;207661;11;12;12214424;2018;12;18;1;3;2;6;2;0;1;0;0;0;0;1;793550,5548;5832363,009;13,33152377;52,56197115
12680;207662;11;6;6010209;2018;12;14;1;3;0;7;0;0;1;0;1;0;0;0;794052,9827;5821442,184;13,32926443;52,46380096
12681;207663;11;1;1011301;2018;11;18;4;3;2;2;2;1;1;0;0;0;0;0;796753,4743;5829110,377;13,37572957;52,5310788
12682;207664;11;8;8041040;2018;11;8;4;3;5;3;0;1;1;0;0;0;0;0;806581,6111;5816282,884;13,5083805;52,41067622
12683;207665;11;11;11041022;2018;12;18;1;3;2;6;2;0;1;0;0;0;0;1;806592,0064;5827459,166;13,51879756;52,51083609
12684;207666;11;8;8041035;2018;11;8;4;3;2;2;0;0;1;0;0;0;0;0;804086,3951;5819276,144;13,4745304;52,43889613
12685;207667;11;2;2030302;2018;11;7;4;3;5;3;0;0;1;0;0;0;0;0;800786,8658;5825815,026;13,43203228;52,49933116
12686;207668;11;1;1022106;2018;12;18;1;3;6;2;2;0;1;1;0;0;0;1;793695,0588;5827999,472;13,32979166;52,52277663
12687;207669;11;7;7040401;2018;11;6;4;3;3;6;2;0;1;0;0;1;0;0;797206,0311;5823475,782;13,37735143;52,48032427
12688;207670;11;2;2050802;2018;12;13;1;3;5;2;0;1;1;0;0;0;0;0;802079,0346;5827361,618;13,45241309;52,51247961
12689;207671;11;3;3040818;2018;11;6;4;3;5;2;2;1;1;0;0;0;0;0;800014,0174;5833422,153;13,4275478;52,56794176
12690;207672;11;4;4030623;2018;12;12;1;3;5;3;0;0;1;0;0;0;0;0;793679,8756;5826360,161;13,32812159;52,50808921
12691;207673;11;2;2020206;2018;11;14;4;3;5;2;0;1;1;0;0;0;0;0;799077,3494;5824615,028;13,40584679;52,48951442
12692;207674;11;11;11051229;2018;12;17;1;3;6;2;2;0;1;1;0;0;0;1;803341,076;5826299,825;13,46998571;52,50226261
12693;207675;11;3;3050919;2018;11;6;4;3;6;4;1;0;1;1;0;0;0;0;801417,6758;5832045,663;13,44694474;52,55482892
12694;207676;11;12;12214528;2018;11;16;4;3;7;7;2;0;1;0;0;0;0;0;788367,7846;5836219,879;13,25863594;52,59931863
12695;207677;11;11;11030618;2018;12;17;1;2;6;4;1;0;0;1;0;0;1;1;802400,706;5829071,294;13,45869289;52,5276251
12696;207678;11;3;3061441;2018;11;10;4;3;6;2;0;0;1;1;0;0;0;0;802803,9898;5828647,243;13,4642333;52,52360055
12697;207679;11;7;7050501;2018;12;16;1;2;6;2;1;0;1;1;0;0;0;1;797576,9268;5819591,28;13,37933345;52,44530178
12698;207680;11;3;3051017;2018;11;16;4;3;5;3;2;0;1;0;0;0;0;0;803387,2304;5833107,968;13,4768774;52,56325647
12699;207681;11;3;3071536;2018;11;15;4;2;6;4;0;1;0;1;0;0;0;0;799215,8101;5829279,618;13,41207336;52,53124977
12700;207682;11;1;1033201;2018;12;16;1;2;6;2;1;0;1;1;0;0;0;1;798079,6943;5830004,224;13,39602438;52,53836735
12701;207683;11;2;2050803;2018;11;15;4;3;5;3;0;1;1;0;0;0;0;0;802560,7386;5825957,41;13,45821356;52,49962679
12702;207684;11;5;5030730;2018;12;15;1;3;5;3;1;0;1;0;0;0;0;1;786131,0619;5829146,922;13,21960019;52,53708656
12703;207685;11;4;4030726;2018;11;14;4;3;3;6;0;1;1;0;0;0;0;0;791843,4793;5825742,198;13,30059898;52,50353478
12704;207686;11;1;1011401;2018;12;15;1;3;1;5;1;1;1;0;0;0;1;1;797613,681;5829337,553;13,38857663;52,53264618
12705;207687;11;1;1033102;2018;11;7;4;3;0;7;0;1;1;0;0;0;0;0;797343,943;5831228,076;13,38630378;52,54973964
12706;207688;11;3;3050919;2018;12;14;1;3;2;3;0;0;1;0;1;0;0;1;801941,7283;5832584,708;13,45514128;52,55937006
12707;207689;11;1;1044103;2018;11;14;3;3;0;4;0;1;0;1;0;0;0;0;794809,034;5830943,763;13,34877495;52,54856882
12708;207690;11;5;5020626;2018;11;17;3;3;5;3;2;0;1;0;0;0;0;0;784752,4896;5827199,569;13,19766178;52,52034868
12709;207691;11;2;2040502;2018;12;14;1;3;5;3;0;0;1;0;0;0;0;1;800481,267;5828223,354;13,42971815;52,5210861
12710;207692;11;2;2010101;2018;12;13;1;2;1;5;1;1;1;0;0;0;0;1;797778,8315;5826004,307;13,3880207;52,50267752
12711;207693;11;7;7010102;2018;11;16;3;3;2;6;1;0;1;0;0;0;0;0;795038,4347;5824912,676;13,34679851;52,49438049
12712;207694;11;8;8010115;2018;12;8;1;2;1;1;0;0;1;0;0;1;0;0;799415,2454;5823779,766;13,41005818;52,48184228
12713;207695;11;7;7040401;2018;12;6;1;2;8;1;2;0;1;0;0;0;0;1;797797,707;5822582,551;13,38524054;52,47199512
12714;207696;11;2;2020204;2018;11;15;3;3;0;1;0;1;0;0;0;0;0;0;798476,8121;5825218,448;13,39756888;52,49525198
12715;207697;11;10;10010308;2018;12;5;1;2;9;1;2;0;1;0;0;0;0;1;807042,4264;5830453,279;13,52817791;52,53741626
12716;207698;11;8;8041036;2018;12;17;1;1;6;4;2;0;1;1;0;0;0;1;805264,223;5817255,839;13,48995995;52,42013268
12717;207699;11;8;8010404;2018;11;15;3;3;2;6;0;0;1;0;0;0;0;0;802532,2014;5823115,622;13,45521501;52,47417164
12718;207700;11;10;10010102;2018;12;17;7;3;5;3;2;0;1;0;0;0;1;1;809134,105;5833829,102;13,56206248;52,56648673
12719;207701;11;7;7040405;2018;11;12;3;3;2;6;0;0;1;0;0;0;0;0;799049,309;5821702,655;13,40282351;52,46342426
12720;207702;11;7;7030301;2018;12;17;7;3;5;2;1;0;1;0;1;0;0;1;793993,3996;5821578,44;13,32850995;52,4650545
12721;207703;11;2;2020203;2018;11;9;3;3;2;6;0;0;1;0;1;0;0;0;797197,8783;5824502,332;13,37814701;52,48953066
12722;207704;11;8;8010212;2018;12;16;7;3;5;5;0;0;1;0;1;0;0;0;801059,9801;5823430,941;13,43388978;52,47781137
12723;207705;11;6;6010209;2018;11;9;3;3;3;2;0;1;1;0;0;0;0;0;794542,7116;5821410,192;13,33642393;52,4632504
12724;207706;11;7;7060601;2018;12;17;7;3;2;6;2;0;1;0;0;0;0;1;796412,4302;5816601,048;13,35959913;52,41912913
12725;207707;11;3;3030711;2018;12;17;7;3;2;6;2;0;1;0;0;0;0;1;801133,6974;5835054,914;13,4455007;52,58195802
12726;207708;11;1;1033201;2018;11;17;3;3;5;3;2;1;1;0;0;0;0;0;797967,2611;5830849,338;13,39512954;52,54600417
12727;207709;11;4;4041344;2018;12;17;7;3;0;6;2;0;0;1;1;0;0;1;793348,2605;5822289,276;13,3196658;52,47177367
12728;207710;11;8;8030830;2018;12;17;7;3;3;6;2;0;1;0;0;0;0;1;802481,3458;5817969,727;13,44980828;52,42807657
12729;207711;11;1;1011101;2018;11;9;3;3;5;3;0;1;1;0;0;0;0;0;794712,4454;5826056,255;13,34302268;52,50480806
12730;207712;11;3;3061430;2018;12;16;7;3;5;2;2;0;1;0;0;0;0;1;802324,1554;5829206,763;13,45769109;52,52888175
12731;207713;11;8;8030829;2018;11;9;3;2;5;2;0;0;1;0;0;0;0;0;803153,6318;5818448,26;13,46009959;52,4319936
12732;207714;11;11;11020515;2018;11;8;3;3;2;2;0;1;1;0;0;0;0;0;805503,1317;5830313,014;13,50542434;52,53702421
12733;207715;11;12;12214527;2018;12;15;7;3;5;3;0;0;1;0;1;0;0;1;790281,2001;5835506,983;13,28618278;52,59190951
12734;207716;11;2;2040701;2018;11;8;3;2;5;3;0;1;0;0;0;0;0;0;800590,332;5827007,211;13,43022212;52,51012536
12735;207717;11;6;6030502;2018;12;15;7;2;5;3;1;0;1;0;1;0;0;1;790207,5546;5815096,305;13,26731162;52,40896418
12736;207718;11;7;7030301;2018;11;8;3;3;2;6;0;0;1;0;0;0;0;0;793946,3001;5822484,412;13,32861685;52,47320149
12737;207719;11;4;4020311;2018;12;14;7;3;2;6;0;0;1;0;0;0;0;1;789657,5193;5826496,313;13,26914044;52,51146046
12738;207720;11;8;8020726;2018;11;7;3;3;5;3;0;1;1;0;0;0;0;0;799838,1178;5816530,951;13,40975986;52,41663482
12739;207721;11;6;6030504;2018;12;14;7;3;5;3;0;0;1;0;0;0;0;1;789461,4437;5816416,588;13,25751533;52,42119617
12740;207722;11;12;12214527;2018;12;13;7;3;5;2;0;0;1;0;0;0;0;1;790027,986;5835378,815;13,28234306;52,59089558
12741;207723;11;11;11010102;2018;11;7;4;3;5;3;1;1;1;0;0;0;0;0;806133,3263;5834730,187;13,51876052;52,57625801
12742;207724;11;10;10020412;2018;11;7;3;3;6;2;0;0;1;1;0;0;0;1;811316,0061;5831730,83;13,59218212;52,54644045
12743;207725;11;9;9041601;2018;12;12;7;3;5;3;0;0;1;0;0;0;0;1;816514,3034;5816953,117;13,6545626;52,41103046
12744;207726;11;4;4030518;2018;11;7;3;2;5;3;1;1;1;0;0;0;0;0;791910,6459;5828199,621;13,30374158;52,52552918
12745;207727;11;3;3051022;2018;11;6;3;3;5;3;2;1;1;0;0;0;0;1;803553,8781;5831428,45;13,47779253;52,54811069
12746;207728;11;6;6010102;2018;12;11;7;2;6;3;0;0;1;1;0;0;0;0;793699,5518;5820674,139;13,32340129;52,45710579
12747;207729;11;10;10040931;2018;11;6;3;3;1;5;2;1;1;0;0;0;0;0;812905,8524;5828158,005;13,6121888;52,51351368
12748;207730;11;10;10020412;2018;12;19;7;3;2;6;2;0;1;0;0;0;1;1;811325,2149;5831959,22;13,59253156;52,54848184
12749;207731;11;6;6020301;2018;11;21;3;3;5;3;2;0;1;0;0;0;0;0;795875,1929;5818148,923;13,3530915;52,43329554
12750;207732;11;2;2030301;2018;12;2;7;3;3;6;2;1;1;0;0;0;0;0;799847,9502;5825812,238;13,4182398;52,49982286
12751;207733;11;6;6020409;2018;12;18;7;3;6;2;2;0;1;1;0;0;0;0;793302,6502;5816962,758;13,31431945;52,42404727
12752;207734;11;2;2030302;2018;11;20;3;3;2;6;2;1;0;0;0;0;0;0;800295,6092;5825831,063;13,42483164;52,49974545
12753;207735;11;2;2040703;2018;12;5;7;3;0;1;2;0;0;0;0;0;1;1;801341,8274;5826460,64;13,4407671;52,50481176
12754;207736;11;9;9020502;2018;11;13;4;3;6;7;0;0;1;1;0;0;0;0;807889,857;5821546,696;13,53240077;52,45711733
12755;207737;11;8;8010407;2018;11;19;3;3;6;2;2;0;1;1;0;0;0;0;802522,0543;5823709,84;13,45560509;52,47950326
12756;207738;11;4;4030724;2018;12;15;7;3;0;2;0;1;1;0;0;0;0;1;791051,7799;5826360,368;13,28950855;52,50949955
12757;207739;11;1;1022206;2018;11;18;3;3;5;3;1;0;1;0;0;0;0;0;795718,9855;5828197,513;13,35971189;52,523458
12758;207740;11;12;12214125;2018;11;1;3;2;1;5;2;0;1;0;1;0;0;0;788459,1929;5832472,806;13,25672036;52,5656768
12759;207741;11;2;2020203;2018;11;21;6;3;0;7;2;0;1;0;0;0;0;1;797416,6851;5824010,678;13,38092137;52,48500435
12760;207742;11;6;6040809;2018;11;8;2;2;1;5;0;1;1;0;0;0;1;0;792203,9148;5820492,377;13,30129325;52,456278
12761;207743;11;2;2020204;2018;11;22;6;3;5;2;2;1;1;0;0;0;0;1;798843,4125;5825086,653;13,4028346;52,49387001
12762;207744;11;12;12103116;2018;11;22;2;3;1;5;2;1;1;0;0;0;0;0;795967,2558;5833229,023;13,36784413;52,56842582
12763;207745;11;5;5020625;2018;11;20;6;3;6;2;2;0;1;1;0;0;0;1;784736,8452;5828613,163;13,19864239;52,53303115