;OBJECTID;LAND;BEZ;LOR;UJAHR;UMONAT;USTUNDE;UWOCHENTAG;UKATEGORIE;UART;UTYP1;ULICHTVERH;IstRad;IstPKW;IstFuss;IstKrad;IstGkfz;IstSonstige;USTRZUSTAND;LINREFX;LINREFY;XGCSWGS84;YGCSWGS84
12764;207746;11;7;7030301;2018;11;19;2;3;6;4;2;1;0;1;0;0;0;0;794206,3004;5822834,769;13,33274275;52,47620229
12765;207747;11;12;12302110;2018;11;19;6;3;6;2;2;0;1;1;0;0;0;1;795281,3088;5836351,332;13,36053477;52,59678682
12766;207748;11;4;4030622;2018;11;19;2;3;6;4;2;0;1;1;0;0;0;0;792049,2294;5827005,416;13,30473;52,51474918
12767;207749;11;4;4051448;2018;11;14;4;3;5;3;0;1;1;0;0;0;0;0;794169,0487;5825308,234;13,33437905;52,49839571
12768;207750;11;1;1011201;2018;11;19;6;3;0;2;2;0;1;0;1;0;0;1;796977,8708;5827287,321;13,37740002;52,5146149
12769;207751;11;7;7050503;2018;11;19;2;3;5;7;2;0;1;0;0;0;0;0;799106,0562;5819844,417;13,4019918;52,4467365
12770;207752;11;6;6020306;2018;11;18;2;2;5;7;2;0;1;0;0;0;0;0;796240,1318;5817023,854;13,35744729;52,42301258
12771;207753;11;1;1022201;2018;11;19;6;3;6;2;2;0;1;1;0;0;0;1;795048,512;5829153,386;13,3507065;52,53238988
12772;207754;11;9;9031101;2018;11;19;6;3;0;2;2;1;0;0;0;1;0;1;811478,3271;5817279,361;13,58106764;52,41684245
12773;207755;11;1;1011302;2018;11;18;2;3;1;5;2;0;1;0;1;0;0;0;797747,0435;5828378,899;13,3896784;52,52398021
12774;207756;11;12;12214527;2018;11;19;6;3;2;7;2;0;1;0;0;0;0;1;790435,0277;5835180,042;13,28816058;52,58889641
12775;207757;11;6;6040807;2018;11;18;6;3;5;3;2;1;1;0;0;0;0;1;790006,0908;5819160,021;13,26788184;52,44550366
12776;207758;11;6;6030501;2018;11;18;2;3;5;2;2;0;1;0;0;0;1;0;787530,9044;5817380,81;13,23003337;52,43085898
12777;207759;11;8;8010301;2018;11;18;6;3;6;7;2;0;1;1;0;0;0;1;800516,7471;5824465,28;13,42684759;52,48738172
12778;207760;11;12;12304314;2018;11;18;2;3;3;2;2;0;1;0;0;0;1;1;790240,034;5835853,531;13,28588048;52,59503824
12779;207761;11;1;1022104;2018;11;18;6;2;6;2;2;0;1;1;0;0;0;1;794060,8493;5828457,954;13,33557297;52,52668949
12780;207762;11;5;5020627;2018;11;17;2;3;2;7;2;0;1;0;0;0;0;0;786155,7292;5828106,789;13,21906742;52,52774803
12781;207763;11;9;9052001;2018;11;14;6;3;2;6;0;0;1;0;0;0;1;1;811283,5518;5822317,122;13,5829046;52,46209936
12782;207764;11;10;10040932;2018;11;14;6;3;5;3;0;1;1;0;0;0;0;1;813551,5372;5827270,826;13,62083684;52,50519297
12783;207765;11;3;3040818;2018;11;17;2;2;6;6;2;0;1;1;0;0;0;0;799286,0342;5832588;13,41608665;52,56086565
12784;207766;11;11;11010308;2018;11;14;6;3;0;2;0;1;1;0;0;0;0;1;805496,7597;5833466,299;13,50823181;52,56528844
12785;207767;11;6;6040807;2018;11;14;6;3;5;3;1;1;1;0;0;0;0;1;790003,6021;5819162,876;13,26784781;52,44553057
12786;207768;11;1;1022205;2018;11;13;6;2;1;5;0;0;1;0;0;1;0;1;795489,2107;5828395,121;13,3565106;52,52535396
12787;207769;11;1;1011102;2018;11;18;6;3;5;3;2;1;1;0;0;0;0;1;795040,7987;5827226,595;13,34888375;52,51512184
12788;207770;11;10;10020414;2018;11;16;2;3;5;3;2;0;1;0;0;0;0;0;812065,3201;5830623,169;13,60215608;52,53608591
12789;207771;11;2;2030401;2018;11;11;6;3;5;3;0;0;1;0;0;1;0;1;800629,1381;5825672,299;13,42958692;52,49813877
12790;207772;11;4;4030828;2018;11;18;6;3;6;2;2;0;1;1;0;0;0;1;793343,589;5826076,146;13,32293061;52,50572406
12791;207773;11;11;11030619;2018;11;16;2;3;0;1;2;1;0;0;0;0;0;0;804211,7845;5829100,257;13,48533385;52,52687713
12792;207774;11;3;3061430;2018;11;9;6;3;5;2;0;0;1;0;0;0;0;0;802327,2588;5829201,208;13,45773165;52,52883024
12793;207775;11;11;11051229;2018;11;16;2;3;3;6;2;0;1;0;0;0;0;0;803390,7419;5826298,517;13,47071397;52,50222327
12794;207776;11;1;1044103;2018;11;10;6;2;5;2;0;1;1;0;0;0;0;1;794480,2412;5830671,276;13,34369842;52,54630401
12795;207777;11;7;7050501;2018;11;15;2;3;6;6;1;0;0;1;0;1;0;0;798004,5723;5819645,978;13,38565574;52,44555918
12796;207778;11;12;12231102;2018;11;9;6;3;5;3;0;0;1;0;0;0;0;0;789658,4384;5840030,397;13,28097573;52,63279366
12797;207779;11;11;11030618;2018;11;15;2;3;1;5;1;0;1;0;0;0;0;0;802894,8355;5828957,995;13,46585125;52,52633531
12798;207780;11;3;3050920;2018;11;8;6;3;6;4;0;0;1;1;0;0;0;0;802833,5139;5832153,663;13,46786286;52,55501152
12799;207781;11;2;2020203;2018;11;18;4;3;0;7;2;1;0;0;0;0;0;1;797078,5294;5824293,265;13,37620803;52,48772155
12800;207782;11;7;7040402;2018;12;16;2;3;6;2;2;0;1;1;0;0;0;1;796143,3709;5820769,432;13,35934741;52,45664134
12801;207783;11;8;8010115;2018;11;17;2;3;2;6;1;0;1;0;0;0;0;0;799625,7978;5823718,711;13,41309452;52,48117951
12802;207784;11;5;5010313;2018;11;8;6;3;5;7;0;0;1;0;0;0;1;0;785080,2158;5829638,038;13,20457011;52,54204061
12803;207785;11;1;1011302;2018;11;14;2;3;0;7;0;0;0;0;0;0;1;0;799071,6981;5828999,753;13,40970344;52,52882028
12804;207786;11;2;2040502;2018;11;9;2;3;1;7;0;0;1;0;0;0;0;0;801263,1485;5827960,104;13,44096872;52,51829515
12805;207787;11;9;9010402;2018;12;11;2;3;6;7;0;1;0;1;0;0;0;0;806407,0962;5821040,676;13,51018257;52,45341543
12806;207788;11;4;4020310;2018;11;8;2;3;2;2;0;0;1;0;0;0;1;0;790577,5526;5827338,103;13,28339446;52,51851781
12807;207789;11;6;6010209;2018;11;7;6;3;5;2;1;0;1;0;0;0;0;0;794013,4867;5821050,227;13,32833947;52,46030848
12808;207790;11;2;2010104;2018;11;12;2;3;3;6;0;1;0;0;0;0;1;0;799027,6543;5825594,685;13,40599635;52,49832291
12809;207791;11;12;12302110;2018;11;15;2;3;0;5;2;0;1;0;0;0;1;0;795599,6857;5836412,76;13,36527637;52,59716449
12810;207792;11;1;1022103;2018;11;0;6;3;9;1;2;0;1;0;0;0;0;0;793585,0588;5829822,167;13,32978475;52,53917536
12811;207793;11;11;11020411;2018;11;15;2;3;5;7;0;0;0;0;0;1;1;0;804627,5241;5832773,457;13,49481139;52,55956595
12812;207794;11;9;9020601;2018;11;17;6;3;6;2;2;0;1;1;0;0;0;1;807347,5476;5821065,097;13,5240013;52,45310635
12813;207795;11;1;1022201;2018;12;15;2;3;0;7;0;1;1;0;0;0;0;1;795083,6677;5828974,232;13,35106424;52,53076488
12814;207796;11;1;1044201;2018;11;13;2;3;1;5;0;0;1;0;0;1;0;0;796948,7858;5831527,478;13,38076086;52,55263897
12815;207797;11;2;2040701;2018;11;17;6;3;6;7;2;1;0;1;0;0;0;1;801233,0944;5827707,074;13,44029804;52,51604381
12816;207798;11;3;3020209;2018;11;14;4;3;5;3;0;0;1;0;0;0;1;0;797898,8133;5835180,707;13,39801245;52,58486633
12817;207799;11;6;6040810;2018;12;15;2;3;5;3;0;1;1;0;0;0;0;1;790411,3785;5820903,914;13,27534483;52,46092295
12818;207800;11;3;3061429;2018;11;16;6;3;5;2;2;1;1;0;0;0;0;1;801709,5546;5830082,686;13,44945374;52,53707317
12819;207801;11;4;4030931;2018;11;12;2;3;1;5;0;1;1;0;0;0;1;0;793880,4303;5825527,405;13,33033306;52,50051596
12820;207802;11;4;4051448;2018;11;12;2;3;5;3;0;0;1;0;0;0;1;0;794199,5458;5825039,307;13,33458948;52,49596848
12821;207803;11;1;1011105;2018;11;16;6;3;4;7;2;1;1;0;0;0;0;1;796893,4997;5826991,609;13,37589652;52,5120101
12822;207804;11;4;4030415;2018;11;12;2;3;5;2;0;1;0;0;0;0;1;0;790788,1964;5827381,975;13,28652847;52,51879884
12823;207805;11;1;1011103;2018;11;16;6;3;3;2;2;0;1;0;1;0;0;1;795380,4976;5825990,034;13,35277783;52,50385317
12824;207806;11;12;12214421;2018;12;13;2;3;0;1;0;0;0;0;1;0;0;1;793532,6673;5834150,546;13,33284269;52,57800495
12825;207807;11;7;7010102;2018;11;17;6;3;6;4;2;0;1;1;0;0;0;1;795776,7644;5825195,719;13,35789348;52,49651814
12826;207808;11;3;3020307;2018;11;11;2;3;5;3;0;1;0;0;0;0;1;0;799448,713;5837508,866;13,42292543;52,60488339
12827;207809;11;6;6030502;2018;11;15;6;3;2;2;2;0;1;0;0;0;0;1;790214,7323;5815089,318;13,26741079;52,40889774
12828;207810;11;8;8030829;2018;12;21;2;3;6;2;2;0;1;1;0;0;0;1;803159,1178;5818421,669;13,46015593;52,43175222
12829;207811;11;12;12214125;2018;11;11;2;3;2;6;0;0;1;0;0;0;0;0;791861,0062;5833978,356;13,30809172;52,57736049
12830;207812;11;8;8010405;2018;11;16;6;3;2;6;2;0;1;0;0;0;0;1;802027,9306;5823525,975;13,44818485;52,47812876
12831;207813;11;9;9051702;2018;12;20;2;3;6;3;2;0;1;1;0;0;0;1;813729,9209;5821730,105;13,61824335;52,45544018
12832;207814;11;12;12301203;2018;11;16;6;3;2;6;2;0;1;0;0;0;0;1;794210,3147;5834755,417;13,34335114;52,5830612
12833;207815;11;10;10010311;2018;11;10;2;3;5;3;0;1;1;0;0;0;0;0;810300,1176;5831811,381;13,57732419;52,54774183
12834;207816;11;4;4051448;2018;11;10;2;3;2;2;0;0;1;0;0;0;0;0;794225,322;5825409,759;13,33529531;52,49927549
12835;207817;11;4;4031032;2018;11;16;6;3;6;4;2;0;1;1;0;0;0;1;791186,8562;5825246,279;13,29051886;52,4994397
12836;207818;11;11;11010310;2018;11;17;6;2;6;4;2;0;0;1;0;0;1;1;805417,8209;5833321,47;13,50693751;52,56403473
12837;207819;11;11;11030618;2018;11;10;2;3;5;2;0;1;1;0;0;0;0;0;802416,215;5828960,187;13,45881976;52,52662065
12838;207820;11;4;4051445;2018;11;19;6;3;2;6;2;0;1;0;0;0;0;1;792520,1501;5824497,055;13,30944623;52,49201003
12839;207821;11;7;7020203;2018;11;16;6;3;6;4;2;0;1;1;0;0;0;1;795507,301;5823842,732;13,35273587;52,4845356
12840;207822;11;7;7010101;2018;12;19;2;3;0;2;2;1;1;0;0;0;0;0;794899,7365;5825408,748;13,34520064;52,4989024
12841;207823;11;7;7040403;2018;11;17;1;3;5;3;1;0;1;0;0;0;0;0;797657,3596;5822018,346;13,38267705;52,46701412
12842;207824;11;12;12214527;2018;11;17;6;3;1;5;2;1;1;0;0;0;0;1;790393,1125;5834610,931;13,28704482;52,58381678
12843;207825;11;12;12214125;2018;11;17;1;3;2;7;2;0;1;0;0;0;0;0;791080,3428;5831099,714;13,29407813;52,55197213
12844;207826;11;4;4030623;2018;12;18;2;3;5;2;2;0;1;0;1;0;0;1;793340,8562;5826664,507;13,32340896;52,51099993
12845;207827;11;3;3050919;2018;11;16;6;3;5;3;2;1;1;0;0;0;0;1;800946,2799;5832140,854;13,44009905;52,5559428
12846;207828;11;1;1022104;2018;11;19;1;3;2;6;2;0;1;0;0;0;0;0;794455,7225;5828450,73;13,34137035;52,52641161
12847;207829;11;1;1044101;2018;11;15;6;3;6;4;1;0;1;1;0;0;0;1;794239,9934;5831220,38;13,34065227;52,55135616
12848;207830;11;12;12301203;2018;11;16;1;3;0;2;2;1;1;0;0;0;0;0;792953,5239;5835406,243;13,32543049;52,58957366
12849;207831;11;9;9020702;2018;12;13;2;3;6;7;0;1;0;1;0;0;0;1;809125,0227;5819502,981;13,5486303;52,43810457
12850;207832;11;12;12231101;2018;11;15;6;3;1;5;0;0;1;0;0;0;0;1;791211,7353;5839042,625;13,30299198;52,62310799
12851;207833;11;1;1011402;2018;11;16;1;3;1;5;1;1;1;0;0;0;0;0;798616,594;5829340,409;13,40332064;52,53212327
12852;207834;11;8;8010406;2018;11;17;6;3;5;3;2;0;1;0;0;0;0;1;802289,6849;5823896,723;13,45236337;52,48130697
12853;207835;11;1;1011303;2018;11;5;6;1;1;5;2;0;1;0;0;0;1;0;799127,8053;5828986,231;13,41051589;52,52866829
12854;207836;11;5;5020524;2018;11;14;1;3;2;2;0;0;1;0;0;0;0;0;782984,2499;5826863,469;13,17138476;52,51825565
12855;207837;11;2;2040703;2018;11;19;5;3;5;2;2;1;1;0;0;0;0;0;801761,103;5826242,855;13,44672824;52,50262801
12856;207838;11;1;1011301;2018;11;11;5;3;1;5;0;1;1;0;0;0;0;0;797032,8331;5828439,494;13,3792364;52,52491294
12857;207839;11;12;12214424;2018;12;17;2;2;6;4;2;0;1;1;0;0;0;1;793472,7476;5832413,436;13,33042385;52,56246514
12858;207840;11;1;1011105;2018;11;12;1;3;5;3;0;1;1;0;0;0;0;0;796937,7364;5826779,854;13,37635753;52,51008785
12859;207841;11;1;1044202;2018;11;11;5;2;5;2;0;0;1;0;0;0;0;0;795533,154;5830750,686;13,35925118;52,5464457
12860;207842;11;3;3061227;2018;11;11;1;3;5;3;0;0;1;0;0;0;0;0;799518,7271;5831529,531;13,41855396;52,55125027
12861;207843;11;11;11040925;2018;11;6;1;3;2;6;2;0;1;0;0;0;0;1;803724,2856;5826822,647;13,47609084;52,50673537
12862;207844;11;7;7070701;2018;11;11;5;3;6;2;0;0;1;1;0;0;0;0;798709,4275;5816016,163;13,3927537;52,41263746
12863;207845;11;2;2030302;2018;11;3;1;3;2;6;2;0;1;0;0;0;0;0;801190,638;5825956,093;13,43808998;52,50037288
12864;207846;11;4;4030622;2018;11;9;5;3;2;6;0;0;1;0;1;0;0;0;792153,6643;5827260,228;13,30648836;52,51697758
12865;207847;11;4;4030620;2018;11;1;1;3;1;5;2;1;1;0;0;0;0;0;792865,2894;5827300,653;13,31698133;52,51695829
12866;207848;11;1;1044201;2018;11;8;5;3;3;6;0;1;0;0;0;0;0;0;796485,6956;5831965,958;13,37434237;52,55682174
12867;207849;11;6;6040805;2018;11;12;7;3;6;7;0;1;0;1;0;0;0;1;789201,673;5818471,899;13,25548355;52,43976041
12868;207850;11;4;4041241;2018;11;7;5;3;1;5;0;1;1;0;0;0;0;0;791350,1702;5822460,125;13,29048229;52,47437472
12869;207851;11;12;12304314;2018;11;7;5;3;4;7;1;1;1;0;0;0;0;0;790902,2958;5836103,763;13,29584985;52,59692767
12870;207852;11;12;12214125;2018;11;18;4;3;6;2;2;0;1;1;0;0;0;0;791119,1199;5833975,059;13,29717155;52,57772833
12871;207853;11;11;2050803;2018;12;17;2;3;2;2;2;0;1;0;0;0;0;1;803305,9354;5826316,078;13,4694844;52,50242781
12872;207854;11;9;9020501;2018;11;20;7;3;5;2;2;0;1;0;0;0;1;0;806726,3324;5823005,865;13,51667158;52,47084905
12873;207855;11;10;10040830;2018;11;7;5;3;5;2;0;1;1;0;0;0;0;0;811277,0597;5826859,543;13,58705033;52,50280962
12874;207856;11;2;2050602;2018;11;19;7;3;5;3;2;1;0;0;0;0;0;0;802593,0554;5827778,87;13,46034386;52,5159345
12875;207857;11;1;1022106;2018;11;16;7;3;3;6;2;0;1;0;0;0;0;0;794581,7098;5828412,441;13,34318815;52,52600031
12876;207858;11;6;6030609;2018;11;20;5;3;5;3;2;1;1;0;0;0;0;0;793195,9618;5819910,622;13,31534068;52,45053144
12877;207859;11;3;3040818;2018;11;16;7;3;2;6;2;0;1;0;0;0;0;0;799127,36;5833264,438;13,41436275;52,56701603
12878;207860;11;12;12301203;2018;11;17;5;3;5;3;2;1;1;0;0;0;0;0;793647,2271;5836118,542;13,33627259;52,59558488
12879;207861;11;1;1022106;2018;12;17;2;3;3;6;2;0;1;0;0;0;1;1;793762,2167;5828133,34;13,3308969;52,52394051
12880;207862;11;8;8010510;2018;11;15;7;3;5;3;1;1;0;0;0;0;1;0;802482,6435;5822558,432;13,45398237;52,46920496
12881;207863;11;10;10020622;2018;11;11;5;3;2;7;0;0;1;0;0;0;0;0;810705,7338;5828140,334;13,57985583;52,51461297
12882;207864;11;4;4020312;2018;11;14;4;3;1;5;0;1;1;0;0;0;0;0;790160,8727;5827063,049;13,27703091;52,51627379
12883;207865;11;10;10020412;2018;12;17;2;3;2;6;2;0;1;0;0;0;0;0;811070,5542;5832010,231;13,5888358;52,54908443
12884;207866;11;1;1022204;2018;11;10;5;3;0;6;0;0;1;0;0;0;1;0;794724,0985;5828319,893;13,34519888;52,52509373
12885;207867;11;12;12304313;2018;11;15;7;3;3;6;1;1;1;0;0;0;0;0;792064,4736;5834838,266;13,31184356;52,58496008
12886;207868;11;4;4030930;2018;11;14;7;3;1;5;0;0;1;0;0;0;0;0;792961,7485;5825710,324;13,316999;52,50264976
12887;207869;11;10;10010311;2018;11;9;5;2;3;6;0;0;1;0;0;0;1;0;810347,4955;5831835,352;13,57804305;52,54792966
12888;207870;11;6;6010103;2018;11;18;4;3;6;4;2;1;0;1;0;0;0;0;793740,8066;5821453,211;13,32469227;52,46406772
12889;207871;11;7;7070703;2018;11;18;7;3;6;2;2;0;1;1;0;0;0;0;799761,8461;5813974,709;13,40635368;52,39376315
12890;207872;11;11;11010207;2018;11;18;5;3;6;4;2;0;1;1;0;0;0;0;805598,3302;5834601,472;13,51077157;52,57540511
12891;207873;11;7;7030301;2018;11;14;7;3;5;3;0;1;0;0;0;0;1;0;793890,7463;5822405,31;13,32773161;52,47252227
12892;207874;11;1;1033102;2018;11;23;7;2;6;4;2;0;1;1;0;0;0;0;797069,7455;5831445,204;13,38246604;52,55183553
12893;207875;11;4;4010103;2018;11;10;5;3;2;6;0;0;1;0;0;0;0;0;791220,1753;5829033,235;13,29432306;52,53337169
12894;207876;11;8;8020625;2018;11;17;7;2;6;4;1;0;1;1;0;0;0;0;802280,2651;5818947,777;13,44774405;52,43695415
12895;207877;11;2;2040701;2018;11;17;5;3;3;6;1;1;0;0;0;0;0;0;800373,1394;5827885,132;13,4278239;52,51811408
12896;207878;11;7;7010102;2018;11;17;7;2;6;4;2;0;1;1;0;0;0;0;795878,5563;5825389,717;13,35956087;52,49820199
12897;207879;11;8;8010116;2018;11;17;5;3;6;2;1;0;1;1;0;0;0;0;800400,4385;5823878,462;13,424611;52,48218585
12898;207880;11;4;4030930;2018;11;13;7;2;5;3;0;1;1;0;0;0;0;0;793286,9911;5825643,082;13,32171765;52,50187224
12899;207881;11;10;10040932;2018;11;16;5;3;5;7;2;0;1;0;1;0;0;0;813565,6239;5827385,44;13,62115164;52,50621193
12900;207882;11;1;1011302;2018;11;13;7;2;5;3;0;0;1;0;1;0;0;0;798530,5333;5828982,311;13,40173412;52,52896056
12901;207883;11;4;4051447;2018;11;15;5;3;5;2;1;1;1;0;0;0;0;0;793158,9286;5824518,023;13,31884624;52,49185531
12902;207884;11;12;12214421;2018;11;15;5;3;5;3;1;0;1;0;0;0;0;0;793299,8264;5833868,258;13,32916665;52,57559995
12903;207885;11;9;9010202;2018;11;21;7;3;6;2;2;0;1;1;0;0;0;1;803778,862;5823277,627;13,47366074;52,47493178
12904;207886;11;4;4030620;2018;11;15;5;3;0;3;1;0;1;0;0;0;1;0;792431,4023;5827177,456;13,31049702;52,5160867
12905;207887;11;4;4030519;2018;11;12;7;3;5;2;0;0;1;0;0;0;1;0;792083,3481;5827960,637;13,30607007;52,52329425
12906;207888;11;5;5010209;2018;11;14;5;3;2;6;0;0;1;0;0;0;0;0;783219,8461;5830281,607;13,17776036;52,54878122
12907;207889;11;4;4030621;2018;11;14;5;3;6;2;0;0;1;1;0;0;0;0;793545,4955;5827723,109;13,32734965;52,52037971
12908;207890;11;2;2040502;2018;11;11;7;3;1;5;0;1;1;0;0;0;0;0;801027,4288;5828116,351;13,43764666;52,51982579
12909;207891;11;12;12214423;2018;11;13;5;3;5;3;0;1;1;0;0;0;0;0;792900,7713;5833855,33;13,32328334;52,57569898
12910;207892;11;9;9010402;2018;11;13;5;3;5;3;0;1;1;0;0;0;0;0;806482,7365;5820067,535;13,51039938;52,44465135
12911;207893;11;4;4051549;2018;11;10;7;3;5;7;0;0;1;0;1;0;0;0;793313,2696;5823632,208;13,32033337;52,48383139
12912;207894;11;6;6020302;2018;11;13;5;2;5;2;0;0;1;0;0;0;0;0;794827,5999;5819323,008;13,33876242;52,44438627
12913;207895;11;1;1011301;2018;11;1;7;3;0;1;2;1;0;0;0;0;0;0;797560,4977;5828661,048;13,38718939;52,52661117
12914;207896;11;2;2040502;2018;11;13;5;3;5;2;0;1;0;0;0;0;0;0;801251,1817;5827847,148;13,44069061;52,51728932
12915;207897;11;1;1011306;2018;11;3;7;3;5;3;2;0;1;0;0;0;0;1;799902,8884;5826513,911;13,41967866;52,50608207
12916;207898;11;8;8020625;2018;11;12;5;2;5;3;0;0;1;0;1;0;0;0;802212,2413;5818941,728;13,44674095;52,43693752
12917;207899;11;8;8010510;2018;11;12;5;3;5;2;0;0;1;0;0;0;0;0;803515,8063;5821993,437;13,46863139;52,46356798
12918;207900;11;4;4030620;2018;11;15;7;3;5;3;1;1;0;0;1;0;0;0;792305,3508;5827415,3;13,30885368;52,51828648
12919;207901;11;4;4030930;2018;11;0;5;3;9;1;2;0;1;0;0;0;0;0;792945,5965;5825553,827;13,31662405;52,50125549
12920;207902;11;3;3061126;2018;11;13;5;2;5;3;0;0;1;0;0;0;1;0;798997,8132;5831812,036;13,41114853;52,55406868
12921;207903;11;5;5010314;2018;11;19;6;3;2;6;2;0;1;0;0;0;0;0;784965,607;5829380,886;13,20266414;52,53979495
12922;207904;11;10;10040830;2018;11;15;4;3;6;4;1;0;1;1;0;0;0;1;810600,4878;5825495,957;13,57584338;52,49097535
12923;207905;11;9;9031101;2018;11;21;6;3;1;5;2;1;1;0;0;0;0;1;810818,3983;5818413,072;13,57244849;52,42737753
12924;207906;11;1;1011302;2018;11;9;4;3;2;7;0;1;0;0;0;0;1;1;798662,2123;5828361,122;13,40311152;52,52332034
12925;207907;11;8;8010214;2018;11;21;6;3;3;6;2;0;1;0;0;1;0;0;801812,0127;5821965,028;13,44360309;52,46425707
12926;207908;11;4;4030415;2018;11;12;4;3;6;4;0;0;1;1;0;0;0;0;791671,3777;5827717,514;13,29980194;52,52133523
12927;207909;11;5;5010208;2018;11;20;6;2;6;4;2;0;1;1;0;0;0;0;783978,6483;5830101;13,18876649;52,54676683
12928;207910;11;1;1011301;2018;11;20;4;3;2;6;0;0;1;0;0;0;0;0;797121,9518;5829237,037;13,38125886;52,53201344
12929;207911;11;4;4010102;2018;11;20;6;2;6;4;2;0;1;1;0;0;0;0;793152,2241;5830178,753;13,32373573;52,54260501
12930;207912;11;2;2030302;2018;11;19;4;3;1;5;2;0;1;0;0;0;1;0;800697,6305;5826437,784;13,43128404;52,5049623
12931;207913;11;1;1011302;2018;11;19;6;3;5;2;2;0;1;0;0;0;0;0;798000,5728;5828904,066;13,39387488;52,52854915
12932;207914;11;3;3071536;2018;11;19;4;3;1;5;2;1;1;0;0;0;0;0;798898,507;5829889,134;13,40795777;52,53688726
12933;207915;11;2;2010104;2018;11;23;4;3;5;2;2;0;1;0;0;0;0;0;798583,5358;5825563,69;13,39944571;52,49828824
12934;207916;11;1;1011401;2018;11;18;6;3;2;6;1;1;1;0;0;0;0;0;798291,2697;5829368,638;13,3985642;52,53255442
12935;207917;11;8;8030829;2018;11;16;6;2;5;7;2;0;1;0;1;0;0;1;803157,4384;5818442,577;13,46015026;52,43194055
12936;207918;11;12;12214421;2018;11;16;6;3;1;5;2;1;1;0;0;0;0;0;793480,0807;5833686,941;13,33165849;52,57387738
12937;207919;11;5;5020524;2018;12;12;6;3;2;6;0;0;1;0;0;0;0;1;783381,68;5826751,663;13,17713101;52,51704679
12938;207920;11;11;11030619;2018;12;15;4;3;5;3;0;1;1;0;0;0;0;0;804220,6754;5829078,508;13,48544461;52,52667723
12939;207921;11;5;5020625;2018;12;13;6;3;5;3;0;0;1;0;1;0;0;1;784644,0766;5828312,275;13,19702078;52,53038184
12940;207922;11;3;3020210;2018;12;14;4;3;5;2;0;0;1;0;1;0;0;0;799622,543;5836321,85;13,42441044;52,59414813
12941;207923;11;10;10040933;2018;12;12;6;3;5;2;0;0;1;0;0;0;1;1;812385,1106;5824270,032;13,60089425;52,47897132
12942;207924;11;8;8020727;2018;12;17;4;3;2;2;2;0;1;0;0;0;0;0;801613,623;5817420,242;13,43658933;52,42363038
12943;207925;11;4;4030620;2018;12;11;6;3;5;7;0;1;1;0;0;0;0;1;792795,4355;5827489,799;13,3161213;52,51869143
12944;207926;11;5;5010314;2018;12;10;6;2;6;4;0;0;0;1;0;1;0;1;784785,008;5828821,412;13,19952895;52,53487314
12945;207927;11;10;10010310;2018;12;13;4;3;2;6;0;0;1;0;0;0;0;0;809311,0247;5831421,615;13,56242121;52,54481136
12946;207928;11;10;10020517;2018;12;11;6;3;5;3;0;1;1;0;0;0;0;1;812429,3944;5830413,447;13,60730924;52,53399801
12947;207929;11;3;3040614;2018;12;9;6;3;5;3;0;0;1;0;0;0;0;1;800031,5557;5834667,913;13,42893294;52,57909812
12948;207930;11;6;6040808;2018;12;12;4;3;2;6;0;0;1;0;0;0;0;1;789990,5781;5819194,618;13,26768427;52,44582206
12949;207931;11;2;2040502;2018;12;9;6;2;5;3;0;1;1;0;0;0;0;1;800755,1925;5828470,755;13,43396695;52,5231526
12950;207932;11;3;3061228;2018;12;11;4;3;2;6;0;0;1;0;0;0;0;1;800615,421;5831376,431;13,4345414;52,54927388
12951;207933;11;11;11020411;2018;12;7;6;2;5;3;0;1;1;0;0;0;0;1;804920,549;5833112,194;13,49943176;52,56243783
12952;207934;11;8;8041037;2018;12;6;4;3;5;2;1;0;1;0;0;0;0;1;805547,3767;5818559,197;13,49530133;52,43165619
12953;207935;11;8;8010509;2018;12;7;6;3;2;6;1;0;1;0;0;0;0;1;803624,9816;5822328,71;13,47053848;52,46651234
12954;207936;11;10;10040931;2018;12;6;4;3;5;3;2;1;1;0;0;0;0;1;812913,4771;5828059,566;13,61220824;52,51262719
12955;207937;11;6;6020305;2018;12;7;6;3;6;2;1;0;1;1;0;0;0;1;795805,8063;5817731,549;13,35170461;52,42959159
12956;207938;11;8;8020620;2018;12;10;4;3;3;6;0;0;1;0;0;0;1;0;801306,0198;5820450,708;13,43481096;52,450963
12957;207939;11;4;4030931;2018;12;11;4;3;1;5;0;1;1;0;0;0;0;1;793620,1449;5825758,779;13,32671365;52,50273025
12958;207940;11;11;11010205;2018;12;7;6;3;6;7;1;0;1;1;0;0;0;1;806547,0544;5833561,384;13,52376649;52,56555026
12959;207941;11;4;4020313;2018;12;6;6;3;6;7;2;0;1;1;0;0;0;1;790614,965;5826618,806;13,28331602;52,51204935