;OBJECTID;LAND;BEZ;LOR;UJAHR;UMONAT;USTUNDE;UWOCHENTAG;UKATEGORIE;UART;UTYP1;ULICHTVERH;IstRad;IstPKW;IstFuss;IstKrad;IstGkfz;IstSonstige;USTRZUSTAND;LINREFX;LINREFY;XGCSWGS84;YGCSWGS84
12960;207942;11;9;9051901;2018;12;10;4;3;3;2;0;0;1;0;1;0;0;0;809929,8328;5821615,881;13,56239212;52,45658444
12961;207943;11;1;1011306;2018;12;10;4;3;5;3;0;1;1;0;0;0;0;1;800084,639;5826454,44;13,42229486;52,50544908
12962;207944;11;5;5030731;2018;12;5;6;3;6;2;2;0;0;1;0;1;0;1;787944,744;5830021,895;13,24702546;52,54397578
12963;207945;11;1;1011305;2018;12;9;4;3;2;2;0;1;1;0;0;0;0;1;799213,4881;5826985,973;13,40997601;52,51069194
12964;207946;11;12;12103115;2018;12;9;4;3;5;7;0;0;1;0;1;0;0;1;795415,1813;5834073,308;13,36047447;52,57629391
12965;207947;11;3;3040512;2018;12;5;6;3;2;6;2;0;1;0;1;0;0;1;795762,7874;5835079,287;13,36648677;52,58512266
12966;207948;11;11;11051331;2018;12;8;4;3;5;3;0;0;1;0;1;0;0;1;807677,4044;5824534,243;13,53203906;52,48401172
12967;207949;11;2;2040503;2018;12;3;6;2;5;2;2;1;0;0;0;0;0;1;801711,2786;5827901,344;13,44749978;52,51752074
12968;207950;11;5;5010312;2018;12;7;4;3;6;4;0;0;1;1;0;0;0;1;785181,3683;5829651,034;13,20606877;52,54210419
12969;207951;11;4;4030518;2018;12;13;6;3;0;1;0;0;0;0;1;0;0;1;791945,6199;5828215,472;13,30426955;52,52565255
12970;207952;11;3;3051022;2018;12;7;4;3;6;4;0;0;0;1;0;0;1;0;803330,1797;5831992,867;13,47501924;52,55329398
12971;207953;11;1;1011301;2018;12;6;4;3;6;2;2;0;1;1;0;0;0;1;797247,6671;5829090,371;13,38297557;52,53063021
12972;207954;11;8;8010510;2018;12;15;5;3;5;3;0;1;1;0;0;0;0;1;803323,1499;5822144,626;13,4659417;52,46503005
12973;207955;11;7;7060601;2018;12;7;4;2;6;4;1;0;1;1;0;0;0;1;796597,7623;5816138,218;13,36190621;52,41487981
12974;207956;11;1;1011102;2018;12;6;3;3;2;2;2;0;1;0;0;1;0;1;795044,7267;5827224,782;13,34893986;52,51510347
12975;207957;11;2;2010102;2018;12;0;5;3;0;3;2;1;1;0;0;0;0;0;798022,7528;5825830,104;13,39144771;52,50098284
12976;207958;11;8;8010508;2018;12;6;3;3;6;2;2;0;1;1;0;0;0;1;803206,0519;5822706,234;13,46473362;52,4701287
12977;207959;11;3;3010102;2018;12;6;3;3;6;4;2;0;0;1;0;0;1;1;804669,4192;5841371,197;13,50333813;52,63659813
12978;207960;11;7;7060604;2018;12;15;5;3;3;6;1;0;1;0;0;1;0;0;797104,9996;5815595,376;13,36886057;52,40973859
12979;207961;11;8;8040933;2018;12;16;3;2;6;4;2;0;1;1;0;0;0;1;803285,5472;5819100,903;13,46262604;52,43777013
12980;207962;11;3;3010102;2018;12;16;5;3;3;6;1;0;1;0;1;0;0;1;804824,8932;5841396,739;13,50565204;52,6367398
12981;207963;11;12;12214424;2018;12;12;3;3;0;4;0;0;0;1;1;0;0;1;793382,3347;5832501,704;13,32917192;52,56330514
12982;207964;11;11;11030617;2018;12;16;5;3;6;4;2;0;1;1;0;0;0;1;803315,4582;5830059,202;13,4730371;52,53597131
12983;207965;11;4;4030931;2018;12;15;3;3;3;6;0;0;0;0;1;0;1;0;794075,8488;5826111,588;13,33371955;52,50564758
12984;207966;11;2;2040701;2018;12;17;5;2;6;2;2;0;1;1;0;0;0;1;800576,7217;5827053,749;13,4300642;52,51055
12985;207967;11;5;5010101;2018;12;19;3;3;2;3;2;0;1;0;0;0;0;1;785652,4858;5831763,335;13,2148141;52,56079585
12986;207968;11;12;12214424;2018;12;20;5;3;6;4;2;0;1;1;0;0;0;1;793297,6976;5832610,901;13,32802341;52,56432962
12987;207969;11;2;2050802;2018;12;19;3;3;5;7;2;1;1;0;0;0;0;1;802403,6573;5827062,617;13,45691039;52,50961981
12988;207970;11;6;6010207;2018;12;19;5;3;0;6;2;0;1;0;1;0;0;1;793369,1762;5820056,909;13,31801074;52,45174994
12989;207971;11;2;2010103;2018;12;18;3;3;5;3;2;1;1;0;0;0;0;1;799419,3399;5826147,957;13,41224647;52,50306743
12990;207972;11;3;3040614;2018;12;15;3;3;1;5;1;1;1;0;0;0;0;1;799752,0441;5835013,962;13,42513324;52,58235388
12991;207973;11;10;10020517;2018;12;17;5;3;2;6;2;0;1;0;0;0;0;1;813271,5096;5830155,535;13,61944082;52,53120356
12992;207974;11;3;3071536;2018;12;19;5;3;2;3;2;0;1;0;1;0;0;1;799230,6992;5829269,777;13,41228334;52,53115338
12993;207975;11;4;4030726;2018;12;17;3;3;5;7;2;0;1;0;0;0;1;1;791591,3295;5825495,285;13,29667844;52,50145604
12994;207976;11;8;8041037;2018;12;17;5;3;1;5;2;1;1;0;0;0;0;1;805484,933;5818462,611;13,49429748;52,43082539
12995;207977;11;4;4031032;2018;12;18;5;3;2;6;2;0;1;0;0;0;0;1;791463,9212;5825059,076;13,29442502;52,49761353
12996;207978;11;8;8041040;2018;12;16;3;3;6;2;2;0;1;1;0;0;0;1;805810,4662;5816844,16;13,49759129;52,41613802
12997;207979;11;3;3020307;2018;12;16;5;3;5;3;2;1;1;0;0;0;0;1;799468,9814;5837743,188;13,42343585;52,60697251
12998;207980;11;8;8010508;2018;12;16;3;3;6;4;2;0;1;1;0;0;0;1;803101,8163;5822771,825;13,46326339;52,47077443
12999;207981;11;3;3071537;2018;12;16;5;3;0;1;2;0;0;0;1;0;0;1;799728,229;5829366,207;13,41968287;52,53174438
13000;207982;11;12;12231101;2018;12;16;3;3;1;5;2;0;1;0;0;0;1;1;791545,8052;5838552,315;13,30748079;52,61853339
13001;207983;11;12;12301203;2018;12;16;5;3;5;3;2;0;1;0;1;0;0;1;792953,4959;5835396,057;13,32542107;52,58948237
13002;207984;11;7;7050501;2018;12;18;4;3;5;2;2;0;1;0;1;0;0;0;797587,2378;5819594,392;13,37948749;52,44532406
13003;207985;11;3;3020209;2018;12;16;3;3;5;2;2;1;1;0;0;0;0;1;798247,3476;5835083,226;13,40305377;52,58380161
13004;207986;11;7;7040403;2018;12;17;5;3;5;2;2;1;1;0;0;0;0;0;797836,3055;5821341,747;13,38469965;52,46085163
13005;207987;11;12;12103117;2018;12;16;5;3;6;4;2;0;1;1;0;0;0;1;796541,89;5832405,316;13,3755614;52,56072949
13006;207988;11;1;1044103;2018;12;15;3;3;5;2;2;1;1;0;0;0;0;1;794594,5035;5830734,515;13,34543466;52,54680912
13007;207989;11;1;1011303;2018;12;17;5;3;6;2;2;0;1;1;0;0;0;1;799495,1061;5828789,355;13,41573679;52,52670194
13008;207990;11;11;11041128;2018;12;15;3;3;5;7;1;0;1;0;0;0;0;1;805996,4162;5825819,731;13,50854225;52,49647734
13009;207991;11;11;11030618;2018;12;17;5;3;0;2;2;0;1;1;0;0;0;1;803090,158;5829538,569;13,46925081;52,53143032
13010;207992;11;6;6020408;2018;12;18;5;2;6;4;2;0;1;1;0;0;0;0;792509,3296;5815776,045;13,30164852;52,4138331
13011;207993;11;2;2010103;2018;12;15;3;3;5;3;1;0;1;0;0;0;0;1;799551,4592;5825854,456;13,41392309;52,50036411
13012;207994;11;12;12301206;2018;12;18;5;2;6;2;2;0;1;1;0;0;0;1;794041,4162;5838145,334;13,34387593;52,61354044
13013;207995;11;6;6020411;2018;12;14;3;3;0;7;0;0;1;0;1;0;0;1;795446,1675;5816109,668;13,34499808;52,41524667
13014;207996;11;2;2040502;2018;12;18;5;2;6;2;2;0;1;1;0;0;0;1;801002,1334;5828022,425;13,43718999;52,51899787
13015;207997;11;1;1022206;2018;12;14;3;3;6;2;0;0;1;1;0;0;0;1;796223,0232;5828507,119;13,36739513;52,52595971
13016;207998;11;1;1033201;2018;12;16;5;3;1;5;2;0;0;0;0;0;1;1;798238,656;5830707,47;13,39899251;52,54458401
13017;207999;11;11;11010309;2018;12;8;3;3;2;6;0;0;1;0;0;0;1;1;804829,6137;5833262,482;13,49823247;52,56383569
13018;208000;11;9;9020602;2018;12;17;5;2;6;4;2;0;1;1;0;0;0;1;808425,5808;5820875,098;13,53963996;52,45079641
13019;208001;11;1;1011102;2018;12;19;5;2;3;6;2;0;1;0;1;0;0;1;795188,9639;5827214,376;13,35105002;52,51493214
13020;208002;11;2;2010102;2018;12;9;3;3;6;4;0;0;0;1;0;0;1;1;797945,5088;5826311,517;13,3907439;52,5053403
13021;208003;11;11;11030720;2018;12;14;3;3;0;1;0;0;0;0;1;0;0;1;804332,6743;5829081,268;13,48709295;52,52663947
13022;208004;11;11;11020515;2018;12;15;5;3;5;3;1;0;1;0;0;0;0;0;805125,3936;5830049,997;13,49963083;52,53487855
13023;208005;11;1;1022101;2018;12;9;3;3;6;4;0;0;1;1;0;0;0;1;793521,2752;5829265,947;13,3283557;52,53422351
13024;208006;11;9;9051702;2018;12;14;3;3;2;6;0;0;1;0;0;0;0;1;814540,4627;5822087,464;13,63046926;52,45817664
13025;208007;11;7;7040405;2018;12;20;5;2;5;2;2;0;1;0;1;0;0;1;798892,2955;5821213,374;13,40008113;52,4591244
13026;208008;11;1;1011302;2018;12;9;3;3;1;5;0;1;1;0;0;0;0;1;798479,4037;5828976,662;13,40097757;52,52893792
13027;208009;11;11;11041128;2018;12;9;3;3;5;3;0;1;1;0;0;0;0;1;805525,8697;5825986,35;13,50178533;52,49823426
13028;208010;11;6;6030502;2018;12;17;5;3;2;6;2;0;1;0;0;0;0;1;790293,0694;5814809,396;13,26831653;52,4063466
13029;208011;11;4;4030931;2018;12;10;3;3;6;7;0;0;1;1;0;0;0;1;793786,3831;5825737,715;13,32913711;52,50245193
13030;208012;11;12;12301204;2018;12;17;5;3;1;5;2;0;1;0;0;0;0;1;791897,2254;5835412,298;13,30988775;52,59019582
13031;208013;11;9;9051901;2018;12;12;3;3;2;6;0;0;1;0;0;0;0;1;812100,796;5820957,15;13,59362354;52,44944607
13032;208014;11;10;10010310;2018;12;19;5;3;2;6;2;0;1;0;0;0;0;1;809840,2253;5830977,923;13,56978629;52,54053453
13033;208015;11;7;7030303;2018;12;13;3;2;5;3;0;0;1;0;0;0;0;1;795090,7338;5821623,083;13,3446553;52,46486316
13034;208016;11;8;8010117;2018;12;15;5;3;2;6;1;0;1;0;0;0;0;0;800149,5252;5823643,574;13,42071578;52,48021842
13035;208017;11;2;2040703;2018;12;13;3;3;2;6;0;1;0;0;0;0;1;1;801413,4032;5826423,904;13,44178519;52,50444296
13036;208018;11;3;3040818;2018;12;14;3;3;5;2;0;0;1;0;0;0;0;1;800020,7046;5833422,398;13,42764639;52,56794027
13037;208019;11;8;8020619;2018;12;18;5;3;2;6;2;0;1;0;0;0;1;1;802577,376;5820735,592;13,45372041;52,45281426
13038;208020;11;1;1033101;2018;12;14;3;3;5;3;0;0;1;0;0;0;0;1;796153,6535;5832273,453;13,3697333;52,55975878
13039;208021;11;10;10040830;2018;12;7;3;3;6;4;1;0;1;1;0;0;0;1;810530,0096;5824956,236;13,5743058;52,48617871
13040;208022;11;5;5020524;2018;12;21;6;3;5;3;2;0;1;0;0;0;0;1;783050,606;5826059,872;13,17167646;52,51101591
13041;208023;11;1;1022206;2018;12;18;5;3;0;7;2;0;1;0;0;0;1;0;796430,1986;5828610,682;13,37053232;52,52677545
13042;208024;11;3;3051021;2018;12;7;3;3;6;2;1;0;1;1;0;0;0;1;803362,7134;5832552,573;13,47600911;52,55829232
13043;208025;11;11;11020513;2018;12;13;5;3;5;3;0;1;0;0;0;0;1;0;802953,2901;5830972,063;13,46854616;52,54435452
13044;208026;11;3;3071536;2018;12;19;5;3;0;4;2;0;0;1;0;0;1;1;798999,858;5830086,973;13,40962563;52,53860499
13045;208027;11;12;12103218;2018;12;6;3;3;6;2;2;0;1;1;0;0;0;1;795432,7404;5834155,218;13,36080583;52,57701861
13046;208028;11;1;1011303;2018;12;21;5;3;5;2;2;0;1;0;0;0;0;1;799240,8668;5828468,335;13,41171151;52,52396409
13047;208029;11;3;3050923;2018;12;7;3;3;6;4;1;0;1;1;0;0;0;1;800652,9005;5832171,685;13,43581263;52,55638118
13048;208030;11;3;3030406;2018;12;12;5;3;5;3;0;0;1;0;0;0;0;0;802863,6535;5838282,268;13,47390636;52,6099235
13049;208031;11;11;11030721;2018;12;7;3;3;1;5;2;0;1;0;0;0;0;1;804908,331;5827531,763;13,49413189;52,51243041
13050;208032;11;4;4051446;2018;12;12;5;3;6;2;0;0;1;1;0;0;0;0;792868,8028;5824664,644;13,31471413;52,49332546
13051;208033;11;12;12214421;2018;12;14;3;3;6;2;0;0;1;1;0;0;0;1;793384,1051;5833148,976;13,3297704;52,5691066
13052;208034;11;2;2030302;2018;12;17;3;3;1;5;2;1;1;0;0;0;0;1;801383,1388;5826099,131;13,4410467;52,50154868
13053;208035;11;8;8020727;2018;12;10;5;3;5;3;0;0;1;0;0;0;1;0;801519,8709;5817350,205;13,43515165;52,42305428
13054;208036;11;4;4030725;2018;12;16;6;3;2;2;2;0;1;0;0;0;1;1;791570,1314;5826528,643;13,29727208;52,51073131
13055;208037;11;1;1022204;2018;12;13;5;3;3;6;0;0;1;0;0;0;1;0;794788,5342;5828310,691;13,34613775;52,52497641
13056;208038;11;12;12214424;2018;12;17;3;3;3;6;2;0;1;0;0;1;0;1;793301,5085;5832582,132;13,32805404;52,56406967
13057;208039;11;5;5030731;2018;12;10;5;3;6;4;0;0;1;1;0;0;0;1;787369,9871;5830067,751;13,23861303;52,54469036
13058;208040;11;2;2030302;2018;12;10;5;3;1;5;0;1;1;0;0;0;0;0;800790,7237;5826496,849;13,43270482;52,5054404
13059;208041;11;3;3061227;2018;12;17;4;3;5;3;2;0;1;0;0;0;0;0;800111,9358;5831694,933;13,42742621;52,55240631
13060;208042;11;1;1011301;2018;12;17;3;3;6;4;2;0;1;1;0;0;0;1;796982,248;5828747,68;13,37876822;52,52770304
13061;208043;11;1;1011302;2018;12;9;5;3;6;2;0;1;0;1;0;0;0;0;797636,613;5828308,856;13,38799283;52,52341266
13062;208044;11;11;11030721;2018;12;18;3;3;1;5;2;1;0;0;0;1;1;1;804280,1672;5827946,136;13,48528296;52,51649505
13063;208045;11;7;7010104;2018;12;16;6;3;6;4;2;0;1;1;0;0;0;1;796541,6487;5824860,126;13,3688288;52,49309481
13064;208046;11;1;1011204;2018;12;8;5;3;2;6;0;1;1;0;0;0;0;0;797920,7494;5826573,792;13,3906149;52,50770479
13065;208047;11;10;10020413;2018;12;17;3;3;6;4;2;0;1;1;0;0;0;1;810964,351;5830924,616;13,58625834;52,53941654
13066;208048;11;6;6010209;2018;12;18;2;3;1;5;2;1;1;0;0;0;0;0;794291,2947;5821559,726;13,33286579;52,46472636
13067;208049;11;2;2040701;2018;12;8;5;3;0;3;0;1;1;0;0;0;0;0;800292,4051;5827628,521;13,42640604;52,51585846
13068;208050;11;1;1011201;2018;12;18;2;3;5;3;2;0;1;0;1;0;0;1;796946,6749;5826781,252;13,3764901;52,51009552
13069;208051;11;7;7030303;2018;12;7;5;2;5;2;0;0;1;0;0;0;0;0;795410,0644;5820979,33;13,34877238;52,45891978
13070;208052;11;10;10010206;2018;12;7;6;3;6;6;2;1;1;1;0;0;0;1;810010,9972;5832300,377;13,57353057;52,55228855
13071;208053;11;3;3061228;2018;12;5;4;3;5;2;2;1;1;0;0;0;0;0;800248,7669;5831349,792;13,42912618;52,54923732
13072;208054;11;7;7010104;2018;12;18;2;3;5;2;2;1;1;0;0;0;0;1;796013,6296;5824976,54;13,36117765;52,49442496
13073;208055;11;10;10030724;2018;12;13;4;3;2;6;0;0;1;0;0;0;0;0;809656,0733;5829663,394;13,56585497;52,52885895
13074;208056;11;9;9020702;2018;12;15;4;3;0;2;0;1;1;0;0;0;0;0;809478,8132;5818716,259;13,55309011;52,43085398
13075;208057;11;1;1011201;2018;12;18;2;3;0;2;2;1;1;0;0;0;0;1;797452,6574;5826843,844;13,38397966;52,51038092
13076;208058;11;11;11051332;2018;12;15;4;3;5;7;0;0;1;0;0;0;1;0;807036,6688;5823517,444;13,52169684;52,4752596
13077;208059;11;1;1022104;2018;12;18;2;3;3;6;2;0;1;0;1;0;0;1;794581,3182;5828596,278;13,34334526;52,5276485
13078;208060;11;11;11051229;2018;12;16;6;2;6;4;2;0;0;1;0;0;1;1;804471,8496;5825744,333;13,48608541;52,49665419
13079;208061;11;4;4020314;2018;12;15;4;3;2;6;0;0;1;0;1;0;0;0;789970,4174;5825136,427;13,27255374;52,4991026
13080;208062;11;4;4051448;2018;12;16;2;3;6;3;1;0;1;1;0;0;0;1;793932,59;5825162,212;13,33077695;52,4972141
13081;208063;11;1;1011201;2018;12;14;4;2;1;5;0;0;1;0;0;0;1;0;797085,2867;5826877,937;13,37861283;52,51088673
13082;208064;11;12;12231102;2018;12;16;6;3;0;3;2;0;0;0;0;0;1;1;789663,5743;5839655,199;13,28072253;52,62942731
13083;208065;11;8;8010118;2018;12;16;2;3;2;6;2;0;1;0;0;0;0;0;800842,1337;5822545,45;13,42989319;52,46999446
13084;208066;11;1;1011201;2018;12;14;4;3;6;4;0;1;0;1;0;0;0;0;796964,0164;5826950,997;13,37689633;52,51160766
13085;208067;11;10;10040933;2018;12;13;4;3;5;3;0;1;1;0;0;0;0;0;812386,5247;5824605,917;13,60122968;52,48198046
13086;208068;11;12;12103116;2018;12;16;2;3;5;3;2;0;1;0;0;0;0;1;796595,8294;5833589,05;13,37741308;52,57131093
13087;208069;11;8;8020620;2018;12;12;4;3;3;6;0;0;1;0;1;0;0;0;800878,9275;5821457,166;13,42945205;52,46021951
13088;208070;11;4;4010102;2018;12;12;4;2;5;3;0;0;1;0;1;0;0;0;792115,5035;5830675,815;13,30892926;52,54761782
13089;208071;11;12;12214422;2018;12;15;2;3;2;2;0;0;1;0;0;0;0;0;792223,6865;5833717,97;13,31319917;52,5748316
13090;208072;11;11;11040925;2018;12;15;2;3;6;4;1;1;0;1;0;0;0;1;803495,1563;5826625,088;13,47254517;52,5050922
13091;208073;11;3;3030406;2018;12;12;4;3;1;5;0;1;1;0;0;0;0;0;803433,6089;5837430,758;13,48151712;52,60197397
13092;208074;11;7;7040401;2018;12;15;2;2;6;4;2;0;1;1;0;0;0;0;796641,6167;5823469,608;13,36905933;52,48057581
13093;208075;11;9;9020502;2018;12;17;2;2;6;4;2;0;1;1;0;0;0;1;807622,1497;5822198,559;13,52907394;52,46311017
13094;208076;11;10;10010207;2018;12;11;4;3;6;3;0;0;1;1;0;0;0;0;808403,3117;5831205,756;13,54887773;52,54339143
13095;208077;11;12;12302110;2018;12;18;2;3;0;3;2;0;1;0;0;0;1;1;795130,9807;5836343,71;13,35831501;52,5968001
13096;208078;11;5;5020626;2018;12;10;4;3;1;5;0;0;1;0;0;0;0;0;784648,0148;5827951,475;13,19676976;52,52714484
13097;208079;11;1;1033102;2018;12;16;2;3;2;2;0;0;1;0;0;0;0;1;797341,8472;5831211,437;13,38625806;52,54959163
13098;208080;11;7;7020202;2018;12;10;4;3;6;7;0;0;1;1;0;0;0;0;795011,2419;5823268,332;13,34494362;52,47965473
13099;208081;11;7;7030301;2018;12;16;2;3;2;6;2;0;1;0;0;0;0;1;793438,953;5822415,24;13,32110796;52,47285418
13100;208082;11;6;6020302;2018;12;14;2;3;5;3;0;0;1;0;0;0;1;0;794583,1726;5819155,163;13,33502857;52,44301336
13101;208083;11;12;12231102;2018;12;10;4;3;5;3;0;1;1;0;0;0;0;1;791221,1635;5839954,947;13,30393466;52,63128157
13102;208084;11;8;8010301;2018;12;13;2;3;5;7;0;0;1;0;0;0;0;0;801362,0861;5823946,26;13,43879033;52,48226369
13103;208085;11;2;2030301;2018;12;19;2;3;5;3;2;1;0;0;0;0;0;1;799915,4073;5825976,019;13,41937806;52,50125383
13104;208086;11;2;2010104;2018;12;22;2;3;5;3;2;0;1;0;0;0;0;1;798599,4825;5825578,748;13,39969343;52,49841449
13105;208087;11;7;7010102;2018;12;14;2;2;5;3;0;0;1;0;0;0;0;1;794944,8146;5825404,658;13,34585914;52,49884137
13106;208088;11;2;2020204;2018;12;22;4;3;1;5;2;1;1;0;0;0;0;0;798952,7742;5824795,765;13,40417965;52,49120271
13107;208089;11;5;5030731;2018;12;12;2;3;3;6;0;0;1;0;1;0;0;1;786962,845;5829334,442;13,2319922;52,53833042
13108;208090;11;3;3061228;2018;12;12;2;3;5;3;0;1;1;0;0;0;0;0;800605,0183;5831420,566;13,43442839;52,5496752
13109;208091;11;4;4030726;2018;12;20;4;2;5;3;2;1;1;0;0;0;0;0;791958,137;5825264,573;13,30186465;52,49919161
13110;208092;11;4;4031032;2018;12;12;2;3;5;2;0;1;1;0;0;0;0;0;791580,9291;5825003,318;13,29609494;52,49705116
13111;208093;11;9;9030901;2018;12;10;4;3;1;5;0;0;1;0;0;0;0;0;809648,0363;5816775,493;13,55377507;52,41336529
13112;208094;11;8;8010405;2018;12;10;2;3;1;5;0;1;1;0;0;0;0;0;801659,4792;5823780,753;13,44300662;52,480616
13113;208095;11;4;4020313;2018;12;9;4;2;5;2;0;0;1;0;1;0;0;0;790378,2291;5827210,898;13,28035412;52,51748357
13114;208096;11;4;4030519;2018;12;10;2;3;2;7;0;0;1;0;0;0;0;0;792064,9363;5828109,802;13,30593047;52,52464134
13115;208097;11;2;2010102;2018;12;18;4;3;0;1;2;0;0;0;1;0;0;1;798492,7005;5825554,576;13,39810343;52,49825623
13116;208098;11;1;1011303;2018;12;10;2;3;5;3;0;1;0;0;0;0;1;0;799776,8236;5828663,012;13,41976309;52,52541465
13117;208099;11;1;1022206;2018;12;9;4;3;5;2;0;1;1;0;0;0;0;0;795523,5703;5828187,403;13,356831;52,52347332
13118;208100;11;9;9020601;2018;12;16;6;3;6;2;2;0;1;1;0;0;0;1;806878,6708;5821176,004;13,5172249;52,45436376
13119;208101;11;7;7040403;2018;12;18;4;3;0;2;2;0;1;0;1;0;0;0;797850,3678;5822205,611;13,38567701;52,46858756
13120;208102;11;1;1011203;2018;12;9;2;3;6;7;0;0;0;1;1;0;0;1;797788,5792;5827276,067;13,3893016;52,514072
13121;208103;11;8;8010406;2018;12;9;4;3;1;5;0;1;1;0;0;0;0;0;802375,734;5824018,948;13,45373746;52,48235485
13122;208104;11;1;1011202;2018;12;18;4;3;3;2;2;0;1;0;0;0;1;0;797187,5304;5827529,606;13,38069696;52,51667252
13123;208105;11;3;3040614;2018;12;15;6;3;5;2;2;1;1;0;0;0;0;1;798731,947;5833692,834;13,40893208;52,57107306
13124;208106;11;4;4020311;2018;12;9;4;3;2;6;0;0;1;0;0;0;0;0;788985,2232;5827054,51;13,25974633;52,51682147
13125;208107;11;1;1011305;2018;12;9;2;3;1;5;0;1;0;0;0;1;0;0;799236,3099;5827183,321;13,41048872;52,51244835
13126;208108;11;11;11020412;2018;12;9;4;3;5;2;0;1;0;0;0;1;0;0;805701,8751;5831366,412;13,50931473;52,54635362
13127;208109;11;11;11010204;2018;12;9;4;3;5;3;0;1;1;0;0;0;0;0;806710,1403;5833421,197;13,52603543;52,56420205
13128;208110;11;2;2040701;2018;12;9;2;3;5;2;0;1;0;0;0;0;1;0;800506,2492;5827059,255;13,42903389;52,51063817
13129;208111;11;1;1011306;2018;12;18;4;3;2;6;2;0;1;0;0;0;0;1;800200,1484;5826847,81;13,42434631;52,50891145
13130;208112;11;12;12231101;2018;12;8;2;3;2;6;0;0;1;0;0;0;0;0;791422,0367;5838777,818;13,3058565;52,62062134
13131;208113;11;2;2020206;2018;12;15;6;3;1;5;1;1;1;0;0;0;0;1;799631,0816;5825077,087;13,41439329;52,49335246
13132;208114;11;10;10040828;2018;12;8;4;3;5;3;0;1;1;0;0;0;0;1;812929,2958;5829712,903;13,6139958;52,52743369
13133;208115;11;1;1011103;2018;12;7;2;2;5;2;0;1;1;0;0;0;0;0;795592,1252;5825810,573;13,35572731;52,50212985
13134;208116;11;9;9020701;2018;12;8;4;3;5;3;0;1;1;0;0;0;0;0;807821,875;5818872,766;13,52894;52,43319142
13135;208117;11;4;4051551;2018;12;15;6;3;2;2;0;0;1;0;0;0;0;1;793009,5722;5823394,844;13,31566524;52,48186655
13136;208118;11;12;12103116;2018;12;7;2;1;6;4;2;0;1;1;0;0;0;0;796764,6059;5833658,44;13,37995821;52,57184093
13137;208119;11;12;12103218;2018;12;8;4;3;5;2;0;1;1;0;0;0;0;1;794834,331;5833066,451;13,35103259;52,56758329
13138;208120;11;1;1044103;2018;12;7;4;3;5;3;0;0;1;0;0;0;1;0;794845,1137;5830307,941;13,34874107;52,54284965
13139;208121;11;8;8010211;2018;12;6;2;3;2;6;2;0;1;0;0;0;0;0;800467,3872;5823725,905;13,42545641;52,48078159
13140;208122;11;4;4030620;2018;12;17;4;3;5;2;2;0;1;0;0;0;0;0;792975,3334;5827555,525;13,31882289;52,51918402
13141;208123;11;1;1011303;2018;12;23;1;3;2;6;2;0;1;0;0;0;0;0;799571,2896;5828236,963;13,41635882;52,52170876
13142;208124;11;4;4030931;2018;12;14;6;3;5;2;0;1;1;0;0;0;0;1;793527,6714;5825443,169;13,325077;52,4999507
13143;208125;11;3;3061429;2018;12;16;1;3;5;2;2;0;1;0;0;0;0;1;801338,2141;5831003,266;13,4448303;52,54552984
13144;208126;11;1;1011306;2018;12;17;4;3;5;2;2;1;0;0;0;0;1;0;799980,4669;5826936,644;13,42119919;52,50982855
13145;208127;11;7;7030303;2018;12;22;1;3;1;5;2;0;1;0;0;1;0;1;795283,9125;5821906,902;13,34774174;52,46730305
13146;208128;11;1;1011102;2018;12;14;6;2;8;1;0;0;0;0;0;0;1;1;796303,7608;5827555,887;13,36773434;52,51738897
13147;208129;11;7;7070701;2018;12;7;4;3;0;1;0;0;1;0;1;0;0;1;799027,9865;5816501,923;13,39785736;52,41681782
13148;208130;11;2;2010103;2018;12;20;1;3;5;3;2;1;0;0;0;0;1;1;799115,3988;5826269,419;13,40789111;52,50432286
13149;208131;11;1;1044201;2018;12;13;6;3;3;6;0;1;1;0;0;0;0;1;796839,1526;5831562,456;13,3791799;52,55301227
13150;208132;11;4;4051654;2018;12;18;1;2;6;4;2;0;1;1;0;0;0;1;793975,3252;5823932,686;13,33031985;52,48616898
13151;208133;11;3;3061126;2018;12;16;4;2;6;4;1;1;0;1;0;0;0;0;798947,9043;5831449,916;13,41008854;52,55085022
13152;208134;11;2;2030301;2018;12;4;4;2;6;2;2;0;1;1;0;0;0;0;799898,4099;5825982,507;13,41913425;52,50132133
13153;208135;11;3;3071537;2018;12;18;1;2;2;6;1;0;1;0;1;0;0;1;799867,7619;5829782,124;13,42210895;52,53539565
13154;208136;11;1;1011103;2018;12;17;1;3;3;2;2;0;1;0;0;0;0;1;795179,1;5825900,691;13,34974009;52,50316128
13155;208137;11;7;7060604;2018;12;15;4;3;5;2;1;0;1;0;0;0;0;0;797610,1156;5815559,446;13,37623275;52,40914217