;OBJECTID;LAND;BEZ;LOR;UJAHR;UMONAT;USTUNDE;UWOCHENTAG;UKATEGORIE;UART;UTYP1;ULICHTVERH;IstRad;IstPKW;IstFuss;IstKrad;IstGkfz;IstSonstige;USTRZUSTAND;LINREFX;LINREFY;XGCSWGS84;YGCSWGS84
13156;208138;11;7;7060604;2018;12;15;1;3;5;3;1;0;1;0;0;0;0;1;798075,8043;5814211,884;13,38185954;52,39680924
13157;208139;11;11;11020515;2018;12;14;1;3;6;7;0;0;0;1;0;0;1;0;803357,7263;5830039,446;13,47364033;52,53577071
13158;208140;11;2;2040703;2018;12;19;6;3;5;7;2;0;1;0;0;0;0;1;801699,0916;5826148,779;13,4457322;52,50181909
13159;208141;11;12;12103219;2018;12;16;4;3;6;4;1;0;1;1;0;0;0;0;795163,6219;5832500,456;13,35537331;52,56233121
13160;208142;11;1;1044101;2018;12;11;1;2;6;4;0;0;1;1;0;0;0;1;794886,9788;5831281,953;13,35022146;52,55155823
13161;208143;11;7;7050503;2018;12;9;4;3;2;6;0;0;1;0;0;0;0;1;799113,7088;5819868,358;13,4021255;52,44694692
13162;208144;11;12;12103219;2018;12;13;6;2;2;4;0;0;1;1;1;0;0;1;793996,8942;5832652,714;13,33834599;52,56432734
13163;208145;11;10;10030727;2018;12;5;1;3;0;7;2;0;1;0;0;0;0;1;809579,5968;5825493,889;13,56085329;52,4915367
13164;208146;11;4;4051550;2018;12;16;4;3;1;5;0;1;1;0;0;0;0;0;793330,4995;5824278,933;13,32115556;52,48961978
13165;208147;11;8;8020728;2018;12;4;1;3;5;3;2;0;1;0;0;0;0;1;802125,8684;5816786,576;13,44352747;52,41766809
13166;208148;11;3;3061228;2018;12;7;4;3;5;2;1;1;1;0;0;0;0;0;800559,7238;5831407,563;13,43375063;52,54958365
13167;208149;11;9;9010401;2018;12;13;6;2;9;1;0;0;1;0;0;0;0;1;805150,1885;5821478,428;13,49214333;52,45804193
13168;208150;11;5;5030730;2018;12;1;1;2;6;4;2;0;1;1;0;0;0;1;786652,3984;5829243,858;13,22734929;52,53768167
13169;208151;11;11;11010205;2018;12;7;4;3;5;2;2;1;1;0;0;0;0;1;806852,4118;5832683,49;13,52744565;52,55751055
13170;208152;11;9;9020702;2018;12;1;1;3;1;5;2;0;1;0;0;0;0;1;809699,8079;5819132,87;13,55671611;52,43446253
13171;208153;11;2;2020204;2018;12;0;1;3;5;3;2;0;1;0;0;0;0;1;798794,2045;5824926,451;13,40196828;52,49246096
13172;208154;11;6;6030610;2018;12;6;4;2;6;2;2;0;1;1;0;0;0;1;791907,165;5818944,22;13,29558541;52,44255738
13173;208155;11;9;9010202;2018;12;5;1;3;5;3;2;0;1;0;0;0;0;1;804111,32;5824359,311;13,47952703;52,48444164
13174;208156;11;4;4031032;2018;12;20;7;3;6;4;2;0;1;1;0;0;0;1;791769,6384;5825166,585;13,29900986;52,49841397
13175;208157;11;10;10010308;2018;12;12;6;3;0;3;0;1;0;0;0;1;0;1;806585,2221;5828094,724;13,51928343;52,5165359
13176;208158;11;4;4010103;2018;12;15;3;3;5;3;0;0;1;0;0;0;0;0;791497,3424;5829247,039;13,29858518;52,53514025
13177;208159;11;12;12214125;2018;12;16;7;3;6;2;1;0;1;1;0;0;0;1;791910,0929;5831509,002;13,30664113;52,55519721
13178;208160;11;6;6030609;2018;12;21;3;2;6;4;2;0;1;1;0;0;0;0;793196,9497;5819788,938;13,31524836;52,44944005
13179;208161;11;3;3061131;2018;12;19;3;3;0;5;2;0;1;0;0;0;1;0;798796,3768;5831074,824;13,40752289;52,54757122
13180;208162;11;2;2020204;2018;12;23;7;3;2;6;2;0;1;0;0;0;0;1;798720,1;5824698,315;13,40067551;52,49045658
13181;208163;11;8;8010118;2018;12;17;3;3;6;2;2;0;1;1;0;0;0;0;801039,3779;5822074,783;13,43236354;52,46566706
13182;208164;11;4;4020314;2018;12;21;7;3;3;6;2;0;1;0;0;0;0;1;790347,8513;5825662,292;13,2785567;52,50361636
13183;208165;11;1;1011301;2018;12;18;3;3;5;2;2;1;1;0;0;0;0;0;797244,4862;5829094,05;13,38293211;52,53066492
13184;208166;11;6;6030503;2018;12;18;7;3;6;4;1;0;0;1;0;0;1;0;789486,1342;5817638,658;13,25893514;52,43213953
13185;208167;11;8;8010211;2018;12;17;3;3;2;6;2;1;1;0;0;0;0;0;800588,0803;5823767,68;13,42726594;52,48108961
13186;208168;11;2;2010104;2018;12;18;7;3;5;2;2;0;1;0;0;0;0;1;799063,639;5825597,272;13,40652718;52,49832638
13187;208169;11;1;12103117;2018;12;18;7;3;2;6;2;0;1;0;0;0;0;1;796138,5539;5832289,366;13,36952541;52,55990963
13188;208170;11;8;8041037;2018;12;21;3;3;5;3;2;0;1;0;0;0;0;0;805242,0233;5818122,383;13,49042518;52,42791162
13189;208171;11;1;1044101;2018;12;13;6;3;2;6;1;0;1;0;0;0;0;1;794443,3509;5829904,879;13,34247666;52,53945374
13190;208172;11;1;1011201;2018;12;21;3;2;6;7;2;1;0;1;0;0;0;0;797140,041;5826446,409;13,37903205;52,50698873
13191;208173;11;12;12231101;2018;12;18;7;2;6;4;2;0;1;1;0;0;0;1;791466,1684;5838798,13;13,30652446;52,62077975
13192;208174;11;3;3061441;2018;12;15;3;3;6;4;0;0;1;1;0;0;0;0;802832,7751;5828647,347;13,46465638;52,52358549
13193;208175;11;7;7070703;2018;12;14;3;3;5;7;0;0;1;0;0;0;0;1;798896,8811;5814356,476;13,39402029;52,39765791
13194;208176;11;12;12224230;2018;12;17;4;3;0;3;2;0;1;0;0;0;1;1;786798,3427;5838465,223;13,23747366;52,62027921
13195;208177;11;12;12214125;2018;12;16;7;3;6;2;1;0;1;1;0;0;0;1;790965,9907;5833830,214;13,29479101;52,57651172
13196;208178;11;12;12301204;2018;12;14;3;3;5;3;0;0;1;0;0;0;0;1;792773,8497;5836360,752;13,32362962;52,59822704
13197;208179;11;9;9030901;2018;12;13;7;3;2;2;0;1;1;0;0;0;0;0;808578,7364;5817508,592;13,5387792;52,42053919
13198;208180;11;8;8010510;2018;12;18;6;3;2;6;2;0;1;0;0;0;0;1;802710,615;5822115,331;13,4569262;52,46510717
13199;208181;11;7;7030301;2018;12;14;3;2;5;2;0;0;1;0;1;0;0;0;794395,7853;5822312,919;13,335064;52,47142207
13200;208182;11;5;5010314;2018;12;7;7;3;2;6;2;0;1;0;0;0;0;1;785127,0993;5828973,339;13,20468914;52,53605644
13201;208183;11;8;8020622;2018;12;14;3;3;2;6;0;0;1;0;0;0;0;1;802529,0284;5818985,666;13,45142665;52,43715622
13202;208184;11;4;4020310;2018;12;16;6;3;6;2;2;0;1;1;0;0;0;1;790342,0771;5827318,249;13,27991652;52,51846523
13203;208185;11;7;7010101;2018;12;14;7;3;1;6;0;1;1;0;0;0;1;1;794490,2091;5825832,13;13,33955968;52,50291891
13204;208186;11;6;6020408;2018;12;14;3;3;5;3;0;1;0;0;0;0;1;1;792570,931;5815896,666;13,3026571;52,41488154
13205;208187;11;2;2020202;2018;12;12;3;3;5;2;0;1;1;0;0;0;0;0;797267,2239;5825380,554;13,37994892;52,49736522
13206;208188;11;9;9020802;2018;12;13;7;2;6;4;0;0;0;1;0;0;1;0;810366,7182;5820336,602;13,56761253;52,44487206
13207;208189;11;3;3061126;2018;12;11;3;3;2;1;0;0;1;0;0;0;0;0;799242,0643;5831771,584;13,41470391;52,55357195
13208;208190;11;9;9020701;2018;12;11;3;3;1;5;0;0;1;0;0;0;0;0;808158,6275;5819659,579;13,53460305;52,44005335
13209;208191;11;7;7010102;2018;12;9;7;2;8;1;0;0;1;0;0;0;0;1;795539,2992;5825278,934;13,35447955;52,49739273
13210;208192;11;2;2050803;2018;12;11;3;3;2;1;0;0;1;0;0;0;0;0;803103,9651;5826090,475;13,46631268;52,50051799
13211;208193;11;1;1044102;2018;12;9;3;3;6;7;0;0;1;1;0;0;0;0;795040,3787;5832022,208;13,35313527;52,55811093
13212;208194;11;1;1011302;2018;12;6;7;3;2;6;2;0;1;0;0;0;0;0;798477,4389;5829091,235;13,40105156;52,52996598
13213;208195;11;1;1011203;2018;12;9;3;3;6;4;0;1;0;1;0;0;0;1;798024,339;5827468,758;13,39293811;52,51567047
13214;208196;11;8;8020619;2018;12;11;7;3;1;5;0;0;1;0;0;0;1;0;801238,2795;5821618,83;13,43487102;52,46147059
13215;208197;11;8;8010117;2018;12;8;3;3;2;6;1;0;1;0;0;0;0;1;800595,0862;5823211,419;13,42686736;52,47609978
13216;208198;11;6;6040810;2018;12;2;7;2;9;1;2;0;1;0;0;0;0;1;791161,2922;5820104,151;13,28565385;52,45335395
13217;208199;11;3;3030711;2018;12;5;3;3;4;6;2;0;1;0;0;0;0;1;800895,3675;5836016,289;13,44286685;52,5907067
13218;208200;11;10;10020622;2018;12;2;7;3;0;6;2;0;1;0;0;0;1;1;811097,142;5829165,698;13,58656401;52,52357853
13219;208201;11;11;11051229;2018;12;8;3;3;5;2;0;1;1;0;0;0;0;1;803347,724;5826306,075;13,47008905;52,50231493
13220;208202;11;3;3030715;2018;12;7;6;3;6;4;2;1;0;1;0;0;0;1;801542,981;5833537,516;13,45014301;52,56813101
13221;208203;11;12;12214125;2018;12;19;6;3;6;7;2;0;1;1;0;0;0;1;791017,6935;5833857,989;13,29557622;52,57673307
13222;208204;11;5;5040934;2018;12;8;3;3;6;7;0;1;0;1;0;0;0;0;783944,3793;5823358,478;13,18250789;52,48633009
13223;208205;11;6;6020410;2018;12;16;6;3;5;2;2;1;1;0;0;0;0;1;794440,4191;5817642,747;13,33160219;52,42953207
13224;208206;11;12;12301205;2018;12;7;3;3;5;3;0;1;1;0;0;0;0;1;792107,5419;5836833,018;13,31423677;52,60281903
13225;208207;11;2;2030302;2018;12;18;6;3;5;3;2;1;1;0;0;0;0;1;800678,7942;5825793,11;13,43042525;52,49919427
13226;208208;11;1;1033203;2018;12;18;6;3;5;3;2;0;1;0;0;0;0;1;796689,3146;5830139,695;13,37570543;52,54034045
13227;208209;11;6;6020409;2018;12;6;3;2;6;2;2;0;1;1;0;0;0;1;793302,679;5816962,674;13,3143198;52,42404651
13228;208210;11;1;1033202;2018;12;17;6;3;3;6;2;1;1;0;0;0;0;1;796984,185;5830162,442;13,38006083;52,54038372
13229;208211;11;4;4030726;2018;12;18;6;3;3;6;2;1;1;0;0;0;0;1;792149,2668;5825308,942;13,30471114;52,49948708
13230;208212;11;3;3040818;2018;12;6;3;3;5;3;2;1;1;0;0;0;0;0;800034,51;5833421,877;13,42784899;52,567928
13231;208213;11;7;7070706;2018;12;16;6;3;6;2;1;0;1;1;0;0;0;0;800286,6114;5812789,483;13,41298099;52,38285176
13232;208214;11;10;10030727;2018;12;8;3;3;5;3;0;1;1;0;0;0;0;0;809470,1701;5825897,147;13,55962127;52,49521263
13233;208215;11;1;1011203;2018;12;20;6;3;5;2;2;1;1;0;0;0;0;1;797904,2733;5827374,799;13,39108984;52,51489384
13234;208216;11;1;1022103;2018;12;12;2;3;2;6;0;0;1;0;0;0;0;1;794926,3125;5829538,241;13,34925173;52,53590595
13235;208217;11;1;1044202;2018;12;19;6;3;6;4;2;1;0;1;0;0;0;1;795602,672;5830512,464;13,36006136;52,54427255
13236;208218;11;1;1011302;2018;12;19;6;3;6;2;2;0;1;1;0;0;0;1;798692,4374;5828663,615;13,40382739;52,52601522
13237;208219;11;1;1033102;2018;12;12;2;3;5;2;0;1;0;0;0;1;0;1;797012,5249;5831490,286;13,38166492;52,55227084
13238;208220;11;9;9020701;2018;12;16;6;3;5;3;1;1;1;0;0;0;0;1;808200,8531;5818698,676;13,53433645;52,43141783
13239;208221;11;2;2050802;2018;12;17;6;3;5;2;2;1;1;0;0;0;0;1;802065,394;5827160,95;13,45203057;52,51068857
13240;208222;11;8;8010211;2018;12;11;2;2;6;2;0;0;1;1;0;0;0;1;800861,1478;5823837,515;13,43133782;52,4815652
13241;208223;11;6;6020303;2018;12;17;6;2;6;2;2;0;0;1;0;0;1;1;795728,1665;5818897,262;13,35159718;52,44008343
13242;208224;11;11;11041128;2018;12;10;2;3;5;3;0;0;1;0;0;0;0;1;805968,2391;5825368,893;13,50771444;52,49245256
13243;208225;11;12;12214527;2018;12;17;6;3;6;6;2;0;1;1;0;0;0;1;790431,4803;5835179,448;13,28810784;52,58889297
13244;208226;11;1;1022206;2018;12;9;2;3;3;6;0;0;1;0;0;1;0;1;796288,2843;5828546,997;13,36838981;52,52628171
13245;208227;11;11;11030721;2018;12;17;6;3;0;2;2;0;1;1;0;0;0;1;805170,3688;5827712,746;13,49814717;52,51390594
13246;208228;11;4;4030828;2018;12;8;2;2;6;2;0;0;1;1;0;0;0;1;793343,9776;5826090,384;13,32294887;52,50585149
13247;208229;11;4;4030827;2018;12;19;6;2;6;4;2;0;0;1;0;0;1;1;792273,6429;5825960,876;13,30711039;52,50526492
13248;208230;11;6;6030609;2018;12;10;2;2;5;3;0;0;1;0;0;0;1;1;792688,5585;5818460,403;13,30662513;52,43780234
13249;208231;11;1;1011204;2018;12;21;6;3;6;2;2;0;1;1;0;0;0;1;798109,6371;5826947,261;13,39372423;52,5109493
13250;208232;11;3;3061228;2018;12;11;2;3;5;2;0;0;1;0;0;0;1;1;800230,837;5831186,536;13,42871495;52,54778389
13251;208233;11;6;6040810;2018;12;17;6;2;6;2;2;0;1;1;0;0;0;1;790148,3744;5819783,73;13,27051121;52,4510199
13252;208234;11;2;2020203;2018;12;23;2;3;5;3;2;0;1;0;0;0;1;0;797754,0827;5824034,367;13,38589656;52,4850328
13253;208235;11;6;6030610;2018;12;10;2;3;6;7;0;0;1;1;0;0;0;0;791919,3263;5818850,991;13,29568238;52,44171508
13254;208236;11;9;9020601;2018;12;16;2;3;1;5;2;1;1;0;0;0;0;1;806980,2346;5821076,134;13,51862305;52,45341167
13255;208237;11;12;12214423;2018;12;16;4;2;2;6;2;0;1;0;1;0;0;1;792415,4955;5833308,629;13,31566056;52,57105901
13256;208238;11;1;1022104;2018;12;17;4;3;6;7;1;1;0;1;0;0;0;0;794595,3594;5828452,249;13,34342403;52,52634979
13257;208239;11;10;10020622;2018;12;17;1;3;5;3;2;0;1;0;0;0;0;1;811122,7595;5828418,137;13,58624122;52,51686476
13258;208240;11;1;1011102;2018;12;20;5;3;2;6;2;0;1;0;0;0;0;0;795011,6634;5827227,217;13,34845619;52,51514318
13259;208241;11;1;1011102;2018;12;18;4;3;5;3;1;1;0;0;0;0;1;0;796921,2075;5827634,763;13,37687753;52,5177602
13260;208242;11;12;12304313;2018;12;15;1;3;5;7;1;0;1;0;0;0;1;1;792011,7248;5834795,276;13,31102933;52,58460301
13261;208243;11;4;4051551;2018;12;17;4;2;6;4;1;0;1;1;0;0;0;0;792759,7042;5823162,927;13,31179268;52,47992149
13262;208244;11;7;7040405;2018;12;15;1;3;0;7;0;0;1;0;0;0;0;1;798897,9666;5821346,219;13,40028329;52,46031207
13263;208245;11;12;12304313;2018;12;19;4;3;0;3;2;0;1;0;1;0;0;0;792348,7655;5835050,065;13,31621458;52,58670607
13264;208246;11;3;3061227;2018;12;19;4;3;5;3;2;1;1;0;0;0;0;0;800082,6116;5831671,844;13,42697414;52,55221551
13265;208247;11;1;1011201;2018;12;14;1;3;5;3;0;0;1;0;0;0;1;1;797465,3023;5826813,402;13,38413823;52,51010115
13266;208248;11;2;2050803;2018;12;19;4;3;5;3;2;1;1;0;0;0;0;0;801942,6519;5826202,822;13,44935847;52,50216876
13267;208249;11;2;2050801;2018;12;19;4;3;5;3;2;0;1;0;1;0;0;0;802443,9864;5827422,258;13,45782963;52,51282089
13268;208250;11;8;8041035;2018;12;7;1;3;4;6;0;0;1;0;0;0;1;1;805339,4392;5818695,416;13,4923767;52,43299317
13269;208251;11;11;11040925;2018;12;20;4;3;2;6;2;0;1;0;0;0;0;1;803435,705;5826639,058;13,47168468;52,50525047
13270;208252;11;1;1011301;2018;12;20;4;3;1;5;2;1;1;0;0;0;0;0;797491,9249;5828805,89;13,38631118;52,52794694
13271;208253;11;2;2010104;2018;12;3;1;2;5;2;2;0;1;0;0;0;0;1;799071,1427;5825608,909;13,40664784;52,49842658
13272;208254;11;12;12214527;2018;12;17;4;3;4;6;1;0;1;0;0;0;0;0;790404,0024;5834880,85;13,28744165;52,58623075
13273;208255;11;2;2010101;2018;12;0;1;3;0;1;2;0;0;0;1;0;0;1;797656,6425;5826321,588;13,38650952;52,50558825
13274;208256;11;5;5030731;2018;12;16;4;3;8;1;2;0;1;0;0;0;0;1;786962,8671;5829576,202;13,23220133;52,54049793
13275;208257;11;1;1011202;2018;12;17;1;3;6;4;2;0;1;1;0;0;0;0;797839,6033;5827785,183;13,39050702;52,51860774
13276;208258;11;2;2050801;2018;12;18;4;3;0;1;2;0;0;0;1;0;0;1;803208,7844;5826816,99;13,46851369;52,5069714
13277;208259;11;2;2010103;2018;12;23;7;3;5;3;2;1;1;0;0;0;0;1;799282,1246;5826219,518;13,41029529;52,50378414
13278;208260;11;1;1011303;2018;12;13;4;3;0;1;0;1;0;0;0;0;0;1;799106,7798;5828259,445;13,40955317;52,52216527
13279;208261;11;12;12103218;2018;12;16;4;3;2;6;1;0;1;0;0;0;0;1;794847,73;5833762,767;13,35184875;52,57381791
13280;208262;11;6;6030607;2018;12;16;7;3;0;4;2;0;0;1;0;0;1;0;792384,6878;5816557,242;13,30050368;52,42090312
13281;208263;11;4;4051652;2018;12;19;3;3;2;6;2;0;1;0;0;0;0;0;793442,5988;5824155,503;13,32269314;52,48845304
13282;208264;11;8;8020625;2018;12;18;3;2;1;5;2;0;1;0;0;0;0;0;801475,5048;5817850,351;13,43495193;52,42756171
13283;208265;11;7;7060604;2018;12;21;7;3;6;2;2;0;1;1;0;0;0;1;795812,7184;5816038,487;13,35030901;52,41441059
13284;208266;11;8;8010118;2018;12;16;4;3;6;4;2;0;1;1;0;0;0;1;800925,9938;5822310,621;13,43091223;52,46784341
13285;208267;11;11;11040925;2018;12;21;7;2;6;6;2;0;1;1;0;0;0;1;803627,817;5826571,064;13,47444442;52,50453419
13286;208268;11;4;4020314;2018;12;22;3;2;6;4;2;0;0;1;0;1;0;0;790371,913;5825663,997;13,27891169;52,50361883
13287;208269;11;1;1033203;2018;12;21;7;3;5;3;2;0;1;0;0;0;1;1;796517,0809;5830939,589;13,37388732;52,54760438
13288;208270;11;2;2020202;2018;12;21;7;3;5;3;2;0;1;0;0;0;0;1;797616,0343;5825533,054;13,38520823;52,49854211
13289;208271;11;8;8010117;2018;12;21;3;2;6;7;2;0;1;1;0;0;0;0;800617,7535;5823128,77;13,4271256;52,47534649
13290;208272;11;2;2010102;2018;12;20;7;3;6;2;2;0;1;1;0;0;0;1;798447,2137;5826543,737;13,39832192;52,50714765
13291;208273;11;10;10010207;2018;12;5;3;3;0;3;2;1;1;0;0;0;0;1;808331,6246;5831149,509;13,54777177;52,54292792
13292;208274;11;1;1022207;2018;12;19;7;3;2;6;2;0;1;0;0;0;0;1;794223,5396;5827205,087;13,33685593;52,51537053
13293;208275;11;9;9020501;2018;12;19;3;3;0;1;2;1;0;0;0;0;0;0;806588,6835;5822781,424;13,51444524;52,4689148
13294;208276;11;12;12214424;2018;12;19;7;3;5;2;2;0;1;0;0;0;0;1;793482,0652;5832422,178;13,33056864;52,56253849
13295;208277;11;2;2040502;2018;12;22;7;3;2;2;2;0;1;0;0;0;0;1;800714,8916;5828458,569;13,43336372;52,5230656
13296;208278;11;12;12302211;2018;12;19;3;3;2;2;2;0;1;0;0;0;0;1;793480,7607;5836985,446;13,33459048;52,60344593
13297;208279;11;1;1033102;2018;12;22;7;3;6;2;2;0;1;1;0;0;0;1;797011,7567;5831497,624;13,38166019;52,55233704
13298;208280;11;5;5010314;2018;12;19;7;3;1;5;2;0;1;0;0;0;0;1;784649,257;5828835,031;13,19754463;52,53506617
13299;208281;11;7;7050505;2018;12;11;3;3;2;6;0;0;1;0;0;0;0;0;799373,4823;5819048,741;13,40520207;52,43945795
13300;208282;11;5;5040934;2018;12;18;7;3;1;5;2;0;1;0;0;0;0;1;783792,0885;5823659,62;13,18052758;52,4891094
13301;208283;11;12;12214424;2018;12;18;7;3;6;2;2;0;1;1;0;0;0;1;793304,2067;5832589,626;13,32810036;52,5641354
13302;208284;11;3;3051017;2018;12;17;3;3;6;2;2;0;1;1;0;0;0;1;803831,7069;5832339,415;13,48271082;52,55612041
13303;208285;11;4;4030620;2018;12;17;7;3;2;6;1;0;1;0;0;0;0;1;791736,0797;5827489,104;13,30055253;52,51925296
13304;208286;11;9;9051801;2018;12;17;3;2;6;6;2;0;1;1;0;0;0;1;818576,2772;5820450,018;13,6881058;52,44116758
13305;208287;11;12;12214422;2018;12;16;7;3;3;6;2;0;1;0;0;0;0;0;792317,7837;5833771,932;13,31463133;52,57526481
13306;208288;11;4;4010103;2018;12;5;6;3;9;1;2;0;1;0;0;0;0;1;791121,6639;5829147,276;13,29297474;52,53444669
13307;208289;11;1;1033101;2018;12;16;3;3;0;2;2;0;1;1;0;0;0;0;796162,3628;5832284,125;13,36987093;52,5598497
13308;208290;11;8;8010303;2018;12;15;7;3;0;1;1;1;0;0;0;0;0;0;800975,7644;5824064,712;13,43322562;52,48353847
13309;208291;11;8;8020619;2018;12;16;3;3;5;3;2;0;1;0;0;0;0;1;801617,1758;5821693,779;13,44049872;52,46193339
13310;208292;11;9;9020802;2018;12;13;7;3;0;7;0;0;1;0;0;0;0;0;809788,8839;5820509,871;13,55929856;52,44675253
13311;208293;11;8;8020619;2018;12;16;3;2;4;6;2;0;1;0;0;0;0;0;801269,717;5821505,215;13,4352298;52,46043489
13312;208294;11;6;6030502;2018;12;13;7;3;1;5;0;0;1;0;0;0;0;0;789616,5579;5815650,812;13,25912722;52,41424856
13313;208295;11;1;1011301;2018;12;16;3;3;2;6;0;1;1;0;0;0;0;0;797054,6875;5828171,076;13,37931783;52,52249496
13314;208296;11;5;5010206;2018;12;13;7;2;5;3;0;1;1;0;0;0;0;0;782148,7265;5829922,304;13,16170046;52,54611544
13315;208297;11;4;4030931;2018;12;12;7;3;6;4;0;0;1;1;0;0;0;0;793953,2877;5825918,464;13,3317485;52,50398237
13316;208298;11;4;4051447;2018;12;15;3;3;3;6;1;0;1;0;1;0;1;0;793454,2098;5824921,295;13,32353812;52,49531182
13317;208299;11;11;11030721;2018;12;15;3;3;5;3;1;1;1;0;0;0;0;0;804308,6101;5828168,371;13,4859041;52,51847098
13318;208300;11;12;12304313;2018;12;10;7;3;5;3;0;0;1;0;1;0;0;1;791128,116;5834771,77;13,29800375;52,58486585
13319;208301;11;5;5040937;2018;12;13;3;3;5;3;0;0;0;0;1;0;1;0;781062,6734;5818889,691;13,13641675;52,44775068
13320;208302;11;4;4061757;2018;12;10;3;3;0;7;0;0;1;0;0;0;0;0;785006,0438;5822671,792;13,19751363;52,47962001
13321;208303;11;5;5040934;2018;12;4;7;2;8;1;2;0;1;0;0;0;0;1;783738,9867;5824262,472;13,180261;52,49454233
13322;208304;11;5;5020627;2018;12;16;5;3;6;2;2;0;1;1;0;0;0;1;785965,7882;5827995,384;13,21617937;52,52684886
13323;208305;11;1;1033102;2018;12;9;3;3;5;2;0;0;1;0;0;0;0;1;797365,7646;5831200,985;13,38660039;52,54948489
13324;208306;11;11;11040926;2018;12;1;7;3;5;3;2;0;1;0;0;0;1;1;804117,1042;5826324,676;13,48140588;52,50205341
13325;208307;11;11;11040925;2018;12;8;3;3;3;6;0;0;1;0;0;0;0;1;803456,65;5826557,743;13,47191821;52,50451002
13326;208308;11;12;12301203;2018;12;6;6;3;1;5;2;0;1;0;0;0;1;1;793720,0051;5834339,776;13,33576705;52,57960018
13327;208309;11;2;2010103;2018;12;10;4;3;5;3;0;0;1;0;0;0;0;1;798930,2734;5826343,859;13,40523862;52,50509156
13328;208310;11;5;5040934;2018;12;8;3;3;6;2;0;0;1;1;0;0;0;1;783944,6371;5823335,178;13,18249183;52,48612104
13329;208311;11;8;8020621;2018;12;11;4;3;8;1;0;0;1;0;0;0;0;0;799817,8864;5819024,86;13,4116989;52,43900044
13330;208312;11;1;1033101;2018;12;18;6;3;6;2;2;0;1;1;0;0;0;1;797273,5975;5832216,968;13,38615489;52,55864222
13331;208313;11;8;8020620;2018;12;7;3;2;5;3;0;0;1;0;0;0;0;1;800866,1573;5820935,968;13,42879498;52,45555483
13332;208314;11;2;2050802;2018;12;7;3;3;6;4;1;0;1;1;0;0;0;1;802552,9832;5826722,571;13,4587949;52,5064892
13333;208315;11;4;4051551;2018;12;23;6;2;9;1;2;0;1;0;0;0;0;1;793347,9639;5823059,018;13,32033848;52,4786743
13334;208316;11;8;8010510;2018;12;18;4;2;4;1;2;0;1;0;0;0;0;1;802593,2358;5822555,061;13,45560241;52,46911351
13335;208317;11;4;4030621;2018;12;7;3;3;6;2;2;0;1;1;0;0;0;1;793125,677;5827744,228;13,32119858;52,52079487
13336;208318;11;1;1044201;2018;12;14;4;3;2;6;0;0;1;0;0;0;0;1;796654,4741;5831919,987;13,37678354;52,55631775
13337;208319;11;10;10030724;2018;12;16;6;3;6;4;2;0;1;1;0;0;0;1;809082,7924;5829196,872;13,55699745;52,52500344
13338;208320;11;9;9051702;2018;12;7;3;3;5;2;2;1;1;0;0;0;0;1;814214,5777;5821931,183;13,6255417;52,45696366
13339;208321;11;5;5010101;2018;12;6;3;3;2;2;2;0;1;0;0;0;0;1;785222,4453;5831823,066;13,2085388;52,56155683
13340;208322;11;1;1011101;2018;12;16;6;3;6;4;2;0;1;1;0;0;0;1;795054,4878;5826301,38;13,34826466;52,50682056
13341;208323;11;7;7070701;2018;12;0;5;3;5;3;2;0;1;0;0;0;0;1;798810,094;5815846,038;13,39407751;52,41105754
13342;208324;11;8;8010510;2018;12;6;3;3;2;4;2;0;1;1;0;1;0;1;803052,1154;5822379,89;13,46217795;52,46728911
13343;208325;11;1;1022207;2018;12;16;6;3;5;2;2;1;1;0;0;0;0;1;794497,5732;5827803,729;13,34141253;52,52058907
13344;208326;11;8;8040933;2018;12;6;3;3;5;3;2;1;1;0;0;0;0;1;803027,1916;5819381,573;13,45909149;52,44042899
13345;208327;11;11;11030618;2018;12;16;6;3;5;2;1;0;1;0;0;0;1;1;803067,5524;5829540,65;13,46892047;52,53146155
13346;208328;11;3;3061131;2018;12;3;4;3;5;3;2;0;1;0;0;0;0;0;799147,088;5830366,911;13,41204201;52,54103341
13347;208329;11;3;3020210;2018;12;15;3;3;2;6;0;0;1;0;0;0;0;1;800070,6072;5835841,124;13,43056985;52,58959228
13348;208330;11;1;1044202;2018;12;17;6;3;6;4;2;0;1;1;0;0;0;1;795340,2511;5830382,139;13,35608701;52,5432466
13349;208331;11;3;3061228;2018;12;15;3;3;0;2;0;1;1;0;0;0;0;0;800170,0766;5830963,826;13,4276203;52,54582117
13350;208332;11;3;3040614;2018;12;15;3;2;0;1;0;1;0;0;0;0;0;1;798702,9041;5833102,504;13,40797322;52,5657976
13351;208333;11;2;2030302;2018;12;17;6;3;2;6;2;1;1;0;0;0;0;1;801073,066;5826324,293;13,43669607;52,50373802