;OBJECTID;LAND;BEZ;LOR;UJAHR;UMONAT;USTUNDE;UWOCHENTAG;UKATEGORIE;UART;UTYP1;ULICHTVERH;IstRad;IstPKW;IstFuss;IstKrad;IstGkfz;IstSonstige;USTRZUSTAND;LINREFX;LINREFY;XGCSWGS84;YGCSWGS84
13352;208334;11;1;1011302;2018;12;17;6;3;5;3;2;1;1;0;0;0;0;1;797993,0657;5828660,372;13,39354615;52,52636885
13353;208335;11;9;9020501;2018;12;13;3;2;5;2;0;1;1;0;0;0;0;1;805785,1349;5822864,331;13,50272889;52,47010819
13354;208336;11;2;2020204;2018;12;17;6;3;5;3;2;0;1;0;0;0;0;1;798953,2487;5825240,509;13,40458568;52,49518898
13355;208337;11;10;10040829;2018;12;17;6;3;5;2;2;1;1;0;0;0;0;1;811298,8588;5827465,429;13,58793693;52,50822674
13356;208338;11;8;8030830;2018;12;12;3;3;6;7;0;0;1;1;0;0;0;0;802658,6415;5818086,695;13,45251378;52,42902692
13357;208339;11;5;5010339;2018;12;17;6;3;6;2;2;0;1;1;0;0;0;1;785771,0783;5828526,294;13,21377344;52,53171101
13358;208340;11;2;2010102;2018;12;18;6;3;6;2;2;0;1;1;0;0;0;1;798432,67;5826539,665;13,39810462;52,50711911
13359;208341;11;10;10010102;2018;12;12;3;3;6;4;0;0;1;1;0;0;0;0;810270,7097;5834251,832;13,57917324;52,56962842
13360;208342;11;12;12214422;2018;12;18;6;3;1;5;2;0;1;0;0;0;1;1;792245,564;5833845,628;13,31363361;52,57596425
13361;208343;11;1;1011301;2018;12;12;3;3;6;7;0;0;0;1;1;0;0;0;797608,3659;5828375,227;13,38763711;52,52402301
13362;208344;11;9;9020701;2018;12;19;6;3;5;7;2;0;1;0;0;0;1;1;808556,0723;5818094,917;13,53898773;52,42580666
13363;208345;11;1;1011305;2018;12;11;3;3;5;2;0;1;1;0;0;0;0;0;799648,6808;5827039,581;13,41641769;52,51093357
13364;208346;11;6;6020411;2018;12;19;6;3;5;3;2;0;1;0;0;0;0;1;793428,7546;5816129,693;13,31543809;52,41651141
13365;208347;11;6;6040809;2018;12;11;3;3;5;2;0;1;1;0;0;0;0;0;792370,0789;5820769,024;13,30397399;52,45866925
13366;208348;11;3;3071639;2018;12;19;6;3;9;1;2;0;1;0;0;0;0;1;800365,2974;5829057,641;13,4287676;52,52862795
13367;208349;11;9;9041301;2018;12;20;6;3;5;7;2;0;1;0;0;0;0;1;811373,5981;5819727,421;13,58181166;52,43884047
13368;208350;11;7;7040403;2018;12;11;3;3;3;6;0;0;1;0;0;0;1;1;797870,1358;5821928,959;13,38572019;52,4660969
13369;208351;11;1;1011105;2018;12;22;6;3;5;2;2;0;1;0;1;0;0;1;796576,81;5826872,728;13,37113768;52,51111672
13370;208352;11;4;4030622;2018;12;23;6;3;6;7;2;1;0;1;0;0;0;1;792177,8579;5827122,859;13,30672326;52,51573314
13371;208353;11;1;1033101;2018;12;22;3;2;2;6;2;0;1;0;0;0;0;0;796414,2197;5831983,799;13,37330708;52,55702057
13372;208354;11;1;1033203;2018;12;15;4;3;5;3;0;0;1;0;0;0;0;1;796881,0835;5831207,623;13,37947926;52,54980875
13373;208355;11;9;9010302;2018;12;10;3;2;2;6;0;0;1;0;0;1;0;1;803112,9005;5820948,894;13,46177062;52,4544294
13374;208356;11;11;11051229;2018;12;22;6;3;6;2;2;0;1;1;0;0;0;1;803341,594;5826301,439;13,46999479;52,50227678
13375;208357;11;1;1011301;2018;12;12;2;3;2;6;0;1;0;0;0;0;0;1;797572,1795;5828595,857;13,38730274;52,52602045
13376;208358;11;1;1011202;2018;12;14;2;3;2;7;0;1;1;0;0;0;0;0;797680,9912;5827934,365;13,38830984;52,52003157
13377;208359;11;2;2050801;2018;12;11;6;3;5;3;0;0;1;0;0;0;0;1;802859,2513;5827478,279;13,46398118;52,51309259
13378;208360;11;4;4010101;2018;12;22;5;3;6;2;2;0;1;1;0;0;0;1;789757,6484;5829882,098;13,27356226;52,54176135
13379;208361;11;4;4041136;2018;12;17;2;2;6;2;2;0;1;1;0;0;0;0;790674,858;5822688,489;13,28076672;52,47678184
13380;208362;11;1;1044202;2018;12;10;6;3;5;3;0;0;1;0;0;0;0;1;795000,2683;5830277,348;13,35099515;52,54249143
13381;208363;11;4;4030726;2018;12;17;2;3;2;6;2;0;1;0;0;0;0;0;791958,01;5825245,609;13,30184616;52,49902167
13382;208364;11;1;1044202;2018;12;9;6;3;5;2;0;1;0;0;0;0;1;1;794611,3298;5829878,987;13,34492333;52,53913085
13383;208365;11;1;1011201;2018;12;17;2;3;5;2;2;1;1;0;0;0;0;0;797686,9802;5826835,104;13,3874144;52,51017476
13384;208366;11;1;1022206;2018;12;15;6;3;6;4;2;0;1;1;0;0;0;1;795501,9717;5828046,401;13,3563883;52,52222106
13385;208367;11;9;9020502;2018;12;14;6;3;5;3;0;1;1;0;0;0;0;1;807850,2902;5822047,757;13,53228233;52,46163019
13386;208368;11;3;3040614;2018;12;17;2;3;2;6;2;0;1;0;0;0;1;0;800009,2736;5835425,9;13,42929122;52,58590439
13387;208369;11;3;3040614;2018;12;22;3;3;9;1;2;0;1;0;0;0;0;0;799260,4646;5835190,479;13,4180591;52,58420665
13388;208370;11;10;10010310;2018;12;16;2;3;2;6;2;0;1;0;0;0;0;1;809842,661;5831104,134;13,56993979;52,54166419
13389;208371;11;8;8020622;2018;12;14;6;3;6;4;0;1;0;1;0;0;0;1;802368,9827;5819904,553;13,44991082;52,44548086
13390;208372;11;8;8020728;2018;12;16;2;3;1;5;2;0;1;0;0;0;0;0;802046,5934;5817665,867;13,44315912;52,42559317
13391;208373;11;6;6040810;2018;12;16;2;3;6;2;1;0;1;1;0;0;0;0;792468,9595;5821566,484;13,30612393;52,46576546
13392;208374;11;11;11030721;2018;12;13;4;3;0;1;0;0;0;0;1;0;0;1;803866,1034;5828347,745;13,4795665;52,52032538
13393;208375;11;3;3040513;2018;12;13;6;3;5;2;0;1;0;0;0;0;1;1;796412,8169;5834654,405;13,37567305;52,58096031
13394;208376;11;6;6020411;2018;12;14;5;3;6;4;0;0;1;1;0;0;0;0;793609,1701;5815889,621;13,31787266;52,41426246
13395;208377;11;1;1011304;2018;12;16;2;3;2;6;1;0;1;0;0;0;0;1;799524,8074;5828114,739;13,41556572;52,52063874
13396;208378;11;8;8020619;2018;12;16;6;3;6;4;2;0;1;1;0;0;0;1;802264,9779;5820682,305;13,44908897;52,45250947
13397;208379;11;1;1011302;2018;12;11;3;3;0;7;0;1;0;0;0;0;0;1;798664,2881;5828359,832;13,40314087;52,52330765
13398;208380;11;8;8010405;2018;12;16;2;3;3;6;2;1;1;0;0;0;0;0;802179,2287;5823743,637;13,45060307;52,47999599
13399;208381;11;3;3040614;2018;12;14;6;2;6;4;0;0;1;1;0;0;0;1;800034,3024;5835600,5;13,42981764;52,58745555
13400;208382;11;3;3061227;2018;12;13;6;3;0;3;0;0;1;0;1;0;0;1;800205,2235;5831566,509;13,42868186;52,5512038
13401;208383;11;2;2040701;2018;12;16;2;3;2;6;2;0;1;0;0;0;1;0;800363,7312;5827754,773;13,42756797;52,51695082
13402;208384;11;2;2020206;2018;12;8;6;3;6;2;0;0;1;1;0;0;0;1;799885,7359;5825149,688;13,41819829;52,49386337
13403;208385;11;9;9010101;2018;12;15;2;3;5;3;0;1;1;0;0;0;0;0;802328,3987;5825301,483;13,45420598;52,49387646
13404;208386;11;3;3040818;2018;12;10;3;3;5;3;0;1;1;0;0;0;0;1;799977,6258;5833095,096;13,42671674;52,56503033
13405;208387;11;2;2050801;2018;12;15;2;3;2;2;0;0;1;0;0;0;0;1;802905,5097;5827142,479;13,46435513;52,51005718
13406;208388;11;4;4051445;2018;12;12;6;3;5;3;0;0;1;0;0;0;0;1;791820,9178;5824321,967;13,29902324;52,49081466
13407;208389;11;4;4030931;2018;12;14;2;3;5;2;0;0;1;0;0;0;0;0;793939,1087;5826057,06;13,33166256;52,50523244
13408;208390;11;11;11030720;2018;12;13;2;3;1;3;0;0;1;0;0;0;1;1;804531,1097;5828697,649;13,48965764;52,52309046
13409;208391;11;3;3050923;2018;12;7;6;3;5;2;0;1;1;0;0;0;0;1;801311,9577;5831932,036;13,44528701;52,55386897
13410;208392;11;9;9051801;2018;12;21;4;3;5;2;2;0;1;0;0;0;0;1;819871,0351;5819728,975;13,70639963;52,43395138
13411;208393;11;9;9030902;2018;12;13;2;2;5;3;0;0;1;0;1;0;0;1;808186,514;5815759,67;13,53141966;52,40508603
13412;208394;11;2;2050803;2018;12;12;6;3;5;3;0;1;1;0;0;0;0;0;802821,6287;5826108,208;13,46218222;52,50083368
13413;208395;11;1;1033203;2018;12;1;3;3;2;6;2;0;1;0;0;0;0;1;796842,9271;5830626,661;13,37839891;52,54462188
13414;208396;11;1;1022203;2018;12;18;2;3;2;6;2;0;1;0;1;0;0;0;794849,3976;5828450,383;13,34715613;52,52619573
13415;208397;11;6;6010204;2018;12;11;6;3;2;6;0;0;1;0;0;0;0;1;795413,7511;5820106,641;13,34805442;52,45109469
13416;208398;11;10;10010310;2018;12;22;2;3;6;7;2;0;1;1;0;0;0;0;807901,1988;5830438,457;13,54078595;52,53679894
13417;208399;11;2;2010104;2018;12;12;2;3;5;3;0;1;0;0;0;0;0;1;799586,1033;5825642,877;13,41424161;52,4984486
13418;208400;11;12;12103116;2018;12;11;6;2;5;7;0;0;1;0;1;0;0;0;795790,1235;5833153,26;13,36517072;52,56784295
13419;208401;11;4;4031032;2018;12;23;2;2;3;6;2;0;1;0;1;0;0;0;791609,0422;5825125,343;13,29661472;52,49813008
13420;208402;11;1;1022104;2018;12;6;2;3;6;7;2;1;0;1;0;0;0;0;793739,1615;5828872,462;13,33121102;52,53057875
13421;208403;11;3;3071536;2018;12;7;6;3;6;2;2;0;1;1;0;0;0;1;799230,1396;5829427,829;13,41241739;52,53257039
13422;208404;11;1;1033202;2018;12;7;2;3;6;4;0;0;1;1;0;0;0;0;797750,6705;5830019,232;13,39120094;52,53868175
13423;208405;11;4;4051655;2018;12;9;2;3;5;2;0;1;0;0;0;0;1;0;793912,8801;5823083,377;13,3286541;52,47858893
13424;208406;11;5;5010314;2018;12;11;6;3;2;6;0;0;1;0;0;0;0;0;784933,6633;5829478,145;13,20227782;52,54068367
13425;208407;11;12;12231101;2018;12;16;4;3;1;1;2;0;1;0;0;0;0;1;791807,0636;5838981,612;13,31170774;52,6222416
13426;208408;11;6;6020410;2018;12;11;6;3;1;5;0;0;1;0;0;0;1;1;794439,9548;5817306,49;13,33129935;52,42651791
13427;208409;11;1;1011101;2018;12;10;2;3;1;5;0;1;1;0;0;0;1;0;794985,5346;5825966,147;13,34695464;52,50385272
13428;208410;11;2;2010101;2018;12;13;6;3;5;7;0;0;1;0;0;0;0;1;797534,9031;5826244,509;13,38465229;52,50496372
13429;208411;11;10;10040933;2018;12;7;6;2;6;4;2;0;1;1;0;0;0;1;812521,6854;5824987,653;13,60357137;52,48532393
13430;208412;11;2;2010102;2018;12;8;2;3;8;1;0;0;1;0;0;0;0;0;798199,9491;5825522,933;13,39377538;52,49813264
13431;208413;11;11;11030618;2018;12;14;6;2;6;4;0;0;1;1;0;0;0;1;803177,465;5829576,137;13,47056821;52,53171849
13432;208414;11;4;4051655;2018;12;0;1;3;5;3;2;0;1;0;0;0;0;0;794185,0274;5823111,379;13,33267446;52,47869343
13433;208415;11;2;2010103;2018;12;7;6;3;5;3;2;1;1;0;0;0;0;1;799236,4477;5826249,31;13,40965113;52,50407624
13434;208416;11;2;2040701;2018;12;6;1;3;6;4;2;0;1;1;0;0;0;0;801120,1604;5827234,515;13,43821116;52,51187054
13435;208417;11;3;3030406;2018;12;13;6;3;5;3;0;0;1;0;0;0;0;1;802876,8957;5838280,664;13,47409986;52,60990175
13436;208418;11;9;9020802;2018;12;6;6;3;6;4;2;0;0;1;0;0;1;1;810189,2207;5819596,265;13,56432219;52,43833806
13437;208419;11;6;6020302;2018;12;9;1;3;0;7;0;1;0;0;0;0;0;1;795147,5082;5818816,124;13,3430079;52,43966975
13438;208420;11;3;3040614;2018;12;13;6;2;0;7;0;0;1;0;0;0;1;1;797916,635;5833118,604;13,39642185;52,56637274
13439;208421;11;8;8020620;2018;12;15;6;3;0;7;1;0;1;1;0;0;0;1;800589,7328;5821178,821;13,42495779;52,45788372
13440;208422;11;8;8010405;2018;12;2;6;2;1;5;2;1;1;0;0;0;0;0;801740,7349;5824225,143;13,4446017;52,48455425
13441;208423;11;1;1011102;2018;12;16;5;3;2;6;2;0;1;0;0;0;0;0;795194,0818;5827268,119;13,3511729;52,51541113
13442;208424;11;4;4041342;2018;12;10;1;3;1;7;0;0;1;0;0;0;0;0;792254,4019;5822337,799;13,30365027;52,47279501
13443;208425;11;6;6010103;2018;12;7;5;3;6;4;2;0;1;1;0;0;0;0;793390,9675;5821345,44;13,31946282;52,46328954
13444;208426;11;1;1033101;2018;12;22;5;3;5;3;2;0;1;0;0;0;0;1;797509,3003;5832135,451;13,38954843;52,5577828
13445;208427;11;4;4010101;2018;12;11;1;3;5;2;0;0;1;0;1;0;0;0;791293,9877;5830688,088;13,29685912;52,54816775
13446;208428;11;9;9030901;2018;12;21;5;3;0;1;2;0;1;0;0;0;0;1;808374,93;5817216,544;13,53552255;52,41803669
13447;208429;11;7;7020204;2018;12;13;1;3;1;5;0;1;1;0;0;0;1;0;796284,8206;5823028,232;13,36342868;52,47681295
13448;208430;11;1;1011302;2018;12;19;5;3;5;2;2;1;1;0;0;0;0;1;797993,9572;5828901,166;13,39377505;52,52852677
13449;208431;11;11;11020514;2018;12;5;6;3;5;3;2;1;1;0;0;0;0;1;803676,279;5830264,281;13,47852791;52,53760844
13450;208432;11;3;3061227;2018;12;17;1;2;2;6;1;0;1;0;0;0;0;0;799952,7025;5831688,219;13,42507866;52,55243384
13451;208433;11;7;7010104;2018;12;19;5;3;5;3;2;1;1;0;0;0;0;1;796039,4042;5825375,464;13,36191072;52,497987
13452;208434;11;12;12302109;2018;12;21;1;3;5;7;2;0;1;0;0;0;1;0;795329,279;5836717,066;13,36156715;52,60003921
13453;208435;11;9;9051702;2018;12;10;5;3;6;7;0;1;0;1;0;0;0;0;814405,902;5821511,913;13,62795346;52,4530966
13454;208436;11;3;3061228;2018;12;20;1;3;5;3;2;0;1;0;0;0;0;1;800312,204;5831547,272;13,43023753;52,55097241
13455;208437;11;2;2030301;2018;12;21;2;3;0;3;2;0;1;0;0;0;1;1;800285,7655;5826093,324;13,42492355;52,50210161
13456;208438;11;1;1033201;2018;12;18;7;3;5;2;2;0;1;0;0;0;0;1;797506,2718;5831026,192;13,38850989;52,54784136
13457;208439;11;8;8030829;2018;12;9;5;3;5;7;0;0;1;0;0;0;0;0;803141,0959;5818438,334;13,45990677;52,43191158
13458;208440;11;2;2050802;2018;12;20;7;3;4;1;2;1;1;0;0;0;0;0;802168,5714;5827137,096;13,45352462;52,51041762
13459;208441;11;1;1011104;2018;12;20;7;3;2;6;2;0;1;0;0;0;0;0;796542,5927;5825869,721;13,36974151;52,50214435
13460;208442;11;1;1011306;2018;12;22;2;3;5;3;2;0;1;0;0;0;0;1;799902,8884;5826513,911;13,41967866;52,50608207
13461;208443;11;5;5010313;2018;12;20;7;3;2;6;2;0;1;0;0;0;0;0;784193,7401;5830056,252;13,19189164;52,54625344
13462;208444;11;8;8010213;2018;12;9;5;3;3;6;0;0;1;0;1;0;0;0;801627,119;5822646,379;13,44150566;52,47046626
13463;208445;11;10;10020413;2018;12;22;7;3;5;1;2;0;1;0;0;0;1;0;811630,9882;5831513,332;13,59660809;52,54431134
13464;208446;11;5;5030730;2018;12;18;7;3;2;6;2;0;1;0;0;0;0;1;785444,5695;5829252,054;13,20959648;52,53838917
13465;208447;11;1;1011104;2018;12;9;5;2;0;1;0;1;0;0;0;0;0;0;796642,0827;5826174,63;13,37147457;52,50482348
13466;208448;11;11;11020412;2018;12;18;5;3;5;3;2;0;1;0;0;0;0;1;804781,2214;5831466,035;13,49587138;52,54776229
13467;208449;11;4;4051445;2018;12;16;7;3;2;2;1;0;1;0;0;0;0;0;792516,3871;5824498,541;13,30939227;52,49202537
13468;208450;11;1;1011204;2018;12;9;5;3;5;3;0;0;1;0;0;0;0;0;798154,027;5826812,608;13,39425576;52,50971804
13469;208451;11;3;3040818;2018;12;17;2;3;1;5;2;1;1;0;0;0;0;0;799397,3533;5832471,781;13,41761905;52,55976274
13470;208452;11;10;10010206;2018;12;13;7;2;6;7;0;0;1;1;0;0;0;0;809046,1703;5832604,178;13,55962854;52,55555935
13471;208453;11;5;5010314;2018;12;9;5;3;2;6;0;0;1;0;0;0;0;0;784954,4193;5829417,922;13,20253139;52,54013286
13472;208454;11;1;1011202;2018;12;9;7;2;0;1;0;1;0;0;0;0;0;0;796934,4303;5827496,309;13,37694825;52,5165119
13473;208455;11;7;7010102;2018;12;14;2;3;1;5;0;0;1;0;0;0;0;0;794968,8059;5825166,87;13,34600095;52,49669679
13474;208456;11;3;3020209;2018;12;14;4;3;5;3;0;0;1;0;0;0;0;1;797897,6548;5835180,326;13,39799506;52,58486356
13475;208457;11;1;1011204;2018;12;8;5;3;0;3;0;1;0;0;1;0;0;0;798642,7437;5827120,648;13,4017119;52,51221188
13476;208458;11;2;2050803;2018;12;1;7;3;8;1;2;1;0;0;0;0;0;0;803387,6951;5826576,735;13,47092271;52,50471858
13477;208459;11;7;7040403;2018;12;14;7;3;0;1;0;0;0;0;1;0;0;1;797317,2641;5821724,077;13,37742322;52,46456148
13478;208460;11;7;7040401;2018;12;7;5;3;2;6;0;0;1;0;0;0;0;1;797174,2701;5823737,608;13,37711851;52,48268855
13479;208461;11;12;12301204;2018;12;19;4;3;8;1;2;0;1;0;0;0;0;1;793080,2742;5836525,188;13,32828636;52,59953605
13480;208462;11;7;7030301;2018;12;15;6;3;6;7;0;0;1;1;0;0;0;0;794539,4576;5822541,491;13,33737486;52,47339365
13481;208463;11;2;2020206;2018;12;7;5;2;3;6;0;0;1;0;0;0;0;0;799646,204;5824874,903;13,41443354;52,49153187
13482;208464;11;6;6010102;2018;12;13;2;3;1;5;0;0;1;0;0;0;0;0;793767,3748;5820774,242;13,32448467;52,45796673
13483;208465;11;6;6040810;2018;12;7;5;3;2;7;1;0;1;0;0;0;0;0;790333,3008;5820530,195;13,27387383;52,45761396
13484;208466;11;8;8010404;2018;12;11;5;3;2;6;0;0;1;0;0;0;1;0;802054,3144;5823471,643;13,44852294;52,47762717
13485;208467;11;10;10020414;2018;12;17;6;3;0;4;2;0;0;1;0;0;1;0;812228,1847;5830717,643;13,60463824;52,53683923
13486;208468;11;5;5010101;2018;12;6;5;2;5;3;2;1;0;0;0;1;0;0;785918,224;5831718,835;13,21868519;52,56025739
13487;208469;11;10;10010310;2018;12;12;2;3;2;6;0;0;1;0;0;0;0;0;809922,7019;5831564,115;13,57154538;52,54574079
13488;208470;11;4;4030416;2018;12;18;6;3;6;6;2;0;1;1;0;0;0;0;790850,5633;5827166,584;13,28725671;52,5168346
13489;208471;11;11;11030824;2018;12;6;5;3;2;6;2;0;1;0;0;0;0;0;803876,207;5826836,758;13,47833521;52,50677725
13490;208472;11;9;9041401;2018;12;10;2;3;6;2;0;0;1;1;0;0;0;1;811708,0286;5819993,314;13,58696361;52,44103277
13491;208473;11;8;8010212;2018;12;5;5;3;5;3;2;0;1;0;0;0;0;1;800723,4735;5823418,272;13,42893851;52,4778832
13492;208474;11;7;7010102;2018;12;16;6;3;6;2;2;0;1;1;0;0;0;0;794949,9707;5825394,144;13,34592557;52,49874433
13493;208475;11;1;1022204;2018;12;17;6;3;2;6;2;0;1;0;1;0;0;0;795163,3021;5828247,953;13,35159005;52,52421125
13494;208476;11;4;4030415;2018;12;15;4;3;2;6;1;0;1;0;0;0;0;1;790945,327;5827406,948;13,28885953;52,5189389
13495;208477;11;7;7020203;2018;12;1;5;3;2;2;2;1;0;0;0;0;0;1;795714,0587;5824031,066;13,35593888;52,48611193
13496;208478;11;10;10010309;2018;12;16;5;3;0;1;1;0;0;0;1;0;0;1;808194,0786;5829232,909;13,54397283;52,52582946
13497;208479;11;2;2050801;2018;12;17;6;2;6;4;1;0;1;1;0;0;0;0;802921,8825;5827153,693;13,46460585;52,5101486
13498;208480;11;4;4030726;2018;12;12;5;3;5;2;0;1;1;0;0;0;0;0;791867,9243;5825710,506;13,30093032;52,50323759
13499;208481;11;4;4051656;2018;12;16;5;3;0;2;1;1;1;0;0;0;0;0;793766,043;5823430,977;13,32680449;52,48178402
13500;208482;11;12;12103115;2018;12;9;1;3;5;3;0;1;1;0;0;0;0;0;795977,7162;5833372,513;13,36812605;52,56970637
13501;208483;11;4;4030931;2018;12;16;6;3;2;2;2;0;1;0;0;0;0;0;793997,9171;5826164,089;13,33262102;52,50616022
13502;208484;11;11;11010308;2018;12;16;5;2;6;4;1;0;0;1;0;0;1;0;805453,374;5833506,603;13,50763083;52,565674
13503;208485;11;9;9020602;2018;12;16;6;3;2;6;2;0;1;0;0;0;0;0;806468,6712;5821150,543;13,5111867;52,45436558
13504;208486;11;7;7040401;2018;12;22;1;3;5;2;2;0;1;0;0;0;0;1;797448,2826;5823748,951;13,38115178;52,48264104
13505;208487;11;12;12231101;2018;12;17;5;3;2;6;2;0;1;0;0;0;0;1;792243,59;5838310,85;13,31754513;52,61599395
13506;208488;11;4;4051551;2018;12;14;6;3;6;6;0;1;0;1;0;0;0;0;793036,3818;5823373,675;13,31604029;52,48166239
13507;208489;11;1;1022104;2018;12;15;5;3;5;2;0;0;1;1;0;0;0;0;794049,8432;5828470,461;13,33542226;52,52680755
13508;208490;11;11;11030618;2018;12;13;6;2;6;7;0;0;0;1;0;0;1;0;803836,176;5828673,436;13,47942428;52,52326113
13509;208491;11;2;2010102;2018;12;21;1;3;5;2;2;0;1;0;0;0;0;1;798334,1937;5825557,154;13,39577771;52,49836602
13510;208492;11;3;3030405;2018;12;15;5;3;6;4;1;0;1;1;0;0;0;0;803786,4265;5839364,297;13,4884858;52,61910618
13511;208493;11;5;5030833;2018;12;12;6;3;8;1;0;0;1;0;0;0;0;0;788363,5395;5829061,707;13,25235062;52,53514585
13512;208494;11;4;4020314;2018;12;15;5;3;2;7;0;0;1;0;0;0;0;0;790311,2395;5825635,883;13,2779958;52,50339908
13513;208495;11;12;12224230;2018;12;14;5;3;5;2;0;0;1;0;1;0;0;1;786683,737;5838552,167;13,23586077;52,62111919
13514;208496;11;1;1044202;2018;12;11;6;3;5;2;0;1;0;0;0;0;1;0;794726,0215;5830011,296;13,34672688;52,54025489
13515;208497;11;1;1011201;2018;12;13;5;3;5;3;0;1;1;0;0;0;0;1;796974,6759;5826858,692;13,37697058;52,51077444
13516;208498;11;4;4030828;2018;12;13;5;3;5;3;0;1;1;0;0;0;0;0;792989,3148;5826515,678;13,31811275;52,50985467
13517;208499;11;5;5010314;2018;12;21;1;3;6;2;2;0;1;1;0;0;0;1;783602,3933;5829161,894;13,18243094;52,53854266
13518;208500;11;8;8020619;2018;12;11;6;2;5;2;0;1;1;0;0;0;0;0;802792,4863;5820807,728;13,45694168;52,45334171
13519;208501;11;3;3040614;2018;12;13;5;3;2;6;0;0;1;0;0;0;1;0;799903,3888;5835630,947;13,42791862;52,58780064
13520;208502;11;10;10040830;2018;12;11;6;2;5;3;0;1;1;0;0;0;0;0;810707,0838;5826306,808;13,57816453;52,49818113
13521;208503;11;3;3071639;2018;12;8;6;3;6;7;0;1;0;1;0;0;0;0;800555,4954;5829438,55;13,43190724;52,5319373
13522;208504;11;6;6010103;2018;12;13;5;3;5;3;0;0;1;0;0;0;0;0;794083,2886;5821513,281;13,32977188;52,464422
13523;208505;11;5;5020625;2018;12;7;6;3;6;2;2;0;1;1;0;0;0;1;783588,0311;5828663,615;13,18179451;52,53408248
13524;208506;11;4;4041136;2018;12;9;6;3;2;6;0;0;1;0;0;0;0;0;790106,686;5822949,958;13,27265203;52,47942807
13525;208507;11;10;10020517;2018;12;10;5;3;5;3;0;1;1;0;0;0;0;0;812315,5849;5830590,703;13,60580338;52,53565163
13526;208508;11;3;3030406;2018;12;9;6;3;5;3;0;1;1;0;0;0;0;0;803079,0112;5838398,206;13,47718327;52,61084257
13527;208509;11;9;9020701;2018;12;15;5;3;6;2;2;0;1;1;0;0;0;0;809042,322;5818755,761;13,54672687;52,43145474
13528;208510;11;1;1022206;2018;12;9;6;3;5;2;0;1;1;0;0;0;0;0;795542,7424;5828196,355;13,35712072;52,52354318
13529;208511;11;3;3071536;2018;12;18;5;3;1;5;2;1;1;0;0;0;0;1;799114,8099;5829948,752;13,41119105;52,53730298
13530;208512;11;1;1011303;2018;12;18;5;3;5;2;2;1;1;0;0;0;0;0;798965,4661;5827834,124;13,4070943;52,51843038
13531;208513;11;2;2040701;2018;12;7;6;3;5;2;2;1;1;0;0;0;0;0;800366,9268;5827192,412;13,42710731;52,51190844
13532;208514;11;4;4051448;2018;12;20;1;2;6;4;2;0;1;1;0;0;0;1;793983,6177;5825518,149;13,33184063;52,50037741
13533;208515;11;5;5030832;2018;12;15;5;3;5;3;0;0;1;0;0;0;0;0;789669,9092;5829345,657;13,27180444;52,53699874
13534;208516;11;11;11051330;2018;12;17;5;3;5;3;2;1;1;0;0;0;0;0;807121,5668;5825059,824;13,52436369;52,48903498
13535;208517;11;3;3051022;2018;12;7;5;3;0;3;2;1;1;0;0;0;0;0;803012,3562;5832020,517;13,47037116;52,5537187
13536;208518;11;2;2050802;2018;12;21;5;3;6;2;2;0;0;1;0;0;1;0;801977,2727;5826927,23;13,450524;52,50864251
13537;208519;11;7;7040401;2018;12;17;4;3;2;2;1;0;1;0;0;0;0;1;797911,7402;5823962,012;13,38814678;52,48429822
13538;208520;11;10;10010308;2018;12;17;5;2;6;4;2;0;0;1;0;0;1;1;806553,8127;5829111,582;13,51975911;52,52566683
13539;208521;11;4;4020310;2018;12;15;5;3;1;6;2;0;1;0;0;1;0;1;789210,2771;5827547,611;13,26348243;52,52112294
13540;208522;11;3;3061429;2018;12;20;5;2;6;7;2;0;1;1;0;0;0;1;801301,1304;5830989,491;13,44427259;52,54542688
13541;208523;11;3;3020307;2018;12;17;5;3;5;3;2;0;1;0;0;0;0;1;799919,0635;5838173,242;13,43045215;52,61057902
13542;208524;11;8;8030829;2018;12;19;1;3;5;3;2;0;1;0;0;0;0;1;802973,1608;5818334,094;13,45734973;52,4310703
13543;208525;11;9;9020502;2018;12;20;5;3;6;7;2;0;1;1;0;0;0;1;807616,4152;5821798,094;13,52862076;52,45952437
13544;208526;11;9;9020502;2018;12;17;5;2;8;1;2;0;0;0;1;0;0;0;808607,418;5821641,516;13,5430155;52,45756244
13545;208527;11;3;3071537;2018;12;19;5;3;6;7;2;0;1;1;0;0;0;1;799445,4915;5830221,325;13,41629767;52,53956456
13546;208528;11;9;9020701;2018;12;18;1;3;5;3;2;0;1;0;0;0;0;1;807656,437;5819374,636;13,52697603;52,43778236
13547;208529;11;1;1044101;2018;12;17;5;3;6;2;2;0;1;1;0;0;0;0;794663,3015;5831437,914;13,34707048;52,55307735