;OBJECTID;LAND;BEZ;LOR;UJAHR;UMONAT;USTUNDE;UWOCHENTAG;UKATEGORIE;UART;UTYP1;ULICHTVERH;IstRad;IstPKW;IstFuss;IstKrad;IstGkfz;IstSonstige;USTRZUSTAND;LINREFX;LINREFY;XGCSWGS84;YGCSWGS84
13548;208530;11;5;5010314;2018;12;19;5;2;6;2;2;0;1;1;0;0;0;1;784831,4733;5829235,08;13,20056672;52,5385578
13549;208531;11;1;1011305;2018;12;19;5;3;2;6;2;0;1;0;0;0;0;1;799409,5385;5826444,109;13,41236882;52,50572736
13550;208532;11;1;1044201;2018;12;16;5;3;6;2;2;0;0;1;0;0;1;1;795689,8349;5830924,965;13,36171018;52,54792294
13551;208533;11;11;11030720;2018;12;18;5;3;2;6;2;0;1;0;0;0;1;1;806075,6391;5830149,167;13,51368808;52,53523456
13552;208534;11;11;11030619;2018;12;18;5;3;2;6;2;0;1;0;0;0;0;1;803531,7466;5829728,618;13,47591426;52,53288797
13553;208535;11;2;2010102;2018;12;7;4;3;5;2;1;1;1;0;0;0;0;0;798450,5873;5826534,183;13,39836291;52,50706017
13554;208536;11;2;2040502;2018;12;18;5;3;5;3;2;1;1;0;0;0;0;0;800483,8353;5828221,757;13,42975444;52,52107037
13555;208537;11;1;1033201;2018;12;5;5;3;5;2;2;1;1;0;0;0;0;0;798081,4207;5830001,1;13,39604696;52,53833841
13556;208538;11;9;9041301;2018;12;9;4;3;5;3;0;0;1;0;0;0;0;1;812394,4948;5819228,857;13,59631571;52,43379053
13557;208539;11;10;10040828;2018;12;22;4;3;0;1;2;0;0;0;1;0;0;1;811279,3251;5827917,479;13,58807279;52,51228886
13558;208540;11;9;9020701;2018;12;6;5;3;5;3;1;1;1;0;0;0;0;0;807643,8171;5819361,273;13,52677867;52,4376697
13559;208541;11;4;4030726;2018;12;20;4;2;6;4;2;1;0;1;0;0;0;0;791946,297;5825744,742;13,30211169;52,50350258
13560;208542;11;9;9052001;2018;12;6;5;3;5;2;1;1;1;0;0;0;0;0;810364,158;5823538,992;13,57055203;52,47357224
13561;208543;11;6;6010103;2018;12;16;4;3;6;2;1;0;1;1;0;0;0;1;793511,3932;5821560,819;13,32141974;52,46515567
13562;208544;11;8;8041037;2018;12;8;5;3;2;6;0;0;1;0;0;0;0;0;805986,2412;5817284,114;13,50057005;52,4199829
13563;208545;11;8;8010213;2018;12;15;4;3;5;3;0;0;1;0;0;0;0;1;801143,2846;5822844,318;13,434583;52,47250738
13564;208546;11;1;1022206;2018;12;8;5;3;0;2;1;0;1;0;0;0;1;0;796261,5895;5828502,363;13,36795771;52,52589612
13565;208547;11;4;4020313;2018;12;9;4;3;2;6;0;1;1;0;0;0;0;1;790455,7268;5826694,929;13,2810426;52,51281661
13566;208548;11;6;6040807;2018;12;11;4;3;5;3;0;1;1;0;0;0;0;0;790009,9611;5819155,582;13,26793478;52,44546181
13567;208549;11;5;5010209;2018;12;9;5;3;5;3;0;1;1;0;0;0;0;1;783278,6578;5829443,428;13,1779105;52,54123535
13568;208550;11;4;4030931;2018;12;11;4;3;6;4;0;0;1;1;0;0;0;0;794417,9821;5825872,959;13,33853477;52,5033239
13569;208551;11;5;5040937;2018;12;11;5;3;2;6;0;0;1;0;0;0;0;0;781708,5239;5819825,457;13,14668414;52,45580901
13570;208552;11;1;1044203;2018;12;12;4;3;5;2;0;1;0;0;0;0;1;0;795876,2484;5831960,888;13,36537448;52,55710775
13571;208553;11;7;7010104;2018;12;16;4;3;6;2;2;0;1;1;0;0;0;1;796038,1714;5825375,793;13,36189291;52,49799061
13572;208554;11;4;4041134;2018;12;12;4;3;6;4;0;0;1;1;0;0;0;0;791067,9716;5823956,036;13,28764521;52,48793608
13573;208555;11;1;1011201;2018;12;13;5;2;6;4;0;0;1;1;0;0;0;0;796956,0898;5826817,603;13,37666085;52,51041624
13574;208556;11;1;1011204;2018;12;13;4;3;6;4;0;0;1;1;0;0;0;0;797852,4329;5826875,405;13,38988119;52,51044569
13575;208557;11;4;4020310;2018;12;0;4;3;2;6;2;0;1;0;0;0;0;0;790525,4481;5827329,653;13,28262134;52,51846981
13576;208558;11;2;2010102;2018;12;13;5;3;3;6;0;0;1;0;0;0;0;0;798468,1062;5826527,626;13,39861439;52,50699181
13577;208559;11;2;2020203;2018;12;9;4;3;5;2;0;1;1;0;0;0;0;0;797571,957;5824571,745;13,38370219;52,48994909
13578;208560;11;12;12301203;2018;12;14;5;3;6;4;0;0;0;1;1;0;0;1;792666,1691;5834727,351;13,3206012;52,58364243
13579;208561;11;4;4020311;2018;12;13;4;2;2;6;0;0;1;0;0;0;0;0;789555,2236;5826587,775;13,26771687;52,51233475
13580;208562;11;2;2020203;2018;12;12;5;3;0;7;0;1;1;0;0;0;0;0;797178,3776;5824498,591;13,37785731;52,48950774
13581;208563;11;12;12302211;2018;12;14;4;3;5;3;0;1;1;0;0;0;0;1;793231,038;5836714,112;13,33067329;52,60114834
13582;208564;11;11;11010205;2018;12;6;4;3;0;1;2;0;0;0;1;0;0;2;806523,3197;5833007,698;13,52290595;52,56060146
13583;208565;11;5;5040936;2018;12;15;5;3;6;2;0;0;1;1;0;0;0;1;781551,181;5819649,24;13,14422607;52,45430999
13584;208566;11;10;10020622;2018;12;9;4;2;0;1;0;1;0;0;0;0;0;2;811145,0213;5829107,081;13,58721261;52,52302592
13585;208567;11;6;6020303;2018;12;15;4;3;1;5;0;0;1;0;1;0;0;1;795611,0327;5819078,911;13,35003965;52,44177512
13586;208568;11;8;8010302;2018;12;15;4;3;5;2;1;0;1;0;0;0;0;1;801844,651;5824436,661;13,4463189;52,48639269
13587;208569;11;5;5010312;2018;12;15;5;3;6;4;1;0;1;1;0;0;0;0;785178,1826;5829640,861;13,20601318;52,54201465
13588;208570;11;6;6010210;2018;12;8;4;2;0;1;0;1;0;0;0;0;0;2;794983,9946;5821411,795;13,34290191;52,46302672
13589;208571;11;4;4030519;2018;12;15;5;3;1;5;0;1;1;0;0;0;0;1;791962,4948;5828107,834;13,30442307;52,52467856
13590;208572;11;7;7020204;2018;12;6;4;2;0;1;2;0;0;0;1;0;0;2;796260,1772;5822952,658;13,36299976;52,47614886
13591;208573;11;6;6010210;2018;12;16;5;2;3;6;1;0;1;0;1;0;0;1;795265,6468;5820983,095;13,34665637;52,45903158
13592;208574;11;8;8010115;2018;12;5;4;3;9;1;2;0;1;0;0;0;0;2;799817,2177;5823664,332;13,4158559;52,48058703
13593;208575;11;4;4030623;2018;12;17;5;2;2;1;1;0;1;0;0;0;0;1;793365,255;5827331,34;13,32435535;52,51696468
13594;208576;11;3;3040818;2018;12;13;4;2;6;4;0;0;1;1;0;0;0;1;799438,3469;5833263,043;13,41893604;52,56683256
13595;208577;11;7;7040403;2018;12;2;6;3;1;1;2;0;1;0;0;0;0;1;797503,6613;5820793,477;13,37932948;52,45611815
13596;208578;11;8;8010404;2018;12;17;5;3;5;3;1;0;1;0;0;0;1;0;802277,0625;5822846,303;13,45122599;52,47189896
13597;208579;11;5;5010103;2018;12;16;4;3;5;2;1;1;1;0;0;0;0;1;784440,9232;5831830,845;13,19704757;52,56203541
13598;208580;11;1;1011302;2018;12;21;4;3;1;5;2;0;1;0;0;0;0;0;798810,0912;5829041,317;13,4058959;52,5293363
13599;208581;11;3;3030406;2018;12;9;4;3;5;3;0;0;1;0;0;0;0;0;802878,9033;5838280,421;13,4741292;52,60989845
13600;208582;11;5;5010103;2018;12;20;4;3;0;1;2;0;0;0;1;0;0;1;784596,3314;5831092,303;13,19870065;52,55533247
13601;208583;11;1;1011102;2018;12;18;4;3;5;3;2;1;1;0;0;0;0;1;796672,8266;5827941,372;13,37350121;52,5206438
13602;208584;11;9;9020601;2018;12;18;4;3;5;3;2;1;1;0;0;0;0;0;805826,5407;5821878,462;13,50243309;52,46124919
13603;208585;11;6;6040807;2018;12;12;5;3;5;2;0;1;1;0;0;0;0;1;789605,7509;5818068,152;13,26106172;52,43592681
13604;208765;11;9;9020701;2018;12;18;2;3;2;2;2;0;1;0;0;0;0;1;808651,5878;5819178,161;13,5413878;52,43546088
13605;208768;11;8;8010117;2018;12;18;2;2;5;3;2;1;1;0;0;0;0;1;800025,755;5823615,837;13,41887378;52,48003781
13606;208769;11;8;8010510;2018;12;23;2;3;5;3;2;0;1;0;0;0;0;1;803652,2014;5821881,104;13,47053068;52,46248538
13607;208771;11;1;1033102;2018;12;22;2;3;2;6;2;0;1;0;0;0;0;0;797156,5948;5831391,086;13,38369476;52,55130305
13608;208773;11;2;2010101;2018;12;20;2;3;2;3;2;0;1;0;0;0;0;1;797697,2719;5825813,722;13,3866523;52,50101366
13609;208775;11;3;3061332;2018;12;19;2;3;5;3;2;0;1;0;0;0;0;1;799469,2327;5830650,926;13,41703392;52,5434022
13610;208776;11;1;1044203;2018;12;18;2;3;0;6;2;0;1;0;1;0;0;1;795905,1512;5831899,614;13,36574494;52,55654279
13611;208778;11;1;1033102;2018;12;14;2;3;6;4;0;1;1;1;0;0;0;0;797068,8698;5831457,448;13,38246412;52,55194576
13612;208780;11;5;5020626;2018;12;14;2;3;2;6;0;0;1;0;0;0;0;0;784158,0343;5827326,746;13,18903279;52,52179908
13613;208782;11;6;6010101;2018;12;14;2;2;0;1;0;1;0;0;0;0;0;0;792466,3267;5820804,281;13,3054174;52,45893383
13614;208784;11;6;6040810;2018;12;13;2;3;5;3;0;1;1;0;0;0;0;0;790574,1963;5819763,715;13,27674225;52,45061428
13615;208786;11;3;3030715;2018;12;13;2;3;5;2;0;1;1;0;0;0;0;0;800718,913;5833630,552;13,43810556;52,56942074
13616;208787;11;7;7040405;2018;12;12;2;2;5;3;0;0;1;0;0;0;0;0;799071,9782;5821704,622;13,40315795;52,46342949
13617;208789;11;5;5010209;2018;12;12;2;3;6;2;0;0;1;1;0;0;0;0;783238,3267;5830292,381;13,17804137;52,54886821
13618;208792;11;1;1044202;2018;12;11;2;3;3;6;0;1;1;0;0;0;0;0;795594,138;5830507,342;13,35993133;52,54423126
13619;208794;11;4;1022106;2018;12;11;2;3;2;6;0;0;1;0;0;0;0;0;793632,588;5827960,17;13,32883884;52,52245795
13620;208796;11;9;9051701;2018;12;16;1;3;5;3;1;0;1;0;0;0;1;0;813637,6225;5821689,52;13,61685135;52,45512946
13621;208797;11;12;12302211;2018;12;23;1;2;6;2;2;0;1;1;0;0;0;0;792920,1402;5837068,306;13,32640937;52,60449106
13622;208799;11;1;1033101;2018;12;22;1;3;5;3;2;0;1;0;0;0;0;0;796235,7579;5832161,816;13,37084127;52,55871341
13623;208800;11;2;2050802;2018;12;1;1;3;0;1;2;1;0;0;0;0;0;1;802180,7115;5827134,287;13,45370041;52,51038572
13624;208802;11;2;2010103;2018;12;1;7;3;5;2;2;1;1;0;0;0;0;0;799148,0138;5825786,315;13,4079362;52,49997464
13625;208804;11;12;12224230;2018;12;0;7;3;2;6;2;0;1;0;0;0;0;0;786095,0141;5839105,646;13,22766691;52,62639175
13626;208806;11;9;9020502;2018;12;15;7;3;5;7;0;0;1;0;0;0;0;1;809405,73;5821504,449;13,55460018;52,45588274
13627;208808;11;6;6010101;2018;12;11;7;3;8;1;0;0;1;0;0;0;0;1;793335,1225;5820330,594;13,31775146;52,45422173
13628;208809;11;9;9051801;2018;12;10;7;3;8;7;0;0;1;0;0;0;0;1;819961,0537;5820581,791;13,7085355;52,4415399
13629;208811;11;10;10010308;2018;12;23;7;2;6;6;2;0;1;1;0;0;0;1;807567,9932;5830663,291;13,53609683;52,53900203
13630;208812;11;7;7010102;2018;12;23;7;3;6;2;2;0;1;1;0;0;0;1;795550,96;5825251,295;13,3546263;52,49713866
13631;208814;11;8;8020727;2018;12;21;7;3;6;4;2;0;1;1;0;0;0;1;800631,1719;5816226,214;13,42111206;52,4134683
13632;208815;11;11;11020412;2018;12;21;7;3;6;4;2;0;1;1;0;0;0;1;805848,5957;5831870,276;13,5119357;52,55078702
13633;208817;11;11;11051229;2018;12;20;7;2;1;7;2;1;0;0;0;0;0;1;804938,3628;5825180,458;13,49241997;52,49133999
13634;208819;11;1;1033203;2018;12;20;7;3;2;6;2;0;1;0;0;0;0;1;796938,3425;5830134,404;13,37936182;52,54015738
13635;208821;11;1;1033203;2018;12;20;7;2;6;4;2;0;1;1;0;0;0;1;796788,4814;5830548,27;13,37752835;52,54394886
13636;208823;11;8;8010212;2018;12;19;7;2;5;3;2;1;1;0;0;0;0;0;801299,6084;5823075,973;13,43708675;52,47449756
13637;208825;11;11;11040926;2018;12;10;7;2;0;1;0;1;0;0;0;0;0;1;805511,1745;5826402,14;13,50195094;52,50196897
13638;208826;11;4;4030621;2018;12;10;7;3;5;7;0;1;1;0;0;0;0;1;793133,2429;5827751,134;13,32131586;52,52085271
13639;208828;11;1;1033102;2018;12;2;7;1;8;1;2;0;1;1;0;0;0;1;797160,546;5831876,157;13,38418705;52,55564897
13640;208830;11;10;10020414;2018;12;17;6;3;6;2;2;0;1;1;0;0;0;1;812181,037;5830916,787;13,60413243;52,53865079
13641;208832;11;11;11020513;2018;12;14;6;2;5;2;1;0;1;0;0;0;0;0;802888,2371;5831203,278;13,46780064;52,54646301
13642;208834;11;1;1044202;2018;12;14;6;3;2;4;0;0;1;1;0;0;0;1;794624,3414;5829877,114;13,34511297;52,53910702
13643;208836;11;6;6030502;2018;12;13;6;3;5;3;0;0;1;0;0;0;0;0;790288,472;5814825,282;13,26826291;52,40649146
13644;208838;11;1;1011202;2018;12;12;6;3;3;6;0;0;1;0;0;0;0;1;797739,332;5827586,205;13,38885554;52,5168789
13645;208840;11;8;8010117;2018;12;12;6;3;5;3;0;0;1;0;0;0;0;1;800537,4094;5823365,694;13,42615973;52,47751435
13646;208842;11;2;2010102;2018;12;10;6;3;5;3;0;0;1;0;0;0;0;1;798215,389;5826241,296;13,39464545;52,50456342
13647;208844;11;11;11010309;2018;12;10;6;3;9;7;0;0;1;0;0;0;0;1;804900,5096;5833317,975;13,49932614;52,56429335
13648;208846;11;4;4020311;2018;12;10;6;3;5;3;0;0;1;0;0;0;0;0;789485,0143;5826798,422;13,26686844;52,51426051
13649;208848;11;3;3051017;2018;12;10;6;3;5;7;0;1;1;0;0;0;0;1;802289,3817;5833109,289;13,46073187;52,56387893
13650;208850;11;2;2050601;2018;12;9;6;3;2;6;0;0;1;0;0;0;0;1;801882,5599;5829015,474;13,45102757;52,52741195
13651;208851;11;11;11030618;2018;12;9;6;2;0;7;1;1;0;0;0;0;0;1;802589,0571;5828801,391;13,46121525;52,52510148
13652;208853;11;7;7040405;2018;12;7;6;3;5;3;1;0;1;0;0;0;0;1;799071,0488;5821704,541;13,40314424;52,46342927
13653;49090;11;12;12301203;2019;1;13;6;3;5;3;0;1;1;0;0;0;0;1;794062,2837;5835083,823;13,34146;52,58609
13654;49091;11;3;3040818;2019;1;9;5;3;5;3;0;1;1;0;0;0;0;0;799130,4007;5832327,415;13,41356;52,55862
13655;49093;11;12;12103115;2019;3;21;6;3;0;1;2;1;0;0;0;0;0;0;795437,613;5833549,454;13,36034;52,57159
13656;49096;11;6;6040703;2019;1;7;6;2;6;4;1;0;1;1;0;0;0;1;786714,3754;5817042,137;13,21777;52,42825
13657;49097;11;7;7030303;2019;2;15;3;3;2;6;0;0;1;0;0;0;0;0;796074,3342;5822724,905;13,36007;52,47421
13658;49100;11;5;5020629;2019;1;7;5;3;2;6;2;0;1;0;0;0;0;1;784856,2612;5826356,236;13,19846;52,51273
13659;49101;11;5;5020524;2019;1;8;3;3;6;6;0;0;1;1;0;0;0;0;783505,6502;5826701,339;13,17891;52,51653
13660;49105;11;2;2050602;2019;1;7;5;3;6;2;0;0;1;1;0;0;0;1;803480,5815;5827610,536;13,47323;52,51393
13661;49106;11;5;5020524;2019;2;18;1;3;5;2;2;0;1;0;0;0;0;0;783514,277;5826711,666;13,17905;52,51662
13662;49109;11;7;7050502;2019;1;17;5;3;3;2;2;0;1;0;0;0;1;0;798180,8157;5818901,148;13,38758;52,43879
13663;49111;11;7;7040402;2019;1;18;5;3;2;6;2;0;1;0;0;0;1;0;796480,9733;5822570,435;13,3659;52,4726
13664;49114;11;4;4051551;2019;1;16;5;2;0;1;2;0;0;0;1;0;0;0;792740,7092;5823246,873;13,31159;52,48068
13665;49115;11;4;4010101;2019;2;12;6;3;2;6;0;0;0;0;0;1;1;0;791170,5822;5829471,679;13,29398;52,53733
13666;49118;11;1;1011204;2019;3;13;5;3;2;6;0;0;1;0;0;0;0;0;798627,798;5827029,868;13,40141;52,51141
13667;49121;11;4;4041133;2019;1;17;4;3;2;6;2;0;1;0;0;0;0;1;790546,8448;5825193,698;13,28107;52,49931
13668;49124;11;1;1011202;2019;1;12;4;3;2;6;0;0;1;0;0;0;0;1;798077,2826;5827663,242;13,39389;52,51738
13669;49125;11;3;3020209;2019;1;13;4;3;5;3;0;0;1;0;0;1;0;0;798248,2264;5834742,934;13,40276;52,58075
13670;49128;11;12;12103219;2019;1;17;4;3;6;2;2;0;1;1;0;0;0;1;795752,5838;5832685,938;13,3642;52,56367
13671;49131;11;9;9020601;2019;1;6;4;3;3;6;2;0;1;0;1;0;0;1;806114,301;5821639,806;13,50644;52,45895
13672;49132;11;1;1033203;2019;2;6;7;2;5;2;2;0;1;0;1;0;0;0;796187,744;5830191,845;13,36838;52,54108
13673;49135;11;9;9010302;2019;1;5;4;3;3;6;2;0;1;0;0;1;0;1;804140,4607;5819917,884;13,47591;52,44462
13674;49136;11;1;1011202;2019;1;11;1;3;5;3;0;1;0;0;0;0;0;1;796921,4533;5827454,815;13,37672;52,51615
13675;49140;11;2;2050602;2019;1;8;4;3;5;3;1;1;1;0;0;0;0;1;803093,6713;5827633,678;13,46757;52,51436
13676;49141;11;12;12301203;2019;2;15;6;3;5;3;0;0;1;0;0;0;1;0;793511,9984;5835884,649;13,33407;52,59356
13677;49144;11;3;3061429;2019;1;7;4;3;6;4;2;0;1;1;0;0;0;1;801393,3114;5831071,626;13,4457;52,54611
13678;49147;11;4;4010103;2019;1;7;4;3;2;6;2;0;1;0;0;0;0;1;791735,854;5829205,125;13,30205;52,53464
13679;49150;11;6;6040703;2019;1;7;4;2;6;2;2;0;1;1;0;0;0;1;786504,3303;5816947,168;13,2146;52,42751
13680;49151;11;6;6030605;2019;2;18;3;3;2;6;2;0;1;0;0;0;0;0;792194,0048;5819596,86;13,30036;52,44826
13681;49154;11;6;6040702;2019;1;9;3;3;2;6;0;0;1;0;0;0;0;1;785340,9671;5815774,97;13,19654;52,41761
13682;49155;11;7;7050501;2019;2;10;7;3;2;6;0;0;1;0;0;0;0;0;798056,2623;5819439,925;13,38623;52,44368
13683;49158;11;1;1011105;2019;1;19;3;3;2;6;2;0;1;0;0;0;0;1;796409,8992;5826288,542;13,36817;52,50597
13684;49160;11;2;2050802;2019;1;19;3;3;2;6;2;1;0;0;0;0;0;1;802102,7227;5827496,005;13,45288;52,51367
13685;49163;11;7;7050502;2019;1;17;3;3;5;3;2;0;1;0;0;0;0;1;797466,308;5817929,806;13,37623;52,43047
13686;49164;11;10;10010309;2019;2;10;4;2;5;3;0;1;1;0;0;0;0;0;807954,8651;5828854,359;13,54011;52,52257
13687;49166;11;4;4041239;2019;3;14;4;3;2;6;0;0;1;0;0;0;0;0;792130,1715;5823763,912;13,30308;52,48565
13688;49169;11;3;3051017;2019;1;12;3;3;4;1;0;0;1;0;0;0;0;1;802930,303;5833241,277;13,47028;52,56471
13689;49172;11;7;7040401;2019;1;19;2;3;6;4;2;0;0;1;0;0;1;1;797814,0086;5822706,021;13,38559;52,47309
13690;49173;11;6;6040701;2019;1;17;4;2;0;1;2;0;0;0;1;0;0;1;783909,6547;5815944,997;13,17569;52,41988
13691;49178;11;7;7050501;2019;1;12;1;3;6;2;0;0;1;1;0;0;0;0;797698,7809;5818765,902;13,38039;52,43784
13692;49179;11;4;4041134;2019;2;5;6;3;0;1;1;0;0;0;1;0;0;1;790960,1329;5824654,006;13,28667;52,49425
13693;49182;11;2;2050602;2019;1;11;7;3;5;2;0;0;1;0;0;0;0;0;802180,849;5827729,145;13,45424;52,51572
13694;49183;11;1;1011202;2019;1;11;1;3;5;3;0;1;0;0;0;0;0;1;796921,547;5827454,83;13,37672;52,51615
13695;49186;11;12;12103218;2019;1;7;6;3;2;2;1;0;1;0;0;0;0;1;794572,7818;5833802,732;13,34784;52,57433
13696;49188;11;9;9010302;2019;1;19;6;3;2;6;2;0;1;0;0;0;0;0;803146,0278;5820827,157;13,46215;52,45332
13697;49189;11;7;7070701;2019;2;12;6;3;5;2;0;1;1;0;0;0;0;0;799228,1451;5816332,377;13,40064;52,41519
13698;49192;11;3;3040818;2019;1;18;6;3;5;3;2;1;1;0;0;0;0;1;800139,2984;5832459,026;13,42852;52,55924
13699;49194;11;3;3040513;2019;1;20;4;3;5;3;2;1;0;0;0;0;1;0;798015,5569;5833645,408;13,39835;52,57104
13700;49196;11;7;7020203;2019;1;18;6;3;1;5;2;1;1;0;0;0;0;1;795657,4056;5823950,336;13,35504;52,48542
13701;49199;11;6;6010101;2019;1;18;5;3;5;2;2;1;1;0;0;0;0;0;793138,1878;5820207,459;13,31475;52,45322
13702;49200;11;4;4030417;2019;2;2;7;2;0;1;2;0;1;0;0;0;0;1;790824,1786;5826587,653;13,28636;52,51166
13703;49202;11;1;1011303;2019;3;17;7;3;2;7;1;1;1;0;0;0;0;0;798880,6566;5828063,986;13,40605;52,52054
13704;49205;11;10;10010206;2019;1;18;4;3;2;6;2;0;1;0;0;0;0;1;808464,0972;5832381,088;13,55086;52,55389
13705;49206;11;1;1022202;2019;2;16;5;3;0;6;0;1;1;0;0;0;0;0;795888,3757;5829545,262;13,3634;52,53545
13706;49209;11;7;7030303;2019;1;13;4;3;5;3;0;0;1;0;0;1;0;0;795168,5542;5822981,695;13,347;52,477
13707;49210;11;3;3061126;2019;1;14;2;3;0;2;1;1;1;0;0;0;0;0;799219,3518;5831430,524;13,41406;52,55053
13708;49216;11;10;10040933;2019;3;16;3;3;5;2;0;0;1;0;0;0;0;0;812048,0848;5827139,682;13,59864;52,50488
13709;49219;11;8;8020619;2019;1;3;4;3;3;6;2;0;1;0;0;1;0;1;802207,3872;5821926,654;13,44937;52,46369
13710;49222;11;2;2010101;2019;1;4;3;3;2;6;2;0;1;0;0;0;0;1;797332,4939;5825588,423;13,38109;52,49919
13711;49223;11;6;6010209;2019;1;11;3;2;5;2;0;0;1;0;0;0;0;1;794018,691;5821046,749;13,32841;52,46027
13712;49228;11;4;4020314;2019;1;5;3;3;9;1;2;0;1;0;0;0;0;1;790313,0473;5825487,58;13,27789;52,50207
13713;49229;11;1;1011303;2019;2;10;4;1;5;2;0;1;0;0;0;1;0;0;799571,012;5828269,929;13,41638;52,522
13714;49232;11;2;2020202;2019;1;2;3;3;2;6;2;0;1;0;0;0;0;1;797777,9576;5825474,655;13,38753;52,49793
13715;49233;11;7;7040403;2019;1;21;7;3;2;6;2;0;1;0;0;0;0;1;797845,7323;5822074,498;13,38549;52,46741
13716;49236;11;7;7050502;2019;1;14;6;3;5;2;0;1;1;0;0;0;0;0;797550,088;5818304,145;13,37779;52,43378
13717;49238;11;9;9010102;2019;1;2;3;3;2;4;2;0;1;1;0;0;0;1;802731,5974;5825212,336;13,46005;52,49285
13718;49239;11;3;3071633;2019;2;18;5;3;2;6;2;0;1;0;0;0;0;0;800337,5764;5830029,634;13,42924;52,53736
13719;49248;11;3;3061429;2019;2;15;6;3;6;2;0;0;1;1;0;0;0;0;801322,9569;5830980,634;13,44459;52,54534
13720;49250;11;4;4030623;2019;3;12;6;3;5;2;0;0;0;0;1;0;1;0;793299,8004;5826818,808;13,32294;52,51241
13721;49254;11;2;2050602;2019;2;20;4;3;2;6;2;1;0;0;0;0;0;0;802738,9367;5827670,928;13,46239;52,51489
13722;49258;11;7;7040405;2019;1;23;7;2;9;1;2;0;1;0;0;0;0;1;798906,9826;5821904,27;13,40092;52,46531
13723;49264;11;7;7040403;2019;2;6;2;3;2;6;0;0;1;0;0;0;1;0;797846,4449;5822349,191;13,38575;52,46988
13724;49273;11;1;1044201;2019;2;16;2;3;5;7;0;0;1;0;0;0;0;0;796048,2099;5831337,493;13,36735;52,55143
13725;49277;11;3;3061131;2019;2;18;4;3;6;4;1;1;0;1;0;0;0;0;799173,1409;5830789,648;13,41281;52,54481
13726;49283;11;4;4041133;2019;1;13;6;3;2;6;0;0;1;0;0;0;0;0;790637,0798;5825050,807;13,28227;52,49798
13727;49286;11;3;3071633;2019;2;19;3;3;1;5;2;1;1;0;0;0;0;0;800375,4147;5830010,81;13,42978;52,53717
13728;49289;11;1;1011201;2019;3;14;7;3;4;6;0;1;1;0;0;0;0;1;797242,2649;5826765,307;13,38082;52,50979
13729;49297;11;6;6040701;2019;1;19;5;2;6;4;2;0;1;1;0;0;0;1;782355,4063;5815729,758;13,15272;52,41875
13730;49299;11;2;2040703;2019;2;13;5;3;5;3;0;1;0;0;0;0;0;0;801808,5744;5826347,661;13,44752;52,50354
13731;49303;11;7;7030303;2019;2;16;3;3;2;6;0;0;1;0;0;0;0;0;795761,954;5823111,603;13,35583;52,47784
13732;49307;11;3;3061429;2019;1;12;3;3;5;2;0;1;0;0;0;1;0;0;800973,4348;5830485,581;13,439;52,54109
13733;49312;11;1;1011202;2019;2;22;7;3;2;6;2;0;1;0;0;0;0;0;798054,754;5827659,626;13,39356;52,51736
13734;49321;11;7;7030303;2019;2;8;5;2;6;2;0;0;1;1;0;0;0;0;795753,515;5823099,571;13,35569;52,47774
13735;49323;11;1;1011303;2019;3;22;5;3;2;2;2;1;0;0;0;0;1;0;798782,3916;5827998,141;13,40455;52,52
13736;49330;11;4;4020310;2019;1;7;4;3;3;6;1;0;1;0;0;0;0;1;790430,9598;5828269,053;13,28205;52,52694
13737;49337;11;3;3050925;2019;2;14;7;3;5;3;0;1;1;0;0;0;0;0;801544,955;5831193,727;13,44804;52,54712
13738;49338;11;2;2020203;2019;3;7;6;3;1;1;0;0;1;0;0;0;0;0;797741,4785;5824501,894;13,38613;52,48923
13739;49345;11;6;6040703;2019;1;12;4;2;2;6;0;0;1;0;0;0;0;1;785966,7366;5816632,556;13,20645;52,42497
13740;49350;11;4;4010102;2019;2;18;1;3;2;6;2;0;1;0;0;0;0;0;793068,5594;5829585,483;13,32198;52,53733
13741;49354;11;7;7070701;2019;1;7;2;3;2;6;2;0;1;0;0;0;0;1;799305,9337;5816197,575;13,40166;52,41394
13742;49360;11;4;4020311;2019;2;14;7;3;3;6;0;0;1;0;0;0;1;0;790075,4492;5826321,718;13,27513;52,50967
13743;49370;11;4;4030622;2019;2;19;4;3;2;6;2;0;1;0;0;0;0;0;791990,4042;5826616,301;13,30352;52,51129
13744;49372;11;4;4020313;2019;3;12;4;3;2;6;0;0;1;0;0;0;0;0;790516,429;5826393,681;13,28167;52,51008
13745;49379;11;1;1011303;2019;1;12;3;3;3;6;0;1;1;0;0;0;0;0;799038,7403;5827532,034;13,4079;52,51568
13746;49385;11;4;4030622;2019;2;9;5;3;5;7;0;0;1;0;1;0;0;0;792362,0134;5826678,445;13,30904;52,51165
13747;49389;11;4;4030622;2019;1;6;7;3;5;2;1;0;1;0;0;0;1;0;792101,9508;5826635,133;13,30518;52,5114
13748;49392;11;12;12214125;2019;1;10;6;3;2;6;0;0;1;0;0;0;1;1;791393,3515;5833814,014;13,30107;52,57614
13749;49395;11;3;3040818;2019;2;12;6;2;5;2;0;0;1;0;0;0;1;0;799174,0612;5832231,906;13,41412;52,55774
13750;49404;11;3;3061126;2019;1;0;1;3;3;6;2;0;1;0;0;0;0;1;799183,6038;5832120,821;13,41416;52,55673
13751;49409;11;3;3061228;2019;2;17;6;3;3;6;1;1;1;0;0;0;0;0;800199,4127;5831003,09;13,42809;52,54616