;OBJECTID;LAND;BEZ;LOR;UJAHR;UMONAT;USTUNDE;UWOCHENTAG;UKATEGORIE;UART;UTYP1;ULICHTVERH;IstRad;IstPKW;IstFuss;IstKrad;IstGkfz;IstSonstige;USTRZUSTAND;LINREFX;LINREFY;XGCSWGS84;YGCSWGS84
13752;49419;11;4;4030416;2019;2;10;2;3;2;6;0;0;1;0;0;1;0;0;790800,4677;5826935,512;13,28632;52,51479
13753;49421;11;4;4020314;2019;3;8;2;3;3;6;0;0;1;0;0;1;0;0;790442,3424;5825254,7;13,27959;52,49991
13754;49428;11;1;1011102;2019;1;10;3;3;5;2;0;0;1;0;0;0;0;1;796453,881;5827390,807;13,36979;52,51583
13755;49434;11;12;12103115;2019;2;11;4;3;2;2;0;0;1;0;0;0;0;0;795468,8389;5833468,685;13,36073;52,57084
13756;49440;11;1;1011303;2019;1;6;5;3;6;2;2;0;1;1;0;0;0;1;798824,5131;5828011,078;13,40518;52,52009
13757;49443;11;12;12103117;2019;2;16;5;3;2;6;0;0;1;0;0;0;0;0;795816,8527;5832407,694;13,3649;52,56115
13758;49452;11;12;12103219;2019;1;17;5;3;3;6;2;0;1;0;0;0;0;0;795672,9937;5832907,147;13,36323;52,5657
13759;49454;11;3;3061332;2019;3;23;6;3;5;2;2;0;1;0;0;0;0;0;799986,5407;5830197,624;13,42423;52,53905
13760;49458;11;1;1011303;2019;2;18;4;3;2;2;2;1;1;0;0;0;0;0;799784,198;5828665,245;13,41987;52,52543
13761;49465;11;3;3071639;2019;2;18;6;3;1;5;2;1;0;0;0;0;1;0;800548,4152;5829803,14;13,43213;52,53521
13762;49467;11;6;6040701;2019;3;12;7;3;1;1;0;0;1;0;0;0;0;0;779184,62;5814995,883;13,1056;52,4138
13763;49471;11;2;2050801;2019;2;15;4;3;3;6;0;1;1;0;0;0;0;0;802176,3781;5827706,48;13,45416;52,51552
13764;49475;11;4;4010101;2019;1;11;2;3;3;6;0;0;1;0;0;0;0;0;791371,0303;5830534,09;13,29786;52,54675
13765;49481;11;3;3051017;2019;2;15;3;3;5;3;0;1;1;0;0;0;0;0;802970,0026;5833351,904;13,47096;52,56568
13766;49490;11;7;7020203;2019;2;15;3;3;2;6;0;0;1;0;0;0;0;0;795636,822;5823954,698;13,35474;52,48547
13767;49493;11;12;12224230;2019;3;14;6;3;0;7;0;0;1;0;0;0;0;0;787543,2881;5838730,958;13,24868;52,62227
13768;49500;11;2;2050802;2019;1;16;5;3;5;2;0;1;1;0;0;0;0;0;802111,7113;5827388,097;13,45292;52,5127
13769;49502;11;2;2050602;2019;2;15;5;3;6;7;0;1;0;1;0;0;0;0;803127,5388;5827630,323;13,46806;52,51431
13770;49506;11;4;4020313;2019;2;9;2;3;5;7;0;1;1;0;0;0;0;0;790418,1825;5826358,666;13,2802;52,50982
13771;49510;11;6;6030503;2019;1;19;3;3;0;6;2;0;0;0;1;0;1;1;789692,904;5817964,529;13,26225;52,43495
13772;49515;11;4;4010101;2019;2;14;7;3;2;6;0;0;1;0;0;0;0;0;791249,8429;5829816,299;13,29545;52,54038
13773;49522;11;3;3071638;2019;1;8;3;3;3;6;0;0;1;0;0;1;0;0;799958,0252;5828910,69;13,42265;52,52754
13774;49528;11;7;7030303;2019;2;15;2;3;2;6;0;0;1;0;0;0;1;0;796279,0645;5822691,603;13,36305;52,4738
13775;49537;11;7;7070701;2019;2;7;6;3;3;6;1;0;1;0;0;0;0;1;799751,9024;5814179,813;13,40639;52,39561
13776;49540;11;1;1011303;2019;3;7;5;3;0;5;0;1;1;0;0;0;0;1;799676,435;5828479,042;13,41812;52,52382
13777;49547;11;3;3040818;2019;1;14;4;3;1;5;0;1;1;0;0;0;0;0;799114,5836;5832339,21;13,41334;52,55873
13778;49554;11;3;3061126;2019;2;15;7;3;5;2;0;1;1;0;0;0;0;0;799197,1111;5831455,217;13,41376;52,55076
13779;49558;11;3;3061429;2019;1;15;2;2;6;4;0;0;1;1;0;0;0;0;800946,7616;5830492,917;13,43861;52,54117
13780;49563;11;1;1044203;2019;2;15;6;3;1;5;0;0;1;0;0;0;0;0;795953,6773;5831634,004;13,36622;52,55414
13781;49573;11;3;3020209;2019;2;17;4;3;5;7;2;1;0;0;0;0;1;0;798058,6127;5834034,665;13,39933;52,57451
13782;49575;11;4;4020310;2019;3;9;3;2;2;6;0;0;1;0;0;1;0;0;790510,7131;5827472,393;13,28253;52,51976
13783;49582;11;3;3020209;2019;1;17;3;3;5;3;1;1;1;0;0;0;0;1;798153,5636;5836012,726;13,40251;52,59218
13784;49587;11;3;3061131;2019;2;15;4;3;4;6;0;1;0;0;0;0;0;0;799148,8088;5830786,734;13,41245;52,5448
13785;49589;11;4;4020208;2019;3;10;4;3;0;6;0;1;1;0;0;0;0;1;788846,577;5826110,734;13,25689;52,50843
13786;49596;11;7;7060601;2019;1;12;4;2;5;3;0;0;1;0;0;0;1;0;797054,7393;5816808,285;13,3692;52,42064
13787;49603;11;8;8020619;2019;2;18;6;3;3;6;1;0;1;0;0;1;0;0;801699,6286;5821804,612;13,44181;52,46288
13788;49607;11;6;6010209;2019;1;2;1;3;9;1;2;0;1;0;0;0;0;2;794257,1171;5821457,539;13,33227;52,46383
13789;49610;11;3;3061332;2019;1;21;5;2;0;5;2;0;1;0;1;0;0;1;799855,2227;5830225,511;13,42232;52,53938
13790;49613;11;3;3020209;2019;2;11;6;3;5;3;0;1;1;0;0;0;0;0;798165,5959;5836120,966;13,40278;52,59315
13791;49623;11;2;2020203;2019;2;19;1;3;2;6;2;0;1;0;0;0;0;1;797759,7202;5824117,589;13,38605;52,48578
13792;49625;11;3;3061434;2019;3;17;1;3;2;6;0;0;1;0;0;0;0;0;800606,5036;5829927,693;13,4331;52,53629
13793;49632;11;4;4030623;2019;1;16;2;3;2;6;0;0;1;0;0;0;0;0;793360,5113;5826868,212;13,32388;52,51282
13794;49638;11;6;6030503;2019;2;16;4;3;2;6;0;0;1;0;0;0;0;0;789805,6732;5817996,932;13,26393;52,43518
13795;49644;11;7;7050502;2019;1;19;5;3;2;6;2;0;1;0;0;0;0;1;798247,077;5818690,615;13,38836;52,43686
13796;49650;11;5;5020629;2019;2;18;5;3;2;6;2;0;1;0;0;0;0;1;785413,3234;5826207,645;13,20652;52,51111
13797;49654;11;12;12301204;2019;1;21;7;3;3;6;2;0;1;0;1;0;0;0;793415,6566;5836179,161;13,33292;52,59625
13798;49657;11;7;7020202;2019;1;18;5;2;6;4;2;0;1;1;0;0;0;1;795409,3984;5823400,768;13,35091;52,48063
13799;49660;11;9;9020601;2019;2;18;5;3;5;2;2;1;1;0;0;0;0;0;806524,0535;5821210,689;13,51205;52,45487
13800;49669;11;3;3061429;2019;2;5;6;3;6;2;2;0;1;1;0;0;0;0;801520,6676;5831177,585;13,44767;52,54699
13801;49671;11;1;1011105;2019;3;22;7;3;2;2;2;0;1;0;0;0;0;0;796420,4027;5826328,376;13,36835;52,50632
13802;49675;11;1;1044102;2019;2;6;4;2;5;3;1;0;1;0;0;0;1;0;795879,0569;5832057,27;13,3655;52,55797
13803;49679;11;1;1011303;2019;1;2;1;2;6;4;2;0;1;1;0;0;0;1;799346,084;5827965,929;13,41281;52,5194
13804;49685;11;1;1011201;2019;2;11;2;3;3;6;0;1;0;0;0;1;0;0;797686,5694;5826838,68;13,38741;52,51021
13805;49694;11;4;4051551;2019;2;23;2;3;3;6;2;0;1;0;0;0;0;0;792627,2921;5823373,067;13,31003;52,48188
13806;49697;11;10;10040933;2019;3;11;6;3;5;3;0;1;1;0;0;0;0;1;812564,8469;5827180,932;13,60626;52,50495
13807;49704;11;1;1011105;2019;1;14;4;3;2;6;0;0;1;0;0;0;0;0;796677,7527;5826255,047;13,37207;52,50552
13808;49707;11;7;7040403;2019;2;18;4;3;6;7;1;1;0;1;0;0;0;0;797835,8254;5822235,162;13,38549;52,46886
13809;49710;11;4;4041134;2019;3;10;7;3;2;6;0;0;1;0;0;0;0;1;790663,8959;5824994,826;13,28262;52,49746
13810;49718;11;2;2050602;2019;1;7;5;3;1;5;0;0;1;1;0;0;0;0;803287,3544;5827630,903;13,47041;52,51422
13811;49720;11;6;6010102;2019;2;14;5;3;2;6;0;0;1;0;0;0;0;0;793522,403;5820378,91;13,32054;52,45455
13812;49724;11;4;4020208;2019;2;14;3;3;5;3;0;0;1;0;0;0;0;0;787863,4149;5825952,01;13,24231;52,50753
13813;49728;11;4;4010101;2019;1;13;3;3;2;6;0;0;1;0;0;1;0;0;790535,6459;5828603,849;13,28388;52,52989
13814;49733;11;7;7020203;2019;2;18;1;3;2;6;2;0;1;0;0;0;0;0;795676,1531;5823968,193;13,35533;52,48557
13815;49742;11;12;12231101;2019;2;11;5;3;2;2;0;0;1;0;0;0;0;0;791785,9286;5839413,615;13,31178;52,62613
13816;49744;11;9;9010401;2019;3;6;5;3;2;6;0;0;0;0;0;1;0;1;805703,9419;5818830,739;13,49785;52,434
13817;49751;11;7;7060601;2019;1;13;4;3;2;6;0;0;1;0;0;0;0;0;796595,9364;5815991,635;13,36175;52,41357
13818;49758;11;7;7030303;2019;2;14;7;3;0;1;0;0;0;0;1;0;0;0;795102,0698;5823020,833;13,34606;52,47739
13819;49762;11;1;1033203;2019;1;16;1;3;2;6;2;0;1;0;0;0;0;0;796286,0694;5830278,27;13,3699;52,5418
13820;49767;11;2;2050602;2019;2;15;6;2;0;1;0;1;0;0;0;0;0;0;802148,993;5827725,845;13,45377;52,51571
13821;49772;11;3;3061434;2019;2;8;1;3;0;7;0;0;1;0;0;0;0;0;800835,2391;5829741,574;13,43629;52,5345
13822;49776;11;10;10040933;2019;1;14;2;3;2;6;0;0;1;0;0;0;0;1;813816,0718;5827138,751;13,6246;52,50386
13823;49782;11;3;3061126;2019;2;10;7;2;9;1;0;0;1;0;0;0;0;0;799195,2895;5831415,739;13,4137;52,55041
13824;49792;11;6;6030503;2019;2;8;4;3;2;6;0;0;1;0;0;1;0;0;789530,1095;5817972,008;13,25987;52,4351
13825;49794;11;2;2050602;2019;3;13;4;3;5;2;0;1;1;0;0;0;0;0;803082,7453;5827634,798;13,46741;52,51437
13826;49801;11;7;7040405;2019;1;16;4;3;2;6;1;0;1;0;0;0;0;0;798015,2765;5822313,792;13,38819;52,46947
13827;49807;11;1;1011102;2019;2;16;6;3;3;6;0;0;1;0;1;0;0;0;795341,1837;5827193,003;13,35327;52,51466
13828;49811;11;10;10010309;2019;1;10;7;1;6;4;0;0;1;1;0;0;0;1;807656,0523;5829873,139;13,53666;52,53187
13829;49814;11;4;4041134;2019;1;22;5;3;9;1;2;0;1;0;0;0;0;1;790921,4706;5824686,832;13,28613;52,49457
13830;49817;11;12;12301203;2019;2;14;6;3;5;3;0;1;1;0;0;0;0;0;794053,073;5835100,464;13,34134;52,58624
13831;49826;11;2;2050602;2019;2;19;6;3;5;7;2;0;1;0;0;0;0;0;802179,8311;5827735,004;13,45423;52,51577
13832;49828;11;1;1011303;2019;3;12;7;3;0;6;0;0;1;0;0;0;1;0;799590,5726;5828313,678;13,41671;52,52239
13833;49840;11;7;7050502;2019;2;13;2;3;5;7;0;0;0;0;0;0;1;0;798234,2722;5818746,063;13,38822;52,43737
13834;49842;11;1;1044201;2019;3;13;2;3;2;6;0;0;1;0;0;0;0;0;796181,0918;5831025,745;13,36902;52,54856
13835;49849;11;7;7050502;2019;1;11;3;3;5;3;0;0;0;0;1;0;1;1;797550,8282;5818307,394;13,37781;52,43381
13836;49855;11;12;12103218;2019;2;8;4;3;5;2;0;1;0;0;0;0;1;0;794559,1596;5833821,741;13,34766;52,5745
13837;49859;11;4;4020311;2019;1;21;7;3;3;6;2;0;1;0;0;0;0;0;790146,9424;5826333,043;13,27619;52,50974
13838;49862;11;1;1011105;2019;1;15;5;3;3;6;0;0;1;0;0;0;0;0;796439,1203;5826321,954;13,36862;52,50625
13839;49865;11;3;3061131;2019;2;17;5;3;2;2;1;1;1;0;0;0;0;0;799180,748;5830360,858;13,41253;52,54096
13840;49874;11;2;2050602;2019;2;14;6;3;5;3;0;1;1;0;0;0;0;0;803499,9511;5827608,435;13,47351;52,5139
13841;49876;11;1;1044203;2019;3;13;6;3;1;5;0;1;1;0;0;0;0;0;795899,6711;5831859,114;13,36563;52,55618
13842;49880;11;1;1011204;2019;2;19;4;2;6;4;2;0;1;1;0;0;0;0;798209,5826;5826945,703;13,39519;52,51088
13843;49884;11;4;4020314;2019;1;13;5;3;3;6;0;0;1;0;0;1;0;0;790467,8686;5825322,66;13,28002;52,50051
13844;49890;11;4;4020310;2019;2;6;2;3;2;6;1;0;1;0;0;0;0;1;790479,5109;5828454,882;13,28293;52,52858
13845;49894;11;4;4041134;2019;2;6;5;3;3;6;1;0;1;0;0;1;0;0;790861,7487;5824716,145;13,28528;52,49486
13846;49898;11;7;7050501;2019;1;20;2;3;6;2;2;0;1;1;0;0;0;1;797867,5882;5820441,114;13,38436;52,45276
13847;49904;11;2;2040703;2019;2;23;4;3;6;4;2;0;0;1;0;0;1;0;801877,0593;5826535,506;13,4487;52,50519
13848;49909;11;4;4010102;2019;1;15;4;3;2;6;0;0;1;0;0;0;0;1;792214,1485;5829346,804;13,30921;52,53565
13849;49912;11;9;9010202;2019;1;15;5;3;5;3;0;1;1;0;0;0;0;0;804104,6469;5824365,095;13,47943;52,4845
13850;49915;11;2;2010101;2019;2;15;3;3;3;6;0;1;1;0;0;0;0;0;797792,3196;5825524,908;13,38779;52,49837
13851;49918;11;12;12214125;2019;3;20;7;2;8;1;2;0;1;0;0;0;0;1;792106,0989;5832440,367;13,31034;52,56344
13852;49926;11;2;2050602;2019;1;16;5;2;6;4;1;0;1;1;0;0;0;0;802977,5893;5827646,412;13,46587;52,51453
13853;49928;11;3;3040513;2019;2;14;5;3;2;2;0;1;1;0;0;0;0;0;798001,2472;5833659,894;13,39815;52,57118
13854;49932;11;9;9010202;2019;2;16;3;3;6;4;0;0;1;1;0;0;0;0;804106,561;5824366,79;13,47946;52,48451
13855;49933;11;2;2050602;2019;1;11;3;2;5;3;0;1;1;0;0;0;0;1;802178,1015;5827715,217;13,45419;52,51559
13856;49937;11;7;7050502;2019;1;11;3;2;6;4;0;0;1;1;0;0;0;0;798282,688;5818655,085;13,38885;52,43653
13857;49942;11;6;6040701;2019;2;23;7;2;5;2;2;1;1;0;0;0;0;0;783889,2233;5815954,019;13,1754;52,41997
13858;49951;11;10;10010308;2019;2;8;5;3;2;6;0;0;1;0;0;0;0;0;808084,4811;5827445,614;13,54071;52,50987
13859;49953;11;10;10040933;2019;3;7;4;3;0;2;0;1;0;0;0;0;1;0;813046,8131;5827190,738;13,61335;52,50477
13860;49959;11;2;2020202;2019;1;17;3;3;6;4;1;1;0;1;0;0;0;1;797848,7873;5825021,385;13,38817;52,49383
13861;49964;11;9;9010201;2019;2;11;2;3;6;4;0;0;1;1;0;0;0;1;803257,5434;5824408,684;13,46704;52,48536
13862;49967;11;7;7040405;2019;3;20;5;2;3;6;2;0;1;0;0;0;1;0;799326,5636;5821545,09;13,40675;52,46186
13863;49974;11;4;4051655;2019;1;15;4;3;2;6;0;0;1;0;0;1;0;0;794328,9382;5823063,917;13,33475;52,47819
13864;49980;11;7;7020202;2019;2;14;1;3;5;2;0;1;1;0;0;0;0;0;795496,134;5823347,6;13,35213;52,4801
13865;49981;11;1;1011105;2019;1;17;2;3;2;6;2;0;1;0;0;0;0;0;796696,0345;5826198,447;13,37229;52,50501
13866;49985;11;7;7070701;2019;1;17;2;3;2;6;1;0;1;0;0;0;0;0;799194,3023;5816412,835;13,40022;52,41593
13867;49991;11;3;3071639;2019;2;8;6;2;5;2;0;1;0;0;0;0;0;0;800459,5467;5829705,87;13,43074;52,53439
13868;49996;11;1;1011303;2019;1;17;2;3;2;7;2;1;1;0;0;0;1;1;799186,2406;5828361,263;13,41081;52,52303
13869;50002;11;4;4030622;2019;2;18;4;3;5;2;2;1;1;0;0;0;0;0;792757,4088;5826766,541;13,31493;52,51223
13870;50004;11;5;5020524;2019;3;12;4;2;2;6;0;0;1;0;0;1;0;0;783541,7179;5826708,443;13,17945;52,51658
13871;50008;11;4;4041134;2019;1;9;2;3;2;6;0;0;1;0;0;0;0;1;790769,7842;5824855,224;13,28405;52,49616
13872;50012;11;7;7020202;2019;1;17;3;3;2;6;1;0;1;0;0;0;0;0;794753,1274;5823139,393;13,34104;52,47864
13873;50018;11;1;1011303;2019;2;22;5;3;5;3;2;1;1;0;0;0;0;1;799313,364;5827964,966;13,41232;52,51941
13874;50019;11;7;7040403;2019;1;16;1;3;8;1;2;0;1;0;0;0;0;1;796999,681;5822372,221;13,37334;52,47054
13875;50023;11;3;3061429;2019;1;23;7;3;2;6;2;0;1;0;0;0;0;0;801342,9207;5831028,565;13,44492;52,54575
13876;50025;11;1;1044102;2019;1;5;1;3;5;3;2;0;1;0;0;0;0;1;795879,0131;5832057,506;13,3655;52,55797
13877;50026;11;4;4041134;2019;1;8;1;2;9;1;0;0;1;0;0;0;0;1;791135,3642;5824654,693;13,28925;52,49416
13878;50030;11;4;4020310;2019;1;10;4;2;3;6;0;0;1;0;0;1;1;1;790463,1414;5828452,243;13,28269;52,52857
13879;50037;11;7;7030303;2019;2;13;7;3;0;1;0;0;0;0;1;0;0;0;796212,2418;5822713,142;13,36208;52,47403
13880;50038;11;4;4020208;2019;1;19;7;3;5;2;2;1;1;0;0;0;0;1;788939,73;5826125,888;13,25827;52,50852
13881;50042;11;12;12103117;2019;1;13;1;3;2;4;0;0;1;1;0;0;0;0;795831,08;5832326,272;13,36504;52,56041
13882;50044;11;3;3061332;2019;1;19;7;3;6;2;2;0;1;1;0;0;0;1;799962,3499;5830228,501;13,4239;52,53934
13883;50046;11;2;2010101;2019;1;16;5;3;5;2;1;1;1;0;0;0;0;0;797852,921;5825504,699;13,38866;52,49816
13884;50049;11;7;7050501;2019;2;9;6;3;5;2;0;1;1;0;0;0;0;0;797884,346;5820426,679;13,38459;52,45262
13885;50054;11;7;7020203;2019;1;18;7;3;2;6;2;0;1;0;0;0;0;1;795895,6043;5824374,612;13,35891;52,48909
13886;50060;11;3;3050925;2019;2;16;1;2;6;4;1;0;1;1;0;0;0;0;801790,8727;5831371,162;13,45182;52,54858
13887;50062;11;7;7050506;2019;3;10;2;3;5;2;0;0;1;0;0;1;0;0;798879,533;5817226,871;13,39633;52,4234
13888;50069;11;12;12231101;2019;1;17;2;3;2;6;2;0;1;0;0;0;0;1;792028,7815;5838615,032;13,31465;52,61884
13889;50075;11;4;4030417;2019;2;16;4;3;2;6;0;0;1;0;0;0;0;0;790797,8798;5826467,401;13,28587;52,51059
13890;50081;11;3;3061435;2019;1;17;5;3;4;6;1;1;0;0;0;0;0;0;801562,5899;5829002,326;13,44631;52,52747
13891;50084;11;10;10040933;2019;2;7;5;3;5;3;1;1;1;0;0;0;0;0;812581,7223;5827181,813;13,60651;52,50495
13892;50093;11;2;2050602;2019;1;8;4;3;5;3;1;0;1;0;0;0;0;1;803502,5421;5827608,13;13,47355;52,5139
13893;50096;11;4;4020313;2019;2;12;6;2;5;3;0;0;1;0;0;1;0;0;790513,8438;5826374,634;13,28162;52,50991
13894;50106;11;12;12301205;2019;2;17;6;3;6;4;2;0;1;1;0;0;0;0;792365,735;5837743,333;13,31884;52,61084
13895;50108;11;4;4041133;2019;3;18;7;3;2;6;2;0;1;0;0;0;1;0;790629,8721;5825033,725;13,28215;52,49783
13896;50112;11;4;4020311;2019;2;15;4;3;3;6;0;0;1;0;0;0;0;0;789163,0378;5826159,818;13,26158;52,50871
13897;50116;11;12;12304314;2019;1;2;1;3;9;1;2;0;1;0;0;0;0;1;790618,1411;5835018,248;13,29071;52,58735
13898;50122;11;12;12214125;2019;2;13;3;3;2;6;0;0;1;0;0;0;1;0;791221,3087;5833937,722;13,29864;52,57734
13899;50127;11;3;3030716;2019;1;15;7;3;5;3;1;1;1;0;0;0;0;1;803322,8267;5833646,058;13,47642;52,56812
13900;50132;11;2;2050602;2019;2;7;2;3;0;2;0;1;1;0;0;0;0;0;802144,4265;5827754,662;13,45373;52,51597
13901;50135;11;12;12103115;2019;3;8;6;3;6;7;0;1;0;1;0;0;0;0;795424,1582;5833584,257;13,36017;52,57191
13902;50142;11;12;12103218;2019;1;15;4;3;2;6;0;0;1;0;0;0;0;0;794532,252;5834217,839;13,34761;52,57807
13903;50147;11;3;3061332;2019;2;7;2;3;5;3;0;1;1;0;0;0;0;0;799592,4359;5830298,953;13,41853;52,54018
13904;50148;11;3;3040513;2019;1;16;6;3;0;6;2;0;1;0;0;0;1;1;798038,1329;5833806,477;13,39883;52,57247
13905;50151;11;4;4051551;2019;1;17;3;3;2;6;0;0;1;0;0;0;0;0;792753,1216;5823252,499;13,31177;52,48073
13906;50152;11;7;7010104;2019;10;16;3;2;6;4;0;0;1;1;0;0;0;1;796007,0816;5824913,867;13,36103;52,49387
13907;50153;11;1;1011105;2019;6;18;5;3;2;6;0;0;1;0;0;0;0;0;796770,1201;5826669,736;13,3738;52,50919
13908;50154;11;11;11030721;2019;9;7;2;3;9;1;0;0;1;0;0;0;0;0;804232,9562;5827533,494;13,48421;52,51282
13909;50155;11;4;4041133;2019;12;23;5;3;8;1;2;0;1;0;0;0;0;1;790489,7465;5825267,239;13,2803;52,5
13910;50156;11;7;7040403;2019;6;1;7;3;5;3;2;1;1;0;0;0;0;0;797846,3094;5822358,011;13,38575;52,46996
13911;50157;11;1;1044201;2019;5;17;4;3;2;7;0;0;1;0;0;0;0;0;796206,1304;5830833,557;13,36922;52,54682
13912;50158;11;4;4010103;2019;11;2;1;3;9;1;2;0;1;0;0;0;0;1;791741,0139;5829190,73;13,30212;52,53451
13913;50159;11;3;3061228;2019;6;8;6;3;6;4;0;1;0;1;0;0;0;0;800154,9643;5830844,128;13,42729;52,54476
13914;50160;11;7;7020202;2019;11;14;5;2;5;2;0;1;1;0;0;0;0;0;795233,8046;5823511,498;13,34843;52,48171
13915;50161;11;2;2050602;2019;8;16;5;3;4;6;0;1;0;0;0;0;1;0;802733,5528;5827686,549;13,46232;52,51503
13916;50162;11;6;6040701;2019;5;13;4;2;0;7;0;0;1;0;0;0;0;0;779143,5854;5814992,555;13,105;52,41379
13917;50163;11;4;4020313;2019;10;8;1;2;1;1;0;0;1;0;0;0;0;0;790358,9072;5826367,428;13,27933;52,50993
13918;50164;11;4;4030623;2019;9;16;2;3;5;2;0;0;1;0;1;0;0;0;793155,1019;5826840,746;13,32083;52,51268
13919;50166;11;4;4020313;2019;6;14;6;2;6;7;0;0;1;1;0;0;0;0;790729,0349;5826428,995;13,28483;52,51029
13920;50167;11;2;2020201;2019;8;16;5;3;3;6;0;0;0;0;0;0;1;0;796888,9604;5825916,582;13,37487;52,50238
13921;50168;11;4;4030417;2019;5;13;4;3;2;6;0;0;1;0;0;0;0;0;791848,0817;5826613,763;13,30143;52,51135
13922;50169;11;7;7040405;2019;6;16;7;3;5;3;0;0;1;0;0;0;0;0;798087,4564;5822286,011;13,38923;52,46918
13923;50170;11;7;7050502;2019;9;10;2;2;5;2;0;0;1;0;1;0;0;0;798286,0211;5818647,842;13,38889;52,43646
13924;50171;11;6;6030605;2019;12;16;1;3;5;3;2;0;1;0;0;0;0;1;792449,2288;5819744,809;13,30424;52,44944
13925;50172;11;5;5020524;2019;6;13;6;3;2;6;0;0;0;0;1;1;0;0;783505,5302;5826701,195;13,17891;52,51653
13926;50173;11;6;6040703;2019;8;15;5;3;0;3;0;1;1;0;0;0;0;0;786710,2127;5817015,39;13,21768;52,42801
13927;50174;11;3;3061429;2019;11;16;2;3;5;2;0;0;1;0;0;0;0;0;800958,4717;5830510,812;13,4388;52,54133
13928;50175;11;4;4030417;2019;8;16;5;3;0;3;0;1;1;0;0;0;0;0;791299,7182;5826502,104;13,29328;52,51064
13929;50176;11;4;4030623;2019;5;12;4;3;2;6;0;0;1;0;1;0;0;0;793472,4305;5826887,109;13,32554;52,51292
13930;50177;11;11;11030721;2019;10;13;1;3;3;6;0;0;1;0;1;0;0;0;804860,0834;5827449,893;13,49335;52,51172
13931;50178;11;7;7010104;2019;9;17;7;3;3;6;0;0;1;0;0;0;0;0;796008,0482;5824676,282;13,36083;52,49174
13932;50180;11;12;12214125;2019;6;14;6;3;2;6;0;0;1;0;0;0;1;0;791683,0648;5830988,057;13,30284;52,55065
13933;50181;11;2;2050602;2019;8;14;5;3;0;1;0;1;1;0;0;0;0;0;802149,1628;5827848,079;13,45389;52,5168
13934;50182;11;2;2050601;2019;5;11;4;3;0;6;0;0;1;0;1;0;0;0;801657,6037;5828865,419;13,44759;52,52619
13935;50183;11;4;4030417;2019;11;15;3;3;3;6;0;0;1;0;0;1;0;0;791541,1094;5826561,819;13,29687;52,51104
13936;50184;11;7;7070701;2019;6;9;4;3;2;6;0;0;1;0;0;0;0;0;799410,4312;5815947,734;13,40297;52,41164
13937;50185;11;4;4020208;2019;9;17;7;3;0;1;0;1;0;0;0;0;0;0;787967,6472;5825968,86;13,24385;52,50763
13938;50186;11;5;5020524;2019;12;23;7;3;5;2;2;0;1;0;0;0;0;1;783517,187;5826715,15;13,17909;52,51665
13939;50187;11;4;4030417;2019;8;12;5;3;2;6;0;0;1;0;0;0;1;0;791795,7979;5826583,514;13,30064;52,5111
13940;50188;11;3;3061126;2019;10;17;3;3;2;6;2;0;1;0;0;0;0;0;799205,2279;5832153,09;13,41451;52,55701
13941;50189;11;2;2040703;2019;9;19;7;2;0;7;2;1;0;0;0;0;0;0;801810,2187;5826351,449;13,44755;52,50357
13942;50190;11;6;6030501;2019;8;9;5;3;0;7;0;1;0;0;0;0;0;0;787857,2918;5817527,365;13,23495;52,432
13943;50191;11;7;7040401;2019;5;9;4;3;2;6;0;0;1;0;1;0;0;0;797808,2611;5823164,09;13,38591;52,4772
13944;50192;11;1;1011303;2019;10;13;2;2;6;7;0;0;0;1;0;0;1;0;799234,9492;5827880,024;13,4111;52,51869
13945;50193;11;3;3020209;2019;6;11;2;3;5;3;0;1;1;0;0;0;0;0;798175,8317;5836248,322;13,40305;52,59428
13946;50194;11;3;3061434;2019;9;9;7;3;5;3;0;1;1;0;0;0;0;0;800844,0566;5830325,926;13,43695;52,53973
13947;50196;11;2;2020201;2019;6;16;6;3;5;3;0;1;1;0;0;0;0;0;797065,0884;5825692,492;13,37726;52,50027
13948;50197;11;4;4030622;2019;8;19;4;2;5;2;0;0;1;0;1;0;0;0;792744,9646;5826742,874;13,31472;52,51202
13949;50198;11;3;3020209;2019;5;8;4;2;0;5;0;0;0;0;1;0;1;0;798175,9745;5836263,179;13,40307;52,59442
13950;50199;11;4;4041239;2019;11;8;5;3;2;6;0;0;1;0;0;0;0;0;792099,0622;5823817,605;13,30267;52,48614
13951;50200;11;1;1044203;2019;6;7;6;3;1;5;0;1;1;0;0;0;0;0;795927,4272;5831703,709;13,3659;52,55477
13952;50201;11;12;12214125;2019;12;13;3;3;2;6;0;0;1;0;0;0;1;1;791653,9633;5830953,309;13,30239;52,55035
13953;50202;11;1;1011303;2019;8;21;4;3;0;1;2;1;0;0;0;0;0;0;799254,9966;5827906,665;13,41141;52,51892
13954;50203;11;12;12301205;2019;5;7;4;3;5;2;0;0;1;0;0;0;0;0;792354,4937;5837753,305;13,31869;52,61094
13955;50204;11;1;1011104;2019;10;8;5;3;2;6;0;0;1;0;0;0;0;1;796162,3213;5825738,348;13,36404;52,50117
13956;50205;11;2;2050602;2019;9;8;7;3;8;1;0;1;1;0;0;0;0;0;802124,5432;5828064,606;13,45372;52,51876
13957;50207;11;4;4041133;2019;8;15;4;3;2;6;0;0;1;0;0;0;0;0;790564,594;5825163,476;13,28131;52,49903
13958;50208;11;2;2040701;2019;5;16;3;2;0;1;0;1;0;0;0;0;0;0;800940,9442;5827855,448;13,43614;52,51753
13959;50209;11;2;2020201;2019;9;6;2;2;0;2;1;0;1;0;1;0;0;1;796852,2989;5825946,79;13,37436;52,50267
13960;50210;11;1;1011102;2019;6;0;4;3;0;7;2;1;0;0;0;0;0;0;794603,4001;5827079,287;13,34233;52,51404
13961;50211;11;1;1011102;2019;9;16;7;3;6;7;0;1;0;1;0;0;0;0;796735,8683;5827424,069;13,37397;52,51597
13962;50212;11;7;7010104;2019;12;19;6;2;6;4;2;0;1;1;0;0;0;1;796077,4042;5825506,419;13,36259;52,49914
13963;50213;11;4;4010101;2019;6;14;6;3;2;6;0;0;1;0;0;0;0;0;791314,1445;5830062,785;13,29661;52,54255