;OBJECTID;LAND;BEZ;LOR;UJAHR;UMONAT;USTUNDE;UWOCHENTAG;UKATEGORIE;UART;UTYP1;ULICHTVERH;IstRad;IstPKW;IstFuss;IstKrad;IstGkfz;IstSonstige;USTRZUSTAND;LINREFX;LINREFY;XGCSWGS84;YGCSWGS84
13964;50214;11;2;2040701;2019;8;15;4;3;2;6;0;0;1;0;0;1;0;0;800453,8463;5827926,615;13,42905;52,51844
13965;50215;11;11;11041022;2019;5;18;3;3;3;2;0;1;0;0;0;0;1;0;805619,7501;5827378,174;13,50444;52,51066
13966;50216;11;12;12103218;2019;11;13;6;2;2;2;0;0;1;0;0;1;0;0;794380,1627;5834498,062;13,34562;52,58066
13967;50217;11;1;1011102;2019;9;1;7;3;0;1;2;0;1;0;0;0;0;0;796480,2594;5827381,824;13,37017;52,51573
13968;50218;11;1;1033203;2019;11;16;3;3;5;3;1;0;1;0;1;0;0;0;796094,7612;5829819,515;13,36668;52,53779
13969;50219;11;7;7010104;2019;8;10;4;3;3;6;0;0;1;0;0;0;0;0;796073,2788;5825484,483;13,36251;52,49895
13970;50220;11;1;1011104;2019;5;21;3;3;0;3;2;1;0;0;1;0;0;0;796349,339;5826136,498;13,36714;52,50464
13971;50221;11;9;9010202;2019;10;16;5;3;3;6;0;0;0;0;0;1;1;0;803811,0609;5823867,673;13,47467;52,4802
13972;50222;11;7;7050502;2019;9;16;6;3;5;2;0;1;0;0;0;0;1;0;797630,5181;5818588,048;13,37923;52,43628
13973;50224;11;7;7040405;2019;6;0;6;2;3;6;2;0;1;0;0;0;0;0;798497,9282;5822081,189;13,39507;52,46712
13974;50225;11;7;7030303;2019;8;9;4;3;0;2;0;0;1;0;0;0;1;0;795661,566;5823212,339;13,35444;52,4788
13975;50226;11;3;3061131;2019;5;16;3;3;1;5;0;1;0;0;0;0;1;0;799210,6061;5831232,045;13,41376;52,54875
13976;50227;11;1;1011303;2019;6;20;6;3;2;6;0;0;1;0;1;0;0;0;799235,5441;5827880,814;13,4111;52,5187
13977;50228;11;1;1011303;2019;9;15;6;3;2;6;0;0;1;0;1;0;0;0;799107,107;5827638,402;13,409;52,5166
13978;50229;11;1;1011102;2019;12;12;6;3;2;6;0;0;1;0;0;0;0;0;794720,2386;5827084,679;13,34405;52,51402
13979;50230;11;7;7050502;2019;6;13;6;3;2;6;0;0;1;0;0;0;0;0;797803,4544;5818936,061;13,38207;52,43931
13980;50231;11;4;4041134;2019;8;14;4;3;2;6;0;0;1;0;0;0;0;0;790902,9036;5824698,663;13,28587;52,49468
13981;50232;11;1;1011303;2019;11;17;7;3;5;2;2;0;1;0;0;0;0;1;799107,009;5827693,534;13,40905;52,51709
13982;50233;11;1;1011303;2019;8;12;4;3;0;1;0;0;1;0;1;0;0;0;798931,2808;5828111,693;13,40684;52,52094
13983;50234;11;5;5020629;2019;5;17;3;3;2;6;0;0;1;0;0;0;0;0;785333,1694;5826228,836;13,20536;52,51134
13984;50235;11;2;2050802;2019;10;17;6;3;3;6;0;1;1;0;0;0;0;1;802136,9021;5827508,37;13,4534;52,51376
13985;50236;11;9;9010101;2019;9;14;6;3;2;6;0;0;1;0;0;0;0;0;802865,2614;5825502,646;13,46227;52,49538
13986;50238;11;12;12214125;2019;6;15;6;3;2;6;0;0;1;0;0;0;0;0;792156,719;5831991,017;13,31069;52,55939
13987;50239;11;7;7050502;2019;8;7;4;3;6;4;0;0;1;1;0;0;0;0;798289,557;5818639,804;13,38894;52,43638
13988;50240;11;7;7050502;2019;5;17;3;3;2;6;0;0;1;0;0;0;1;0;797547,6647;5818293,425;13,37775;52,43368
13989;50241;11;2;2050602;2019;11;23;2;3;0;1;2;0;0;0;1;0;0;1;802113,4549;5827864,182;13,45338;52,51697
13990;50242;11;3;3071639;2019;6;16;2;2;2;7;0;1;1;0;0;0;0;0;800048,4507;5829001,055;13,42406;52,5283
13991;50243;11;3;3061434;2019;9;13;6;2;5;2;0;0;1;0;0;0;0;0;800620,0014;5829921,425;13,43329;52,53623
13992;50244;11;11;11010101;2019;12;15;6;2;5;3;1;0;1;0;0;0;0;1;803684,2036;5835323,917;13,48327;52,58295
13993;50245;11;4;4030622;2019;8;18;3;3;6;6;0;1;0;1;0;0;0;0;792510,6618;5826724,981;13,31126;52,51199
13994;50246;11;7;7050502;2019;5;15;3;3;5;2;0;0;1;0;1;0;0;0;798286,3555;5818647,082;13,3889;52,43645
13995;50247;11;12;12304314;2019;10;11;2;3;2;6;1;0;1;0;0;0;1;0;790642,2844;5835004,064;13,29106;52,58721
13996;50248;11;2;2050602;2019;9;7;6;3;3;6;0;1;0;0;0;0;0;0;802691,9882;5827690,948;13,46172;52,51509
13997;50249;11;3;3061435;2019;8;10;3;3;5;3;0;1;0;0;0;0;0;0;801390,507;5829230,814;13,44399;52,52961
13998;50250;11;3;3040818;2019;5;9;3;3;2;6;0;0;1;0;1;0;0;0;800175,7663;5832297,939;13,42891;52,55778
13999;50251;11;3;3061434;2019;10;17;7;3;0;3;0;1;1;0;0;0;0;0;800711,625;5829858,49;13,43458;52,53562
14000;50252;11;3;3061435;2019;6;19;6;3;0;1;0;1;0;0;0;0;0;0;801390,839;5829230,374;13,444;52,52961
14001;50253;11;1;1011303;2019;9;12;6;3;5;2;0;1;0;0;0;0;1;0;798799,3675;5828014,712;13,40482;52,52014
14002;50255;11;2;2050602;2019;6;11;6;3;5;2;0;1;0;0;0;0;0;0;802451,8358;5827716,677;13,45821;52,51546
14003;50256;11;2;2050602;2019;8;14;3;3;5;3;0;1;1;0;0;0;0;0;802119,8959;5828034,867;13,45362;52,51849
14004;50257;11;9;9010201;2019;5;8;3;3;3;6;0;0;1;0;1;0;0;0;803255,2388;5824410,946;13,46701;52,48538
14005;50258;11;10;10010204;2019;10;7;7;3;5;3;0;0;1;0;0;0;0;0;808903,9273;5833413,708;13,55829;52,56289
14006;50259;11;3;3061126;2019;9;13;6;3;2;6;0;0;1;0;1;0;0;0;799220,3596;5831447,956;13,41409;52,55068
14007;50261;11;4;4041133;2019;6;11;6;2;3;6;0;0;1;0;0;0;1;0;790628,2968;5825035,478;13,28213;52,49785
14008;50262;11;2;2040701;2019;8;7;3;3;5;2;0;1;1;0;0;0;0;0;800955,2924;5827853,86;13,43635;52,51751
14009;50263;11;4;4030621;2019;5;8;3;3;3;6;0;1;1;0;0;0;0;0;794023,8167;5826962,253;13,33371;52,5133
14010;50264;11;3;3061332;2019;11;18;2;3;6;2;2;0;1;1;0;0;0;0;799999,6094;5830191,538;13,42442;52,53899
14011;50265;11;7;7050501;2019;6;11;3;3;5;3;0;1;1;0;0;0;0;0;797936,838;5820057,136;13,38503;52,44928
14012;50266;11;7;7040405;2019;9;9;6;3;2;6;0;0;1;0;0;0;0;0;798508,4613;5822091,746;13,39523;52,46721
14013;50267;11;1;1011303;2019;12;17;6;3;5;3;2;1;1;0;0;0;0;1;798821,9013;5828008,617;13,40514;52,52007
14014;50268;11;3;3020209;2019;8;6;3;3;5;3;0;1;1;0;0;0;0;0;798329,4716;5834773,38;13,40398;52,58098
14015;50269;11;3;3050925;2019;10;8;3;3;5;2;0;1;1;0;0;0;0;0;801548,726;5831172,535;13,44808;52,54693
14016;50270;11;11;11030721;2019;9;17;5;2;5;3;0;1;1;0;0;0;0;0;803720,4894;5827570,233;13,47672;52,51344
14017;50271;11;4;4041239;2019;8;9;3;3;2;6;0;0;1;0;0;0;0;0;792423,3586;5823351,652;13,30702;52,48179
14018;50272;11;3;3061131;2019;5;16;2;3;5;3;0;1;0;0;0;0;1;0;799165,6783;5830373,868;13,41232;52,54109
14019;50273;11;10;10010204;2019;10;10;1;3;9;1;0;0;1;0;0;0;0;0;808890,4742;5833379,294;13,55806;52,56259
14020;50274;11;3;3020209;2019;6;12;1;3;4;6;0;0;1;0;0;0;0;0;798132,3216;5835510,542;13,40175;52,58769
14021;50275;11;4;4041137;2019;9;16;5;3;2;6;0;0;1;0;0;0;0;0;791755,1432;5824164,076;13,29792;52,48943
14022;50277;11;1;1011304;2019;6;15;6;2;0;6;0;1;0;0;0;0;0;0;799988,8969;5828081,823;13,42236;52,52009
14023;50278;11;1;1011102;2019;5;22;2;3;5;2;2;0;1;0;0;0;0;0;796457,6648;5827391,411;13,36985;52,51583
14024;50279;11;7;7040402;2019;11;17;4;3;2;6;2;0;1;0;0;0;0;0;796569,7861;5822512,097;13,36715;52,47203
14025;50280;11;2;2050602;2019;6;15;6;3;0;7;0;0;0;0;1;0;1;1;802983,9193;5827645,816;13,46597;52,51452
14026;50281;11;7;7050502;2019;12;11;2;2;6;7;0;0;1;1;0;0;0;1;798354,4898;5818485,519;13,38975;52,43497
14027;50282;11;6;6030503;2019;8;8;3;3;6;2;0;0;1;1;0;0;0;0;791022,4468;5818795,346;13,28248;52,44169
14028;50283;11;7;7020202;2019;5;18;2;3;2;6;0;0;1;0;0;0;0;1;794774,3028;5823140,032;13,34135;52,47863
14029;50284;11;1;1011303;2019;10;8;3;3;5;2;0;0;0;0;0;1;0;0;799100,8886;5827683,362;13,40895;52,517
14030;50285;11;3;3020209;2019;9;9;5;3;0;1;0;1;0;0;0;0;0;0;798158,7664;5836482,58;13,40301;52,59639
14031;50287;11;10;10010308;2019;8;17;2;3;5;3;0;1;0;0;0;0;0;0;808026,3396;5827457,771;13,53986;52,51002
14032;50288;11;11;11030721;2019;5;7;2;3;5;2;0;1;1;0;0;0;0;0;804062,5683;5827550,876;13,48172;52,51307
14033;50289;11;7;7030303;2019;9;16;7;3;2;6;1;0;1;0;0;0;0;1;795329,0108;5822539,92;13,34896;52,47295
14034;50290;11;2;2010101;2019;6;11;3;3;5;3;0;1;1;0;0;0;0;0;797853,6638;5825504,451;13,38867;52,49816
14035;50291;11;2;2050802;2019;9;17;5;3;3;7;0;1;1;0;0;0;0;0;802019,5425;5826954,069;13,45117;52,50886
14036;50292;11;10;10030726;2019;12;7;6;3;3;6;2;0;1;0;0;0;0;1;808740,6636;5827422,758;13,55032;52,5093
14037;50293;11;9;9010201;2019;6;14;6;3;6;4;0;0;1;1;0;0;0;0;803090,7161;5824571,609;13,46474;52,48691
14038;50294;11;11;11030721;2019;8;12;2;3;2;6;0;0;1;0;1;0;0;0;803783,9321;5827580,287;13,47766;52,51349
14039;50295;11;1;1044201;2019;5;10;2;3;3;6;0;1;0;0;0;0;0;0;796060,0778;5831336,128;13,36752;52,55141
14040;50296;11;6;6030503;2019;11;17;5;3;2;6;2;0;1;0;0;0;0;0;789803,9824;5817996,146;13,26391;52,43518
14041;50297;11;7;7060603;2019;11;14;2;3;6;4;0;0;1;1;0;0;0;0;797377,1653;5817559,261;13,3746;52,4272
14042;50298;11;4;4041239;2019;8;13;1;3;2;6;0;0;1;0;0;0;0;0;792200,6283;5823706,742;13,30406;52,4851
14043;50299;11;7;7040403;2019;5;14;1;3;0;7;0;0;1;0;1;0;0;0;797839,1049;5820695,817;13,38416;52,45506
14044;50300;11;1;1011102;2019;10;15;4;3;4;6;0;1;0;0;0;0;1;1;796345,1834;5827359,83;13,36817;52,51561
14045;50301;11;7;7010104;2019;9;17;5;2;6;4;0;0;1;1;0;0;0;0;796007,833;5824667,387;13,36082;52,49166
14046;50303;11;3;3061429;2019;6;14;6;2;6;4;0;0;1;1;0;0;0;0;800964,9702;5830472,064;13,43886;52,54097
14047;50304;11;4;4020310;2019;8;13;1;3;2;6;0;0;1;0;0;0;0;0;790473,2444;5828433,972;13,28282;52,5284
14048;50305;11;12;12103219;2019;5;19;1;3;1;5;0;0;1;0;0;0;0;0;795705,965;5832823,522;13,36364;52,56493
14049;50306;11;5;5020629;2019;6;5;5;3;2;6;0;0;1;0;0;0;0;0;785505,7277;5826183,301;13,20786;52,51084
14050;50307;11;11;11010101;2019;9;17;5;3;0;2;0;1;1;0;0;0;0;0;803699,3878;5834826,094;13,48304;52,57848
14051;50308;11;7;7040403;2019;12;7;5;3;2;6;1;0;1;0;0;0;0;1;796862,0693;5822400,747;13,37134;52,47087
14052;50309;11;12;12103219;2019;6;7;5;3;3;6;0;1;0;0;0;1;0;0;795727,819;5832801,138;13,36394;52,56472
14053;50310;11;2;2050602;2019;8;9;7;3;2;6;0;0;1;0;0;0;0;0;802824,0646;5827662,164;13,46363;52,51476
14054;50311;11;2;2020202;2019;11;15;6;3;2;6;0;1;0;0;0;0;0;0;797883,1358;5825415,196;13,38903;52,49734
14055;50312;11;1;1033203;2019;8;17;7;3;5;2;0;0;1;0;0;0;0;0;796188,9942;5830190,814;13,3684;52,54107
14056;50313;11;7;7030303;2019;9;8;6;3;0;1;0;1;0;0;0;0;0;1;795635,8318;5823239,067;13,35409;52,47905
14057;50314;11;12;12103115;2019;5;8;1;2;5;2;0;0;1;0;0;0;0;0;795336,6393;5833744,819;13,35903;52,57339
14058;50315;11;9;9010101;2019;10;17;5;3;2;6;0;0;1;0;0;0;0;1;802594,8389;5825112,945;13,45795;52,49204
14059;50316;11;1;1011204;2019;9;19;5;3;3;6;2;0;1;0;1;0;0;0;798506,568;5826978,969;13,39958;52,51102
14060;50318;11;4;4020208;2019;6;19;5;3;5;7;1;0;1;0;0;0;0;1;788647,6441;5826078,723;13,25394;52,50825
14061;50319;11;12;12214527;2019;8;14;7;3;2;6;0;0;1;0;0;0;0;0;790687,9788;5834901,707;13,29164;52,58627
14062;50320;11;7;7020203;2019;5;16;1;3;2;6;0;1;1;0;0;0;1;0;795930,5401;5824446,477;13,35949;52,48972
14063;50321;11;7;7050506;2019;11;8;2;3;6;4;0;0;1;1;0;0;0;1;798912,6194;5817146,891;13,39674;52,42266
14064;50322;11;12;12103218;2019;6;15;7;3;5;2;0;0;1;0;0;0;0;0;794565,267;5833796,237;13,34772;52,57427
14065;50323;11;3;3061131;2019;9;9;5;3;4;6;0;1;0;0;0;0;0;0;799150,9887;5830806,274;13,4125;52,54497
14066;50324;11;2;2050803;2019;12;21;5;3;2;6;2;0;1;0;0;0;0;0;802345,4562;5826034,519;13,45512;52,50044
14067;50325;11;4;4020313;2019;8;14;7;3;2;6;0;0;1;0;1;0;0;0;790616,3017;5826143,453;13,28292;52,50779
14068;50326;11;7;7050502;2019;9;14;5;3;2;6;0;0;1;0;0;0;0;0;797650,2421;5818636,94;13,37956;52,43671
14069;50327;11;12;12214125;2019;5;15;7;3;0;1;2;0;1;0;0;0;0;0;792106,8452;5832490,731;13,3104;52,56389
14070;50328;11;7;7040401;2019;10;9;7;3;5;3;0;0;1;0;0;0;0;0;797776;5823851,908;13,38606;52,48339
14071;50329;11;4;4010101;2019;9;19;5;3;2;6;1;0;1;0;0;0;0;0;791241,3751;5829783,843;13,29529;52,54009
14072;50330;11;1;1011102;2019;8;22;7;3;6;7;2;1;0;1;0;0;0;0;796741,2572;5827439,338;13,37406;52,51611
14073;50331;11;1;1044201;2019;5;17;6;3;5;2;0;0;1;0;0;0;0;0;796198,262;5830980,257;13,36924;52,54814
14074;50332;11;4;4010101;2019;10;15;5;2;9;1;0;0;0;0;1;0;0;0;790663,8074;5829000,453;13,28612;52,53337
14075;50333;11;3;3010101;2019;6;11;6;3;8;1;0;0;1;0;0;0;0;0;803040,6663;5840272,965;13,47834;52,62767
14076;50334;11;7;7050502;2019;9;7;5;3;5;3;0;1;1;0;0;0;0;0;797842,242;5818949,306;13,38265;52,4394
14077;50335;11;6;6040703;2019;12;13;3;3;5;3;0;0;1;0;0;0;0;0;785697,0609;5816404,755;13,2023;52,42307
14078;50336;11;7;7020202;2019;6;21;5;3;6;4;1;0;1;1;0;0;0;1;795234,6765;5823510,934;13,34844;52,48171
14079;50337;11;10;10030726;2019;5;7;6;3;2;6;0;0;1;0;0;0;0;0;808826,9663;5827437,51;13,55161;52,50938
14080;50338;11;11;11030721;2019;11;15;2;3;2;6;0;0;1;0;0;0;1;0;804679,2575;5827466,751;13,49071;52,51198
14081;50339;11;9;9010101;2019;6;16;5;3;5;2;0;1;1;0;0;0;0;1;802690,1766;5825212,272;13,45944;52,49288
14082;50340;11;7;7040401;2019;11;21;7;3;1;5;2;0;1;0;0;0;0;0;797820,8737;5822905,175;13,38587;52,47487
14083;50341;11;7;7040401;2019;8;20;6;2;0;1;2;1;0;0;0;0;0;0;797793,8998;5823466,041;13,38597;52,47992
14084;50342;11;7;7030303;2019;5;2;6;2;9;1;2;0;1;0;0;0;0;0;796186,6996;5822718,695;13,36171;52,47409
14085;50343;11;3;3061131;2019;10;17;2;3;2;6;1;0;1;0;0;0;1;0;799177,5455;5831060,621;13,41311;52,54723
14086;50344;11;1;1033203;2019;9;6;5;3;5;2;0;1;1;0;0;0;0;0;796316,1864;5830076,215;13,37016;52,53997
14087;50346;11;7;7020203;2019;6;11;5;3;1;5;0;0;1;0;0;0;1;0;795933,7504;5824415,61;13,35951;52,48944
14088;50347;11;6;6040701;2019;8;19;6;2;0;1;0;1;0;0;0;0;0;0;782617,4543;5815791,127;13,15661;52,41917
14089;50348;11;9;9010101;2019;5;8;6;3;0;2;0;0;1;0;0;0;1;0;802583,6044;5825070,236;13,45774;52,49166
14090;50349;11;2;2050602;2019;6;9;2;3;5;2;0;1;1;0;0;0;0;0;802594,1864;5827701,306;13,46029;52,51524
14091;50350;11;7;7050502;2019;9;16;4;3;5;2;0;1;1;0;0;0;0;0;798181,752;5818924,81;13,38761;52,439
14092;50351;11;7;7030303;2019;12;7;3;3;2;6;0;0;1;0;0;0;0;1;795691,1645;5822605,382;13,35434;52,47334
14093;50352;11;1;1033203;2019;6;16;5;3;5;2;0;0;1;0;0;0;0;1;796324,9932;5830068,247;13,37029;52,5399
14094;50353;11;1;1044201;2019;8;20;6;3;2;6;0;0;1;0;0;0;0;0;796044,9898;5831371,579;13,36733;52,55173
14095;50354;11;6;6030605;2019;5;13;5;3;2;6;0;0;1;0;0;0;0;0;792399,7592;5819711,293;13,30348;52,44917
14096;50355;11;3;3071639;2019;11;18;3;3;3;6;2;0;1;0;1;0;0;1;800574,2207;5829844,64;13,43255;52,53557
14097;50356;11;3;3061332;2019;11;3;7;3;5;3;2;1;1;0;0;0;0;0;799297,9475;5830349,813;13,41424;52,5408
14098;50357;11;7;7030303;2019;8;20;6;3;0;1;0;0;0;0;1;0;0;0;795311,7436;5822564,488;13,34873;52,47318
14099;50358;11;7;7030303;2019;5;13;5;3;5;2;0;0;1;0;0;0;1;0;795639,552;5823234,884;13,35414;52,47902
14100;50359;11;7;7050502;2019;5;13;5;2;3;6;0;0;1;0;0;1;0;0;798085,3354;5819031,515;13,38629;52,44001
14101;50360;11;7;7070701;2019;11;17;3;2;2;6;2;0;1;0;0;0;1;0;799182,5125;5816440,864;13,40007;52,41619
14102;50361;11;6;6040703;2019;6;14;4;3;2;6;0;0;1;0;0;0;0;0;785262,8671;5816291,817;13,19584;52,42228
14103;50362;11;1;1011303;2019;12;1;1;2;0;1;2;0;0;0;0;0;1;0;799469,374;5828080,256;13,41472;52,52036
14104;50363;11;2;2020203;2019;8;23;6;3;0;7;2;1;0;0;0;0;0;0;797753,6242;5824436,376;13,38625;52,48864
14105;50364;11;6;6040703;2019;5;16;5;2;2;6;0;0;1;0;0;0;1;0;786196,6066;5816802,099;13,20997;52,42637
14106;50365;11;3;3040818;2019;10;17;3;2;5;3;0;1;1;0;0;0;0;0;800161,8722;5832359,312;13,42876;52,55833
14107;50366;11;12;12103115;2019;9;13;4;3;2;6;0;0;1;0;0;0;0;0;795451,0155;5833483,258;13,36048;52,57099
14108;50368;11;7;7050502;2019;8;12;6;3;0;7;0;0;1;0;0;0;0;0;798266,017;5818640,255;13,38859;52,4364
14109;50369;11;3;3020209;2019;5;11;5;3;0;7;0;1;0;0;0;0;0;0;798144,5544;5835933,659;13,40231;52,59148
14110;50370;11;4;4030417;2019;9;14;7;3;5;2;0;1;1;0;0;0;0;1;791294,8726;5826501,352;13,2932;52,51063
14111;50371;11;1;1033203;2019;6;7;3;3;5;2;0;1;1;0;0;0;0;0;796198,646;5830206,42;13,36855;52,54121
14112;50372;11;3;3061228;2019;9;10;3;3;6;6;0;1;0;1;0;0;0;0;800168,971;5830827,39;13,42748;52,5446
14113;50373;11;2;2020202;2019;12;18;4;3;3;6;2;0;1;0;1;0;0;0;797499,2085;5825541,468;13,3835;52,49868
14114;50374;11;4;4020310;2019;6;9;4;3;3;6;0;0;1;0;0;0;0;0;790478,5666;5828451,839;13,28291;52,52856
14115;50375;11;5;5020524;2019;8;9;6;3;6;4;0;0;1;1;0;0;0;0;783462,8478;5826655,738;13,17824;52,51614
14116;50376;11;12;12103117;2019;5;12;5;3;5;3;0;1;1;0;0;0;0;0;795811,274;5832439,708;13,36485;52,56144
14117;50377;11;1;1011204;2019;11;18;4;2;6;4;2;0;1;1;0;0;0;1;798236,0104;5826933,624;13,39557;52,51076
14118;50378;11;8;8010510;2019;11;13;7;3;2;2;0;0;1;0;0;0;0;0;802646,9424;5822050,831;13,45593;52,46456
14119;50379;11;4;4030417;2019;8;8;6;3;6;4;0;0;1;1;0;0;0;0;791397,1873;5826517,22;13,29472;52,51072
14120;50380;11;7;7030303;2019;5;12;5;3;5;2;0;0;1;0;1;0;0;0;795636,3426;5823238,493;13,35409;52,47905
14121;50381;11;2;2050602;2019;10;10;4;3;6;4;0;0;1;1;0;0;0;1;802354,5384;5827709,98;13,45678;52,51545
14122;50382;11;1;1011303;2019;9;9;3;3;6;4;0;0;1;1;0;0;0;1;799795,5565;5828617,967;13,42;52,525
14123;50384;11;1;1044201;2019;6;15;4;3;1;5;0;1;0;0;0;0;1;0;796206,9153;5830826,654;13,36923;52,54676
14124;50385;11;4;4020208;2019;8;15;6;2;5;3;0;1;1;0;0;0;0;0;788939,73;5826125,888;13,25827;52,50852
14125;50386;11;3;3050925;2019;5;10;5;3;0;1;0;1;0;0;0;0;0;0;802522,8567;5831672,899;13,46286;52,55088
14126;50387;11;12;12103218;2019;11;12;6;3;5;2;0;1;1;0;0;0;0;0;794461,1322;5834349,299;13,34668;52,57928
14127;50388;11;7;7040405;2019;6;5;5;3;2;6;0;0;1;0;0;0;0;0;798205,4461;5822270,411;13,39095;52,46897
14128;50389;11;9;9010101;2019;9;18;3;2;6;4;0;1;0;1;0;0;0;1;802615,9638;5825142,127;13,45828;52,49229
14129;50390;11;9;9010101;2019;12;12;3;3;2;6;0;0;1;0;0;1;0;0;802853,3455;5825484,367;13,46208;52,49522
14130;50391;11;11;11030721;2019;6;16;3;3;3;6;0;0;1;0;0;0;0;0;804866,0149;5827449,455;13,49343;52,51172
14131;50392;11;7;7040403;2019;8;14;6;3;2;6;0;0;1;0;0;0;0;0;797846,1;5821267,217;13,38478;52,46018
14132;50393;11;4;4020208;2019;10;16;5;3;2;6;2;0;1;0;0;0;0;0;787757,6201;5825935,15;13,24074;52,50743
14133;50394;11;3;3020209;2019;8;13;6;3;2;6;0;0;1;0;0;0;0;0;798035,0148;5834113,488;13,39906;52,57523
14134;50395;11;7;7020203;2019;9;13;6;3;0;2;0;0;1;0;0;0;1;1;795787,1541;5824110,239;13,35708;52,48678
14135;50396;11;1;1011303;2019;5;8;5;3;1;5;0;1;0;0;0;0;1;0;799013,0963;5828214,173;13,40814;52,52181
14136;50397;11;4;4041134;2019;10;22;4;3;3;6;2;0;1;0;0;0;1;1;790977,9056;5824665,896;13,28694;52,49435
14137;50398;11;2;2050602;2019;9;14;3;3;6;4;0;0;1;1;0;0;0;1;802661,0383;5827678,74;13,46125;52,515
14138;50400;11;7;7040403;2019;6;10;3;3;6;7;0;0;0;1;0;0;1;0;797836,8693;5821305,696;13,38468;52,46053
14139;50401;11;2;2020202;2019;8;17;5;3;5;2;0;1;1;0;0;0;0;0;797898,3103;5825432,668;13,38926;52,49749
14140;50402;11;2;2050602;2019;5;22;4;3;0;6;2;1;0;1;0;0;0;0;802045,0249;5828039,686;13,45253;52,51858
14141;50403;11;6;6030503;2019;11;17;7;3;6;2;2;0;1;1;0;0;0;0;791054,1063;5818813,331;13,28296;52,44184
14142;50404;11;3;3020209;2019;6;19;7;2;5;3;0;0;1;0;1;0;0;0;798165,7503;5836122,447;13,40279;52,59316
14143;50405;11;3;3071633;2019;12;8;4;3;0;4;0;0;0;1;0;0;1;0;800013,2022;5830341,627;13,42475;52,54033
14144;50406;11;3;3061126;2019;8;17;5;3;5;2;0;1;0;0;0;0;1;0;799216,4496;5832076,54;13,4146;52,55632
14145;50407;11;3;3040818;2019;5;18;4;2;5;3;0;1;1;0;0;0;0;0;800040,4483;5832914,222;13,42748;52,56337
14146;50408;11;1;1011303;2019;10;13;7;3;3;6;0;1;0;0;0;0;0;0;799727,6727;5828567,224;13,41895;52,52458
14147;50409;11;11;11030721;2019;9;14;3;3;5;3;0;1;1;0;0;0;0;1;804068,2978;5827550,295;13,48181;52,51307
14148;50410;11;3;3020203;2019;8;16;5;3;5;2;0;1;1;0;0;0;0;0;796447,267;5840400,385;13,38133;52,63245
14149;50411;11;4;4030417;2019;5;17;4;3;2;7;0;1;1;0;0;0;0;0;791790,4806;5826582,608;13,30056;52,5111
14150;50412;11;4;4041137;2019;10;10;4;3;2;6;0;0;1;0;0;0;0;1;791395,6192;5824511,645;13,29294;52,49274
14151;50413;11;4;4020310;2019;6;7;5;3;3;6;0;0;1;0;0;1;0;1;790456,508;5828429,423;13,28257;52,52837
14152;50414;11;4;4041239;2019;9;9;3;3;2;6;0;0;1;0;0;0;0;0;791999,872;5823923,308;13,3013;52,48715
14153;50415;11;6;6030501;2019;12;8;6;3;5;3;0;1;1;0;0;0;0;0;788208,388;5817684,025;13,24023;52,43322
14154;50416;11;2;2050602;2019;6;15;3;3;5;2;0;1;1;0;0;0;0;0;802144,468;5827754,513;13,45373;52,51596
14155;50417;11;1;1011303;2019;5;5;4;3;0;1;1;0;1;0;0;0;1;1;798685,3383;5827893,499;13,40303;52,51912
14156;50418;11;1;1011202;2019;11;10;1;3;0;6;0;1;0;0;0;0;1;0;798289,2418;5827697,44;13,39704;52,51758
14157;50419;11;4;4020209;2019;6;16;3;3;2;6;0;0;1;0;0;0;0;0;788960,5002;5826129,464;13,25858;52,50854
14158;50420;11;12;12302212;2019;11;19;5;3;5;3;2;0;1;0;0;0;1;1;792782,7115;5837343,271;13,32463;52,60703
14159;50421;11;12;12214125;2019;8;15;5;3;2;6;0;0;1;0;0;0;0;0;792172,5691;5832086,587;13,31101;52,56023
14160;50422;11;4;4020311;2019;5;15;4;3;2;6;0;0;1;0;0;0;0;0;789164,2116;5826160,009;13,2616;52,50871
14161;50423;11;1;1044203;2019;10;20;1;3;2;6;2;0;1;0;0;0;0;0;796030,741;5831374,83;13,36712;52,55177
14162;50424;11;11;11030721;2019;9;7;3;3;5;2;0;1;1;0;1;0;0;0;804904,3765;5827465,101;13,49401;52,51184
14163;50426;11;2;2040503;2019;6;8;3;2;3;6;0;1;0;0;0;0;0;0;801872,0535;5827776,15;13,44975;52,51631
14164;50427;11;3;3050923;2019;8;15;5;3;2;6;0;0;1;0;1;0;0;0;800269,3317;5831879,704;13,42991;52,55398
14165;50428;11;7;7040401;2019;5;15;4;3;3;6;0;0;1;0;1;0;0;0;797760,121;5823856,895;13,38583;52,48344
14166;50429;11;4;4030622;2019;6;18;1;3;6;2;0;0;1;1;0;0;0;0;792092,3965;5826654,735;13,30506;52,51158
14167;50430;11;4;4030417;2019;9;15;3;3;6;4;0;0;1;1;0;0;0;1;791667,2657;5826561,829;13,29873;52,51098
14168;50431;11;7;7050502;2019;12;17;2;3;5;2;2;0;1;0;0;0;0;1;797474,4017;5817965,558;13,37638;52,43078
14169;50432;11;7;7070701;2019;6;9;3;2;1;5;0;0;1;0;0;0;0;0;799154,8331;5816563,445;13,39977;52,4173
14170;50433;11;1;1011105;2019;8;15;5;3;5;2;0;1;1;0;0;0;0;0;796420,8654;5826329,938;13,36836;52,50634
14171;50434;11;1;1011105;2019;4;18;3;3;2;6;0;0;1;0;0;0;0;0;796763,643;5826668,491;13,3737;52,50918
14172;50435;11;1;1011204;2019;11;15;2;3;0;6;0;1;0;0;0;1;1;1;797750,0895;5826848,821;13,38835;52,51026
14173;50436;11;7;7010104;2019;8;11;5;3;3;6;0;0;1;0;1;0;0;0;796011,5686;5825166,15;13,36132;52,49613
14174;50437;11;9;9010202;2019;4;13;3;3;5;3;0;1;1;0;0;0;0;0;804104,6469;5824365,095;13,47943;52,4845
14175;50438;11;6;6040703;2019;10;3;2;3;0;7;2;0;1;0;0;0;0;0;787036,8903;5820675,025;13,22562;52,46065