;OBJECTID;LAND;BEZ;LOR;UJAHR;UMONAT;USTUNDE;UWOCHENTAG;UKATEGORIE;UART;UTYP1;ULICHTVERH;IstRad;IstPKW;IstFuss;IstKrad;IstGkfz;IstSonstige;USTRZUSTAND;LINREFX;LINREFY;XGCSWGS84;YGCSWGS84
14176;50439;11;12;12304314;2019;9;8;2;3;2;6;0;0;1;0;0;0;0;0;790110,385;5836039,91;13,28414;52,59678
14177;50441;11;2;2050602;2019;6;8;3;3;5;2;0;1;0;0;0;0;1;0;802124,7546;5828063,409;13,45372;52,51874
14178;50442;11;4;4020310;2019;8;10;5;3;2;6;0;0;1;0;0;0;0;0;790498,7548;5827507,075;13,28238;52,52007
14179;50443;11;4;4010102;2019;4;7;3;3;2;6;0;0;1;0;0;0;0;0;792846,9745;5829535,083;13,31868;52,537
14180;50444;11;2;2050602;2019;11;15;4;3;5;2;1;1;1;0;0;0;1;1;802581,6369;5827686,702;13,46009;52,51511
14181;50445;11;11;11030721;2019;6;15;4;2;5;2;0;1;0;0;0;1;0;0;803742,834;5827568,253;13,47704;52,51341
14182;50446;11;12;12103219;2019;9;21;2;2;6;4;2;0;1;1;0;0;0;0;795759,1873;5832650,13;13,36427;52,56335
14183;50447;11;7;7020202;2019;12;8;2;3;2;6;0;0;1;0;0;1;1;0;794782,4018;5823140,125;13,34147;52,47863
14184;50448;11;12;12103115;2019;8;8;5;3;5;2;0;0;1;0;1;0;0;0;795410,8555;5833589,954;13,35998;52,57196
14185;50449;11;6;6030605;2019;10;12;4;3;2;6;0;0;1;0;0;0;0;0;792751,0243;5819955,205;13,30885;52,45117
14186;50450;11;11;11030721;2019;9;20;2;2;0;1;2;0;0;0;1;0;0;0;803721,1963;5827570,169;13,47673;52,51344
14187;50451;11;2;2050602;2019;8;7;5;3;5;3;0;1;1;0;0;0;0;0;802972,4485;5827662,85;13,46581;52,51468
14188;50452;11;2;2020203;2019;4;7;3;3;0;2;0;1;1;0;0;0;0;0;797759,2269;5824125,584;13,38605;52,48585
14189;50453;11;6;6030605;2019;10;13;3;3;2;6;0;0;1;0;0;1;0;1;791071,6917;5818846,719;13,28324;52,44213
14190;50454;11;3;2040501;2019;9;16;2;3;3;6;0;1;1;0;0;0;0;0;799983,857;5828905,997;13,42302;52,52748
14191;50456;11;12;12103218;2019;6;19;3;3;5;3;1;0;1;0;0;0;0;0;794478,1859;5834318,183;13,3469;52,579
14192;50457;11;3;3061332;2019;8;19;4;2;6;4;0;1;0;1;0;0;0;0;799950,3511;5830206,136;13,42371;52,53915
14193;50458;11;3;3061435;2019;4;17;3;3;5;2;0;1;1;0;0;0;0;0;801518,4407;5829102,62;13,44576;52,52839
14194;50459;11;10;10010204;2019;11;5;6;2;5;3;2;0;1;0;0;0;0;0;808897,3951;5833398,142;13,55818;52,56276
14195;50460;11;4;4041134;2019;10;11;3;2;0;1;0;0;0;0;1;0;0;0;791014,3052;5824659,463;13,28747;52,49427
14196;50461;11;7;7070701;2019;9;16;2;2;5;3;0;0;1;0;1;0;0;1;799678,1367;5815247,722;13,40627;52,40522
14197;50463;11;4;4020208;2019;6;7;2;3;2;6;0;0;1;0;0;0;0;0;788346,0774;5826030,168;13,24947;52,50798
14198;50464;11;7;7070701;2019;8;14;4;3;2;6;0;0;1;0;0;0;0;1;799229,4992;5816329,158;13,40066;52,41516
14199;50465;11;5;5020628;2019;4;19;3;3;2;7;0;1;1;0;0;0;0;0;784035,3235;5826575,963;13,18659;52,51513
14200;50466;11;2;2050602;2019;11;17;4;3;6;4;2;0;1;1;0;0;0;1;802685,7532;5827676,261;13,46161;52,51496
14201;50467;11;1;1022202;2019;6;9;5;3;2;1;0;0;1;0;0;0;0;0;796317,1383;5828827,802;13,36906;52,52878
14202;50468;11;4;4020313;2019;9;10;2;3;5;2;0;1;0;0;0;1;0;0;790514,0274;5826374,665;13,28162;52,50991
14203;50469;11;7;7020203;2019;12;18;2;3;5;3;2;1;1;0;0;0;0;1;795794,936;5824126,932;13,35721;52,48693
14204;50470;11;1;1011202;2019;8;9;4;3;3;2;0;0;1;0;1;0;0;0;796917,3784;5827467,61;13,37667;52,51626
14205;50471;11;10;10010207;2019;10;19;4;3;2;7;2;0;1;0;0;0;0;0;807965,934;5831210,966;13,54245;52,54369
14206;50472;11;8;8020619;2019;8;6;4;3;3;6;1;0;1;0;1;0;0;0;802276,3871;5821961,769;13,45041;52,46397
14207;50473;11;3;3061332;2019;9;18;6;3;2;6;0;0;1;0;0;0;0;1;799933,929;5830209,502;13,42347;52,53919
14208;50474;11;7;7030303;2019;4;20;2;3;3;6;1;0;1;0;0;0;0;0;795337,846;5822754,61;13,34928;52,47487
14209;50475;11;11;11030721;2019;10;17;3;3;3;6;1;0;1;0;0;1;0;1;804316,1011;5827510,343;13,48541;52,51257
14210;50476;11;4;4010101;2019;9;13;2;3;8;1;0;0;1;0;0;0;0;0;790973,9418;5828992,753;13,29067;52,53314
14211;50478;11;1;1011104;2019;6;21;2;3;0;1;2;1;0;0;0;0;0;0;796247,0997;5825925,559;13,36545;52,50281
14212;50479;11;1;1011105;2019;8;15;4;3;5;2;0;1;1;0;0;0;0;0;796420,2339;5826327,806;13,36835;52,50632
14213;50480;11;3;3050923;2019;4;18;2;3;6;4;0;1;0;1;0;0;0;0;800301,2907;5831678,598;13,4302;52,55216
14214;50481;11;2;2050602;2019;11;1;7;3;5;3;2;0;1;0;0;0;0;0;802148,9601;5827734,648;13,45378;52,51578
14215;50482;11;5;5020524;2019;6;19;2;3;2;6;0;0;1;0;0;0;0;0;782197,9865;5824998,343;13,15825;52,50194
14216;50483;11;1;1011102;2019;9;9;2;2;5;2;0;1;1;0;0;0;0;1;796450,2777;5827390,273;13,36974;52,51582
14217;50484;11;4;4010102;2019;12;15;4;3;2;6;0;0;1;0;0;0;0;0;793456,2688;5829747,198;13,32783;52,53857
14218;50485;11;7;7040401;2019;8;12;3;3;2;6;0;0;1;0;0;0;1;0;797827,0869;5822414,179;13,38552;52,47047
14219;50486;11;3;3061332;2019;4;9;2;3;0;2;0;0;1;0;0;0;1;1;799975,0225;5830201,053;13,42406;52,53909
14220;50487;11;7;7040402;2019;10;19;6;3;2;6;2;0;1;0;0;0;0;0;796472,6164;5822575,939;13,36578;52,47266
14221;50488;11;10;10010309;2019;9;11;1;3;3;6;0;1;1;0;0;0;0;0;807653,7135;5829957,125;13,5367;52,53263
14222;50489;11;2;2040701;2019;8;9;3;3;3;2;0;0;0;0;1;1;0;0;800456,0741;5827947,485;13,4291;52,51863
14223;50490;11;1;1011303;2019;4;11;2;3;5;3;0;1;0;0;0;1;0;1;799123,2126;5827663,403;13,40926;52,51681
14224;50491;11;7;7030303;2019;10;13;3;3;5;7;0;0;1;0;0;0;0;1;795679,7813;5823173,24;13,35467;52,47844
14225;50492;11;2;2050602;2019;6;17;4;2;3;6;0;1;0;0;0;0;0;0;803373,2976;5827605,844;13,47165;52,51395
14226;50493;11;4;4020209;2019;9;16;1;3;2;6;0;0;1;0;0;0;0;0;789745,0425;5824735,361;13,26889;52,49563
14227;50494;11;1;1033203;2019;12;22;4;3;6;4;2;0;1;1;0;0;0;0;796342,4704;5830079,197;13,37055;52,53999
14228;50495;11;3;3061429;2019;6;23;2;3;5;3;2;1;1;0;0;0;0;1;800953,0387;5830502,712;13,43871;52,54126
14229;50496;11;8;8020619;2019;4;11;2;3;3;6;0;0;1;0;0;0;1;1;802157,563;5821904,716;13,44862;52,46353
14230;50497;11;2;2020202;2019;11;15;7;3;3;6;0;0;1;0;1;0;0;1;797901,634;5825143,822;13,38905;52,4949
14231;50498;11;2;2050602;2019;6;13;2;2;6;4;0;1;0;1;0;0;0;0;802842,211;5827675,87;13,46391;52,51487
14232;50499;11;1;1011102;2019;11;18;4;3;5;3;2;1;0;0;1;0;0;1;795800,8619;5827269,446;13,36009;52,51509
14233;50500;11;7;7060601;2019;8;7;3;3;5;3;0;1;1;0;0;0;0;0;796913,2353;5816488,094;13,36684;52,41785
14234;50501;11;12;12103218;2019;4;22;7;2;5;2;2;0;1;0;1;0;0;0;794559,293;5833808,298;13,34765;52,57438
14235;50502;11;3;3061126;2019;10;18;7;2;5;2;2;0;1;0;1;0;0;0;799196,5186;5831441,779;13,41374;52,55064
14236;50503;11;7;7040401;2019;9;14;1;3;3;6;0;0;1;0;0;0;0;0;797794,4614;5823140,095;13,38569;52,47699
14237;50505;11;12;12103115;2019;6;16;2;3;1;5;0;1;1;0;0;0;1;0;795372,3246;5833713,012;13,35952;52,57309
14238;50506;11;3;3061429;2019;8;15;3;3;5;3;0;1;1;0;0;0;0;0;801175,0255;5830811,222;13,44226;52,5439
14239;50507;11;7;7070701;2019;4;17;7;3;2;6;0;0;1;0;0;0;0;0;799461,4034;5815770,561;13,40356;52,41003
14240;50508;11;3;3061131;2019;6;15;7;3;0;1;0;1;0;0;0;0;0;0;799197,8984;5831042,543;13,4134;52,54706
14241;50509;11;1;1011304;2019;9;23;1;3;6;4;2;0;1;1;0;0;0;1;800020,007;5828096,834;13,42283;52,52021
14242;50510;11;4;4010101;2019;12;12;1;2;2;6;0;0;1;0;0;0;0;1;790876,6417;5828953,21;13,2892;52,53284
14243;50511;11;4;4020311;2019;6;9;2;2;5;3;0;1;0;0;0;1;0;0;789801,7343;5826261,233;13,27105;52,50928
14244;50512;11;4;4020313;2019;8;15;3;3;5;2;0;0;1;0;0;0;0;0;790523,7956;5826394,917;13,28178;52,51009
14245;50513;11;4;4030622;2019;11;10;2;3;6;7;0;0;1;1;0;0;0;1;792073,0963;5826651,419;13,30477;52,51156
14246;50514;11;11;11030721;2019;8;15;3;3;5;2;0;1;0;0;0;1;0;0;803737,2933;5827585,098;13,47698;52,51356
14247;50515;11;3;3040818;2019;4;11;6;3;5;3;0;1;1;0;0;0;0;0;799131,138;5832326,271;13,41357;52,5586
14248;50516;11;10;10010204;2019;10;11;1;2;5;3;0;0;1;0;0;0;1;0;808903,9273;5833413,708;13,55829;52,56289
14249;50517;11;4;4020310;2019;9;14;7;3;2;6;0;0;1;0;0;0;0;0;790401,1975;5827910,807;13,2813;52,52375
14250;50519;11;2;2050601;2019;6;8;2;3;5;2;0;1;0;0;0;1;0;0;801641,132;5828895,333;13,44737;52,52647
14251;50520;11;7;7040401;2019;8;15;2;3;0;7;0;1;0;0;0;0;0;0;797777,7283;5823819,948;13,38605;52,4831
14252;50521;11;4;4020311;2019;4;19;6;2;6;4;0;1;0;1;0;0;0;0;789859,7965;5826230,244;13,27188;52,50897
14253;50522;11;2;2050602;2019;11;10;3;3;5;2;0;1;1;0;0;0;0;0;802592,0568;5827701,53;13,46026;52,51524
14254;50523;11;1;1011202;2019;6;18;3;3;0;6;0;1;0;0;0;0;1;0;797244,8936;5827533,792;13,38154;52,51668
14255;50524;11;3;3071639;2019;9;12;7;3;2;6;0;0;1;0;0;0;1;0;800442,5103;5829678,583;13,43046;52,53415
14256;50525;11;2;2010101;2019;12;1;7;3;2;6;2;0;1;0;0;0;0;1;797087,661;5825778,259;13,37767;52,50103
14257;50526;11;7;7020203;2019;8;19;2;3;0;6;0;0;1;0;1;0;0;0;795661,398;5823954,139;13,3551;52,48545
14258;50527;11;2;2020202;2019;10;10;3;3;2;2;0;1;0;0;0;0;1;0;797899,2026;5825428,51;13,38927;52,49745
14259;50528;11;4;4020310;2019;9;12;7;2;2;6;0;0;1;0;0;0;0;0;790485,5766;5828472,748;13,28303;52,52874
14260;50529;11;1;1033203;2019;8;15;2;3;5;2;0;1;1;0;0;0;0;0;796285,7975;5830277,485;13,3699;52,5418
14261;50530;11;2;2020202;2019;4;20;6;3;3;6;1;0;1;0;0;0;0;0;797899,9775;5825342,688;13,38921;52,49668
14262;50531;11;4;4041133;2019;10;12;2;3;2;6;0;0;1;0;0;0;1;0;790547,7734;5825192,117;13,28108;52,49929
14263;50532;11;3;3071639;2019;6;22;1;3;0;7;2;1;0;0;0;0;0;0;800118,0762;5829112,295;13,42518;52,52925
14264;50533;11;3;3061332;2019;9;20;7;3;0;6;1;0;1;0;1;0;0;0;799415,9909;5830332,064;13,41596;52,54057
14265;50535;11;10;10040933;2019;6;13;2;3;5;3;0;1;1;0;0;0;0;0;813337,299;5827199,225;13,61762;52,50467
14266;50536;11;6;6040701;2019;4;12;6;3;0;5;0;1;1;0;0;0;0;0;782904,5061;5815862,169;13,16088;52,41965
14267;50537;11;4;4020310;2019;11;13;5;2;2;6;0;0;1;0;0;0;0;0;790480,2361;5828457,219;13,28294;52,5286
14268;50538;11;9;9010101;2019;6;12;1;3;5;2;0;1;1;0;0;0;0;0;802585,0186;5825068,876;13,45776;52,49165
14269;50539;11;4;4010101;2019;12;15;2;3;2;6;1;0;1;0;0;1;0;1;791273,3298;5829906,321;13,29587;52,54117
14270;50540;11;10;10010204;2019;8;12;2;3;5;3;0;0;1;0;0;0;0;0;808905,8771;5833417,549;13,55832;52,56293
14271;50541;11;1;1011102;2019;4;10;5;2;5;2;0;1;0;0;1;0;0;0;796554,3067;5827804,02;13,37164;52,51948
14272;50542;11;7;6010209;2019;10;14;4;2;0;6;0;0;1;0;0;0;0;0;794458,0398;5821624,732;13,33537;52,46522
14273;50543;11;10;10030726;2019;9;12;7;3;2;6;0;0;1;0;0;0;0;0;809293,6486;5827391,843;13,55842;52,50871
14274;50545;11;7;7050502;2019;8;12;2;3;3;6;0;0;1;0;0;1;0;0;797680,6525;5818714,409;13,38007;52,43739
14275;50546;11;4;4051551;2019;4;18;5;3;3;6;0;0;1;0;0;1;0;0;792570,1623;5823390,039;13,30921;52,48206
14276;50547;11;1;1011303;2019;9;4;1;3;5;3;2;0;1;0;0;0;1;1;799788,8134;5828607,126;13,41989;52,52491
14277;50548;11;1;1011202;2019;6;9;4;3;3;2;0;0;1;0;1;1;0;0;796920,2823;5827454,628;13,3767;52,51615
14278;50549;11;7;7040401;2019;9;0;7;3;0;7;2;0;0;0;0;0;1;0;797783,7923;5823705,15;13,38604;52,48207
14279;50550;11;3;3040614;2019;12;9;6;3;1;5;0;0;1;0;0;1;0;0;798635,602;5832999,652;13,40689;52,56491
14280;50551;11;6;6040701;2019;6;15;1;3;1;5;0;1;1;0;0;0;0;0;783371,1207;5815994,474;13,16784;52,4206
14281;50552;11;1;1011303;2019;8;11;1;3;1;5;0;1;1;0;0;0;0;0;798712,7876;5827925,912;13,40346;52,51939
14282;50553;11;3;3050925;2019;4;17;5;3;1;5;0;1;1;0;0;0;0;0;802044,4813;5831477,616;13,45565;52,54939
14283;50554;11;1;1011303;2019;11;23;6;3;5;7;2;0;1;0;0;0;1;1;798698,5888;5827909,145;13,40324;52,51925
14284;50555;11;3;3040818;2019;9;19;7;3;5;3;1;1;1;0;0;0;0;0;798705,807;5832902,57;13,40784;52,564
14285;50556;11;7;7060601;2019;11;12;3;3;2;2;0;0;1;0;0;0;0;0;796608,831;5815997,411;13,36194;52,41361
14286;50557;11;1;1044201;2019;8;15;7;3;5;2;0;0;1;0;0;0;0;0;796048,448;5831363,313;13,36737;52,55166
14287;50558;11;1;1011105;2019;4;17;5;3;5;2;0;0;1;0;1;0;0;0;796467,9448;5826422,729;13,36914;52,50714
14288;50559;11;11;11040926;2019;10;7;5;3;0;7;1;1;1;0;0;0;0;1;806431,8442;5827357,94;13,51635;52,51002
14289;50560;11;4;4030622;2019;9;16;7;3;5;2;0;0;1;0;0;0;1;0;792272,0671;5826684,843;13,30772;52,51176
14290;50562;11;4;4030623;2019;6;15;1;2;3;6;0;0;1;0;1;0;0;0;793312,1777;5826833,58;13,32314;52,51253
14291;50563;11;4;4030417;2019;6;14;1;3;3;6;0;1;0;0;0;0;0;0;791640,7005;5826578,761;13,29835;52,51114
14292;50564;11;7;7030303;2019;12;20;3;3;2;6;2;0;1;0;0;0;0;1;795753,515;5823099,571;13,35569;52,47774
14293;50565;11;3;3071639;2019;8;21;7;3;0;7;1;0;0;0;1;0;0;1;800067,3788;5829071,591;13,4244;52,52892
14294;50566;11;2;2020202;2019;4;15;5;3;5;2;0;1;1;0;0;0;0;0;797898,7256;5825430,732;13,38927;52,49747
14295;50567;11;7;7070701;2019;10;17;5;2;6;7;0;0;1;1;0;0;0;0;799212,3491;5816424,978;13,40049;52,41603
14296;50568;11;4;4030417;2019;9;15;7;3;6;4;0;1;0;1;0;0;0;0;791841,9591;5826612,732;13,30134;52,51134
14297;50570;11;2;2040703;2019;8;3;7;2;0;4;2;0;0;1;1;0;0;1;801878,72;5826540,934;13,44873;52,50523
14298;50571;11;4;4030622;2019;4;16;5;2;5;2;0;1;1;0;0;0;0;0;792738,8413;5826741,842;13,31463;52,51202
14299;50572;11;2;2050802;2019;9;18;2;3;3;6;1;1;0;0;0;0;0;0;802027,6343;5826990,444;13,45132;52,50918
14300;50573;11;1;1011105;2019;6;9;4;3;5;3;0;1;1;0;0;0;0;0;796775,2185;5826670,717;13,37387;52,5092
14301;50574;11;6;6030503;2019;9;16;6;3;0;2;0;1;1;0;0;0;0;0;789579,521;5817961,039;13,26058;52,43498
14302;50575;11;3;3040818;2019;12;12;7;3;3;6;0;0;0;0;0;1;1;0;800060,309;5833694,437;13,42848;52,57036
14303;50576;11;6;6030503;2019;6;0;1;3;1;1;2;0;1;0;0;0;0;0;789733,66;5817963,408;13,26285;52,43492
14304;50577;11;3;3061131;2019;4;15;5;3;6;4;0;1;0;1;0;0;0;0;799182,6296;5830889,965;13,41304;52,5457
14305;50578;11;2;2050602;2019;11;23;6;3;5;2;2;1;1;0;0;0;0;1;802149,0888;5827727,21;13,45377;52,51572
14306;50579;11;3;3071639;2019;11;17;3;3;2;6;2;0;1;0;0;0;0;0;800556,1758;5829815,705;13,43226;52,53532
14307;50580;11;7;7030303;2019;8;15;6;3;5;2;0;0;1;0;0;0;0;0;795642,1488;5823232,062;13,35417;52,47899
14308;50581;11;10;10010207;2019;4;9;5;3;6;4;0;0;1;1;0;0;0;0;808298,3701;5832010,787;13,54808;52,55067
14309;50582;11;1;1011202;2019;10;16;5;3;4;7;0;1;0;0;0;0;1;0;798193,3008;5827681,868;13,39561;52,51749
14310;50583;11;4;4030417;2019;9;14;6;3;5;3;0;0;1;0;0;0;0;0;791746,93;5826596,722;13,29993;52,51125
14311;50585;11;3;3071633;2019;6;12;1;2;5;7;0;0;1;0;0;0;1;0;800153,3111;5830148,17;13,42664;52,53852
14312;50586;11;11;11030721;2019;8;18;5;3;6;4;0;0;1;1;0;0;0;0;803774,2595;5827581,225;13,47752;52,51351
14313;50587;11;2;2010101;2019;4;14;4;3;0;2;0;0;1;1;0;0;0;0;797851,7122;5825505,102;13,38864;52,49816
14314;50588;11;4;4030623;2019;6;12;6;3;6;7;0;0;1;1;0;0;0;0;792975,4296;5826782,07;13,31814;52,51225
14315;50589;11;5;5020629;2019;9;14;6;3;2;6;0;0;1;0;0;0;1;0;785172,6282;5826271,773;13,20304;52,51181
14316;50590;11;11;11030721;2019;12;21;7;3;2;6;2;0;1;0;0;0;0;1;804467,5028;5827509,632;13,48764;52,51248
14317;50591;11;7;7020203;2019;6;19;7;3;1;5;0;1;0;0;0;0;1;0;795820,2005;5824178,934;13,35763;52,48738
14318;50592;11;7;7040403;2019;8;17;5;3;0;6;0;0;1;0;0;0;1;0;797849,4279;5821462,688;13,385;52,46193
14319;50593;11;2;2050601;2019;4;18;4;3;5;3;0;1;1;0;0;0;0;0;801666,9174;5828906,274;13,44776;52,52655
14320;50594;11;4;4030622;2019;11;13;1;3;2;6;0;0;1;0;0;0;1;1;792324,2852;5826672,146;13,30848;52,51161
14321;50595;11;2;2040703;2019;8;15;5;3;0;6;0;1;0;1;0;0;0;0;801801,3369;5826330,985;13,4474;52,5034
14322;50596;11;6;6040703;2019;4;18;4;3;5;3;0;1;1;0;0;0;0;0;785697,0089;5816404,718;13,2023;52,42307
14323;50597;11;4;4041134;2019;10;11;6;3;2;6;0;0;1;0;0;0;1;0;790747,295;5824897,191;13,28376;52,49654
14324;50598;11;12;12231101;2019;9;8;6;3;5;3;0;1;1;0;0;0;0;0;791926,8619;5838837,031;13,31334;52,62088
14325;50600;11;7;7040401;2019;6;13;7;3;2;6;0;0;1;0;0;0;0;0;797825,78;5822442,527;13,38553;52,47072
14326;50601;11;1;1011105;2019;8;15;5;3;5;3;0;1;1;0;0;0;0;0;796446,5528;5826426,696;13,36883;52,50719
14327;50602;11;3;3010104;2019;4;17;4;3;2;6;0;0;1;0;0;0;0;0;801131,045;5838302,429;13,44841;52,61107
14328;50603;11;10;10010309;2019;11;15;2;3;1;5;1;0;1;0;1;0;0;1;807653,7665;5829953,426;13,5367;52,53259
14329;50604;11;7;7040401;2019;6;20;3;3;1;5;0;1;1;0;0;0;0;0;797807,1694;5822854,121;13,38562;52,47442
14330;50605;11;11;11041027;2019;9;16;6;3;3;6;0;0;1;0;1;0;0;0;807467,6172;5827460,198;13,53166;52,51035
14331;50606;11;12;12103219;2019;12;19;6;3;6;2;2;0;1;1;0;0;0;1;795752,2448;5832687,777;13,3642;52,56369
14332;50607;11;1;1033203;2019;8;8;5;3;2;2;0;0;1;0;0;0;0;0;796285,4956;5830276,614;13,36989;52,54179
14333;50608;11;7;7040403;2019;4;14;4;3;6;4;0;0;1;1;0;0;0;0;797827,0007;5820682,442;13,38397;52,45495
14334;50609;11;2;2050602;2019;10;17;2;3;6;4;2;0;1;1;0;0;0;1;803598,7267;5827581,365;13,47494;52,51361
14335;50610;11;7;7040406;2019;9;6;5;3;3;6;2;0;1;0;0;1;0;0;799682,6697;5821465,106;13,41191;52,46095
14336;50611;11;7;7050502;2019;8;10;5;3;5;3;0;1;1;0;0;0;0;0;797543,6043;5818275,463;13,37767;52,43352
14337;50612;11;10;10010102;2019;4;15;4;2;6;4;0;0;1;1;0;0;0;0;809443,4525;5834521,92;13,56726;52,57252
14338;50613;11;6;6030605;2019;10;18;7;3;2;6;1;0;1;0;0;0;0;0;792496,1554;5819782,535;13,30496;52,44976
14339;50614;11;7;7040405;2019;6;23;7;3;3;6;2;0;1;0;0;0;0;0;798700,9526;5821988,786;13,39797;52,46618
14340;50615;11;7;7020202;2019;9;16;5;3;2;6;0;0;1;0;0;0;0;0;795229,6658;5823514,1;13,34837;52,48174
14341;50617;11;1;1022202;2019;6;21;7;3;2;6;1;0;1;0;0;0;0;0;795906,0111;5829519,774;13,36364;52,53521
14342;50618;11;6;6040701;2019;4;9;4;3;5;2;0;0;1;0;0;0;0;0;783888,8671;5815954,176;13,1754;52,41997
14343;50619;11;1;1022202;2019;11;7;4;3;2;6;0;0;1;0;0;0;0;0;796333,0107;5828828,596;13,3693;52,52878
14344;50620;11;12;12214125;2019;6;12;7;3;0;7;0;0;1;0;0;0;0;0;791805,9238;5831252,111;13,30488;52,55295
14345;50621;11;4;4020310;2019;12;18;1;3;3;6;2;0;1;0;0;1;0;0;790451,5717;5828412,615;13,28248;52,52822
14346;50622;11;2;2040701;2019;8;7;5;3;1;6;0;0;1;0;0;0;0;0;800349,294;5827946,554;13,42753;52,51868
14347;50623;11;2;2050602;2019;4;8;4;2;0;2;0;1;1;0;0;0;0;0;802638,1833;5827696,658;13,46093;52,51517
14348;50624;11;7;7030303;2019;10;8;3;3;2;6;0;0;1;0;1;0;0;0;795196,7046;5822909,055;13,34735;52,47633
14349;50625;11;1;1011303;2019;9;15;5;3;3;6;0;0;1;0;0;0;0;0;799323,9245;5827946,396;13,41246;52,51924
14350;50627;11;2;2040502;2019;7;11;4;2;0;7;0;1;0;0;0;0;0;0;801101,1608;5827854,875;13,43849;52,51744
14351;50628;11;7;7030303;2019;4;11;3;2;2;6;0;0;1;0;0;1;0;0;795522,1803;5822676,783;13,35192;52,47408
14352;50629;11;4;4051551;2019;9;14;7;3;2;6;0;0;1;0;0;0;0;1;792927,278;5823108,478;13,31421;52,47934
14353;50630;11;3;3050925;2019;6;9;3;3;3;6;0;1;0;0;0;0;1;0;801625,28;5831258,453;13,44928;52,54766
14354;50631;11;6;6030605;2019;9;13;5;2;0;7;0;1;0;0;0;0;0;0;791258,3711;5818953,72;13,28608;52,44299
14355;50632;11;9;9010301;2019;12;14;6;3;3;6;0;0;1;0;0;0;1;1;804585,2809;5823115,895;13,48535;52,47303
14356;50633;11;1;1011204;2019;6;1;7;3;2;6;2;0;1;0;0;0;0;0;798817,9365;5827216,851;13,40437;52,51298
14357;50634;11;1;1011105;2019;7;22;4;3;5;2;2;1;1;0;0;0;0;1;796420,2339;5826327,806;13,36835;52,50632
14358;50635;11;4;4041239;2019;4;10;3;3;2;6;0;0;1;0;0;0;0;0;792237,8672;5823643,684;13,30455;52,48451
14359;50636;11;11;11030721;2019;11;7;4;2;5;2;0;1;1;0;0;0;0;1;804910,9235;5827464,538;13,49411;52,51183
14360;50637;11;5;5020524;2019;11;14;1;3;5;3;0;0;1;0;1;0;0;0;783586,0991;5826696,289;13,18009;52,51644
14361;50638;11;2;2050602;2019;7;14;4;3;0;6;0;1;0;0;0;0;0;0;803298,6276;5827613,424;13,47056;52,51406
14362;50639;11;3;2040501;2019;4;5;3;2;6;7;0;0;1;0;0;0;1;0;799924,4786;5828818,274;13,42207;52,52673
14363;50640;11;2;2050602;2019;10;10;4;3;6;7;0;0;0;1;0;0;1;1;803535,8601;5827604,205;13,47404;52,51385
14364;50641;11;2;2040503;2019;9;9;5;3;3;6;0;1;0;0;0;0;0;0;801423,4153;5827821,687;13,4432;52,51697
14365;50643;11;7;7050502;2019;5;6;6;3;5;3;0;0;1;0;0;0;0;0;798153,95;5819054,333;13,38732;52,44017
14366;50644;11;4;4020313;2019;7;13;4;3;5;2;0;1;0;0;0;1;0;0;790539,6547;5826379,005;13,282;52,50994
14367;50645;11;6;6030503;2019;4;11;3;3;5;7;0;1;1;0;0;0;0;0;789806,2785;5817997,214;13,26394;52,43518
14368;50646;11;9;9010101;2019;6;20;5;3;6;4;0;1;0;1;0;0;0;0;802623,8516;5825153,023;13,45841;52,49238
14369;50647;11;7;7040406;2019;9;6;5;3;2;6;0;0;1;0;0;0;1;1;799900,908;5821458,253;13,4151;52,46077
14370;50648;11;3;3071639;2019;12;7;4;3;6;2;0;0;1;1;0;0;0;0;800362,7305;5829550,808;13,42918;52,53305
14371;50649;11;4;4030622;2019;5;13;6;3;5;2;0;1;1;0;0;0;0;0;792530,1872;5826706,702;13,31153;52,51181
14372;50650;11;1;1011303;2019;7;18;3;3;6;6;0;0;0;1;0;0;1;0;799602,4777;5828290,816;13,41687;52,52217
14373;50651;11;4;4051551;2019;11;5;6;3;5;2;2;0;1;0;0;0;0;0;793267,3649;5823001,754;13,3191;52,4782
14374;50652;11;1;1011105;2019;7;23;3;3;5;3;2;1;0;0;0;0;1;0;796761,8094;5826668,139;13,37367;52,50918
14375;50653;11;1;1044203;2019;9;17;6;3;2;6;0;0;1;0;0;0;0;1;795911,1028;5831794,589;13,36574;52,5556
14376;50654;11;1;1011105;2019;4;11;3;3;2;6;0;0;1;0;1;0;0;0;796696,3823;5826198,215;13,37229;52,50501
14377;50655;11;4;4030417;2019;10;0;5;3;5;3;2;0;1;0;0;0;0;1;791852,3909;5826614,513;13,30149;52,51135
14378;50656;11;11;11041022;2019;9;5;5;3;2;6;2;0;1;0;0;1;0;1;805670,2008;5827389,169;13,50519;52,51073
14379;50658;11;3;3040818;2019;5;19;6;2;1;5;1;1;1;0;0;0;0;1;799020,1086;5832456,654;13,41206;52,55983
14380;50659;11;3;3040614;2019;7;22;3;3;3;2;2;0;1;0;1;0;0;0;798366,2622;5833481,99;13,40336;52,56938
14381;50660;11;1;1022202;2019;4;14;3;3;2;6;0;0;1;0;0;0;1;0;796047,5943;5829313,553;13,36553;52,53328
14382;50661;11;7;7040403;2019;11;11;1;3;2;2;0;0;1;0;0;0;0;1;797832,5631;5822297,024;13,3855;52,46942
14383;50662;11;12;12103218;2019;6;23;7;3;2;7;2;0;0;0;0;0;1;0;794965,4817;5833754,585;13,35357;52,57368
14384;50663;11;7;7050501;2019;9;11;4;3;2;7;0;0;1;0;1;0;0;0;797753,6946;5818876,023;13,38129;52,43879
14385;50664;11;1;1044201;2019;12;17;5;3;2;6;2;0;1;0;0;0;1;0;796049,1337;5831335,307;13,36736;52,55141
14386;50665;11;3;3061131;2019;7;10;3;3;5;2;0;1;1;0;0;0;0;0;799165,6544;5830375,764;13,41232;52,5411