;OBJECTID;LAND;BEZ;LOR;UJAHR;UMONAT;USTUNDE;UWOCHENTAG;UKATEGORIE;UART;UTYP1;ULICHTVERH;IstRad;IstPKW;IstFuss;IstKrad;IstGkfz;IstSonstige;USTRZUSTAND;LINREFX;LINREFY;XGCSWGS84;YGCSWGS84
14599;50890;11;4;4030417;2019;10;0;3;3;5;2;2;0;1;0;0;0;0;0;791027,762;5826458,485;13,28924;52,51039
14600;50891;11;4;4020314;2019;6;13;2;3;2;6;0;0;1;0;0;1;0;0;790539,5092;5825848,345;13,28153;52,50518
14601;50892;11;11;11030721;2019;9;20;5;3;5;2;2;1;1;0;0;0;0;0;804870,077;5827449,155;13,49349;52,51171
14602;50894;11;10;10010204;2019;5;2;1;3;6;4;2;0;0;1;0;0;1;0;808704,0049;5832916,884;13,55489;52,55856
14603;50895;11;10;10030726;2019;7;19;4;3;2;6;0;0;1;0;0;0;0;0;809474,7248;5827395,029;13,56108;52,50863
14604;50896;11;4;4041239;2019;4;13;7;3;2;6;0;0;1;0;0;0;0;0;792327,4094;5823539,619;13,30578;52,48353
14605;50897;11;5;5040936;2019;11;7;5;2;4;6;1;1;0;0;0;0;0;0;780347,0074;5822457,689;13,12891;52,48011
14606;50898;11;4;4010101;2019;5;17;1;3;2;6;0;0;1;0;0;0;0;0;791279,7996;5829931,119;13,29599;52,54139
14607;50899;11;4;4030417;2019;12;16;3;3;5;2;2;1;1;0;0;0;0;1;791031,9133;5826459,167;13,2893;52,5104
14608;50900;11;2;2040503;2019;7;20;3;3;2;6;0;0;1;0;0;0;1;0;801956,6836;5827767,694;13,45098;52,51619
14609;50901;11;4;4030417;2019;4;1;7;3;5;3;2;0;1;0;0;0;0;0;791859,781;5826594,454;13,30159;52,51117
14610;50902;11;2;2050602;2019;10;8;5;2;0;2;0;1;1;0;0;0;0;1;802589,2812;5827701,822;13,46022;52,51525
14611;50903;11;3;3061126;2019;9;6;5;3;5;2;1;1;0;0;0;1;0;0;799197,1656;5831456,209;13,41376;52,55077
14612;50905;11;3;3061332;2019;7;18;3;3;1;5;0;1;1;0;0;0;1;0;799244,8305;5830348,479;13,41346;52,54081
14613;50906;11;2;2050602;2019;4;0;7;3;6;4;2;0;1;1;0;0;0;0;802586,285;5827702,138;13,46017;52,51525
14614;50907;11;4;4041342;2019;9;17;2;3;8;1;0;0;1;0;0;0;0;1;792467,4451;5822711,22;13,30711;52,47603
14615;50908;11;2;2040503;2019;6;5;4;3;2;6;0;0;1;0;0;0;0;0;801554,8479;5827808,342;13,44512;52,51677
14616;50909;11;4;4030417;2019;9;11;5;3;5;2;0;1;1;0;0;0;0;0;791025,9514;5826476,846;13,28923;52,51056
14617;50910;11;1;1011304;2019;12;17;6;3;2;6;2;1;0;0;0;0;0;0;800161,2148;5828007,345;13,42482;52,51933
14618;50911;11;4;4020313;2019;5;0;1;3;0;1;2;1;0;0;0;0;0;0;790487,1164;5826370,173;13,28122;52,50989
14619;50912;11;12;12103218;2019;7;16;3;3;5;3;0;1;1;0;0;0;0;0;794405,1736;5834451,556;13,34595;52,58023
14620;50913;11;2;2050602;2019;4;11;7;2;5;3;0;0;1;0;0;0;1;0;802179,9971;5827734,048;13,45423;52,51576
14621;50914;11;2;2050602;2019;11;9;6;3;6;7;0;1;0;1;0;0;0;0;802971,6255;5827662,934;13,4658;52,51469
14622;50915;11;1;1011105;2019;9;6;5;3;5;2;0;1;1;0;0;0;0;1;796552,0495;5826607,731;13,37054;52,50875
14623;50916;11;3;3061332;2019;11;16;3;3;2;2;2;0;1;0;0;0;0;0;799994,5511;5830220,96;13,42437;52,53926
14624;50917;11;12;12301203;2019;7;14;3;3;5;3;0;0;1;0;0;0;0;0;794097,8371;5835017,603;13,34193;52,58547
14625;50918;11;3;3040818;2019;4;15;6;3;5;2;0;0;1;0;0;0;1;0;799144,6965;5832234,253;13,41369;52,55777
14626;50919;11;1;1011102;2019;10;17;5;3;6;4;0;1;0;1;0;0;0;0;796020,6913;5827317,977;13,36336;52,51541
14627;50920;11;9;9010102;2019;9;16;4;3;6;7;0;0;0;1;0;0;1;0;802700,4524;5825200,286;13,45958;52,49276
14628;50922;11;1;1044102;2019;5;11;7;3;5;3;0;0;1;0;1;0;0;0;795878,9912;5832057,624;13,3655;52,55797
14629;50923;11;12;12103219;2019;7;14;3;3;6;4;0;1;0;1;0;0;0;0;795607,1064;5833078,747;13,36241;52,56727
14630;50924;11;10;10010309;2019;4;9;6;3;1;6;0;0;1;0;0;0;1;0;807658,4255;5830125,927;13,53693;52,53414
14631;50925;11;12;12301203;2019;6;11;6;3;2;6;0;0;1;0;0;0;1;0;794004,7104;5835187,84;13,34071;52,58705
14632;50926;11;7;7040405;2019;9;10;4;3;2;6;0;0;1;0;0;0;0;0;798532,6026;5822076,619;13,39558;52,46706
14633;50927;11;6;6040701;2019;12;17;6;3;0;2;2;1;1;0;0;0;0;0;783380,8229;5815986,783;13,16797;52,42053
14634;50928;11;3;3040818;2019;5;11;7;3;6;6;0;1;0;1;0;0;0;0;799105,4928;5832323,698;13,41319;52,5586
14635;50929;11;3;3050925;2019;7;12;3;3;3;6;0;1;1;0;0;0;0;0;802026,3459;5831470,094;13,45537;52,54933
14636;50930;11;12;12103218;2019;11;0;7;3;3;2;2;0;1;0;0;0;0;1;794573,0263;5833797,856;13,34784;52,57428
14637;50931;11;1;1011202;2019;7;7;3;2;6;4;0;0;0;1;0;1;0;0;798299,4167;5827699,107;13,39719;52,51758
14638;50932;11;9;9010202;2019;4;12;6;3;2;2;0;0;1;0;0;0;0;0;804106,561;5824366,79;13,47946;52,48451
14639;50933;11;3;3010104;2019;10;7;6;3;0;7;0;0;1;0;0;0;1;0;799610,712;5840103,442;13,42766;52,62805
14640;50934;11;2;2050602;2019;9;9;4;3;1;5;0;0;1;0;1;0;0;0;802952,9476;5827648,731;13,46551;52,51457
14641;50936;11;1;1044203;2019;5;3;7;3;2;6;2;1;1;0;0;0;0;0;795936,0764;5831656,853;13,36598;52,55435
14642;50937;11;9;9020601;2019;7;10;3;3;0;1;0;1;0;0;0;0;0;0;805389,6535;5822331,019;13,49644;52,46555
14643;50938;11;3;3071639;2019;4;23;6;3;1;5;2;1;1;0;0;0;1;0;800191,5136;5829229,626;13,42637;52,53027
14644;50939;11;3;3061332;2019;11;14;2;3;1;5;0;1;1;0;0;0;0;1;799476,782;5830320,663;13,41685;52,54044
14645;50940;11;12;12304314;2019;6;6;3;3;2;6;0;0;1;0;0;0;0;0;790265,2677;5835720,574;13,28614;52,59383
14646;50941;11;12;12103219;2019;9;14;4;3;5;2;0;1;1;0;0;0;0;1;795741,5325;5832766,011;13,36411;52,5644
14647;50942;11;3;3071639;2019;12;15;6;3;1;5;1;1;1;0;0;0;1;1;800243,1284;5829312,09;13,4272;52,53098
14648;50943;11;1;1044102;2019;7;16;3;3;0;4;0;1;0;1;0;0;0;0;795880,5776;5832049,104;13,36552;52,5579
14649;50944;11;3;3040818;2019;4;16;6;3;5;3;0;1;1;0;0;0;0;0;800081,8883;5832712,619;13,4279;52,56154
14650;50945;11;1;1011204;2019;10;11;2;3;3;6;0;0;1;0;1;0;0;0;797771,0665;5826852,17;13,38867;52,51028
14651;50946;11;6;6010209;2019;9;14;3;2;0;1;0;0;0;0;1;0;0;0;794283,8942;5821479,34;13,33269;52,46401
14652;50947;11;4;4020310;2019;7;10;3;3;2;6;0;0;1;0;0;0;0;0;790469,0215;5828470,112;13,28279;52,52872
14653;50948;11;3;3050923;2019;4;7;6;3;2;6;0;0;1;0;0;0;0;0;800254,4103;5831890,385;13,4297;52,55408
14654;50949;11;1;1044102;2019;10;20;7;3;5;3;2;1;0;0;0;0;1;0;795877,1449;5832069,085;13,36548;52,55808
14655;50950;11;2;2050602;2019;6;7;7;3;5;2;0;0;1;0;0;0;0;0;802580,986;5827686,767;13,46008;52,51512
14656;50951;11;6;6040701;2019;9;17;3;3;5;2;0;1;1;0;0;0;0;0;784010,9845;5815896,449;13,17714;52,41939
14657;50953;11;2;2020202;2019;5;14;7;2;6;4;0;0;1;1;0;0;0;0;797848,3604;5825020,28;13,38816;52,49382
14658;50954;11;10;10010204;2019;4;9;5;2;5;3;0;0;1;0;0;0;1;0;808896,7093;5833396,48;13,55817;52,56274
14659;50955;11;9;9010102;2019;11;16;3;2;4;6;1;1;0;0;0;0;0;0;802744,1203;5825182,787;13,4602;52,49258
14660;50956;11;3;3061126;2019;5;23;6;3;5;3;2;1;1;0;0;0;0;0;799218,3272;5832063,732;13,41462;52,5562
14661;50957;11;7;7020203;2019;12;3;1;3;3;6;2;0;1;0;0;0;0;0;795427,1164;5823727,647;13,35146;52,48355
14662;50958;11;3;3020209;2019;7;8;3;3;2;6;0;0;1;0;0;1;0;0;797987,5594;5834232,537;13,39847;52,57632
14663;50959;11;7;7030303;2019;4;8;5;3;2;6;0;0;1;0;0;0;0;0;795882,5403;5822666,93;13,3572;52,47379
14664;50960;11;7;7020203;2019;10;17;3;2;1;5;1;1;1;0;0;0;0;0;795777,942;5824124,054;13,35696;52,48691
14665;50961;11;12;12214125;2019;9;17;3;3;9;1;0;0;1;0;0;0;0;0;791725,7868;5831080,545;13,30355;52,55145
14666;50963;11;3;3061332;2019;7;8;3;3;1;5;0;1;1;0;0;0;0;0;799410,266;5830311,447;13,41586;52,54039
14667;50964;11;12;12103218;2019;4;17;5;2;6;2;0;0;1;1;0;0;0;0;794572,1608;5833819,002;13,34784;52,57447
14668;50965;11;7;7030303;2019;9;14;7;3;2;6;0;0;1;0;0;0;0;0;795779,9387;5822653,883;13,35568;52,47373
14669;50966;11;7;7040405;2019;6;7;3;2;0;1;0;0;0;0;1;0;0;0;798507,0583;5822075,571;13,3952;52,46706
14670;50967;11;3;3020209;2019;9;9;3;3;5;2;0;1;0;0;1;0;0;0;797964,7404;5834379,815;13,39826;52,57765
14671;50968;11;7;7040402;2019;12;15;4;3;2;6;1;0;0;0;1;0;1;0;796527,0164;5822534,852;13,36655;52,47226
14672;50969;11;2;2040503;2019;5;19;6;2;6;4;0;0;1;1;0;0;0;0;801720,0235;5827775,407;13,44751;52,51639
14673;50970;11;2;2050602;2019;7;8;3;3;2;6;0;0;1;0;0;0;0;0;802402,8225;5827721,977;13,4575;52,51553
14674;50971;11;2;2050602;2019;7;19;3;3;3;6;0;0;1;0;0;0;0;0;802240,8521;5827722,524;13,45512;52,51562
14675;50972;11;7;7050502;2019;4;17;5;3;6;4;0;0;1;1;0;0;0;0;797488,4024;5818027,404;13,37664;52,43133
14676;50973;11;4;4041137;2019;10;16;1;3;0;1;0;0;1;0;0;0;0;0;791606,3029;5824315,24;13,29587;52,49087
14677;50974;11;3;3040513;2019;6;17;1;3;1;5;0;1;1;0;0;0;0;0;798036,6879;5833871,054;13,39886;52,57305
14678;50975;11;2;2050802;2019;9;9;3;3;5;2;0;1;1;0;0;0;0;0;802087,2624;5827268,67;13,45245;52,51164
14679;50977;11;12;12214527;2019;5;11;6;3;2;6;0;0;1;0;0;0;0;0;790734,878;5834804,238;13,29224;52,58537
14680;50978;11;1;1011104;2019;4;10;4;3;3;6;0;0;1;0;0;0;0;0;796158,5013;5825729,913;13,36398;52,5011
14681;50979;11;4;4020314;2019;11;18;4;3;2;6;2;0;1;0;0;0;0;0;790538,8206;5825782,939;13,28147;52,5046
14682;50980;11;3;3020209;2019;5;7;6;2;6;4;0;0;1;1;0;0;0;0;798121,7316;5835643,263;13,40171;52,58889
14683;50981;11;11;11030721;2019;12;18;2;2;6;4;2;0;1;1;0;0;0;1;804235,3995;5827533,243;13,48425;52,51282
14684;50982;11;12;12103219;2019;7;16;2;3;5;2;0;1;1;0;0;0;0;1;795766,1555;5832696,099;13,36441;52,56376
14685;50983;11;1;1022202;2019;4;13;4;3;3;6;0;0;0;0;1;0;1;0;796257,1944;5829008,332;13,36834;52,53043
14686;50984;11;12;12103218;2019;10;9;4;3;0;2;0;0;0;0;1;1;0;0;794482,8079;5834309,75;13,34697;52,57892
14687;50985;11;2;2020202;2019;9;16;3;3;1;5;0;0;1;0;0;0;1;0;797853,8265;5825034,428;13,38825;52,49394
14688;50987;11;3;3020307;2019;7;16;2;3;2;7;0;0;0;0;1;1;0;1;799838,101;5839521,122;13,43048;52,6227
14689;50988;11;12;12301205;2019;4;11;4;3;0;6;0;1;0;1;0;0;0;0;792202,123;5837875,658;13,31655;52,61211
14690;50989;11;4;4020208;2019;9;6;1;2;0;1;1;1;0;0;0;0;0;1;788602,2287;5826071,415;13,25327;52,50821
14691;50990;11;3;3061429;2019;6;7;3;2;5;2;0;1;1;0;0;0;0;0;801323,0873;5830980,75;13,44459;52,54534
14692;50991;11;7;7040401;2019;9;10;2;3;6;7;0;0;0;1;1;0;0;0;797802,7459;5822956,91;13,38565;52,47535
14693;50992;11;1;1011201;2019;12;8;6;3;3;6;0;0;1;0;0;0;1;0;797606,9071;5826825,796;13,38623;52,51014
14694;50993;11;10;10030726;2019;5;8;6;2;2;6;0;0;1;0;0;0;0;0;808656,095;5827443,155;13,5491;52,50953
14695;50994;11;2;2020202;2019;7;14;2;3;6;4;0;1;0;1;0;0;0;0;797831,6495;5824972,554;13,38787;52,4934
14696;50995;11;3;3061126;2019;4;10;4;3;5;3;0;1;1;0;0;0;0;0;799237,0637;5831941,674;13,41478;52,5551
14697;50996;11;4;4041134;2019;11;21;5;3;5;3;2;0;1;0;0;0;0;1;791239,7434;5824612,921;13,29074;52,49373
14698;50997;11;4;4020313;2019;9;20;2;3;5;2;2;0;1;0;1;0;0;0;790652,9678;5826416,509;13,2837;52,51022
14699;50998;11;7;7040403;2019;11;16;2;3;2;6;2;0;1;0;0;0;0;0;797236,8087;5822344,164;13,37679;52,47016
14700;50999;11;7;7050502;2019;7;19;2;3;2;6;0;0;1;0;0;1;0;0;797689,97;5818746,418;13,38024;52,43767
14701;51000;11;1;1011303;2019;4;14;4;3;0;4;0;0;0;1;0;0;1;0;799199,2594;5828376,163;13,41102;52,52316
14702;51001;11;3;3050923;2019;10;16;4;3;2;6;0;0;1;0;0;0;0;1;800266,2406;5831893,351;13,42987;52,5541
14703;51002;11;2;2020202;2019;9;19;2;3;3;6;1;0;1;0;1;0;0;0;797907,0808;5825155,662;13,38915;52,495
14704;51004;11;7;7060601;2019;5;13;6;2;0;3;0;0;1;0;0;0;1;0;796612,5477;5816012,405;13,36201;52,41374
14705;51005;11;11;11030721;2019;7;15;2;3;0;2;0;1;1;0;0;0;0;1;804514,4693;5827504,73;13,48832;52,51241
14706;51006;11;1;1011202;2019;4;8;4;2;1;5;0;1;1;0;0;0;0;0;798021,4887;5827659,21;13,39307;52,51738
14707;51007;11;9;9020601;2019;6;15;5;3;2;6;0;0;1;0;0;0;0;0;806767,8374;5820992,654;13,51543;52,45278
14708;51008;11;1;1011102;2019;9;18;2;3;6;4;0;1;0;1;0;0;0;0;796214,675;5827351,115;13,36624;52,5156
14709;51009;11;1;1011303;2019;12;21;5;3;5;7;2;0;1;0;0;0;0;1;799103,263;5827687,45;13,40899;52,51704
14710;51010;11;3;3061332;2019;5;13;6;3;0;7;0;1;1;0;0;0;0;0;799804,7982;5830235,664;13,42159;52,5395
14711;51011;11;7;7040406;2019;7;13;2;3;0;1;0;0;1;0;0;0;0;0;799731,0818;5821397,324;13,41255;52,46031
14712;51012;11;3;3020209;2019;11;17;6;3;0;6;2;0;1;0;0;0;1;0;797968,8766;5834464,314;13,3984;52,57841
14713;51013;11;4;4010101;2019;7;0;2;3;3;6;2;0;1;0;0;0;0;0;791183,6949;5829569,331;13,29426;52,5382
14714;51014;11;10;11041023;2019;9;9;6;2;2;6;0;0;1;0;0;1;0;1;807863,8575;5827447,254;13,53747;52,51001
14715;51015;11;9;9010102;2019;4;21;4;3;5;3;2;1;0;0;0;0;0;0;802794,659;5825161,934;13,46093;52,49237
14716;51016;11;7;7040402;2019;10;17;5;3;2;6;0;0;1;0;0;0;0;1;796530,1834;5822537,805;13,36659;52,47228
14717;51017;11;6;6030501;2019;9;18;2;3;5;3;0;1;1;0;0;0;0;0;787893,8156;5817567,208;13,23552;52,43234
14718;51019;11;7;7040402;2019;5;15;6;3;2;6;0;0;1;0;0;0;0;0;796424,9918;5822607,306;13,36511;52,47296
14719;51020;11;2;2040703;2019;7;17;1;3;3;7;0;0;1;0;1;0;0;0;801822,8456;5826380,543;13,44776;52,50383
14720;51021;11;12;12103219;2019;4;15;4;3;5;7;0;0;1;0;1;0;0;0;795697,559;5832844,843;13,36353;52,56513
14721;51022;11;4;4051656;2019;11;6;2;3;2;6;2;0;1;0;0;0;0;1;793849,2516;5823006,052;13,32765;52,47793
14722;51023;11;7;7050501;2019;6;15;7;3;2;6;0;0;1;0;0;0;0;0;797910,8828;5820199,645;13,38478;52,45057
14723;51024;11;1;1033203;2019;9;17;2;3;5;2;0;1;1;0;0;0;0;0;796285,6224;5830276,98;13,36989;52,54179
14724;51025;11;7;7050502;2019;12;9;5;3;0;6;0;0;1;0;1;0;0;0;797463,1046;5817915,655;13,37617;52,43034
14725;51026;11;1;1011102;2019;7;13;1;3;0;7;0;1;0;0;0;0;0;0;796044,4008;5827309,656;13,3637;52,51532
14726;51027;11;3;3071633;2019;4;8;4;3;0;6;0;1;0;0;0;0;0;0;800011,4686;5830335,86;13,42472;52,54028
14727;51028;11;4;4010101;2019;10;18;1;3;2;6;2;0;1;0;0;0;0;0;790652,6353;5828832,269;13,2858;52,53187
14728;51029;11;7;7040402;2019;9;9;2;3;2;6;0;0;1;0;0;0;0;0;796549,9771;5822524,956;13,36687;52,47216
14729;51030;11;12;12103218;2019;7;0;1;3;2;7;2;0;1;0;0;0;1;1;794771,4488;5833773,85;13,35074;52,57396
14730;51031;11;2;2050803;2019;4;6;4;2;1;1;0;0;1;0;0;1;1;0;801827,3317;5826230,764;13,44769;52,50248
14731;51032;11;3;3061429;2019;10;0;6;3;0;1;2;0;0;0;0;0;1;0;801077,3742;5830653,499;13,44068;52,54254
14732;51033;11;3;3010102;2019;6;14;6;3;2;6;0;0;1;0;0;0;0;0;804470,5933;5839656,907;13,49883;52,62135
14733;51034;11;2;2050602;2019;9;8;2;3;2;6;0;0;1;0;0;1;0;0;803524,9446;5827605,491;13,47388;52,51386
14734;51036;11;1;1011102;2019;5;16;6;3;5;2;0;0;1;0;0;0;1;0;796455,757;5827391,142;13,36982;52,51583
14735;51037;11;4;4030623;2019;4;17;3;3;5;2;0;1;1;0;0;0;0;0;793092,5534;5826823,302;13,3199;52,51256
14736;51038;11;1;1011202;2019;11;5;2;3;8;1;0;1;0;0;0;0;0;0;797926,3962;5827647,242;13,39166;52,51732
14737;51039;11;7;7030303;2019;5;17;6;3;2;6;0;0;1;0;1;0;0;0;795497,7765;5822691,519;13,35158;52,47422
14738;51040;11;4;4030417;2019;11;5;7;3;0;3;2;0;1;0;0;0;1;0;791578,3933;5826568,226;13,29743;52,51108
14739;51041;11;2;3061435;2019;7;23;7;3;2;6;2;0;1;0;1;0;0;1;801652,4161;5828924,633;13,44756;52,52673
14740;51042;11;1;1022202;2019;4;8;3;3;2;6;0;0;1;0;0;0;0;0;796160,7183;5829148,784;13,36705;52,53175
14741;51043;11;9;9010101;2019;10;17;2;3;3;6;2;0;1;0;1;0;0;0;802594,1696;5825112,021;13,45794;52,49203
14742;51044;11;4;4030622;2019;9;11;2;3;2;7;0;0;1;0;1;0;0;0;792058,022;5826627,717;13,30453;52,51136
14743;51046;11;11;11030721;2019;7;22;7;3;5;2;2;1;1;0;0;0;0;1;804236,394;5827518,617;13,48425;52,51269
14744;51047;11;8;8020619;2019;4;10;3;3;3;6;0;0;1;0;0;1;0;0;801964,1568;5821841,435;13,44572;52,46307
14745;51048;11;1;1011202;2019;6;17;2;3;5;3;0;1;1;0;0;0;0;0;798121,0516;5827657,628;13,39453;52,51731
14746;51049;11;7;7050501;2019;9;11;2;3;5;2;0;0;1;0;0;1;0;0;797707,7723;5818784,224;13,38053;52,438
14747;51050;11;3;3020307;2019;12;4;3;3;8;1;2;0;0;0;0;0;1;1;801214,0582;5837883,665;13,44926;52,60727
14748;51051;11;7;7040403;2019;5;13;5;3;2;6;0;0;1;0;0;0;0;0;796876,3212;5822382,466;13,37154;52,4707
14749;51052;11;4;4030417;2019;7;19;7;3;6;4;0;1;0;1;0;0;0;0;791409,094;5826519,067;13,2949;52,51073
14750;51053;11;12;12103218;2019;4;11;3;3;2;6;0;0;1;0;0;0;0;0;794556,7707;5833930,942;13,34772;52,57548
14751;51054;11;1;1011204;2019;11;10;3;3;3;6;0;0;1;0;0;0;0;1;798664,2733;5827054,413;13,40197;52,51161
14752;51055;11;12;12302212;2019;11;18;7;3;2;2;2;0;1;0;0;0;0;0;792730,0962;5837421,634;13,32392;52,60776
14753;51056;11;9;9010401;2019;7;18;7;3;2;6;0;0;1;0;0;0;0;0;805709,3209;5818826,941;13,49792;52,43397
14754;51057;11;3;3061126;2019;4;19;3;2;5;2;1;1;1;0;0;0;0;0;799220,5024;5832049,386;13,41464;52,55607
14755;51058;11;4;4020313;2019;10;11;3;2;5;2;0;1;1;0;0;0;0;0;790511,251;5826392,817;13,28159;52,51008
14756;51059;11;3;3061434;2019;9;8;2;3;6;7;0;1;0;1;0;0;0;0;800810,4263;5829758,715;13,43594;52,53467
14757;51061;11;3;3071639;2019;5;11;5;2;2;6;0;0;1;0;0;0;0;0;800574,5294;5829845,134;13,43255;52,53557
14758;51062;11;2;2050602;2019;7;15;7;2;0;1;0;1;0;0;0;0;0;0;802175,1998;5827755,041;13,45418;52,51595
14759;51063;11;11;11030721;2019;4;11;3;2;2;6;0;0;1;0;0;0;0;0;803804,0482;5827578,336;13,47795;52,51346
14760;51064;11;11;11041022;2019;11;18;5;2;2;6;2;0;1;0;0;0;1;1;806053,9238;5827375,202;13,51082;52,51039
14761;51065;11;3;3061434;2019;6;8;5;3;5;3;0;1;1;0;0;0;0;0;800646,3417;5830008,817;13,43376;52,537
14762;51066;11;4;4030622;2019;9;8;2;3;6;4;0;0;1;1;0;0;0;0;792614,0555;5826720,811;13,31278;52,5119
14763;51067;11;12;12302212;2019;12;8;3;2;6;2;0;0;1;1;0;0;0;0;792723,7812;5837429,719;13,32384;52,60784
14764;51068;11;12;12103219;2019;7;13;7;3;2;2;0;0;1;0;0;0;0;0;795762,217;5832712,264;13,36437;52,56391
14765;51069;11;3;3061131;2019;10;18;5;3;3;6;2;0;1;0;0;0;0;0;799141,3057;5830404,208;13,41199;52,54137
14766;51070;11;7;7020203;2019;7;9;7;3;1;5;0;1;0;0;0;1;0;0;795252,4277;5823542,355;13,34873;52,48198
14767;51071;11;1;1033203;2019;9;8;6;3;5;3;0;1;1;0;0;0;0;0;796193,7143;5830186,924;13,36846;52,54103
14768;51072;11;4;4041133;2019;4;7;3;2;2;6;0;0;1;0;1;0;0;0;790517,479;5825215,227;13,28066;52,49952
14769;51073;11;1;1011202;2019;4;16;3;3;1;5;0;1;1;0;0;0;0;0;797616,8856;5827564,842;13,38704;52,51675
14770;51074;11;11;11030721;2019;11;4;4;2;6;4;2;0;0;1;1;0;0;1;803727,62;5827569,584;13,47682;52,51343
14771;51075;11;4;4051656;2019;11;23;1;3;3;6;2;0;1;0;0;0;0;0;793547,4273;5822990,759;13,32321;52,47796
14772;51076;11;2;2050803;2019;7;16;6;3;5;3;0;1;0;0;0;0;0;0;802206,757;5826088,724;13,45313;52,501
14773;51077;11;2;2050602;2019;4;14;3;3;2;2;0;1;1;0;0;0;0;0;803088,988;5827651,019;13,46751;52,51451
14774;51078;11;7;7030303;2019;10;17;4;3;2;6;0;0;1;0;0;0;1;1;795896,7724;5822688,005;13,35743;52,47397
14775;51079;11;4;4020208;2019;9;1;1;2;1;5;2;1;1;0;0;0;0;0;786743,8355;5825852,751;13,22577;52,50723
14776;51081;11;3;3040818;2019;5;19;5;3;1;3;0;1;1;0;0;0;1;0;798890,3049;5832685,015;13,41035;52,56195
14777;51082;11;4;4020314;2019;7;17;6;2;3;6;0;0;0;0;1;0;1;0;790518,8693;5825333,25;13,28078;52,50058
14778;51083;11;7;7030303;2019;4;14;3;3;0;6;0;0;1;0;1;0;0;0;795191,7583;5822938,255;13,3473;52,4766
14779;51084;11;2;2050602;2019;6;15;5;3;2;6;0;0;1;0;0;0;0;0;803177,332;5827625,39;13,46879;52,51423
14780;51085;11;7;7050501;2019;9;6;1;3;9;1;0;0;1;0;0;0;0;0;797953,466;5820021,671;13,38524;52,44895
14781;51086;11;2;2050602;2019;12;13;3;3;5;2;0;1;1;0;0;0;0;0;802578,1957;5827687,047;13,46004;52,51512
14782;51087;11;4;4030417;2019;5;18;5;3;5;2;0;1;1;0;0;0;0;0;791229,5489;5826510,171;13,29225;52,51075
14783;51088;11;2;2050602;2019;7;9;6;3;5;3;0;1;1;0;0;0;0;0;802577,1314;5827703,128;13,46004;52,51526
14784;51089;11;7;7060601;2019;10;17;5;3;5;3;2;0;1;0;1;0;0;0;797055,3579;5816809,694;13,36921;52,42065
14785;51090;11;12;12103115;2019;7;19;5;3;1;1;0;1;1;0;0;0;0;0;795429,449;5833570,571;13,36024;52,57178
14786;51091;11;2;2020202;2019;9;0;6;3;5;3;2;1;1;0;0;0;0;0;797862,4187;5825448,281;13,38875;52,49765
14787;51092;11;3;3050923;2019;4;14;3;3;2;6;0;0;1;0;0;0;1;0;800297,1853;5831697,85;13,43015;52,55233
14788;51093;11;3;3040818;2019;10;18;4;3;3;6;1;0;1;0;1;0;0;1;799138,228;5832315,269;13,41367;52,5585
14789;51094;11;2;2050602;2019;8;22;7;2;6;7;2;0;1;1;0;0;0;0;802567,3901;5827688,132;13,45988;52,51514
14790;51096;11;2;2040503;2019;5;17;5;3;5;2;0;1;1;0;0;0;0;0;801917,0677;5827771,612;13,45041;52,51624
14791;51097;11;1;1011102;2019;7;13;5;3;0;7;0;1;0;0;0;0;0;0;795417,8655;5827218,214;13,35442;52,51484
14792;51098;11;2;2050601;2019;4;20;2;3;5;5;1;1;1;0;0;0;0;0;801799,6064;5828639,069;13,44947;52,52408
14793;51099;11;2;2050803;2019;11;10;1;3;0;7;0;0;0;0;0;0;1;1;801804,6822;5826239,634;13,44737;52,50258
14794;51100;11;12;12103219;2019;6;21;7;3;0;6;1;0;1;0;1;0;0;0;795749,3705;5832703,363;13,36417;52,56383
14795;51101;11;3;3061126;2019;12;13;5;3;0;7;0;0;1;0;0;0;0;0;799245,7476;5831882,352;13,41486;52,55456
14796;51102;11;1;1011303;2019;7;9;5;3;6;4;0;0;0;1;0;0;1;0;798684,4069;5827892,399;13,40302;52,51911
14797;51103;11;1;1044102;2019;4;17;2;2;5;3;0;1;1;0;0;0;0;0;795878,1192;5832062,307;13,36549;52,55802
14798;51104;11;12;12231101;2019;10;11;7;3;2;6;0;0;1;0;0;0;1;0;792180,4175;5838398,462;13,31669;52,61681
14799;51105;11;7;7040403;2019;8;19;7;3;5;7;2;0;1;0;0;0;0;0;797869,7193;5820511,095;13,38445;52,45339
14800;51106;11;6;6010209;2019;7;11;5;3;5;2;0;0;1;0;0;0;0;0;793968,646;5821061,708;13,32769;52,46044
14801;51107;11;2;2020202;2019;4;17;2;3;5;2;0;1;1;0;0;0;0;0;797883,9645;5825411,815;13,38904;52,49731
14802;51108;11;6;6030503;2019;10;14;4;3;2;6;0;0;1;0;0;0;0;0;790365,7235;5818432,574;13,27253;52,43879
14803;51109;11;4;4030622;2019;6;17;5;3;2;2;0;1;1;0;0;0;0;0;792374,6645;5826680,555;13,30923;52,51166
14804;51110;11;2;2050602;2019;8;20;7;3;5;3;2;0;1;0;0;0;0;0;802797,3836;5827665,067;13,46324;52,5148
14805;51111;11;10;10030726;2019;12;11;6;3;5;2;0;1;1;0;0;0;0;0;808946,2745;5827441,111;13,55336;52,50935
14806;51112;11;3;3020209;2019;5;7;5;3;3;6;0;0;1;0;1;0;0;0;798156,0851;5836030,424;13,40256;52,59234
14807;51113;11;4;4010101;2019;4;9;2;2;3;6;0;0;1;0;0;0;0;0;790902,6188;5828964,154;13,28959;52,53292
14808;51114;11;7;7050502;2019;11;11;1;3;5;3;0;0;1;0;0;0;0;0;798176,38;5818922,967;13,38753;52,43898
14809;51115;11;1;1011303;2019;5;11;5;3;5;3;0;0;1;0;1;0;0;0;799805,5966;5828633,958;13,42016;52,52514