;OBJECTID;LAND;BEZ;LOR;UJAHR;UMONAT;USTUNDE;UWOCHENTAG;UKATEGORIE;UART;UTYP1;ULICHTVERH;IstRad;IstPKW;IstFuss;IstKrad;IstGkfz;IstSonstige;USTRZUSTAND;LINREFX;LINREFY;XGCSWGS84;YGCSWGS84
14810;51116;11;4;4030623;2019;11;14;6;3;3;6;0;0;1;0;0;0;0;0;793545,1128;5826882,179;13,3266;52,51284
14811;51117;11;6;6010209;2019;7;10;5;2;0;1;0;0;1;0;1;0;0;0;794215,3155;5821402,054;13,33161;52,46335
14812;51118;11;1;1044201;2019;4;15;2;3;2;6;0;0;1;0;0;0;0;0;796154,3271;5831088,934;13,36869;52,54914
14813;51119;11;12;12103117;2019;10;20;2;2;3;6;2;0;1;0;1;0;0;0;795874,1412;5832087,681;13,36546;52,55825
14814;51120;11;6;6030605;2019;8;17;7;2;2;6;0;0;1;0;1;0;0;0;791805,1464;5819301,432;13,2944;52,44581
14815;51122;11;8;9010302;2019;5;15;5;2;0;1;0;0;1;0;0;0;0;0;802925,5661;5821234,665;13,45928;52,45709
14816;51123;11;4;4041134;2019;7;11;5;3;3;6;0;0;1;0;0;0;0;0;790689,5671;5824985,309;13,28299;52,49737
14817;51124;11;3;3020209;2019;4;16;2;3;5;3;0;0;0;0;1;0;1;0;798165,874;5836123,633;13,40279;52,59317
14818;51125;11;1;1033203;2019;6;21;1;3;2;6;1;0;1;0;0;0;0;0;796312,9449;5830049,484;13,37009;52,53974
14819;51126;11;4;4020311;2019;8;13;7;2;2;6;0;0;1;0;0;0;0;0;789176,9918;5826162,083;13,26179;52,50872
14820;51127;11;3;3061228;2019;12;5;2;3;5;2;2;1;1;0;0;0;0;0;800204,5773;5831035,234;13,42819;52,54644
14821;51128;11;7;7040403;2019;5;7;5;3;2;6;0;0;1;0;0;0;0;0;797476,3581;5822327,31;13,3803;52,46988
14822;51129;11;2;2020203;2019;7;16;4;3;2;6;0;0;1;0;0;0;0;0;797741,9534;5824190,609;13,38586;52,48644
14823;51130;11;7;7050502;2019;4;16;2;3;5;2;0;0;1;0;1;0;0;0;797576,0926;5818418,302;13,37828;52,43479
14824;51131;11;4;4020314;2019;11;5;2;3;2;6;2;0;1;0;0;0;0;1;790545,633;5825872,348;13,28165;52,50539
14825;51132;11;1;1044201;2019;7;23;4;2;5;2;2;0;1;0;0;0;0;0;796044,8009;5831345,095;13,3673;52,5515
14826;51133;11;7;7070701;2019;4;14;1;3;2;6;0;0;1;0;0;0;0;0;799441,918;5815871,581;13,40336;52,41094
14827;51134;11;4;4041239;2019;10;6;2;3;2;6;2;0;1;0;0;0;0;0;792095,9024;5823821,054;13,30262;52,48618
14828;51135;11;10;10010308;2019;8;23;6;2;0;7;2;1;0;0;0;0;0;0;808123,4625;5827460,23;13,54129;52,50998
14829;51137;11;7;7040405;2019;5;7;5;2;3;6;0;0;1;0;1;0;1;0;798505,1034;5822093,85;13,39519;52,46723
14830;51138;11;7;7010104;2019;7;21;4;3;5;2;1;0;1;0;1;0;0;0;796006,2619;5825068,802;13,36115;52,49526
14831;51139;11;3;3061126;2019;4;14;1;3;6;4;0;1;0;1;0;0;0;0;799220,9061;5831457,334;13,41411;52,55077
14832;51140;11;9;9010302;2019;11;8;4;3;3;6;0;0;1;0;0;1;0;1;802871,8622;5821359,926;13,45861;52,45825
14833;51141;11;1;1011104;2019;6;13;4;3;5;2;0;0;1;0;1;0;0;0;796161,7805;5825737,154;13,36403;52,50116
14834;51142;11;7;7030303;2019;8;18;6;3;2;6;0;0;1;0;0;0;0;0;795785,6215;5822628,49;13,35575;52,4735
14835;51143;11;4;4030417;2019;12;11;2;3;3;6;0;0;1;0;0;0;0;0;791565,9551;5826544,852;13,29722;52,51088
14836;51144;11;7;7030303;2019;7;17;4;3;2;6;0;0;1;0;1;0;0;0;795761,954;5823111,603;13,35583;52,47784
14837;51145;11;10;10040933;2019;10;14;4;3;2;6;0;0;1;0;0;0;0;0;812796,8627;5827178,29;13,60967;52,5048
14838;51146;11;1;1011104;2019;8;17;6;3;4;6;0;1;0;0;0;0;1;0;796376,5785;5826159,742;13,36756;52,50483
14839;51147;11;7;7020203;2019;7;19;3;3;1;5;0;1;1;0;0;0;0;0;795836,5783;5824212,779;13,3579;52,48767
14840;51148;11;4;4020314;2019;4;11;1;3;3;6;0;0;1;0;0;0;0;0;790511,0964;5825608,994;13,28091;52,50305
14841;51149;11;1;1011303;2019;10;14;3;3;6;4;0;1;0;1;0;0;0;1;799760,5423;5828624,861;13,41949;52,52508
14842;51150;11;3;3050925;2019;8;9;6;3;2;6;0;0;0;0;0;1;1;0;802180,1511;5831519,278;13,45768;52,54969
14843;51152;11;12;12301205;2019;5;17;4;3;2;6;0;0;1;0;0;0;0;1;792241,7998;5837848,771;13,31711;52,61185
14844;51153;11;1;1011303;2019;7;17;3;3;5;2;0;1;1;0;0;0;0;0;799100,0702;5827681,953;13,40894;52,51699
14845;51154;11;2;2050803;2019;4;18;1;3;0;1;0;0;0;0;1;0;0;0;802367,6704;5826025,644;13,45544;52,50035
14846;51155;11;7;7060603;2019;11;7;6;3;2;7;1;0;1;0;0;0;0;0;797379,3411;5817574,356;13,37464;52,42733
14847;51156;11;7;7040403;2019;5;17;4;3;2;6;0;0;1;0;0;0;0;0;796859,2086;5822386,656;13,37129;52,47075
14848;51157;11;7;7040401;2019;12;17;3;3;1;5;2;0;1;0;0;0;0;1;797830,6459;5822692,233;13,38582;52,47296
14849;51158;11;12;12103117;2019;7;17;3;3;0;2;0;1;1;0;0;0;0;0;795872,473;5832096,708;13,36544;52,55833
14850;51159;11;4;4030621;2019;4;18;1;3;0;4;0;1;0;1;0;0;0;0;793989,175;5826974,484;13,33321;52,51343
14851;51160;11;12;12214125;2019;10;7;6;3;2;6;1;0;1;0;1;0;0;0;791584,3156;5830791,242;13,30122;52,54894
14852;51161;11;1;1044102;2019;8;14;6;3;3;6;0;1;1;0;0;0;1;0;795880,8033;5832047,892;13,36552;52,55789
14853;51163;11;12;12214125;2019;7;10;3;3;2;6;0;0;1;0;0;0;0;0;791190,8771;5833997,257;13,29825;52,57789
14854;51164;11;4;4041133;2019;4;18;1;3;2;6;0;0;1;0;0;0;0;0;790533,5975;5825185,881;13,28087;52,49925
14855;51165;11;3;3061332;2019;10;11;3;3;6;4;0;0;0;1;0;0;1;1;799982,7988;5830224,285;13,4242;52,5393
14856;51166;11;7;7040403;2019;6;22;4;3;2;6;2;0;1;0;0;0;0;0;797850,9232;5821997,633;13,3855;52,46672
14857;51167;11;11;11030721;2019;8;12;6;3;5;2;0;1;1;0;0;0;0;0;803718,5201;5827570,413;13,47669;52,51344
14858;51168;11;9;9010101;2019;12;19;7;3;2;6;2;0;1;0;0;0;0;0;802683,7818;5825234,869;13,45936;52,49308
14859;51169;11;6;6030503;2019;5;10;4;3;5;2;0;1;1;0;0;0;0;1;789585,575;5817974,924;13,26068;52,4351
14860;51170;11;7;7050502;2019;4;16;1;3;6;7;0;1;0;1;0;0;0;0;798215,9742;5818805,108;13,38801;52,43791
14861;51171;11;9;9020601;2019;11;18;7;2;5;3;2;1;1;0;0;0;0;1;806054,7022;5821679,956;13,5056;52,45934
14862;51172;11;6;6040703;2019;10;9;3;3;5;2;0;1;0;0;0;0;1;1;786727,1612;5817022,873;13,21794;52,42807
14863;51173;11;3;3061332;2019;8;11;6;3;3;6;0;1;1;0;0;0;0;0;799968,1485;5830202,487;13,42396;52,53911
14864;51175;11;4;4030417;2019;5;12;4;3;2;6;0;0;1;0;1;0;0;1;791548,3472;5826541,838;13,29696;52,51086
14865;51176;11;7;7040401;2019;7;9;3;3;2;6;0;0;1;0;0;0;0;0;797832,7569;5822646,221;13,38581;52,47255
14866;51177;11;11;11041022;2019;4;15;1;3;0;2;0;0;1;0;1;0;0;0;805676,326;5827388,921;13,50528;52,51072
14867;51178;11;12;12103218;2019;11;14;7;3;5;3;0;0;1;0;0;0;0;1;794470,9714;5834331,347;13,34681;52,57912
14868;51179;11;2;2050602;2019;5;12;4;3;2;2;0;0;1;0;0;0;0;0;803462,4879;5827596,732;13,47295;52,51382
14869;51180;11;2;2050602;2019;8;10;6;3;6;4;0;1;0;1;0;0;0;0;803079,8166;5827651,944;13,46738;52,51453
14870;51181;11;4;4010101;2019;12;6;4;3;2;6;2;0;1;0;0;0;0;0;791384,4449;5830310,428;13,29786;52,54473
14871;51182;11;11;2050602;2019;7;9;3;3;3;6;0;0;1;0;0;1;0;0;803618,1179;5827594,883;13,47524;52,51372
14872;51183;11;4;4020313;2019;4;12;7;2;6;4;0;1;0;1;0;0;0;0;790456,7607;5826365,105;13,28077;52,50986
14873;51184;11;7;7030303;2019;10;20;6;3;2;6;2;0;1;0;0;0;0;0;794749,6785;5822037,534;13,34002;52,46876
14874;51185;11;11;11030721;2019;8;9;6;3;5;2;0;1;0;0;0;0;1;0;804248,0295;5827531,967;13,48443;52,5128
14875;51186;11;7;7040401;2019;7;8;3;2;3;6;0;1;1;0;0;1;0;0;797757,3127;5823903,83;13,38583;52,48386
14876;51187;11;4;4020313;2019;4;12;7;2;6;4;0;1;0;1;0;0;0;0;790456,7607;5826365,105;13,28077;52,50986
14877;51188;11;4;4030724;2019;10;15;3;3;2;6;0;0;1;0;0;0;0;1;790734,9739;5826273,994;13,28478;52,50889
14878;51189;11;7;7040403;2019;6;16;5;3;2;6;0;0;1;0;0;0;1;1;796848,0267;5822389,394;13,37113;52,47078
14879;51190;11;3;3071639;2019;8;6;5;3;3;6;1;1;0;0;0;0;0;0;800498,005;5829767,663;13,43136;52,53492
14880;51191;11;3;3061429;2019;12;21;5;3;0;3;2;1;0;0;0;0;1;1;800986,7256;5830506,252;13,43921;52,54127
14881;51192;11;1;1011105;2019;5;13;4;3;6;4;0;0;1;1;0;0;0;0;796759,385;5826667,672;13,37364;52,50918
14882;51193;11;7;7040403;2019;4;23;7;3;2;6;2;0;1;0;0;0;0;0;796845,6976;5822389,964;13,37109;52,47079
14883;51194;11;3;3061131;2019;11;0;1;3;6;7;2;1;0;1;0;0;0;0;799180,9421;5830873,102;13,413;52,54555
14884;51195;11;10;10010204;2019;5;14;3;3;5;3;0;0;1;0;0;1;0;0;808897,2271;5833397,735;13,55818;52,56276
14885;51196;11;12;12301203;2019;11;8;5;3;0;2;0;1;1;0;0;0;0;1;794093,9168;5835024,909;13,34188;52,58554
14886;51197;11;6;6010101;2019;7;18;3;3;8;1;0;0;1;0;0;0;0;0;793152,7605;5820216,118;13,31497;52,45329
14887;51198;11;1;1011201;2019;4;23;7;3;2;6;2;0;1;0;0;0;0;0;797658,2267;5826834,099;13,38699;52,51018
14888;51199;11;7;7070701;2019;10;18;7;2;2;6;2;0;1;0;1;0;0;0;799523,0994;5815623,211;13,40433;52,40867
14889;51200;11;1;1011201;2019;8;22;5;3;5;2;2;1;0;0;1;0;0;0;796966,731;5826707,264;13,37672;52,50942
14890;51202;11;2;2050602;2019;5;18;3;2;6;7;0;1;0;1;0;0;0;0;802422,0234;5827702,723;13,45776;52,51535
14891;51203;11;2;2040703;2019;7;3;3;3;6;7;2;0;0;1;0;0;1;0;801904,1193;5826621,215;13,44917;52,50594
14892;51204;11;3;3061332;2019;4;13;7;3;3;6;0;0;1;0;1;0;0;0;799192,1287;5830358,66;13,4127;52,54093
14893;51205;11;1;1011105;2019;6;15;7;2;5;3;0;0;1;0;1;0;0;0;796438,4944;5826320,124;13,36861;52,50624
14894;51206;11;12;12301205;2019;8;20;5;3;0;1;2;1;0;0;0;0;0;0;792650,2794;5837493,802;13,32281;52,60845
14895;51207;11;7;7050502;2019;12;12;1;3;5;2;0;0;1;0;0;0;0;1;797841,9927;5818949,221;13,38265;52,4394
14896;51208;11;4;4010101;2019;5;21;3;2;8;1;2;0;0;0;1;0;0;1;790989,3802;5829001,855;13,2909;52,53321
14897;51209;11;3;3020209;2019;7;15;3;3;0;1;0;1;0;0;0;0;0;0;797952,043;5834558,36;13,39824;52,57926
14898;51210;11;4;4030622;2019;11;10;2;3;5;2;0;1;1;0;0;0;0;1;792734,8139;5826741,163;13,31457;52,51201
14899;51211;11;10;10040933;2019;7;15;3;3;2;6;0;0;1;0;1;0;0;0;812736,8524;5827175,302;13,60878;52,5048
14900;51212;11;3;3061131;2019;4;0;7;3;4;6;2;1;0;0;0;0;0;0;799179,6864;5831080,741;13,41316;52,54741
14901;51213;11;4;4030622;2019;10;13;1;3;2;2;0;0;1;0;0;0;0;0;792111,5463;5826636,737;13,30532;52,51141
14902;51214;11;4;4020313;2019;8;17;5;3;3;6;0;0;1;0;1;0;0;0;790589,0886;5826405,881;13,28275;52,51015
14903;51216;11;3;3061126;2019;5;10;3;3;5;2;0;1;1;0;0;0;0;0;799197,1656;5831456,209;13,41376;52,55077
14904;51217;11;6;6030605;2019;7;2;3;3;3;6;2;0;1;0;0;0;1;0;792928,5864;5820077,022;13,31156;52,45217
14905;51218;11;6;6040701;2019;4;15;7;2;5;7;0;0;1;0;1;0;0;0;781838,5869;5815614,26;13,14504;52,41798
14906;51219;11;4;4020313;2019;11;13;3;3;2;6;0;0;1;0;0;0;0;0;790523,4578;5826376,255;13,28176;52,50992
14907;51220;11;1;1011304;2019;6;8;4;3;6;4;0;0;0;1;1;0;0;0;800022,4265;5828095,788;13,42286;52,5202
14908;51221;11;1;1011304;2019;8;15;5;3;0;7;0;1;0;0;0;0;0;0;799788,5207;5828166,408;13,41949;52,52096
14909;51222;11;3;3020209;2019;12;21;7;3;0;6;2;0;1;0;0;0;0;1;798340,5187;5834789,053;13,40416;52,58111
14910;51223;11;2;2050602;2019;7;14;2;3;3;2;0;0;1;0;1;0;0;0;803498,3546;5827608,623;13,47349;52,51391
14911;51224;11;3;3061435;2019;10;16;3;3;2;6;1;0;1;0;0;0;0;0;801399,3683;5829219,087;13,44411;52,5295
14912;51225;11;4;4051655;2019;8;13;5;3;2;6;0;0;1;0;0;0;0;0;794052,6739;5823007,573;13,33064;52,47783
14913;51226;11;2;2050602;2019;7;15;2;3;2;2;0;1;0;0;0;0;0;0;802769,3897;5827667,874;13,46283;52,51484
14914;51227;11;1;1011303;2019;4;11;7;3;2;6;0;0;1;0;0;0;0;0;799252,3911;5827861,695;13,41134;52,51852
14915;51228;11;7;7040403;2019;10;12;2;3;2;6;0;0;1;0;0;0;0;0;797376,4581;5822340,351;13,37884;52,47005
14916;51229;11;11;11041027;2019;6;9;2;3;6;6;0;1;0;1;0;0;0;0;806962,6278;5827389,403;13,52418;52,51
14917;51230;11;7;7070701;2019;8;12;5;3;1;5;0;0;1;0;0;0;1;0;799288,0612;5816185,571;13,40139;52,41384
14918;51232;11;4;4020314;2019;5;6;3;3;2;6;0;0;1;0;0;0;0;0;790306,4232;5825486,828;13,2778;52,50207
14919;51233;11;4;4041134;2019;4;13;7;3;2;6;0;0;1;0;0;0;1;0;790771,0743;5824852,817;13,28407;52,49613
14920;51234;11;1;1011201;2019;11;17;5;3;5;2;2;1;1;0;0;0;0;0;797680,7469;5826837,742;13,38733;52,5102
14921;51235;11;10;10040933;2019;5;18;2;3;5;7;0;0;1;0;0;0;0;1;813543,92;5827174,346;13,62063;52,50433
14922;51236;11;3;3040513;2019;12;21;3;3;2;6;2;0;1;0;0;0;1;1;798004,2628;5833674,868;13,39821;52,57131
14923;51237;11;4;4020208;2019;7;23;1;3;6;4;2;0;1;1;0;0;0;0;787898,8461;5825957,738;13,24283;52,50756
14924;51238;11;4;4030417;2019;4;15;6;3;3;6;0;0;1;0;1;0;0;0;790800,1478;5826479,343;13,28592;52,5107
14925;51239;11;6;6040703;2019;10;10;4;3;5;3;0;0;1;0;0;0;0;0;786515,8398;5816928,098;13,21476;52,42733
14926;51240;11;4;4020209;2019;8;17;5;2;2;6;0;0;1;0;0;0;0;0;789824,0189;5824849,867;13,27015;52,49661
14927;51242;11;9;9010101;2019;7;21;1;2;5;2;2;0;1;0;1;0;0;0;802673,8828;5825221,099;13,45921;52,49296
14928;51243;11;7;7050501;2019;4;12;6;2;6;2;0;0;1;1;0;0;0;0;797790,813;5818931,747;13,38188;52,43927
14929;51244;11;4;4041134;2019;9;5;2;3;3;6;2;0;1;0;0;0;0;1;790772,1305;5824850,846;13,28408;52,49612
14930;51245;11;11;11030721;2019;6;11;4;3;2;6;0;0;1;0;0;0;0;0;804055,3557;5827536,823;13,48161;52,51295
14931;51246;11;7;7040402;2019;8;12;5;2;2;6;0;0;1;0;0;0;1;0;796822,9132;5822395,543;13,37077;52,47085
14932;51247;11;4;7030303;2019;12;17;6;3;2;6;2;0;1;0;0;0;0;1;795144,9778;5822973,611;13,34665;52,47694
14933;51248;11;4;4041133;2019;5;17;2;3;2;6;0;0;1;0;0;0;0;1;790560,2504;5825137,137;13,28122;52,4988
14934;51249;11;3;3061332;2019;7;22;7;3;5;2;2;0;1;0;0;0;0;1;799988,741;5830196,777;13,42426;52,53905
14935;51250;11;12;12103219;2019;4;9;6;3;0;1;0;0;0;0;1;0;0;0;795707,5875;5832819,407;13,36366;52,5649
14936;51251;11;9;9020601;2019;11;8;6;2;5;2;0;1;0;0;0;0;0;0;806307,6364;5821444,292;13,50909;52,45709
14937;51252;11;7;7020203;2019;8;11;5;3;1;5;0;1;0;0;0;0;1;0;795306,4422;5823638,728;13,34961;52,48282
14938;51253;11;7;7050501;2019;11;13;3;3;1;5;0;0;1;0;0;0;0;0;798063,2555;5819356,789;13,38626;52,44293
14939;51254;11;7;7040401;2019;7;18;7;3;2;6;0;0;1;0;0;0;0;0;797778,0468;5823813,919;13,38605;52,48304
14940;51255;11;1;1011303;2019;4;9;6;3;0;7;0;1;0;0;0;1;0;0;799329,4072;5827978,554;13,41257;52,51953
14941;51256;11;4;4041137;2019;10;13;5;3;2;6;0;0;1;0;0;1;0;0;791759,6284;5824177,686;13,298;52,48955
14942;51257;11;7;7020202;2019;8;16;4;3;6;4;0;0;0;1;1;0;0;0;795341,8289;5823442,188;13,34995;52,48103
14943;51259;11;6;6040701;2019;5;21;2;2;5;2;1;1;1;0;0;0;0;1;783889,7379;5815936,8;13,1754;52,41981
14944;51260;11;1;1022202;2019;7;15;7;3;2;6;0;0;1;0;1;0;0;1;795884,4406;5829550,897;13,36335;52,5355
14945;51261;11;7;7040401;2019;4;20;6;3;1;5;1;0;1;0;0;0;0;0;797803,9875;5822926,065;13,38564;52,47507
14946;51262;11;4;4030417;2019;6;18;6;3;0;1;0;1;0;0;0;0;0;0;791686,6024;5826565,063;13,29902;52,511
14947;51263;11;11;11030721;2019;8;16;4;3;5;2;0;0;1;1;0;0;0;0;803720,0838;5827586,525;13,47673;52,51358
14948;51264;11;7;7040405;2019;12;10;6;3;2;6;0;0;1;0;0;1;0;0;798145,6072;5822274,338;13,39007;52,46904
14949;51265;11;4;4041137;2019;5;19;2;2;0;1;0;0;0;0;1;0;0;1;791262,0177;5824599,15;13,29106;52,4936
14950;51266;11;4;4020209;2019;7;14;7;3;2;6;0;0;1;0;0;0;0;0;789936,0373;5824993,838;13,27192;52,49784
14951;51267;11;3;3061434;2019;11;21;6;2;6;4;2;0;1;1;0;0;0;1;800915,2005;5829686,33;13,43742;52,53396
14952;51268;11;3;3061332;2019;7;18;6;3;6;7;0;0;0;1;0;0;1;0;799218,6642;5830353,534;13,41308;52,54087
14953;51269;11;2;2050602;2019;4;21;6;2;6;4;2;0;1;1;0;0;0;0;802887,6635;5827671,462;13,46457;52,51481
14954;51270;11;7;7040405;2019;10;16;6;3;2;6;0;0;1;0;0;0;0;0;798519,8191;5822084,629;13,39539;52,46714
14955;51271;11;3;3071633;2019;8;8;4;3;5;3;0;1;0;0;0;0;0;0;800305,6534;5830074,187;13,42881;52,53777
14956;51273;11;10;10010206;2019;5;15;2;2;5;3;0;1;1;0;0;0;0;0;808587,4371;5832617,592;13,5529;52,55594
14957;51274;11;1;1011303;2019;8;17;3;3;3;2;0;1;1;0;0;0;0;0;799760,5323;5828624,843;13,41949;52,52508
14958;51275;11;1;1033203;2019;11;9;4;3;5;3;0;1;1;0;0;0;0;0;796197,723;5830205,585;13,36854;52,5412
14959;51276;11;6;6030503;2019;7;9;6;2;0;4;0;1;0;1;0;0;0;0;789190,7198;5817994,927;13,25491;52,43549
14960;51277;11;3;3020209;2019;4;21;5;3;2;6;2;0;1;0;0;0;0;0;797962,4342;5834550,083;13,39838;52,57918
14961;51278;11;4;4020313;2019;10;14;6;3;2;6;0;0;1;0;1;0;0;0;790661,8532;5826399,274;13,28381;52,51006
14962;51279;11;3;3040818;2019;8;17;3;3;2;6;0;0;1;0;0;0;0;0;800046,5772;5833714,748;13,42829;52,57055
14963;51281;11;4;4010101;2019;5;7;2;3;2;6;0;0;1;0;0;1;0;0;790679,3432;5828859,441;13,28622;52,5321
14964;51282;11;1;1033203;2019;7;21;6;3;5;3;1;0;1;0;0;0;0;0;796248,2138;5829982,307;13,36908;52,53917
14965;51283;11;3;3061131;2019;4;18;5;3;3;6;0;1;0;0;0;0;0;0;799162,5329;5830671,427;13,41254;52,54375
14966;51284;11;7;7050501;2019;6;13;6;3;6;7;0;0;1;1;0;0;0;0;797898,4907;5820269,106;13,38466;52,4512
14967;51285;11;2;2040703;2019;8;15;3;3;3;6;0;1;0;0;0;0;1;0;801833,7485;5826409,226;13,44795;52,50408
14968;51286;11;3;3061332;2019;12;2;7;3;0;1;2;0;0;0;1;0;0;1;799256,9428;5830346,139;13,41364;52,54079
14969;51287;11;9;9010302;2019;5;7;2;3;0;7;0;0;0;0;0;0;1;0;803176,3054;5820757,156;13,46253;52,45268
14970;51288;11;7;7020203;2019;7;20;6;3;0;7;1;1;1;0;0;0;0;0;795900,4905;5824346,081;13,35896;52,48883
14971;51289;11;3;3071638;2019;4;15;5;2;2;2;0;1;0;0;1;0;0;0;800032,5132;5828977,109;13,4238;52,52809
14972;51290;11;4;4041137;2019;11;12;1;3;0;7;0;0;0;0;1;0;0;1;791423,6509;5824487,905;13,29333;52,49251
14973;51291;11;1;1011201;2019;7;18;6;3;4;7;0;1;0;0;0;0;1;0;796947,9663;5826723,715;13,37646;52,50958
14974;51292;11;1;1011102;2019;4;15;5;3;0;1;0;1;0;0;0;0;0;0;794461,4601;5827039,688;13,34021;52,51376
14975;51293;11;6;6030503;2019;10;0;7;2;5;2;2;1;1;0;0;0;0;0;791047,9857;5818810,087;13,28286;52,44181
14976;51294;11;3;3061429;2019;8;13;3;3;6;4;0;1;0;1;0;0;0;0;800964,8492;5830471,871;13,43886;52,54097
14977;51296;11;1;1033203;2019;5;9;2;3;2;6;0;0;1;0;1;0;0;0;796209,4331;5830216,175;13,36872;52,54129
14978;51297;11;4;4051656;2019;7;13;6;3;2;6;0;0;1;0;0;0;0;0;793657,8858;5822996,356;13,32483;52,47795
14979;51298;11;4;4020314;2019;4;10;5;3;3;6;0;0;1;0;0;0;0;0;790524,9899;5825555,495;13,28107;52,50256
14980;51299;11;10;10040933;2019;11;16;2;3;6;2;1;0;1;1;0;0;0;1;813535,5481;5827175,354;13,62051;52,50435
14981;51300;11;6;6030605;2019;6;18;3;3;2;6;0;0;1;0;1;0;0;0;791486,9933;5819087,176;13,28955;52,44406
14982;51301;11;4;4030417;2019;8;8;3;3;6;4;0;0;0;1;0;0;1;0;791225,584;5826509,518;13,29219;52,51074
14983;51302;11;4;4041239;2019;12;21;6;3;3;6;2;0;1;0;0;1;0;1;792322,6885;5823565,338;13,30573;52,48376
14984;51303;11;8;8010510;2019;7;13;6;3;2;6;0;0;1;0;1;0;0;1;802701,2285;5821622,715;13,45634;52,4607
14985;51304;11;6;6040701;2019;4;17;4;3;5;7;0;0;1;0;1;0;0;0;782691,7981;5815809,605;13,15772;52,41929
14986;51305;11;7;7020203;2019;10;22;2;3;1;5;2;1;1;0;0;0;0;0;795609,6256;5823904,827;13,35429;52,48504
14987;51306;11;9;9020601;2019;8;8;3;3;5;2;0;1;0;0;0;1;0;0;806755,264;5821005,241;13,51526;52,4529
14988;51307;11;4;4030622;2019;7;12;6;3;0;6;0;0;1;0;1;0;0;1;792307,2882;5826690,76;13,30825;52,51179
14989;51308;11;9;9010402;2019;4;16;4;3;2;6;0;0;1;0;0;0;0;0;806237,1678;5818433,814;13,5053;52,43015
14990;51309;11;4;4041137;2019;10;7;1;3;2;6;0;0;1;0;0;0;0;0;791554,328;5824359,977;13,29514;52,4913
14991;51310;11;5;5040936;2019;6;10;7;3;0;3;0;1;1;0;0;0;0;0;780179,2403;5822276,784;13,1263;52,47858
14992;51311;11;7;7030303;2019;8;19;3;2;0;6;0;0;1;0;1;0;0;0;795295,7511;5822728,085;13,34864;52,47466
14993;51313;11;3;3061126;2019;5;9;2;3;5;2;0;1;1;0;0;0;0;0;799197,1111;5831455,217;13,41376;52,55076
14994;51314;11;1;1022202;2019;4;16;4;3;2;6;0;0;1;0;0;0;0;0;796186,446;5829111,311;13,3674;52,5314
14995;51315;11;1;1011304;2019;11;9;4;3;5;3;0;1;1;0;0;0;0;0;800017,9531;5828097,722;13,4228;52,52022
14996;51316;11;2;2050602;2019;5;13;1;3;5;3;0;0;1;0;1;0;0;0;802179,5497;5827722,558;13,45422;52,51566
14997;51317;11;11;11041022;2019;12;8;2;3;2;6;1;0;1;0;0;0;1;0;806222,5356;5827368,213;13,51329;52,51023
14998;51318;11;1;1011303;2019;7;16;6;3;1;5;0;1;1;0;0;0;0;0;799641,7331;5828421,185;13,41756;52,52332
14999;51319;11;3;3071638;2019;4;8;4;3;5;2;0;1;1;0;0;0;0;0;800024,0305;5829000,649;13,4237;52,52831
15000;51320;11;4;4041134;2019;10;19;3;3;9;1;2;0;1;0;0;0;0;0;790984,3289;5824647,066;13,28702;52,49418
15001;51321;11;1;1011303;2019;8;12;3;3;2;2;0;1;0;0;0;1;0;0;799552,2964;5828281,397;13,41612;52,52212
15002;51323;11;1;1011202;2019;7;9;6;3;0;7;0;0;1;0;1;0;0;1;796932,0132;5827450,009;13,37687;52,5161
15003;51324;11;3;3020209;2019;4;8;4;3;5;3;0;0;1;0;0;0;0;0;798165,6306;5836121,299;13,40279;52,59315
15004;51325;11;4;4041342;2019;9;16;7;3;0;6;0;0;0;0;1;1;0;1;792468,6074;5822720,802;13,30713;52,47611
15005;51326;11;2;2050602;2019;6;16;3;3;2;6;0;1;1;0;0;0;0;0;803173,4013;5827625,779;13,46873;52,51424
15006;51327;11;9;9020601;2019;8;15;2;3;3;6;0;0;1;0;0;0;0;0;806704,6885;5821033,604;13,51454;52,45319
15007;51328;11;3;3040513;2019;12;16;6;3;5;3;2;0;1;0;0;0;1;1;798042,2336;5833911,476;13,39898;52,57341
15008;51329;11;4;4030622;2019;5;11;1;2;1;5;0;1;1;0;0;0;0;0;792532,2514;5826707,05;13,31157;52,51182
15009;51330;11;3;3051017;2019;7;8;6;3;2;6;0;0;1;0;0;0;0;1;802794,5225;5832859,632;13,46793;52,56136
15010;51331;11;6;6040701;2019;4;17;3;2;5;7;0;0;1;0;1;0;0;0;783794,359;5815996,405;13,17405;52,4204
15011;51332;11;10;10040933;2019;11;8;5;3;2;6;0;0;1;0;0;0;0;1;813259,4902;5827202,624;13,61648;52,50475
15012;51333;11;5;5020629;2019;11;7;2;3;2;6;0;0;1;0;0;0;0;1;785343,595;5826226,064;13,20552;52,51131
15013;51334;11;4;4020311;2019;7;7;6;3;5;2;0;1;0;0;0;0;1;1;790174,4191;5826317,71;13,27658;52,50958
15014;51335;11;4;4010101;2019;4;20;3;3;2;6;2;0;1;0;0;0;0;0;791186,979;5829532,788;13,29427;52,53787
15015;51336;11;1;1011303;2019;10;12;4;3;5;5;0;0;1;0;0;0;0;1;799212,98;5827854,357;13,41075;52,51848
15016;51337;11;1;1011201;2019;8;15;2;3;2;6;0;1;0;0;0;0;0;0;797174,2038;5826753,806;13,37981;52,50973
15017;51339;11;7;7050501;2019;5;5;1;2;1;5;0;0;1;0;0;0;0;0;797932,7636;5820079,213;13,38499;52,44948
15018;51340;11;2;2050601;2019;7;7;6;3;5;2;0;1;1;0;0;0;0;1;801682,241;5828879,222;13,44796;52,5263
15019;51341;11;10;10030726;2019;4;12;3;3;2;6;0;0;1;0;0;1;0;0;809332,2605;5827392,717;13,55899;52,50869
15020;51342;11;2;2050801;2019;6;1;5;3;5;2;2;1;1;0;0;0;0;1;802133,7895;5827644,818;13,45347;52,51499
15021;51343;11;1;1033203;2019;8;11;2;3;5;3;0;1;0;0;0;0;1;0;796274,416;5830256,427;13,36971;52,54161