;OBJECTID;LAND;BEZ;LOR;UJAHR;UMONAT;USTUNDE;UWOCHENTAG;UKATEGORIE;UART;UTYP1;ULICHTVERH;IstRad;IstPKW;IstFuss;IstKrad;IstGkfz;IstSonstige;USTRZUSTAND;LINREFX;LINREFY;XGCSWGS84;YGCSWGS84
15233;51567;11;6;6030503;2019;8;9;5;3;5;2;0;1;1;0;0;0;0;0;789559,9922;5817980,314;13,26031;52,43516
15234;51568;11;10;10010204;2019;7;19;4;3;5;3;0;0;1;0;0;0;0;0;808905,6465;5833417,094;13,55832;52,56292
15235;51569;11;4;4020208;2019;3;18;2;3;5;3;1;0;1;0;0;0;0;0;787161,9085;5825838,962;13,2319;52,50689
15236;51570;11;12;12214422;2019;10;6;2;3;3;6;2;0;1;0;0;1;0;0;791651,5794;5833559,513;13,30464;52,57372
15237;51571;11;3;3020209;2019;6;11;1;3;5;2;0;1;1;0;0;0;0;0;798113,4044;5835762,425;13,40169;52,58996
15238;51572;11;2;2040701;2019;8;19;5;3;6;7;0;0;0;1;0;0;1;0;800630,2555;5827889,775;13,43161;52,51801
15239;51574;11;12;12214125;2019;5;12;4;3;3;6;0;0;1;0;1;0;0;0;792107,3135;5831888,42;13,30988;52,55849
15240;51575;11;10;10030726;2019;3;11;2;3;5;2;0;0;1;0;0;0;0;1;808936,8692;5827406,556;13,55319;52,50904
15241;51576;11;6;6030503;2019;11;20;4;3;5;2;2;0;1;0;0;0;0;1;789567,884;5817964,126;13,26042;52,43501
15242;51577;11;4;4041134;2019;5;9;4;2;2;6;0;0;1;0;1;0;0;0;791190,0689;5824633,724;13,29003;52,49395
15243;51578;11;7;7010104;2019;12;14;2;3;6;4;0;0;1;1;0;0;0;0;796071,8033;5825476,637;13,36248;52,49888
15244;51579;11;3;3061228;2019;7;19;4;3;1;5;0;1;0;0;0;0;1;0;800270,7571;5831439,281;13,42953;52,55003
15245;51580;11;7;7040402;2019;3;14;2;2;2;6;0;0;1;0;0;0;0;1;796430,668;5822603,567;13,36519;52,47293
15246;51581;11;6;6040703;2019;10;17;4;2;9;1;2;0;1;0;0;0;0;0;785748,0706;5816442,886;13,20308;52,42338
15247;51582;11;12;12301204;2019;8;17;4;3;5;3;0;0;1;0;0;0;0;0;793418,6359;5836163,675;13,33295;52,59611
15248;51584;11;12;12302212;2019;6;10;4;3;5;3;0;1;1;0;0;0;0;0;792784,1119;5837340,844;13,32465;52,60701
15249;51585;11;6;6040703;2019;8;17;4;2;0;7;0;1;0;0;0;0;0;0;786353,2788;5816879,974;13,21233;52,42699
15250;51586;11;2;2040703;2019;12;19;1;3;6;6;2;1;0;1;0;0;0;1;801839,8638;5826426,354;13,44805;52,50423
15251;51587;11;3;3040818;2019;7;16;4;3;5;3;0;1;1;0;0;0;0;0;800037,0538;5833451,998;13,42791;52,5682
15252;51588;11;6;6040701;2019;9;17;4;3;1;1;0;0;1;0;0;0;0;1;778814,0268;5814981,864;13,10016;52,41386
15253;51589;11;7;7050501;2019;10;11;4;3;1;5;0;1;1;0;0;0;0;0;797981,3413;5819862,755;13,38551;52,44752
15254;51590;11;4;4051656;2019;8;7;4;2;2;6;0;0;0;0;1;0;1;0;793666,3959;5822996,787;13,32496;52,47795
15255;51591;11;1;1011202;2019;7;13;4;3;3;6;0;0;1;0;1;0;0;0;798196,0169;5827671,08;13,39564;52,51739
15256;51592;11;4;4051655;2019;3;15;2;3;2;6;0;0;1;0;0;0;0;0;793967,8945;5823000,84;13,32939;52,47782
15257;51593;11;12;12103218;2019;10;13;3;3;2;6;0;0;1;0;0;1;0;1;794591,6065;5833807,497;13,34812;52,57436
15258;51594;11;4;4020310;2019;8;5;4;3;3;6;1;0;1;0;0;0;0;0;790479,3397;5828454,33;13,28293;52,52858
15259;51596;11;3;3061434;2019;5;9;4;3;2;6;0;0;1;0;1;0;0;0;800659,628;5830030,149;13,43397;52,53718
15260;51597;11;2;2050601;2019;7;10;4;3;0;5;0;1;0;0;0;0;1;0;802041,2372;5828082,462;13,45251;52,51896
15261;51598;11;6;6030503;2019;3;13;2;2;5;3;0;0;1;0;0;0;0;1;790944,2677;5818772,125;13,28131;52,44153
15262;51599;11;2;2050602;2019;11;9;5;3;5;3;0;1;1;0;0;0;0;0;802119,8959;5828034,867;13,45362;52,51849
15263;51600;11;2;2050602;2019;5;8;4;3;5;3;0;1;1;0;0;0;0;0;802576,8721;5827703,156;13,46004;52,51526
15264;51601;11;1;1033203;2019;12;18;3;3;2;6;2;0;1;0;0;0;0;1;796277,0601;5830013,147;13,36953;52,53943
15265;51602;11;4;4051551;2019;7;15;4;3;2;6;0;0;1;0;1;0;0;0;793224,523;5823009,019;13,31848;52,47829
15266;51603;11;11;11010101;2019;3;10;1;3;5;2;0;1;1;0;0;0;0;0;803685,612;5835336,13;13,48331;52,58306
15267;51604;11;12;12103117;2019;10;19;5;3;2;6;2;0;1;0;1;0;0;0;795841,4434;5832182,231;13,36506;52,55911
15268;51605;11;1;1011303;2019;8;15;4;3;6;6;0;0;0;1;0;0;1;0;799557,908;5828277,886;13,4162;52,52208
15269;51607;11;10;10010309;2019;7;20;3;3;5;3;0;0;1;0;0;0;0;0;807685,5835;5829675,058;13,53691;52,53008
15270;51608;11;3;3061126;2019;3;18;1;3;3;6;1;0;1;0;1;0;0;0;799235,117;5831712,909;13,41455;52,55305
15271;51609;11;12;12103218;2019;9;14;2;3;5;2;0;1;0;0;0;1;0;0;794572,2234;5833816,935;13,34784;52,57445
15272;51610;11;9;9010301;2019;6;7;4;3;5;2;0;0;1;0;1;0;0;0;805161,2417;5822577,895;13,49331;52,46789
15273;51611;11;11;11030721;2019;8;12;4;3;6;4;0;1;0;1;0;0;0;0;803720,4867;5827586,492;13,47673;52,51358
15274;51612;11;9;9010101;2019;12;10;7;3;3;6;0;0;1;0;0;0;0;1;802841,4141;5825466,055;13,46189;52,49507
15275;51613;11;10;10010308;2019;5;22;4;2;0;1;2;1;0;0;0;0;0;0;808205,888;5827481,044;13,54252;52,51012
15276;51614;11;12;12103219;2019;7;12;3;3;6;4;0;1;0;1;0;0;0;0;795759,6226;5832647,769;13,36427;52,56333
15277;51615;11;4;4030622;2019;3;11;7;3;2;6;0;0;1;0;0;0;0;0;791946,7059;5826608,948;13,30288;52,51125
15278;51616;11;3;3061332;2019;11;22;6;2;6;7;2;0;1;1;0;0;0;1;799232,4818;5830360,912;13,41329;52,54093
15279;51617;11;7;7010104;2019;11;16;3;3;3;6;2;0;1;0;1;0;0;0;796002,3744;5824606,71;13,36068;52,49112
15280;51618;11;1;1011102;2019;7;18;3;3;5;2;0;1;1;0;0;0;0;0;796448,883;5827390,066;13,36972;52,51582
15281;51619;11;4;4010101;2019;3;14;7;2;2;6;0;0;1;0;0;0;0;0;790528,039;5828623,17;13,28379;52,53006
15282;51620;11;4;4010101;2019;10;20;5;3;2;6;2;0;1;0;0;0;0;0;790649,6229;5828805,552;13,28574;52,53164
15283;51621;11;10;10040933;2019;8;10;4;3;2;6;0;0;0;0;0;1;1;0;813517,1685;5827163,631;13,62023;52,50425
15284;51623;11;2;2050601;2019;5;18;4;3;5;2;0;1;1;0;0;0;0;0;801681,43;5828880,887;13,44795;52,52632
15285;51624;11;6;6040703;2019;9;16;4;3;0;7;0;0;1;0;0;0;0;1;785296,7529;5818126,6;13,1979;52,43872
15286;51625;11;2;2040703;2019;7;1;3;3;6;4;2;0;1;1;0;0;0;0;801832,6717;5826406,21;13,44793;52,50405
15287;51626;11;10;10010310;2019;3;16;7;3;2;4;0;0;1;1;0;1;0;0;807741,9955;5830568,99;13,53857;52,53806
15288;51627;11;2;2050602;2019;6;11;6;3;6;4;0;1;0;1;0;0;0;0;802965,243;5827663,582;13,46571;52,51469
15289;51628;11;1;1011105;2019;8;10;4;2;6;4;0;1;0;1;0;0;0;0;796753,7114;5826688,729;13,37357;52,50937
15290;51629;11;7;7050502;2019;12;22;6;3;0;1;2;0;0;0;1;0;0;0;798587,065;5817928,991;13,39267;52,42985
15291;51630;11;1;1011102;2019;5;11;3;3;0;7;0;1;0;0;0;0;0;0;796341,9513;5827359,311;13,36812;52,51561
15292;51631;11;3;3040818;2019;7;17;2;3;2;6;0;0;1;0;0;0;1;0;800068,211;5833964,478;13,42884;52,57277
15293;51632;11;6;6040701;2019;3;21;7;3;5;3;2;0;1;0;0;0;1;0;783872,0709;5815945,427;13,17514;52,4199
15294;51633;11;2;2050602;2019;11;3;7;3;5;3;2;0;1;0;0;0;1;1;803314,3808;5827611,864;13,47079;52,51404
15295;51634;11;2;2010101;2019;7;17;2;3;2;6;0;0;1;0;0;0;0;0;797289,4801;5825592,967;13,38047;52,49926
15296;51635;11;4;4041134;2019;3;13;6;3;3;6;0;0;1;0;0;0;1;0;790664,1556;5824993,776;13,28262;52,49745
15297;51636;11;2;2050602;2019;10;18;6;3;5;2;2;0;1;0;0;0;0;1;802146,9379;5827744,22;13,45376;52,51587
15298;51637;11;1;1011202;2019;8;10;4;3;3;6;0;1;1;0;0;0;0;0;797799,0545;5827595,386;13,38974;52,51693
15299;51639;11;3;3061429;2019;5;19;3;3;3;6;1;1;0;0;0;0;0;0;800985,0514;5830503,538;13,43919;52,54125
15300;51640;11;12;12301203;2019;7;12;2;3;5;3;0;1;1;0;0;0;0;0;793552,5689;5835835,292;13,33463;52,5931
15301;51641;11;2;2040501;2019;3;7;6;2;3;5;0;1;0;0;0;1;0;0;799825,808;5828730,512;13,42054;52,52599
15302;51642;11;5;5020524;2019;11;17;2;2;6;4;2;0;1;1;0;0;0;1;783517,187;5826715,15;13,17909;52,51665
15303;51643;11;10;10010206;2019;6;21;3;2;2;6;2;0;1;0;0;0;0;0;808323,5527;5832068,282;13,54851;52,55117
15304;51644;11;11;11030721;2019;8;20;3;3;5;2;1;1;1;0;0;0;0;0;804246,8861;5827532,079;13,48442;52,5128
15305;51645;11;2;2010101;2019;12;18;6;3;3;6;2;0;1;0;1;0;0;1;797270,414;5825597,445;13,38019;52,49931
15306;51646;11;3;3020209;2019;7;10;2;3;1;5;0;1;1;0;0;0;0;0;798256,1563;5834745,759;13,40288;52,58077
15307;51647;11;7;7050502;2019;9;12;4;3;0;1;0;0;0;0;1;0;0;1;797480,5118;5817992,549;13,3765;52,43102
15308;51648;11;7;7050506;2019;3;4;6;3;1;5;2;0;1;0;0;0;0;0;798761,9309;5817448,101;13,3948;52,42544
15309;51649;11;11;11030721;2019;10;15;2;3;2;6;0;0;1;0;0;0;0;0;804463,8903;5827510,012;13,48758;52,51248
15310;51650;11;4;4041134;2019;8;17;3;3;2;6;0;0;1;0;0;0;0;0;790928,519;5824683,9;13,28623;52,49454
15311;51651;11;7;7050502;2019;7;11;2;3;5;3;0;0;1;0;0;0;0;0;797550,3388;5818305,246;13,3778;52,43379
15312;51652;11;3;3071639;2019;3;12;6;3;6;4;0;0;1;1;0;0;0;0;800302,4708;5829454,412;13,4282;52,53222
15313;51653;11;7;7010104;2019;10;21;7;2;3;6;2;1;1;0;0;0;0;1;796006,2673;5825100,501;13,36118;52,49554
15314;51654;11;9;9020601;2019;6;12;7;3;2;2;0;0;1;0;0;0;1;0;806743,136;5821017,248;13,51509;52,45302
15315;51655;11;4;4010101;2019;8;14;3;3;2;6;0;0;1;0;0;0;0;0;791525,3342;5830618,584;13,3002;52,54742
15316;51657;11;7;7050502;2019;5;18;3;3;5;2;0;1;1;0;0;0;0;0;797560,1968;5818348,521;13,37798;52,43417
15317;51658;11;6;6040702;2019;3;20;5;3;2;6;2;0;1;0;0;0;0;0;785183,4067;5816009,336;13,19443;52,41979
15318;51659;11;12;12103115;2019;11;14;3;3;2;6;0;0;1;0;0;0;0;0;795354,3248;5833735,888;13,35928;52,5733
15319;51660;11;3;3061131;2019;5;17;3;3;0;6;0;0;1;0;0;0;1;0;799147,3902;5830774,018;13,41241;52,54468
15320;51661;11;4;4020313;2019;12;12;1;3;2;6;0;0;1;0;0;0;0;0;790676,1609;5827056,134;13,2846;52,51594
15321;51662;11;7;7070706;2019;7;11;2;3;5;3;0;1;0;0;0;0;0;0;800144,919;5813083,223;13,41117;52,38556
15322;51663;11;12;12214527;2019;3;15;5;2;2;6;0;0;1;0;0;0;0;0;790688,1414;5834901,369;13,29164;52,58626
15323;51664;11;2;2010101;2019;10;18;3;3;5;3;1;1;1;0;0;0;0;0;797033,4452;5825871,963;13,37695;52,5019
15324;51665;11;4;4030623;2019;8;9;3;3;5;5;0;0;1;0;0;0;0;0;793530,1804;5826879,716;13,32638;52,51283
15325;51667;11;12;12301203;2019;9;11;4;3;2;6;0;0;1;0;0;0;1;1;793461,5389;5835935,336;13,33338;52,59404
15326;51668;11;1;1044102;2019;7;9;2;2;5;3;0;1;1;0;0;0;0;0;795877,5628;5832065,929;13,36549;52,55805
15327;51669;11;2;2050602;2019;3;13;5;3;2;6;0;0;1;0;0;0;0;0;803575,8673;5827599,493;13,47462;52,51378
15328;51670;11;1;1011303;2019;9;15;7;3;2;6;0;0;1;0;1;0;0;1;799780,2054;5828593,32;13,41975;52,52479
15329;51671;11;2;2050602;2019;6;16;3;2;0;6;0;0;1;0;1;0;0;0;803158,3383;5827627,271;13,46851;52,51426
15330;51672;11;7;7030303;2019;8;18;3;3;2;6;0;0;1;0;0;0;0;0;795695,8197;5823157,98;13,3549;52,4783
15331;51673;11;2;2050602;2019;12;7;4;3;5;2;2;1;1;0;0;0;0;0;802589,4725;5827701,802;13,46022;52,51525
15332;51674;11;4;4020310;2019;5;13;3;3;3;6;0;0;1;0;0;1;0;0;790462,79;5828451,014;13,28268;52,52856
15333;51675;11;2;2050803;2019;7;15;2;3;0;5;0;1;0;0;0;0;1;0;802831,3065;5825819,702;13,46206;52,49824
15334;51676;11;7;7020202;2019;3;8;5;2;5;2;0;0;1;0;1;0;0;0;795340,4482;5823460,913;13,34995;52,4812
15335;51677;11;12;12302212;2019;11;6;4;2;6;2;2;0;1;1;0;0;0;0;792726,6964;5837425,986;13,32388;52,6078
15336;51678;11;6;6030503;2019;11;13;1;3;5;3;0;0;1;0;0;0;0;0;790163,3678;5818265,487;13,26941;52,4374
15337;51679;11;1;1011303;2019;7;14;2;3;0;1;0;1;0;0;0;0;0;0;799164,8063;5828336,733;13,41048;52,52283
15338;51680;11;3;3040818;2019;3;8;4;3;2;6;0;1;1;0;0;0;0;0;798981,5646;5832525,15;13,41155;52,56047
15339;51681;11;3;3010104;2019;10;19;4;3;0;7;2;0;1;0;0;0;0;1;800615,2918;5838918,414;13,44138;52,61687
15340;51682;11;4;4061757;2019;8;18;3;3;3;6;0;0;1;0;0;0;0;0;788403,4015;5822716,164;13,24744;52,47823
15341;51684;11;1;1011102;2019;5;9;3;3;3;6;0;1;0;0;0;0;0;0;796395,1068;5827381,123;13,36892;52,51577
15342;51685;11;4;4030724;2019;9;11;4;3;2;6;0;0;1;0;0;0;0;1;790750,1952;5826318,491;13,28504;52,50928
15343;51686;11;3;3061332;2019;6;18;1;3;5;2;0;1;1;0;0;0;0;0;799969,4387;5830202,222;13,42398;52,53911
15344;51687;11;3;3030716;2019;3;12;4;2;4;6;0;0;1;0;0;0;0;0;803617,9172;5833949,872;13,48104;52,57067
15345;51688;11;2;2020202;2019;6;18;5;3;3;6;0;0;0;0;1;0;1;0;797888,9733;5825475,097;13,38917;52,49787
15346;51689;11;12;12301205;2019;8;9;3;2;5;3;0;0;1;0;1;0;0;0;792366,8111;5837742,379;13,31886;52,61083
15347;51690;11;3;3061332;2019;12;16;3;3;1;5;2;1;0;0;0;0;1;1;799408,5844;5830311,762;13,41584;52,5404
15348;51691;11;3;3040818;2019;5;7;3;3;5;2;0;1;1;0;0;0;0;0;798986,0517;5832517,149;13,41161;52,5604
15349;51692;11;10;10040830;2019;6;12;1;3;2;6;0;0;1;0;0;0;0;0;810870,4032;5827099,286;13,5813;52,50519
15350;51693;11;7;7050502;2019;9;15;4;3;3;6;0;0;0;0;0;1;1;1;797907,708;5818832,246;13,38351;52,43832
15351;51694;11;4;4051656;2019;9;7;3;3;2;6;0;0;1;0;0;0;0;0;793428,49;5822988,127;13,32146;52,478
15352;51695;11;3;3010104;2019;6;11;1;3;2;6;0;0;1;0;0;0;0;0;800882,3927;5838672,216;13,44509;52,61452
15353;51696;11;2;2050601;2019;3;8;3;3;5;2;0;1;1;0;0;0;0;0;801643,5413;5828891,937;13,4474;52,52644
15354;51697;11;4;4020314;2019;9;15;1;3;9;1;0;0;1;0;0;0;0;1;790014,0486;5825102,082;13,27316;52,49877
15355;51698;11;1;1011202;2019;6;12;4;3;3;6;0;1;0;0;0;0;1;0;797333,0537;5827548,511;13,38285;52,51676
15356;51699;11;4;4020313;2019;8;9;3;3;5;2;0;0;1;0;0;0;0;0;790527,7224;5826395,576;13,28184;52,51009
15357;51700;11;7;7050501;2019;12;17;6;3;2;6;2;0;1;0;0;0;0;0;797953,4285;5820021,885;13,38524;52,44896
15358;51701;11;1;1011204;2019;5;14;3;3;5;3;0;0;1;0;0;0;1;0;798774,4349;5827160,772;13,40368;52,5125
15359;51702;11;7;7030303;2019;6;1;7;3;8;1;2;0;1;0;0;0;0;0;795712,025;5823161,087;13,35514;52,47831
15360;51703;11;2;2020202;2019;3;8;3;2;1;5;0;0;1;0;1;0;0;0;797784,3283;5825472,631;13,38763;52,49791
15361;51704;11;4;4020314;2019;11;23;5;3;3;6;2;0;1;0;0;0;0;0;790535,1799;5825734,4;13,28137;52,50416
15362;51705;11;6;6040703;2019;8;16;2;3;2;6;0;0;1;0;0;0;0;0;787009,4824;5820634,871;13,22518;52,46031
15363;51706;11;1;1033203;2019;11;11;3;3;2;2;0;0;1;0;0;1;0;0;796200,2701;5830207,888;13,36858;52,54122
15364;51707;11;7;7050506;2019;6;23;6;3;3;6;2;0;1;0;1;0;0;0;798862,1628;5817210,354;13,39606;52,42326
15365;51708;11;2;2050602;2019;3;15;3;3;6;6;0;1;0;1;0;0;0;0;803058,0482;5827654,155;13,46706;52,51456
15366;51709;11;12;12302212;2019;10;11;5;3;2;6;0;0;1;0;0;0;0;0;792815,9013;5837285,75;13,32507;52,6065
15367;51710;11;2;2040703;2019;8;17;2;3;4;6;0;1;0;0;0;0;0;0;801840,6426;5826428,535;13,44806;52,50425
15368;51712;11;10;10030726;2019;5;13;2;3;3;6;0;0;1;0;1;0;0;0;808732,8884;5827423,002;13,55021;52,5093
15369;51713;11;7;7050502;2019;9;14;3;3;0;7;0;0;0;1;0;0;1;0;797847,059;5818950,959;13,38273;52,43941
15370;51714;11;1;1011303;2019;6;10;6;3;5;2;0;1;1;0;0;0;0;0;799130,0005;5827673,989;13,40937;52,5169
15371;51715;11;1;1011204;2019;3;9;2;2;6;4;0;0;0;1;0;0;1;0;797916,5581;5826875,486;13,39082;52,51041
15372;51716;11;1;1011102;2019;6;16;5;3;1;5;0;1;1;0;0;0;0;0;796685,2359;5827430,174;13,37323;52,51605
15373;51717;11;9;9010401;2019;8;17;2;3;3;6;0;0;1;0;1;0;0;0;805353,0342;5819077,259;13,49292;52,43641
15374;51718;11;3;3061332;2019;12;16;6;3;6;2;1;0;1;1;0;0;0;0;799992,4904;5830221,621;13,42434;52,53927
15375;51719;11;10;10010207;2019;5;13;2;3;0;1;0;1;0;0;0;0;0;0;807885,269;5831010,476;13,54108;52,54193
15376;51720;11;5;5020629;2019;6;16;6;2;4;6;0;1;0;0;0;0;0;0;785757,0176;5826116,078;13,2115;52,51011
15377;51721;11;7;7060601;2019;9;12;3;3;5;2;0;0;1;0;1;0;0;0;797116,2149;5816949,5;13,37023;52,42187
15378;51722;11;2;2050602;2019;11;17;6;3;0;1;2;0;0;0;1;0;0;1;803085,262;5827634,511;13,46744;52,51437
15379;51723;11;4;4010101;2019;6;16;6;3;2;6;0;0;1;0;0;0;0;0;791368,9245;5830210,337;13,29754;52,54384
15380;51724;11;2;2020202;2019;9;20;5;3;1;5;2;1;1;0;0;0;0;1;797500,375;5825541,444;13,38352;52,49868
15381;51725;11;7;7020203;2019;3;15;2;3;2;6;0;0;1;0;0;0;0;1;795242,3605;5823551,714;13,34859;52,48207
15382;51726;11;11;11010101;2019;10;20;5;2;0;7;2;1;0;0;0;0;0;1;803674,8878;5835180,18;13,48301;52,58167
15383;51727;11;12;12302211;2019;8;15;2;3;2;6;0;0;1;0;0;0;0;0;793322,431;5836598,829;13,33192;52,60007
15384;51729;11;1;1011303;2019;5;6;2;3;2;6;0;0;1;0;0;0;0;0;799764,4811;5828631,767;13,41955;52,52514
15385;51730;11;7;7040405;2019;6;7;6;2;3;7;0;0;1;0;0;0;0;0;799348,1321;5821553,096;13,40707;52,46192
15386;51731;11;8;8020619;2019;3;7;2;3;2;6;0;0;1;0;0;0;0;0;801823,2025;5821815,812;13,44363;52,46291
15387;51732;11;12;12103115;2019;11;18;2;3;6;2;2;0;1;1;0;0;0;1;795337,5764;5833744,481;13,35904;52,57339
15388;51733;11;4;4020208;2019;6;14;1;2;4;7;0;0;1;0;0;0;0;0;787380,774;5825874,565;13,23515;52,50709
15389;51734;11;7;7030303;2019;8;15;2;3;8;1;0;0;1;0;0;0;0;0;796247,3251;5822702,136;13,36259;52,47391
15390;51735;11;3;3040614;2019;12;9;5;3;2;6;0;0;1;0;0;0;0;0;798558,4412;5833142,407;13,40588;52,56623
15391;51736;11;4;4010102;2019;6;7;6;3;3;6;0;0;1;0;0;0;1;0;793006,6512;5829567,107;13,32106;52,5372
15392;51737;11;7;7040405;2019;9;8;2;3;2;6;0;0;1;0;1;0;0;0;799134,7252;5821626,527;13,40401;52,4627
15393;51738;11;3;3040818;2019;3;6;2;2;5;3;1;1;1;0;0;0;0;0;800091,1576;5834035,624;13,42924;52,5734
15394;51739;11;2;2050602;2019;10;1;1;3;8;1;2;0;1;0;0;0;0;0;802258,1951;5827720,61;13,45537;52,5156
15395;51740;11;4;4020311;2019;8;15;2;3;5;3;0;1;0;0;0;0;0;0;789152,9582;5826158,183;13,26143;52,5087
15396;51741;11;2;2040502;2019;6;16;5;1;6;4;0;0;1;1;0;0;0;0;801117,5862;5827836,882;13,43872;52,51727
15397;51742;11;4;4020313;2019;3;10;2;3;5;2;0;0;1;0;0;0;0;0;790530,9694;5826396,121;13,28189;52,5101
15398;51743;11;4;4041133;2019;10;15;6;3;2;6;0;0;1;0;0;0;0;1;790563,932;5825164,603;13,2813;52,49904
15399;51744;11;7;7040406;2019;6;14;6;2;2;6;0;0;1;0;0;0;0;0;800160,7262;5821487,491;13,41894;52,46089
15400;51745;11;3;3071633;2019;8;14;2;3;3;6;0;0;1;0;0;0;0;0;800244,5434;5830074,533;13,42791;52,53781
15401;51747;11;1;1011304;2019;5;20;1;3;5;3;1;1;1;0;0;0;0;0;800021,6778;5828096,112;13,42285;52,5202
15402;51748;11;1;1011303;2019;3;12;7;3;2;7;0;1;1;0;0;0;1;0;798920,9609;5828128,171;13,4067;52,52109
15403;51749;11;2;2050602;2019;11;17;2;2;6;4;2;0;1;1;0;0;0;0;802289,3182;5827717,176;13,45583;52,51555
15404;51750;11;7;7040401;2019;5;14;1;3;3;6;0;0;1;0;1;0;0;0;797810,7131;5823117,125;13,38591;52,47678
15405;51751;11;1;1011105;2019;11;11;7;3;6;4;0;0;1;1;0;0;0;0;796778,2369;5826693,333;13,37394;52,5094
15406;51752;11;4;4030622;2019;6;18;5;3;6;7;0;0;1;1;0;0;0;0;792253,6645;5826682,156;13,30745;52,51174
15407;51753;11;5;5020628;2019;3;14;7;3;3;6;0;0;1;0;0;0;0;1;783997,3434;5826585,762;13,18604;52,51524
15408;51754;11;10;10030726;2019;10;7;2;3;5;7;0;1;1;0;0;0;0;0;808755,6146;5827439,69;13,55056;52,50944
15409;51755;11;7;7020203;2019;8;19;2;3;1;5;0;1;1;0;0;0;0;0;795580,5488;5823905,614;13,35387;52,48506
15410;51757;11;1;1033203;2019;6;10;5;2;5;2;0;1;1;0;0;0;0;0;796343,923;5830077,937;13,37057;52,53997
15411;51758;11;11;11030721;2019;3;15;7;2;5;3;0;1;1;0;0;0;0;1;803768,0941;5827581,823;13,47743;52,51352
15412;51759;11;4;4030622;2019;6;18;2;3;0;7;0;0;0;0;1;0;0;1;792740,2784;5826763,643;13,31467;52,51221
15413;51760;11;3;3061434;2019;8;13;2;3;5;3;0;1;1;0;0;0;0;0;800899,6528;5830368,747;13,43781;52,54008
15414;51761;11;7;7040403;2019;12;5;3;3;3;6;2;0;1;0;0;1;0;1;797061,5637;5822358,78;13,37424;52,47039
15415;51762;11;10;10010308;2019;5;14;1;2;2;2;0;0;1;0;1;0;0;0;807973,0501;5827458,15;13,53908;52,51005
15416;51763;11;2;2020202;2019;6;22;5;2;0;7;2;1;0;0;0;0;0;0;797424,2517;5825533,618;13,38239;52,49865
15417;51764;11;4;4020310;2019;3;17;7;3;2;6;1;0;1;0;0;0;0;1;790454,6119;5827635,375;13,28185;52,52125
15418;51765;11;10;10010102;2019;11;20;3;2;6;7;2;0;0;1;0;0;1;0;809438,1075;5834508,785;13,56717;52,57241
15419;51766;11;3;3061228;2019;11;20;7;3;2;7;2;0;1;0;1;0;0;0;800266,5907;5831419,837;13,42945;52,54986
15420;51767;11;2;2050602;2019;6;7;5;3;3;6;0;1;0;0;0;0;0;0;803398,9906;5827603,219;13,47202;52,51391
15421;51768;11;3;3050925;2019;3;8;6;3;3;6;0;1;1;0;0;0;0;1;801555,4789;5831202,207;13,44821;52,54719
15422;51769;11;8;8020619;2019;10;14;3;2;3;6;0;0;1;0;0;1;0;0;802041,149;5821834,953;13,44685;52,46296
15423;51770;11;3;3061126;2019;8;7;2;3;6;4;0;1;0;1;0;0;0;1;799215,0471;5831327,486;13,41391;52,54961
15424;51772;11;1;1011304;2019;5;22;7;3;5;3;2;1;1;0;0;0;0;0;800001,1693;5828076,528;13,42253;52,52003
15425;51773;11;6;6040703;2019;6;15;5;2;1;7;0;0;1;0;0;0;0;0;784436,3142;5815847,251;13,18334;52,41873
15426;51774;11;12;12103219;2019;3;11;6;3;6;7;0;0;1;1;0;0;0;0;795697,9534;5832843,843;13,36354;52,56512
15427;51775;11;2;2050801;2019;11;18;5;3;3;6;2;1;0;0;0;0;1;1;802148,5585;5827565,454;13,45362;52,51427
15428;51776;11;7;7040405;2019;6;14;5;3;2;6;0;0;1;0;1;0;0;0;799116,2572;5821698,347;13,4038;52,46335
15429;51777;11;9;9010101;2019;8;22;1;3;2;6;2;0;1;0;0;0;0;1;802593,7958;5825111,505;13,45793;52,49203
15430;51778;11;1;1033203;2019;12;18;3;3;2;6;2;0;1;0;0;0;0;0;796187,744;5830191,845;13,36838;52,54108
15431;51779;11;3;3040818;2019;6;8;5;3;2;6;0;0;1;0;1;0;0;0;799029,4043;5832440,163;13,41218;52,55968
15432;51780;11;4;4020208;2019;10;19;5;3;7;7;2;0;1;0;0;0;1;0;788373,0205;5826034,533;13,24987;52,508
15433;51781;11;1;1033203;2019;6;23;4;3;5;3;2;0;1;0;0;0;0;0;796200,945;5830200,858;13,36858;52,54115
15434;51782;11;9;9020601;2019;9;16;5;3;0;7;0;1;0;0;0;0;0;0;805667,4643;5822054,261;13,50026;52,46291
15435;51783;11;3;3051017;2019;3;14;6;3;4;5;0;0;1;0;0;0;1;1;802878,7741;5833097,358;13,46939;52,56344
15436;51784;11;1;1011201;2019;10;14;4;3;5;2;0;1;0;0;0;0;1;0;796952,4059;5826724,472;13,37652;52,50958
15437;51785;11;1;1011303;2019;8;21;1;3;5;3;2;0;1;0;0;0;1;0;798809,0356;5827996,493;13,40494;52,51997
15438;51787;11;2;2020202;2019;5;13;7;3;5;2;0;1;1;0;0;0;0;0;797898,9333;5825429,765;13,38927;52,49746
15439;51788;11;12;12103219;2019;6;16;4;3;0;5;0;1;0;0;0;0;1;0;795682,4422;5832918,224;13,36338;52,56579
15440;51789;11;4;4020313;2019;3;12;6;3;2;6;0;0;1;0;0;0;1;0;790610,2346;5827223,146;13,28377;52,51747
15441;51790;11;1;1011102;2019;11;14;7;3;5;2;0;0;1;0;0;0;0;1;796453,881;5827390,807;13,36979;52,51583
15442;51791;11;3;3071639;2019;6;0;7;3;2;7;2;1;1;0;0;0;0;0;800293,0471;5829439,337;13,42805;52,53209
15443;51792;11;4;4020208;2019;12;7;4;3;5;3;0;0;1;0;0;0;0;1;788356,4062;5826031,855;13,24962;52,50799
15444;51793;11;3;3020209;2019;6;15;4;3;2;6;0;0;1;0;0;0;0;0;797969,9946;5834305,932;13,39827;52,57699