;OBJECTID;LAND;BEZ;LOR;UJAHR;UMONAT;USTUNDE;UWOCHENTAG;UKATEGORIE;UART;UTYP1;ULICHTVERH;IstRad;IstPKW;IstFuss;IstKrad;IstGkfz;IstSonstige;USTRZUSTAND;LINREFX;LINREFY;XGCSWGS84;YGCSWGS84
15445;51794;11;3;3071639;2019;3;11;6;3;5;2;0;1;1;0;0;0;0;0;800370,86;5829563,819;13,42931;52,53316
15446;51795;11;4;4030417;2019;10;14;6;3;5;3;0;1;1;0;0;0;0;0;791568,8779;5826566,607;13,29729;52,51107
15447;51796;11;3;3040614;2019;8;8;1;2;0;1;0;1;0;0;0;0;0;1;798627,2403;5833015,072;13,40678;52,56506
15448;51797;11;1;1011303;2019;6;14;4;3;6;7;0;0;1;1;0;0;0;0;799196,968;5828373,541;13,41098;52,52314
15449;51798;11;2;2050602;2019;3;18;5;3;0;6;2;0;1;0;1;0;0;1;802114,3166;5827861,156;13,45338;52,51694
15450;51799;11;6;6010102;2019;10;17;5;3;2;6;2;0;1;0;0;0;0;0;793496,6517;5820406,005;13,32019;52,45481
15451;51800;11;12;12301203;2019;6;14;4;3;2;6;0;0;1;0;1;0;0;0;793477,7967;5835916,491;13,3336;52,59387
15452;51801;11;1;1044102;2019;9;15;5;3;5;3;0;1;1;0;0;0;0;0;795861,876;5832068,328;13,36526;52,55808
15453;51802;11;7;7030303;2019;3;20;5;3;3;2;2;0;1;0;0;0;0;1;795708,9189;5823145,272;13,35508;52,47817
15454;51803;11;11;11030721;2019;10;13;5;3;5;2;0;0;1;0;0;0;0;0;804172,065;5827539,743;13,48332;52,51291
15455;51804;11;10;10010310;2019;8;8;1;2;0;7;0;0;1;0;0;0;0;1;807685,7674;5830275,576;13,53747;52,53546
15456;51806;11;7;7040401;2019;5;17;7;3;6;7;0;0;1;1;0;0;0;1;797776,9441;5823516,879;13,38577;52,48038
15457;51807;11;10;10010207;2019;6;13;4;3;5;3;0;0;1;0;0;0;0;0;807965,934;5831210,966;13,54245;52,54369
15458;51808;11;3;3061332;2019;3;20;5;3;5;2;2;1;1;0;0;0;0;1;799995,3404;5830193,596;13,42436;52,53901
15459;51809;11;9;9010101;2019;11;3;1;2;5;3;2;1;1;0;0;0;0;0;802586,7331;5825078,403;13,4578;52,49173
15460;51810;11;12;12103218;2019;6;22;7;3;2;6;2;0;1;0;0;0;1;0;794967,9907;5833754,412;13,35361;52,57368
15461;51811;11;11;11041027;2019;8;6;7;3;2;6;0;0;1;0;0;0;1;0;807011,5851;5827382,533;13,52489;52,50991
15462;51812;11;3;3071638;2019;12;15;5;3;5;2;0;0;1;0;0;0;1;0;800041,508;5828989,963;13,42395;52,5282
15463;51813;11;4;4010101;2019;6;13;4;3;5;3;0;0;1;0;0;1;0;0;790669,2166;5828852,893;13,28607;52,53205
15464;51814;11;7;7030303;2019;3;15;5;3;2;6;0;0;1;0;0;0;0;1;795184,8199;5822467,795;13,34678;52,47238
15465;51815;11;2;2050602;2019;10;19;7;3;2;6;2;0;1;0;1;0;0;0;803062,3053;5827653,723;13,46712;52,51455
15466;51816;11;7;7070701;2019;8;9;7;3;0;5;0;0;1;0;0;0;0;0;799241,6791;5816300,144;13,40081;52,41489
15467;51817;11;3;3010104;2019;6;12;4;3;3;6;0;0;1;0;0;0;0;0;801086,2854;5838395,945;13,44784;52,61193
15468;51818;11;3;3061131;2019;3;4;4;3;5;2;2;0;1;0;0;1;0;1;799163,1003;5830601,119;13,41249;52,54312
15469;51819;11;7;7060604;2019;10;6;4;3;6;7;2;1;0;1;0;0;0;1;796533,241;5815693,925;13,36057;52,41093
15470;51820;11;9;9010202;2019;6;6;5;3;5;3;0;0;1;0;0;0;0;0;804104,3832;5824364,862;13,47943;52,4845
15471;51821;11;1;1044102;2019;8;18;7;3;5;3;0;0;1;0;0;0;0;0;795879,195;5832056,529;13,3655;52,55796
15472;51822;11;3;3061434;2019;12;6;7;2;5;3;2;1;1;0;0;0;0;1;800844,6477;5830326,904;13,43696;52,53974
15473;51823;11;10;10040830;2019;5;10;7;3;6;2;0;0;1;1;0;0;0;0;810877,0819;5827088,089;13,58139;52,50509
15474;51824;11;4;4010101;2019;3;12;4;2;3;6;0;0;1;0;0;1;0;0;790718,4837;5828897,653;13,28683;52,53242
15475;51825;11;1;1011102;2019;11;14;1;3;6;7;0;0;0;1;0;0;1;0;796039,0793;5827321,099;13,36364;52,51543
15476;51826;11;7;7030303;2019;5;9;6;2;2;6;0;0;1;0;1;0;0;0;796315,5613;5822674,788;13,36357;52,47363
15477;51827;11;4;4020311;2019;11;16;6;3;2;6;2;0;1;0;1;0;0;0;790191,5075;5826320,649;13,27683;52,5096
15478;51828;11;9;9010302;2019;6;10;4;3;2;6;0;0;1;0;0;0;0;0;802855,2671;5821389,311;13,45839;52,45852
15479;51829;11;3;3040818;2019;3;14;4;3;5;3;0;1;1;0;0;0;0;0;798772,7797;5832845,876;13,40877;52,56346
15480;51830;11;1;1011303;2019;10;22;2;3;5;2;2;0;1;0;0;0;1;0;798797,7584;5828013,255;13,40479;52,52013
15481;51831;11;7;7020202;2019;8;8;6;3;6;2;0;0;0;1;0;0;1;0;795225,438;5823516,568;13,34831;52,48176
15482;51833;11;10;10010102;2019;5;17;6;2;6;4;0;0;1;1;0;0;0;0;809405,3473;5834433,224;13,56662;52,57175
15483;51834;11;2;2010101;2019;6;20;3;3;5;2;0;1;1;0;0;0;0;0;797850,2547;5825505,588;13,38862;52,49817
15484;51835;11;2;2050803;2019;3;18;4;3;3;7;1;1;0;0;0;0;0;0;801820,579;5826233,408;13,44759;52,50251
15485;51836;11;12;12301203;2019;6;14;2;3;5;2;0;0;0;0;0;0;1;0;793624,5902;5835746,789;13,33561;52,59226
15486;51837;11;9;9020601;2019;8;15;6;3;5;3;0;1;1;0;0;0;0;0;805566,0483;5822152,35;13,49886;52,46385
15487;51838;11;2;2050601;2019;12;7;2;3;5;3;1;0;1;0;0;0;1;0;801649,818;5828881,302;13,44749;52,52634
15488;51839;11;4;4020311;2019;5;13;6;3;2;6;0;0;1;0;1;0;0;0;789689,8023;5826244,859;13,2694;52,50919
15489;51840;11;1;1033203;2019;6;12;3;3;2;6;0;0;1;0;1;0;0;0;796190,0571;5830189,938;13,36841;52,54106
15490;51841;11;1;1033203;2019;3;19;4;3;2;1;2;0;1;0;0;0;0;1;796199,5866;5830207,27;13,36857;52,54121
15491;51842;11;3;3040818;2019;11;12;3;2;6;3;0;0;1;1;0;0;0;0;800162,0904;5832358,348;13,42876;52,55833
15492;51843;11;12;12304314;2019;11;9;6;3;5;3;0;0;1;0;0;1;0;1;790296,294;5835658,787;13,28654;52,59326
15493;51844;11;9;9020601;2019;6;10;3;3;6;7;0;0;1;1;0;0;0;0;806365,1115;5821364,634;13,50986;52,45634
15494;51845;11;7;7040402;2019;3;17;3;3;2;6;1;0;1;0;0;0;0;0;796401,5823;5822622,724;13,36478;52,47311
15495;51846;11;1;1011303;2019;10;12;2;3;3;5;0;1;1;0;0;0;0;0;799327,4473;5827976,894;13,41254;52,51951
15496;51847;11;12;12301203;2019;8;15;6;3;5;3;0;1;1;0;0;0;0;0;794058,9855;5835089,782;13,34142;52,58614
15497;51849;11;3;3061126;2019;5;15;5;3;5;2;0;1;0;0;0;1;0;0;799220,299;5831446,957;13,41409;52,55067
15498;51850;11;2;2050803;2019;6;10;3;3;3;2;0;0;1;0;1;0;0;0;802364,948;5826026,878;13,4554;52,50036
15499;51851;11;2;2050602;2019;3;10;3;3;5;2;0;1;1;0;0;0;0;1;802592,0568;5827701,53;13,46026;52,51524
15500;51852;11;7;7060603;2019;11;12;4;3;2;6;0;0;1;0;0;1;0;1;797410,563;5817681,447;13,37519;52,42827
15501;51853;11;5;5020524;2019;6;14;4;3;2;6;0;0;1;0;0;0;1;0;783585,0389;5826696,579;13,18007;52,51645
15502;51854;11;4;4020208;2019;8;8;6;3;2;6;0;0;1;0;0;0;1;0;787396,0225;5825877,046;13,23537;52,5071
15503;51855;11;7;7040402;2019;12;15;2;3;2;6;1;0;1;0;0;0;0;1;796507,0734;5822553,084;13,36627;52,47243
15504;51856;11;9;9020601;2019;6;9;3;2;5;2;0;1;1;0;0;0;0;0;806441,4061;5821308,445;13,51093;52,4558
15505;51857;11;11;11030721;2019;9;8;2;3;5;2;0;1;0;0;0;0;1;0;803744,8283;5827568,052;13,47707;52,5134
15506;51858;11;7;7020203;2019;10;17;4;3;5;2;2;1;1;0;0;0;0;0;795792,0998;5824121,094;13,35716;52,48688
15507;51859;11;10;10010207;2019;8;12;6;3;5;3;0;1;1;0;0;0;0;0;807870,2942;5830969,554;13,54082;52,54158
15508;51860;11;7;7020202;2019;6;9;3;2;5;3;0;1;0;0;1;0;0;0;795341,7031;5823442,265;13,34995;52,48104
15509;51861;11;9;9010302;2019;3;5;3;3;2;6;1;0;1;0;0;0;0;0;803094,3065;5820911,759;13,46146;52,45411
15510;51862;11;10;10040830;2019;10;5;3;3;2;6;2;0;1;0;0;0;0;0;811009,3661;5827105,733;13,58335;52,50517
15511;51863;11;4;4030623;2019;8;9;6;3;5;2;0;1;1;0;0;0;0;0;793675,0884;5826903,623;13,32853;52,51296
15512;51865;11;3;3061131;2019;5;9;5;3;0;7;0;1;0;0;0;0;0;0;799138,1249;5830640,271;13,41216;52,54349
15513;51866;11;8;8020619;2019;6;17;3;3;2;6;0;0;1;0;0;0;0;0;801845,6948;5821805,429;13,44395;52,46281
15514;51867;11;3;3040818;2019;3;8;2;3;5;3;0;1;1;0;0;0;0;1;800037,6218;5833458,724;13,42793;52,56826
15515;51868;11;10;10030727;2019;11;16;6;3;2;6;2;0;1;0;0;0;0;0;810649,0813;5827082,467;13,57804;52,50517
15516;51869;11;4;4030417;2019;5;9;5;3;2;6;0;1;1;0;0;0;0;1;790849,932;5826429,535;13,2866;52,51023
15517;51870;11;3;3050920;2019;12;20;3;3;0;1;2;0;0;0;1;0;0;2;802749,7488;5831845,321;13,46635;52,55229
15518;51871;11;3;3061429;2019;6;16;3;3;5;2;0;1;1;0;0;0;0;0;801171,3728;5830805,388;13,4422;52,54385
15519;51872;11;12;12103218;2019;3;16;2;2;9;1;0;0;1;0;0;0;1;1;795212,5778;5833740,436;13,3572;52,57342
15520;51873;11;7;7050502;2019;10;8;6;2;5;2;0;0;1;0;1;0;0;0;798586,454;5817930,464;13,39266;52,42986
15521;51874;11;2;2050803;2019;8;9;6;3;5;3;0;1;0;0;0;0;0;0;802719,0926;5825868,964;13,46046;52,49875
15522;51876;11;7;7050502;2019;6;14;3;3;5;2;0;1;1;0;0;0;0;0;798728,9858;5817525,866;13,39439;52,42616
15523;51877;11;1;1011104;2019;3;18;1;3;2;6;2;0;1;0;0;0;0;1;796191,4313;5825802,629;13,36452;52,50173
15524;51878;11;4;4020311;2019;10;9;3;3;5;2;0;0;1;0;0;0;0;1;790143,4583;5826312,385;13,27612;52,50955
15525;51879;11;1;1011105;2019;6;19;4;3;2;6;0;0;1;0;0;0;0;0;796424,3444;5826341,683;13,36842;52,50644
15526;51880;11;4;4020208;2019;8;8;6;3;2;6;0;0;1;0;0;0;0;0;788848,5959;5826111,059;13,25692;52,50844
15527;51881;11;11;11030721;2019;12;15;2;3;5;3;1;1;1;1;0;0;0;0;803720,1819;5827570,261;13,47671;52,51344
15528;51882;11;7;7030303;2019;5;6;5;3;0;6;1;0;1;0;0;0;0;0;795309,7837;5822792,155;13,34891;52,47522
15529;51883;11;10;10010206;2019;3;9;1;3;2;6;0;0;1;0;0;0;0;0;808357,1568;5832104,238;13,54903;52,55147
15530;51884;11;1;1044201;2019;11;9;7;3;0;7;0;1;0;1;0;0;0;1;796221,088;5830710,808;13,36933;52,54571
15531;51885;11;7;7040401;2019;11;13;4;3;2;2;0;0;1;0;0;0;0;1;797761,0026;5823839,953;13,38582;52,48329
15532;51886;11;9;9020601;2019;6;8;3;3;5;2;0;1;0;0;0;0;1;0;806130,044;5821623,894;13,50665;52,4588
15533;51887;11;2;2040703;2019;3;9;1;3;0;1;0;0;0;0;1;0;0;0;801880,9421;5826548,196;13,44877;52,5053
15534;51888;11;9;9010202;2019;10;7;6;3;2;6;1;0;1;0;0;0;0;1;804106,561;5824366,79;13,47946;52,48451
15535;51889;11;12;12103219;2019;8;7;6;3;6;4;0;1;1;1;0;0;0;0;795756,5146;5832664,623;13,36424;52,56348
15536;51891;11;3;3061126;2019;5;9;4;3;0;3;0;1;1;0;0;0;0;0;799238,2409;5831933,867;13,41479;52,55503
15537;51892;11;7;7050506;2019;9;8;2;3;5;2;0;1;0;0;0;0;1;0;798857,1817;5817279,695;13,39605;52,42388
15538;51893;11;3;3040614;2019;6;14;2;3;6;4;0;0;0;1;1;0;0;0;798455,4572;5833336,119;13,40454;52,56803
15539;51894;11;9;9010101;2019;3;16;7;3;0;2;0;1;1;0;0;0;0;1;802664,624;5825208,522;13,45906;52,49286
15540;51895;11;5;5020524;2019;6;2;7;3;9;1;2;0;1;0;0;0;0;0;783596,1073;5826693,548;13,18023;52,51641
15541;51896;11;3;3061429;2019;12;9;7;3;6;4;0;0;1;1;0;0;0;0;801350,1421;5831004,525;13,44501;52,54553
15542;51897;11;9;9020601;2019;5;16;4;3;2;6;0;0;1;0;1;0;1;0;806505,4757;5821228,664;13,5118;52,45505
15543;51898;11;7;7050501;2019;11;16;1;3;2;6;0;0;1;0;0;0;1;1;798052,4613;5819460,045;13,38619;52,44387
15544;191144;11;12;12231101;2019;1;11;4;3;6;7;0;1;0;1;0;0;0;1;791681,7592;5838148,279;13,30913;52,61484
15545;191145;11;11;11010310;2019;1;17;4;3;5;3;2;0;1;0;0;0;0;1;805414,1672;5833318,89;13,50688;52,56401
15546;191146;11;6;6020306;2019;1;17;4;3;5;2;2;1;1;0;0;0;0;1;795683,6275;5816883,62;13,34916;52,42206
15547;191147;11;7;7040405;2019;1;17;4;3;1;5;2;1;0;0;0;0;1;1;798485,0395;5821664,59;13,39451;52,46339
15548;191148;11;6;6010101;2019;1;16;4;3;5;3;2;1;0;0;0;0;1;1;793391,8665;5820412,053;13,31866;52,45492
15549;191149;11;10;10010203;2019;1;16;4;3;5;3;2;0;1;0;0;0;0;1;808402,1959;5833051,475;13,55058;52,55993
15550;191150;11;10;10010309;2019;1;7;4;3;6;7;1;0;1;1;0;0;0;1;808563,9035;5830111,05;13,55022;52,53349
15551;191151;11;1;1044201;2019;1;7;4;3;5;2;2;1;0;0;0;0;1;1;796666,7445;5831961,092;13,377;52,55668
15552;191152;11;4;4051551;2019;1;7;4;3;5;2;2;1;1;0;0;0;0;1;793333,618;5823074,251;13,32014;52,47882
15553;191153;11;1;1011202;2019;1;6;4;3;2;6;2;0;1;0;0;0;0;1;798552,7194;5827799,39;13,401;52,51835
15554;191154;11;7;7040401;2019;1;6;4;3;6;4;2;0;1;1;0;0;0;1;797670,5855;5823851,132;13,38451;52,48344
15555;191155;11;1;1044103;2019;1;15;4;3;5;3;1;0;1;0;1;0;0;1;795151,5091;5831044,886;13,3539;52,54929
15556;191156;11;7;7010102;2019;1;5;4;3;5;7;1;0;1;0;0;0;1;1;795521,952;5824979,321;13,35396;52,49472
15557;191157;11;3;3020209;2019;1;7;4;3;5;2;2;1;1;0;0;0;0;1;798135,557;5835470,38;13,40176;52,58733
15558;191158;11;5;5020523;2019;1;8;4;3;6;7;2;0;1;1;0;0;0;1;783150,3982;5827365,08;13,17425;52,52267
15559;191159;11;6;6010209;2019;1;8;4;3;1;5;0;0;1;0;0;0;1;1;794724,9696;5821642,714;13,3393;52,46524
15560;191160;11;1;1033203;2019;1;10;4;3;6;7;0;0;1;1;0;0;0;1;796800,8498;5830360,098;13,37754;52,54226
15561;191161;11;10;10020622;2019;1;6;4;3;2;2;2;0;1;0;0;0;0;1;811156,6377;5829142,581;13,58742;52,52334
15562;191162;11;8;8041035;2019;1;10;4;3;2;6;0;0;1;0;0;0;0;1;804800,4146;5817834,717;13,48369;52,42558
15563;191163;11;6;6020303;2019;1;10;4;2;6;2;0;0;1;1;0;0;0;1;795366,6662;5818441,87;13,34589;52,4362
15564;191164;11;3;3040614;2019;1;10;4;2;2;6;0;0;1;0;0;0;0;1;798965,8035;5835022,436;13,41357;52,58286
15565;191165;11;3;3030716;2019;1;9;4;3;0;7;0;0;1;0;0;0;0;1;802887,3437;5833540,902;13,46992;52,56742
15566;191166;11;5;5030832;2019;1;5;4;3;3;6;2;0;1;0;0;1;0;1;789585,2893;5829308,583;13,27053;52,53671
15567;191167;11;4;4030518;2019;1;16;4;3;5;2;0;0;1;0;0;0;0;1;791388,2177;5828585,686;13,2964;52,52927
15568;191168;11;2;2010103;2019;1;18;4;3;5;3;2;0;1;0;0;0;0;1;799550,5246;5825854,841;13,41391;52,50037
15569;191169;11;1;1044103;2019;1;16;3;2;6;4;1;0;1;1;0;0;0;0;794815,6528;5830253,858;13,34826;52,54238
15570;191170;11;12;12103220;2019;1;18;3;3;2;6;2;0;1;0;0;0;0;1;793422,8871;5833181,411;13,33037;52,56938
15571;191171;11;8;8020619;2019;1;18;4;3;2;6;2;0;1;0;0;0;0;1;801403,894;5821113,144;13,43684;52,45685
15572;191172;11;2;2040702;2019;1;10;3;3;1;5;0;1;1;0;0;0;0;1;801855,2577;5827407,853;13,44917;52,51302
15573;191173;11;1;1011202;2019;1;10;3;3;6;4;0;1;0;1;0;0;0;1;797863,96;5827637,309;13,39073;52,51727
15574;191174;11;2;2040703;2019;1;7;3;3;5;3;2;0;1;0;0;0;0;1;801767,78;5826253,667;13,44684;52,50272
15575;191175;11;2;2010102;2019;1;22;3;3;6;2;2;0;1;1;0;0;0;1;798447,1062;5826543,447;13,39832;52,50715
15576;191176;11;10;10010207;2019;1;19;3;3;6;2;2;0;1;1;0;0;0;1;808401,6598;5831204,46;13,54885;52,54338
15577;191177;11;7;7010102;2019;1;20;3;3;6;7;2;0;1;1;0;0;0;1;795252,8109;5825058,622;13,35008;52,49557
15578;191178;11;12;12231101;2019;1;20;3;2;5;3;2;0;1;0;0;0;0;1;791424,9864;5838774,098;13,3059;52,62059
15579;191179;11;7;7010101;2019;1;20;3;3;6;4;1;0;1;1;0;0;0;1;794696,054;5825759,424;13,34252;52,50216
15580;191180;11;11;11030618;2019;1;19;3;3;1;5;2;1;1;0;0;0;0;1;803271,6767;5828979,787;13,47141;52,52632
15581;191181;11;5;5010101;2019;1;18;3;3;2;7;2;0;1;0;0;0;0;1;784038,9666;5832447,647;13,19166;52,56778
15582;191182;11;7;7060603;2019;1;18;3;3;2;6;2;0;1;0;0;0;0;1;797419,2196;5817417,887;13,37509;52,42591
15583;191183;11;5;5010314;2019;1;18;3;2;6;2;2;0;1;1;0;0;0;1;784801,3049;5828808,961;13,19976;52,53475
15584;191184;11;4;4051551;2019;1;18;3;3;6;2;2;0;1;1;0;0;0;1;792901,7162;5823283,34;13,31398;52,48092
15585;191185;11;9;9051901;2019;1;18;3;3;2;6;2;0;1;0;0;0;0;1;810755,1729;5821229,502;13,57414;52,45265
15586;191186;11;6;6030610;2019;1;18;3;3;2;6;2;0;1;0;0;0;0;1;792278,5105;5818604,112;13,30074;52,43931
15587;191187;11;6;6010102;2019;1;18;3;2;6;2;2;0;1;1;0;0;0;1;793894,246;5820966,097;13,32652;52,45962
15588;191188;11;1;1011102;2019;1;18;3;3;5;3;2;0;1;0;0;0;0;1;795162,7209;5827238,239;13,35069;52,51516
15589;191189;11;4;4051445;2019;1;18;3;3;2;6;2;0;1;0;0;0;0;1;792016,0472;5824048,571;13,30165;52,48826
15590;191190;11;8;8010510;2019;1;17;3;3;5;3;2;1;1;0;0;0;0;1;802483,13;5822557,723;13,45399;52,4692
15591;191191;11;6;6010208;2019;1;15;3;2;6;4;1;0;1;1;0;0;0;1;793970,8654;5820791,219;13,32749;52,45801
15592;191192;11;1;1044201;2019;1;9;3;3;5;2;0;0;1;0;0;0;1;1;795680,841;5830926,05;13,36158;52,54794
15593;191193;11;2;2050602;2019;1;17;3;3;5;3;2;1;1;0;0;0;0;1;802670,4969;5828101,141;13,46177;52,51878
15594;191194;11;1;1033202;2019;1;17;3;2;0;7;1;0;0;0;1;0;1;1;796964,3909;5830547,831;13,38011;52,54385
15595;191195;11;6;6030504;2019;1;17;3;2;6;4;2;0;1;1;0;0;0;1;788952,8133;5816380,58;13,25003;52,42114
15596;191196;11;4;4030929;2019;1;16;3;3;3;6;2;0;1;0;1;0;1;1;792280,251;5825933,726;13,30718;52,50502
15597;191197;11;3;3061429;2019;1;16;3;2;6;4;2;0;1;1;0;0;0;1;801441,2256;5830948,672;13,4463;52,54498
15598;191198;11;12;12103116;2019;1;16;3;3;6;2;2;0;1;1;0;0;0;1;796755,9131;5833625,172;13,3798;52,57155
15599;191199;11;1;1011202;2019;1;15;3;3;5;3;0;1;1;0;0;0;0;1;798550,9063;5827801,871;13,40097;52,51837
15600;191200;11;1;1022104;2019;1;14;3;2;5;2;0;1;1;0;0;0;0;1;794569,4748;5828430,72;13,34302;52,52617
15601;191201;11;12;12302212;2019;1;13;3;2;6;4;0;0;0;1;1;0;0;1;793107,7066;5837644,829;13,32968;52,60956
15602;191202;11;11;11020411;2019;1;13;3;3;5;3;0;0;1;0;0;0;1;1;806200,0844;5832525,388;13,51771;52,55646
15603;191203;11;1;1022104;2019;1;11;3;3;3;6;0;0;1;0;1;0;0;1;794549,6452;5828928,155;13,34317;52,53064
15604;191204;11;4;4020311;2019;1;11;3;3;5;3;0;0;1;0;0;0;0;1;789490,8785;5826788,585;13,26695;52,51417
15605;191205;11;4;4041240;2019;1;11;3;3;5;3;0;0;1;0;0;0;0;1;791149,1522;5822595,994;13,28765;52,4757
15606;191206;11;7;7020204;2019;1;12;3;3;0;6;0;0;1;0;0;0;1;1;796068,961;5824041,766;13,36116;52,48602
15607;191207;11;9;9041402;2019;1;6;3;3;6;2;2;0;1;1;0;0;0;1;812138,2612;5820058,41;13,59333;52,44137
15608;191208;11;4;4041134;2019;1;17;3;1;6;2;2;0;1;1;0;0;0;1;790860,2576;5823812,355;13,28447;52,48676
15609;191209;11;9;9020502;2019;1;17;2;3;2;7;1;0;1;0;0;0;0;0;806806,7597;5822000,223;13,51693;52,46179
15610;191210;11;7;7010102;2019;1;16;2;3;6;4;1;0;1;1;0;0;0;1;795513,7035;5825400,158;13,35421;52,49849
15611;191211;11;10;10020622;2019;1;18;2;2;6;4;2;0;1;1;0;0;0;1;811217,4934;5828829,621;13,58802;52,5205
15612;191212;11;6;6040804;2019;1;19;2;3;1;5;2;0;1;0;0;0;0;1;788744,6878;5820133,208;13,25022;52,4549
15613;191213;11;6;6040810;2019;1;19;2;3;2;6;2;0;1;0;0;0;0;1;790386,1534;5820826,214;13,27491;52,46024
15614;191214;11;1;1044103;2019;1;18;2;3;3;6;2;0;1;0;0;0;0;1;795248,6597;5830966,197;13,35526;52,54853
15615;191215;11;5;5010206;2019;1;21;2;2;9;1;2;0;1;0;0;0;0;1;782433,7318;5830474,48;13,16636;52,55092
15616;191216;11;8;8010301;2019;1;22;2;3;2;6;2;0;1;0;0;0;0;1;800780,1202;5824334,085;13,4306;52,48606
15617;191217;11;1;1044202;2019;1;21;2;3;5;2;2;1;0;0;0;0;0;1;794622,3144;5829867,797;13,34507;52,53902
15618;191218;11;12;12302110;2019;1;20;2;2;6;2;2;0;1;1;0;0;0;1;795271,604;5836364,301;13,3604;52,59691
15619;191219;11;8;8010301;2019;1;15;2;3;2;2;0;0;1;0;0;0;0;1;801457,418;5823887,892;13,44014;52,48169
15620;191220;11;3;3051022;2019;1;8;2;3;1;5;1;1;0;0;0;0;1;1;803691,7695;5831996,151;13,48034;52,55312
15621;191221;11;5;5040936;2019;1;7;2;3;2;6;1;0;1;0;0;0;0;1;780851,1062;5820365,75;13,13455;52,4611
15622;191222;11;3;3061430;2019;1;11;2;3;6;4;0;1;0;1;0;0;0;1;802230,8772;5829345,134;13,45645;52,53017
15623;191223;11;12;12301205;2019;1;8;2;3;6;2;0;0;1;1;0;0;0;1;792457,936;5837312,801;13,31982;52,60693
15624;191224;11;6;6030609;2019;1;17;2;3;2;2;2;0;1;0;0;0;0;1;793196,5346;5819800,53;13,31525;52,44954
15625;191225;11;2;2050803;2019;1;17;2;3;6;2;2;0;1;1;0;0;0;1;802288,7021;5826308,91;13,45454;52,50293
15626;191226;11;1;1011201;2019;1;17;2;3;5;2;2;1;1;0;0;0;0;1;796947,1418;5826781,323;13,3765;52,5101
15627;191227;11;3;3040513;2019;1;17;2;3;5;3;2;1;1;0;0;0;0;1;797412,6341;5833971,338;13,38977;52,57429
15628;191228;11;6;6030609;2019;1;17;2;3;1;5;2;0;1;0;0;0;0;1;792307,4311;5819306,059;13,30177;52,44559
15629;191229;11;4;4030929;2019;1;17;2;3;5;2;2;0;1;0;0;0;0;1;792707,6303;5825468,019;13,31305;52,50061
15630;191230;11;11;11051331;2019;1;16;2;3;3;6;2;1;1;0;0;0;0;1;807683,6568;5824547,508;13,53214;52,48413
15631;191231;11;5;5020523;2019;1;16;2;3;5;3;1;0;1;0;0;0;0;1;782246,8186;5827617,444;13,16119;52,5254
15632;191232;11;1;1044201;2019;1;16;2;3;5;2;1;1;1;0;0;0;0;1;796555,0379;5831635,625;13,37507;52,55382
15633;191233;11;3;3040508;2019;1;10;2;3;5;7;0;0;1;0;0;0;0;1;796038,6181;5836681,631;13,37198;52,59934
15634;191234;11;11;11051331;2019;1;15;2;3;5;3;0;1;1;0;0;0;0;1;807451,0942;5824781,364;13,52894;52,48635
15635;191235;11;6;6030502;2019;1;14;2;3;2;2;0;0;1;0;0;0;0;1;790288,472;5814825,282;13,26826;52,40649
15636;191236;11;11;11010205;2019;1;10;2;3;5;3;0;0;1;0;0;0;0;1;806690,7674;5833399,321;13,52573;52,56402
15637;191237;11;2;2020205;2019;1;14;2;3;4;1;0;0;1;0;0;0;0;1;799006,6184;5824116,719;13,40436;52,48509
15638;191238;11;2;2050602;2019;1;9;2;2;0;1;0;0;0;0;1;0;0;1;802499,2744;5828272,437;13,45941;52,52041
15639;191239;11;1;1044103;2019;1;12;2;3;2;6;0;0;1;0;0;0;0;1;795189,141;5831031,924;13,35444;52,54915
15640;191240;11;4;4051550;2019;1;11;2;3;5;2;0;0;1;0;1;0;0;1;792978,3476;5824197,773;13,31591;52,48908
15641;191241;11;4;4030620;2019;1;16;2;3;5;2;2;0;1;0;0;0;0;1;791793,2011;5827482,791;13,30139;52,51917
15642;191242;11;2;2030302;2019;1;9;2;3;5;3;1;1;1;0;0;0;0;1;800663,9747;5825829,873;13,43024;52,49953
15643;191243;11;6;6030503;2019;1;15;2;3;4;6;0;0;1;0;0;0;0;1;790235,1135;5817526,811;13,26982;52,43074
15644;191244;11;12;12301203;2019;1;11;2;3;6;2;0;0;1;1;0;0;0;1;792370,2405;5834065,165;13,31566;52,57787
15645;191245;11;12;12214424;2019;1;15;2;3;2;6;1;0;1;0;0;0;0;1;793010,8451;5832184,233;13,32343;52,56066
15646;191246;11;4;4030931;2019;1;9;2;3;5;2;0;0;1;0;1;0;0;1;794080,368;5826308,074;13,33396;52,50741
15647;191247;11;1;1011302;2019;1;8;2;3;6;4;0;0;1;1;0;0;0;1;798072,8443;5828938,187;13,39497;52,52882
15648;191248;11;6;6020411;2019;1;8;2;2;5;2;0;0;1;0;0;0;0;1;793602,8879;5815904,581;13,31779;52,4144
15649;191249;11;4;4030621;2019;1;8;2;3;5;2;1;1;1;0;0;0;0;1;793066,1918;5827662,759;13,32025;52,5201
15650;191250;11;1;1033203;2019;1;8;2;2;6;4;0;0;1;1;0;0;0;1;796423,6076;5830099,48;13,37176;52,54012
15651;191251;11;4;4030620;2019;1;7;2;3;6;2;1;0;1;1;0;0;0;1;792903,0441;5827393,842;13,31762;52,51777
15652;191252;11;8;8020621;2019;1;7;2;2;6;4;2;0;1;1;0;0;0;1;800497,6287;5819307,986;13,42192;52,44117
15653;191253;11;5;5010339;2019;1;6;2;3;6;2;2;0;1;1;0;0;0;1;785772,7965;5828538,105;13,21381;52,53182
15654;191254;11;12;12304314;2019;1;6;2;3;5;3;2;0;1;0;1;0;0;1;791052,558;5835457,9;13,29749;52,59106