;OBJECTID;LAND;BEZ;LOR;UJAHR;UMONAT;USTUNDE;UWOCHENTAG;UKATEGORIE;UART;UTYP1;ULICHTVERH;IstRad;IstPKW;IstFuss;IstKrad;IstGkfz;IstSonstige;USTRZUSTAND;LINREFX;LINREFY;XGCSWGS84;YGCSWGS84
15865;191515;11;1;1011204;2019;1;18;3;3;6;7;1;0;1;1;0;0;0;1;798164,7088;5826606,661;13,39423;52,50787
15866;191516;11;4;4030931;2019;1;18;3;3;6;7;1;0;1;1;0;0;0;1;793854,4224;5826060,167;13,33042;52,50531
15867;191517;11;5;5030730;2019;1;19;3;3;4;1;2;0;1;0;0;0;0;1;787170,49;5830666,338;13,2362;52,55016
15868;191518;11;1;1011201;2019;1;22;3;3;6;2;2;0;1;1;0;0;0;1;797473,8222;5826792,13;13,38424;52,50991
15869;191519;11;8;8010303;2019;1;23;3;3;6;4;2;0;1;1;0;0;0;1;801439,1012;5823873,119;13,43985;52,48157
15870;191520;11;9;9020701;2019;1;23;3;3;5;2;2;1;1;0;0;0;0;1;808983,6231;5818110,329;13,54527;52,4257
15871;191521;11;1;1022104;2019;1;22;2;3;0;7;2;0;1;0;0;0;0;0;794536,333;5829324,303;13,34333;52,5342
15872;191522;11;1;1011101;2019;1;21;2;3;5;2;2;1;1;0;0;0;0;0;795230,5272;5826625,853;13,35114;52,50963
15873;191523;11;4;4030726;2019;1;17;2;3;6;7;2;0;1;1;0;0;0;0;792105,1841;5825292,444;13,30405;52,49936
15874;191524;11;8;8041036;2019;1;6;2;3;5;3;2;0;1;0;0;0;0;1;804454,467;5816943,144;13,4778;52,41778
15875;191525;11;12;12301203;2019;1;7;2;3;5;3;0;0;1;0;0;0;1;1;793557,9707;5834252,136;13,3333;52,5789
15876;191526;11;7;7060603;2019;1;8;2;3;6;4;0;0;0;1;0;1;0;1;798054,2003;5815809,427;13,38296;52,41114
15877;191527;11;1;1011102;2019;1;9;2;3;6;4;0;1;0;1;0;0;0;1;795324,8911;5827382,69;13,3532;52,51637
15878;191528;11;7;7070701;2019;1;9;2;2;5;2;0;0;1;0;0;0;1;0;799260,9218;5816265,352;13,40106;52,41457
15879;191529;11;6;6020305;2019;1;18;2;2;6;2;2;0;1;1;0;0;0;0;795445,1059;5817851,368;13,34652;52,43086
15880;191530;11;4;4051448;2019;1;17;2;3;2;6;2;0;1;0;0;0;0;1;794262,4496;5825421,594;13,33585;52,49936
15881;191531;11;7;7050501;2019;1;17;2;3;5;3;2;0;1;0;0;0;0;0;797674,4822;5819325,588;13,38053;52,44287
15882;191532;11;3;3061228;2019;1;17;2;3;6;4;2;0;1;1;0;0;0;1;800697,8222;5830705,169;13,43515;52,54321
15883;191533;11;1;1011303;2019;1;20;2;3;6;7;2;0;1;1;0;0;0;0;798766,2158;5828142,297;13,40444;52,5213
15884;191534;11;8;8010404;2019;1;17;2;3;6;4;2;0;1;1;0;0;0;1;802285,0148;5822856,855;13,45135;52,47199
15885;191535;11;7;7040403;2019;1;16;2;3;6;4;2;0;1;1;0;0;0;1;797337,5443;5822179,208;13,37813;52,46863
15886;191536;11;4;4030417;2019;1;16;7;2;5;2;1;0;1;0;0;0;0;0;790850,872;5826736,008;13,28688;52,51297
15887;191537;11;9;9051901;2019;1;16;2;3;6;4;0;0;1;1;0;0;0;2;810989,1167;5821740,289;13,57805;52,4571
15888;191538;11;9;9020702;2019;1;16;2;3;5;3;0;0;1;0;0;0;0;1;809456,8241;5819065,71;13,55309;52,434
15889;191539;11;7;7050501;2019;1;16;2;2;6;4;2;0;1;1;0;0;0;0;797789,5446;5819621,721;13,38248;52,44546
15890;191540;11;10;10010310;2019;1;14;2;3;5;3;0;0;1;0;0;0;0;1;807809,0787;5830769,897;13,53974;52,53982
15891;191541;11;4;4020209;2019;1;15;2;3;6;4;0;0;1;1;0;0;0;0;788914,7251;5825680,754;13,25752;52,50454
15892;191542;11;3;3010102;2019;1;14;2;3;5;2;0;0;1;0;0;0;0;1;804491,1935;5840931,584;13,50031;52,63276
15893;191543;11;2;2030302;2019;1;13;2;3;0;6;0;0;1;0;1;0;0;1;800510,2838;5826667,649;13,42874;52,50713
15894;191544;11;5;5010313;2019;1;13;2;3;5;2;0;0;1;0;0;0;0;0;784666,894;5829708,815;13,19855;52,54289
15895;191545;11;1;1011303;2019;1;14;7;2;0;3;0;0;1;0;0;0;1;0;799106,4409;5828313,416;13,4096;52,52265
15896;191546;11;8;8010212;2019;1;13;2;2;5;3;0;0;1;0;1;0;0;0;800976,1624;5823490,13;13,43271;52,47839
15897;191547;11;7;7070703;2019;1;11;2;3;5;2;0;1;1;0;0;0;0;0;800015,0293;5813266,699;13,40943;52,38728
15898;191548;11;6;6020305;2019;1;13;7;3;2;1;0;0;1;0;0;0;0;0;796059,153;5817549,51;13,35526;52,42782
15899;191549;11;7;7030303;2019;1;11;2;3;5;2;0;0;1;0;0;0;1;0;796045,0367;5822852,09;13,35975;52,47536
15900;191550;11;5;5020626;2019;1;7;2;3;0;5;1;0;1;0;0;0;0;0;785042,6185;5826926,918;13,20169;52,51775
15901;191551;11;3;3050925;2019;1;10;2;3;6;4;0;0;1;1;0;0;0;1;801852,906;5831378,02;13,45274;52,5486
15902;191552;11;12;12302212;2019;1;15;1;3;5;3;1;0;1;0;0;0;0;1;793277,5662;5837726,72;13,33226;52,6102
15903;191553;11;1;1011304;2019;1;22;1;3;5;3;2;1;0;0;0;0;1;1;800068,1604;5828502,746;13,4239;52,52382
15904;191554;11;11;11030721;2019;1;20;1;2;5;2;2;0;1;0;0;0;0;1;804274,0172;5827878,344;13,48513;52,51589
15905;191555;11;3;3040512;2019;1;19;1;3;5;3;2;0;1;0;0;0;1;1;796952,065;5835829,143;13,38466;52,5912
15906;191556;11;8;8010404;2019;1;18;1;2;6;4;2;0;1;1;0;0;1;1;802574,2173;5823086,924;13,45581;52,47389
15907;191557;11;4;4030726;2019;1;17;1;3;6;2;2;0;1;1;0;0;0;1;792080,158;5825769,76;13,3041;52,50366
15908;191558;11;10;10020622;2019;1;17;1;3;2;6;2;0;1;0;0;0;0;1;811156,8082;5829124,849;13,5874;52,52318
15909;191559;11;12;12301203;2019;1;16;1;2;6;2;2;0;1;1;0;0;0;1;793415,8828;5836085,951;13,33284;52,59542
15910;191560;11;5;5010206;2019;1;13;1;3;2;6;0;0;1;0;0;0;0;1;781430,3467;5830724,599;13,15181;52,55368
15911;191561;11;1;1011105;2019;1;14;1;3;5;5;0;1;1;0;0;0;0;1;796243,2881;5826760,144;13,36614;52,51029
15912;191562;11;2;2020204;2019;1;3;1;3;5;3;2;0;1;0;0;0;0;1;798837,5909;5825094,027;13,40276;52,49394
15913;191563;11;8;8041035;2019;1;3;1;3;5;7;2;0;1;0;0;0;0;1;804289,8204;5819652,456;13,47786;52,44216
15914;191564;11;6;6030608;2019;1;7;1;3;6;2;2;0;1;1;0;0;0;1;792248,3862;5816671,749;13,29861;52,422
15915;191565;11;1;1044202;2019;1;7;1;3;2;2;2;0;1;0;0;0;0;1;795531,9497;5830740,695;13,35922;52,54636
15916;191566;11;5;5010339;2019;1;11;1;2;1;1;0;0;1;0;1;0;0;1;788076,0131;5827871,012;13,24709;52,52462
15917;191567;11;11;11051330;2019;1;12;1;3;5;3;0;0;1;0;0;0;0;1;807046,8155;5824594,465;13,52284;52,48491
15918;191568;11;4;4051445;2019;1;1;1;3;5;3;2;0;1;0;0;0;1;1;792441,4297;5824096,203;13,30794;52,48846
15919;191569;11;9;9020601;2019;1;9;7;3;6;2;0;0;1;1;0;0;0;0;808240,5952;5821081,937;13,53712;52,45275
15920;191570;11;7;7010102;2019;1;11;7;3;2;2;0;0;1;0;0;0;0;1;795306,5277;5825551,79;13,3513;52,49996
15921;191571;11;8;8020727;2019;1;17;7;3;6;2;1;0;1;1;0;0;0;1;800319,2188;5816736,487;13,417;52,41821
15922;191572;11;7;7040405;2019;1;18;7;3;5;3;2;0;1;0;0;0;0;1;799074,228;5821704,817;13,40319;52,46343
15923;191573;11;10;10020415;2019;1;18;7;3;6;2;2;0;1;1;0;0;0;1;812099,447;5831798,697;13,60376;52,5466
15924;191574;11;7;7010102;2019;1;18;7;3;6;2;2;0;1;1;0;0;0;1;794966,4723;5825194,707;13,34599;52,49695
15925;191575;11;7;7060604;2019;1;17;7;3;3;5;2;0;1;0;0;0;0;1;796527,702;5815892,518;13,36066;52,41272
15926;191576;11;4;4030828;2019;1;17;7;3;6;2;2;0;1;1;0;0;0;1;792983,7677;5826636,328;13,31814;52,51094
15927;191577;11;7;7010102;2019;1;17;7;3;6;2;2;0;1;1;0;0;0;1;794966,3871;5825195,724;13,34599;52,49696
15928;191578;11;5;5020625;2019;1;16;7;3;2;6;1;0;1;0;0;0;0;1;784726,0292;5828632,438;13,1985;52,53321
15929;191579;11;1;1033102;2019;1;15;7;3;2;6;1;0;1;0;0;0;0;1;797302,8998;5831244,532;13,38571;52,54991
15930;191580;11;1;1011204;2019;1;14;7;3;5;3;0;0;1;0;0;0;0;1;798001,4567;5826778,894;13,39198;52,5095
15931;191581;11;3;3020209;2019;1;11;7;3;5;3;0;0;1;0;0;0;0;1;797901,0383;5835185,579;13,39805;52,58491
15932;191582;11;5;5020625;2019;1;11;7;3;2;6;0;0;1;0;0;0;1;1;784734,9976;5828656,163;13,19865;52,53342
15933;191583;11;8;8030829;2019;1;20;7;3;6;4;2;0;1;1;0;0;0;1;803574,5505;5818136,258;13,46599;52,42896
15934;191584;11;1;3040614;2019;1;21;7;3;2;1;2;0;1;0;0;0;0;1;797724,3322;5832903,587;13,3934;52,56455
15935;191585;11;11;11051331;2019;1;23;7;3;6;4;2;0;1;1;0;0;0;1;807263,989;5824386,6;13,52583;52,48292
15936;191586;11;1;1022106;2019;1;23;7;2;0;4;2;0;0;1;1;0;0;1;794464,5645;5828354,323;13,34141;52,52554
15937;191587;11;9;9041501;2019;1;13;6;3;0;3;0;0;1;0;0;0;1;0;810928,5242;5820527,379;13,57603;52,44626
15938;191588;11;10;10010310;2019;1;19;7;3;6;2;2;0;1;1;0;0;0;1;809905,2792;5831566,066;13,57129;52,54577
15939;191589;11;1;1011304;2019;1;19;7;3;8;1;2;0;0;0;1;0;0;1;799615,2022;5827979,332;13,41677;52,51938
15940;191590;11;11;11020412;2019;1;17;7;2;0;7;2;1;0;0;0;0;0;1;805706,5098;5831402,229;13,50942;52,54667
15941;191591;11;4;4041135;2019;1;13;7;3;0;1;0;0;0;0;1;0;0;1;789590,9193;5823347,622;13,26542;52,48327
15942;191592;11;6;6030504;2019;1;18;7;1;6;4;2;0;1;1;0;0;1;1;790202,2648;5815162,657;13,26729;52,40956
15943;191593;11;6;6010210;2019;1;17;6;3;0;7;1;0;1;0;1;0;0;1;795304,401;5821047,076;13,34728;52,45958
15944;191594;11;5;5020626;2019;1;18;6;3;5;5;2;0;1;0;1;0;0;1;784729,2454;5827543,382;13,19761;52,52344
15945;191595;11;6;6020305;2019;1;17;6;3;0;4;1;0;1;1;0;0;0;1;795882,4067;5818137,794;13,35319;52,43319
15946;191596;11;2;2040503;2019;1;15;6;3;4;6;0;1;1;0;0;0;0;1;801693,1633;5828103,348;13,44742;52,51934
15947;191597;11;4;4030623;2019;1;20;6;2;5;3;2;0;1;0;0;0;0;1;793163,2016;5826876,659;13,32099;52,513
15948;191598;11;3;3061228;2019;1;18;7;3;0;1;2;0;0;0;1;0;0;1;800956,7113;5831213,876;13,43941;52,54763
15949;191599;11;8;8010301;2019;1;19;6;3;5;3;2;0;1;0;0;0;0;1;800383,5801;5825121,49;13,42548;52,49334
15950;191600;11;2;2010102;2019;1;19;6;3;1;5;2;1;1;0;0;0;0;1;797766,2989;5826438,753;13,38823;52,50658
15951;191601;11;4;4041241;2019;1;17;6;2;6;2;2;0;1;1;0;0;0;1;791346,915;5822564,977;13,29053;52,47532
15952;191602;11;4;4030726;2019;1;17;6;3;6;2;2;0;0;1;0;0;1;1;792308,9605;5825393,399;13,30713;52,50016
15953;191603;11;10;10040830;2019;1;16;6;3;6;2;2;0;1;1;0;0;0;1;810854,7891;5826866,363;13,58086;52,50311
15954;191604;11;1;1011202;2019;1;15;6;3;5;3;1;1;1;0;0;0;0;1;797575,2575;5827894,408;13,38672;52,51973
15955;191605;11;12;12214527;2019;1;15;6;3;2;6;0;0;1;0;0;0;0;1;790284,0286;5835028,977;13,28581;52,58762
15956;191606;11;2;2050801;2019;1;14;6;2;6;4;0;1;0;1;0;0;0;1;802839,6722;5827471,654;13,46369;52,51304
15957;191607;11;4;4030929;2019;1;14;6;3;5;2;0;1;1;0;0;0;0;1;792711,523;5825638,208;13,31326;52,50214
15958;191608;11;9;9020701;2019;1;14;6;3;5;3;0;0;1;0;0;0;0;1;808108,496;5818398,273;13,53271;52,42878
15959;191609;11;12;12304314;2019;1;9;1;3;1;5;0;0;1;0;0;0;1;0;791414,8893;5836569,727;13,30381;52,60083
15960;191610;11;2;2010103;2019;1;14;6;3;5;7;0;1;1;0;0;0;0;1;799153,635;5825784,31;13,40802;52,49995
15961;191611;11;11;11051331;2019;1;2;7;2;5;3;2;0;1;0;0;0;1;0;807317,0217;5824793,6;13,52699;52,48654
15962;191612;11;4;4020311;2019;1;13;6;3;6;3;0;0;1;1;0;0;0;1;789003,2436;5826972,467;13,25994;52,51608
15963;191613;11;11;11041128;2019;1;13;6;3;5;3;0;1;1;0;0;0;0;1;807117,8505;5825776,979;13,52497;52,49546
15964;191614;11;7;7020202;2019;1;11;6;3;6;4;0;0;1;1;0;0;0;1;794839,4189;5823915,242;13,34299;52,48555
15965;191615;11;5;5010312;2019;1;13;1;3;5;2;0;0;1;0;0;0;0;0;785189,9079;5829737,093;13,20627;52,54287
15966;191616;11;7;7010104;2019;1;11;6;3;5;3;0;0;1;0;0;0;0;1;796348,2579;5825091,478;13,36619;52,49527
15967;191617;11;7;7040403;2019;1;10;6;3;5;2;0;0;1;0;0;0;0;1;797323,2969;5821758,328;13,37754;52,46487
15968;191618;11;11;11041128;2019;1;13;7;3;2;6;0;0;1;0;0;0;0;1;806048,0287;5826582,78;13,51;52,50329
15969;191619;11;7;7010104;2019;1;10;6;3;5;3;0;1;1;0;0;0;0;1;796115,2642;5824947,367;13,36264;52,49411
15970;191620;11;12;12214527;2019;1;10;6;2;5;7;0;0;1;1;0;0;0;1;790033,4183;5835368,874;13,28241;52,5908
15971;191621;11;4;4030415;2019;1;9;6;3;2;6;0;0;1;0;0;0;0;1;791565,445;5827521,559;13,29807;52,51964
15972;191622;11;3;3061430;2019;1;8;6;3;0;7;0;1;0;0;0;0;0;1;802580,26;5829428,165;13,46166;52,53072
15973;191623;11;10;10040933;2019;1;8;6;3;6;4;0;0;1;1;0;0;0;1;812386,4546;5824379,104;13,60102;52,47995
15974;191624;11;9;9030901;2019;1;8;6;3;1;5;1;0;1;0;0;0;0;1;807957,0457;5817331,996;13,5295;52,41931
15975;191625;11;2;2030401;2019;1;14;6;2;0;3;0;0;1;0;0;0;1;1;800638,773;5825687,565;13,42974;52,49827
15976;191626;11;12;12103220;2019;1;0;7;3;6;4;2;0;1;1;0;0;0;2;793678,1258;5833318,333;13,33425;52,57047
15977;191627;11;9;9051901;2019;1;7;6;3;5;2;2;1;1;0;0;0;0;1;812066,2051;5821345,417;13,59348;52,45295
15978;191628;11;9;9041501;2019;1;13;6;3;2;7;0;0;1;0;0;0;1;1;811386,3529;5820133,239;13,58238;52,44247
15979;191629;11;7;7060604;2019;1;17;5;3;1;7;1;0;1;0;0;0;0;0;796249,6744;5815783,934;13,35649;52,41189
15980;191630;11;7;7070703;2019;1;15;5;3;1;5;0;1;1;0;0;0;0;1;798854,1181;5814382,257;13,39342;52,39791
15981;191631;11;5;5020626;2019;1;9;5;2;4;7;0;0;1;0;0;0;1;0;784753,6279;5826613,356;13,19718;52,51509
15982;191632;11;5;5040935;2019;1;8;5;3;5;3;0;1;1;0;0;0;0;0;782166,5597;5820304,85;13,15381;52,45987
15983;191633;11;8;8010211;2019;1;8;5;2;0;7;0;0;1;0;0;0;1;1;800748,3652;5823739,016;13,42959;52,48074
15984;191634;11;7;7030301;2019;1;7;5;2;6;4;0;0;1;1;0;0;0;1;793475,5396;5822279,375;13,32153;52,47162
15985;191635;11;5;5020626;2019;1;7;7;3;2;6;1;0;1;0;0;0;0;0;784651,4847;5827814,719;13,1967;52,52592
15986;191636;11;11;11010309;2019;1;7;5;2;6;4;1;0;1;1;0;0;0;1;805042,6877;5833519,319;13,5016;52,56602
15987;191637;11;7;7050505;2019;1;7;5;3;6;2;2;0;1;1;0;0;0;1;798480,0383;5819047,379;13,3921;52,43993
15988;191638;11;1;1044201;2019;1;7;5;2;6;4;2;0;1;1;0;0;0;1;796708,2376;5831916,147;13,37757;52,55625
15989;191639;11;1;1011203;2019;1;13;7;3;0;7;0;0;1;0;0;0;1;0;797904,2411;5827375,028;13,39109;52,5149
15990;191640;11;11;11010207;2019;1;16;5;2;0;6;2;0;1;0;0;0;1;0;805253,0864;5834308,505;13,50542;52,57297
15991;191641;11;8;8020620;2019;1;19;5;3;5;3;2;0;1;0;0;0;0;0;800877,2852;5820926,169;13,42895;52,45546
15992;191642;11;9;9051901;2019;1;15;7;2;6;2;0;0;1;1;0;0;0;0;812045,005;5821382,095;13,5932;52,45329
15993;191643;11;11;11030721;2019;1;19;5;3;4;5;2;0;1;0;0;0;0;0;804464,4352;5828170,772;13,4882;52,51841
15994;191644;11;2;2050802;2019;1;13;7;3;5;2;0;1;1;0;0;0;0;0;802616,697;5827005,742;13,45999;52,50899
15995;191645;11;7;7070704;2019;1;10;7;2;5;3;0;0;1;0;0;0;0;0;800194,0112;5813681,92;13,41242;52,3909
15996;191646;11;3;3030715;2019;1;16;5;3;2;6;1;0;1;0;0;0;1;0;801236,4821;5833180,149;13,44531;52,5651
15997;191647;11;2;2040703;2019;1;16;5;3;5;3;2;1;1;0;0;0;0;0;801104,6444;5827046,2;13,43781;52,51019
15998;191648;11;8;8041040;2019;1;14;5;3;1;5;0;0;1;0;0;0;0;0;806821,3765;5816427,28;13,51203;52,41184
15999;191649;11;12;12214424;2019;1;9;7;3;2;6;0;0;1;0;0;1;0;1;793214,4397;5832428,047;13,32664;52,56274
16000;191650;11;4;4030931;2019;1;14;5;3;1;5;0;1;1;0;0;0;0;1;793661,2877;5825550,702;13,32713;52,50084
16001;191651;11;11;11051330;2019;1;9;7;3;4;6;0;1;1;0;0;0;1;0;806625,4321;5825212,511;13,51722;52,49068
16002;191652;11;1;1044201;2019;1;14;5;3;2;6;0;0;1;0;0;0;0;0;796769,1176;5831912,005;13,37846;52,55618
16003;191653;11;7;7020202;2019;1;14;5;3;6;4;0;1;0;1;0;0;0;0;794891,0554;5823273,455;13,34318;52,47977
16004;191654;11;12;12301203;2019;1;20;7;2;6;2;2;0;1;1;0;0;0;0;793005,2381;5835697,026;13,32645;52,59215
16005;191655;11;8;8010213;2019;1;13;5;3;5;3;0;1;1;0;0;0;0;0;801637,5642;5822641,488;13,44165;52,47042
16006;191656;11;8;8020622;2019;1;13;5;3;5;3;0;0;1;0;0;0;0;0;802586,5066;5819158,421;13,45243;52,43867
16007;191657;11;2;2050602;2019;1;12;5;3;1;5;0;1;1;0;0;0;0;0;803465,923;5827756,869;13,47315;52,51525
16008;191658;11;12;12103220;2019;1;12;5;3;2;2;0;0;1;0;0;0;0;0;794132,1566;5833884,179;13,34143;52,57529
16009;191659;11;7;7020201;2019;1;10;5;3;5;2;0;0;1;0;0;0;0;0;794983,1365;5823964,382;13,34515;52,48591
16010;191660;11;3;3061227;2019;1;16;5;3;6;7;2;1;0;1;0;0;0;0;799348,9499;5831412,277;13,41595;52,55029
16011;191661;11;12;12214125;2019;1;21;6;3;2;6;2;0;1;0;0;0;0;1;791228,8342;5830773,195;13,29598;52,54897
16012;191662;11;10;10010310;2019;1;14;5;2;6;4;0;0;0;1;0;0;1;0;809945,5612;5831630,44;13,57194;52,54632
16013;191663;11;10;10040828;2019;1;16;5;2;5;2;1;1;1;0;0;0;0;0;811947,6165;5828938,851;13,59885;52,52106
16014;191664;11;12;12214125;2019;1;20;6;2;6;2;2;0;1;1;0;0;0;1;791921,023;5831503,672;13,3068;52,55514
16015;191665;11;2;2020206;2019;1;22;5;2;6;4;2;0;1;1;0;0;0;0;800172,8261;5825048,39;13,42232;52,4928
16016;191666;11;3;3040818;2019;1;20;5;3;5;3;2;1;1;0;0;0;0;0;799730,912;5832503,348;13,42255;52,55986
16017;191667;11;8;8020619;2019;1;11;4;3;2;6;0;0;0;0;0;1;1;1;802082,5322;5820666,278;13,4464;52,45247
16018;191668;11;6;6010205;2019;1;17;4;3;2;6;1;0;1;0;0;0;0;1;795146,6451;5820004,31;13,34404;52,45032
16019;191669;11;2;2020204;2019;1;20;4;3;5;3;2;0;1;0;1;0;0;1;798287,67;5824774,714;13,39439;52,49138
16020;191670;11;1;1011303;2019;1;20;4;3;2;6;2;0;1;0;0;0;0;1;799286,718;5828484,804;13,4124;52,52409
16021;191671;11;6;6020302;2019;1;19;4;3;5;3;2;1;1;0;0;0;0;1;794705,6791;5819228,835;13,33689;52,44361
16022;191672;11;4;4030931;2019;1;10;4;3;1;5;1;1;1;0;0;0;0;1;793529,9145;5825947,164;13,32555;52,50447
16023;191673;11;1;1044201;2019;1;20;7;3;2;6;2;0;1;0;0;0;0;0;796688,0788;5831951,893;13,37731;52,55659
16024;191674;11;2;2050801;2019;1;8;4;3;3;6;0;1;0;0;0;0;1;1;803095,1421;5827081,85;13,46709;52,50941
16025;191675;11;6;6030501;2019;1;16;4;3;5;3;2;1;1;0;0;0;0;1;787540,695;5817030,741;13,22988;52,42772
16026;191676;11;5;5010313;2019;1;16;4;3;0;2;1;1;1;0;0;0;0;1;784281,1825;5830372,886;13,19345;52,54905
16027;191677;11;2;2040701;2019;1;18;4;3;5;3;2;0;1;0;0;0;0;1;800315,8415;5827620,451;13,42674;52,51577
16028;191678;11;3;3040818;2019;1;10;1;3;5;3;0;0;1;0;0;0;0;0;799651,5112;5832791,198;13,42165;52,56249
16029;191679;11;7;7040404;2019;1;13;4;3;1;5;0;1;1;0;0;0;0;0;797000,8851;5820419,997;13,37162;52,45304
16030;191680;11;3;3050925;2019;1;18;4;3;2;2;2;0;1;0;0;0;0;0;802697,3279;5831786,299;13,46553;52,55179
16031;191681;11;11;11030720;2019;1;18;4;3;2;6;2;0;1;0;0;0;0;0;806140,3217;5830160,435;13,51465;52,5353
16032;191682;11;1;1033101;2019;1;18;4;3;6;4;2;0;1;1;0;0;0;0;796772,268;5832418,203;13,37896;52,56072
16033;191683;11;11;11051330;2019;1;7;4;3;2;6;0;0;1;0;0;0;0;2;807106,9992;5824823,515;13,52393;52,48693
16034;191684;11;6;6010209;2019;1;17;4;2;6;4;0;0;1;1;0;0;0;0;794208,5794;5820908,636;13,33108;52,45893
16035;191685;11;3;3071537;2019;1;18;5;3;2;2;1;0;1;0;0;0;0;0;799691,9182;5829228,377;13,41902;52,53053
16036;191686;11;12;12103117;2019;1;7;4;3;6;4;0;0;1;1;0;0;0;0;796279,2704;5832416,61;13,37171;52,56097
16037;191687;11;1;1044202;2019;1;6;4;3;5;2;1;1;1;0;0;0;0;0;794896,303;5830252,472;13,34944;52,54232
16038;191688;11;4;4051445;2019;1;8;4;3;6;4;0;0;1;1;0;0;0;0;791953,4394;5824759,063;13,30135;52,49466
16039;191689;11;4;4051652;2019;1;8;4;3;6;4;0;0;1;1;0;0;0;0;793441,9749;5824063,122;13,3226;52,48763
16040;191690;11;1;1033101;2019;1;8;4;3;1;5;0;1;1;0;0;0;0;0;797139,1508;5833204,106;13,38506;52,56756
16041;191691;11;3;3020307;2019;1;9;4;3;6;2;0;0;1;1;0;0;0;0;799261,9896;5837648,843;13,4203;52,60624
16042;191692;11;7;7020201;2019;1;11;4;3;5;2;0;1;1;0;0;0;0;1;794949,9141;5824666,127;13,34528;52,49222
16043;191693;11;1;1011303;2019;1;11;4;3;5;2;0;1;1;0;0;0;0;0;799097,1846;5828456,724;13,40959;52,52394
16044;191694;11;2;2010103;2019;1;11;4;3;0;3;0;0;1;0;0;0;1;0;799301,9056;5826176,602;13,41055;52,50339
16045;191695;11;7;7010101;2019;1;15;5;3;5;2;0;1;1;0;0;0;0;0;794523,7207;5825186,401;13,33948;52,49711
16046;191696;11;10;10010207;2019;1;12;4;3;6;4;0;0;1;1;0;0;0;0;808338,209;5831339,162;13,54804;52,54462
16047;191697;11;8;8020727;2019;1;12;4;3;6;3;0;0;1;1;0;0;0;0;801520,5707;5817350,688;13,43516;52,42306
16048;191698;11;10;10040933;2019;1;17;4;3;6;2;2;0;1;1;0;0;0;0;812573,4091;5825142,229;13,60448;52,48668
16049;191699;11;9;9020501;2019;1;12;4;3;5;7;0;0;1;0;0;0;1;0;805878,3136;5822759,563;13,504;52,46912
16050;191700;11;5;5010206;2019;1;18;5;3;6;2;2;0;0;1;0;0;1;0;782360,7527;5830508,488;13,16532;52,55126
16051;191701;11;1;1044203;2019;1;17;4;3;6;4;2;1;0;1;0;0;0;1;795432;5831608,641;13,35853;52,55419
16052;191702;11;12;12103219;2019;1;15;4;3;2;6;0;0;1;0;0;0;0;0;795684,1318;5832532,916;13,36306;52,56234
16053;191703;11;3;3071537;2019;1;8;4;3;5;3;0;0;1;0;1;0;0;0;799731,6201;5829841,019;13,42016;52,536
16054;191704;11;2;2030302;2019;1;19;3;2;6;4;2;0;1;1;0;0;0;0;800970,0496;5826064,015;13,43495;52,50146
16055;191705;11;9;9051801;2019;1;17;3;3;4;3;2;0;1;0;0;0;0;0;822259,9527;5819254,117;13,74096;52,42829
16056;191706;11;1;1022104;2019;2;11;6;1;6;2;0;0;0;1;0;0;1;1;794560,497;5828452,045;13,34291;52,52637
16057;191707;11;5;5010208;2019;1;18;3;3;2;6;2;0;1;0;0;0;0;1;783929,4016;5830120,882;13,18806;52,54697
16058;191708;11;8;8010118;2019;1;18;3;3;2;6;2;0;1;0;0;0;0;0;801069,3678;5821999,639;13,43274;52,46498
16059;191709;11;11;11030721;2019;1;16;3;2;6;4;0;0;1;1;0;0;0;1;805210,3;5828461,209;13,49942;52,52059
16060;191710;11;1;1022106;2019;1;16;4;3;6;4;0;1;0;1;0;0;0;0;794085,4422;5827801,167;13,33535;52,52079
16061;191711;11;8;8030829;2019;1;17;3;3;3;6;2;0;1;0;0;0;0;1;803201,1522;5818388,652;13,46074;52,43143
16062;191712;11;6;6010102;2019;1;16;3;2;6;4;1;0;1;1;0;0;0;0;793576,1191;5820618,691;13,32154;52,45668
16063;191713;11;2;2050801;2019;1;16;3;3;1;5;2;1;1;0;0;0;0;0;802725,2306;5827436,214;13,46197;52,51279
16064;191714;11;1;1011305;2019;1;16;3;3;2;6;2;1;1;0;0;0;0;0;799111,41;5827120,157;13,4086;52,51195
16065;191715;11;1;1033203;2019;1;16;3;3;5;2;2;0;1;0;0;0;0;1;796853,0113;5830641,18;13,37856;52,54475
16066;191716;11;6;6030610;2019;1;16;3;2;6;4;0;0;1;1;0;0;0;0;791389,3313;5817837,091;13,28702;52,43291
16067;191717;11;1;1011204;2019;1;16;3;3;5;3;1;1;1;0;0;0;0;1;797876,2892;5826766,369;13,39013;52,50946
16068;191718;11;7;7040403;2019;1;9;5;3;5;3;0;0;1;0;0;0;0;1;797649,579;5822184,011;13,38271;52,4685
16069;191719;11;2;2010102;2019;1;16;3;3;6;4;0;0;1;1;0;0;0;1;798200,3969;5826387,35;13,39456;52,50588
16070;191720;11;6;6020303;2019;1;15;3;3;5;7;0;0;1;0;0;0;0;1;795306,7108;5818397,412;13,34497;52,43583
16071;191721;11;4;4051655;2019;1;18;4;3;2;2;2;0;1;0;0;0;0;0;793999,4002;5823931,394;13,33067;52,48614
16072;191722;11;1;1022104;2019;1;7;3;3;0;5;0;1;0;0;0;0;0;2;794020,5141;5829170,534;13,33561;52,5331
16073;191723;11;11;11020514;2019;1;20;3;2;0;1;2;1;0;0;0;0;0;1;804649,9764;5831115,506;13,49362;52,54469
16074;191724;11;1;1044203;2019;1;15;3;3;5;3;1;1;1;0;0;0;0;0;796360,8606;5831925,964;13,37247;52,55653