;OBJECTID;LAND;BEZ;LOR;UJAHR;UMONAT;USTUNDE;UWOCHENTAG;UKATEGORIE;UART;UTYP1;ULICHTVERH;IstRad;IstPKW;IstFuss;IstKrad;IstGkfz;IstSonstige;USTRZUSTAND;LINREFX;LINREFY;XGCSWGS84;YGCSWGS84
16075;191725;11;4;4020310;2019;1;14;3;3;2;6;0;0;1;0;0;0;0;0;788927,8765;5827612,146;13,25939;52,52185
16076;191726;11;12;12304314;2019;1;13;3;3;2;6;0;0;1;0;0;0;0;0;790623,6358;5835957,565;13,29162;52,59577
16077;191727;11;5;5030731;2019;1;13;3;3;6;4;0;0;1;1;0;0;0;0;788027,3196;5829548,271;13,24783;52,53969
16078;191728;11;12;12214125;2019;1;6;5;3;3;6;2;0;1;0;0;0;1;0;791992,0408;5831674,405;13,30799;52,55664
16079;191729;11;4;4030620;2019;1;13;3;3;0;3;0;0;1;0;1;0;0;0;792153,9557;5827387,865;13,3066;52,51812
16080;191730;11;2;2010102;2019;1;22;3;3;5;7;2;0;1;0;0;0;0;0;798359,8346;5826535,376;13,39703;52,50712
16081;191731;11;6;6030610;2019;1;22;3;3;5;2;2;0;1;0;0;0;0;0;792945,1219;5817751,317;13,30977;52,43131
16082;191732;11;12;12231101;2019;1;11;5;3;6;2;0;0;0;1;0;1;0;0;791318,374;5838660,837;13,30423;52,61963
16083;191733;11;4;4051652;2019;1;10;3;3;2;6;0;1;1;0;0;0;0;1;793454,9108;5824440;13,32312;52,491
16084;191734;11;1;1044101;2019;1;8;3;3;1;5;0;1;0;0;0;1;0;1;794626,9052;5831293,958;13,34641;52,55181
16085;191735;11;1;1011304;2019;1;8;3;3;5;2;0;1;0;0;0;0;1;1;799708,2841;5827840,626;13,41801;52,51808
16086;191736;11;8;8030830;2019;1;13;4;3;5;3;0;1;1;0;0;0;0;0;803060,7012;5817397,383;13,45778;52,42263
16087;191737;11;8;8010404;2019;1;7;3;3;6;2;0;0;1;1;0;0;0;1;801998,398;5823295,202;13,44754;52,47608
16088;191738;11;10;10010311;2019;1;6;3;2;6;4;1;0;1;1;0;0;0;1;810287,3849;5830965,121;13,57635;52,54017
16089;191739;11;11;11010310;2019;1;2;3;3;6;4;2;0;1;1;0;0;0;1;805401,1869;5833282,53;13,50666;52,5637
16090;191740;11;1;1011306;2019;1;9;3;3;1;5;0;1;1;0;0;0;0;0;800407,3245;5826730,983;13,42728;52,50775
16091;191741;11;4;4030623;2019;1;21;2;3;5;3;2;0;1;0;0;0;0;0;793162,5557;5826882,531;13,32098;52,51305
16092;191742;11;7;7030303;2019;1;11;2;3;5;2;0;1;1;0;0;0;0;1;795039,8005;5821908,712;13,34416;52,46745
16093;191743;11;6;6030606;2019;1;18;5;3;1;5;2;1;1;0;0;0;0;0;793681,6252;5819252,035;13,32189;52,44437
16094;191744;11;5;5030832;2019;1;20;2;3;6;7;2;0;1;1;0;0;0;1;789558,6758;5829288,497;13,27012;52,53655
16095;191745;11;3;3010102;2019;1;17;2;3;2;6;1;1;0;0;0;0;1;1;804167,6073;5841063,768;13,49566;52,63412
16096;191746;11;10;10040931;2019;1;20;2;2;5;3;2;0;1;0;0;0;0;1;812995,2375;5828482,536;13,61381;52,51637
16097;191747;11;8;8010301;2019;1;18;2;2;6;2;2;0;1;1;0;0;0;1;800583,1994;5824578,711;13,42793;52,48836
16098;191748;11;7;8020726;2019;1;17;2;3;6;2;2;0;1;1;0;0;0;1;799350,898;5816114,549;13,40224;52,41317
16099;191749;11;6;6010209;2019;1;17;2;2;6;4;2;0;1;1;0;0;0;1;794230,5542;5820895,585;13,33139;52,45881
16100;191750;11;6;6030610;2019;1;17;2;3;2;2;2;0;1;0;0;0;0;1;792396,1322;5817836,175;13,30179;52,43236
16101;191751;11;7;7050502;2019;1;16;2;2;5;3;1;0;1;0;1;0;0;1;798112,1228;5818348,383;13,38608;52,43387
16102;191752;11;7;7010104;2019;1;8;2;3;0;1;0;1;0;0;0;0;0;2;796247,3589;5824305,958;13,36401;52,48829
16103;191753;11;8;8020625;2019;1;15;2;3;5;3;1;1;1;0;0;0;0;1;802499,736;5818946,992;13,45096;52,43683
16104;191754;11;4;4010102;2019;1;8;2;3;2;6;0;0;1;0;0;0;0;1;792731,0345;5829907,454;13,3173;52,5404
16105;191755;11;5;5010101;2019;1;15;2;2;5;3;0;0;1;0;0;0;0;1;785832,101;5831732,778;13,21743;52,56043
16106;191756;11;8;8041035;2019;1;16;5;3;5;3;1;1;1;0;0;0;0;0;803891,3852;5818944,957;13,47137;52,43604
16107;191757;11;6;6040805;2019;1;9;2;3;1;1;0;0;1;0;0;0;1;2;788970,5299;5818166,909;13,25183;52,43715
16108;191758;11;10;10020412;2019;1;20;2;3;5;3;2;0;1;0;0;0;0;1;811348,1431;5831843,897;13,59276;52,54744
16109;191759;11;6;6020303;2019;1;15;2;3;5;2;0;0;1;0;1;0;0;0;795365,259;5818449,578;13,34588;52,43627
16110;191760;11;9;9020502;2019;1;13;2;3;5;3;0;1;1;0;0;0;0;1;807850,2902;5822047,757;13,53228;52,46163
16111;191761;11;6;6040804;2019;1;8;2;3;0;1;0;1;0;0;0;0;0;2;787870,421;5818935,637;13,23635;52,44462
16112;191762;11;8;8041037;2019;1;8;5;3;3;6;0;0;1;0;0;1;0;0;805566,5859;5818578,88;13,4956;52,43182
16113;191763;11;1;1033203;2019;1;13;2;3;2;6;0;0;1;0;0;0;1;0;796273,9241;5830397,298;13,36983;52,54288
16114;191764;11;4;4020314;2019;1;8;2;3;0;1;0;1;0;0;0;0;0;2;790428,0262;5825937,222;13,27997;52,50604
16115;191765;11;4;4030415;2019;1;6;2;2;6;2;2;0;1;1;0;0;0;1;791410,9962;5827471,696;13,29576;52,51927
16116;191766;11;6;6020302;2019;2;13;6;3;2;6;0;0;1;0;0;0;0;0;794593,9593;5819172,286;13,3352;52,44316
16117;191767;11;9;9020702;2019;1;6;2;2;6;2;2;0;1;1;0;0;0;1;809496,4126;5819862,729;13,55441;52,44112
16118;191768;11;1;1044103;2019;1;19;2;3;6;2;2;0;1;1;0;0;0;0;794512,4543;5830640,418;13,34414;52,54601
16119;191769;11;10;10040933;2019;1;13;2;3;5;2;0;0;1;0;0;0;0;0;813544,7329;5827163,202;13,62064;52,50423
16120;191770;11;4;4051549;2019;1;9;4;3;5;2;0;0;1;0;0;0;0;0;793315,0058;5823784,523;13,32049;52,4852
16121;191771;11;5;5030833;2019;1;6;2;2;5;3;2;1;1;0;0;0;0;1;788058,1165;5829192,6;13,24797;52,53648
16122;191772;11;10;10010309;2019;1;19;2;2;6;4;2;0;1;1;0;0;0;1;807802,9504;5830173,309;13,5391;52,53448
16123;191773;11;10;10030727;2019;1;12;2;2;5;2;0;0;1;0;1;0;0;0;809936,3571;5827047,623;13,56754;52,50526
16124;191774;11;8;8010510;2019;1;5;2;3;5;7;2;1;0;0;0;0;1;1;803907,9468;5821675,564;13,4741;52,4605
16125;191775;11;4;4030725;2019;1;19;2;3;5;3;2;0;1;0;0;0;0;1;791647,4627;5826418,884;13,29831;52,50971
16126;191776;11;4;4010101;2019;1;9;5;3;0;2;0;1;1;0;0;0;0;1;791251,1288;5829731,136;13,29539;52,53961
16127;191777;11;1;1044101;2019;1;5;2;3;6;2;2;0;1;1;0;0;0;1;794528,8839;5831557,072;13,3452;52,55422
16128;191778;11;12;12103218;2019;1;19;2;3;6;2;2;0;1;1;0;0;0;1;794862,4614;5833050,134;13,35143;52,56742
16129;191779;11;4;4030929;2019;1;14;4;3;5;7;0;0;1;0;0;0;1;1;792431,728;5825396,085;13,30894;52,50012
16130;191780;11;1;1044101;2019;1;10;2;3;1;5;0;0;1;0;0;0;0;1;793875,1106;5831584,432;13,33561;52,55482
16131;191781;11;11;11040925;2019;1;18;2;3;2;2;2;0;1;0;0;0;0;1;803409,1863;5826631,554;13,47129;52,5052
16132;191782;11;3;3040818;2019;1;10;2;3;5;3;0;1;1;0;0;0;0;1;799663,4472;5832816,884;13,42184;52,56271
16133;191783;11;8;8010211;2019;1;22;4;3;5;7;2;0;1;0;0;0;1;0;800353,349;5824231,437;13,42424;52,48538
16134;191784;11;6;6030504;2019;1;10;2;3;0;3;0;1;1;0;0;0;0;2;788959,044;5816405,45;13,25014;52,42136
16135;191785;11;6;6010206;2019;1;18;2;2;6;2;2;0;1;1;0;0;0;1;794889,244;5819743,808;13,34004;52,44813
16136;191786;11;5;5030832;2019;1;9;2;3;0;5;0;1;1;0;0;0;0;2;789373,9781;5829812,607;13,26786;52,54134
16137;191787;11;7;7050501;2019;1;9;2;3;2;2;0;0;1;0;0;0;0;1;798004,1553;5819645,909;13,38565;52,44556
16138;191788;11;1;1033202;2019;1;18;2;2;5;3;2;1;1;0;0;0;0;1;797249,6021;5829764,836;13,38361;52,53667
16139;191789;11;12;12231102;2019;1;8;2;3;0;1;0;1;0;0;0;0;0;2;790207,5414;5839954,308;13,289;52,63182
16140;191790;11;7;7030301;2019;1;13;5;3;1;5;0;1;1;0;0;0;0;0;794218,2167;5822611,839;13,33272;52,4742
16141;191791;11;9;9051801;2019;1;9;2;2;0;1;0;1;0;0;0;0;0;2;821559,4225;5819114,733;13,73056;52,42746
16142;191792;11;4;4030726;2019;1;11;2;3;6;2;0;0;0;1;0;0;1;0;791966,0908;5825240,11;13,30196;52,49897
16143;191793;11;1;1022203;2019;1;2;1;3;1;7;2;0;1;0;0;0;0;1;795287,2543;5828524,422;13,35366;52,52662
16144;191794;11;1;1011302;2019;1;11;1;3;6;7;0;0;1;1;0;0;0;1;798238,4672;5828757,908;13,39724;52,52711
16145;191795;11;5;5010101;2019;1;19;1;3;6;2;2;0;1;1;0;0;0;1;785231,4157;5831827,237;13,20867;52,56159
16146;191796;11;5;5030730;2019;1;19;1;3;2;6;2;0;1;0;0;0;0;1;786362,486;5829159,866;13,22301;52,53708
16147;191797;11;5;5010314;2019;1;20;1;3;6;4;2;0;1;1;0;0;0;0;783947,8378;5829087,194;13,18745;52,53769
16148;191798;11;8;8010212;2019;1;11;1;3;5;3;0;0;1;0;0;0;0;1;801236,4954;5823388,131;13,43644;52,47733
16149;191799;11;4;4030726;2019;1;8;1;2;1;1;0;0;1;0;0;0;0;1;792071,3117;5825297,793;13,30356;52,49943
16150;191800;11;1;1044201;2019;1;4;1;3;5;3;2;0;1;0;0;0;1;0;796673,0257;5831931,257;13,37707;52,55641
16151;191801;11;8;8010301;2019;1;18;1;3;2;6;2;0;1;0;0;0;0;1;801571,2875;5824050,32;13,44196;52,48308
16152;191802;11;4;4030620;2019;1;18;1;2;6;2;2;0;1;1;0;0;0;1;792174,5388;5827292,993;13,30682;52,51726
16153;191803;11;3;3020307;2019;1;5;5;3;0;6;2;0;1;0;0;0;1;1;800514,9701;5836163,614;13,4374;52,59224
16154;191804;11;1;1011102;2019;1;18;1;3;2;6;2;0;1;0;0;0;0;1;794993,2272;5827254,821;13,34821;52,5154
16155;191805;11;7;7050505;2019;1;18;1;2;6;4;2;0;1;1;0;0;0;1;798886,1499;5819088,283;13,39809;52,44008
16156;191806;11;5;5010103;2019;1;17;1;3;5;3;2;0;1;0;0;0;0;1;785102,5357;5831666,932;13,20664;52,56022
16157;191807;11;6;6030504;2019;1;16;1;3;5;2;2;1;1;0;0;0;0;1;790624,575;5815222,265;13,27353;52,40987
16158;191808;11;6;6030608;2019;1;15;1;3;4;6;0;1;1;0;0;0;0;1;791301,7079;5817703,782;13,28562;52,43176
16159;191809;11;12;12214528;2019;1;21;7;3;4;6;2;0;1;0;0;0;0;1;789937,9016;5836472,864;13,28197;52,60075
16160;191810;11;4;4051446;2019;1;22;7;2;6;4;2;0;1;1;0;0;0;1;792404,0381;5825018,279;13,3082;52,49674
16161;191811;11;7;7070701;2019;1;14;7;2;0;7;0;0;1;0;0;0;0;1;799159,8603;5814216,478;13,39775;52,39626
16162;191812;11;11;11010310;2019;1;13;7;3;6;4;0;0;0;1;0;0;1;2;805353,7185;5833248,849;13,50593;52,56342
16163;191813;11;1;1011305;2019;1;15;5;3;5;7;0;1;0;0;0;0;1;0;799069,859;5827094,875;13,40796;52,51175
16164;191814;11;12;12103117;2019;1;13;7;3;5;3;0;0;1;0;0;0;0;1;796271,9056;5832762,798;13,37191;52,56408
16165;191815;11;8;8020727;2019;1;12;7;3;6;4;0;0;1;1;0;0;0;1;801604,629;5817441,516;13,43648;52,42383
16166;191816;11;9;9010202;2019;1;11;7;2;4;6;0;0;1;0;0;0;0;1;803784,9913;5823282,044;13,47375;52,47497
16167;191817;11;1;1011302;2019;1;19;5;3;1;5;2;1;1;0;0;0;0;0;798948,102;5828428,245;13,40737;52,52377
16168;191818;11;3;3040818;2019;1;11;7;3;5;3;0;0;1;0;0;0;0;1;799726,0171;5832496,9;13,42248;52,55981
16169;191819;11;7;7050503;2019;1;10;7;2;1;5;0;0;1;0;0;0;0;1;799320,5318;5820527,98;13,40575;52,45275
16170;191820;11;1;1044201;2019;1;8;7;3;2;6;0;0;1;0;0;0;0;1;796651,1043;5831920,225;13,37673;52,55632
16171;191821;11;5;5010208;2019;1;22;7;3;6;7;2;0;1;1;0;0;0;1;783704,8897;5830202,999;13,18483;52,54782
16172;191822;11;2;2040703;2019;1;21;7;3;5;7;2;0;1;0;0;0;0;1;801349,7813;5826458,746;13,44088;52,50479
16173;191823;11;4;4030726;2019;1;20;7;3;6;7;2;0;1;1;0;0;0;1;792137,4005;5825322,157;13,30455;52,49961
16174;191824;11;8;8010117;2019;2;22;6;3;4;5;2;1;0;0;0;0;1;0;800631,815;5823089,626;13,4273;52,47499
16175;191825;11;6;6040810;2019;1;20;7;3;6;2;2;0;1;1;0;0;0;1;790178,1242;5819768,77;13,27093;52,45087
16176;191826;11;4;4031032;2019;1;17;7;3;0;3;1;1;1;0;0;0;0;1;791056,5208;5824827,522;13,28824;52,49576
16177;191827;11;3;3010104;2019;1;4;7;3;9;1;2;0;1;0;0;0;0;2;800858,8465;5838764,336;13,44483;52,61536
16178;191828;11;2;2020202;2019;1;12;4;3;5;3;0;1;1;0;0;0;0;0;797550,2237;5825154,341;13,3839;52,49518
16179;191829;11;9;9010402;2019;1;18;7;3;6;2;2;0;1;1;0;0;0;1;805884,2688;5818982,364;13,50063;52,43526
16180;191830;11;3;3040614;2019;1;17;7;3;5;3;1;0;1;0;0;0;0;1;799867,1621;5834294,351;13,42618;52,57584
16181;191831;11;1;1011204;2019;1;17;7;3;5;2;1;0;1;0;0;0;0;1;797854,8529;5826860,54;13,3899;52,51031
16182;191832;11;7;7040403;2019;1;17;7;2;5;3;1;1;1;0;0;0;0;1;797090,8214;5822167,274;13,37449;52,46866
16183;191833;11;6;6020304;2019;1;0;7;3;1;5;2;0;0;0;1;1;0;1;794629,2608;5818129,887;13,3348;52,4338
16184;191834;11;4;4030931;2019;1;12;5;3;5;3;0;0;1;0;0;0;0;0;793998,0148;5826068,087;13,33254;52,5053
16185;191835;11;9;9041501;2019;1;17;7;3;6;4;1;0;1;1;0;0;0;1;811048,6838;5820499,259;13,57777;52,44594
16186;191836;11;4;4010101;2019;1;16;7;3;2;2;1;0;1;0;0;0;0;1;791297,5801;5830670,852;13,2969;52,54801
16187;191837;11;10;10010308;2019;1;13;5;3;2;6;0;0;1;0;0;0;0;0;807045,4106;5829121,963;13,52699;52,52548
16188;191838;11;7;7030301;2019;1;16;7;3;3;6;1;1;0;0;0;0;1;1;794555,1713;5822540,782;13,3376;52,47338
16189;191839;11;1;1011103;2019;1;18;6;3;2;6;2;0;1;0;0;0;0;1;795555,3969;5825769,199;13,35515;52,50178
16190;191840;11;7;7030303;2019;1;20;4;3;2;6;2;0;1;0;0;0;0;0;795385,5662;5820977,943;13,34841;52,45892
16191;191841;11;8;8010303;2019;1;22;6;3;5;2;2;1;1;0;0;0;0;1;801013,7949;5823905,808;13,43364;52,48209
16192;191842;11;3;3020307;2019;1;21;6;2;0;7;2;0;1;0;0;0;1;0;800167,5294;5836913,521;13,43297;52,59915
16193;191843;11;10;10010203;2019;1;12;6;3;9;1;0;0;1;0;0;0;0;2;807677,511;5830789,621;13,53782;52,54007
16194;191844;11;8;8010117;2019;1;19;6;3;0;5;2;1;1;0;0;0;0;1;800686,7528;5822950,802;13,42798;52,47371
16195;191845;11;6;6040809;2019;1;7;6;3;0;1;1;1;0;0;0;0;0;1;792242,3439;5820561,329;13,30192;52,45688
16196;191846;11;1;2040701;2019;1;7;6;2;5;2;1;1;1;0;0;0;0;1;800161,8114;5827358,629;13,42424;52,51351
16197;191847;11;6;6020302;2019;1;6;5;3;2;6;2;0;1;0;0;0;1;0;794076,031;5818788,917;13,32727;52,44
16198;191848;11;1;1011102;2019;1;8;6;3;2;6;0;0;1;0;0;0;0;2;795191,7185;5827239,765;13,35111;52,51516
16199;191849;11;1;1011306;2019;1;10;6;3;6;2;0;0;0;1;0;0;1;1;799663,7495;5827043,318;13,41664;52,51096
16200;191850;11;4;4020313;2019;1;11;6;3;5;2;0;0;1;0;0;0;1;0;790209,2888;5826041,022;13,27685;52,50709
16201;191851;11;7;7040401;2019;1;11;6;3;2;7;0;0;1;0;0;0;0;1;797276,1305;5823682,122;13,37856;52,48214
16202;191852;11;11;11051229;2019;1;13;6;3;6;4;0;0;1;1;0;0;0;1;803977,9697;5826070,74;13,47913;52,49985
16203;191853;11;11;11051229;2019;1;13;6;2;2;2;0;1;0;0;0;1;0;0;803345,6762;5826301,38;13,47005;52,50227
16204;191854;11;9;9041401;2019;1;14;6;3;5;3;0;0;1;0;0;0;0;0;811576,9799;5820376,777;13,5854;52,44454
16205;191855;11;12;12301204;2019;1;6;6;3;5;2;1;0;1;0;0;0;0;1;792827,961;5836797,167;13,32481;52,60211
16206;191856;11;2;2050801;2019;1;18;6;3;5;2;2;0;1;0;1;0;0;1;803398,2589;5826865,207;13,47134;52,5073
16207;191857;11;9;9051702;2019;1;10;6;3;0;7;0;0;1;0;0;0;0;1;815143,0261;5821059,387;13,63834;52,44862
16208;191858;11;8;8030831;2019;1;18;6;2;6;4;2;0;1;1;0;0;0;1;803739,373;5817990,696;13,46827;52,42757
16209;191859;11;9;9020701;2019;1;17;6;3;5;2;2;0;1;0;0;0;0;1;808089,6915;5818627,215;13,53264;52,43084
16210;191860;11;7;7040405;2019;1;18;5;3;6;2;2;0;1;1;0;0;0;0;798445,7357;5821049,159;13,39338;52,4579
16211;191861;11;4;4051448;2019;1;16;6;3;5;3;1;0;1;0;0;0;0;0;793965,7875;5824960,752;13,33109;52,49539
16212;191862;11;4;4030828;2019;1;19;5;3;3;6;2;1;1;0;0;0;0;0;793253,6136;5826186,529;13,32171;52,50676
16213;191863;11;11;11030619;2019;1;18;5;3;2;6;2;0;1;0;0;0;0;0;804146,289;5829813,659;13,48502;52,53331
16214;191864;11;8;8020619;2019;1;17;5;2;5;3;2;0;1;0;0;0;1;0;801616,6078;5821693,636;13,44049;52,46193
16215;191865;11;6;6040703;2019;1;16;5;3;5;3;2;1;1;0;0;0;0;0;785322,4398;5817729,986;13,19794;52,43515
16216;191866;11;10;10010102;2019;1;15;5;2;6;4;0;0;1;1;0;0;0;0;810137,0137;5833918,832;13,5769;52,56672
16217;191867;11;6;6040701;2019;2;15;6;3;5;3;0;0;1;0;0;0;0;0;781877,5118;5813349,348;13,14371;52,39765
16218;191868;11;10;10010204;2019;1;15;5;3;5;3;0;0;1;0;0;1;0;0;808889,9656;5833395,236;13,55807;52,56274
16219;191869;11;8;8010118;2019;1;14;5;3;6;7;0;1;0;1;0;0;0;0;801181,7254;5821806,219;13,43421;52,46318
16220;191870;11;9;9020701;2019;1;9;5;3;6;4;0;0;1;1;0;0;0;0;808338,7579;5819178,825;13,5368;52,43564
16221;191871;11;9;9030901;2019;1;7;5;3;1;5;0;0;1;0;0;0;0;0;808370,128;5816940,436;13,5352;52,41556
16222;191872;11;7;7020204;2019;1;12;4;3;2;6;0;0;1;0;0;0;0;0;796601,2784;5823946,242;13,36889;52,48487
16223;191873;11;5;5020522;2019;1;15;4;2;6;4;0;0;1;1;0;0;0;0;782033,3748;5827359,776;13,15783;52,5232
16224;191874;11;8;8041037;2019;1;16;4;3;5;2;2;0;1;0;0;0;0;0;805548,3298;5818553,236;13,49531;52,4316
16225;191875;11;9;9010101;2019;1;17;5;3;2;2;1;0;1;0;0;0;0;0;802351,5107;5824749,136;13,45404;52,48891
16226;191876;11;1;1011203;2019;1;15;4;3;5;2;0;1;1;0;0;0;0;0;797623,8441;5827017,473;13,38665;52,51184
16227;191877;11;7;7010104;2019;1;15;4;3;2;6;0;0;0;0;1;0;0;0;796334,468;5825111,897;13,36601;52,49546
16228;191878;11;3;3050925;2019;1;15;4;3;1;5;0;1;1;0;0;0;0;0;802687,7117;5831395,923;13,46503;52,5483
16229;191879;11;3;3061126;2019;1;14;4;3;1;5;0;0;1;0;0;0;0;0;798667,2163;5831768,213;13,40625;52,55386
16230;191880;11;4;4030726;2019;1;12;4;2;5;2;0;0;1;0;1;0;0;0;791577,6258;5825525,58;13,2965;52,50173
16231;191881;11;3;3030716;2019;1;7;5;3;2;6;0;0;1;0;0;0;0;0;802865,2545;5833539,449;13,46959;52,56741
16232;191882;11;9;9010401;2019;1;6;4;3;2;6;2;0;1;0;0;0;0;1;805742,4277;5820365,49;13,49981;52,44774
16233;191883;11;9;9010401;2019;1;6;4;3;0;6;2;0;1;0;0;0;1;0;806348,2068;5821000,52;13,50928;52,45309
16234;191884;11;2;2040701;2019;1;22;4;3;5;3;2;0;1;0;0;0;0;0;800307,6524;5827626,121;13,42663;52,51583
16235;191885;11;3;3020307;2019;1;7;4;3;6;4;0;0;1;1;0;0;0;0;799534,1922;5837801,758;13,42445;52,60746
16236;191886;11;4;4051448;2019;1;7;4;3;3;6;0;1;1;0;0;0;0;0;793935,143;5825147,122;13,3308;52,49708
16237;191887;11;1;1011301;2019;1;8;4;3;2;6;0;1;1;0;0;0;0;1;796949,3682;5829436,585;13,3789;52,5339
16238;191888;11;9;9010301;2019;1;17;4;3;5;2;2;1;1;0;0;0;0;0;805008,5271;5822690,938;13,49117;52,46899
16239;191889;11;4;4030415;2019;1;8;4;3;2;6;0;0;1;0;0;0;0;0;791618,314;5827511,634;13,29884;52,51952
16240;191890;11;4;4030519;2019;1;8;4;3;5;2;0;1;1;0;0;0;0;0;792596,0674;5828268,647;13,31388;52,52578
16241;191891;11;5;5010208;2019;1;9;4;3;6;2;0;0;1;1;0;0;0;0;783828,6377;5830130,656;13,18659;52,54711
16242;191892;11;7;7070701;2019;1;11;4;2;6;2;0;0;1;1;0;0;0;0;798696,2745;5816020,906;13,39257;52,41269
16243;191893;11;12;12302108;2019;1;6;4;3;2;6;2;0;1;0;0;0;0;0;794631,0586;5836292,83;13,35091;52,59662
16244;191894;11;8;8010301;2019;1;9;5;3;0;3;0;0;1;0;1;0;0;0;801715,4663;5824253,362;13,44426;52,48482
16245;191895;11;6;6030610;2019;1;19;4;2;5;3;2;0;1;0;0;0;0;2;791684,9672;5818800,308;13,2922;52,44139
16246;191896;11;2;2020204;2019;1;18;4;3;5;2;2;1;1;0;0;0;0;0;798489,3602;5825229,342;13,39776;52,49534
16247;191897;11;4;4030623;2019;1;14;4;3;6;4;0;1;0;1;0;0;0;0;793339,5256;5826672,701;13,3234;52,51107
16248;191898;11;4;4051550;2019;1;12;4;3;6;4;0;0;1;1;0;0;0;0;793229,1012;5823990,763;13,31941;52,48709
16249;191899;11;8;8010301;2019;1;18;4;3;2;6;2;0;1;0;0;0;0;0;800904,3416;5824271,697;13,43236;52,48543
16250;191900;11;6;6010209;2019;1;18;4;3;5;3;2;1;1;0;0;0;0;0;794486,9374;5821598,398;13,33577;52,46497
16251;191901;11;3;3040818;2019;1;12;4;2;5;3;0;1;1;0;0;0;0;0;799664,4076;5832817,111;13,42186;52,56271
16252;191902;11;2;2020206;2019;1;4;4;2;8;1;2;0;1;0;0;0;0;0;799457,919;5824933,364;13,41172;52,49216
16253;191903;11;4;4030931;2019;1;17;4;3;6;4;2;1;0;1;0;0;0;0;793847,1224;5825873,673;13,33015;52,50364
16254;191904;11;7;7040405;2019;1;17;4;3;5;2;2;1;1;0;0;0;0;0;797945,3969;5822209,957;13,38708;52,46857
16255;191905;11;2;2040503;2019;1;17;4;3;2;6;2;0;1;0;0;0;0;0;801389,2705;5828723,685;13,44351;52,52507
16256;191906;11;2;2030302;2019;1;13;4;3;1;5;0;1;0;0;0;0;1;0;800297,0314;5825830,517;13,42485;52,49974
16257;191907;11;6;6020409;2019;1;13;5;3;5;2;0;1;1;0;0;0;0;0;794140,6087;5817715,924;13,32727;52,43035
16258;191908;11;8;8020622;2019;1;7;3;3;2;6;0;0;1;0;0;0;0;0;801254,5084;5819762,051;13,43343;52,44482
16259;191909;11;3;3061126;2019;1;10;3;2;5;7;0;0;1;0;0;0;1;0;798662,6622;5831707,276;13,40613;52,55331
16260;191910;11;1;1033201;2019;1;16;3;3;6;4;0;1;0;1;0;0;0;0;798172,9525;5830043,176;13,39743;52,53867
16261;191911;11;4;4030623;2019;1;13;4;2;5;3;0;1;1;0;0;0;0;0;792916,931;5826772,084;13,31727;52,51219
16262;191912;11;11;11020515;2019;1;14;3;3;5;3;0;0;1;0;0;0;0;0;805124,0264;5830057,489;13,49962;52,53495
16263;191913;11;3;3061429;2019;1;14;3;3;5;2;0;1;1;0;0;0;0;0;801080,0921;5830449,654;13,44053;52,54071
16264;191914;11;6;6040810;2019;1;13;3;3;2;2;0;0;1;0;0;1;0;0;790562,6231;5821486,562;13,27807;52,46607
16265;191915;11;6;6010208;2019;1;13;3;3;2;2;0;1;1;0;0;0;0;0;794120,9734;5820820,925;13,32971;52,4582
16266;191916;11;8;8020621;2019;1;13;3;3;4;6;0;0;1;0;0;0;0;0;800580,8856;5819341,581;13,42317;52,44142
16267;191917;11;10;10040933;2019;1;12;3;3;5;2;0;0;1;0;0;0;1;0;812385,1224;5824270,491;13,60089;52,47898
16268;191918;11;12;12302110;2019;1;18;5;2;6;2;2;0;1;1;0;0;0;0;794420,6232;5836238,438;13,34776;52,59624
16269;191919;11;3;3040512;2019;1;12;3;2;5;3;0;1;1;0;0;0;0;0;795623,3456;5834694,987;13,36409;52,58175
16270;191920;11;8;8020619;2019;1;12;3;3;6;7;0;0;1;1;0;0;0;0;801969,8258;5820748,291;13,44482;52,45326
16271;191921;11;8;8041036;2019;1;18;3;3;6;4;1;0;1;1;0;0;0;0;805274,3531;5816503,631;13,48942;52,41339
16272;191922;11;8;8010405;2019;1;10;3;3;5;3;0;0;1;0;0;0;1;0;802266,2523;5823530,721;13,45169;52,47804
16273;191923;11;8;8030829;2019;1;18;5;2;6;2;1;0;1;1;0;0;0;0;803146,5604;5818457,92;13,46;52,43208
16274;191924;11;11;11030720;2019;1;9;3;3;2;6;0;0;1;0;0;0;1;0;805195,7048;5829051,481;13,49975;52,52589
16275;191925;11;4;4030930;2019;1;9;3;2;3;3;0;0;1;0;0;0;1;0;792845,1175;5825520,588;13,31512;52,50101
16276;191926;11;3;3071537;2019;1;22;3;2;5;2;2;1;1;0;0;0;0;0;799688,2438;5829250,284;13,41899;52,53073
16277;191927;11;4;4020310;2019;1;20;3;3;5;2;2;0;1;0;0;0;0;0;790559,054;5827352,592;13,28314;52,51866
16278;191928;11;12;12214527;2019;1;19;3;3;6;7;2;0;1;1;0;0;0;0;790201,639;5835145,095;13,28469;52,58871
16279;191929;11;6;6040810;2019;1;8;3;3;2;2;0;1;1;0;0;0;0;0;790139,0618;5819770,878;13,27036;52,45091
16280;191930;11;2;2010104;2019;1;18;3;3;6;4;1;1;0;1;0;0;0;0;799047,6008;5825596,119;13,40629;52,49832
16281;191931;11;10;10010310;2019;1;20;2;3;2;6;2;0;1;0;0;0;0;1;807823,2782;5830742,878;13,53992;52,53957
16282;191932;11;10;10020413;2019;1;16;5;3;6;4;0;0;1;1;0;0;0;0;811119,601;5830922,521;13,58854;52,53931
16283;191933;11;9;9010301;2019;1;19;2;3;5;3;2;0;1;0;0;0;0;0;804871,0547;5822461,085;13,48895;52,467
16284;191934;11;1;1044202;2019;1;18;2;3;2;6;2;0;1;0;0;0;0;0;795552,4438;5830734,915;13,35952;52,54629