;OBJECTID;LAND;BEZ;LOR;UJAHR;UMONAT;USTUNDE;UWOCHENTAG;UKATEGORIE;UART;UTYP1;ULICHTVERH;IstRad;IstPKW;IstFuss;IstKrad;IstGkfz;IstSonstige;USTRZUSTAND;LINREFX;LINREFY;XGCSWGS84;YGCSWGS84
16285;191935;11;4;4030620;2019;1;17;2;2;6;2;2;0;1;1;0;0;0;0;792176,1988;5827292,248;13,30685;52,51725
16286;191936;11;11;11041023;2019;1;17;2;2;6;4;2;0;1;1;0;0;0;0;807525,8961;5827591,975;13,53264;52,5115
16287;191937;11;9;9020501;2019;1;17;2;3;2;6;2;0;1;0;0;0;0;1;806027,178;5823050,904;13,50645;52,47164
16288;191938;11;4;4031032;2019;1;14;2;3;2;3;0;0;1;0;0;0;0;0;791624,937;5824503,987;13,2963;52,49255
16289;191939;11;7;7040403;2019;1;7;2;3;2;6;0;0;1;0;0;0;0;1;797248,8551;5820826,636;13,37562;52,45655
16290;191940;11;7;7040406;2019;1;7;2;3;5;2;0;1;1;0;0;0;0;0;799964,7278;5821327,082;13,41592;52,45956
16291;191941;11;3;3040512;2019;1;7;2;3;3;6;2;0;1;0;0;1;0;0;796786,7517;5835811,529;13,38221;52,59113
16292;191942;11;12;12302110;2019;2;12;6;3;5;2;0;1;0;0;0;1;0;0;795278,0396;5836373,535;13,36051;52,59699
16293;191943;11;6;6040804;2019;1;6;2;3;6;2;2;0;1;1;0;0;0;1;787643,5067;5818140,343;13,23234;52,43761
16294;191944;11;9;9030901;2019;1;5;2;3;5;2;2;0;1;0;0;0;0;0;807683,0988;5817730,715;13,52585;52,42303
16295;191945;11;8;8020728;2019;1;17;2;3;2;2;1;0;1;0;1;0;0;0;802329,6004;5816798,02;13,44652;52,41766
16296;191946;11;1;1011401;2019;1;13;4;3;6;4;0;0;0;1;0;0;1;0;798321,9847;5829380,233;13,39903;52,53264
16297;191947;11;9;9052001;2019;1;17;2;2;6;2;1;0;1;1;0;0;0;0;810361,9869;5823543,278;13,57052;52,47361
16298;191948;11;7;7020204;2019;1;15;2;3;6;4;0;1;0;1;0;0;0;0;796338,0338;5823954,737;13,36503;52,48509
16299;191949;11;10;10040829;2019;1;15;2;3;2;2;0;0;1;0;0;0;0;0;812265,8877;5827761,993;13,60242;52,51033
16300;191950;11;4;4020313;2019;1;13;2;3;2;2;0;0;1;0;0;0;0;0;790292,053;5826036,09;13,27806;52,507
16301;191951;11;8;8020622;2019;1;13;2;3;0;3;0;0;1;0;0;0;1;0;802722,4055;5819458,555;13,45469;52,44129
16302;191952;11;2;2030301;2019;1;9;5;3;3;6;0;0;1;0;0;0;1;0;800127,2833;5825757,633;13,42229;52,49918
16303;191953;11;2;2020206;2019;1;12;2;3;6;7;0;0;1;1;0;0;0;0;800189,9192;5824401,843;13,42199;52,48699
16304;191954;11;8;8020619;2019;1;11;2;3;2;6;0;0;1;0;0;0;0;0;801219,4062;5821686,849;13,43466;52,46209
16305;191955;11;4;4030827;2019;1;8;5;3;0;2;0;1;1;0;0;0;0;0;792255,2988;5826004,691;13,30688;52,50567
16306;191956;11;1;1011301;2019;1;11;2;3;6;4;0;0;1;1;0;0;0;0;797640,1982;5828177,428;13,38793;52,52223
16307;191957;11;6;6040810;2019;1;10;2;3;5;3;0;1;1;0;0;0;0;0;792344,4798;5820808,71;13,30363;52,45904
16308;191958;11;1;1022103;2019;1;9;2;3;2;6;0;0;1;0;0;0;0;0;793422,6437;5829465,483;13,32708;52,53607
16309;191959;11;1;1011303;2019;1;21;4;3;2;6;2;0;1;0;0;0;0;0;799567,7605;5828230,669;13,4163;52,52165
16310;191960;11;5;5020415;2019;1;8;2;3;6;4;0;0;1;1;0;0;0;0;779819,3823;5830157,798;13,12764;52,54943
16311;191961;11;4;4030416;2019;1;10;2;3;0;1;0;0;0;0;1;0;0;2;790898,9112;5826974,488;13,2878;52,51509
16312;191962;11;1;1033102;2019;1;15;1;3;1;5;0;1;1;0;0;0;1;1;797738,3337;5831237,543;13,39211;52,54961
16313;191963;11;1;1033203;2019;1;23;1;2;5;3;2;1;1;0;0;0;0;0;796637,1662;5829798,932;13,37463;52,53731
16314;191964;11;6;6010210;2019;1;17;1;3;6;2;2;0;1;1;0;0;0;0;795116,5885;5821277,184;13,34473;52,46175
16315;191965;11;4;4010101;2019;1;17;1;3;5;2;2;0;1;0;0;0;0;1;789487,5381;5830629,091;13,27024;52,5486
16316;191966;11;4;4030622;2019;1;10;5;3;5;2;0;0;1;0;0;0;0;0;792191,3008;5827027,389;13,30684;52,51487
16317;191967;11;1;1033202;2019;1;15;1;3;2;1;0;1;1;0;0;0;0;0;797677,5811;5829624,223;13,38977;52,53518
16318;191968;11;8;8030831;2019;1;14;1;3;5;2;0;0;1;0;0;0;0;1;803724,1188;5818010,323;13,46807;52,42775
16319;191969;11;12;12103117;2019;1;1;1;2;1;1;2;0;1;0;0;0;1;1;795863,8643;5832599,492;13,36576;52,56284
16320;191970;11;1;1044102;2019;2;15;3;3;5;3;0;0;1;0;0;0;0;0;794050,016;5832122,977;13,33866;52,55955
16321;191971;11;12;12214424;2019;2;13;3;3;3;6;0;1;1;0;0;0;0;0;792530,8986;5833065,816;13,31714;52,56882
16322;191972;11;1;1022104;2019;2;14;3;3;5;3;0;1;1;0;0;0;0;0;794455,0241;5828436,841;13,34135;52,52629
16323;191973;11;3;3061228;2019;2;17;5;3;5;3;2;1;1;0;0;0;0;0;800191,7902;5830931,665;13,42791;52,54552
16324;191974;11;9;9051701;2019;2;14;3;2;2;7;0;0;1;0;0;0;0;0;813042,9322;5821425,684;13,60788;52,45311
16325;191975;11;9;9041301;2019;2;15;3;2;6;4;0;0;1;1;0;0;0;0;811563,2054;5818866,162;13,58379;52,43101
16326;191976;11;6;6010206;2019;2;14;3;3;5;2;0;1;1;1;0;0;0;0;794767,9006;5819860,234;13,33836;52,44923
16327;191977;11;4;4020310;2019;2;14;5;2;5;2;0;0;1;0;0;0;0;0;789835,0757;5827385,635;13,27252;52,51934
16328;191978;11;4;4031032;2019;2;14;3;3;6;7;0;0;1;1;0;0;0;0;791581,9853;5825047,691;13,29615;52,49745
16329;191979;11;5;5020521;2019;2;11;3;3;2;2;0;0;1;0;0;0;0;0;779587,9778;5827831,917;13,12228;52,52869
16330;191980;11;5;5010209;2019;2;11;3;2;5;3;0;0;1;0;0;0;0;0;783057,672;5829305,085;13,17454;52,54011
16331;191981;11;6;6020306;2019;2;7;3;3;3;6;0;1;0;0;0;0;1;0;796398,7649;5816915,293;13,35968;52,42195
16332;191982;11;2;2020204;2019;2;17;3;3;8;1;2;0;1;0;0;0;0;0;798311,6702;5825332,738;13,39525;52,49637
16333;191983;11;4;4031032;2019;2;18;3;3;2;6;2;0;1;0;0;0;0;0;791979,7575;5824834,055;13,3018;52,49532
16334;191984;11;8;8030831;2019;2;20;3;3;5;3;2;1;1;0;0;0;0;0;804138,0878;5817802,937;13,47395;52,42566
16335;191985;11;8;8010117;2019;2;17;3;3;2;6;2;1;1;0;0;0;0;0;800683,7211;5822915,114;13,4279;52,4734
16336;191986;11;1;1011305;2019;2;17;3;3;1;5;2;1;1;0;0;0;0;0;799467,6076;5826587,861;13,41335;52,50698
16337;191987;11;2;2030302;2019;2;13;5;2;6;4;0;1;0;1;0;0;0;0;800799,8778;5825819,163;13,43223;52,49936
16338;191988;11;7;7050501;2019;2;17;3;3;1;7;2;0;1;0;0;0;1;0;797965,9513;5819460,655;13,38492;52,44392
16339;191989;11;2;2020206;2019;2;15;5;3;3;6;0;1;1;0;0;0;0;0;799237,096;5824556,034;13,40814;52,4889
16340;191990;11;8;8041037;2019;2;16;3;3;6;4;1;0;1;1;0;0;0;0;804992,2893;5817756,296;13,48643;52,42477
16341;191991;11;1;1033203;2019;2;16;3;3;6;4;0;0;0;1;1;0;0;0;797029,6831;5830895,961;13,38139;52,54693
16342;191992;11;12;12301203;2019;2;16;3;3;5;2;0;0;1;0;0;0;0;0;793545,003;5834253,179;13,33312;52,57892
16343;191993;11;5;5030731;2019;2;13;5;3;2;6;0;0;1;0;0;0;0;0;788032,287;5829372,451;13,24775;52,53811
16344;191994;11;5;5020523;2019;2;15;3;3;5;3;0;1;1;0;0;0;0;0;782906,1268;5827421,529;13,17071;52,5233
16345;191995;11;4;4051446;2019;2;17;3;2;5;2;2;1;1;0;0;0;0;0;792948,9667;5825319,057;13,31647;52,49915
16346;191996;11;12;12214125;2019;2;10;3;3;2;2;0;1;0;0;0;0;0;0;790812,6528;5834331,83;13,29297;52,58109
16347;191997;11;1;1011303;2019;2;14;6;3;5;2;0;1;0;0;0;0;1;0;799110,8712;5828465,981;13,4098;52,52401
16348;191998;11;6;6020303;2019;2;10;3;3;3;6;0;0;1;0;0;0;1;0;795229,3258;5818685,552;13,34409;52,43846
16349;191999;11;5;5020626;2019;2;7;3;3;2;7;0;0;1;0;0;0;0;0;784649,6321;5827269,114;13,19621;52,52103
16350;192000;11;1;1011101;2019;2;13;5;3;2;6;0;0;1;0;0;0;0;0;794636,3248;5826163,135;13,342;52,50581
16351;192001;11;2;2040701;2019;2;7;3;3;5;3;1;1;1;0;0;0;0;0;800365,0273;5827188,8;13,42708;52,51188
16352;192002;11;2;2030402;2019;2;17;2;3;2;6;2;0;1;0;0;0;0;0;801647,9232;5825899,153;13,44475;52,49961
16353;192003;11;2;2030402;2019;2;17;2;3;2;6;2;0;1;0;0;0;0;0;801647,9232;5825899,153;13,44475;52,49961
16354;192004;11;11;11030721;2019;2;9;5;3;4;6;0;0;1;0;0;0;0;0;803446,2207;5828618,434;13,47364;52,52299
16355;192005;11;4;4030931;2019;2;15;2;3;2;6;0;0;1;0;0;0;0;0;793931,9632;5826032,839;13,33154;52,50502
16356;192006;11;3;3020209;2019;2;9;2;3;5;2;0;0;1;0;0;1;0;1;797872,651;5836024,615;13,39839;52,59245
16357;192007;11;9;9020802;2019;2;8;2;3;2;2;0;0;1;0;0;0;0;1;809791,1161;5820493,661;13,55932;52,44661
16358;192008;11;1;1011302;2019;2;9;5;3;5;2;0;1;1;0;0;0;0;0;799054,3076;5828993,34;13,40944;52,52877
16359;192009;11;9;9031202;2019;2;11;2;3;2;6;0;0;1;0;0;0;0;1;816108,7049;5813266,556;13,64514;52,37823
16360;192010;11;1;1022205;2019;2;21;2;3;6;7;2;0;1;1;0;0;0;0;795518,132;5828345,68;13,35689;52,5249
16361;192011;11;4;4041241;2019;2;14;6;3;0;1;0;1;0;0;0;0;0;0;791554,614;5822477,081;13,2935;52,47442
16362;192012;11;9;9031101;2019;2;21;2;3;6;7;2;0;0;1;0;0;1;0;811054,7724;5818037,065;13,57556;52,42387
16363;192013;11;5;5020419;2019;2;5;2;3;3;6;2;1;0;0;0;0;1;1;780912,829;5828336,297;13,14218;52,53253
16364;192014;11;10;10010204;2019;2;11;5;3;5;3;0;0;1;0;0;0;0;0;809336,8958;5832706,088;13,564;52,55631
16365;192015;11;12;12103219;2019;2;7;2;3;6;2;0;0;1;1;0;0;0;1;794963,0381;5832708,33;13,35261;52,5643
16366;192016;11;8;8010406;2019;2;5;2;2;5;3;2;0;0;0;1;0;1;1;802278,5584;5823881,701;13,45219;52,48118
16367;192017;11;8;8010404;2019;2;11;5;3;2;6;0;0;1;0;0;0;1;0;802106,7801;5823434,353;13,44926;52,47726
16368;192018;11;5;5020626;2019;2;19;2;3;6;2;2;0;1;1;0;0;0;0;784548,115;5828156,36;13,19548;52,52903
16369;192019;11;1;1022207;2019;2;7;2;2;6;7;1;1;0;1;0;0;0;1;794191,2365;5827121,602;13,33631;52,51464
16370;192020;11;8;8020727;2019;2;18;2;3;6;2;1;0;1;1;0;0;0;0;801524,0108;5817548,343;13,43539;52,42483
16371;192021;11;1;1011202;2019;2;19;5;3;0;2;2;1;0;0;0;0;1;0;797685,7217;5827902,94;13,38835;52,51975
16372;192022;11;7;7010101;2019;2;16;2;3;6;7;0;1;0;1;0;0;0;0;794861,289;5825676,6;13,34487;52,50132
16373;192023;11;11;11020514;2019;2;16;2;2;5;3;0;1;1;0;0;0;0;0;804303,7547;5830307,14;13,48779;52,53764
16374;192024;11;8;8020622;2019;2;15;2;3;6;4;0;0;1;1;0;0;0;0;801430,7196;5820268,839;13,43648;52,44926
16375;192025;11;4;4051445;2019;2;7;5;3;5;2;0;1;1;0;0;0;0;1;792489,5126;5824122,668;13,30867;52,48867
16376;192026;11;9;9031101;2019;2;15;2;2;0;1;0;1;1;0;0;0;0;0;811185,663;5817766,294;13,57723;52,42137
16377;192027;11;1;1033201;2019;2;14;2;3;2;6;0;0;1;0;0;0;0;1;797514,9588;5831010,255;13,38862;52,54769
16378;192028;11;10;10040932;2019;2;12;2;3;2;6;0;0;1;0;1;0;0;0;812928,884;5827928,147;13,61231;52,51144
16379;192029;11;6;6030609;2019;2;7;5;3;5;3;0;0;1;0;0;0;0;0;792586,2752;5818924,367;13,30553;52,44202
16380;192030;11;4;4020313;2019;2;12;2;3;6;2;0;0;1;1;0;0;0;1;790525,3985;5826497,051;13,28189;52,51101
16381;192031;11;3;3061332;2019;2;8;2;3;5;7;0;0;1;0;0;0;1;1;799469,8859;5831030,816;13,41739;52,54681
16382;192032;11;12;12304313;2019;2;8;2;3;5;7;0;0;1;0;0;0;1;1;791756,3438;5834578,048;13,30708;52,58279
16383;192033;11;8;8020619;2019;2;7;5;3;5;2;0;0;1;0;0;0;1;1;801546,2909;5820647,214;13,43851;52,45259
16384;192034;11;9;9010202;2019;2;18;2;3;6;4;1;0;1;1;0;0;0;0;804233,543;5824169,615;13,48115;52,48267
16385;192035;11;8;8010301;2019;2;16;1;3;2;2;2;0;1;0;0;0;0;1;800664,1935;5824380,216;13,42894;52,48654
16386;192036;11;9;9020702;2019;2;21;1;3;2;7;2;0;1;0;1;0;0;1;809389,4491;5819628,756;13,55262;52,43908
16387;192037;11;12;12301203;2019;2;16;5;3;5;2;0;1;1;0;0;0;0;0;792851,671;5835170,064;13,32372;52,58751
16388;192038;11;10;10020413;2019;2;15;1;3;5;2;0;0;1;0;0;0;0;1;811288,9316;5831562,997;13,59163;52,54495
16389;192039;11;5;5010314;2019;2;1;1;3;8;1;1;0;1;0;0;0;0;1;784997,6005;5829401,608;13,20315;52,53996
16390;192040;11;2;2030301;2019;2;18;1;2;2;6;2;1;1;0;0;0;0;1;799847,6463;5825811,428;13,41823;52,49982
16391;192041;11;8;8041040;2019;2;7;5;3;0;3;0;0;1;0;1;0;0;0;806884,2256;5817354,097;13,5138;52,42011
16392;192042;11;4;4031032;2019;2;19;1;2;6;2;2;0;1;1;0;0;0;1;791837,3073;5824702,002;13,2996;52,49421
16393;192043;11;6;6020409;2019;2;18;1;2;8;1;2;0;1;0;0;0;1;1;793564,5509;5817986,521;13,31906;52,43308
16394;192044;11;1;1044202;2019;2;9;1;3;2;6;0;0;1;0;0;0;0;1;795552,4438;5830734,915;13,35952;52,54629
16395;192045;11;2;2010102;2019;2;2;1;3;5;3;2;0;1;0;0;0;1;0;798183,347;5826499,56;13,39441;52,5069
16396;192046;11;11;11020412;2019;2;10;6;3;5;2;0;1;1;0;0;0;0;0;805833,1405;5831863,726;13,5117;52,55074
16397;192047;11;2;2030302;2019;2;3;7;3;0;1;2;1;0;0;0;0;0;0;800724,3014;5826537,615;13,43177;52,50584
16398;192048;11;1;1044101;2019;2;1;7;2;8;1;2;0;1;0;0;0;0;0;794223,5065;5830421,662;13,3397;52,54421
16399;192049;11;12;12302110;2019;2;23;7;3;0;3;2;0;1;0;1;0;0;1;794640,3828;5836270,786;13,35103;52,59641
16400;192050;11;8;8030831;2019;2;23;7;3;2;6;2;0;1;0;0;0;1;1;803824,2776;5817909,914;13,46944;52,4268
16401;192051;11;8;8010404;2019;2;21;7;3;6;4;2;0;1;1;0;0;0;0;802470,4269;5823158,055;13,45435;52,47459
16402;192052;11;10;10010102;2019;2;14;5;3;6;4;0;0;1;1;0;0;0;0;809964,4385;5834535,877;13,57493;52,57235
16403;192053;11;1;1022206;2019;2;14;7;3;0;7;0;0;1;0;0;0;1;0;796425,0273;5828596,967;13,37044;52,52666
16404;192054;11;11;11010309;2019;2;20;7;3;5;2;2;0;1;0;0;0;0;1;804416,9952;5833377,312;13,49227;52,5651
16405;192055;11;9;9051901;2019;2;18;7;3;2;6;2;0;1;0;0;0;0;1;809683,0962;5821311,777;13,55849;52,454
16406;192056;11;6;6010205;2019;2;5;5;3;3;6;2;0;1;0;0;0;0;0;796010,1437;5819872,042;13,3566;52,44867
16407;192057;11;1;1011305;2019;2;17;7;3;9;1;2;0;0;0;0;0;1;0;799218,5895;5827172,358;13,41022;52,51236
16408;192058;11;4;4010102;2019;2;15;7;3;5;2;0;0;1;0;0;0;0;0;793353,0982;5829678,816;13,32625;52,53802
16409;192059;11;4;4010102;2019;2;15;7;3;5;2;0;0;1;0;0;0;0;0;793341,673;5829714,923;13,32611;52,53835
16410;192060;11;1;1033203;2019;2;11;6;2;6;2;0;0;0;1;0;1;0;0;796846,0834;5830319,929;13,37817;52,54187
16411;192061;11;4;4051655;2019;2;14;7;3;3;6;0;1;1;0;0;0;0;0;794396,2008;5824180,077;13,33672;52,48816
16412;192062;11;5;5030731;2019;2;14;7;3;0;2;0;1;1;0;0;0;0;0;787978,7442;5830394,277;13,24785;52,5473
16413;192063;11;8;8040933;2019;2;9;5;3;0;1;0;1;0;0;0;0;0;1;803025,0944;5819379,62;13,45906;52,44041
16414;192064;11;7;7040403;2019;2;20;7;2;5;3;2;0;1;0;0;0;0;1;797854,9371;5821887,666;13,38546;52,46574
16415;192065;11;5;5010313;2019;2;20;7;2;6;4;2;0;1;1;0;0;0;1;784663,2226;5829717,353;13,19851;52,54297
16416;192066;11;4;4051448;2019;2;13;7;3;2;6;0;0;1;0;0;0;1;0;794350,2675;5825430,17;13,33715;52,49939
16417;192067;11;1;1044202;2019;2;14;4;3;5;2;0;1;1;0;0;0;0;0;795536,22;5830472,575;13,35905;52,54395
16418;192068;11;3;3061126;2019;2;13;7;3;5;3;0;0;1;0;0;0;0;0;798823,2127;5831623,567;13,40841;52,55248
16419;192069;11;9;9051901;2019;2;13;7;3;2;6;0;0;1;0;0;0;0;0;810190,8848;5821526,516;13,56614;52,45564
16420;192070;11;1;1022104;2019;2;12;7;3;5;2;0;1;1;0;0;0;0;1;794587,425;5828438,769;13,3433;52,52623
16421;192071;11;2;2050802;2019;2;7;4;3;2;2;0;1;1;0;0;0;0;0;801988,3694;5826925,116;13,45069;52,50862
16422;192072;11;7;7050503;2019;2;12;7;2;5;2;0;1;1;0;0;0;0;0;799223,1157;5820044,142;13,40389;52,44846
16423;192073;11;9;9020501;2019;2;12;7;3;2;6;0;0;1;0;0;0;0;0;806526,5216;5822524,433;13,5133;52,46665
16424;192074;11;3;3050919;2019;2;14;7;3;5;3;0;1;0;0;0;0;1;0;801320,7825;5832448,911;13,44589;52,5585
16425;192075;11;6;6020411;2019;2;18;5;2;0;3;1;0;0;0;0;0;1;0;793615,4209;5815913,53;13,31799;52,41447
16426;192076;11;4;4030931;2019;2;10;6;3;1;5;0;0;1;0;0;1;0;0;794202,3545;5825661,737;13,33518;52,50155
16427;192077;11;10;10010102;2019;2;12;6;3;5;3;0;0;1;0;0;0;0;0;809450,0448;5834612,146;13,56744;52,57332
16428;192078;11;4;4020311;2019;2;13;4;3;5;3;0;0;1;0;0;0;0;0;789992,273;5826317,665;13,2739;52,50968
16429;192079;11;11;11010206;2019;2;9;6;2;5;3;0;0;1;0;0;0;0;0;805694,8833;5834155,697;13,51178;52,57136
16430;192080;11;11;11030619;2019;2;14;6;3;0;7;0;0;0;0;0;0;1;0;803669,9137;5829506,621;13,47774;52,53082
16431;192081;11;11;11020412;2019;2;15;4;3;5;3;0;0;1;0;0;0;0;1;805870,3633;5831421,101;13,51184;52,54675
16432;192082;11;2;2050802;2019;2;23;6;3;6;7;2;0;1;1;0;0;0;0;802390,3024;5826832,824;13,45651;52,50757
16433;192083;11;4;4041134;2019;2;9;6;3;0;6;0;0;1;0;0;0;0;0;790838,3904;5824734,273;13,28495;52,49504
16434;192084;11;10;10010309;2019;2;5;6;3;6;4;2;0;1;1;0;0;0;0;808256,5308;5829821,659;13,54544;52,53107
16435;192085;11;11;11030720;2019;2;15;4;2;3;6;0;0;1;0;1;0;0;1;804646,8625;5829931,815;13,49249;52,53409
16436;192086;11;4;4030931;2019;2;15;6;2;5;2;0;0;1;0;1;0;0;0;794464,3962;5825853,144;13,3392;52,50312
16437;192087;11;6;6010206;2019;2;17;6;3;5;2;1;0;1;0;0;0;0;0;795052,7897;5819615,413;13,34232;52,44689
16438;192088;11;1;1011202;2019;2;18;6;3;6;4;1;0;1;1;0;0;0;0;797686,6893;5827897,219;13,38836;52,5197
16439;192089;11;1;1044201;2019;2;21;5;2;5;2;2;1;0;0;0;1;0;0;796661,2191;5831953,422;13,37691;52,55661
16440;192090;11;6;6040809;2019;2;2;6;2;5;3;2;0;1;0;0;0;0;1;791708,0149;5819371,451;13,29304;52,44649
16441;192091;11;11;11010207;2019;2;5;6;3;5;3;2;0;1;0;0;0;0;0;805138,7654;5834437,672;13,50386;52,57419
16442;192092;11;3;3040512;2019;2;5;6;3;2;6;2;0;1;0;0;0;0;0;795912,5219;5835398,819;13,36898;52,58791
16443;192093;11;1;1044103;2019;2;15;4;3;5;3;0;0;1;0;1;0;0;1;794901,4863;5830562,886;13,3498;52,5451
16444;192094;11;3;3061430;2019;2;8;6;3;2;6;0;0;1;0;0;0;1;0;801729,8184;5830075,731;13,44975;52,537
16445;192095;11;4;4030929;2019;2;9;6;2;1;5;0;1;0;0;0;0;1;1;792526,6922;5825417,873;13,31035;52,50026
16446;192096;11;3;3020307;2019;2;11;6;3;0;2;0;0;1;0;0;0;1;0;799675,9043;5837846,604;13,42658;52,60779
16447;192097;11;8;8010213;2019;2;11;6;3;5;3;0;0;1;0;0;0;0;0;801482,1442;5823005,501;13,4397;52,47377
16448;192098;11;9;9041601;2019;2;11;6;3;4;2;0;0;1;0;0;0;0;0;816663,4856;5817388,768;13,65716;52,41485
16449;192099;11;2;2040701;2019;2;16;5;3;5;2;0;1;1;0;0;0;0;0;800601,7044;5827103,871;13,43048;52,51099
16450;192100;11;3;3020307;2019;2;13;6;2;6;4;0;0;1;1;0;0;0;0;800171,0622;5836458,527;13,43261;52,59507
16451;192101;11;5;5030730;2019;2;14;6;3;2;6;0;0;1;0;0;0;0;0;786442,9563;5831148,428;13,22591;52,55487
16452;192102;11;2;2020206;2019;2;14;6;3;2;6;0;0;1;0;0;0;0;0;800290,9119;5824374,709;13,42345;52,48669
16453;192103;11;12;12224230;2019;2;14;6;3;5;3;0;0;1;0;0;0;0;0;785498,3705;5837389,229;13,21739;52,61132
16454;192104;11;1;1011402;2019;2;20;5;3;6;7;2;1;0;1;0;0;0;0;798456,4012;5829967,081;13,40153;52,53783
16455;192105;11;7;7020202;2019;2;15;6;3;1;5;0;1;1;0;0;0;0;0;794502,3743;5823360,007;13,33755;52,48075
16456;192106;11;6;6020410;2019;2;5;6;2;9;1;1;0;1;0;0;0;0;1;794277,8231;5817024,861;13,32867;52,42408
16457;192107;11;12;12304314;2019;2;20;5;2;9;1;2;0;1;0;0;0;0;1;791386,3522;5835546,474;13,30249;52,59167
16458;192108;11;10;10020412;2019;2;15;4;3;2;6;0;0;1;0;0;0;1;0;810920,3055;5832040,272;13,58666;52,54944
16459;192109;11;1;1011306;2019;2;5;5;3;5;3;2;0;1;0;1;0;0;0;799474,4742;5826560,96;13,41343;52,50674
16460;192110;11;3;3010102;2019;2;10;5;3;5;2;0;0;1;0;0;0;0;0;804491,6526;5840922,707;13,50031;52,63268
16461;192111;11;6;6030503;2019;2;10;5;3;2;2;0;0;1;0;0;0;0;0;790494,2411;5818071,046;13,2741;52,43548
16462;192112;11;9;9031101;2019;2;11;5;3;2;7;0;0;1;0;0;0;1;0;810408,6229;5818200,933;13,56624;52,42571
16463;192113;11;8;8010214;2019;2;13;5;3;5;3;0;0;1;0;0;0;0;0;801745,7336;5822047,728;13,44271;52,46503
16464;192114;11;5;5030730;2019;2;15;5;3;5;7;0;0;1;0;0;0;1;1;786593,9044;5829226,911;13,22647;52,53756
16465;192115;11;7;7040403;2019;2;14;5;3;5;2;0;1;1;0;0;0;0;0;797341,3815;5821933,796;13,37796;52,46643
16466;192116;11;7;7040401;2019;2;17;5;3;3;6;2;0;1;0;0;0;0;0;797289,667;5822620,407;13,37782;52,47261
16467;192117;11;3;3061430;2019;2;18;5;3;2;2;2;0;1;0;0;0;0;0;802329,1795;5829223,933;13,45778;52,52903
16468;192118;11;10;10040828;2019;2;20;5;3;5;3;2;0;1;0;0;0;0;0;811909,1725;5829754,726;13,59905;52,52839
16469;192119;11;9;9010302;2019;2;16;4;3;2;6;0;0;1;0;0;0;1;0;804101,273;5821293,669;13,47659;52,45697
16470;192120;11;7;7040403;2019;2;20;5;3;2;6;2;0;1;0;0;0;0;0;797339,144;5822107,621;13,37809;52,46799
16471;192121;11;5;5030730;2019;2;21;5;3;2;6;2;0;1;0;0;1;0;0;786541,4462;5830619,418;13,2269;52,55007
16472;192122;11;9;9010301;2019;2;21;5;3;5;3;2;0;1;0;0;0;0;0;804876,3339;5822498,924;13,48906;52,46734
16473;192123;11;4;4030519;2019;2;16;4;2;5;7;0;0;1;0;1;0;0;0;792138,7939;5828235,945;13,30713;52,52573
16474;192124;11;4;5030833;2019;2;18;5;2;2;6;1;0;1;0;1;0;0;1;790376,9423;5829034,24;13,28193;52,53383
16475;192125;11;1;1033102;2019;2;23;5;3;5;2;2;0;1;0;0;0;0;0;796995,2532;5831483,726;13,38141;52,55222
16476;192126;11;6;6020306;2019;2;16;5;3;5;3;0;0;1;0;0;0;0;1;795906,3666;5816503,838;13,35209;52,41853
16477;192127;11;5;5020627;2019;2;11;5;3;2;6;0;0;1;0;0;0;0;0;785096,5817;5828384,185;13,20374;52,53079
16478;192128;11;1;1011305;2019;2;14;6;3;2;6;0;1;1;0;0;0;0;0;799439,2414;5826517,549;13,41287;52,50637
16479;192129;11;11;11010102;2019;2;17;5;3;0;7;2;0;0;0;0;1;0;1;804836,9525;5834757,777;13,49971;52,57723
16480;192130;11;8;8030831;2019;2;20;5;3;6;7;2;0;1;1;0;0;0;0;804466,7151;5817327,581;13,47833;52,42122
16481;192131;11;1;1011303;2019;2;16;4;3;0;4;1;0;0;1;0;0;1;1;798708,3547;5828099,497;13,40355;52,52095
16482;192132;11;12;12214424;2019;2;11;4;3;2;6;0;0;1;0;0;0;0;0;793253,4511;5832493,085;13,32727;52,5633
16483;192133;11;12;12214421;2019;2;10;4;3;2;6;0;0;1;0;0;0;0;0;793399,0883;5833874,861;13,33063;52,57561
16484;192134;11;8;8020728;2019;2;16;4;2;5;2;0;0;1;0;1;0;0;0;801904,5254;5817559,085;13,44098;52,42471
16485;192135;11;3;3030406;2019;2;12;4;3;5;3;0;0;1;0;0;0;0;1;802871,6113;5838289,472;13,47403;52,60998
16486;192136;11;2;2040701;2019;2;22;4;3;6;4;2;1;0;1;0;0;0;0;800559,2991;5826963,051;13,42973;52,50975
16487;192137;11;3;3050920;2019;2;15;4;3;2;2;0;0;1;0;0;0;0;0;802826,5142;5832019,742;13,46764;52,55382
16488;192138;11;12;12302107;2019;2;15;4;3;6;7;0;0;1;1;0;0;0;0;794932,9682;5836130,942;13,35521;52,595
16489;192139;11;6;6030605;2019;2;16;5;3;5;3;0;0;1;0;0;0;0;0;792041,9339;5819964,413;13,29845;52,45163
16490;192140;11;11;11020515;2019;2;15;4;2;5;3;0;1;1;0;0;0;0;0;805027,2157;5830385,34;13,4985;52,53794
16491;192141;11;10;10020413;2019;2;14;4;3;5;3;0;0;1;0;0;0;0;0;811303,3594;5831186,992;13,59149;52,54157
16492;192142;11;5;5030731;2019;2;12;4;3;1;5;0;0;1;0;0;1;0;0;787525,192;5829440,068;13,24035;52,53898
16493;192143;11;1;1022103;2019;2;13;6;3;2;2;0;0;1;0;0;0;1;0;794657,2987;5829475,99;13,34524;52,53549