;OBJECTID;LAND;BEZ;LOR;UJAHR;UMONAT;USTUNDE;UWOCHENTAG;UKATEGORIE;UART;UTYP1;ULICHTVERH;IstRad;IstPKW;IstFuss;IstKrad;IstGkfz;IstSonstige;USTRZUSTAND;LINREFX;LINREFY;XGCSWGS84;YGCSWGS84
16914;192564;11;1;1011202;2019;2;18;1;2;5;2;2;1;1;0;0;0;0;0;798236,2352;5827696,029;13,39626;52,51759
16915;192565;11;7;7020202;2019;2;21;1;2;5;2;2;0;1;0;0;0;1;0;795004,1569;5823818,288;13,34533;52,48459
16916;192566;11;10;10010311;2019;2;15;1;2;5;2;0;0;1;0;0;0;0;0;810311,3843;5831817,081;13,5775;52,54779
16917;192567;11;12;12103117;2019;2;5;2;3;2;6;2;0;1;0;0;0;0;0;796643,5503;5832436,112;13,37708;52,56095
16918;192568;11;2;2020203;2019;2;8;1;3;1;5;0;0;1;0;0;0;1;0;797694,1616;5824024,14;13,38501;52,48497
16919;192569;11;6;6040703;2019;2;8;4;3;5;3;0;1;1;0;0;0;0;0;785318,6063;5817722,139;13,19787;52,43508
16920;192570;11;11;11010102;2019;2;10;7;3;5;2;0;0;1;0;1;0;0;0;805805,7172;5834706,494;13,51392;52,57623
16921;192571;11;1;1022206;2019;2;2;7;3;6;4;2;0;1;1;0;0;0;0;796247,6487;5828494,293;13,36775;52,52583
16922;192572;11;9;9041301;2019;2;6;2;3;2;6;1;0;1;0;0;0;0;0;811693,7768;5818521,013;13,58538;52,42785
16923;192573;11;4;4030931;2019;2;22;7;3;5;3;2;1;1;0;0;0;0;0;793932,411;5826044,861;13,33155;52,50513
16924;192574;11;2;2030301;2019;2;21;7;3;3;6;2;1;1;0;0;0;0;0;800348,8445;5826276,422;13,42602;52,50371
16925;192575;11;4;4030827;2019;2;18;7;3;1;5;2;0;1;0;0;0;0;0;792402,1885;5826259,487;13,30926;52,50787
16926;192576;11;12;12214424;2019;2;7;2;3;3;6;0;0;1;0;0;1;0;0;793387,3094;5833083,998;13,32976;52,56852
16927;192577;11;10;10020413;2019;2;17;7;3;5;3;1;0;1;0;0;0;1;0;811133,1244;5830925,043;13,58874;52,53932
16928;192578;11;7;7010101;2019;2;11;7;3;5;2;0;1;1;0;0;0;0;0;794770,9525;5825692,85;13,34356;52,50152
16929;192579;11;3;3030406;2019;2;9;7;3;5;3;0;0;1;0;0;0;0;0;802871,58;5838289,263;13,47403;52,60998
16930;192580;11;5;5010103;2019;2;16;7;3;0;7;0;0;1;0;0;0;0;0;783916,1066;5831341,346;13,18891;52,55792
16931;192581;11;12;12214424;2019;2;20;2;3;1;5;2;0;1;0;0;0;0;0;792899,4214;5832941,954;13,32246;52,56751
16932;192582;11;4;4030931;2019;2;15;7;3;6;4;0;0;1;1;0;0;0;0;793849,6545;5826060,351;13,33035;52,50531
16933;192583;11;8;8010214;2019;2;14;7;3;5;2;0;1;1;0;0;0;0;0;801752,6013;5822051,211;13,44281;52,46506
16934;192584;11;2;2020204;2019;2;14;7;3;2;6;0;0;1;0;0;0;0;0;798654,9344;5825144,836;13,40012;52,49449
16935;192585;11;3;3051022;2019;2;7;4;3;5;2;0;1;1;0;0;0;0;0;803669,2204;5832011,797;13,48002;52,55327
16936;192586;11;4;4051445;2019;2;13;7;2;6;7;0;0;1;1;0;0;0;0;792784,501;5824307,681;13,31316;52,49017
16937;192587;11;7;7040401;2019;2;13;7;3;6;4;0;0;1;1;0;0;0;0;797198,8069;5823816,873;13,37755;52,48339
16938;192588;11;10;10010309;2019;2;19;2;3;6;7;2;0;1;1;0;0;0;0;808098,6908;5830047,871;13,54333;52,53319
16939;192589;11;7;7060604;2019;2;13;7;3;2;6;0;0;1;0;0;0;0;0;797750,9478;5815406,764;13,37816;52,4077
16940;192590;11;1;1011202;2019;2;20;6;2;5;3;2;1;1;0;0;0;0;0;797265,3955;5827806,35;13,38209;52,51911
16941;192591;11;5;5010314;2019;2;19;6;3;2;6;2;0;1;0;0;0;0;0;785188,4003;5829363,049;13,20592;52,53952
16942;192592;11;12;12231101;2019;2;7;2;3;1;5;0;1;1;0;0;0;0;0;791453,9255;5838714,338;13,30627;52,62004
16943;192593;11;3;3061227;2019;2;21;6;3;6;4;2;1;0;1;0;0;0;0;799670,3627;5831248,488;13,42053;52,54865
16944;192594;11;5;5010310;2019;2;10;5;2;1;7;0;0;1;0;0;0;1;0;784617,0655;5830861,365;13,19881;52,55325
16945;192595;11;4;5030833;2019;2;20;6;3;2;6;2;0;1;0;1;0;0;0;790377,456;5829034,106;13,28193;52,53383
16946;192596;11;12;12302110;2019;2;18;6;3;2;6;2;0;1;0;0;0;0;0;794663,9434;5836274,149;13,35138;52,59643
16947;192597;11;10;10030725;2019;2;21;2;2;9;1;2;0;0;0;1;0;0;0;810000,1456;5828363,534;13,5697;52,51701
16948;192598;11;9;9041301;2019;2;8;6;3;5;3;0;0;1;0;0;0;1;0;812181,2353;5819098,725;13,59307;52,43275
16949;192599;11;4;4030931;2019;2;8;6;3;1;5;0;0;1;0;1;0;0;0;794526,2843;5825937,611;13,34018;52,50385
16950;192600;11;8;8010406;2019;2;8;6;3;6;4;0;0;1;1;0;0;0;0;801918,9907;5824159,585;13,44716;52,48387
16951;192601;11;4;4051653;2019;2;7;6;3;5;2;0;1;1;0;0;0;0;0;794002,846;5824280,562;13,33103;52,48927
16952;192602;11;7;7030302;2019;2;7;2;3;0;1;0;0;0;0;1;0;0;0;794376,3676;5821956,869;13,33446;52,46824
16953;192603;11;1;1022106;2019;2;15;6;2;6;2;0;0;1;1;0;0;0;0;794116,098;5827763,257;13,33577;52,52043
16954;192604;11;12;12103218;2019;2;15;6;3;2;6;0;0;1;0;0;0;0;0;794038,5671;5835339,144;13,34134;52,58839
16955;192605;11;3;3020209;2019;2;8;2;3;5;3;0;1;1;0;0;0;0;0;797887,5049;5834640,666;13,39736;52,58003
16956;192606;11;1;1011105;2019;2;15;6;3;1;5;0;1;1;0;0;0;0;0;796764,0452;5826927,977;13,37394;52,51151
16957;192607;11;9;9010101;2019;2;16;6;2;2;7;0;1;1;0;0;0;0;0;802533,1257;5824562,412;13,45654;52,48714
16958;192608;11;1;1044203;2019;2;7;6;2;2;7;0;1;0;0;0;0;0;0;795596,9601;5831751,05;13,36108;52,55538
16959;192609;11;4;4010102;2019;2;16;1;3;2;6;0;0;1;0;0;0;0;0;793342,6551;5829711,539;13,32612;52,53831
16960;192610;11;10;10020622;2019;2;7;6;3;3;6;0;0;1;0;0;1;0;0;811153,5774;5829036,825;13,58727;52,52239
16961;192611;11;11;11020513;2019;2;18;5;3;2;6;1;0;1;0;0;0;0;0;803312,8464;5830109,326;13,47304;52,53642
16962;192612;11;8;8010301;2019;2;7;6;3;6;2;0;0;1;1;0;0;0;0;800975,4154;5824764,866;13,43385;52,48981
16963;192613;11;7;7050503;2019;2;7;6;3;5;3;1;1;1;0;0;0;0;0;798241,7677;5820503,243;13,3899;52,45311
16964;192614;11;7;7070701;2019;2;16;1;3;0;7;0;0;0;1;0;0;1;0;798729,8477;5816017,473;13,39305;52,41264
16965;192615;11;1;1011201;2019;2;6;6;3;2;6;0;0;1;0;0;0;0;0;796977,3891;5827004,171;13,37714;52,51208
16966;192616;11;2;2020203;2019;2;5;6;2;5;2;2;1;1;0;0;0;0;0;797100,9444;5824491,31;13,37671;52,48948
16967;192617;11;9;9020702;2019;2;16;1;3;2;6;0;0;1;0;0;0;0;0;809224,9548;5819572,653;13,55016;52,43867
16968;192618;11;9;9020501;2019;2;5;6;2;3;6;2;0;1;0;0;1;0;0;806882,4751;5823240,453;13,51918;52,47286
16969;192619;11;3;3050919;2019;2;16;6;3;6;4;0;0;1;1;0;0;0;0;801756,7568;5832405,253;13,45226;52,55786
16970;192620;11;8;8040933;2019;2;16;1;3;1;5;0;0;1;0;0;0;1;0;802789,772;5818791,091;13,45507;52,43527
16971;192621;11;3;3040818;2019;2;16;6;2;2;6;1;0;1;0;0;0;0;0;799330,2489;5833455,289;13,41752;52,56862
16972;192622;11;8;8020727;2019;2;17;6;3;1;1;1;0;1;0;0;0;1;0;800335,143;5816688,479;13,41719;52,41777
16973;192623;11;2;2020202;2019;2;8;6;3;2;3;0;1;1;0;0;0;0;0;797913,354;5825279,649;13,38935;52,49611
16974;192624;11;1;1011303;2019;2;16;1;3;5;7;0;0;1;0;0;0;0;0;799498,5635;5828143,631;13,41521;52,52091
16975;192625;11;2;2020204;2019;2;8;6;3;5;2;0;1;1;0;0;0;0;0;798493,6885;5825222,747;13,39782;52,49528
16976;192626;11;3;3061227;2019;2;14;4;3;3;6;0;0;1;0;0;0;0;0;799958,1172;5831721,628;13,42519;52,55273
16977;192627;11;6;6030605;2019;2;18;6;3;5;2;1;0;1;0;0;0;1;0;791532,077;5819139,009;13,29025;52,4445
16978;192628;11;3;3071536;2019;2;18;6;3;6;4;1;0;1;1;0;0;0;0;799101,2854;5829106,76;13,41023;52,52976
16979;192629;11;4;4051448;2019;2;17;1;3;5;7;1;1;1;0;0;0;0;0;793506,3035;5825347,13;13,32468;52,4991
16980;192630;11;9;9051901;2019;2;9;6;3;3;6;0;1;0;0;0;0;0;0;810317,6485;5821373,528;13,56786;52,45419
16981;192631;11;8;8020619;2019;2;18;6;3;5;3;2;0;1;0;0;0;0;0;801774,2292;5821103,644;13,44227;52,45656
16982;192632;11;5;5030731;2019;2;15;6;3;5;2;0;1;1;0;0;0;0;0;786999,7561;5829460,36;13,23264;52,53944
16983;192633;11;4;4010103;2019;2;17;1;3;2;7;2;0;1;0;0;1;0;0;791105,9432;5829127,122;13,29273;52,53427
16984;192634;11;11;11030721;2019;2;10;6;3;5;3;0;0;1;0;0;0;0;0;804606,541;5827495,575;13,48967;52,51227
16985;192635;11;4;4030620;2019;2;7;4;3;6;4;0;0;1;1;0;0;0;0;792889,5905;5827360,635;13,31739;52,51748
16986;192636;11;2;2020203;2019;3;23;2;3;5;3;2;0;1;0;0;0;0;1;797841,7014;5824926,746;13,38798;52,49298
16987;192637;11;9;9020802;2019;3;17;5;3;6;2;0;0;1;1;0;0;0;1;810051,0763;5819464,271;13,56217;52,43723
16988;192638;11;7;7020201;2019;3;8;2;3;5;2;0;0;1;0;0;0;0;1;794949,2164;5824553,53;13,34517;52,49121
16989;192639;11;12;12103115;2019;3;22;2;3;9;1;2;0;1;0;0;0;0;1;795825,8299;5833661,51;13,36615;52,57238
16990;192640;11;6;6040703;2019;3;16;5;2;5;3;0;1;1;0;0;0;0;1;785875,1493;5816579,405;13,20506;52,42454
16991;192641;11;4;4030931;2019;3;8;2;3;1;5;0;1;1;0;0;0;1;1;794053,9392;5826126,349;13,33341;52,50579
16992;192642;11;3;3050925;2019;3;5;1;3;1;1;2;0;1;0;0;0;0;0;802434,287;5831064,89;13,461;52,54547
16993;192643;11;11;11020513;2019;3;5;1;3;2;6;2;0;1;0;0;0;0;0;802866,4018;5831262,05;13,46753;52,547
16994;192644;11;12;12304314;2019;3;16;5;3;5;3;1;1;1;0;0;0;0;1;790646,1676;5835594,309;13,29163;52,5925
16995;192645;11;9;9010101;2019;3;20;1;3;6;2;2;0;1;1;0;0;0;1;802107,4699;5824764,442;13,45047;52,48919
16996;192646;11;2;2020203;2019;3;19;5;3;5;3;2;1;1;0;0;0;0;1;797816,6067;5824933,046;13,38762;52,49305
16997;192647;11;7;7010102;2019;3;19;1;3;5;2;2;1;1;0;0;0;0;1;794966,3903;5825195,685;13,34599;52,49696
16998;192648;11;2;2050803;2019;3;20;1;3;5;2;2;1;1;0;0;0;0;1;802460,0924;5826326,632;13,45707;52,50299
16999;192649;11;11;11041128;2019;3;18;1;3;6;2;1;0;1;1;0;0;0;1;806058,5979;5825807,539;13,50944;52,49633
17000;192650;11;2;2020206;2019;3;20;1;2;5;7;2;0;1;0;0;0;0;1;799503,7971;5824531,458;13,41203;52,48853
17001;192651;11;12;12214424;2019;3;19;1;3;5;3;2;0;1;0;0;0;0;1;793487,717;5832414,325;13,33064;52,56247
17002;192652;11;10;10020413;2019;3;18;1;2;6;2;2;0;1;1;0;0;0;1;811285,1316;5831537,923;13,59155;52,54473
17003;192653;11;4;4030828;2019;3;18;1;3;6;2;2;0;1;1;0;0;0;1;793149,5165;5826075,352;13,32008;52,50582
17004;192654;11;5;5010101;2019;3;8;1;2;9;1;0;0;1;0;0;0;0;1;784711,6023;5834642,311;13,20344;52,5871
17005;192655;11;1;1011204;2019;3;16;5;3;5;2;0;1;0;0;0;0;1;1;798554,0785;5826816,364;13,40014;52,50953
17006;192656;11;8;8010404;2019;3;17;1;3;2;6;1;0;1;0;0;0;0;1;801725,2281;5823688,836;13,44389;52,47976
17007;192657;11;10;10030727;2019;3;16;5;3;5;3;0;1;1;0;0;0;0;1;809159,9242;5826175,422;13,55532;52,49788
17008;192658;11;1;1033202;2019;3;14;1;3;0;1;0;0;0;0;1;0;0;1;797877,1406;5829867,498;13,39292;52,53725
17009;192659;11;6;6020306;2019;3;14;1;3;5;7;0;0;1;0;0;0;0;1;796303,6068;5816846,457;13,35822;52,42139
17010;192660;11;7;7010102;2019;3;12;1;3;2;6;0;0;1;0;0;0;0;1;794965,8111;5825667,705;13,3464;52,50119
17011;192661;11;11;11030618;2019;3;15;5;3;5;2;0;1;1;0;0;0;0;1;803852,076;5828739,623;13,47972;52,52385
17012;192662;11;1;1022206;2019;3;12;1;3;5;2;0;1;1;0;0;0;0;1;795793,3069;5828242,886;13,36084;52,52382
17013;192663;11;1;1011102;2019;3;19;5;3;5;3;2;0;1;0;1;0;0;1;795049,4878;5827190,843;13,34898;52,5148
17014;192664;11;12;12103117;2019;3;12;1;3;5;2;0;0;1;0;0;0;0;1;795782,8035;5832578,302;13,36455;52,56269
17015;192665;11;8;8010213;2019;3;20;7;3;5;3;2;1;1;0;0;0;0;1;800954,3921;5822316,853;13,43133;52,46788
17016;192666;11;3;3020209;2019;3;15;5;3;5;3;0;0;1;0;0;0;0;1;798143,5047;5835472,187;13,40188;52,58734
17017;192667;11;3;3010101;2019;3;14;7;2;5;2;0;0;1;0;0;0;0;1;803013,5737;5842058,001;13,47957;52,64368
17018;192668;11;5;5010314;2019;3;15;7;3;0;6;0;0;1;0;1;0;0;1;784834,8511;5829035,443;13,20045;52,53677
17019;192669;11;12;12214125;2019;3;20;5;3;6;4;2;0;0;1;1;0;0;1;790995,3329;5833819,701;13,29521;52,5764
17020;192670;11;5;5010339;2019;3;8;7;2;1;5;0;0;1;0;1;0;0;1;786999,8211;5828155,481;13,23152;52,52774
17021;192671;11;8;8040933;2019;3;16;7;3;5;3;0;0;1;0;0;0;0;1;803141,4988;5818819,483;13,46026;52,43533
17022;192672;11;12;12304314;2019;3;17;7;3;6;4;1;0;1;1;0;0;0;0;790946,2909;5836197,186;13,29658;52,59774
17023;192673;11;4;4030726;2019;3;20;5;3;5;2;2;1;1;0;0;0;0;1;792090,9974;5825291,993;13,30384;52,49937
17024;192674;11;7;7060604;2019;3;17;7;3;5;7;1;0;1;0;0;0;0;1;797243,6867;5815444,284;13,37076;52,40831
17025;192675;11;5;5010313;2019;3;20;5;2;5;7;2;0;1;0;0;0;0;1;784663,7799;5829696,547;13,1985;52,54278
17026;192676;11;12;12103115;2019;3;19;7;3;6;2;2;0;1;1;0;0;0;1;795470,5129;5833409,148;13,3607;52,57031
17027;192677;11;7;7040403;2019;3;13;7;3;2;7;0;0;1;0;0;0;0;0;797777,5055;5820776,509;13,38333;52,45582
17028;192678;11;4;4030726;2019;3;22;5;3;6;2;2;0;1;1;0;0;0;1;792115,9352;5825765,934;13,30462;52,5036
17029;192679;11;12;12103219;2019;3;23;5;3;1;5;2;1;1;0;0;0;1;1;795665,3551;5832967,692;13,36317;52,56625
17030;192680;11;4;4030726;2019;3;12;7;3;3;6;0;0;1;0;0;0;0;0;792185,3164;5825637,215;13,30553;52,50241
17031;192681;11;6;6030503;2019;3;9;7;3;5;3;0;0;1;0;0;0;0;1;789416,056;5817999,378;13,25822;52,43541
17032;192682;11;12;12214424;2019;3;16;5;3;2;6;0;0;1;0;0;0;0;1;793309,279;5832660,186;13,32824;52,56477
17033;192683;11;12;12103219;2019;3;9;7;3;5;2;0;0;1;0;0;0;1;0;795063,7313;5832467,562;13,35387;52,56209
17034;192684;11;10;10020412;2019;3;15;7;3;6;4;0;1;0;1;0;0;0;1;810969,9685;5832025,658;13,58737;52,54928
17035;192685;11;8;8010509;2019;3;14;5;3;5;7;0;0;1;0;0;0;1;1;803655,6953;5822278,953;13,47094;52,46605
17036;192686;11;2;2020203;2019;3;2;7;3;5;2;2;0;1;0;0;0;0;0;797760,1827;5824597,336;13,38649;52,49008
17037;192687;11;2;2010102;2019;3;19;7;2;6;4;2;0;1;1;0;0;0;1;798200,4807;5826386,813;13,39456;52,50588
17038;192688;11;9;9010302;2019;3;15;5;3;2;6;0;0;1;0;0;0;0;1;804040,9437;5821221,112;13,47563;52,45635
17039;192689;11;6;6030610;2019;3;19;7;2;5;2;2;1;1;0;0;0;0;1;792926,8526;5817768,256;13,30951;52,43147
17040;192690;11;9;9030901;2019;3;16;5;3;5;2;1;0;1;0;0;0;0;1;808085,0312;5816924,185;13,531;52,41558
17041;192691;11;12;12302107;2019;3;19;7;3;6;2;2;0;1;1;0;0;0;1;794397,659;5836235,063;13,34742;52,59622
17042;192692;11;4;4041342;2019;3;19;7;3;5;2;2;0;1;0;0;0;0;1;792528,0593;5822918,151;13,30818;52,47785
17043;192693;11;4;4051653;2019;3;23;5;2;9;1;2;0;1;0;0;0;0;1;794383,4822;5824838,069;13,33711;52,49407
17044;192694;11;6;6010205;2019;3;19;7;3;6;2;2;0;1;1;0;0;0;1;795314,8636;5819982,85;13,34649;52,45004
17045;192695;11;8;8010118;2019;3;20;7;3;5;3;2;1;1;0;0;0;0;1;800819,4939;5822577,093;13,42959;52,47029
17046;192696;11;9;9020802;2019;3;20;7;3;8;1;2;0;1;0;0;0;0;1;810041,5726;5819507,931;13,56208;52,43763
17047;192697;11;8;8010118;2019;3;18;5;3;6;2;1;0;1;1;0;0;0;0;801076,1401;5821981,898;13,43282;52,46481
17048;192698;11;8;8020622;2019;3;10;7;3;5;2;0;0;1;0;0;0;0;0;801264,1407;5819820,028;13,43363;52,44533
17049;192699;11;9;9020701;2019;3;20;7;3;5;3;2;0;1;0;0;0;0;1;807657,4901;5819361,404;13,52698;52,43766
17050;192700;11;8;8020619;2019;3;21;7;2;6;4;2;0;1;1;0;0;0;1;801431,8283;5821029,718;13,43718;52,45608
17051;192701;11;1;1033202;2019;3;18;5;3;0;1;2;0;0;0;1;0;0;1;797775,1219;5829747,105;13,39132;52,53623
17052;192702;11;4;4030931;2019;3;22;7;3;5;3;2;0;1;0;0;0;0;1;793910,1546;5825533,206;13,33077;52,50055
17053;192703;11;8;8010213;2019;3;23;7;3;5;3;2;0;1;0;0;0;0;1;801230,7821;5822467,79;13,43553;52,46908
17054;192704;11;8;8010404;2019;3;11;6;3;5;3;0;0;1;0;0;0;0;1;802349,1125;5822949,948;13,45238;52,47279
17055;192705;11;7;7070703;2019;3;13;5;3;5;3;0;1;1;0;0;0;0;0;799287,2733;5813135,314;13,39865;52,3865
17056;192706;11;1;1044201;2019;3;23;6;2;6;4;2;0;1;1;0;0;0;0;796624,5779;5831625,213;13,37608;52,55369
17057;192707;11;9;9052001;2019;3;1;5;3;9;1;2;0;1;0;0;0;0;1;811541,1437;5823057,501;13,58737;52,46859
17058;192708;11;3;3061131;2019;3;23;6;3;6;4;2;0;1;1;0;0;0;0;798944,2194;5831069,029;13,40969;52,54744
17059;192709;11;2;2010102;2019;3;17;6;3;2;6;0;1;1;0;0;0;0;0;797933,465;5826387,348;13,39063;52,50603
17060;192710;11;3;3010102;2019;3;6;5;2;6;4;0;0;1;1;0;0;0;1;804879,9504;5841522,898;13,50658;52,63784
17061;192711;11;9;9020501;2019;3;17;6;2;1;1;0;0;1;0;0;0;1;0;806340,8616;5822224,92;13,5103;52,46407
17062;192712;11;3;3040614;2019;3;16;6;2;6;4;0;0;1;1;0;0;0;0;798433,4126;5833809,518;13,40465;52,57228
17063;192713;11;3;3061227;2019;3;14;6;3;5;3;0;0;1;0;0;0;0;1;800086,2845;5831671,075;13,42703;52,55221
17064;192714;11;8;8010407;2019;3;13;5;3;5;3;0;0;1;0;0;0;0;1;802293,4431;5823884,189;13,45241;52,48119
17065;192715;11;2;2010103;2019;3;8;6;3;5;3;0;1;1;0;0;0;0;0;799327,2419;5826236,426;13,41097;52,50391
17066;192716;11;9;9010301;2019;3;19;5;3;3;6;2;1;0;0;0;0;0;1;804945,741;5823041,929;13,49057;52,47217
17067;192717;11;4;4041137;2019;3;5;5;3;0;3;2;0;1;0;1;0;0;1;791521,4526;5823559,678;13,29396;52,48414
17068;192718;11;1;1033102;2019;3;17;5;3;2;6;0;0;1;0;0;0;0;1;797208,0509;5831915,814;13,38492;52,55598
17069;192719;11;4;4051448;2019;3;6;5;2;5;2;0;1;1;0;0;0;0;1;793917,4918;5824957,62;13,33037;52,49539
17070;192720;11;9;9020501;2019;3;7;5;3;5;3;0;0;1;0;0;0;1;1;805703,8924;5824052,524;13,50263;52,4808
17071;192721;11;8;8041036;2019;3;8;5;2;5;3;0;1;1;0;0;0;0;1;804619,5426;5816128,755;13,47948;52,41039
17072;192722;11;6;6040810;2019;3;22;5;3;6;7;2;0;1;1;0;0;0;1;790489,378;5819760,269;13,27549;52,45063
17073;192723;11;2;2010103;2019;3;23;5;3;5;3;2;1;1;0;0;0;0;0;799814,0295;5825748,785;13,41768;52,49927
17074;192724;11;2;2030301;2019;3;20;5;3;1;5;2;1;1;0;0;0;0;1;799947,5213;5825964,133;13,41984;52,50113
17075;192725;11;3;3030715;2019;3;13;5;3;5;3;0;0;1;0;0;0;1;1;800939,6788;5833548,042;13,44128;52,56856
17076;192726;11;10;10020517;2019;3;20;5;3;5;3;2;0;1;0;0;0;0;0;812606,1418;5830417,718;13,60991;52,53393
17077;192727;11;8;8010117;2019;3;19;5;3;2;5;2;1;1;0;0;0;0;0;800474,6541;5823594,652;13,42544;52,4796
17078;192728;11;9;9052001;2019;3;8;5;3;5;3;0;1;1;0;0;0;0;1;810356,9939;5823533,221;13,57044;52,47352
17079;192729;11;6;6020303;2019;3;18;5;3;6;2;1;0;1;1;0;0;0;0;795552,7451;5818313,191;13,34851;52,43494
17080;192730;11;2;2020203;2019;3;18;5;3;5;2;2;1;1;0;0;0;0;1;797770,2322;5824017,098;13,38612;52,48487
17081;192731;11;2;2030301;2019;3;18;5;3;2;6;0;1;1;0;0;0;0;1;799722,8725;5826056,093;13,41662;52,50208
17082;192732;11;6;6030610;2019;3;8;5;3;1;5;0;1;1;0;0;0;0;1;791092,8696;5817818,492;13,28266;52,4329
17083;192733;11;12;12214424;2019;3;17;5;3;3;6;0;0;1;0;0;0;1;1;793214,9994;5832615,173;13,32681;52,56441
17084;192734;11;2;2030302;2019;3;17;5;3;5;3;1;0;1;0;1;0;0;1;800733,7773;5826517,177;13,43189;52,50565
17085;192735;11;4;4030827;2019;3;17;5;3;2;6;0;0;1;0;0;0;0;0;792272,9023;5826111,752;13,30723;52,50662
17086;192736;11;2;2030301;2019;3;17;5;3;6;4;0;1;0;1;0;0;0;1;799986,5556;5825731,476;13,4202;52,49902
17087;192737;11;1;1044202;2019;3;12;5;3;5;2;0;0;1;0;0;0;0;1;794619,0775;5829877,865;13,34504;52,53912
17088;192738;11;9;9051901;2019;3;17;5;3;2;1;0;0;1;0;0;0;0;0;810620,5082;5820336,336;13,57133;52,44473
17089;192739;11;3;3010102;2019;3;16;5;3;0;3;0;0;1;0;1;0;0;1;804813,7833;5841410,604;13,5055;52,63687
17090;192740;11;1;1022104;2019;3;12;5;3;2;6;0;0;1;0;0;0;0;1;793936,6751;5828480,523;13,33377;52,52696
17091;192741;11;1;1011401;2019;3;16;5;3;2;7;0;1;1;0;0;0;0;1;797769,8712;5829051,373;13,39062;52,53
17092;192742;11;1;1022204;2019;3;16;5;3;2;2;0;0;1;0;1;0;0;1;795117,8852;5828257,641;13,35093;52,52432
17093;192743;11;8;8020727;2019;3;15;5;3;2;1;0;0;1;0;0;0;0;0;801593,8463;5817456,038;13,43633;52,42396
17094;192744;11;10;10040828;2019;3;10;5;3;5;3;0;0;1;0;0;0;0;1;811848,0433;5829318,869;13,59774;52,52452
17095;192745;11;2;2030302;2019;3;7;5;3;5;2;0;1;1;0;0;0;0;1;800671,4714;5825819,593;13,43034;52,49944
17096;192746;11;12;12214424;2019;3;8;5;2;5;3;0;0;1;0;0;1;0;0;792689,2488;5833256,902;13,31964;52,57045
17097;192747;11;1;1011402;2019;3;8;5;3;2;6;0;0;1;0;1;0;0;1;798097,0905;5829959,453;13,39624;52,53796
17098;192748;11;10;10030724;2019;3;10;5;3;5;7;0;0;1;0;0;0;0;1;808621,2132;5829492,795;13,55049;52,52792
17099;192749;11;11;11020514;2019;3;10;5;3;5;2;0;1;1;0;0;0;0;0;804458,1245;5830929,256;13,49063;52,54313
17100;192750;11;10;10010308;2019;3;9;5;3;2;6;0;0;1;0;0;0;0;1;806581,1436;5829152,931;13,5202;52,52602
17101;192751;11;4;4051654;2019;3;12;5;3;5;2;0;1;1;0;0;0;0;0;793436,1219;5823922,293;13,32239;52,48637
17102;192752;11;9;9051702;2019;3;12;5;3;1;5;0;1;1;0;0;0;0;0;814372,092;5821212,33;13,62718;52,45043
17103;192753;11;1;1033201;2019;3;9;5;3;5;5;0;1;1;0;0;0;0;1;797857,2657;5830383,978;13,39309;52,54189
17104;192754;11;9;9052001;2019;3;12;5;3;2;2;0;0;1;0;0;0;0;0;810368,9041;5823529,692;13,57061;52,47349
17105;192755;11;3;3040614;2019;3;14;5;3;3;6;0;1;1;0;0;0;0;0;798894,903;5834982,494;13,41249;52,58254
17106;192756;11;4;4041134;2019;3;6;4;2;5;3;0;1;1;0;0;0;0;1;790855,3244;5823646,832;13,28425;52,48528
17107;192757;11;4;4051653;2019;3;14;5;3;6;7;0;0;1;1;0;0;0;0;794357,1071;5824522,62;13,33645;52,49125
17108;192758;11;3;3061227;2019;3;7;5;3;6;4;0;1;0;1;0;0;0;1;799955,1874;5831077,059;13,42456;52,54695
17109;192759;11;7;7040403;2019;3;13;4;2;6;4;0;1;0;1;0;0;0;1;797348,5944;5821909,513;13,37805;52,46621
17110;192760;11;11;11051331;2019;3;5;5;3;5;3;2;1;0;0;0;0;1;1;807327,7241;5824796,493;13,52715;52,48656
17111;192761;11;9;9052001;2019;3;9;4;3;2;2;0;0;1;0;0;0;0;0;809220,1593;5823019,721;13,55328;52,46957
17112;192762;11;3;3020203;2019;3;9;5;3;2;6;0;0;1;0;0;1;0;0;798702,313;5837415,118;13,41185;52,60445
17113;192763;11;4;4020314;2019;3;8;5;3;5;2;0;0;1;0;0;0;0;0;790387,1065;5825672,243;13,27914;52,50368
17114;192764;11;3;3020209;2019;3;15;4;3;0;3;0;1;1;0;0;0;0;1;797573,352;5835074,101;13,39313;52,58409
17115;192765;11;7;7010101;2019;3;9;5;2;5;3;0;1;1;0;0;0;0;1;794484,4116;5824915,594;13,33866;52,49471
17116;192766;11;1;1011401;2019;3;20;4;2;6;4;2;0;1;1;0;0;0;1;798436,3438;5829161,565;13,40051;52,53062
17117;192767;11;11;11010205;2019;3;0;5;2;6;4;2;0;1;1;0;0;0;0;805854,5687;5833606,015;13,51362;52,56634
17118;192768;11;8;8020620;2019;3;14;4;3;3;6;0;0;1;0;0;1;0;0;800630,8551;5820549,874;13,42499;52,45222
17119;192769;11;4;4030931;2019;3;23;4;3;6;2;2;0;1;1;0;0;0;1;794487,1926;5825868,287;13,33955;52,50324
17120;192770;11;4;4051448;2019;3;10;4;3;5;2;0;0;1;0;0;0;0;0;794231,0646;5825420,257;13,33539;52,49937
17121;192771;11;5;5010209;2019;3;16;4;3;5;2;0;0;1;0;0;0;0;0;781905,797;5829565,512;13,15782;52,54304
17122;192772;11;9;9020702;2019;3;5;4;3;2;6;2;1;0;0;0;0;1;0;809520,0078;5819769,871;13,55467;52,44027