;OBJECTID;LAND;BEZ;LOR;UJAHR;UMONAT;USTUNDE;UWOCHENTAG;UKATEGORIE;UART;UTYP1;ULICHTVERH;IstRad;IstPKW;IstFuss;IstKrad;IstGkfz;IstSonstige;USTRZUSTAND;LINREFX;LINREFY;XGCSWGS84;YGCSWGS84
17123;192773;11;12;12302107;2019;3;5;4;3;5;3;2;0;1;0;0;0;0;1;793844,7105;5836157,975;13,33921;52,59583
17124;192774;11;10;10040933;2019;3;11;4;2;5;3;0;1;1;0;0;0;0;0;813093,9946;5826504,899;13,6134;52,49859
17125;192775;11;3;3030711;2019;3;12;6;3;5;3;0;1;1;0;0;0;0;1;801526,6469;5836125,721;13,45226;52,59134
17126;192776;11;2;2050601;2019;3;20;4;2;6;2;2;0;1;1;0;0;0;0;801880,2092;5828990,558;13,45097;52,52719
17127;192777;11;4;4051448;2019;3;20;4;3;5;2;2;1;1;0;0;0;0;0;794168,2083;5825307,041;13,33437;52,49839
17128;192778;11;6;6010210;2019;3;5;4;3;6;2;2;0;1;1;0;0;0;1;794786,7479;5821586,457;13,34016;52,4647
17129;192779;11;5;5010206;2019;3;20;4;2;6;2;2;0;1;1;0;0;0;0;781954,3838;5830607,801;13,15942;52,55236
17130;192780;11;12;12214125;2019;3;19;4;3;5;2;2;0;1;0;0;0;0;0;790690,321;5834316,046;13,29116;52,58101
17131;192781;11;1;1011306;2019;3;6;4;3;5;5;2;0;1;0;1;0;0;1;800063,6754;5826898,652;13,42239;52,50944
17132;192782;11;2;2030401;2019;3;19;4;3;4;5;2;0;1;0;0;0;1;0;800625,4603;5825255,542;13,42916;52,49441
17133;192783;11;12;12231101;2019;3;18;4;3;5;3;1;0;1;0;0;0;0;1;791418,4625;5838758,261;13,30579;52,62045
17134;192784;11;2;2020202;2019;3;16;4;3;2;2;0;0;1;0;0;0;0;0;797943,2318;5825259,116;13,38977;52,49591
17135;192785;11;8;8010404;2019;3;16;4;2;3;6;0;0;1;0;1;0;1;0;801520,9887;5823833,879;13,44102;52,48117
17136;192786;11;11;11010309;2019;3;6;4;3;4;7;2;0;1;0;0;0;0;0;804225,406;5833409,672;13,48948;52,56549
17137;192787;11;3;3071537;2019;3;15;4;3;5;3;0;0;1;0;0;0;0;0;799527,8546;5829746,882;13,41708;52,53527
17138;192788;11;9;9041402;2019;3;7;4;3;5;2;0;1;0;0;0;0;1;0;812462,7442;5820103,141;13,59813;52,44159
17139;192789;11;10;10040932;2019;3;15;4;3;6;4;0;0;0;1;0;0;1;0;812923,9996;5827950,735;13,61226;52,51165
17140;192790;11;4;4030519;2019;3;7;4;3;1;5;0;1;1;0;0;0;0;0;792661,5112;5828245,455;13,31482;52,52554
17141;192791;11;4;4030415;2019;3;13;4;3;5;2;0;1;1;0;0;0;0;0;791379,3619;5827491,813;13,29531;52,51947
17142;192792;11;11;11030721;2019;3;19;5;3;6;2;2;0;1;1;0;0;0;1;804632,9437;5827766,871;13,4903;52,51469
17143;192793;11;4;4030931;2019;3;12;4;3;1;5;0;1;1;0;0;0;0;0;794343,0171;5825940,22;13,33749;52,50397
17144;192794;11;1;1022202;2019;3;13;4;3;5;2;0;0;1;0;0;0;0;0;795664,665;5829738,324;13,36028;52,5373
17145;192795;11;6;6020409;2019;3;11;4;3;5;7;0;1;1;0;0;0;0;0;794061,1949;5818772,899;13,32703;52,43987
17146;192796;11;7;7030301;2019;3;13;4;3;1;7;0;0;1;0;0;0;1;0;793645,4629;5822419,666;13,32414;52,47278
17147;192797;11;1;1011101;2019;3;11;4;3;5;3;0;1;1;0;0;0;0;0;795306,8497;5826271,315;13,35195;52,50641
17148;192798;11;1;1011201;2019;3;11;4;2;5;2;0;1;1;0;0;0;0;0;796961,1086;5826699,89;13,37663;52,50936
17149;192799;11;1;1022202;2019;3;13;4;3;5;2;0;1;1;0;0;0;0;0;795668,9129;5829732,336;13,36034;52,53724
17150;192800;11;7;7070703;2019;3;11;4;3;5;2;0;0;1;0;1;0;0;0;799019,8548;5814282,127;13,39576;52,39692
17151;192801;11;4;4030621;2019;3;9;4;3;6;4;0;1;0;1;0;0;0;0;793760,8617;5827072,999;13,32994;52,51444
17152;192802;11;9;9051901;2019;3;8;4;3;3;6;0;0;0;0;1;0;1;0;810726,8885;5820929,841;13,57345;52,44998
17153;192803;11;7;7020203;2019;3;15;4;2;6;4;0;0;1;1;0;0;0;0;795356,0127;5823479,369;13,35019;52,48136
17154;192804;11;1;1033203;2019;3;7;4;3;5;2;0;0;1;0;0;0;0;0;796852,9193;5830641,047;13,37856;52,54475
17155;192805;11;4;4030621;2019;3;15;4;3;2;6;0;0;1;0;0;0;1;0;793294,4273;5827818,962;13,32374;52,52137
17156;192806;11;3;3030715;2019;3;7;4;3;5;2;0;1;1;0;0;0;0;0;800883,1644;5833381,892;13,4403;52,5671
17157;192807;11;10;10040931;2019;3;6;4;3;6;4;1;0;1;1;0;0;0;0;813278,5266;5829057,579;13,61851;52,52136
17158;192808;11;5;5010314;2019;3;15;4;3;0;2;0;0;1;0;0;0;1;0;784846,5804;5829228,539;13,20078;52,53849
17159;192809;11;3;3040614;2019;3;15;3;3;5;3;0;1;1;0;0;0;0;0;797774,0077;5832965,555;13,39419;52,56508
17160;192810;11;4;4030726;2019;3;19;5;3;5;3;2;1;1;0;0;0;0;1;792090,9226;5825310,163;13,30386;52,49953
17161;192811;11;6;6010101;2019;3;8;3;3;5;3;0;1;0;0;0;0;1;0;792715,0329;5821673,533;13,30983;52,46659
17162;192812;11;4;4051445;2019;3;21;3;3;6;2;2;1;0;1;0;0;0;0;792337,216;5824074,31;13,30639;52,48832
17163;192813;11;2;2050802;2019;3;19;3;3;5;3;2;0;1;0;0;0;1;1;802524,2252;5827271,208;13,45887;52,51142
17164;192814;11;11;11030619;2019;3;16;4;2;5;7;0;0;1;0;1;0;0;0;804146,4714;5829812,456;13,48503;52,5333
17165;192815;11;4;4041134;2019;3;19;3;3;2;6;2;0;1;0;0;0;0;1;790861,2747;5824620,665;13,28519;52,494
17166;192816;11;2;2010103;2019;3;19;3;3;5;2;2;1;1;0;0;0;0;0;799118,3786;5826276,424;13,40794;52,50438
17167;192817;11;4;4030620;2019;3;16;4;3;2;7;0;1;1;0;0;0;0;0;792611,259;5827365,268;13,31331;52,51767
17168;192818;11;7;7020203;2019;3;18;3;3;6;2;2;0;1;1;0;0;0;1;796116,3313;5824097,043;13,3619;52,48649
17169;192819;11;1;1011105;2019;3;18;3;3;5;3;2;1;1;0;0;0;0;1;795848,7077;5826675,736;13,36027;52,50975
17170;192820;11;8;8010406;2019;3;19;3;3;5;2;2;1;1;0;0;0;0;1;802025,7381;5824298,294;13,44885;52,48505
17171;192821;11;5;5010312;2019;3;16;4;2;5;7;0;0;1;0;0;0;0;0;784826,8174;5830252,302;13,20137;52,54768
17172;192822;11;7;7040405;2019;3;17;3;3;5;3;2;0;1;0;0;0;0;1;799070,0521;5821704,455;13,40313;52,46343
17173;192823;11;7;7070705;2019;3;18;4;3;5;2;1;1;1;0;0;0;0;0;798388,65;5813699,983;13,38599;52,39205
17174;192824;11;1;1022206;2019;3;17;3;2;6;4;1;0;1;1;0;0;0;1;796203,8335;5828205,897;13,36684;52,52327
17175;192825;11;8;8010404;2019;3;16;3;2;6;7;0;0;1;1;0;0;0;0;801713,0865;5823697,488;13,44372;52,47984
17176;192826;11;2;2020204;2019;3;20;4;3;0;1;2;1;1;0;0;0;0;0;798458,6781;5824735,743;13,39687;52,49094
17177;192827;11;9;9051701;2019;3;15;3;3;5;3;2;1;1;0;0;0;0;0;813348,9456;5821562,382;13,6125;52,45416
17178;192828;11;1;1011101;2019;3;15;3;3;3;6;0;0;1;0;1;0;0;1;794479,5559;5826092,151;13,33963;52,50526
17179;192829;11;6;6020302;2019;3;23;4;3;6;7;2;0;1;1;0;0;0;1;794684,2267;5819217,976;13,33657;52,44352
17180;192830;11;4;4020310;2019;3;10;3;3;6;3;0;0;1;1;0;0;0;1;790347,57;5827464,472;13,28012;52,51977
17181;192831;11;10;10020413;2019;3;12;3;2;0;3;0;0;1;0;1;0;0;1;811461,8337;5830676,287;13,59334;52,53691
17182;192832;11;6;6040810;2019;3;12;3;2;5;2;0;0;1;0;0;1;0;0;791226,5729;5820636,548;13,28708;52,45809
17183;192833;11;4;4030931;2019;3;16;3;3;2;6;0;0;1;0;0;0;1;0;794095,212;5826439,412;13,33429;52,50858
17184;192834;11;11;11020515;2019;3;6;3;3;6;4;1;0;0;1;1;0;0;0;803600,4629;5830227,555;13,47738;52,53732
17185;192835;11;1;1011402;2019;3;6;3;3;5;2;0;1;1;0;0;0;0;0;798798,1988;5829172,914;13,40584;52,53052
17186;192836;11;2;2010102;2019;3;9;3;2;1;5;0;1;1;0;0;0;0;0;798037,3036;5826555,497;13,39231;52,50748
17187;192837;11;12;12302212;2019;3;6;3;3;0;3;0;0;1;0;1;0;0;1;792791,1302;5837479,513;13,32487;52,60825
17188;192838;11;7;7030301;2019;3;19;3;3;0;2;2;0;1;0;0;0;1;0;794241,9163;5822036,98;13,33256;52,46903
17189;192839;11;1;1011203;2019;3;6;3;3;5;3;0;0;1;0;0;0;0;0;797782,9293;5827352,193;13,38929;52,51476
17190;192840;11;1;1022103;2019;3;7;3;3;3;6;0;1;0;0;0;1;0;0;795649,8481;5829746,648;13,36007;52,53738
17191;192841;11;3;3040513;2019;3;19;3;2;5;3;2;1;1;0;0;0;0;0;797412,3571;5833971,488;13,38977;52,57429
17192;192842;11;3;3061332;2019;3;8;3;3;2;2;0;1;1;0;0;0;0;0;799927,3735;5830736,112;13,42385;52,54391
17193;192843;11;2;2020204;2019;3;8;3;3;5;3;0;1;1;0;0;0;0;0;799102,428;5825207,14;13,40675;52,49481
17194;192844;11;6;6020409;2019;3;17;3;3;0;2;0;1;1;0;0;0;0;1;793122,9027;5817654,353;13,31229;52,43034
17195;192845;11;3;3050920;2019;3;19;3;3;5;3;2;0;1;0;0;0;0;0;802185,2157;5832421,244;13,45857;52,55777
17196;192846;11;1;1033202;2019;3;9;3;3;6;4;0;0;1;1;0;0;0;0;797744,8473;5829711,43;13,39084;52,53593
17197;192847;11;1;1044203;2019;3;5;5;3;0;6;2;0;1;0;1;0;0;1;795085,2848;5831211,714;13,35308;52,55082
17198;192848;11;1;1011305;2019;3;9;3;3;5;2;0;1;1;0;0;0;0;0;799648,6808;5827039,581;13,41642;52,51093
17199;192849;11;4;4020310;2019;3;17;3;3;5;2;1;1;1;0;0;0;0;0;790373,8651;5827299,193;13,28037;52,51828
17200;192850;11;6;6030610;2019;3;10;3;3;5;3;0;0;1;0;0;0;0;0;792933,5835;5817745,462;13,30959;52,43126
17201;192851;11;4;4030620;2019;3;11;3;3;5;3;0;0;1;0;0;0;0;0;791992,0613;5827500,99;13,30432;52,51922
17202;192852;11;5;5030730;2019;3;16;3;3;5;3;0;1;1;0;0;0;0;0;786453,0434;5831100,42;13,22602;52,55443
17203;192853;11;4;4051653;2019;3;11;3;3;5;2;0;1;1;0;0;0;0;0;794040,2623;5824716,526;13,33197;52,49316
17204;192854;11;4;4030417;2019;3;18;3;3;5;3;2;1;1;0;0;0;0;1;791493,2201;5827210,917;13,29674;52,51689
17205;192855;11;1;1011204;2019;3;16;3;3;5;7;0;0;1;0;0;0;0;0;798525,9738;5826770,855;13,39968;52,50914
17206;192856;11;2;2050802;2019;3;16;3;3;1;5;0;1;1;0;0;0;0;1;802304,3386;5827104,549;13,45549;52,51005
17207;192857;11;11;11030618;2019;3;17;3;3;5;3;0;0;1;0;0;0;0;0;802949,9153;5829190,773;13,46687;52,52839
17208;192858;11;2;2020202;2019;3;16;3;2;6;4;0;0;1;1;0;0;0;0;797867,016;5825068,566;13,38848;52,49424
17209;192859;11;7;7040403;2019;3;16;3;3;5;3;0;1;1;0;0;0;0;0;797389,141;5821873,231;13,37861;52,46586
17210;192860;11;1;1011105;2019;3;9;2;3;1;5;0;1;1;0;0;0;0;0;796736,1946;5826827,547;13,37344;52,51063
17211;192861;11;1;1011401;2019;3;17;3;3;5;3;0;1;0;0;0;1;0;0;797843,4225;5829077,815;13,39172;52,53019
17212;192862;11;2;2020206;2019;3;18;2;3;2;2;2;0;1;0;0;0;0;1;799685,1834;5824504,007;13,41467;52,48819
17213;192863;11;8;8010406;2019;3;18;5;3;5;3;2;1;1;0;0;0;0;1;802381,5512;5824040,972;13,45384;52,48255
17214;192864;11;4;4051446;2019;3;16;2;3;6;4;0;0;1;1;0;0;0;0;792827,8656;5824351,434;13,31384;52,49054
17215;192865;11;4;4051653;2019;3;16;2;3;2;6;1;0;1;0;0;0;0;1;793993,6301;5824427,361;13,33103;52,49059
17216;192866;11;2;2020206;2019;3;16;2;3;5;3;0;1;1;0;0;0;0;0;799611,2848;5824523,634;13,4136;52,4884
17217;192867;11;6;6010102;2019;3;15;2;3;2;6;0;0;1;0;0;0;0;0;793619,4948;5820552,137;13,32212;52,45606
17218;192868;11;1;1022101;2019;3;14;2;3;5;7;0;0;1;0;1;0;0;0;793271,9817;5828544,641;13,32405;52,52789
17219;192869;11;5;5030730;2019;3;14;3;3;2;6;0;0;1;0;0;0;0;0;786448,556;5830945,616;13,22582;52,55305
17220;192870;11;10;10010310;2019;3;14;2;3;5;3;0;0;1;0;0;0;0;0;807807,0029;5830769,237;13,53971;52,53982
17221;192871;11;6;6020410;2019;3;12;2;3;3;6;0;1;1;0;0;0;0;1;794242,6885;5817028,558;13,32816;52,42413
17222;192872;11;3;3061332;2019;3;11;3;3;5;7;0;1;0;0;0;0;1;0;799735,9922;5830870,747;13,42115;52,54523
17223;192873;11;7;7060604;2019;3;13;2;3;5;2;0;0;1;0;0;0;1;1;795808,6524;5816024,528;13,35024;52,41429
17224;192874;11;6;6020408;2019;3;13;2;3;1;5;0;0;1;0;1;0;0;1;792834,508;5816448,972;13,307;52,41969
17225;192875;11;8;8010211;2019;3;10;3;3;5;3;0;1;0;0;0;0;1;1;800440,1271;5823728,065;13,42506;52,48082
17226;192876;11;7;7040401;2019;3;12;2;3;5;3;0;0;1;0;0;0;0;1;797105,54;5823462,511;13,37586;52,48026
17227;192877;11;4;4030518;2019;3;12;2;3;5;3;0;0;1;0;0;0;0;1;791479,6966;5828283,765;13,29748;52,52651
17228;192878;11;1;1033102;2019;3;11;2;3;1;5;0;0;1;0;1;0;0;0;797571,4507;5831290,818;13,38971;52,55018
17229;192879;11;4;4051653;2019;3;10;3;3;6;4;0;1;0;1;0;0;0;0;794137,395;5824705,94;13,33338;52,49301
17230;192880;11;4;4020313;2019;3;9;2;3;2;6;0;0;1;0;0;0;0;1;790214,796;5826660,659;13,27747;52,51264
17231;192881;11;8;8010404;2019;3;17;5;3;2;6;2;0;1;0;0;0;0;1;802603,269;5823076,336;13,45622;52,47378
17232;192882;11;4;4030623;2019;3;6;2;3;3;6;0;0;1;0;0;0;0;1;792999,8361;5826960,768;13,31866;52,51384
17233;192883;11;4;4030930;2019;3;18;2;3;5;2;1;0;1;0;1;0;0;1;792961,1267;5825687,952;13,31697;52,50245
17234;192884;11;4;4051448;2019;3;9;3;3;5;2;0;0;1;0;1;0;0;0;794172,1556;5825317,13;13,33443;52,49847
17235;192885;11;1;1011204;2019;3;19;2;3;5;3;2;1;1;0;0;0;0;1;798020,6032;5826589,865;13,3921;52,50779
17236;192886;11;9;9020701;2019;3;19;2;3;5;3;2;1;1;0;0;0;0;1;807874,7835;5818129,657;13,52903;52,4265
17237;192887;11;2;2020202;2019;3;8;3;2;6;2;0;0;0;1;0;1;0;0;797945,1393;5825258,906;13,3898;52,49591
17238;192888;11;2;2020206;2019;3;20;2;2;5;3;2;1;1;0;0;0;0;1;799561,8065;5824891,292;13,41321;52,49173
17239;192889;11;1;1022202;2019;3;22;2;2;5;2;2;0;1;0;0;0;0;1;795665,74;5829739,276;13,3603;52,53731
17240;192890;11;9;9010101;2019;3;8;3;3;5;3;0;1;1;0;0;0;0;1;802121,3644;5825068,427;13,45095;52,4919
17241;192891;11;1;1011301;2019;3;23;2;2;6;4;2;0;1;1;0;0;0;0;796859,435;5828863,782;13,37707;52,52881
17242;192892;11;1;1011201;2019;3;8;3;3;5;3;0;1;1;0;0;0;0;1;797646,8075;5826896,191;13,38688;52,51074
17243;192893;11;5;5010314;2019;3;17;2;2;6;4;1;0;1;1;0;0;0;1;784616,0214;5828841,983;13,19706;52,53515
17244;192894;11;9;9020702;2019;3;8;2;3;5;3;0;0;1;0;0;0;0;0;809468,6383;5819066,285;13,55326;52,434
17245;192895;11;2;2020203;2019;3;0;3;3;5;3;2;0;1;0;0;0;0;1;797809,833;5824908,594;13,3875;52,49284
17246;192896;11;11;11030721;2019;3;17;2;2;0;1;0;1;0;0;0;0;0;1;805209,7064;5828125,408;13,4991;52,51758
17247;192897;11;5;5010314;2019;3;6;3;3;0;6;0;0;0;0;1;0;1;1;784969,3741;5829415,118;13,20275;52,5401
17248;192898;11;10;10040933;2019;3;4;2;3;0;6;2;0;1;0;0;0;1;1;813149,0614;5826930,516;13,61461;52,50237
17249;192899;11;1;1044103;2019;3;13;2;3;0;1;0;0;0;0;1;0;0;1;795186,3645;5831034,125;13,3544;52,54917
17250;192900;11;6;6030502;2019;3;7;3;3;5;2;0;1;1;0;0;0;0;0;790233,2817;5814957,489;13,26757;52,40771
17251;192901;11;12;12302110;2019;3;18;1;3;5;2;1;1;1;0;0;0;0;0;794990,7913;5836323,183;13,35623;52,59669
17252;192902;11;8;8020619;2019;3;13;1;3;5;2;0;0;1;0;0;0;0;1;801856,445;5821906,435;13,4442;52,46371
17253;192903;11;4;4030827;2019;3;7;3;3;3;6;0;0;1;0;1;0;0;0;792344,7515;5826120,703;13,3083;52,50666
17254;192904;11;9;9030901;2019;3;0;1;2;1;5;2;0;1;0;0;0;0;0;808008,877;5816742,563;13,52972;52,41399
17255;192905;11;4;4020310;2019;3;22;1;3;4;1;2;0;1;0;0;0;1;1;790223,1405;5828157,83;13,2789;52,52606
17256;192906;11;1;1033203;2019;3;16;3;3;2;6;0;0;1;0;0;0;0;0;796957,3703;5831433,892;13,3808;52,5518
17257;192907;11;3;3061131;2019;3;18;1;3;0;6;2;0;1;0;1;0;0;1;799180,0805;5830843,803;13,41296;52,54529
17258;192908;11;3;3030715;2019;3;8;3;3;5;2;0;1;1;0;0;0;0;1;800131,6555;5833862,363;13,42968;52,57182
17259;192909;11;1;1011304;2019;3;17;1;3;5;2;1;1;1;0;0;0;0;1;800051,239;5828091,307;13,42328;52,52014
17260;192910;11;5;5020625;2019;3;16;1;3;2;1;0;0;1;0;1;0;0;1;783743,6279;5828681,991;13,1841;52,53417
17261;192911;11;5;5020626;2019;3;16;3;3;6;4;0;0;1;1;0;0;0;0;784701,7652;5827687,064;13,19733;52,52475
17262;192912;11;2;2010104;2019;3;15;1;3;3;6;0;0;1;0;1;0;0;1;799860,4213;5825697,363;13,41832;52,49879
17263;192913;11;4;4020208;2019;3;15;1;3;5;3;0;0;1;0;0;0;0;1;788805,0654;5825931,392;13,25612;52,50685
17264;192914;11;12;12214422;2019;3;10;1;3;5;3;0;0;1;0;0;0;0;1;792091,3586;5832945,375;13,31057;52,56798
17265;192915;11;3;3040614;2019;3;8;3;3;1;5;0;1;1;0;0;0;0;1;798737,7957;5833132,832;13,40851;52,56605
17266;192916;11;6;6030504;2019;3;4;1;2;6;4;2;0;0;1;0;0;1;1;788960,6713;5816411,527;13,25017;52,42142
17267;192917;11;2;2020206;2019;3;23;1;3;2;2;2;0;1;0;0;0;0;1;800125,2433;5824422,947;13,42106;52,48722
17268;192918;11;6;6020411;2019;3;10;1;3;2;6;0;0;1;0;0;0;0;1;793387,3496;5816216,625;13,31491;52,41731
17269;192919;11;3;3040614;2019;3;16;3;3;2;6;0;1;1;0;0;0;0;0;799346,1554;5834261,743;13,41848;52,57583
17270;192920;11;1;1044202;2019;3;10;1;3;5;3;0;0;1;0;0;0;0;0;795409,961;5830258,652;13,357;52,5421
17271;192921;11;1;1044201;2019;3;23;1;3;9;1;2;0;1;0;0;0;0;1;797107,9674;5831922,887;13,38346;52,5561
17272;192922;11;7;7010102;2019;3;13;7;3;2;6;0;0;1;0;0;0;0;0;794964,4202;5825398,172;13,34614;52,49877
17273;192923;11;7;7040404;2019;3;16;3;3;2;6;0;0;1;0;0;1;0;0;796369,7041;5819726,733;13,36174;52,44717
17274;192924;11;1;1011303;2019;3;17;7;3;6;4;1;0;1;1;0;0;0;0;798961,3042;5828525,637;13,40765;52,52463
17275;192925;11;3;3050920;2019;3;16;3;3;3;6;0;0;1;0;0;0;1;0;802763,3012;5832374,953;13,46703;52,55703
17276;192926;11;4;4030620;2019;3;18;7;3;5;2;2;1;1;0;0;0;0;0;792174,1124;5827293,184;13,30682;52,51726
17277;192927;11;5;5020524;2019;3;14;7;3;5;3;0;0;1;0;0;0;0;0;783139,7998;5826434,053;13,17331;52,51432
17278;192928;11;4;4030416;2019;3;14;3;3;1;5;0;0;1;0;1;0;0;0;790879,7646;5827050,138;13,28758;52,51578
17279;192929;11;11;11020513;2019;3;13;7;3;5;2;0;0;1;0;0;0;0;0;802883,73;5831201,591;13,46773;52,54645
17280;192930;11;4;4030621;2019;3;12;7;3;3;1;0;1;0;0;0;0;1;0;793245,8398;5827801,771;13,32302;52,52125
17281;192931;11;3;3051017;2019;3;18;7;3;5;3;2;0;1;0;0;0;0;0;802494,4189;5832696,476;13,46337;52,56007
17282;192932;11;4;4010101;2019;3;14;3;2;5;2;0;0;1;0;1;0;0;0;791216,058;5829730,96;13,29487;52,53963
17283;192933;11;7;7020203;2019;3;12;7;3;6;4;0;1;0;1;0;0;0;0;795726,978;5824016,603;13,35612;52,48598
17284;192934;11;9;9020702;2019;3;18;5;2;6;2;2;0;1;1;0;0;0;1;809668,744;5819050,76;13,55618;52,43374
17285;192935;11;2;2040502;2019;3;12;7;3;5;7;0;0;1;0;0;0;0;0;800778,3025;5828423,489;13,43426;52,52272
17286;192936;11;1;1022201;2019;3;6;7;3;2;6;2;0;1;0;0;0;1;1;795218,8942;5829333,622;13,35337;52,53391
17287;192937;11;1;1011201;2019;3;19;7;3;2;2;2;0;1;0;0;0;0;0;797180,9336;5827188,066;13,38029;52,51361
17288;192938;11;12;12103218;2019;3;14;3;3;5;3;0;0;1;0;0;0;0;0;794831,4543;5833499,647;13,35138;52,57147
17289;192939;11;8;8041037;2019;3;19;7;2;6;7;2;1;0;1;0;0;0;0;805777,9561;5817112,593;13,49736;52,41856
17290;192940;11;1;1033202;2019;3;18;5;3;5;2;1;1;1;0;0;0;0;1;796963,9548;5830140,609;13,37974;52,5402
17291;192941;11;5;5020523;2019;3;18;7;2;1;1;2;0;1;0;0;0;0;0;782330,8149;5827312,483;13,16216;52,52262
17292;192942;11;3;3071537;2019;3;1;7;3;5;5;2;0;1;0;0;0;0;0;799342,9889;5829458,284;13,4141;52,53278
17293;192943;11;4;4051446;2019;3;18;2;3;6;2;1;0;1;1;0;0;0;0;792914,2762;5824363,081;13,31512;52,4906
17294;192944;11;11;11051332;2019;3;1;7;3;0;1;2;1;0;0;0;0;0;0;806980,5867;5823416,997;13,52078;52,47439
17295;192945;11;2;2050802;2019;3;15;6;2;5;2;0;1;1;0;0;0;0;0;802110,0106;5827355,439;13,45286;52,51241
17296;192946;11;3;3040818;2019;3;14;2;3;2;6;0;0;1;0;0;0;0;1;799663,2174;5833724,552;13,42266;52,57085
17297;192947;11;1;1011201;2019;3;17;6;3;2;2;1;0;1;0;0;0;0;0;796974,4818;5826706,322;13,37683;52,50941
17298;192948;11;8;8020622;2019;3;17;6;3;6;4;0;1;0;1;0;0;0;0;802238,0143;5819101,448;13,44726;52,43835
17299;192949;11;2;2010104;2019;3;16;6;3;2;3;0;1;0;0;0;0;1;0;799574,8006;5825635,107;13,41407;52,49839
17300;192950;11;2;2020204;2019;3;19;2;3;6;2;2;0;1;1;0;0;0;1;798707,835;5824709,015;13,4005;52,49056
17301;192951;11;3;3040614;2019;3;13;6;3;6;3;0;0;1;1;0;0;0;0;798971,9462;5835025,925;13,41366;52,58289
17302;192952;11;4;4020311;2019;3;12;2;3;6;2;0;0;1;1;0;0;0;0;789727,1188;5826409,311;13,27009;52,51064
17303;192953;11;4;4030931;2019;3;14;6;3;2;2;0;0;0;0;0;0;1;0;793981,8524;5826162,257;13,33238;52,50615
17304;192954;11;5;5020626;2019;3;14;6;2;5;3;0;1;0;0;1;0;0;0;784517,7478;5827998,304;13,19489;52,52763
17305;192955;11;6;6010207;2019;3;12;2;3;5;7;0;0;1;0;1;0;0;1;793478,6011;5820180,581;13,31973;52,4528
17306;192956;11;4;4031032;2019;3;12;6;3;5;3;0;0;1;0;0;0;0;0;791642,0997;5824519,555;13,29657;52,49268
17307;192957;11;9;9020701;2019;3;13;6;3;5;2;0;1;1;0;0;0;0;0;808325,7457;5818864,446;13,53632;52,43283
17308;192958;11;6;6040809;2019;3;14;6;3;0;7;0;0;1;0;0;0;0;0;791693,611;5819352,98;13,29281;52,44634
17309;192959;11;1;1011303;2019;3;8;6;3;5;7;0;0;1;0;1;0;0;0;798871,4315;5827929,594;13,4058;52,51934
17310;192960;11;5;5030731;2019;3;7;2;3;0;5;0;0;1;0;0;0;0;0;786989,2124;5830133,217;13,23307;52,54548
17311;192961;11;10;10030727;2019;3;8;6;2;0;6;0;0;1;0;0;0;1;0;809546,1065;5827038,484;13,5618;52,5054
17312;192962;11;3;3020209;2019;3;14;6;3;5;3;0;1;1;0;0;0;0;0;797965,2071;5835015,982;13,39884;52,58335
17313;192963;11;9;9051701;2019;3;8;2;3;5;3;0;1;1;0;0;0;0;1;813590,8992;5821668,966;13,61615;52,45497
17314;192964;11;1;1011402;2019;3;1;6;3;3;6;2;0;1;0;0;0;0;0;798175,89;5829815,102;13,39727;52,53662
17315;192965;11;8;8010213;2019;3;19;6;3;5;3;2;0;1;0;0;0;0;0;801230,9766;5822467,843;13,43553;52,46908
17316;192966;11;3;3061441;2019;3;18;6;2;4;2;2;0;1;0;1;0;0;0;802881,5991;5828633,541;13,46536;52,52343
17317;192967;11;8;8010301;2019;3;10;2;3;2;6;0;0;0;0;0;0;1;0;801132,6868;5824109,906;13,43557;52,48386
17318;192968;11;1;1022207;2019;3;18;6;3;2;6;2;0;1;0;0;0;0;0;794380,0342;5827618,864;13,33952;52,519
17319;192969;11;4;4051446;2019;3;11;2;3;5;3;0;1;1;0;0;0;0;1;792730,7974;5824454,424;13,3125;52,49151
17320;192970;11;5;5010206;2019;3;18;6;3;0;2;2;0;1;0;1;0;0;0;782447,1142;5831049,668;13,16705;52,55607
17321;192971;11;10;10040830;2019;2;13;5;3;3;6;0;1;0;0;0;0;1;0;810926,2181;5826866,863;13,58191;52,50308
17322;192972;11;10;10030727;2019;3;13;2;3;6;4;0;0;1;1;0;0;0;1;809719,1147;5826252,779;13,56361;52,49826
17323;192973;11;8;8010301;2019;2;16;5;3;5;3;0;0;1;0;1;0;0;0;800667,8905;5825096,72;13,42964;52,49296
17324;192974;11;4;4020311;2019;2;10;5;3;5;3;0;0;1;0;0;0;0;0;789992,273;5826317,665;13,2739;52,50968
17325;192975;11;8;8020620;2019;3;15;2;3;5;3;0;0;1;0;0;0;0;1;800866,1553;5820935,969;13,42879;52,45555
17326;192976;11;5;5030833;2019;2;12;5;3;5;2;0;0;1;0;1;0;0;0;789197,438;5829295,488;13,26481;52,5368
17327;192977;11;8;8040933;2019;2;8;5;3;5;2;0;0;1;0;1;0;0;0;802823,0839;5818895,289;13,45566;52,43618
17328;192978;11;12;12304314;2019;3;15;2;3;2;6;0;0;1;0;0;0;0;0;790203,4545;5835864,46;13,28535;52,59516
17329;192979;11;7;7040401;2019;2;8;5;3;5;7;0;0;1;0;1;0;0;0;797589,8291;5823875,455;13,38334;52,4837
17330;192980;11;12;12214424;2019;2;15;5;3;5;3;0;0;1;0;0;0;0;0;792823,8576;5832743,854;13,32117;52,56578
17331;192981;11;8;8040933;2019;2;15;5;2;5;2;0;0;1;0;0;0;0;0;803573,5748;5818648,137;13,46644;52,43355
17332;192982;11;11;11030618;2019;3;16;2;3;2;6;0;0;1;0;0;0;0;1;803195,6948;5829601,537;13,47086;52,53194