;OBJECTID;LAND;BEZ;LOR;UJAHR;UMONAT;USTUNDE;UWOCHENTAG;UKATEGORIE;UART;UTYP1;ULICHTVERH;IstRad;IstPKW;IstFuss;IstKrad;IstGkfz;IstSonstige;USTRZUSTAND;LINREFX;LINREFY;XGCSWGS84;YGCSWGS84
17543;193193;11;3;3061227;2019;3;8;4;3;2;7;0;0;1;0;0;0;0;0;799972,4039;5831087,45;13,42483;52,54704
17544;193194;11;1;1011201;2019;3;8;4;2;5;2;0;1;0;0;0;1;0;0;797472,9448;5826794,385;13,38423;52,50993
17545;193195;11;4;4010103;2019;3;10;4;3;3;6;0;0;1;0;0;1;0;0;791145,0297;5829114,831;13,29329;52,53414
17546;193196;11;12;12301204;2019;3;15;3;3;5;3;0;1;1;0;0;0;0;0;791666,943;5835558,051;13,30663;52,59163
17547;193197;11;4;4030726;2019;3;11;4;2;5;3;0;1;1;0;0;0;0;0;792284,5515;5825376,637;13,30676;52,50002
17548;193198;11;8;8041036;2019;3;7;4;3;5;3;0;1;1;0;0;0;0;0;804393,3872;5815998,004;13,47605;52,40934
17549;193199;11;1;1033203;2019;3;23;6;3;0;1;2;1;0;0;0;0;0;0;796753,567;5830731,242;13,37718;52,54561
17550;193200;11;1;1011202;2019;3;15;3;3;0;4;0;1;0;1;0;0;0;1;797673,9225;5827911,272;13,38819;52,51983
17551;193201;11;4;4030620;2019;3;11;4;2;0;7;0;1;0;0;0;0;0;0;791972,9208;5827382,286;13,30394;52,51817
17552;193202;11;1;1033203;2019;3;19;4;1;6;4;1;0;1;1;0;0;1;0;796569,7024;5829846,653;13,37369;52,53778
17553;193203;11;9;9020701;2019;3;11;5;3;5;2;0;1;0;0;0;1;0;0;808470,0813;5819062,358;13,53862;52,43453
17554;193204;11;4;4030726;2019;3;13;3;3;1;5;0;1;1;0;0;0;1;0;792066,01;5825835,733;13,30395;52,50425
17555;193205;11;5;5020626;2019;3;15;3;3;6;4;0;0;1;1;0;0;0;1;784743,3609;5827446,28;13,19774;52,52257
17556;193206;11;6;6010209;2019;3;9;3;3;5;3;0;0;1;0;1;0;0;0;794458,5651;5821330,194;13,33512;52,46258
17557;193207;11;6;6020303;2019;3;15;3;2;1;5;0;0;1;0;1;0;0;1;795271,8455;5818360,548;13,34443;52,43552
17558;193208;11;8;8010510;2019;3;8;3;2;5;3;0;0;1;0;0;0;0;0;803651,0589;5821882,03;13,47051;52,46249
17559;193209;11;3;3030711;2019;3;7;3;3;5;2;0;1;1;0;0;0;0;0;801915,263;5836369,608;13,4582;52,59331
17560;193210;11;8;8010509;2019;3;15;3;3;5;3;0;1;1;0;0;0;0;1;804053,4221;5821923,049;13,47646;52,46264
17561;193211;11;6;6040701;2019;3;18;3;2;1;5;1;1;1;0;0;0;0;0;784508,0861;5816918,154;13,1853;52,42829
17562;193212;11;1;1011301;2019;3;19;3;3;3;6;2;0;1;0;0;0;0;0;796769,1493;5828812,499;13,37569;52,5284
17563;193213;11;3;3061228;2019;3;16;6;3;2;6;0;0;1;0;1;0;0;0;800337,5384;5831570,58;13,43063;52,55117
17564;193214;11;8;8010117;2019;3;15;3;3;6;4;0;0;1;1;0;0;0;1;800511,8271;5823453,694;13,42586;52,47832
17565;193215;11;8;8020622;2019;3;15;3;3;6;4;0;0;1;1;0;0;0;1;801434,7689;5820279,604;13,43655;52,44936
17566;193216;11;5;5010103;2019;3;19;3;3;5;3;2;0;1;0;0;0;0;0;784584,9932;5831089,472;13,19853;52,55531
17567;193217;11;11;11020513;2019;3;23;3;3;5;2;2;0;1;0;0;0;1;0;802896,9356;5831227,324;13,46795;52,54667
17568;193218;11;7;7010102;2019;3;16;6;3;0;2;0;0;1;0;1;0;0;0;795206,5449;5825600,281;13,34988;52,50045
17569;193219;11;1;1011102;2019;3;15;3;3;5;3;0;0;1;0;0;0;0;1;795188,661;5827210,532;13,35104;52,5149
17570;193220;11;7;7050503;2019;3;17;3;2;0;1;0;1;0;0;0;0;0;0;798698,6943;5819666,822;13,39586;52,44537
17571;193221;11;8;8010301;2019;3;20;5;3;1;5;2;1;1;0;0;0;0;1;800713,5673;5824367,012;13,42965;52,48639
17572;193222;11;1;1044102;2019;3;11;3;3;1;5;0;0;1;0;0;1;0;0;794779,4101;5831849,454;13,34914;52,5567
17573;193223;11;2;2040502;2019;3;15;3;3;2;6;0;0;1;0;0;0;0;1;800463,8662;5828447,579;13,42967;52,52311
17574;193224;11;4;4030929;2019;3;11;3;2;0;5;0;0;1;0;1;0;0;0;792720,6639;5825934,638;13,31365;52,50479
17575;193225;11;12;12302109;2019;3;15;3;3;5;3;0;0;1;0;0;0;0;1;795733,6904;5837042,609;13,36781;52,60274
17576;193226;11;7;7050503;2019;3;11;3;2;3;6;0;0;0;0;1;0;1;0;799204,4594;5820009,838;13,40358;52,44817
17577;193227;11;2;2020204;2019;3;9;3;3;0;2;0;1;0;0;0;0;1;0;798294,7225;5824811,482;13,39453;52,4917
17578;193228;11;1;1011302;2019;3;15;3;3;3;6;0;1;0;0;0;0;1;1;798973,2369;5828493,056;13,4078;52,52433
17579;193229;11;1;1044101;2019;3;9;3;3;6;4;0;0;1;1;0;0;0;0;793889,3927;5830065,901;13,33447;52,5412
17580;193230;11;5;5020627;2019;3;7;3;3;6;2;0;0;0;1;0;1;0;0;785933,5814;5827990,236;13,2157;52,52682
17581;193231;11;7;7010102;2019;3;14;6;3;5;2;0;0;1;0;0;0;0;0;794951,6046;5825651,056;13,34618;52,50105
17582;193232;11;6;6010209;2019;3;7;3;3;1;5;0;1;1;0;0;0;0;1;794485,3376;5821467,248;13,33563;52,46379
17583;193233;11;6;6020409;2019;3;9;3;3;0;5;0;0;1;0;0;0;1;0;793969,8681;5817489,275;13,32457;52,42841
17584;193234;11;2;2050803;2019;3;17;3;3;3;2;0;0;1;0;1;0;0;0;803061,3159;5825880,527;13,4655;52,49866
17585;193235;11;1;1011303;2019;3;19;3;3;6;4;2;1;0;1;0;0;0;0;799103,004;5828954,842;13,41012;52,5284
17586;193236;11;2;2030302;2019;3;17;3;2;6;4;1;0;1;1;0;0;0;0;800357,4339;5826061,977;13,42595;52,50178
17587;193237;11;8;8010301;2019;3;16;3;3;5;2;0;0;1;0;0;0;0;0;800759,3071;5824342,291;13,4303;52,48615
17588;193238;11;5;5020626;2019;3;15;3;3;0;4;0;0;0;1;0;0;1;0;784763,7764;5827180,85;13,19781;52,52017
17589;193239;11;7;7040401;2019;3;13;3;3;1;7;0;1;0;0;0;0;1;0;797631,6798;5823907,627;13,38399;52,48396
17590;193240;11;3;3020209;2019;3;14;3;3;5;2;0;1;0;0;0;0;0;0;798041,6415;5834786,003;13,39976;52,58125
17591;193241;11;5;5010313;2019;3;13;3;3;6;4;0;0;1;1;0;0;0;0;784578,5718;5830320,116;13,19778;52,54842
17592;193242;11;2;2050801;2019;3;21;3;3;5;2;2;1;1;0;0;0;0;0;803552,5218;5827193,532;13,47391;52,51016
17593;193243;11;8;8010303;2019;3;13;3;3;6;2;0;0;1;1;0;0;0;0;801029,35;5823875,612;13,43384;52,48181
17594;193244;11;4;4010101;2019;3;23;3;3;3;6;2;0;1;0;0;0;1;1;791288,723;5830682,824;13,29678;52,54812
17595;193245;11;1;1011303;2019;3;15;3;3;2;6;0;0;1;0;0;0;0;1;799171,8904;5828976,076;13,41115;52,52855
17596;193246;11;8;8010118;2019;3;12;3;3;3;6;0;0;1;0;1;0;1;1;800764,3403;5822750,985;13,42894;52,47188
17597;193247;11;10;10010206;2019;3;15;2;3;2;6;0;0;1;0;0;0;0;1;808519,6937;5832441,41;13,55174;52,5544
17598;193248;11;4;4030415;2019;3;21;5;3;6;2;2;0;1;1;0;0;0;1;790804,6093;5827384,504;13,28677;52,51881
17599;193249;11;1;1011401;2019;3;15;2;3;1;5;0;1;1;0;0;0;0;1;797176,8422;5829570,542;13,38236;52,53497
17600;193250;11;2;2010101;2019;3;6;3;3;5;2;0;1;1;0;0;0;0;0;797744,2439;5826093,69;13,38759;52,5035
17601;193251;11;8;8020625;2019;3;14;2;3;2;6;0;0;1;0;0;0;0;1;801493,5084;5819225,629;13,43646;52,43988
17602;193252;11;9;9030903;2019;3;7;3;3;5;3;0;1;1;0;0;0;0;0;808595,6418;5815755,434;13,53741;52,40482
17603;193253;11;7;7050502;2019;3;15;2;3;2;6;0;0;1;0;0;0;0;0;797864,1275;5818822,81;13,38286;52,43826
17604;193254;11;7;7020204;2019;3;15;2;3;0;2;0;0;1;0;1;0;0;1;796048,4184;5823345,958;13,36024;52,47979
17605;193255;11;2;2020203;2019;3;15;2;3;5;2;0;1;1;0;0;0;0;0;797502,641;5824015,216;13,38219;52,485
17606;193256;11;5;5030731;2019;3;16;2;3;2;1;0;0;1;0;0;0;0;0;787112,9255;5829378,47;13,23424;52,53865
17607;193257;11;1;1011302;2019;3;17;2;2;5;3;1;1;0;0;0;0;0;1;797913,2258;5828331,135;13,39208;52,52346
17608;193258;11;8;8010301;2019;3;13;6;3;2;2;0;1;1;0;0;0;0;0;801716,173;5824254,348;13,44427;52,48483
17609;193259;11;1;1011303;2019;3;8;3;3;5;3;0;0;1;0;1;0;0;0;799169,881;5827795,653;13,41006;52,51797
17610;193260;11;1;1022204;2019;3;18;2;3;5;7;1;0;1;0;0;0;0;1;794839,5041;5828303,352;13,34688;52,52488
17611;193261;11;7;7030303;2019;3;18;2;3;6;2;1;0;1;1;0;0;0;1;795229,5159;5822263,592;13,34726;52,47053
17612;193262;11;3;3050923;2019;3;8;3;3;5;3;0;1;1;0;0;0;0;0;800420,4385;5832299,261;13,43251;52,55765
17613;193263;11;2;2030302;2019;3;18;2;3;6;4;1;0;0;1;1;0;0;1;800447,8684;5825898,905;13,42713;52,50027
17614;193264;11;11;11040925;2019;3;18;2;3;5;3;1;1;0;0;0;0;1;1;803619,017;5826582,501;13,47433;52,50464
17615;193265;11;12;12224229;2019;3;9;3;3;1;5;0;1;1;0;0;0;0;0;786169,7596;5834304,579;13,22462;52,58331
17616;193266;11;5;5010310;2019;3;18;2;2;6;4;1;0;1;1;0;0;0;1;784776,0394;5830375,875;13,20073;52,54882
17617;193267;11;7;7060604;2019;3;20;2;3;5;2;2;1;1;0;0;0;0;1;796566,3081;5815869,989;13,36121;52,41249
17618;193268;11;6;6040807;2019;3;12;5;2;1;5;0;0;1;0;0;0;1;1;789706,856;5818413,4;13,26284;52,43897
17619;193269;11;2;2020206;2019;3;20;2;3;5;7;2;0;1;0;0;0;0;1;800155,1275;5825054,002;13,42207;52,49286
17620;193270;11;2;2030402;2019;3;9;3;3;5;3;0;1;1;0;0;0;0;0;801895,8754;5825670,013;13,44819;52,49742
17621;193271;11;9;9051901;2019;3;20;2;3;6;4;2;0;1;1;0;0;0;1;811395,6628;5821164,189;13,58347;52,4517
17622;193272;11;9;9020702;2019;3;14;3;3;5;2;0;1;1;0;0;0;0;0;809516,3314;5818774,6;13,55369;52,43136
17623;193273;11;1;1033102;2019;3;22;2;3;5;2;2;1;1;0;0;0;0;1;797161,6073;5831879,126;13,38421;52,55568
17624;193274;11;6;6040810;2019;3;9;2;3;0;6;0;1;1;0;0;0;0;0;791996,3412;5821478,858;13,29911;52,46523
17625;193275;11;6;6030504;2019;3;14;3;3;5;2;0;1;1;0;0;0;0;1;790598,4663;5815205,987;13,27314;52,40974
17626;193276;11;3;3010101;2019;3;15;2;3;5;3;0;0;1;0;0;0;0;1;803343,8236;5842648,203;13,48498;52,64879
17627;193277;11;12;12302107;2019;3;15;2;3;0;1;0;0;0;0;1;0;0;1;793734,7127;5836145,283;13,33758;52,59578
17628;193278;11;5;5020626;2019;3;22;6;2;6;2;2;0;1;1;0;0;0;0;784548,2518;5828157,089;13,19548;52,52904
17629;193279;11;2;2040701;2019;3;9;3;3;2;6;0;0;1;0;0;0;0;1;800206,2487;5827467,181;13,42499;52,51446
17630;193280;11;8;8010214;2019;3;14;2;3;0;3;0;1;1;0;0;0;0;1;801804,2647;5821957,6;13,44348;52,46419
17631;193281;11;4;4030518;2019;3;14;5;2;6;4;0;0;1;1;0;0;0;1;791568,8464;5828014,577;13,29856;52,52405
17632;193282;11;8;8041037;2019;3;14;2;3;2;6;0;0;1;0;0;0;0;1;805551,7745;5818558,138;13,49536;52,43164
17633;193283;11;11;11030720;2019;3;10;3;3;5;3;0;0;1;0;0;0;0;0;804678,321;5828701,204;13,49182;52,52304
17634;193284;11;1;1011306;2019;3;13;2;3;6;2;0;0;0;1;0;0;1;0;799985,7015;5826927,415;13,42127;52,50974
17635;193285;11;7;7010101;2019;3;10;3;3;6;7;0;0;1;1;0;0;0;0;794915,0567;5825407,358;13,34542;52,49888
17636;193286;11;10;10030724;2019;3;12;2;3;2;6;0;0;1;0;0;0;0;0;809635,8784;5829710,297;13,5656;52,52929
17637;193287;11;8;8020622;2019;3;9;5;2;1;5;0;0;1;0;1;0;0;1;801495,8468;5820441,985;13,43759;52,45078
17638;193288;11;4;4030623;2019;3;12;2;3;6;2;0;0;1;1;0;0;0;0;793503,2255;5826470,505;13,32562;52,50917
17639;193289;11;2;2020206;2019;3;14;3;3;2;2;0;0;1;0;0;0;0;1;799079,4598;5824615,105;13,40588;52,48951
17640;193290;11;3;3030715;2019;3;11;2;3;5;2;0;0;1;0;0;0;0;0;800122,7423;5833866,284;13,42955;52,57186
17641;193291;11;9;9052001;2019;3;10;3;3;6;4;0;0;1;1;0;0;0;0;811342,3639;5822448,626;13,58389;52,46324
17642;193292;11;10;10040932;2019;3;11;2;3;5;3;0;1;1;0;0;0;0;0;813439,4104;5828065,705;13,61994;52,51238
17643;193293;11;2;2020202;2019;3;7;2;3;3;6;0;0;1;0;0;1;0;0;797881,9313;5825062,514;13,38869;52,49418
17644;193294;11;1;1022104;2019;3;10;3;2;2;7;0;0;1;0;0;0;0;0;794303,1318;5828483,01;13,33916;52,52678
17645;193295;11;7;7070704;2019;3;7;2;2;6;4;0;0;1;1;0;0;0;0;800886,1873;5814178,714;13,42301;52,39498
17646;193296;11;11;11051330;2019;3;8;2;3;1;5;0;1;1;0;0;0;0;0;806610,9331;5825145,705;13,51695;52,49009
17647;193297;11;2;2030402;2019;3;13;6;2;5;3;0;1;1;0;0;0;0;0;801874,7765;5825713,125;13,44792;52,49782
17648;193298;11;1;1011104;2019;3;14;3;3;6;4;0;0;1;1;0;0;0;1;796352,9474;5826134,047;13,36719;52,50462
17649;193299;11;6;6030503;2019;3;9;2;2;5;3;0;0;1;0;0;0;1;0;788362,9946;5817767,573;13,24257;52,43389
17650;193300;11;3;3061126;2019;3;15;5;3;6;4;0;0;1;1;0;0;0;1;799084,6752;5832199,511;13,41278;52,55749
17651;193301;11;6;6020304;2019;3;10;2;3;0;1;0;1;0;0;0;0;0;0;794859,5309;5817943,433;13,33801;52,432
17652;193302;11;12;12214125;2019;3;13;3;3;1;5;0;0;1;0;0;0;0;1;791342,6392;5833160,638;13,29975;52,57031
17653;193303;11;2;2020206;2019;3;8;2;3;0;1;0;0;0;0;0;0;1;1;799067,5283;5824625,215;13,40571;52,48961
17654;193304;11;12;12103218;2019;3;10;3;3;2;6;0;0;1;0;0;0;0;1;794846,623;5833748,013;13,35182;52,57369
17655;193305;11;2;2040502;2019;3;19;1;3;5;7;2;0;1;0;0;0;0;0;800724,89;5827968,454;13,43307;52,51867
17656;193306;11;8;8010301;2019;3;19;1;3;2;6;2;0;1;0;0;0;0;1;801137,7538;5824126,159;13,43566;52,484
17657;193307;11;9;9010401;2019;3;12;3;3;0;4;0;0;1;1;0;0;0;0;805792,0064;5820334,51;13,50051;52,44743
17658;193308;11;6;6010209;2019;3;18;1;3;5;3;2;0;1;0;0;0;0;1;794642,0769;5821087,913;13,3376;52,46031
17659;193309;11;12;12103116;2019;3;15;1;2;5;3;0;0;1;0;1;0;0;0;796281,5022;5833224,058;13,37246;52,56821
17660;193310;11;12;12214422;2019;3;11;1;3;2;6;0;0;1;0;0;0;0;0;792116,6905;5833097,534;13,31108;52,56933
17661;193311;11;12;12304313;2019;3;13;3;3;5;3;0;0;1;0;0;0;0;1;791440,5252;5834734,935;13,30257;52,58437
17662;193312;11;11;11040926;2019;3;10;1;3;1;1;0;0;1;0;0;0;1;0;805232,9283;5826380,06;13,49784;52,50193
17663;193313;11;1;1011302;2019;3;11;1;3;2;6;0;0;1;0;0;0;0;0;798857,927;5829030,984;13,40659;52,52922
17664;193314;11;4;4020312;2019;3;14;6;3;0;4;0;1;0;1;0;0;0;0;789071,798;5827015,865;13,26099;52,51643
17665;193315;11;2;2010103;2019;3;12;1;3;5;3;0;0;1;0;0;0;0;0;799602,155;5825833,764;13,41465;52,50015
17666;193316;11;1;1033203;2019;3;13;3;3;0;7;0;0;0;0;1;0;0;1;795880,6404;5830598,592;13,36423;52,54489
17667;193317;11;5;5010206;2019;3;14;1;3;5;2;0;0;1;0;0;0;0;1;782364,715;5830494,274;13,16536;52,55113
17668;193318;11;1;1044202;2019;3;14;1;3;5;7;0;0;1;0;0;0;0;1;795108,5656;5830354,026;13,35266;52,54312
17669;193319;11;3;3020209;2019;3;17;1;3;9;1;1;0;1;0;0;0;0;1;797279,8919;5835397,354;13,3891;52,58715
17670;193320;11;4;4030930;2019;3;12;3;3;2;6;0;0;1;0;0;0;0;1;792937,4194;5825532,386;13,31649;52,50107
17671;193321;11;9;9051901;2019;3;19;1;3;2;6;2;0;1;0;0;0;0;1;810755,659;5821230,344;13,57415;52,45266
17672;193322;11;11;11040926;2019;3;12;2;3;0;3;0;0;0;0;0;0;1;0;804786,1684;5826286,232;13,4912;52,50134
17673;193323;11;10;10010310;2019;3;20;1;2;5;2;2;1;1;0;0;0;0;1;809635,794;5830391,691;13,56624;52,5354
17674;193324;11;1;1011301;2019;3;21;1;3;2;6;2;0;1;0;0;0;0;1;797615,3557;5828329,399;13,3877;52,52361
17675;193325;11;12;12301203;2019;3;7;2;2;6;4;0;0;1;1;0;0;0;1;793557,9123;5835435,04;13,33435;52,58951
17676;193326;11;3;3061227;2019;3;10;1;3;1;5;0;0;1;0;0;0;0;0;799949,3521;5831431,666;13,4248;52,55014
17677;193327;11;3;3061227;2019;3;9;1;3;5;3;0;0;1;0;0;0;1;0;799842,9095;5831532,503;13,42332;52,5511
17678;193328;11;1;1011204;2019;3;21;5;3;5;3;2;0;1;0;0;0;0;1;798862,1052;5826770,913;13,40462;52,50896
17679;193329;11;11;11020514;2019;3;8;1;3;5;3;0;0;1;0;1;0;0;0;804682,6026;5830739,678;13,49376;52,54131
17680;193330;11;5;5020417;2019;3;6;2;3;5;3;0;0;1;0;0;1;0;1;782460,0271;5828519,059;13,16509;52,53337
17681;193331;11;11;11020515;2019;3;17;7;3;5;3;2;0;1;0;1;0;0;1;805041,3408;5830416,583;13,49873;52,53821
17682;193332;11;2;2050801;2019;3;4;2;2;0;1;2;1;0;0;0;0;0;0;803108,3288;5827107,481;13,4673;52,50963
17683;193333;11;1;1011301;2019;3;18;7;2;1;5;2;1;1;0;0;0;0;1;797610,5583;5828361,173;13,38766;52,5239
17684;193334;11;7;7070705;2019;3;12;7;2;1;5;0;1;1;0;0;0;0;1;798656,4172;5813639,883;13,38986;52,39137
17685;193335;11;11;11041128;2019;3;16;5;3;2;6;0;0;1;0;0;0;0;1;805905,2116;5825953,036;13,50733;52,49772
17686;193336;11;7;7020201;2019;3;13;7;3;1;5;0;0;1;0;0;0;0;1;794563,4851;5824262,954;13,33925;52,48881
17687;193337;11;6;6010208;2019;3;0;2;2;5;7;2;0;1;0;0;0;0;0;794339,5453;5820571,87;13,3327;52,45584
17688;193338;11;7;7010102;2019;3;14;7;3;2;6;0;0;1;0;0;0;0;1;795897,0686;5824963,269;13,35945;52,49437
17689;193339;11;2;2030302;2019;3;16;2;3;2;6;0;1;0;0;0;0;0;0;801646,5713;5826073,509;13,44489;52,50117
17690;193340;11;1;1011204;2019;3;15;7;3;2;6;0;0;1;0;0;0;0;1;798883,3482;5827365,878;13,40547;52,51428
17691;193341;11;7;2020205;2019;3;18;7;3;2;6;1;0;1;0;0;0;0;1;798336,1916;5823980,052;13,3944;52,48423
17692;193342;11;6;6040807;2019;3;17;2;3;6;4;0;0;1;1;0;0;0;0;790173,1358;5818917,086;13,27012;52,44324
17693;193343;11;8;8010404;2019;3;18;7;3;6;4;1;0;1;1;0;0;0;1;802571,4662;5823064,479;13,45574;52,47369
17694;193344;11;6;6020303;2019;3;18;7;3;6;2;1;0;1;1;0;0;0;1;795909,969;5818720,015;13,35411;52,4384
17695;193345;11;4;4030931;2019;3;9;6;3;1;5;0;1;1;0;0;0;0;0;794384,5795;5825699,322;13,33789;52,50179
17696;193346;11;9;9030902;2019;3;9;2;3;5;3;0;0;1;0;0;0;1;1;808172,3789;5815763,921;13,53122;52,40513
17697;193347;11;7;7010102;2019;3;18;7;3;6;2;1;0;1;1;0;0;0;1;794979,1224;5825230,728;13,34621;52,49726
17698;193348;11;1;1011201;2019;3;18;7;3;0;3;1;0;1;0;0;0;1;1;796945,022;5826780,999;13,37647;52,51009
17699;193349;11;11;11030721;2019;3;7;5;3;6;4;0;0;1;1;0;0;0;1;805207,726;5828190,635;13,49913;52,51817
17700;193350;11;7;7020204;2019;3;19;7;3;6;4;1;0;1;1;0;0;0;1;796345,8317;5822963,64;13,36427;52,4762
17701;193351;11;7;7060604;2019;3;11;2;3;5;2;0;0;1;0;0;0;0;0;797601,4622;5815557,194;13,3761;52,40913
17702;193352;11;10;10010102;2019;3;19;7;3;6;2;2;0;1;1;0;0;0;1;809783,5604;5834072,849;13,57184;52,5683
17703;193353;11;1;1022206;2019;3;11;2;3;2;6;0;0;1;0;0;0;0;1;796527,1046;5828671,573;13,37201;52,52727
17704;193354;11;1;1044103;2019;3;20;7;3;2;6;2;0;1;0;0;0;0;1;794885,5195;5831065,063;13,35001;52,54961
17705;193355;11;11;11010205;2019;3;20;7;3;5;2;2;0;1;0;0;0;0;1;805964,6703;5833685,583;13,51532;52,56699
17706;193356;11;11;11020515;2019;3;12;2;3;0;6;0;0;1;0;1;0;0;1;803399,7437;5830004,106;13,47423;52,53543
17707;193357;11;1;1033101;2019;3;20;7;2;1;5;2;0;1;0;0;1;0;1;797272,8649;5833186,517;13,38701;52,56733
17708;193358;11;7;7040401;2019;3;21;7;3;6;7;2;1;0;1;0;0;0;1;798703,7066;5823950,383;13,39976;52,48376
17709;193359;11;4;4030929;2019;3;17;6;3;2;6;2;0;1;0;0;0;0;0;792715,6143;5825785,787;13,31345;52,50346
17710;193360;11;1;1033202;2019;3;21;7;3;6;4;2;0;1;1;0;0;0;1;797738,8871;5829704,41;13,39075;52,53587
17711;193361;11;4;4041342;2019;3;10;7;3;5;2;0;0;1;0;0;0;0;0;792526,692;5822912,069;13,30815;52,4778
17712;193362;11;1;1011301;2019;3;12;2;3;1;5;0;1;1;0;0;0;0;0;797598,454;5828437,201;13,38755;52,52458
17713;193363;11;11;11051229;2019;3;10;7;2;6;4;0;0;1;1;0;0;0;0;803810,6689;5826178,406;13,47677;52,50091
17714;193364;11;7;7020204;2019;3;6;7;2;1;1;1;0;1;0;0;0;1;0;796097,2418;5823928,615;13,36147;52,48499
17715;193365;11;8;8010118;2019;3;18;6;3;5;3;0;0;1;0;0;0;0;0;801114,9198;5821902,753;13,43332;52,46408
17716;193366;11;1;1033203;2019;3;13;2;3;1;5;0;0;1;0;0;0;0;1;796478,8546;5830108,06;13,37258;52,54017
17717;193367;11;3;3040818;2019;3;17;6;3;6;4;1;0;1;1;0;0;0;1;799525,3578;5833155,082;13,42012;52,56582
17718;193368;11;1;1011306;2019;3;9;6;3;1;5;0;1;1;0;0;0;0;1;800065,2522;5826647,181;13,42218;52,50719
17719;193369;11;2;2040701;2019;3;10;5;3;5;2;0;1;1;0;0;0;0;1;800718,0131;5827873,272;13,43288;52,51782
17720;193370;11;11;11020515;2019;3;21;6;2;0;7;2;1;0;0;0;0;0;1;803342,1793;5830064,206;13,47343;52,536
17721;193371;11;5;5010101;2019;3;15;2;3;6;2;0;0;1;1;0;0;0;0;785242,9911;5832253,088;13,20921;52,5654
17722;193372;11;7;7030303;2019;3;18;6;3;5;2;1;1;1;0;0;0;0;1;794985,5787;5822319,453;13,34373;52,47116
17723;193373;11;9;9020801;2019;3;15;2;3;2;6;0;0;1;0;0;0;0;1;809728,9225;5820798,599;13,55869;52,44937
17724;193374;11;4;4030725;2019;3;23;6;3;2;6;2;0;1;0;0;0;0;0;791299,1141;5826072,998;13,29289;52,50679
17725;193375;11;1;1011203;2019;3;20;6;2;6;2;2;0;1;1;0;0;0;1;797912,9562;5827374,924;13,39122;52,51489
17726;193376;11;8;8030829;2019;3;16;2;3;0;6;0;0;1;0;1;0;0;1;802702,0267;5818355,836;13,45339;52,43142
17727;193377;11;2;2030302;2019;3;21;6;3;5;3;2;1;1;0;0;0;0;0;800404,8964;5825792,815;13,4264;52,49934
17728;193378;11;11;11051331;2019;3;18;6;3;5;7;1;0;1;0;0;0;1;1;807364,2702;5825164,526;13,52802;52,48984
17729;193379;11;7;7070703;2019;3;16;6;3;0;3;0;1;0;0;0;0;1;0;799980,3808;5813236,745;13,4089;52,38703
17730;193380;11;11;11020412;2019;3;16;2;3;2;6;0;0;1;0;0;0;0;0;805020,5262;5831474,584;13,4994;52,5477
17731;193381;11;3;3050923;2019;3;16;6;3;2;6;1;0;1;0;1;0;0;1;800735,7457;5831799,798;13,43669;52,553
17732;193382;11;8;8010302;2019;3;15;6;3;5;3;0;1;1;0;0;0;0;1;801743,5588;5824293,78;13,44471;52,48517
17733;193383;11;12;12224230;2019;3;17;2;3;6;7;0;0;1;1;0;0;0;0;786407,7139;5837735,591;13,23109;52,61394
17734;193384;11;12;12214423;2019;3;15;6;3;2;6;0;0;1;0;0;0;0;1;792461,9549;5833301,191;13,31634;52,57097
17735;193385;11;2;2010103;2019;3;15;6;3;1;5;0;1;1;0;0;0;0;1;799662,7346;5825809,464;13,41552;52,4999
17736;193386;11;7;7010104;2019;3;20;5;3;2;6;2;0;1;0;0;0;0;1;796273,9481;5824924,293;13,36495;52,49382
17737;193387;11;1;1011301;2019;3;16;6;3;0;1;0;0;0;0;1;0;0;1;797314,0443;5829013,434;13,38388;52,5299
17738;193388;11;2;2020204;2019;3;17;2;2;5;2;0;1;1;0;0;0;0;0;798706,946;5824706,785;13,40049;52,49054
17739;193389;11;4;4020310;2019;3;1;6;2;9;1;2;0;1;0;0;0;0;1;790223,3292;5828157,307;13,2789;52,52605
17740;193390;11;3;3061430;2019;3;16;2;3;2;6;0;0;1;0;0;0;0;0;802542,1969;5829336,977;13,46101;52,52993
17741;193391;11;1;1011303;2019;3;1;6;2;5;2;2;1;1;0;0;0;0;1;799235,8031;5828467,756;13,41164;52,52396
17742;193392;11;9;9020702;2019;3;6;6;2;5;3;1;1;1;0;0;0;0;1;809466,6848;5819054,922;13,55323;52,4339
17743;193393;11;12;12214527;2019;3;13;2;2;0;4;0;0;0;1;0;0;1;1;790066,563;5835340,156;13,28288;52,59053
17744;193394;11;3;3010102;2019;3;9;6;3;0;1;0;0;0;0;1;0;0;1;805196,5748;5841110,637;13,51086;52,63397
17745;193395;11;4;4030623;2019;3;9;6;3;5;2;0;1;1;0;0;0;0;0;792918,575;5826769,19;13,3173;52,51217
17746;193396;11;4;4030623;2019;3;14;6;3;3;6;0;0;1;0;0;0;1;0;793664,889;5826369,838;13,32791;52,50818
17747;193397;11;1;1011303;2019;3;15;6;2;0;1;0;0;0;0;1;0;0;1;799622,7204;5827581,517;13,41652;52,51581
17748;193398;11;5;5020628;2019;3;11;2;3;5;2;0;0;1;0;0;0;0;1;783993,5385;5826853,358;13,18621;52,51764
17749;193399;11;11;11020412;2019;3;14;6;3;5;2;0;1;1;0;0;0;0;0;805724,6992;5831360,256;13,50964;52,54629
17750;193400;11;2;2030301;2019;4;15;5;3;6;4;0;0;1;1;0;0;0;0;799863,5622;5825853,946;13,41851;52,50019
17751;193401;11;4;4010102;2019;4;20;4;3;2;6;2;0;1;0;0;0;0;0;793185,2145;5830141,776;13,32419;52,54226
17752;193402;11;8;8010509;2019;4;7;5;3;5;3;0;0;1;0;1;0;0;0;803752,474;5822184,216;13,47228;52,46515