;OBJECTID;LAND;BEZ;LOR;UJAHR;UMONAT;USTUNDE;UWOCHENTAG;UKATEGORIE;UART;UTYP1;ULICHTVERH;IstRad;IstPKW;IstFuss;IstKrad;IstGkfz;IstSonstige;USTRZUSTAND;LINREFX;LINREFY;XGCSWGS84;YGCSWGS84
17962;193612;11;1;1022104;2019;4;17;3;3;6;4;0;1;0;1;0;0;0;0;794595,3594;5828452,249;13,34342;52,52635
17963;193613;11;11;11051331;2019;4;20;2;2;6;4;2;0;1;1;0;0;0;0;807316,1062;5824786,772;13,52697;52,48648
17964;193614;11;7;7070701;2019;4;10;2;3;5;2;0;1;0;0;0;1;0;0;799254,7145;5816248,93;13,40096;52,41443
17965;193615;11;2;2020204;2019;4;17;3;3;2;6;0;1;1;0;0;0;0;0;797886,542;5824886,242;13,3886;52,4926
17966;193616;11;4;4020311;2019;4;13;7;2;5;3;0;0;1;0;1;0;0;0;789010,6208;5827026,172;13,26009;52,51655
17967;193617;11;7;7040403;2019;4;12;3;3;5;3;0;0;1;0;0;0;0;0;797425,3103;5820942,286;13,37831;52,45749
17968;193618;11;1;1011302;2019;4;9;2;3;5;3;0;1;1;0;0;0;0;0;798590,0176;5828886,68;13,40252;52,52807
17969;193619;11;1;1033203;2019;4;18;3;3;2;6;0;1;1;0;0;0;0;0;796451,5614;5829959,54;13,37205;52,53885
17970;193620;11;4;4061757;2019;4;1;1;2;9;1;2;0;0;0;1;0;0;0;785774,6802;5825068,402;13,21086;52,50071
17971;193621;11;6;6040809;2019;4;12;3;3;5;3;0;0;1;0;1;0;0;0;791208,1286;5819689,592;13,28598;52,44961
17972;193622;11;3;3061429;2019;4;14;4;3;2;2;0;0;1;0;0;0;0;0;801704,6792;5830097,633;13,4494;52,53721
17973;193623;11;10;10020413;2019;4;9;2;3;5;3;0;1;1;0;0;0;0;0;811375,439;5831553,765;13,59289;52,54482
17974;193624;11;8;8010404;2019;4;11;3;3;6;4;0;0;1;1;0;0;0;0;802567,8446;5823054,332;13,45568;52,4736
17975;193625;11;8;8010118;2019;4;1;7;3;1;6;2;1;1;0;0;0;0;0;800773,2547;5822727,992;13,42905;52,47167
17976;193626;11;6;6020409;2019;4;11;3;3;5;3;0;0;1;0;0;0;0;0;794004,9187;5818143,132;13,32566;52,43425
17977;193627;11;5;5030730;2019;4;8;2;3;1;5;0;0;1;0;0;0;1;0;786049,4063;5829179,258;13,21843;52,53742
17978;193628;11;4;4020311;2019;4;10;3;3;5;3;0;0;1;0;0;0;0;0;789319,1483;5826829,795;13,26446;52,51463
17979;193629;11;7;7010102;2019;4;8;2;3;2;6;0;0;0;0;1;0;1;0;795953,15;5825369,649;13,36064;52,49798
17980;193630;11;1;1011303;2019;4;18;3;2;5;2;1;1;1;0;0;0;0;0;799111,8672;5828465,953;13,40981;52,52401
17981;193631;11;6;6010207;2019;4;11;6;3;1;5;0;1;1;0;0;0;1;0;793945,7622;5819587,701;13,32606;52,44723
17982;193632;11;1;1022102;2019;4;8;2;2;6;4;0;0;1;1;0;0;0;0;793452,5371;5828523,661;13,32669;52,52761
17983;193633;11;11;11030721;2019;4;20;3;3;5;3;2;1;1;0;0;0;0;0;805694,9833;5827907,782;13,50603;52,51536
17984;193634;11;4;4051652;2019;4;10;3;3;2;7;0;1;0;0;0;0;1;0;793448,1251;5824304,447;13,32291;52,48979
17985;193635;11;12;12214125;2019;4;20;5;3;5;3;2;0;1;0;0;0;0;0;791132,0912;5833989,038;13,29737;52,57785
17986;193636;11;2;2050803;2019;4;8;2;3;2;6;0;1;0;0;0;0;0;0;802514,4155;5826557,014;13,45808;52,50503
17987;193637;11;12;12103115;2019;4;21;3;3;5;2;2;0;1;0;0;0;0;0;795480,4557;5833415,283;13,36085;52,57036
17988;193638;11;1;1011401;2019;4;12;1;3;0;1;0;1;0;0;0;0;0;0;798211,6395;5829356,587;13,39738;52,53249
17989;193639;11;4;4030726;2019;4;10;3;3;3;6;0;1;1;0;0;0;0;0;792036,1492;5825773,688;13,30346;52,50371
17990;193640;11;9;9010402;2019;4;11;2;2;0;1;0;0;0;0;1;0;0;0;806379,367;5819836,918;13,50867;52,44264
17991;193641;11;12;12214424;2019;4;17;2;3;2;6;0;0;1;0;0;0;1;0;792639,6501;5832795,717;13,31851;52,56634
17992;193642;11;12;12224230;2019;4;9;3;3;3;6;0;0;1;0;0;0;0;0;786968,9414;5838319,123;13,23986;52,61888
17993;193643;11;1;1011306;2019;4;19;6;3;2;6;0;1;1;0;0;0;0;0;800211,4265;5826843,577;13,42451;52,50887
17994;193644;11;9;9010302;2019;3;18;1;3;5;3;0;0;1;0;0;0;0;0;803094,187;5820940,736;13,46149;52,45437
17995;193645;11;7;7010104;2019;4;21;3;3;5;2;2;1;1;0;0;0;0;0;796377,5754;5825236,689;13,36675;52,49656
17996;193646;11;1;1044101;2019;3;18;1;3;3;6;0;0;1;0;1;0;0;0;793687,0594;5832191,615;13,33338;52,56036
17997;193647;11;5;5030832;2019;4;13;3;3;2;6;0;0;1;0;0;0;0;0;789473,4467;5829287,152;13,26886;52,53658
17998;193648;11;1;1011302;2019;4;11;5;3;3;6;0;1;0;0;0;1;0;0;798845,456;5828565,208;13,40599;52,52505
17999;193649;11;12;12301206;2019;3;17;1;3;5;2;0;1;0;0;0;0;0;0;794207,2626;5838507,077;13,34664;52,61669
18000;193650;11;2;2050802;2019;4;22;3;3;5;7;2;1;1;0;0;0;0;0;802221,186;5827333,061;13,45448;52,51214
18001;193651;11;12;12214125;2019;3;17;1;3;2;2;0;0;1;0;0;0;0;0;791191,5785;5830904,403;13,29554;52,55016
18002;193652;11;1;1022206;2019;4;7;3;3;5;3;0;1;0;0;1;0;0;0;796119,6284;5828435,868;13,36581;52,52538
18003;193653;11;9;9020502;2019;3;15;1;3;6;4;0;0;0;1;0;0;1;0;807136,4147;5821887,061;13,52166;52,46059
18004;193654;11;7;7050503;2019;4;6;3;3;3;6;0;1;1;0;0;0;0;0;797966,447;5820453,83;13,38582;52,45282
18005;193655;11;12;12214527;2019;4;14;6;3;2;7;0;0;1;0;1;0;0;0;790181,307;5835149,479;13,2844;52,58876
18006;193656;11;1;1011401;2019;3;13;1;3;5;2;0;1;1;0;0;0;0;0;798114,4359;5829346,758;13,39595;52,53246
18007;193657;11;12;12214424;2019;4;13;3;3;0;6;0;0;1;0;0;0;1;0;793349,9062;5832401,187;13,32861;52,56242
18008;193658;11;3;3040818;2019;4;17;3;2;5;3;0;0;1;0;0;0;0;0;800188,5901;5834842,371;13,4314;52,58058
18009;193659;11;10;10020415;2019;4;17;5;3;6;4;0;0;1;1;0;0;0;0;812166,6672;5831031,303;13,60403;52,53969
18010;193660;11;12;12214422;2019;3;16;1;3;3;6;0;0;1;0;0;0;0;0;792217,8923;5833729,52;13,31312;52,57494
18011;193661;11;6;6030501;2019;4;11;3;2;6;4;0;0;1;1;0;0;0;0;787709,3991;5816953,529;13,23228;52,42693
18012;193662;11;1;1011203;2019;4;16;1;3;2;1;0;0;1;0;1;0;0;0;798105,2862;5827406,96;13,39407;52,51507
18013;193663;11;6;6010206;2019;4;22;3;2;6;2;2;0;1;1;0;0;0;0;794715,3906;5820068,772;13,33777;52,45113
18014;193664;11;4;4030931;2019;3;16;1;2;2;6;0;0;1;0;0;0;0;0;794024,5071;5825930,494;13,33281;52,50405
18015;193665;11;3;3050923;2019;3;1;1;3;6;4;2;0;1;1;0;0;0;0;800294,149;5832201,773;13,43056;52,55685
18016;193666;11;4;4051652;2019;4;9;3;3;1;5;0;1;1;0;0;0;1;0;793442,3269;5824131,256;13,32267;52,48824
18017;193667;11;5;5030832;2019;4;18;6;3;5;2;1;1;1;0;0;0;0;0;789916,2313;5829223,82;13,27532;52,53578
18018;193668;11;8;8010117;2019;3;0;1;3;3;6;2;0;1;0;0;0;0;0;800560,6233;5823299,078;13,42644;52,4769
18019;193669;11;4;4041343;2019;4;17;3;3;1;5;0;1;1;0;0;0;0;0;792728,5228;5822835;13,31105;52,477
18020;193670;11;5;5020419;2019;3;9;1;3;2;6;0;0;1;0;0;0;0;0;781976,7862;5828460,462;13,15793;52,5331
18021;193671;11;5;5020625;2019;4;20;3;3;0;1;2;1;0;0;0;0;0;0;784615,8185;5828385,928;13,19667;52,53106
18022;193672;11;8;8010509;2019;4;15;5;3;6;4;0;0;1;1;0;0;0;0;803926,6462;5822015,214;13,47468;52,46353
18023;193673;11;5;5020524;2019;3;11;1;3;5;3;0;1;1;0;0;0;0;0;782858,378;5826852,043;13,16952;52,51822
18024;193674;11;1;1011202;2019;4;17;3;3;0;1;0;1;0;0;0;0;0;0;797729,9195;5828158,655;13,38923;52,52202
18025;193675;11;2;2050801;2019;4;18;3;3;0;1;0;1;0;0;0;0;0;0;802167,1524;5827542,99;13,45387;52,51406
18026;193676;11;10;10010308;2019;4;9;5;3;5;2;0;1;1;0;0;0;0;0;806680,15;5829147,225;13,52165;52,52592
18027;193677;11;4;4030518;2019;3;12;1;3;5;2;0;0;1;0;0;0;0;0;791387,4637;5828587,468;13,29639;52,52929
18028;193678;11;3;3030406;2019;4;7;3;2;5;3;0;1;1;0;0;0;0;0;803224,5867;5838598,208;13,47951;52,61255
18029;193679;11;7;7050503;2019;4;18;7;2;5;3;0;1;1;0;0;0;0;0;799481,1328;5820508,321;13,40809;52,45248
18030;193680;11;7;7010104;2019;4;16;3;3;1;5;0;1;1;0;0;0;0;0;796331,6984;5825121,098;13,36598;52,49555
18031;193681;11;1;1011102;2019;4;16;3;3;5;2;0;0;1;0;1;0;0;0;796510,7689;5827614,387;13,37083;52,5178
18032;193682;11;1;1011202;2019;4;10;5;3;6;4;0;0;0;1;0;0;1;0;797694,95;5827848,279;13,38844;52,51925
18033;193683;11;5;5020625;2019;3;13;7;3;5;3;0;0;1;0;0;0;0;0;784518,1025;5828638,325;13,19545;52,53337
18034;193684;11;9;9020701;2019;4;16;3;3;5;2;0;1;1;0;0;0;0;0;808253,7967;5818811,915;13,53522;52,4324
18035;193685;11;1;1011302;2019;4;23;7;3;5;7;2;0;1;0;0;0;1;0;799065,2353;5828982,261;13,40959;52,52867
18036;193686;11;7;7060601;2019;4;16;3;3;0;6;0;0;1;0;0;0;1;0;796421,0704;5816580,246;13,35971;52,41894
18037;193687;11;3;3020203;2019;3;15;7;3;5;3;0;1;1;0;0;0;0;0;796494,0495;5839974,964;13,38163;52,62861
18038;193688;11;7;7040405;2019;4;15;3;3;5;2;0;1;1;0;0;0;0;0;799587,3403;5820836,566;13,40994;52,45537
18039;193689;11;12;12103218;2019;3;15;7;3;1;1;0;0;1;0;0;1;0;0;794276,9379;5832920,202;13,3427;52,56657
18040;193690;11;11;11030721;2019;4;15;3;2;6;4;0;0;1;1;0;0;0;0;803670,8997;5828632,259;13,47696;52,52298
18041;193691;11;1;1011301;2019;4;13;6;3;3;6;0;0;1;0;1;0;0;0;796873,1741;5828871,512;13,37728;52,52887
18042;193692;11;4;4030518;2019;4;14;3;2;6;4;0;0;1;1;0;0;0;0;791616,0798;5827959,22;13,2992;52,52353
18043;193693;11;4;4030415;2019;4;14;3;3;2;6;0;0;1;0;1;0;0;0;790665,3948;5827366,854;13,28471;52,51873
18044;193694;11;3;3061126;2019;3;14;7;3;5;3;0;1;0;0;0;0;0;0;799183,2068;5831331,857;13,41344;52,54966
18045;193695;11;8;8010509;2019;4;14;3;3;2;6;0;0;1;0;0;0;0;0;803645,9863;5822288,279;13,47081;52,46614
18046;193696;11;7;7050503;2019;4;16;5;3;5;2;0;0;1;0;1;0;0;0;798106,2261;5820487,974;13,3879;52,45305
18047;193697;11;7;7040401;2019;3;14;7;3;5;2;0;0;1;0;1;0;0;0;797163,1618;5823809,165;13,37702;52,48334
18048;193698;11;12;12103219;2019;4;14;3;3;5;2;0;0;1;0;0;0;1;0;795644,9498;5833009,388;13,36291;52,56663
18049;193699;11;11;11030721;2019;4;17;1;2;5;7;0;0;1;0;1;0;0;0;803449,3891;5828618,57;13,47369;52,52298
18050;193700;11;1;1011303;2019;4;14;3;3;5;2;0;1;1;0;0;0;0;0;799108,7869;5828466,04;13,40977;52,52402
18051;193701;11;2;2040501;2019;4;7;5;3;6;4;0;0;1;1;0;0;0;0;800494,8358;5828606,774;13,43026;52,52452
18052;193702;11;3;3020210;2019;3;14;7;3;2;2;0;0;1;0;0;0;0;0;799315,5294;5835982,128;13,41958;52,59127
18053;193703;11;2;2020203;2019;4;13;3;3;0;1;0;1;0;0;0;0;1;0;797146,6935;5824492,513;13,37739;52,48947
18054;193704;11;4;4051652;2019;4;16;7;3;1;5;0;1;1;0;0;0;0;0;793452,0574;5824383;13,32303;52,49049
18055;193705;11;12;12214527;2019;4;13;3;3;5;2;0;0;1;0;0;0;0;0;789906,2212;5835692,762;13,28083;52,59378
18056;193706;11;7;7070705;2019;3;14;7;2;5;2;0;1;1;0;0;0;0;0;798540,5011;5814419,384;13,38885;52,39842
18057;193707;11;3;3040614;2019;4;13;3;3;5;2;0;0;0;0;1;0;1;0;799456,8781;5833930,499;13,41981;52,5728
18058;193708;11;6;6020305;2019;3;13;7;2;0;5;0;0;0;0;1;0;1;0;795994,6379;5817763,885;13,3545;52,42978
18059;193709;11;7;7020203;2019;4;13;3;3;1;5;0;1;1;0;0;0;0;0;795659,6885;5824475,521;13,35553;52,49013
18060;193710;11;2;2010103;2019;4;7;6;3;0;2;0;1;1;0;0;0;0;0;799229,3584;5825987,368;13,40931;52,50173
18061;193711;11;11;11030618;2019;3;13;7;3;1;5;0;0;1;0;0;0;0;0;803824,6896;5828975,06;13,47953;52,52597
18062;193712;11;11;11030720;2019;4;15;2;3;0;1;0;1;0;0;0;0;0;0;804438,3892;5829083,873;13,48865;52,5266
18063;193713;11;3;3071536;2019;4;23;2;3;5;2;2;1;0;0;0;0;0;0;799148,4138;5829204,802;13,41102;52,53062
18064;193714;11;8;8030829;2019;3;13;7;3;2;6;0;0;1;0;0;0;0;0;802853,7298;5818684,186;13,45592;52,43427
18065;193715;11;3;3010104;2019;4;15;2;3;2;6;0;0;1;0;0;0;0;0;800837,0166;5838746,425;13,44449;52,61521
18066;193716;11;12;12214125;2019;3;13;7;2;5;3;0;1;1;0;0;0;0;0;791908,1241;5831508,141;13,30661;52,55519
18067;193717;11;3;3040614;2019;4;15;2;3;6;2;0;0;1;1;0;0;0;0;798915,7475;5833763,205;13,4117;52,5716
18068;193718;11;10;10020414;2019;4;16;6;2;6;4;0;0;1;1;0;0;0;0;812207,8375;5830677,245;13,6043;52,53649
18069;193719;11;10;10010102;2019;3;12;7;3;6;4;0;0;1;1;0;0;0;0;810203,4735;5833403,617;13,57739;52,56207
18070;193720;11;5;5010101;2019;4;17;2;3;5;3;0;1;1;0;0;0;0;0;785264,6124;5831584,788;13,20895;52,5594
18071;193721;11;7;7040401;2019;4;14;2;3;6;4;0;0;1;1;0;0;0;0;797283,0273;5823252,853;13,37828;52,47828
18072;193722;11;12;12103115;2019;4;14;5;3;1;5;0;0;1;0;1;0;0;0;795367,1514;5833921,721;13,35963;52,57496
18073;193723;11;2;2020203;2019;3;8;7;2;5;2;0;0;1;0;0;0;0;0;797122,075;5823997,437;13,37658;52,48505
18074;193724;11;1;1022205;2019;4;15;2;3;2;7;0;0;1;0;0;0;0;0;795519,4884;5828343,361;13,35691;52,52487
18075;193725;11;3;3040614;2019;4;15;1;3;0;2;0;1;1;0;0;0;0;0;799982,7569;5835096,756;13,4286;52,58297
18076;193726;11;8;8010301;2019;4;8;2;3;5;3;0;1;1;0;0;0;0;0;800518,654;5824464,318;13,42687;52,48737
18077;193727;11;12;12302108;2019;3;8;7;3;1;1;0;0;1;0;0;0;0;0;793996,6908;5836677,648;13,34191;52,60041
18078;193728;11;7;7040405;2019;3;7;7;2;6;2;0;0;0;1;0;0;1;0;798895,1843;5821221,509;13,40013;52,4592
18079;193729;11;4;4010101;2019;4;22;2;3;5;2;2;0;1;0;0;0;0;0;791287,3535;5830682,786;13,29676;52,54812
18080;193730;11;6;6040701;2019;4;11;7;2;5;2;0;1;1;0;0;0;0;0;779429,8994;5815040,975;13,10924;52,41408
18081;193731;11;3;3050925;2019;4;21;2;3;3;6;2;1;1;0;0;0;0;0;802268,288;5831574,409;13,45902;52,55013
18082;193732;11;3;3061131;2019;3;8;7;3;0;1;0;1;0;0;0;0;0;0;798806,5504;5831276,55;13,40785;52,54937
18083;193733;11;8;8020622;2019;4;20;2;3;6;7;2;0;1;1;0;0;0;0;802005,955;5820022,601;13,44469;52,44674
18084;193734;11;5;5020626;2019;3;13;7;3;0;1;0;0;0;0;1;0;0;0;784768,5903;5827092,844;13,19781;52,51938
18085;193735;11;2;2010103;2019;4;20;2;3;6;2;2;0;1;1;0;0;0;0;799843,2973;5825766,272;13,41813;52,49941
18086;193736;11;4;4051448;2019;4;19;6;3;4;5;1;1;0;0;0;0;0;0;794268,6378;5825046,108;13,33561;52,49599
18087;193737;11;7;7010102;2019;3;0;7;3;5;3;2;0;1;0;0;0;0;0;794957,801;5825654,373;13,34627;52,50107
18088;193738;11;2;2010102;2019;4;20;2;3;2;6;2;0;1;0;1;0;0;0;798365,9502;5825560,792;13,39625;52,49838
18089;193739;11;8;8010405;2019;4;19;2;3;2;7;1;0;1;0;1;0;0;0;801805,2113;5823989,635;13,44534;52,48241
18090;193740;11;5;5010311;2019;4;17;5;3;2;6;0;0;1;0;0;0;0;0;786227,6428;5830462,948;13,22215;52,54883
18091;193741;11;2;2030302;2019;3;15;7;3;0;4;0;1;0;1;0;0;0;0;800745,2632;5825821,399;13,43143;52,49941
18092;193742;11;1;1022206;2019;4;18;2;3;5;2;0;0;1;0;1;0;0;0;796122,0213;5828428,873;13,36584;52,52531
18093;193743;11;4;4051655;2019;4;19;1;3;6;2;2;0;1;1;0;0;0;0;794000,7785;5824043,812;13,33079;52,48715
18094;193744;11;11;11020514;2019;4;18;2;3;5;2;0;1;1;0;0;0;0;0;804550,7888;5830582,598;13,49167;52,53997
18095;193745;11;11;11030619;2019;3;15;7;3;2;2;0;0;1;0;0;0;0;0;803546,2607;5829751,574;13,47615;52,53309
18096;193746;11;9;9020802;2019;4;17;2;3;2;6;0;0;1;0;0;1;0;0;810040,1358;5819480,675;13,56203;52,43739
18097;193747;11;12;12304314;2019;4;12;5;3;5;2;0;0;1;0;0;0;1;0;790683,9355;5835383,35;13,292;52,59059
18098;193748;11;4;4030725;2019;4;16;2;3;2;6;0;0;1;0;0;0;0;0;791373,7673;5826081,664;13,294;52,50683
18099;193749;11;9;9041501;2019;3;15;7;3;5;3;0;1;1;0;0;0;0;0;810794,6985;5820328,302;13,57388;52,44455
18100;193750;11;2;2020206;2019;4;8;2;3;3;6;0;0;1;0;0;0;0;0;800010,7501;5824455,637;13,41941;52,48757
18101;193751;11;3;3061332;2019;4;12;1;3;2;6;0;1;1;0;0;0;0;0;799394,2247;5830824,059;13,41609;52,545
18102;193752;11;1;1011105;2019;4;8;2;3;5;3;0;1;1;0;0;0;0;0;796640,8219;5826649,78;13,37188;52,50908
18103;193753;11;10;10020412;2019;3;15;7;3;5;2;0;0;1;0;0;0;0;0;811351,0449;5831955,948;13,59291;52,54844
18104;193754;11;2;2020206;2019;3;16;7;3;5;7;0;0;1;0;0;0;0;0;800283,9088;5824377,608;13,42335;52,48672
18105;193755;11;4;4030931;2019;4;8;2;3;5;2;0;1;0;0;1;0;0;0;794465,0626;5825854,221;13,33921;52,50313
18106;193756;11;2;2050602;2019;4;14;7;3;0;3;0;0;1;0;1;0;0;0;803001,5844;5828275,934;13,4668;52,52016
18107;193757;11;3;3061228;2019;4;8;2;3;2;6;0;0;1;0;0;0;0;0;800464,0055;5830781,81;13,43178;52,54403
18108;193758;11;9;9020601;2019;3;16;7;3;2;6;0;0;1;0;0;0;1;0;805936,0095;5821845,412;13,50401;52,46089
18109;193759;11;9;9051801;2019;4;7;2;3;2;6;0;0;1;0;0;0;0;0;819184,6136;5819992,012;13,69659;52,43671
18110;193760;11;1;1044202;2019;3;20;7;3;6;2;2;0;1;1;0;0;0;0;794894,3661;5830254,571;13,34942;52,54234
18111;193761;11;2;2050802;2019;4;7;2;3;6;7;0;1;0;1;0;0;0;0;802190,3607;5826878,584;13,45361;52,50809
18112;193762;11;11;11030618;2019;4;14;6;3;0;7;0;0;1;0;0;0;0;0;802642,3177;5829357,635;13,4625;52,53006
18113;193763;11;12;12302108;2019;3;21;7;3;5;3;2;0;1;0;0;0;0;0;794480,9087;5837096,108;13,34941;52,6039
18114;193764;11;1;1011202;2019;4;8;2;3;2;6;0;1;1;0;0;0;0;0;797205,9045;5827497,087;13,38094;52,51637
18115;193765;11;3;3061227;2019;4;9;2;3;5;3;0;0;1;0;0;0;0;0;800112,7011;5831694,542;13,42744;52,5524
18116;193766;11;7;7060602;2019;4;17;5;2;0;7;0;1;0;0;0;0;0;0;797325,1638;5817266,872;13,37357;52,4246
18117;193767;11;1;1044103;2019;3;21;7;3;1;5;2;1;1;0;0;0;0;0;794771,4841;5830388,014;13,34773;52,54361
18118;193768;11;2;2040701;2019;4;10;2;3;5;3;0;0;1;0;0;0;0;0;800585,7312;5827025,55;13,43017;52,51029
18119;193769;11;6;6020411;2019;4;18;7;3;6;4;0;0;1;1;0;0;0;0;793720,043;5816402,912;13,31995;52,4188
18120;193770;11;1;1011301;2019;4;10;2;3;5;3;0;0;1;0;0;0;0;0;796964,9112;5828855,81;13,37861;52,52868
18121;193771;11;9;9010101;2019;3;14;7;3;2;6;0;1;1;0;1;0;0;0;802430,4446;5824668,286;13,45513;52,48814
18122;193772;11;2;2050801;2019;3;21;7;3;0;7;2;1;0;0;0;0;0;0;803207,6682;5826818,079;13,4685;52,50698
18123;193773;11;4;4020311;2019;4;10;2;3;5;3;0;0;1;0;0;0;0;0;789490,0713;5826785,036;13,26693;52,51414
18124;193774;11;2;2010104;2019;4;14;6;3;5;2;0;0;1;0;0;0;0;0;799071,3187;5825609,358;13,40665;52,49843
18125;193775;11;10;10010308;2019;4;11;2;3;2;6;0;0;1;0;0;0;0;0;806524,8745;5829350,305;13,51955;52,52782
18126;193776;11;3;3061332;2019;3;20;7;3;0;1;2;1;0;0;0;0;0;0;799258,9079;5830528,125;13,41383;52,54242
18127;193777;11;1;1022202;2019;4;12;2;3;2;6;0;0;1;0;1;0;0;0;795676,849;5829721,148;13,36045;52,53714
18128;193778;11;4;4041137;2019;4;22;6;2;2;6;2;0;1;0;0;0;0;0;791895,0435;5823949,254;13,29979;52,48743
18129;193779;11;8;8010213;2019;4;13;2;3;6;7;0;0;1;1;0;0;0;0;801048,8665;5822344,462;13,43275;52,46808
18130;193780;11;7;7020203;2019;3;11;7;3;5;3;0;0;1;0;0;0;1;0;795970,8943;5824531,299;13,36015;52,49046
18131;193781;11;5;5020625;2019;4;12;2;3;5;3;0;0;1;0;0;0;0;0;783814,9115;5828690,411;13,18515;52,5342
18132;193782;11;2;2040703;2019;3;23;6;3;5;7;2;1;1;0;0;0;0;0;801705,4775;5826158,034;13,44583;52,5019
18133;193783;11;8;8010301;2019;4;12;2;3;2;2;0;0;1;0;0;0;1;0;800666,8535;5824389,872;13,42898;52,48662
18134;193784;11;6;6010101;2019;4;11;5;3;5;2;0;0;1;0;0;0;0;0;793315,148;5820744,511;13,31782;52,45794
18135;193785;11;2;2020206;2019;3;9;6;3;1;7;0;0;1;0;0;0;0;0;799726,7438;5824717,269;13,41547;52,49007
18136;193786;11;10;10030724;2019;4;15;2;3;5;3;0;1;1;0;0;0;0;0;808578,3683;5829002,418;13,54941;52,52355
18137;193787;11;3;3061332;2019;4;15;2;3;1;5;0;1;1;0;0;0;0;0;800026,9729;5830790,292;13,42536;52,54434
18138;193788;11;2;2030402;2019;4;10;5;3;2;6;0;0;1;0;1;0;0;0;801792,2393;5825783,079;13,44677;52,49849
18139;193789;11;4;4041241;2019;3;13;6;3;5;2;0;1;0;0;0;0;1;0;791278,3815;5822043,146;13,28906;52,47067
18140;193790;11;11;11010204;2019;4;15;2;3;5;3;0;1;1;0;0;0;0;0;806923,9717;5834059,826;13,52977;52,5698
18141;193791;11;1;1022103;2019;4;19;7;3;5;3;1;0;1;0;0;0;0;0;794422,6183;5829391,563;13,34172;52,53486
18142;193792;11;4;4041241;2019;4;15;2;3;1;5;0;1;1;0;0;0;0;0;791578,7929;5822623,524;13,29398;52,47572
18143;193793;11;7;7060604;2019;3;12;6;3;2;2;0;0;1;0;0;0;0;0;797598,0063;5815556,343;13,37605;52,40912
18144;193794;11;8;8010213;2019;4;16;2;3;1;5;0;1;1;0;0;0;0;0;800916,6356;5822459,579;13,43091;52,46918
18145;193795;11;7;7030301;2019;3;12;6;3;5;3;0;1;1;0;0;0;0;0;794246,8671;5822018,816;13,33262;52,46887
18146;193796;11;8;8010301;2019;4;11;6;3;5;3;0;0;1;0;0;0;1;0;800559,9954;5825043,006;13,428;52,49254
18147;193797;11;4;4020310;2019;4;18;4;3;6;4;0;1;0;1;0;0;0;0;790326,5635;5827297,479;13,27967;52,51829
18148;193798;11;2;2010104;2019;4;15;5;3;5;2;0;0;1;0;0;0;0;0;799067,5829;5825599,892;13,40659;52,49835
18149;193799;11;1;1033102;2019;4;13;1;3;6;4;0;0;1;1;0;0;0;0;797709,2849;5831761,627;13,39215;52,55432
18150;193800;11;5;5040936;2019;4;15;4;2;0;2;0;0;0;0;0;0;1;0;781558,2863;5819636,169;13,14432;52,45419
18151;193801;11;10;10040933;2019;4;19;4;3;5;2;0;1;1;0;0;0;0;0;812486,4973;5824890,536;13,60296;52,48447
18152;193802;11;4;4030827;2019;4;9;4;3;3;6;0;1;1;0;0;0;0;0;792658,5954;5826096,791;13,31289;52,50628
18153;193803;11;1;1011401;2019;4;10;7;2;0;1;0;1;0;0;0;0;0;0;798231,9458;5829359,295;13,39768;52,5325
18154;193804;11;5;5010208;2019;4;17;6;3;5;2;0;1;0;0;0;0;1;0;783981,3829;5830108,287;13,18881;52,54683
18155;193805;11;2;2050802;2019;4;15;6;3;6;7;0;1;0;1;0;0;0;0;801974,9288;5826927,588;13,45049;52,50865
18156;193806;11;8;8010212;2019;4;16;6;3;2;6;0;0;1;0;0;0;0;0;801157,5405;5823536,887;13,43542;52,47871
18157;193807;11;9;9041501;2019;4;13;6;3;0;7;0;1;0;0;0;0;0;0;811054,2938;5820256,887;13,57762;52,44377
18158;193808;11;4;4030415;2019;4;14;6;3;2;6;0;0;1;0;0;0;0;0;790808,2101;5827385,079;13,28683;52,51882
18159;193809;11;5;5010206;2019;4;11;6;3;5;3;0;1;1;0;0;0;0;0;782133,9344;5829921,89;13,16148;52,54612
18160;193810;11;9;9051701;2019;4;10;6;2;0;6;0;0;1;0;1;0;0;0;812192,7213;5821359,76;13,59535;52,453
18161;193811;11;7;7040404;2019;4;8;6;3;9;1;0;0;1;0;0;0;0;0;796917,6733;5820257,804;13,37025;52,45163
18162;193812;11;4;4030620;2019;4;9;6;3;5;7;0;0;1;0;0;0;0;0;791783,1876;5827471,407;13,30123;52,51907
18163;193813;11;4;4030623;2019;4;12;6;3;3;6;0;0;1;0;1;0;0;0;793261,6879;5826955,057;13,3225;52,51365
18164;193814;11;5;5030731;2019;4;14;6;3;2;2;0;0;1;0;0;0;0;0;787003,184;5829462,042;13,2327;52,53945
18165;193815;11;4;4041344;2019;4;14;6;3;0;1;0;1;0;0;0;0;0;0;792711,171;5821801,363;13,30989;52,46774
18166;193816;11;4;4020204;2019;4;11;6;3;0;1;0;0;0;0;1;0;0;0;787112,2678;5826167,416;13,23145;52,50986
18167;193817;11;1;1011303;2019;4;16;6;3;6;2;0;1;0;1;0;0;0;0;798956,3708;5827843,358;13,40697;52,51852
18168;193818;11;4;4020310;2019;4;16;6;2;5;3;0;0;1;0;0;0;0;0;789850,3949;5827403,754;13,27277;52,51949
18169;193819;11;7;7040401;2019;4;14;4;2;5;3;0;1;1;0;0;0;0;0;797838,339;5822536,493;13,3858;52,47156
18170;193820;11;7;7030303;2019;4;17;6;3;3;2;0;1;0;0;0;0;1;0;795892,0688;5820833,479;13,35572;52,45735
18171;193821;11;3;3061429;2019;4;17;6;2;1;5;0;1;1;0;0;0;0;0;801873,9557;5830359,741;13,45212;52,53947