;OBJECTID;LAND;BEZ;LOR;UJAHR;UMONAT;USTUNDE;UWOCHENTAG;UKATEGORIE;UART;UTYP1;ULICHTVERH;IstRad;IstPKW;IstFuss;IstKrad;IstGkfz;IstSonstige;USTRZUSTAND;LINREFX;LINREFY;XGCSWGS84;YGCSWGS84
18172;193822;11;12;12214125;2019;4;18;6;3;2;6;0;0;1;0;0;0;0;0;791205,9618;5830828,227;13,29569;52,54947
18173;193823;11;4;4030931;2019;4;20;6;3;2;6;2;0;1;0;0;0;0;0;794399,4293;5825883,582;13,33827;52,50343
18174;193824;11;8;8010301;2019;4;17;6;3;5;7;0;0;1;0;0;0;0;0;801459,0406;5823878,483;13,44015;52,4816
18175;193825;11;4;4020313;2019;4;18;6;3;0;1;0;1;0;0;0;0;0;0;790414,909;5825962,641;13,2798;52,50627
18176;193826;11;12;12214527;2019;4;15;5;3;0;1;0;1;0;0;0;0;0;0;790460,3261;5834734,95;13,28814;52,58489
18177;193827;11;8;8010117;2019;4;19;5;3;6;4;0;1;0;1;0;0;0;0;800642,6455;5823060,643;13,42743;52,47472
18178;193828;11;1;1011101;2019;4;16;5;3;0;2;0;1;1;0;0;0;0;0;795258,056;5826615,301;13,35153;52,50952
18179;193829;11;2;2010104;2019;4;20;5;3;6;4;2;0;0;1;1;0;0;0;799782,8324;5825716,02;13,4172;52,499
18180;193830;11;9;9041601;2019;4;14;5;3;2;2;0;1;0;0;0;0;1;0;816417,845;5817579,791;13,65374;52,4167
18181;193831;11;12;12301203;2019;4;20;5;3;1;5;1;0;1;0;1;0;0;0;792953,42;5835394,873;13,32542;52,58947
18182;193832;11;11;11041128;2019;4;20;5;3;1;5;1;0;1;0;1;0;0;0;806724,8294;5825651,509;13,51908;52,49456
18183;193833;11;9;9051901;2019;4;14;5;3;5;5;0;1;1;0;0;0;0;0;810116,9392;5821605,098;13,56513;52,45638
18184;193834;11;10;10020416;2019;4;5;5;3;5;7;0;0;1;0;1;0;0;0;813441,4219;5831116,771;13,62284;52,53972
18185;193835;11;4;4030931;2019;4;20;5;2;5;7;0;0;1;0;1;0;0;0;793932,868;5826057,131;13,33157;52,50524
18186;193836;11;6;6010209;2019;4;19;5;3;5;3;1;1;1;0;0;0;0;0;794553,8098;5821399,32;13,33658;52,46315
18187;193837;11;10;10010203;2019;4;12;5;3;5;2;0;0;1;0;0;0;0;0;807605,3616;5832376,671;13,53823;52,55434
18188;193838;11;8;8020625;2019;4;12;5;3;6;4;0;0;1;1;0;0;0;0;802375,9257;5818955,988;13,44915;52,43697
18189;193839;11;1;1033102;2019;4;11;5;3;6;7;0;0;0;1;0;0;1;0;797128,322;5831826,11;13,38367;52,55522
18190;193840;11;2;2030301;2019;4;19;5;3;5;3;0;1;1;0;0;0;0;0;800118,4228;5825756,993;13,42216;52,49918
18191;193841;11;6;6020409;2019;4;19;5;3;2;6;1;0;1;0;0;0;0;0;793091,2876;5816614,941;13,31092;52,42104
18192;193842;11;2;2050601;2019;4;18;5;3;6;2;0;0;1;1;0;0;0;0;801889,2795;5828453,941;13,45062;52,52238
18193;193843;11;4;4051655;2019;4;18;5;3;5;3;0;1;1;0;0;0;0;0;794185,3726;5823227,397;13,33278;52,47973
18194;193844;11;2;2050601;2019;4;18;5;3;5;2;0;1;1;0;0;0;0;0;801865,7288;5828983,034;13,45075;52,52713
18195;193845;11;1;1011302;2019;4;10;5;3;4;6;0;1;0;0;0;0;1;0;798332,0689;5828366,856;13,39827;52,52355
18196;193846;11;12;12302110;2019;4;8;5;3;5;2;0;1;1;0;0;0;0;0;794819,992;5836297,618;13,3537;52,59656
18197;193847;11;1;1022204;2019;4;7;5;3;1;5;0;1;1;0;0;0;0;0;795020,9757;5828260,299;13,34951;52,5244
18198;193848;11;5;5010314;2019;4;5;5;3;2;7;0;0;0;0;1;0;1;0;784866,796;5829227,986;13,20108;52,53848
18199;193849;11;12;12103115;2019;4;12;5;3;5;2;0;0;1;0;0;0;0;0;795338,2143;5833841,185;13,35914;52,57425
18200;193850;11;5;5030730;2019;4;12;5;3;2;6;0;0;1;0;0;0;0;0;786643,6379;5829241,32;13,22722;52,53766
18201;193851;11;1;1011301;2019;4;11;5;3;0;1;0;1;0;0;0;0;0;0;797225,8584;5829070,62;13,38264;52,53047
18202;193852;11;6;6030609;2019;4;4;5;3;1;1;2;1;1;0;0;0;0;0;792993,0479;5819674,58;13,31216;52,44852
18203;193853;11;3;3030715;2019;4;17;5;3;5;2;0;0;1;0;1;0;0;0;801170,9737;5833190,975;13,44436;52,56523
18204;193854;11;1;1033102;2019;4;17;5;3;2;6;0;0;1;0;0;0;0;0;797004,6179;5831478,192;13,38154;52,55217
18205;193855;11;1;1011103;2019;4;16;5;3;0;6;0;0;1;0;0;0;1;0;795290,0221;5826132,728;13,35158;52,50518
18206;193856;11;9;9010101;2019;4;16;5;3;5;2;0;1;1;0;0;0;0;0;802326,4527;5825310,554;13,45419;52,49396
18207;193857;11;1;1011201;2019;4;15;5;3;5;3;0;1;1;0;0;0;0;0;797157,7267;5826452,482;13,3793;52,50703
18208;193858;11;4;4051448;2019;4;15;5;3;2;2;0;0;1;0;0;0;1;0;793473,5461;5824731,684;13,32366;52,4936
18209;193859;11;5;5010311;2019;4;15;5;3;2;6;0;0;1;0;0;0;0;0;785217,0001;5831058,045;13,2078;52,5547
18210;193860;11;4;4051549;2019;4;15;5;3;5;7;0;0;1;0;0;0;0;0;793316,0111;5823617,992;13,32036;52,4837
18211;193861;11;5;5020523;2019;4;14;5;3;5;3;0;0;1;0;0;0;0;0;782797,0484;5827821,202;13,16945;52,52694
18212;193862;11;7;7040405;2019;4;14;5;3;5;2;0;0;1;0;0;0;0;0;799131,16;5821712,84;13,40403;52,46347
18213;193863;11;10;10030724;2019;4;17;4;3;2;3;0;1;1;0;0;0;0;0;809637,9877;5829697,958;13,56562;52,52918
18214;193864;11;6;6040810;2019;4;17;4;3;1;1;0;1;1;0;0;0;0;0;792132,057;5821042,948;13,30072;52,46125
18215;193865;11;1;1044201;2019;4;9;4;3;3;6;0;0;1;0;0;1;0;0;796554,672;5831927,042;13,37532;52,55644
18216;193866;11;1;1011302;2019;4;12;4;3;6;7;0;0;1;1;0;0;0;0;798341,0118;5828577,825;13,39859;52,52544
18217;193867;11;1;1033102;2019;4;19;4;3;0;1;0;0;1;0;1;0;0;0;797647,6274;5831884,789;13,39136;52,55546
18218;193868;11;1;1011401;2019;4;23;4;3;1;5;2;1;1;0;0;0;0;0;797729,8446;5829250,077;13,39021;52,5318
18219;193869;11;6;6020409;2019;4;23;4;3;8;1;2;0;1;0;0;0;0;0;793294,6211;5817692,842;13,31484;52,4306
18220;193870;11;3;3040512;2019;4;22;4;3;5;3;2;0;1;0;0;0;0;0;795969,0776;5835562,637;13,36995;52,58934
18221;193871;11;6;6040701;2019;4;22;4;3;0;1;2;1;0;0;0;0;0;0;782829,8901;5817441,992;13,16113;52,43386
18222;193872;11;5;5020415;2019;4;22;4;2;5;3;2;0;1;0;0;0;1;0;780036,557;5829199,348;13,13002;52,54072
18223;193873;11;12;12302109;2019;4;20;4;3;6;7;1;0;1;1;0;0;0;0;794968,8251;5836428,042;13,356;52,59764
18224;193874;11;4;4020314;2019;4;20;4;3;3;2;2;0;0;0;1;1;0;0;790383,03;5825664,354;13,27908;52,50362
18225;193875;11;5;5010312;2019;4;18;4;3;2;6;0;0;1;0;0;0;0;0;785433,3284;5829253,368;13,20943;52,53841
18226;193876;11;1;1044103;2019;4;11;4;3;1;7;0;1;1;0;0;0;0;0;794973,7022;5831001,123;13,35125;52,54899
18227;193877;11;9;9020802;2019;4;10;4;3;5;3;0;1;1;0;0;0;0;0;810257,8182;5820349,139;13,56603;52,44505
18228;193878;11;7;7070701;2019;4;10;4;3;5;2;0;0;1;0;0;0;0;0;799261,0663;5816265,428;13,40106;52,41457
18229;193879;11;3;3071638;2019;4;10;4;3;3;6;0;1;1;0;0;0;0;0;799671,5188;5829003,721;13,41852;52,52853
18230;193880;11;4;4030931;2019;4;17;4;3;6;7;0;1;0;0;0;0;1;0;794091,1486;5825975,756;13,33382;52,50442
18231;193881;11;5;5030833;2019;4;9;4;3;2;6;0;0;1;0;0;0;1;0;788063,4283;5829187,952;13,24805;52,53644
18232;193882;11;9;9010301;2019;4;9;4;3;5;3;0;1;1;0;0;0;0;0;805091,5655;5822807,704;13,4925;52,46999
18233;193883;11;2;2030301;2019;4;9;4;3;6;4;0;1;0;1;0;0;0;0;800008,7156;5825473,508;13,4203;52,4967
18234;193884;11;2;2050801;2019;4;9;4;3;3;6;0;1;0;0;1;0;0;0;802448,0545;5827415,09;13,45788;52,51275
18235;193885;11;5;5020625;2019;4;8;4;3;2;6;0;0;1;0;0;0;0;0;783705,3133;5828528,589;13,1834;52,53281
18236;193886;11;3;3050920;2019;4;8;4;3;5;3;0;0;1;0;0;0;1;0;802185,5057;5832421,73;13,45858;52,55777
18237;193887;11;5;5010101;2019;4;16;4;3;6;7;0;0;1;1;0;0;0;0;785662,7132;5831751,841;13,21495;52,56069
18238;193888;11;3;3020209;2019;4;7;4;3;0;3;0;0;1;0;1;0;0;0;797872,5035;5836024,766;13,39838;52,59245
18239;193889;11;1;1044201;2019;4;12;4;3;5;3;0;1;1;0;0;0;0;0;796218,369;5831514,633;13,37001;52,55292
18240;193890;11;11;11030721;2019;4;9;4;2;5;3;0;0;1;0;1;0;0;0;804838,8951;5827755,761;13,49332;52,51448
18241;193891;11;3;3040512;2019;4;13;4;3;8;1;0;0;1;0;0;0;0;0;797092,3363;5835720,109;13,38663;52,59014
18242;193892;11;1;1044103;2019;4;13;4;3;6;4;0;1;0;1;0;0;0;0;794861,4129;5830994,969;13,34959;52,549
18243;193893;11;11;11010102;2019;4;14;4;3;2;2;0;1;1;0;0;0;0;0;806143,781;5834855,405;13,51903;52,57737
18244;193894;11;10;10040933;2019;4;14;4;3;5;3;0;0;1;0;0;1;0;0;811683,7195;5824681,056;13,59098;52,48306
18245;193895;11;9;9041601;2019;4;15;4;3;4;6;0;0;1;0;0;1;0;0;818727,9335;5818694,854;13,68866;52,42535
18246;193896;11;7;7040401;2019;4;15;4;3;2;6;0;0;1;0;0;0;0;0;797461,589;5823763,466;13,38136;52,48276
18247;193897;11;4;4051445;2019;4;15;4;3;5;3;0;0;1;0;1;0;0;0;792314,7918;5824573,167;13,3065;52,4928
18248;193898;11;1;1011302;2019;4;15;4;3;5;2;0;1;1;0;0;0;0;0;797990,1738;5828910,737;13,39373;52,52861
18249;193899;11;5;5030731;2019;4;15;4;3;1;5;0;0;1;0;1;0;0;0;787554,3244;5829435,91;13,24078;52,53893
18250;193900;11;5;5010206;2019;4;16;4;2;2;1;0;0;1;0;1;0;0;0;781783,8897;5830638,81;13,15694;52,55273
18251;193901;11;2;2050803;2019;4;16;4;3;0;5;0;1;1;0;0;0;0;0;803234,7822;5826322,504;13,46845;52,50252
18252;193902;11;3;3071536;2019;4;16;4;3;6;4;0;1;0;1;0;0;0;0;798997,1663;5830065,102;13,40957;52,53841
18253;193903;11;9;9051901;2019;4;16;4;3;2;6;0;0;0;0;1;0;1;0;811136,233;5821575,68;13,58005;52,45554
18254;193904;11;8;8020620;2019;4;16;4;2;2;1;0;0;1;0;0;0;0;0;801291,0629;5820456,174;13,4346;52,45102
18255;193905;11;3;3050924;2019;4;16;4;3;0;1;0;1;0;0;0;0;0;0;801237,5179;5831577,507;13,44387;52,55073
18256;193906;11;5;5020628;2019;4;11;4;2;0;7;0;0;1;0;0;0;0;0;784130,9891;5827301,091;13,18861;52,52158
18257;193907;11;2;2010103;2019;4;16;3;3;0;5;0;0;1;0;1;0;0;0;798605,5167;5825607,377;13,39981;52,49867
18258;193908;11;2;2050601;2019;4;15;3;3;5;2;0;1;1;0;0;0;0;0;801870,3225;5829009,039;13,45084;52,52736
18259;193909;11;2;2050801;2019;4;18;3;3;5;3;0;0;1;0;0;0;0;0;803057,0611;5827448,395;13,46686;52,51271
18260;193910;11;9;9041501;2019;4;11;3;3;5;3;0;1;0;0;0;0;1;0;811055,3733;5820310,73;13,57769;52,44425
18261;193911;11;2;2020203;2019;4;9;3;3;5;2;0;1;1;0;0;0;0;0;797814,7878;5824933,508;13,38759;52,49306
18262;193912;11;2;2020206;2019;4;10;3;3;2;6;0;1;1;0;0;0;0;0;799990,001;5824728,659;13,41935;52,49003
18263;193913;11;1;1011301;2019;4;9;3;3;5;2;0;1;1;0;0;0;0;0;797550,5191;5828717,526;13,38709;52,52712
18264;193914;11;1;1033102;2019;4;8;3;3;6;6;0;1;0;1;0;0;0;0;797719,9416;5831257,736;13,39186;52,5498
18265;193915;11;1;1011202;2019;4;17;3;3;0;7;0;0;0;0;1;0;0;0;797529,4644;5827886,581;13,38604;52,51969
18266;193916;11;12;12214424;2019;4;20;3;3;2;6;2;0;1;0;0;0;0;0;792917,8099;5832171,397;13,32205;52,56059
18267;193917;11;11;11040926;2019;4;19;3;3;5;2;1;1;1;0;0;0;0;0;806684,9851;5826907,683;13,51966;52,50584
18268;193918;11;2;2020206;2019;4;10;3;3;6;4;0;1;0;1;0;0;0;0;800276,8459;5824801,021;13,42363;52,49052
18269;193919;11;12;12214421;2019;4;18;3;3;3;6;0;0;1;0;0;0;0;0;793537,9091;5834125,324;13,3329;52,57778
18270;193920;11;5;5010312;2019;4;7;3;3;2;6;0;0;1;0;0;0;0;0;785431,5019;5829253,576;13,20941;52,53841
18271;193921;11;10;10020414;2019;4;18;3;3;4;5;0;0;1;0;1;0;0;0;812038,1429;5830889,431;13,60201;52,53849
18272;193922;11;8;8010117;2019;4;18;3;3;5;3;0;1;1;0;0;0;0;0;800399,4711;5823335,403;13,42411;52,47732
18273;193923;11;2;2040503;2019;4;6;3;3;5;3;0;0;0;0;1;0;1;0;801723,7065;5828129,18;13,44789;52,51956
18274;193924;11;7;7030301;2019;4;18;3;3;2;6;0;0;1;0;0;0;0;0;793952,05;5822236,749;13,32848;52,47098
18275;193925;11;7;7010101;2019;4;9;3;3;5;2;0;1;1;0;0;0;0;0;794782,3337;5825696,723;13,34373;52,50155
18276;193926;11;2;2010101;2019;4;8;3;3;2;6;0;0;1;0;0;0;0;0;797770,0399;5826028,043;13,38791;52,5029
18277;193927;11;3;3061430;2019;4;3;3;2;5;2;2;0;1;0;1;0;0;0;802184,0535;5829413,744;13,45582;52,53081
18278;193928;11;12;12302110;2019;4;9;3;3;0;2;0;0;1;0;0;0;1;0;794902,641;5836310,745;13,35492;52,59663
18279;193929;11;2;2030401;2019;4;22;3;3;0;6;2;0;1;0;1;0;0;0;800134,0131;5825397,945;13,42207;52,49595
18280;193930;11;8;8010117;2019;4;21;3;3;5;2;2;1;1;0;0;0;0;0;800622,7614;5823114,628;13,42719;52,47522
18281;193931;11;7;7030301;2019;4;17;3;3;1;5;0;1;1;0;0;0;0;0;793481,9515;5822137,45;13,32149;52,47034
18282;193932;11;9;9010401;2019;4;16;3;3;3;6;0;0;1;0;1;0;0;0;806340,6309;5820990,562;13,50916;52,453
18283;193933;11;4;4051448;2019;4;16;3;3;1;5;0;1;1;0;0;0;0;0;794250,5038;5825274,788;13,33555;52,49805
18284;193934;11;7;7050505;2019;4;15;3;2;4;6;0;0;1;0;0;0;0;0;799373,3481;5819048,75;13,4052;52,43946
18285;193935;11;6;6010205;2019;4;14;3;3;3;6;0;0;1;0;0;1;0;0;796241,9056;5819640,87;13,35979;52,44647
18286;193936;11;9;9020802;2019;4;11;3;3;6;2;0;0;1;1;0;0;0;0;809789,4637;5820505,079;13,5593;52,44671
18287;193937;11;5;5020626;2019;4;11;3;3;2;6;0;0;1;0;0;0;0;0;783347,7053;5827675,091;13,17742;52,52534
18288;193938;11;2;2030401;2019;4;23;3;3;0;1;2;0;0;0;1;0;0;0;801498,2912;5825260,242;13,44198;52,49397
18289;193939;11;8;8010301;2019;4;14;2;3;1;5;0;1;0;0;0;0;1;0;800450,1554;5824498,861;13,4259;52,48772
18290;193940;11;1;1022206;2019;4;13;4;2;6;4;0;0;1;1;0;0;0;0;796333,491;5828573,513;13,36908;52,52649
18291;193941;11;4;4030623;2019;4;8;4;3;2;6;0;0;1;0;0;0;0;0;793312,8539;5827204,277;13,32347;52,51585
18292;193942;11;11;11030618;2019;4;15;2;3;6;7;0;0;0;1;0;0;1;0;803849,6385;5828805,57;13,47974;52,52444
18293;193943;11;1;1011306;2019;4;6;2;3;5;3;0;1;1;0;0;0;0;0;799778,4163;5826560,25;13,41789;52,50657
18294;193944;11;10;10030727;2019;4;5;2;3;5;3;1;1;1;0;0;0;0;0;809589,9459;5825056,92;13,5606;52,48761
18295;193945;11;2;2020205;2019;4;17;2;3;1;5;0;1;0;0;0;0;1;0;798045,2317;5824557,288;13,39064;52,48956
18296;193946;11;4;4051448;2019;4;18;2;3;5;2;0;0;1;0;1;0;0;0;794229,6395;5825408,59;13,33536;52,49926
18297;193947;11;2;2020204;2019;4;19;2;3;2;6;0;1;1;0;0;0;0;0;798328,9671;5825315,109;13,39548;52,4962
18298;193948;11;9;9010301;2019;4;19;2;3;6;2;0;0;1;1;0;0;0;0;805024,4499;5822715,671;13,49143;52,4692
18299;193949;11;3;3040513;2019;4;18;2;3;5;3;0;1;1;0;0;0;0;0;797412,9109;5833971,188;13,38978;52,57429
18300;193950;11;8;8020728;2019;4;18;2;2;6;4;0;0;1;1;0;0;0;0;802478,7077;5817003,17;13,4489;52,41941
18301;193951;11;8;8020619;2019;4;16;2;3;5;2;0;1;1;0;0;0;0;0;802537,8709;5820721,881;13,45313;52,45271
18302;193952;11;8;8010213;2019;4;16;2;3;0;5;0;0;1;0;1;0;0;0;800961,2436;5822392,771;13,4315;52,46856
18303;193953;11;2;2030302;2019;4;9;4;3;3;6;0;1;0;0;0;1;0;0;801445,8618;5826052,327;13,44193;52,50109
18304;193954;11;8;8020625;2019;4;14;2;3;5;3;0;1;1;0;0;0;0;0;801463,7502;5817983,026;13,4349;52,42876
18305;193955;11;7;7030301;2019;4;16;2;3;5;3;0;0;1;0;0;0;0;0;793641,0081;5822508,667;13,32416;52,47358
18306;193956;11;5;5010311;2019;4;15;2;3;2;6;0;0;1;0;0;0;0;0;786182,6423;5831235,323;13,22216;52,55578
18307;193957;11;1;1011204;2019;4;15;2;3;5;2;0;0;1;0;1;0;0;0;798870,7025;5827372,333;13,40529;52,51434
18308;193958;11;10;10010309;2019;4;15;2;2;6;4;0;0;0;1;0;0;1;0;807951,3881;5829207,716;13,54038;52,52574
18309;193959;11;5;5020627;2019;4;14;2;3;2;6;0;0;1;0;0;0;0;0;785382,6842;5828156,014;13,20775;52,52859
18310;193960;11;9;9041601;2019;4;13;2;3;5;3;0;0;1;0;0;0;0;0;816503,6624;5816939,756;13,65439;52,41092
18311;193961;11;7;7050505;2019;4;12;2;3;3;6;0;0;1;0;0;0;0;0;799398,6105;5819046,797;13,40557;52,43943
18312;193962;11;9;9041501;2019;4;8;2;3;5;2;0;1;1;0;0;0;0;0;811390,6154;5820161,35;13,58247;52,44272
18313;193963;11;2;2010102;2019;4;9;2;3;5;3;0;1;1;0;0;0;0;0;797912,9552;5826214,131;13,39018;52,50449
18314;193964;11;8;8041040;2019;4;9;2;3;2;6;0;0;1;0;0;0;0;0;806374,5614;5817145,481;13,50614;52,41852
18315;193965;11;9;9051901;2019;4;11;2;3;5;3;0;1;1;0;0;0;0;0;810804,5122;5820796,285;13,57446;52,44874
18316;193966;11;8;8040933;2019;4;10;2;3;5;3;0;1;1;0;0;0;0;0;803004,6459;5819357,755;13,45874;52,44023
18317;193967;11;7;7040401;2019;4;10;2;3;5;2;0;1;1;0;0;0;0;0;797194,799;5823674,27;13,37736;52,48211
18318;193968;11;2;2020205;2019;4;11;2;3;1;5;0;0;1;0;1;0;0;0;798266,8975;5824589,197;13,39392;52,48973
18319;193969;11;2;2030401;2019;4;11;2;3;0;3;0;0;1;0;0;0;1;0;801034,0495;5825237,639;13,43514;52,49402
18320;193970;11;9;9030901;2019;4;12;2;3;2;6;0;0;1;0;0;0;0;0;807697,2892;5817812,568;13,52614;52,42376
18321;193971;11;1;1011401;2019;4;12;2;3;0;1;0;1;0;0;0;0;0;0;798305,5458;5829373,33;13,39878;52,53259
18322;193972;11;7;7010104;2019;4;12;1;3;2;7;0;0;1;0;0;0;0;1;796000,5592;5825140,378;13,36113;52,4959
18323;193973;11;6;6030504;2019;4;11;1;3;5;3;0;0;1;0;0;0;0;1;790387,4248;5817150,766;13,27173;52,42729
18324;193974;11;4;4041136;2019;4;11;1;3;5;3;0;0;1;0;0;0;0;1;790279,1244;5823331,291;13,27552;52,48276
18325;193975;11;3;3030406;2019;4;11;1;3;5;3;0;0;1;0;0;0;0;1;802868,9469;5838271,633;13,47397;52,60983
18326;193976;11;9;9010101;2019;4;9;1;3;5;3;0;0;1;0;0;0;0;1;802320,0702;5825532,617;13,45429;52,49595
18327;193977;11;10;10020412;2019;4;5;1;3;1;5;1;0;1;0;0;0;1;1;811299,889;5831631,523;13,59185;52,54556
18328;193978;11;9;9041301;2019;4;16;1;2;5;2;0;0;1;0;0;0;0;0;812392,2855;5819585,744;13,59662;52,43699
18329;193979;11;4;4030725;2019;4;16;1;2;5;2;0;0;1;0;1;0;0;0;791987,7406;5825969,797;13,30292;52,5055
18330;193980;11;5;5010103;2019;4;20;1;3;1;5;2;1;1;0;0;0;0;0;784579,2585;5831845,193;13,1991;52,56209
18331;193981;11;6;6040804;2019;4;22;1;3;5;3;2;0;1;0;1;0;0;0;787477,9025;5817705,235;13,22953;52,4338
18332;193982;11;6;6030610;2019;4;10;7;3;3;6;0;0;1;0;0;0;0;0;792949,596;5817756,808;13,30984;52,43135
18333;193983;11;8;8010301;2019;4;15;7;3;3;6;0;0;1;0;0;0;0;0;800587,1654;5824429,8;13,42785;52,48702
18334;193984;11;4;4030931;2019;4;18;7;3;1;5;0;1;1;0;0;0;0;0;794351,4311;5825641,876;13,33735;52,50129
18335;193985;11;1;1022204;2019;4;22;7;2;5;2;2;1;1;0;0;0;0;0;794803,999;5828308,464;13,34636;52,52495
18336;193986;11;1;1011302;2019;4;19;7;3;5;2;0;1;1;0;0;0;0;0;798964,405;5828777,155;13,40793;52,52688
18337;193987;11;3;3071633;2019;4;18;7;3;5;3;0;0;1;0;0;0;0;0;800122,6702;5830636,664;13,42663;52,54291
18338;193988;11;8;8010118;2019;4;18;7;3;5;3;0;0;1;0;0;0;0;0;801123,8548;5821899,348;13,43344;52,46405
18339;193989;11;7;7030301;2019;4;16;7;3;6;4;0;0;1;1;0;0;0;0;794706,3405;5822788,53;13,34004;52,47552
18340;193990;11;6;6010206;2019;4;14;7;3;1;5;0;1;1;0;0;0;0;0;794637,8698;5820070,402;13,33664;52,45119
18341;193991;11;11;11030720;2019;4;13;7;3;2;6;0;0;1;0;0;0;0;0;806137,7213;5830159,968;13,51461;52,5353
18342;193992;11;4;4030931;2019;4;12;7;2;6;4;0;0;1;1;0;0;0;0;794405,6665;5825735,866;13,33823;52,5021
18343;193993;11;10;10020414;2019;4;12;7;3;2;4;0;0;1;1;0;0;0;0;812185,7041;5830937,899;13,60422;52,53884
18344;193994;11;3;3010102;2019;4;11;7;3;5;3;0;1;1;0;0;0;0;0;804213,1719;5841142,405;13,49641;52,6348
18345;193995;11;1;1022206;2019;4;10;7;2;6;4;0;0;1;1;0;0;0;0;796414,5701;5828590,914;13,37028;52,52661
18346;193996;11;1;1022201;2019;4;0;7;3;4;6;2;0;1;0;0;0;0;0;795952,4124;5828785,827;13,36367;52,52861
18347;193997;11;7;7030301;2019;4;10;6;3;6;4;0;0;1;1;0;0;0;0;793773,5122;5822833,089;13,32639;52,47642
18348;193998;11;7;7040404;2019;4;14;6;3;5;5;0;0;1;0;0;0;0;0;797410,3941;5820424,514;13,37763;52,45286
18349;193999;11;4;4010101;2019;4;14;6;3;5;2;0;0;1;0;1;0;0;0;791248,6015;5829731,165;13,29535;52,53961
18350;194000;11;5;5010314;2019;4;11;4;3;0;2;0;0;1;0;0;0;1;0;784837,7182;5829252,791;13,20067;52,53871
18351;194001;11;12;12304313;2019;4;14;6;2;5;3;0;0;1;0;1;0;0;0;791658,3056;5834488,165;13,30556;52,58204
18352;194002;11;12;12214424;2019;4;13;6;3;1;5;0;0;1;0;0;0;1;0;793550,331;5832378,687;13,33153;52,56211
18353;194003;11;8;8020625;2019;4;11;6;3;5;3;0;1;1;0;0;0;0;0;801413,8011;5819158,711;13,43523;52,43932
18354;194004;11;1;1033102;2019;4;11;6;3;5;3;0;1;1;0;0;0;0;0;797140,9446;5831804,109;13,38383;52,55501
18355;194005;11;11;11030721;2019;4;10;6;3;5;2;0;1;1;0;0;0;0;0;803791,7288;5827706,607;13,47789;52,51462
18356;194006;11;4;4020313;2019;4;9;6;3;3;6;0;0;1;0;0;0;1;0;790227,9336;5826074,817;13,27715;52,50738
18357;194007;11;3;3040818;2019;4;8;6;3;1;5;0;1;1;0;0;0;0;0;799699,5862;5832536,57;13,42212;52,56018
18358;194008;11;1;1011203;2019;4;8;6;3;3;6;0;1;0;0;0;1;0;0;797565,6405;5827415,109;13,38615;52,51544
18359;194009;11;1;1011103;2019;4;12;6;3;2;1;0;0;1;0;1;0;0;0;795926,6537;5825636,435;13,36049;52,50039
18360;194010;11;8;8041038;2019;4;7;6;3;5;3;0;1;1;0;0;0;0;0;805654,693;5816444,725;13,49494;52,41265
18361;194011;11;2;2020204;2019;4;13;6;3;2;6;0;0;1;0;0;0;1;0;797934,4475;5824873,718;13,3893;52,49246
18362;194012;11;12;12301203;2019;4;10;6;3;5;2;0;0;1;0;0;0;1;0;793499,2482;5836110,987;13,33409;52,5956
18363;194013;11;1;1011203;2019;4;8;6;3;5;3;0;1;1;0;0;0;0;0;797761,9341;5827442,915;13,38906;52,51558
18364;194014;11;9;9041501;2019;4;8;6;2;6;4;0;0;1;1;0;0;0;0;811344,3951;5820154,942;13,58178;52,44269
18365;194015;11;9;9030901;2019;4;23;6;3;1;5;2;0;1;0;0;0;0;0;808835,4073;5817207,828;13,54226;52,4177
18366;194016;11;8;8030830;2019;4;21;6;3;5;3;2;0;1;0;0;0;0;0;802382,0508;5817886,025;13,44828;52,42738
18367;194017;11;2;2020206;2019;4;19;6;3;5;7;1;0;1;0;0;0;0;0;799982,2198;5824731,738;13,41924;52,49006
18368;194018;11;5;5010314;2019;4;17;6;2;6;4;0;0;1;1;0;0;0;0;784746,502;5828819,331;13,19896;52,53487
18369;194019;11;1;1011101;2019;4;17;6;3;0;1;0;0;1;0;0;0;0;0;795295,4461;5826425,618;13,35191;52,5078
18370;194020;11;6;6030501;2019;4;17;6;3;5;3;0;1;1;0;0;0;0;0;788569,0306;5816884,689;13,24483;52,42586
18371;194021;11;3;3051017;2019;4;6;6;3;5;3;0;0;1;0;0;0;0;0;802327,4945;5832978,503;13,46117;52,56269
18372;194022;11;5;5040937;2019;4;3;6;2;8;1;2;0;1;0;0;0;1;0;781590,5578;5819719,268;13,14486;52,45492
18373;194023;11;9;9010202;2019;4;9;5;3;5;3;0;1;1;0;0;0;0;0;804134,236;5822928,372;13,47856;52,4716
18374;194024;11;4;4051445;2019;4;9;5;3;6;2;0;0;1;1;0;0;0;0;792199,4594;5825009,536;13,30519;52,49678
18375;194025;11;1;1044202;2019;4;19;5;2;6;4;1;0;1;1;0;0;0;0;795461,4993;5830149,391;13,35766;52,54109
18376;194026;11;4;4020310;2019;4;14;5;3;2;6;0;0;1;0;0;1;0;0;790260,104;5827966,443;13,27928;52,52432
18377;194027;11;2;2030302;2019;4;19;5;3;5;2;0;1;1;0;0;0;0;0;801162,3723;5825951,462;13,43767;52,50035
18378;194028;11;6;6040807;2019;4;14;5;3;5;2;0;1;0;0;1;0;0;0;789841,2436;5818778,755;13,26513;52,44217
18379;194029;11;6;6020410;2019;4;14;5;3;5;3;0;1;1;0;0;0;0;0;794698,7338;5816312,673;13,33422;52,41747
18380;194030;11;1;1022106;2019;4;17;5;3;0;1;1;1;0;0;0;0;0;0;793768,7328;5828135,743;13,33099;52,52396
18381;194031;11;1;1011305;2019;4;13;5;3;5;3;0;1;1;0;0;0;0;0;799299,46;5827228,221;13,41146;52,51282