;OBJECTID;LAND;BEZ;LOR;UJAHR;UMONAT;USTUNDE;UWOCHENTAG;UKATEGORIE;UART;UTYP1;ULICHTVERH;IstRad;IstPKW;IstFuss;IstKrad;IstGkfz;IstSonstige;USTRZUSTAND;LINREFX;LINREFY;XGCSWGS84;YGCSWGS84
18382;194032;11;6;6010206;2019;4;17;5;3;5;3;0;0;1;0;1;0;1;0;794804,1812;5819837,286;13,33887;52,44901
18383;194033;11;12;12304313;2019;4;12;5;3;5;2;0;0;1;0;0;0;1;0;792353,143;5834071,128;13,31542;52,57793
18384;194034;11;9;9041301;2019;4;12;5;3;5;2;0;1;1;0;0;0;0;0;811683,2967;5819982,022;13,58659;52,44095
18385;194035;11;10;10010308;2019;4;11;5;3;2;6;0;0;1;0;0;0;0;0;806363,0428;5830200,092;13,51796;52,53553
18386;194036;11;1;1033102;2019;4;10;5;3;5;2;0;1;1;0;0;0;0;0;797157,6449;5831919,5;13,38418;52,55604
18387;194037;11;7;7040403;2019;4;17;5;3;0;2;0;0;1;0;0;0;1;0;797267,3646;5821069,606;13,37611;52,45872
18388;194038;11;1;1033202;2019;4;10;5;3;6;4;0;0;1;1;0;0;0;0;797248,7368;5829765,919;13,3836;52,53669
18389;194039;11;12;12214527;2019;4;9;5;3;6;4;0;0;1;1;0;0;0;0;790524,0577;5834504,168;13,28888;52,58279
18390;194040;11;1;1011302;2019;4;9;5;3;3;6;0;1;1;0;0;0;0;0;798526,5133;5828981,867;13,40167;52,52896
18391;194041;11;6;6020305;2019;4;8;5;3;5;2;0;1;1;0;0;0;0;0;795748,442;5817560,295;13,35071;52,42809
18392;194042;11;3;3061228;2019;4;8;5;3;2;6;0;0;1;0;0;0;1;0;800451,3811;5830768,969;13,43158;52,54392
18393;194043;11;1;1022205;2019;4;7;5;3;5;3;0;1;1;0;0;0;0;0;795562,7539;5828294,414;13,3575;52,52441
18394;194044;11;4;4041137;2019;4;7;5;3;5;3;0;0;0;0;1;1;0;0;791266,479;5823337,794;13,29002;52,48229
18395;194045;11;1;1011302;2019;4;7;5;2;0;1;0;0;0;0;1;0;0;1;798498,4585;5829055,309;13,40133;52,52963
18396;194046;11;7;7040403;2019;4;20;4;3;5;2;2;1;1;0;0;0;0;0;797851,2935;5821927,694;13,38544;52,4661
18397;194047;11;1;1011201;2019;4;9;4;2;1;5;0;1;1;0;0;0;0;0;796999,2932;5826862,98;13,37734;52,5108
18398;194048;11;7;7050505;2019;4;9;5;3;0;1;0;0;0;0;1;0;0;0;799743,7803;5819019,583;13,41061;52,43899
18399;194049;11;1;1011303;2019;4;16;5;2;6;4;0;0;1;1;0;0;0;0;799578,9795;5828250,676;13,41648;52,52183
18400;194050;11;7;7070703;2019;4;16;5;3;2;6;0;0;1;0;0;0;0;0;799172,8788;5814186,641;13,39791;52,39598
18401;194051;11;11;11020513;2019;4;15;5;3;5;2;0;0;1;0;0;0;1;0;802920,9847;5831082,347;13,46817;52,54536
18402;194052;11;2;2020203;2019;4;18;5;3;5;3;0;0;1;0;0;0;1;0;797101,0209;5824489,488;13,37671;52,48947
18403;194053;11;9;9020501;2019;4;16;4;3;5;2;0;1;1;0;0;0;0;0;806236,7725;5823200,356;13,50967;52,47287
18404;194054;11;12;12224230;2019;4;16;4;3;5;2;0;1;1;0;0;0;0;0;787278,1054;5837913,642;13,24406;52,61508
18405;194055;11;9;9051702;2019;4;17;4;3;5;3;0;1;1;0;0;0;0;0;813752,2951;5821739,998;13,61858;52,45552
18406;194056;11;7;7070704;2019;4;18;4;3;5;2;1;1;1;0;0;0;0;0;800941,8632;5813922,307;13,4236;52,39265
18407;194057;11;9;9010402;2019;4;13;4;3;1;5;0;0;1;0;0;0;0;0;806030,0093;5819128,674;13,5029;52,43649
18408;194058;11;11;11030824;2019;4;13;4;3;6;4;0;0;1;1;0;0;0;0;803691,1843;5827487,5;13,47621;52,51271
18409;194059;11;4;4030519;2019;4;12;4;3;5;2;0;1;0;0;0;0;1;0;792084,1045;5828582,497;13,30663;52,52887
18410;194060;11;2;2040503;2019;4;12;4;3;2;6;0;0;1;0;0;0;0;0;801565,4359;5828843,638;13,44621;52,52605
18411;194061;11;6;6010205;2019;4;11;4;3;6;4;0;0;0;1;0;0;1;0;795078,4624;5819648,181;13,34273;52,44717
18412;194062;11;3;3071536;2019;4;20;4;3;0;6;2;1;1;0;0;0;0;0;799026,6608;5830118,612;13,41005;52,53887
18413;194063;11;8;8010214;2019;4;9;4;3;2;7;0;0;0;0;1;0;1;0;801173,3817;5822201,529;13,43444;52,46673
18414;194064;11;9;9052001;2019;4;9;3;3;6;7;0;0;1;1;0;0;0;0;810986,3215;5822007,526;13,57826;52,45949
18415;194065;11;3;3061228;2019;4;9;3;3;6;2;0;0;1;1;0;0;0;0;800883,5057;5831067,436;13,4382;52,54636
18416;194066;11;4;4030623;2019;4;14;3;3;0;3;0;1;0;0;1;0;0;0;793246,0758;5826749,937;13,32209;52,51182
18417;194067;11;1;1044101;2019;4;9;3;3;2;6;0;0;1;0;0;0;1;0;793882,6011;5830089,62;13,3344;52,54141
18418;194068;11;5;5030730;2019;4;6;3;2;5;2;0;1;0;0;0;0;1;0;786580,051;5829222,898;13,22627;52,53753
18419;194069;11;4;4051656;2019;4;14;2;3;6;4;0;1;0;1;0;0;0;0;793734,5452;5823218,344;13,32615;52,47989
18420;194070;11;1;1011105;2019;4;8;3;2;5;3;0;1;1;0;0;0;0;0;796741,1578;5826914,659;13,37359;52,5114
18421;194071;11;6;6040810;2019;4;8;3;3;5;3;0;1;1;0;0;0;0;0;792355,8168;5820952,826;13,30393;52,46032
18422;194072;11;4;4051549;2019;4;8;3;3;0;2;0;1;1;0;0;0;0;0;792851,7623;5824009,402;13,31389;52,48746
18423;194073;11;6;6030605;2019;4;8;3;3;5;3;0;1;1;0;0;0;0;0;791782,1307;5819084,061;13,29387;52,44388
18424;194074;11;1;1011301;2019;4;8;3;3;5;3;0;1;1;0;0;0;0;0;797046,915;5828181,34;13,37921;52,52259
18425;194075;11;3;3020307;2019;4;7;3;3;2;6;0;0;1;0;0;1;0;0;799846,7788;5837916,233;13,42915;52,60832
18426;194076;11;11;11030721;2019;4;7;3;3;5;7;0;1;1;0;0;0;0;0;805206,6327;5828573,617;13,49947;52,5216
18427;194077;11;7;7040403;2019;4;16;3;2;5;2;0;1;1;0;0;0;0;0;797027,1304;5820706,17;13,37226;52,45559
18428;194078;11;9;9020501;2019;4;16;3;2;5;3;0;1;1;0;0;0;0;0;806127,6899;5822108,873;13,50706;52,46315
18429;194079;11;1;1033102;2019;4;17;3;3;5;3;0;1;1;0;0;0;0;0;797341,6807;5831211,579;13,38626;52,54959
18430;194080;11;10;10030724;2019;4;17;3;3;2;2;0;1;1;0;0;0;0;0;809552,0767;5828021,983;13,5628;52,51421
18431;194081;11;7;7060604;2019;4;17;3;3;2;6;0;0;1;0;0;0;0;0;796369,2682;5815914,954;13,35836;52,413
18432;194082;11;2;2040502;2019;4;18;3;2;5;2;0;1;0;0;0;0;1;0;801247,5829;5827816,857;13,44061;52,51702
18433;194083;11;2;2040502;2019;4;18;3;3;5;2;0;1;0;0;0;0;1;0;801127,6921;5828576,18;13,43954;52,52389
18434;194084;11;6;6020301;2019;4;18;3;3;5;2;0;0;1;0;1;0;0;0;796058,6487;5818209,417;13,35584;52,43374
18435;194085;11;1;1022106;2019;4;19;3;3;6;4;0;0;1;1;0;0;0;0;794426,8579;5828359,763;13,34087;52,52561
18436;194086;11;5;5010311;2019;4;7;3;3;2;6;0;0;1;0;0;0;0;0;785304,3314;5830024,56;13,2082;52,54539
18437;194087;11;12;12301204;2019;4;7;3;3;5;3;0;1;1;0;0;0;0;0;792653,947;5835839,398;13,3214;52,59362
18438;194088;11;4;4041134;2019;4;19;3;2;5;3;1;1;1;0;0;0;0;0;790854,8921;5823647,131;13,28425;52,48528
18439;194089;11;7;7040401;2019;4;19;3;3;5;3;1;0;1;0;1;0;0;0;797387,6484;5822615,66;13,37925;52,47252
18440;194090;11;2;2020202;2019;4;19;3;3;5;2;0;1;1;0;0;0;0;0;797941,2205;5825259,338;13,38974;52,49591
18441;194091;11;2;2020204;2019;4;12;3;3;0;1;0;0;0;0;1;0;0;0;798695,0322;5824676,757;13,40029;52,49028
18442;194092;11;5;5020625;2019;4;15;3;3;2;6;0;0;1;0;0;0;0;0;784628,5093;5828388,014;13,19686;52,53107
18443;194093;11;1;1011302;2019;4;17;3;3;2;6;0;1;0;0;0;0;0;0;798266,1178;5828848,826;13,39773;52,52791
18444;194094;11;6;6010205;2019;4;15;2;3;3;2;0;0;1;0;0;0;0;0;795894,1504;5819892,084;13,35491;52,44891
18445;194095;11;6;6030502;2019;4;6;2;3;0;2;0;1;1;0;0;0;0;1;789072,4493;5815763,303;13,25125;52,41554
18446;194096;11;3;3061429;2019;4;21;2;3;5;3;2;1;0;0;0;0;1;0;801385,0702;5830290,724;13,44487;52,53912
18447;194097;11;10;10010311;2019;4;20;2;2;6;4;2;0;1;1;0;0;0;0;810312,786;5831793,858;13,57749;52,54758
18448;194098;11;4;4030415;2019;4;8;2;3;2;6;0;0;1;0;0;0;0;1;791241,468;5827470,591;13,29327;52,51935
18449;194099;11;2;2010104;2019;4;18;2;2;6;4;0;0;1;1;0;0;0;0;798611,6392;5825579,671;13,39987;52,49842
18450;194100;11;9;9031202;2019;4;18;2;2;5;3;0;1;1;0;0;0;0;0;816911,788;5812168,967;13,65586;52,36793
18451;194101;11;3;3040512;2019;4;17;2;3;5;7;0;1;1;0;0;0;0;0;795543,809;5835068,62;13,36325;52,58515
18452;194102;11;11;11040925;2019;4;17;2;3;5;2;0;1;1;0;0;0;0;0;803865,438;5826828,232;13,47817;52,50671
18453;194103;11;9;9010302;2019;4;16;2;3;0;4;0;0;0;1;0;0;1;0;804955,2088;5820711,685;13,48858;52,45128
18454;194104;11;3;3050925;2019;4;16;2;3;1;5;0;1;1;0;0;0;0;0;802399,2005;5831140,467;13,46055;52,54617
18455;194105;11;5;5010314;2019;4;16;2;3;3;6;0;0;1;0;0;1;0;0;784934,0731;5829388,15;13,20221;52,53988
18456;194106;11;1;7010102;2019;4;6;2;3;2;6;1;0;1;0;0;0;0;1;795192,8587;5825865,055;13,34991;52,50283
18457;194107;11;8;8010510;2019;4;7;2;3;5;3;0;0;1;0;0;0;0;1;803803,4324;5821739,508;13,47262;52,46113
18458;194108;11;7;7030301;2019;4;7;2;3;0;7;0;0;1;0;1;0;0;1;793433,9737;5822274,186;13,32091;52,47159
18459;194109;11;3;3050919;2019;4;8;2;3;6;4;0;0;1;1;0;0;0;1;801170,2197;5832336,586;13,44357;52,55757
18460;194110;11;4;4010102;2019;4;8;2;3;5;2;0;1;1;0;0;0;0;1;793328,3693;5829772,175;13,32597;52,53887
18461;194111;11;8;8010301;2019;4;9;2;3;4;6;0;0;1;0;0;0;0;1;801457,418;5823887,892;13,44014;52,48169
18462;194112;11;4;4020314;2019;4;9;2;3;2;6;0;0;1;0;0;0;0;1;790563,4161;5825415,56;13,28151;52,50129
18463;194113;11;2;2040503;2019;4;9;2;3;6;4;0;0;1;1;0;0;0;1;801491,1364;5828800,463;13,44508;52,5257
18464;194114;11;6;6030607;2019;4;10;2;3;2;6;0;0;1;0;0;0;1;1;792192,0885;5816617,198;13,29773;52,42154
18465;194115;11;12;12103218;2019;4;10;2;3;2;1;0;0;1;0;0;0;0;1;794990,3825;5833130,763;13,35339;52,56808
18466;194116;11;12;12304313;2019;4;10;2;2;5;2;0;0;1;0;0;0;0;1;792353,6654;5834071,66;13,31542;52,57793
18467;194117;11;5;5020523;2019;4;10;2;3;6;2;0;0;1;1;0;0;0;1;782390,1614;5827029,101;13,16279;52,52005
18468;194118;11;1;1011301;2019;4;11;2;3;2;7;0;1;1;0;0;0;0;0;796855,0637;5828221,086;13,37643;52,52305
18469;194119;11;2;2010104;2019;4;13;2;3;5;3;0;1;1;0;0;0;0;1;798823,744;5825589,569;13,403;52,49839
18470;194120;11;10;10020414;2019;4;13;2;3;0;4;0;0;1;1;0;0;0;0;812225,3459;5830925,058;13,60479;52,5387
18471;194121;11;5;5020523;2019;4;15;2;2;5;3;0;1;1;0;0;0;0;0;782698,5198;5827487,572;13,16772;52,524
18472;194122;11;10;10010102;2019;4;15;2;2;6;7;0;0;1;1;0;0;0;0;810181,9572;5833898,088;13,57754;52,56651
18473;194123;11;4;4020204;2019;4;15;2;3;2;2;0;1;0;0;0;0;1;0;788291,7877;5826880,581;13,2494;52,51563
18474;194124;11;9;9051801;2019;4;16;2;3;5;7;0;0;1;0;0;0;0;0;820737,7143;5819169,114;13,71857;52,42843
18475;194125;11;4;4030623;2019;4;16;2;3;1;5;0;1;1;0;0;0;0;0;793541,8764;5826333,133;13,32607;52,50792
18476;194126;11;1;1033203;2019;4;8;2;3;1;5;0;1;0;0;0;1;0;1;796859,8799;5831342,505;13,37929;52,55103
18477;194127;11;6;6040808;2019;4;7;2;3;0;3;0;0;1;0;1;0;0;1;790050,9157;5819428,511;13,26877;52,44789
18478;194128;11;12;12103117;2019;4;6;2;3;2;2;1;0;1;0;1;0;0;1;795781,2846;5832577,624;13,36453;52,56269
18479;194129;11;4;4030725;2019;4;9;2;2;8;1;0;1;0;0;0;0;0;1;791441,9611;5826032,31;13,29495;52,50635
18480;194130;11;2;2040501;2019;4;8;2;3;0;1;0;0;0;0;1;0;0;1;801281,5199;5828753,661;13,44196;52,5254
18481;194131;11;4;4051448;2019;4;6;2;3;0;1;0;0;0;0;1;0;0;1;794229,978;5825418,116;13,33537;52,49935
18482;194132;11;1;1011402;2019;4;17;1;3;0;1;0;1;0;0;0;0;0;0;798351,1314;5829393,416;13,39947;52,53274
18483;194133;11;1;1044201;2019;4;21;1;3;0;7;2;0;0;0;0;1;1;0;795588,2816;5830805,847;13,36011;52,54691
18484;194134;11;1;1022106;2019;4;23;1;3;5;2;2;1;1;0;0;0;0;0;794568,984;5828331,74;13,34293;52,52528
18485;194135;11;11;11041128;2019;4;18;1;3;1;5;0;1;1;0;0;0;0;0;805558,2177;5825985,845;13,50226;52,49821
18486;194136;11;11;11010205;2019;4;17;1;3;4;6;0;0;1;0;0;0;0;0;806874,6864;5832658,617;13,52775;52,55728
18487;194137;11;2;2020206;2019;4;16;1;3;5;3;0;0;1;0;0;0;0;0;799552,814;5824898,452;13,41308;52,49179
18488;194138;11;8;8010510;2019;4;14;1;3;0;6;0;0;1;0;1;0;0;0;802965,5705;5822502,309;13,46102;52,46843
18489;194139;11;11;11020412;2019;4;13;1;3;5;2;0;1;0;0;0;0;1;0;805154,7897;5831640,191;13,50152;52,54911
18490;194140;11;2;2020206;2019;4;8;1;3;1;5;0;1;1;0;0;0;0;1;800002,594;5825388,233;13,42013;52,49594
18491;194141;11;2;2010103;2019;4;11;1;3;5;2;0;0;1;0;0;0;0;0;799220,3084;5825991,083;13,40918;52,50177
18492;194142;11;11;11030721;2019;4;13;1;3;0;1;0;0;0;0;1;0;0;0;803910,7516;5828363,453;13,48024;52,52044
18493;194143;11;2;2030401;2019;4;17;7;3;5;7;0;1;1;0;0;0;0;0;801108,7954;5825448,782;13,43643;52,49587
18494;194144;11;8;8010303;2019;4;0;7;3;6;2;2;0;1;1;0;0;0;1;801308,0781;5823824,726;13,43789;52,4812
18495;194145;11;7;7050502;2019;4;21;7;3;2;6;2;0;1;0;0;0;0;0;798176,0185;5818951,46;13,38755;52,43924
18496;194146;11;6;6030502;2019;4;15;7;3;0;7;0;1;0;0;0;0;0;0;789105,0675;5815565,294;13,25155;52,41375
18497;194147;11;1;1011302;2019;4;0;7;3;5;3;2;1;1;0;0;0;0;1;799063,7938;5828982,661;13,40957;52,52867
18498;194148;11;4;4030930;2019;4;16;7;3;3;6;0;1;1;0;0;0;0;0;792920,0836;5825526,827;13,31623;52,50103
18499;194149;11;1;1044202;2019;4;15;7;3;5;3;0;1;0;0;0;0;0;0;795046,8451;5829939,971;13,35138;52,53944
18500;194150;11;4;4030622;2019;4;14;7;3;5;2;0;1;1;0;0;0;0;0;792081,3667;5826801,406;13,30502;52,5129
18501;194151;11;9;9041501;2019;4;14;7;3;4;6;0;1;0;0;0;0;0;0;810864,4215;5820305,408;13,57488;52,44431
18502;194152;11;5;5030731;2019;4;13;7;3;2;6;0;0;1;0;0;0;0;0;787500,9366;5829892,06;13,24039;52,54305
18503;194153;11;3;3061126;2019;4;13;7;3;5;2;0;1;0;0;0;0;1;0;799212,7943;5831806,193;13,4143;52,5539
18504;194154;11;7;7040401;2019;4;13;7;3;5;2;0;1;0;0;1;0;0;0;797897,0474;5823993,004;13,38796;52,48458
18505;194155;11;1;1044101;2019;4;12;7;3;6;4;0;0;0;1;0;1;0;0;794665,4198;5831462,944;13,34712;52,5533
18506;194156;11;8;8010301;2019;4;11;7;3;0;2;0;1;1;0;0;0;0;0;800657,3573;5824525,239;13,42897;52,48784
18507;194157;11;11;11030721;2019;4;10;7;3;6;2;0;0;1;1;0;0;0;0;805181,9179;5827914,561;13,4985;52,51571
18508;194158;11;12;12231102;2019;4;8;7;2;3;6;0;1;0;0;0;0;0;0;789581,8513;5839728,279;13,27958;52,63013
18509;194159;11;3;3050925;2019;4;3;7;3;0;1;2;0;1;0;0;0;0;1;802720,7701;5831745,098;13,46583;52,55141
18510;194160;11;11;11030619;2019;4;23;7;3;0;1;2;1;0;0;0;0;0;0;804212,5482;5829057,891;13,48531;52,5265
18511;194161;11;3;3061131;2019;4;9;6;3;5;2;0;1;1;0;0;0;0;0;799178,6146;5831110,502;13,41318;52,54768
18512;194162;11;9;9010301;2019;4;17;6;3;5;3;0;1;1;0;0;0;0;0;804745,6067;5822303,526;13,48696;52,46566
18513;194163;11;1;1011401;2019;4;23;6;3;5;2;2;1;0;0;1;0;0;0;797688,1972;5829240,419;13,38958;52,53173
18514;194164;11;2;2030301;2019;4;20;6;3;5;2;1;1;1;0;0;0;0;0;799990,1634;5826204,586;13,42068;52,50326
18515;194165;11;3;3040513;2019;4;20;6;3;5;3;0;1;1;0;0;0;0;0;797413,379;5833970,934;13,38978;52,57429
18516;194166;11;8;8020622;2019;4;19;6;3;2;6;1;0;1;0;0;0;0;0;801284,5059;5819668,198;13,43379;52,44396
18517;194167;11;3;3020210;2019;4;18;6;3;5;3;0;1;1;0;0;0;0;0;799550,5591;5835429,366;13,42254;52,58619
18518;194168;11;6;6040810;2019;4;18;6;3;5;5;0;1;1;0;0;0;0;0;792374,891;5820852,956;13,30412;52,45942
18519;194169;11;12;12301205;2019;4;22;6;3;1;5;2;0;1;0;0;0;0;0;792324,9462;5837248,083;13,3178;52,60642
18520;194170;11;8;8020619;2019;4;20;6;2;5;2;0;0;1;0;0;0;0;0;802479,1545;5820699,096;13,45225;52,45254
18521;194171;11;4;4051446;2019;4;9;6;3;5;3;0;1;1;0;0;0;0;0;792400,8931;5825062,973;13,30819;52,49715
18522;194172;11;7;7040403;2019;4;8;6;3;0;7;0;0;1;0;0;0;1;0;797451,8596;5820558,382;13,37836;52,45404
18523;194173;11;3;3071638;2019;4;7;6;3;1;5;0;1;0;0;0;0;1;0;800444,4647;5829725,867;13,43054;52,53457
18524;194174;11;1;1011105;2019;4;7;6;3;1;5;0;1;1;0;0;0;0;0;796850,6254;5826159,049;13,37452;52,50457
18525;194175;11;7;7010104;2019;4;9;6;3;1;5;0;1;1;0;0;0;0;0;796400,4461;5824750,77;13,36666;52,49219
18526;194176;11;1;1044101;2019;4;10;6;3;3;6;0;0;1;0;0;1;0;0;793948,0185;5830111,574;13,33538;52,54157
18527;194177;11;4;4030417;2019;4;12;6;3;5;3;0;1;0;0;1;0;0;0;791185,055;5826502,927;13,29159;52,51071
18528;194178;11;2;2050801;2019;4;12;6;3;5;2;0;1;1;0;0;0;0;0;803578,9822;5827251,877;13,47435;52,51066
18529;194179;11;1;1011203;2019;4;14;6;3;5;3;0;0;1;0;0;1;0;0;797959,8412;5827080,318;13,39164;52,51222
18530;194180;11;5;5030730;2019;4;14;6;3;2;6;0;0;1;0;0;0;0;0;786439,3415;5831084,346;13,2258;52,55429
18531;194181;11;4;4020311;2019;4;14;6;3;3;6;0;1;1;0;0;0;0;0;789804,4801;5826344,368;13,27117;52,51002
18532;194182;11;4;4030827;2019;4;14;6;3;3;6;0;1;1;0;0;0;0;0;792146,214;5826474,891;13,30569;52,50994
18533;194183;11;10;11030720;2019;4;15;6;3;2;6;0;0;1;0;0;0;0;0;806289,7591;5830171,449;13,51686;52,53531
18534;194184;11;1;1022104;2019;4;17;6;3;1;5;0;1;1;0;0;0;0;0;794260,5912;5828452,536;13,3385;52,52653
18535;194185;11;9;9031001;2019;4;16;6;3;2;6;0;0;1;0;0;0;1;0;810015,3674;5816020,722;13,55846;52,40639
18536;194186;11;3;3061332;2019;4;16;6;3;6;4;0;0;1;1;0;0;0;0;799899,7069;5830608,422;13,42332;52,54278
18537;194187;11;6;6030504;2019;4;16;6;3;5;3;0;1;1;0;0;0;0;0;790839,9497;5817584,754;13,27875;52,43094
18538;194188;11;8;8010301;2019;4;16;6;3;2;6;0;0;1;0;0;0;0;0;800684,9757;5824989,945;13,42979;52,49199
18539;194189;11;6;6030609;2019;4;17;6;3;2;6;0;0;1;0;1;0;0;0;793299,1418;5818922,562;13,31599;52,44162
18540;194190;11;8;8010301;2019;4;17;6;3;5;2;0;0;1;0;0;0;0;0;800663,8472;5824386,211;13,42894;52,48659
18541;194191;11;7;7030301;2019;4;13;6;3;1;5;0;0;1;0;0;0;0;0;794540,318;5822679,555;13,33751;52,47463
18542;194192;11;10;10040933;2019;4;11;5;3;5;3;0;1;1;0;0;0;0;0;813472,0452;5824893,868;13,61743;52,48394
18543;194193;11;10;10020414;2019;4;20;5;3;0;2;1;0;1;0;0;0;1;0;812237,6057;5830686,518;13,60475;52,53655
18544;194194;11;7;7010104;2019;4;12;5;3;5;3;0;1;1;0;0;0;0;0;796576,6901;5824829,316;13,36932;52,4928
18545;194195;11;4;4020311;2019;4;16;5;3;6;2;0;0;1;1;0;0;0;0;789726,5398;5826409,797;13,27008;52,51065
18546;194196;11;4;4020314;2019;4;18;5;3;3;6;0;0;1;0;0;1;0;0;790411,0545;5825795,998;13,2796;52,50478
18547;194197;11;7;7040402;2019;4;18;5;3;2;2;0;0;1;0;0;0;0;0;796144,2381;5820776,295;13,35937;52,4567
18548;194198;11;8;8020727;2019;4;17;5;3;2;6;0;0;1;0;1;0;0;0;801602,1252;5817444,888;13,43644;52,42386
18549;194199;11;7;7010104;2019;4;7;5;3;6;4;0;0;1;1;0;0;0;0;796015,2328;5825137,69;13,36134;52,49587
18550;194200;11;7;7050503;2019;4;6;5;3;3;6;0;0;1;0;0;0;0;0;798649,5398;5820508,38;13,39589;52,45294
18551;194201;11;3;3071537;2019;4;17;5;3;1;5;0;1;1;0;0;0;0;0;799327,0936;5830077,249;13,41443;52,53834
18552;194202;11;7;7040404;2019;4;16;5;3;0;3;0;0;1;0;1;0;0;0;796820,3246;5820139,648;13,36872;52,45063
18553;194203;11;5;5020629;2019;4;16;5;3;0;3;0;0;1;0;0;0;1;0;785563,3451;5826155,458;13,20868;52,51056
18554;194204;11;2;2040703;2019;4;16;5;3;5;1;0;0;1;0;1;0;0;0;801458,406;5827274,313;13,44322;52,51204
18555;194205;11;9;9051901;2019;4;16;5;2;5;3;0;1;1;0;0;0;0;0;809656,3168;5821501,986;13,55827;52,45572
18556;194206;11;4;4041134;2019;4;16;5;3;0;4;0;1;0;1;0;0;0;0;790788,1732;5824798,841;13,28427;52,49564
18557;194207;11;3;3020307;2019;4;15;5;2;5;3;0;1;1;0;0;0;0;0;800516,6052;5836163,158;13,43743;52,59223
18558;194208;11;4;4051448;2019;4;16;5;3;2;6;0;0;1;0;0;0;0;0;793930,953;5825041,733;13,33065;52,49613
18559;194209;11;6;6040804;2019;4;15;5;3;5;2;0;1;1;0;0;0;0;0;788224,898;5818882,666;13,24151;52,44396
18560;194210;11;9;9020802;2019;4;15;5;3;3;6;0;0;1;0;1;0;0;0;810530,6137;5820315,245;13,57;52,44459
18561;194211;11;2;2050601;2019;4;5;5;2;2;6;0;1;1;0;0;0;0;0;801830,3115;5828987,959;13,45023;52,52719
18562;194212;11;1;1011303;2019;4;15;5;3;2;2;0;1;1;0;0;0;0;0;799248,351;5828469,191;13,41182;52,52397
18563;194213;11;11;11040925;2019;4;13;5;3;5;5;0;1;1;0;0;0;1;0;803513,5106;5826456,442;13,47266;52,50357
18564;194214;11;9;9041501;2019;4;12;5;2;5;3;0;1;1;0;0;0;0;0;811636,2127;5820017,711;13,58593;52,44129
18565;194215;11;3;3030711;2019;4;12;5;3;5;3;0;1;0;0;0;0;1;0;801579,3545;5836356,045;13,45324;52,59337
18566;194216;11;9;9041301;2019;4;12;5;3;0;3;0;1;1;0;0;0;0;0;811639,6673;5818610,11;13,58467;52,42868
18567;194217;11;5;5020415;2019;4;12;5;3;5;3;0;0;1;0;1;0;0;0;780885,8714;5829128,976;13,14246;52,53965
18568;194218;11;2;2050601;2019;4;12;5;3;5;2;0;0;1;0;1;0;0;0;801864,804;5828982,56;13,45074;52,52713
18569;194219;11;7;7010101;2019;4;11;5;3;5;3;0;1;1;0;0;0;0;0;794736,482;5825538,538;13,34292;52,50015
18570;194220;11;3;3050923;2019;4;10;5;3;3;6;0;1;1;0;0;0;0;0;801269,9545;5831848,101;13,44459;52,55314
18571;194221;11;9;9030901;2019;4;9;5;3;5;2;0;1;0;0;0;1;0;0;807686,6878;5817735,954;13,52591;52,42308
18572;194222;11;8;8010302;2019;4;9;5;3;1;5;0;1;1;0;0;0;0;0;801498,0457;5824692,06;13,44146;52,48887
18573;194223;11;12;12301203;2019;4;9;5;3;0;6;0;0;0;0;0;0;1;0;793465,3911;5836104,558;13,33358;52,59556
18574;194224;11;3;3050919;2019;4;9;5;3;5;2;0;1;1;0;0;0;0;0;801855,7578;5832900,487;13,45416;52,56225
18575;194225;11;7;7030303;2019;4;8;5;3;5;3;0;1;1;0;0;0;0;0;795395,8201;5821210,634;13,34877;52,461
18576;194226;11;1;1011402;2019;4;8;5;3;5;3;0;1;1;0;0;0;0;0;798589,419;5829514,15;13,40308;52,5337
18577;194227;11;2;2030401;2019;4;13;5;3;1;7;0;0;1;0;0;0;0;0;801001,6775;5825499,645;13,4349;52,49639
18578;194228;11;3;3061429;2019;4;16;5;3;5;7;0;1;1;0;0;0;0;0;801841,191;5830733,662;13,45198;52,54283
18579;194229;11;5;5030730;2019;4;20;4;3;1;1;2;0;1;0;0;0;0;0;786652,7915;5830453,765;13,2284;52,54853
18580;194230;11;5;5010209;2019;4;20;4;2;5;3;2;0;1;0;1;0;0;0;782818,7088;5830395,794;13,17196;52,55001
18581;194231;11;9;9051801;2019;4;16;4;3;0;3;0;1;1;0;0;0;0;0;820200,6077;5819629,404;13,71114;52,43287
18582;194232;11;2;2010103;2019;4;22;4;3;6;2;2;0;1;1;0;0;0;0;799599,2407;5825844,639;13,41462;52,50025
18583;194233;11;9;9052001;2019;4;11;4;3;0;3;0;0;1;0;0;0;0;0;809216,4716;5823033,017;13,55324;52,46969
18584;194234;11;1;1022206;2019;4;11;4;3;2;6;0;0;1;0;1;0;0;0;796222,0713;5828479,488;13,36736;52,52571
18585;194235;11;1;1044101;2019;4;20;4;3;5;3;2;0;1;0;0;0;1;0;793686,5861;5832251,554;13,33343;52,5609
18586;194236;11;4;4051446;2019;4;5;4;3;6;2;1;1;0;1;0;0;0;0;792875,9004;5824340,117;13,31453;52,49041
18587;194237;11;2;2020205;2019;4;20;4;3;5;3;1;1;0;0;0;0;0;0;797956,2256;5824572,259;13,38935;52,48974
18588;194238;11;7;7020204;2019;4;22;4;3;3;6;2;0;1;0;0;0;0;0;795859,9075;5823156,402;13,3573;52,47819
18589;194239;11;1;1011101;2019;4;21;4;3;5;7;2;0;1;0;1;0;0;0;794737,4757;5826038,095;13,34337;52,50463
18590;194240;11;4;4030930;2019;4;20;4;3;5;3;1;1;1;0;0;0;0;0;792956,8541;5825541,968;13,31678;52,50114
18591;194241;11;6;6040809;2019;4;18;4;3;3;6;0;1;1;0;0;0;0;0;791446,323;5819340,096;13,28917;52,44635