;OBJECTID;LAND;BEZ;LOR;UJAHR;UMONAT;USTUNDE;UWOCHENTAG;UKATEGORIE;UART;UTYP1;ULICHTVERH;IstRad;IstPKW;IstFuss;IstKrad;IstGkfz;IstSonstige;USTRZUSTAND;LINREFX;LINREFY;XGCSWGS84;YGCSWGS84
18592;194242;11;7;7030303;2019;4;18;4;3;0;6;0;1;0;0;0;0;1;0;795851,7939;5822567,074;13,35666;52,47291
18593;194243;11;5;5010313;2019;4;17;4;3;6;7;0;0;1;1;0;0;0;0;784859,9298;5829533,696;13,20124;52,54122
18594;194244;11;6;6030503;2019;4;20;4;3;1;1;1;0;1;0;0;0;0;0;790476,5668;5817557,308;13,27339;52,43089
18595;194245;11;1;1011103;2019;4;13;4;3;0;1;0;1;0;0;0;0;0;0;795945,711;5825827,545;13,36094;52,50209
18596;194246;11;3;3020307;2019;4;17;4;3;1;1;0;0;1;0;1;0;0;0;800483,2138;5836390,306;13,43714;52,59429
18597;194247;11;7;7040405;2019;4;17;4;3;2;6;0;0;1;0;0;0;0;0;798893,7152;5821134,063;13,40003;52,45841
18598;194248;11;10;10020414;2019;4;12;4;3;2;6;0;0;1;0;1;0;0;0;812197,9682;5830919,895;13,60438;52,53867
18599;194249;11;2;2040502;2019;4;12;4;3;2;7;0;0;1;0;0;0;1;0;800984,3166;5828251,911;13,43714;52,52106
18600;194250;11;11;11030720;2019;4;16;4;3;6;4;0;0;1;1;0;0;0;0;804578,0699;5829087,519;13,4907;52,52656
18601;194251;11;1;1011401;2019;4;13;4;3;1;5;0;1;1;0;0;0;0;0;798437,707;5829159,231;13,40053;52,5306
18602;194252;11;2;2040703;2019;4;13;4;3;5;2;0;1;1;0;0;0;0;0;801765,0173;5826249,193;13,44679;52,50268
18603;194253;11;5;5010313;2019;4;13;4;3;5;2;0;0;1;0;0;0;0;0;784662,6664;5829704,043;13,19849;52,54285
18604;194254;11;1;1011402;2019;4;15;4;3;5;3;0;1;1;0;0;0;0;0;798582,1308;5829513,656;13,40297;52,5337
18605;194255;11;1;1044101;2019;4;15;4;3;5;2;0;1;1;0;0;0;0;0;793952,8586;5830171,198;13,3355;52,54211
18606;194256;11;1;1033201;2019;4;10;4;3;5;2;0;0;1;0;0;0;1;0;798079,604;5829993,131;13,39601;52,53827
18607;194257;11;11;11051229;2019;4;10;4;3;2;2;0;1;0;0;0;0;1;0;803334,8062;5826303,637;13,4699;52,5023
18608;194258;11;1;1011301;2019;4;10;4;3;6;2;0;1;0;1;0;0;0;0;797079,7622;5828184,997;13,3797;52,52261
18609;194259;11;5;5010314;2019;4;9;4;3;2;6;0;0;1;0;0;0;0;0;784586,6278;5829180,428;13,19692;52,5382
18610;194260;11;10;10030724;2019;4;8;4;3;5;2;0;1;1;0;0;0;0;0;809117,8859;5829716,913;13,558;52,52964
18611;194261;11;3;3040614;2019;4;6;4;3;2;2;0;0;1;0;0;0;0;0;799387,9321;5835264,099;13,42;52,5848
18612;194262;11;8;8010117;2019;4;17;4;3;1;2;0;0;1;1;0;0;1;0;800479,9787;5823616,033;13,42554;52,47979
18613;194263;11;7;7040405;2019;4;14;3;3;5;2;0;1;1;0;0;0;0;0;798730,812;5821869,15;13,3983;52,46509
18614;194264;11;3;3061228;2019;4;21;3;3;6;4;2;1;1;1;0;0;0;0;800914,8682;5830713,172;13,43834;52,54316
18615;194265;11;12;12304314;2019;4;21;3;3;2;2;2;0;1;0;0;0;0;0;790731,0245;5835265,945;13,29259;52,58951
18616;194266;11;1;1033202;2019;4;21;3;3;0;7;2;0;0;0;1;0;0;0;797927,969;5829908,712;13,39371;52,53759
18617;194267;11;11;11010102;2019;4;10;3;3;5;2;0;0;1;0;1;0;0;0;806095,1541;5834571,353;13,51805;52,57486
18618;194268;11;4;4010102;2019;4;10;3;3;5;3;0;1;1;0;0;0;0;0;791665,3445;5830679,34;13,30231;52,54789
18619;194269;11;9;9020701;2019;4;20;3;3;5;2;2;0;1;0;0;0;0;0;808977,0649;5818113,376;13,54518;52,42573
18620;194270;11;12;12302211;2019;4;10;3;3;2;2;0;0;1;0;0;0;0;0;792927,309;5837087,05;13,32653;52,60466
18621;194271;11;5;5010314;2019;4;12;3;3;2;6;0;0;1;0;0;0;0;0;784789,0412;5828838,99;13,1996;52,53503
18622;194272;11;4;4041342;2019;4;17;3;3;5;2;0;0;1;0;1;0;0;0;792055,444;5822456,13;13,30083;52,47396
18623;194273;11;5;5020417;2019;4;10;3;3;8;1;0;0;1;0;0;0;0;0;782120,7773;5827991,353;13,15965;52,52882
18624;194274;11;1;1011201;2019;4;9;3;3;5;3;0;1;1;0;0;0;0;0;796957,4239;5826860,907;13,37672;52,5108
18625;194275;11;7;7020203;2019;4;9;3;3;0;2;0;0;1;0;0;0;1;0;795525,365;5823858,672;13,35302;52,48467
18626;194276;11;4;4030621;2019;4;9;3;2;5;2;0;1;1;0;0;0;0;0;794163,004;5826986,618;13,33577;52,51344
18627;194277;11;3;3061228;2019;4;8;3;3;5;2;0;0;1;0;0;0;0;0;800221,7068;5831191,252;13,42858;52,54783
18628;194278;11;3;3061430;2019;4;9;3;3;2;6;0;0;0;0;1;0;1;0;801741,4495;5830058,95;13,4499;52,53684
18629;194279;11;4;4051448;2019;4;9;3;3;3;6;0;0;1;0;0;0;0;0;794171,2948;5825334,072;13,33443;52,49863
18630;194280;11;3;3050919;2019;4;8;3;3;5;3;0;0;1;0;0;0;0;0;801991,3283;5832821,039;13,45609;52,56146
18631;194281;11;5;5010205;2019;4;8;3;2;5;2;0;0;1;0;1;0;0;0;780081,9237;5830182,741;13,13152;52,54952
18632;194282;11;5;5010314;2019;4;8;3;3;5;7;0;0;1;0;1;0;0;0;785448,3156;5828608,739;13,2091;52,53262
18633;194283;11;1;1033203;2019;4;8;3;2;5;3;0;1;1;0;0;0;0;0;796541,3588;5829874,363;13,37329;52,53804
18634;194284;11;5;5020625;2019;4;7;3;3;5;2;0;1;0;0;0;0;1;0;784734,2423;5828588,874;13,19858;52,53281
18635;194285;11;9;9020501;2019;4;6;3;3;5;3;0;1;1;0;0;0;0;0;805715,2015;5823995,11;13,50274;52,48028
18636;194286;11;2;2020203;2019;4;11;3;2;2;6;0;0;1;0;1;0;0;0;797373,2477;5824874,809;13,38105;52,49277
18637;194287;11;4;4041239;2019;4;11;3;3;5;2;0;1;1;0;0;0;0;0;792600,8069;5823072,879;13,30938;52,4792
18638;194288;11;1;1022204;2019;4;11;3;3;5;2;0;0;1;0;0;0;0;0;794906,5318;5828293,701;13,34786;52,52476
18639;194289;11;5;5020417;2019;4;12;3;3;2;7;0;1;1;0;0;0;0;0;781715,5641;5829145,928;13,15467;52,53938
18640;194290;11;8;8020620;2019;4;12;3;3;0;7;0;0;1;0;0;0;0;0;801181,5049;5820594,769;13,43311;52,45232
18641;194291;11;12;12214422;2019;4;12;3;3;2;6;0;0;1;0;0;0;0;0;792067,133;5832942,138;13,31021;52,56796
18642;194292;11;9;9052001;2019;4;13;3;3;2;6;0;0;1;0;0;0;0;0;809338,0593;5822682,147;13,5547;52,46648
18643;194293;11;4;4051550;2019;4;14;3;3;0;7;0;0;1;0;0;0;1;0;793331,818;5824306,102;13,3212;52,48986
18644;194294;11;7;7050503;2019;4;13;3;3;2;6;0;0;1;0;0;0;1;0;799059,6851;5819743,743;13,40122;52,44586
18645;194295;11;4;4030622;2019;4;14;3;3;1;5;0;1;1;0;0;0;0;0;792154,185;5827256,586;13,30649;52,51694
18646;194296;11;8;8010404;2019;4;14;3;3;0;6;0;0;1;0;1;0;0;0;802520,0362;5823137,956;13,45506;52,47438
18647;194297;11;5;5040936;2019;4;15;3;3;2;6;0;0;1;0;0;0;0;0;781126,8621;5820046,881;13,13833;52,45809
18648;194298;11;4;4051446;2019;4;15;3;3;6;4;0;0;1;1;0;0;0;0;793054,1234;5825234,726;13,31794;52,49834
18649;194299;11;9;9051702;2019;4;16;3;2;5;2;0;1;1;0;0;0;0;0;814209,9275;5821928,129;13,62547;52,45694
18650;194300;11;1;1011302;2019;4;16;3;3;5;3;0;1;1;0;0;0;0;0;798658,8791;5828820,445;13,40348;52,52744
18651;194301;11;1;1022207;2019;4;16;3;3;5;2;0;0;1;0;1;0;0;0;794405,322;5827596,943;13,33987;52,51879
18652;194302;11;1;1044101;2019;4;15;2;3;2;2;0;0;1;0;0;0;0;0;794018,7826;5830174,786;13,33647;52,5421
18653;194303;11;8;8030831;2019;4;14;2;3;5;2;0;1;1;0;0;0;0;0;804702,8475;5817818,272;13,48224;52,42549
18654;194304;11;2;2010102;2019;4;15;2;3;2;6;0;0;1;0;0;0;0;0;798626,4927;5826386,806;13,40081;52,50564
18655;194305;11;1;1044201;2019;4;22;2;3;1;5;2;0;1;0;1;0;0;0;795871,8214;5831152,289;13,36459;52,54986
18656;194306;11;4;4020314;2019;4;19;2;3;5;7;2;0;1;0;0;0;0;0;790398,4917;5825655,644;13,27929;52,50353
18657;194307;11;1;1033203;2019;4;0;2;3;2;6;2;0;1;0;0;0;0;0;796633,8928;5829795,261;13,37458;52,53728
18658;194308;11;11;11040926;2019;4;23;2;3;5;3;2;0;1;0;0;0;0;0;805479,1079;5826709,051;13,50176;52,50474
18659;194309;11;12;12214527;2019;4;18;2;3;6;4;0;0;1;1;0;0;0;0;789586,8102;5834345,239;13,27495;52,58186
18660;194310;11;10;10010207;2019;4;18;2;3;5;2;0;0;1;0;0;0;0;0;809288,6192;5831671,631;13,56232;52,54706
18661;194311;11;9;9041301;2019;4;18;2;2;0;1;0;0;0;0;1;0;0;0;814778,0518;5818254,595;13,63034;52,42369
18662;194312;11;3;3061429;2019;4;16;2;2;2;6;0;1;0;0;0;0;0;0;801655,0986;5830131,325;13,4487;52,53754
18663;194313;11;9;9041501;2019;4;14;2;3;0;7;0;1;0;1;0;0;0;0;811239,5968;5820234,022;13,58032;52,44346
18664;194314;11;10;10040931;2019;4;14;2;3;5;3;0;1;0;0;0;0;0;0;814334,1088;5830073,418;13,63498;52,52986
18665;194315;11;9;9020701;2019;4;14;2;2;4;1;0;0;1;0;0;0;0;0;808012,3533;5819781,715;13,53257;52,44123
18666;194316;11;9;9031001;2019;4;13;2;3;0;2;0;0;1;0;0;0;1;0;811334,4335;5815644,977;13,57744;52,40228
18667;194317;11;8;8030830;2019;4;13;2;3;2;6;0;1;1;0;0;0;0;0;802511,0942;5817956,63;13,45023;52,42794
18668;194318;11;9;9041601;2019;4;10;2;3;5;3;0;1;1;0;0;0;0;0;816925,2586;5817159,654;13,66078;52,41264
18669;194319;11;2;2020202;2019;4;9;2;2;5;3;0;0;1;0;1;0;0;0;797615,8904;5825532,086;13,38521;52,49853
18670;194320;11;9;9030901;2019;4;10;1;2;5;3;0;0;1;0;0;0;1;0;807941,2417;5816571,334;13,52857;52,4125
18671;194321;11;4;4010101;2019;4;18;1;3;6;4;0;1;0;1;0;0;0;0;791240,7003;5829696,332;13,29521;52,53931
18672;194322;11;7;7060604;2019;4;16;1;3;5;3;0;1;1;0;0;0;0;0;797858,3473;5815725,804;13,38002;52,4105
18673;194323;11;8;8020726;2019;4;16;1;3;5;3;0;0;1;0;1;0;0;0;799853,5367;5816513,466;13,40997;52,41647
18674;194324;11;9;9041301;2019;4;16;1;3;6;7;0;1;0;1;0;0;0;0;812159,8944;5819710,566;13,59333;52,43824
18675;194325;11;2;2030302;2019;4;15;1;3;6;7;0;1;0;1;0;0;0;0;800565,0628;5825807,808;13,42877;52,49939
18676;194326;11;3;3061126;2019;4;11;1;3;5;7;0;1;1;0;0;0;0;0;799219,868;5831773,706;13,41438;52,5536
18677;194327;11;10;10010204;2019;4;17;1;2;1;5;0;1;1;0;0;0;0;0;809827,7192;5832983,341;13,57147;52,55851
18678;194328;11;8;8010404;2019;4;3;1;3;1;1;2;0;1;0;0;0;1;0;801780,8785;5822803,604;13,4439;52,47179
18679;194329;11;11;11010206;2019;4;14;1;3;0;2;0;0;0;0;0;0;1;0;806293,0676;5834079,293;13,52051;52,57033
18680;194330;11;3;3071536;2019;4;16;1;3;1;1;0;0;1;0;1;0;0;0;799131,3766;5830269,174;13,41172;52,54017
18681;194331;11;11;11030619;2019;4;7;1;3;0;1;0;1;0;0;0;0;0;0;803822,9132;5829137,841;13,47965;52,52743
18682;194332;11;1;1044201;2019;4;15;1;3;5;2;0;0;1;0;0;0;1;0;796447,1721;5831945,214;13,37376;52,55666
18683;194333;11;1;1033201;2019;4;18;1;3;0;1;0;0;0;0;1;0;0;0;797834,3294;5830450,071;13,39282;52,5425
18684;194334;11;5;5010313;2019;4;3;7;1;9;1;2;0;1;0;0;1;0;0;784381,6805;5829957,697;13,19457;52,54527
18685;194335;11;3;3020203;2019;4;17;7;3;5;2;0;1;1;0;0;0;0;0;796558,2255;5840101,447;13,38269;52,62971
18686;194336;11;9;9051702;2019;4;9;7;2;1;5;0;1;1;0;0;0;0;0;814697,5324;5820825,206;13,63158;52,44678
18687;194337;11;7;7060604;2019;4;14;7;3;1;5;0;1;1;0;0;0;0;0;795538,8427;5815979,416;13,34624;52,41403
18688;194338;11;4;4030827;2019;4;20;7;3;1;5;1;1;1;0;0;0;0;0;792586,5383;5826114,097;13,31184;52,50647
18689;194339;11;2;2010104;2019;4;18;7;3;5;2;0;1;1;0;0;0;0;0;799065,5907;5825613,522;13,40657;52,49847
18690;194340;11;8;8010404;2019;4;15;7;3;3;6;0;1;1;0;0;0;0;0;801701,5992;5822577,47;13,44254;52,46981
18691;194341;11;9;9051702;2019;4;15;7;3;6;4;0;0;1;1;0;0;0;0;814202,5887;5821321,026;13,62479;52,4515
18692;194342;11;5;5010206;2019;4;13;7;3;5;2;0;0;1;0;0;0;0;0;782366,4659;5830501,279;13,1654;52,55119
18693;194343;11;6;6030501;2019;4;13;7;3;0;7;0;1;0;0;0;0;0;0;787534,9809;5817273,121;13,23;52,42989
18694;194344;11;2;2020203;2019;4;12;7;3;5;2;0;0;1;0;0;0;1;0;797751,8312;5824596,901;13,38637;52,49008
18695;194345;11;8;8010301;2019;4;11;7;3;2;2;0;0;0;0;1;0;1;0;801302,133;5823988,251;13,43795;52,48267
18696;194346;11;7;7070703;2019;4;1;7;3;0;3;2;0;1;0;0;0;1;0;799428,2881;5813175,173;13,40075;52,38678
18697;194347;11;8;8041037;2019;4;7;7;2;5;3;0;0;1;0;0;0;0;0;805536,0028;5818566,233;13,49514;52,43173
18698;194348;11;12;12214424;2019;4;8;7;3;5;2;0;1;1;0;0;0;0;0;793390,7319;5832515,873;13,32931;52,56343
18699;194349;11;6;6010205;2019;4;9;7;3;5;3;0;1;1;0;0;0;0;0;795532,0335;5819966,641;13,34967;52,44978
18700;194350;11;7;7070703;2019;4;10;7;3;2;6;0;0;1;0;0;0;0;0;799818,5648;5813186,494;13,40648;52,38667
18701;194351;11;6;6030609;2019;4;10;7;2;6;2;0;0;1;1;0;0;0;0;793275,4515;5819096,086;13,31579;52,44319
18702;194352;11;7;7050501;2019;4;10;7;3;2;2;0;0;1;0;0;0;0;0;798021,4115;5819648,762;13,38591;52,44557
18703;194353;11;2;2040701;2019;4;5;7;2;5;3;2;0;1;0;0;0;1;0;800718,317;5827875,86;13,43289;52,51784
18704;194354;11;11;11030721;2019;5;14;5;3;5;7;0;1;1;0;0;0;0;1;804688,929;5828427,135;13,49173;52,52058
18705;194355;11;1;1033102;2019;5;14;5;3;0;6;0;1;1;0;0;0;0;0;797433,396;5831263,498;13,38765;52,55001
18706;194356;11;6;6010207;2019;5;17;5;3;1;5;0;1;1;0;0;0;0;0;793963,3532;5820437,767;13,32706;52,45484
18707;194357;11;9;9020701;2019;5;12;5;3;5;3;0;1;1;0;0;0;0;0;808809,4645;5819002,117;13,54354;52,43379
18708;194358;11;6;6020306;2019;5;17;5;3;5;3;0;0;1;0;0;0;0;0;796519,01;5817311,25;13,36179;52,42544
18709;194359;11;9;9010302;2019;5;14;5;3;5;3;0;0;1;0;1;0;0;1;804938,7156;5820712,241;13,48834;52,45129
18710;194360;11;4;4030828;2019;5;13;5;3;1;5;0;1;1;0;0;0;0;1;793062,9351;5826099,304;13,31883;52,50608
18711;194361;11;2;2040503;2019;5;17;5;3;2;6;0;1;1;0;0;0;0;0;801492,826;5827923,972;13,44431;52,51784
18712;194362;11;7;7010101;2019;5;14;5;3;5;2;0;1;1;0;0;0;0;0;794770,9525;5825692,85;13,34356;52,50152
18713;194363;11;11;11040926;2019;5;17;5;3;5;2;0;1;1;0;0;0;0;0;804587,552;5826362,866;13,48835;52,50213
18714;194364;11;3;3020209;2019;5;16;5;3;5;3;0;1;1;0;0;0;0;0;798133,1058;5836522,369;13,40267;52,59676
18715;194365;11;2;2040701;2019;5;16;5;3;0;3;0;1;1;0;0;0;0;0;800314,7511;5827618,16;13,42673;52,51575
18716;194366;11;12;12103218;2019;5;16;5;3;2;6;0;0;1;0;0;1;0;0;793590,8079;5832534,444;13,33227;52,56349
18717;194367;11;9;9031202;2019;5;5;5;2;4;6;1;0;0;0;0;0;1;1;816844,0268;5812910,541;13,65557;52,37462
18718;194368;11;9;9041501;2019;5;9;5;2;6;3;0;0;1;1;0;0;0;0;810989,9744;5820319,478;13,57674;52,44436
18719;194369;11;4;4051652;2019;5;8;5;3;3;6;0;1;1;0;0;0;0;0;793444,5305;5823962,165;13,32255;52,48672
18720;194370;11;1;1011302;2019;5;9;5;3;5;3;0;1;0;0;0;0;1;0;799060,4355;5829007,208;13,40954;52,52889
18721;194371;11;8;8010404;2019;5;7;5;3;2;3;0;1;0;0;0;0;0;0;802163,9174;5823362,712;13,45003;52,47659
18722;194372;11;2;2020201;2019;5;7;5;3;5;2;0;1;1;0;0;0;0;1;796768,6885;5826034,571;13,37321;52,5035
18723;194373;11;10;10020622;2019;5;7;5;3;5;3;0;1;1;0;0;0;0;0;811153,5421;5828388,181;13,58667;52,51658
18724;194374;11;2;2050601;2019;5;7;5;3;5;2;0;1;0;0;0;0;1;1;801865,7288;5828983,034;13,45075;52,52713
18725;194375;11;12;12214422;2019;5;7;5;3;5;2;0;1;0;0;0;0;1;0;792304,4734;5833990,785;13,31463;52,57723
18726;194376;11;10;10030724;2019;5;14;5;3;5;2;0;0;0;0;1;0;1;1;809629,5328;5828924,246;13,56478;52,52225
18727;194377;11;12;12103115;2019;5;13;5;3;5;3;0;1;1;0;0;0;0;1;796233,2757;5833661,649;13,37214;52,57216
18728;194378;11;2;2050601;2019;5;13;5;2;4;6;0;0;1;0;0;1;0;1;802126,3503;5828462,974;13,45411;52,52232
18729;194379;11;5;5020523;2019;5;13;5;2;5;2;0;0;1;0;0;0;0;0;782379,9454;5827031,936;13,16265;52,52008
18730;194380;11;9;9052001;2019;5;12;5;3;5;2;0;1;0;0;0;0;0;0;811182,7153;5822107,388;13,58123;52,46028
18731;194381;11;1;1011105;2019;5;11;5;2;5;3;0;0;1;0;0;0;0;0;796437,2104;5826324,14;13,3686;52,50628
18732;194382;11;4;4041137;2019;5;10;5;3;5;2;0;0;1;0;0;0;0;0;791265,9289;5823330,345;13,29001;52,48222
18733;194383;11;4;4020208;2019;5;10;5;3;6;2;0;0;1;1;0;0;0;0;786924,4429;5825820,218;13,2284;52,50684
18734;194384;11;10;10020414;2019;5;6;4;3;5;2;0;1;1;0;0;0;0;0;812227,8769;5830702,522;13,60462;52,5367
18735;194385;11;11;11041128;2019;5;10;4;3;3;6;0;0;0;0;1;0;1;0;807091,4065;5825784,744;13,52459;52,49555
18736;194386;11;3;3071537;2019;5;13;4;3;5;2;0;1;1;0;0;0;0;0;799544,3764;5830089,096;13,41763;52,53832
18737;194387;11;5;5040934;2019;5;10;4;3;2;6;0;0;1;0;0;0;0;0;783940,223;5823367,917;13,18245;52,48642
18738;194388;11;7;7030303;2019;5;20;4;3;6;4;0;0;1;1;0;0;0;0;795431,1577;5821687,531;13,34971;52,46526
18739;194389;11;5;5040936;2019;5;18;4;3;5;3;0;0;1;0;0;0;0;0;780053,1994;5819443,377;13,12207;52,45323
18740;194390;11;2;2050802;2019;5;8;4;3;0;6;0;1;1;0;0;0;0;0;802842,8777;5826587,4;13,46293;52,50512
18741;194391;11;11;11041022;2019;5;7;4;2;6;4;0;0;0;1;0;0;1;0;806602,1766;5827734,549;13,5192;52,5133
18742;194392;11;5;5010101;2019;5;21;4;3;5;3;2;1;1;0;0;0;0;0;784421,2177;5831938,433;13,19685;52,56301
18743;194393;11;3;3061228;2019;5;20;4;2;5;2;1;1;1;0;0;0;0;0;800192,7513;5830931,051;13,42792;52,54551
18744;194394;11;10;10040933;2019;5;16;4;3;5;3;0;1;1;0;0;0;0;0;812640,3779;5825270,994;13,60558;52,4878
18745;194395;11;7;7030303;2019;5;16;4;3;5;2;0;0;1;0;1;0;0;0;795392,1195;5820977,953;13,34851;52,45892
18746;194396;11;8;8041036;2019;5;15;4;3;5;3;0;1;1;0;0;0;0;0;805190,1034;5816496,393;13,48818;52,41337
18747;194397;11;1;1011303;2019;5;15;4;3;2;2;0;1;1;0;0;0;0;0;799109,5983;5828466,017;13,40978;52,52402
18748;194398;11;1;1022206;2019;5;17;4;3;2;6;0;0;1;0;0;0;0;0;795751,8283;5828194,682;13,36019;52,52341
18749;194399;11;4;4020310;2019;5;17;4;3;5;3;0;0;1;0;0;0;0;0;790361,6202;5827321,356;13,28021;52,51848
18750;194400;11;1;1011303;2019;5;16;4;3;2;6;0;0;1;0;1;0;0;0;799567,6423;5828743,121;13,41676;52,52625
18751;194401;11;4;4030930;2019;5;16;4;3;2;6;0;0;1;0;0;0;0;0;792839,8313;5825503,3;13,31503;52,50086
18752;194402;11;6;6040805;2019;5;16;4;3;0;1;0;1;0;0;0;0;0;0;789182,8873;5818567,649;13,25529;52,44063
18753;194403;11;7;7030303;2019;5;15;4;3;2;6;0;0;1;0;0;0;0;0;795437,6871;5821007,018;13,3492;52,45915
18754;194404;11;7;7040403;2019;5;14;4;3;3;6;0;0;1;0;1;0;0;0;797323,5431;5821806,776;13,37759;52,4653
18755;194405;11;5;5010101;2019;5;7;4;2;5;3;0;1;1;0;0;0;0;0;785933,2119;5831674,059;13,21887;52,55985
18756;194406;11;2;2010101;2019;5;13;4;3;0;2;0;1;0;0;0;0;1;0;797034,962;5825879,766;13,37698;52,50197
18757;194407;11;2;2050801;2019;5;15;4;2;0;1;0;0;0;0;1;0;0;0;803360,7658;5826703,563;13,47064;52,50587
18758;194408;11;4;4010101;2019;5;14;4;3;2;6;0;0;1;0;0;0;0;0;791220,753;5830669,205;13,29577;52,54804
18759;194409;11;1;1044101;2019;5;13;4;2;5;2;0;0;1;0;1;0;0;0;794524,6174;5831566,174;13,34514;52,5543
18760;194410;11;9;9041301;2019;5;13;4;3;2;6;0;0;1;0;0;0;0;0;812118,4446;5819731,742;13,59274;52,43845
18761;194411;11;6;6030503;2019;5;12;4;3;6;7;0;0;1;1;0;0;0;0;789932,1301;5817661,168;13,2655;52,43211
18762;194412;11;8;8041037;2019;5;12;4;3;6;7;0;0;1;1;0;0;0;0;805724,102;5816948,163;13,49642;52,41712
18763;194413;11;1;1011303;2019;5;11;4;3;2;6;0;0;1;0;0;0;0;0;799208,301;5828464,611;13,41123;52,52395
18764;194414;11;8;8010213;2019;5;11;4;3;5;2;0;1;1;0;0;0;0;0;801242,3411;5822469,041;13,4357;52,46909
18765;194415;11;1;1011204;2019;5;9;4;3;5;2;0;0;1;0;1;0;0;0;798311,9975;5826963,785;13,39671;52,51099
18766;194416;11;1;1033202;2019;5;9;4;3;5;3;0;1;1;0;0;0;0;0;796971,925;5830138,085;13,37986;52,54017
18767;194417;11;2;2030402;2019;5;9;4;3;5;2;0;0;1;0;1;0;0;0;801945,254;5825652,14;13,4489;52,49723
18768;194418;11;8;8010509;2019;5;9;4;3;0;1;0;0;0;0;1;0;0;0;803825,4356;5822133,277;13,4733;52,46465
18769;194419;11;4;4041134;2019;5;9;4;2;2;6;0;0;1;0;0;0;0;0;790856,9311;5824316,495;13,28486;52,49128
18770;194420;11;5;5020417;2019;5;9;4;3;5;3;0;0;1;0;0;0;0;0;783412,2115;5828627,715;13,17918;52,53385
18771;194421;11;9;9020701;2019;5;9;4;3;5;3;0;0;1;0;0;0;0;0;807416,0147;5818311,215;13,52247;52,42839
18772;194422;11;3;3040818;2019;5;8;4;3;2;2;0;0;1;0;0;0;0;0;800276,0341;5831757,379;13,4299;52,55288
18773;194423;11;2;2040701;2019;5;8;4;3;5;2;0;1;1;0;0;0;0;0;800426,7408;5827979,713;13,4287;52,51893
18774;194424;11;11;11020513;2019;5;8;4;3;0;2;0;0;0;0;0;1;1;0;802985,7456;5830861,267;13,46892;52,54334
18775;194425;11;4;4030828;2019;5;7;4;3;0;5;0;1;1;0;0;0;0;0;793543,0094;5826368,36;13,32612;52,50824
18776;194426;11;1;1022202;2019;5;6;4;3;5;2;0;0;1;0;1;0;0;0;796305,05;5828920,954;13,36897;52,52962
18777;194427;11;4;4020311;2019;5;8;3;3;0;6;0;0;1;0;0;0;0;0;789148,2701;5826072,509;13,26129;52,50793
18778;194428;11;1;1011101;2019;5;19;3;3;0;3;0;0;1;0;1;0;0;0;795314,6341;5826263,095;13,35205;52,50634
18779;194429;11;1;1011103;2019;5;19;3;3;5;3;0;1;1;0;0;0;0;0;795384,968;5826005,478;13,35286;52,50399
18780;194430;11;2;2040703;2019;5;19;3;3;1;5;0;1;1;0;0;0;0;0;801667,8082;5826285,162;13,4454;52,50306
18781;194431;11;2;2030301;2019;5;22;3;3;1;5;2;1;1;0;0;0;0;0;799612,2945;5826218,574;13,41514;52,50359
18782;194432;11;3;3061429;2019;5;18;3;3;6;6;0;1;0;1;0;0;0;0;801137,6586;5830739,437;13,44164;52,54328
18783;194433;11;12;12302107;2019;5;18;3;3;5;2;0;0;1;0;1;0;0;0;794338,8013;5835703,626;13,34608;52,59149
18784;194434;11;7;7050503;2019;5;18;3;3;0;1;0;0;1;0;0;0;0;0;799004,597;5819644,293;13,40032;52,445
18785;194435;11;11;11020514;2019;5;13;3;3;2;6;0;0;1;0;0;0;0;0;804498,2384;5830968,062;13,49125;52,54346
18786;194436;11;8;8010214;2019;5;17;3;3;5;2;0;0;1;0;1;0;0;0;801679,8523;5822337,213;13,442;52,46767
18787;194437;11;9;9020702;2019;5;17;3;2;0;1;0;1;1;0;0;0;0;0;809143,0648;5819515,67;13,54891;52,43821
18788;194438;11;3;3050924;2019;5;17;3;3;4;5;0;0;1;0;0;0;1;0;801387,7637;5831905,76;13,44638;52,55359
18789;194439;11;5;5010314;2019;5;16;3;3;2;6;0;0;1;0;0;0;0;0;785279,4718;5829297,366;13,20721;52,53888
18790;194440;11;3;3061228;2019;5;16;3;3;5;2;0;1;1;0;0;0;0;0;800938,789;5831179,531;13,43912;52,54733
18791;194441;11;5;5010314;2019;5;15;3;3;2;6;0;0;1;0;1;0;0;0;784645,6254;5829284,376;13,19788;52,5391
18792;194442;11;4;4030622;2019;5;16;3;2;6;7;0;0;1;1;0;0;0;0;792023,8119;5827237,286;13,30456;52,51684
18793;194443;11;2;2050801;2019;5;15;3;2;3;6;0;1;1;0;0;0;0;0;802483,9704;5827406,978;13,4584;52,51266
18794;194444;11;2;2020203;2019;5;15;3;3;2;6;0;0;1;0;0;0;0;0;797826,775;5824903,963;13,38774;52,49279
18795;194445;11;2;2050802;2019;5;12;3;3;1;5;0;1;1;0;0;0;0;0;802214,33;5827126,509;13,45419;52,5103
18796;194446;11;4;4030518;2019;5;11;3;3;4;6;0;0;1;0;0;1;0;0;792003,4164;5828567,033;13,30543;52,52877
18797;194447;11;1;1011401;2019;5;10;3;3;3;6;0;1;1;0;0;0;0;0;797360,28;5829277,149;13,3848;52,53224
18798;194448;11;4;4030929;2019;5;9;3;3;5;3;0;1;1;0;0;0;0;0;792625,7998;5825458,587;13,31184;52,50057
18799;194449;11;4;4030519;2019;5;8;3;3;5;3;0;0;1;0;1;0;0;0;792066,9018;5828230,815;13,30607;52,52573
18800;194450;11;12;12302107;2019;5;8;3;3;2;2;0;0;1;0;0;0;1;0;794382,21;5836232,761;13,34719;52,59621
18801;194451;11;1;1011201;2019;5;7;3;3;1;5;0;1;1;0;0;0;0;0;797309,0304;5827210,91;13,3822;52,51375