;OBJECTID;LAND;BEZ;LOR;UJAHR;UMONAT;USTUNDE;UWOCHENTAG;UKATEGORIE;UART;UTYP1;ULICHTVERH;IstRad;IstPKW;IstFuss;IstKrad;IstGkfz;IstSonstige;USTRZUSTAND;LINREFX;LINREFY;XGCSWGS84;YGCSWGS84
18802;194452;11;12;12301205;2019;5;7;3;3;5;3;0;1;1;0;0;0;0;0;791780,7795;5836929,471;13,30951;52,60386
18803;194453;11;1;1011303;2019;5;7;3;3;3;6;0;0;1;0;0;0;0;0;799589,1844;5828777,55;13,41711;52,52654
18804;194454;11;12;12214421;2019;5;5;3;3;2;6;1;0;1;0;1;0;0;1;793438,7793;5833416,061;13,33081;52,57147
18805;194455;11;3;3061126;2019;5;15;2;2;5;2;0;1;1;0;0;0;0;0;798963,3807;5831449,056;13,41032;52,55083
18806;194456;11;6;6020409;2019;5;10;2;3;1;5;0;0;1;0;0;0;0;0;793893,1798;5817750,323;13,32367;52,43079
18807;194457;11;1;1011204;2019;5;16;2;3;2;2;0;0;1;0;0;0;1;0;798699,8408;5827083,256;13,40252;52,51185
18808;194458;11;1;1022104;2019;5;22;2;3;5;3;2;1;1;0;0;0;0;0;794558,808;5828452,024;13,34289;52,52637
18809;194459;11;4;4030621;2019;5;20;2;2;6;4;2;0;1;1;0;0;0;0;793201,119;5827792,842;13,32235;52,52119
18810;194460;11;1;1011305;2019;5;19;2;2;5;3;0;1;1;0;0;0;0;0;799457,4152;5827067,357;13,41363;52,51129
18811;194461;11;1;1011103;2019;5;19;2;3;2;6;2;0;1;0;0;0;0;0;795770,2352;5825717,509;13,35826;52,5012
18812;194462;11;2;2020202;2019;5;18;2;3;0;2;0;1;1;0;0;0;0;0;797913,354;5825279,649;13,38935;52,49611
18813;194463;11;6;6040808;2019;5;18;2;3;2;6;0;0;1;0;0;0;0;1;790162,74;5819744,332;13,27069;52,45066
18814;194464;11;7;7040403;2019;5;17;2;2;2;6;0;0;1;0;1;0;0;0;797256,1102;5820930,401;13,37582;52,45748
18815;194465;11;7;7010103;2019;5;16;2;3;5;3;0;1;1;0;0;0;0;0;795620,9184;5824477,768;13,35497;52,49017
18816;194466;11;11;11020412;2019;5;17;2;3;5;3;0;0;1;0;0;0;0;0;806390,923;5831399,427;13,51947;52,54626
18817;194467;11;6;6040701;2019;5;16;2;3;1;5;0;1;1;0;0;0;0;0;784491,9874;5816959,32;13,1851;52,42867
18818;194468;11;6;6030610;2019;5;16;2;3;2;6;0;0;1;0;0;0;0;0;792382,0905;5818469,596;13,30214;52,43805
18819;194469;11;5;5010339;2019;5;17;2;3;1;5;0;0;1;0;0;0;1;0;787737,8261;5828231,447;13,24243;52,52803
18820;194470;11;3;3061126;2019;5;16;2;3;5;2;0;1;1;0;0;0;0;0;799215,0969;5831774,087;13,41431;52,55361
18821;194471;11;4;4030930;2019;5;16;2;3;0;3;0;0;1;0;0;0;1;0;793133,5202;5825589,392;13,31942;52,50147
18822;194472;11;8;8030831;2019;5;15;2;3;2;6;0;0;1;0;0;0;0;0;803926,2493;5818240,965;13,47124;52,42971
18823;194473;11;1;1011203;2019;5;15;2;3;1;5;0;1;1;0;0;0;1;0;798120,5502;5827409,443;13,3943;52,51509
18824;194474;11;3;3010102;2019;5;14;2;3;1;5;0;1;1;0;0;0;0;0;804085,3347;5840223,73;13,49368;52,62664
18825;194475;11;6;6040809;2019;5;14;2;3;5;2;0;1;1;0;0;0;0;0;791620,21;5820656,732;13,29287;52,45806
18826;194476;11;4;4030623;2019;5;13;2;3;0;5;0;0;1;0;0;0;0;0;793542,2895;5826345,978;13,32609;52,50804
18827;194477;11;9;9041601;2019;5;13;2;3;5;3;0;1;1;0;0;0;0;0;817518,8169;5818243,225;13,67051;52,42201
18828;194478;11;12;12103115;2019;5;16;2;3;5;3;0;1;1;0;0;0;0;0;796310,0035;5833949,513;13,37353;52,5747
18829;194479;11;7;7040404;2019;5;13;2;3;5;3;0;1;1;0;0;0;0;0;797010,2559;5820402,42;13,37174;52,45288
18830;194480;11;6;6030608;2019;5;12;2;3;1;5;0;0;1;0;0;0;0;0;792494,8062;5817042,861;13,30254;52,4252
18831;194481;11;7;7050502;2019;5;11;2;2;3;6;0;1;0;0;0;1;0;0;798156,9645;5819022,544;13,38734;52,43989
18832;194482;11;7;7070702;2019;5;6;2;3;5;3;0;0;1;0;1;0;0;0;800637,2129;5814907,274;13,42002;52,40164
18833;194483;11;10;10020517;2019;5;7;2;3;6;2;0;0;1;1;0;0;0;0;812420,0484;5830374,664;13,60714;52,53366
18834;194484;11;4;4041241;2019;5;12;2;3;5;2;0;1;1;0;0;0;0;0;791877,6547;5822388,264;13,29816;52,47345
18835;194485;11;6;6040810;2019;5;7;2;3;6;4;0;1;0;1;0;0;0;0;790951,9943;5820700,806;13,2831;52,45881
18836;194486;11;8;8010509;2019;5;6;2;3;5;3;0;0;1;0;1;0;0;0;803863,6123;5821820,379;13,47358;52,46182
18837;194487;11;3;3020209;2019;5;6;2;3;5;3;0;0;1;0;1;0;0;0;797866,2487;5835308,021;13,39765;52,58603
18838;194488;11;6;6020304;2019;5;7;2;3;5;7;0;1;1;0;0;0;0;0;794848,6531;5817553,856;13,33751;52,42852
18839;194489;11;5;5010314;2019;5;7;2;3;5;2;0;0;1;0;0;0;0;0;785604,077;5828574,33;13,21136;52,53223
18840;194490;11;12;12302110;2019;5;7;2;3;6;4;0;0;1;1;0;0;0;0;794782,184;5836291,863;13,35313;52,59652
18841;194491;11;7;7040401;2019;5;8;2;2;5;3;0;0;1;0;0;0;0;0;797688,6443;5823493,14;13,38445;52,48022
18842;194492;11;6;6030607;2019;5;8;2;3;0;3;0;0;1;0;1;0;0;0;791348,9019;5816108,091;13,28492;52,41743
18843;194493;11;11;11041022;2019;5;8;2;2;6;4;0;0;1;1;0;0;0;0;806606,4847;5827753,215;13,51928;52,51346
18844;194494;11;1;1011203;2019;5;9;2;3;3;6;0;1;0;0;0;0;0;0;798277,7946;5827479,54;13,39667;52,51563
18845;194495;11;9;9020701;2019;5;9;2;3;3;6;0;0;1;0;0;0;1;0;808537,5568;5819110,451;13,53965;52,43492
18846;194496;11;4;4051655;2019;5;9;2;3;6;4;0;0;1;1;0;0;0;0;794044,3734;5823103,788;13,3306;52,4787
18847;194497;11;6;6040810;2019;5;10;2;3;5;2;0;0;1;0;0;0;0;0;790148,897;5819770,493;13,27051;52,4509
18848;194498;11;1;1011304;2019;5;10;2;3;5;3;0;1;0;0;0;0;1;0;799687,8117;5827827,087;13,4177;52,51797
18849;194499;11;4;4020310;2019;5;10;2;2;2;6;0;0;1;0;0;0;0;0;788261,2005;5827800,388;13,24975;52,52389
18850;194500;11;4;4030929;2019;5;10;2;3;2;6;0;1;1;0;0;0;0;0;792705,4296;5825893,894;13,31339;52,50443
18851;194501;11;4;4030827;2019;5;11;2;3;1;5;0;1;1;0;0;0;0;0;792298,4509;5826012,903;13,30752;52,50572
18852;194502;11;9;9020601;2019;5;11;2;3;5;2;0;1;1;0;0;0;0;0;805903,9782;5821819,79;13,50352;52,46068
18853;194503;11;12;12103116;2019;5;11;2;3;6;4;0;0;1;1;0;0;0;0;796727,9007;5833305,516;13,3791;52,5687
18854;194504;11;5;5010312;2019;5;11;2;3;5;2;0;1;1;0;0;0;0;0;785077,1717;5829876,784;13,20473;52,54418
18855;194505;11;9;9051702;2019;5;12;2;3;0;1;0;1;0;0;0;0;0;0;814202,1963;5821284,925;13,62475;52,45118
18856;194506;11;5;5020417;2019;5;12;2;3;3;6;0;0;1;0;0;0;0;0;783024,355;5828580,341;13,17344;52,53363
18857;194507;11;1;1033202;2019;5;5;1;3;6;4;1;1;0;1;0;0;0;0;797451,1788;5830054,635;13,38683;52,53916
18858;194508;11;1;1011201;2019;5;15;1;3;5;2;0;1;1;0;0;0;0;0;796960,8965;5826701,878;13,37663;52,50938
18859;194509;11;8;8010404;2019;5;17;1;3;0;7;0;0;1;0;1;0;0;0;802024,3567;5823487,484;13,4481;52,47779
18860;194510;11;6;6020303;2019;5;17;1;3;1;5;0;1;1;0;0;0;0;0;795285,1301;5818576,985;13,34482;52,43745
18861;194511;11;8;8010118;2019;5;14;1;3;5;2;0;1;1;0;0;0;0;0;800773,2206;5822754,829;13,42907;52,47191
18862;194512;11;3;3071537;2019;5;14;1;3;6;4;0;1;0;1;0;0;0;0;799854,3403;5829796,666;13,42192;52,53553
18863;194513;11;8;8010118;2019;5;12;1;3;6;4;0;0;0;1;1;0;0;0;800851,5144;5822529,81;13,43002;52,46985
18864;194514;11;2;2020204;2019;5;14;1;2;6;4;0;1;0;1;0;0;0;0;798715,6214;5825011,778;13,40089;52,49327
18865;194515;11;10;10020621;2019;5;18;1;2;6;4;0;0;1;1;0;0;0;0;811408,0764;5829835,227;13,59176;52,5294
18866;194516;11;8;8041037;2019;5;20;1;2;5;3;1;0;1;0;0;0;0;0;805316,4929;5817686,377;13,49112;52,42396
18867;194517;11;2;2010104;2019;5;11;1;2;6;4;0;0;1;1;0;0;0;0;799701,9112;5825677,409;13,41597;52,49869
18868;194518;11;8;8020726;2019;5;9;1;3;5;3;0;0;1;0;1;0;0;0;799852,9118;5816514,875;13,40996;52,41648
18869;194519;11;4;4030929;2019;5;8;1;2;0;2;0;0;1;0;0;0;0;0;792707,631;5825467,903;13,31305;52,50061
18870;194520;11;12;12301205;2019;5;3;1;2;1;5;2;0;1;0;0;0;0;0;791625,9962;5836754,338;13,30708;52,60237
18871;194521;11;6;6010101;2019;5;13;1;3;2;6;0;0;1;0;0;0;1;0;793396,6998;5820359,578;13,31868;52,45445
18872;194522;11;12;12214527;2019;5;14;1;3;5;2;0;0;1;0;0;0;0;0;789903,1543;5835694,804;13,28078;52,59379
18873;194523;11;7;7010101;2019;5;16;7;2;6;2;0;0;0;1;0;0;1;0;794963,4986;5824889,041;13,34568;52,49421
18874;194524;11;4;4051655;2019;5;12;7;3;1;5;0;0;1;0;0;0;0;0;794221,9305;5823923,713;13,33393;52,48596
18875;194525;11;3;3040614;2019;5;19;7;3;5;2;1;1;1;0;0;0;0;0;800025,0322;5834542,94;13,42872;52,57798
18876;194526;11;1;1011402;2019;5;17;7;3;5;3;0;1;0;0;0;0;1;0;798731,3362;5829568,325;13,40521;52,5341
18877;194527;11;12;12302108;2019;5;21;7;2;6;4;2;0;1;1;0;0;0;0;793826,5854;5836350,248;13,33912;52,59757
18878;194528;11;12;12302108;2019;5;21;7;3;6;6;2;0;1;1;0;0;0;0;793817,42;5836446,814;13,33907;52,59844
18879;194529;11;1;1044101;2019;5;19;7;3;5;2;0;1;1;0;0;0;0;0;794526,2011;5831579,001;13,34518;52,55442
18880;194530;11;9;9020802;2019;5;19;7;3;5;3;0;0;1;0;0;0;0;0;810306,2572;5819727,921;13,56616;52,43945
18881;194531;11;7;7050501;2019;5;17;7;3;5;2;0;0;1;0;1;0;0;0;797213,3135;5819550,569;13,37396;52,44513
18882;194532;11;9;9041501;2019;5;18;7;3;2;6;0;0;1;0;0;0;0;1;811260,2851;5820195,324;13,58059;52,4431
18883;194533;11;10;10040933;2019;5;18;7;2;1;5;0;0;1;0;1;0;0;0;813910,8792;5825561,296;13,6245;52,48967
18884;194534;11;1;1044202;2019;5;18;7;3;2;6;0;0;1;0;0;0;0;0;795045,571;5830316,297;13,3517;52,54282
18885;194535;11;10;10020413;2019;5;17;7;3;5;3;0;0;1;0;1;0;0;0;812010,4312;5830589,805;13,60132;52,53582
18886;194536;11;1;1011306;2019;5;16;7;3;1;5;0;0;1;0;0;0;0;0;799906,8773;5826955,879;13,42014;52,51004
18887;194537;11;2;2030401;2019;5;1;7;3;5;3;2;0;1;0;0;0;0;1;800871,0992;5825304,613;13,43281;52,49471
18888;194538;11;5;5020523;2019;5;14;7;2;0;6;0;0;1;0;0;0;1;0;782434,9399;5827016,673;13,16344;52,51991
18889;194539;11;1;1044101;2019;5;14;7;3;6;4;0;0;1;1;0;0;0;1;794790,4156;5831159,972;13,34869;52,55052
18890;194540;11;10;10020413;2019;5;13;7;2;0;1;0;1;0;0;0;0;0;0;810968,6965;5830834,146;13,58624;52,5386
18891;194541;11;8;8041040;2019;5;13;7;3;5;2;0;1;1;0;0;0;0;0;805807,5909;5816836,148;13,49754;52,41607
18892;194542;11;12;12301206;2019;5;12;7;3;5;3;0;1;1;0;0;0;0;0;793791,716;5838387,289;13,34041;52,61584
18893;194543;11;3;3030406;2019;5;11;7;3;5;3;0;0;1;0;0;0;0;0;802871,7582;5838290,452;13,47403;52,60999
18894;194544;11;6;6040701;2019;5;10;7;3;0;1;0;0;1;0;0;0;0;0;784608,7136;5816618,354;13,18652;52,42555
18895;194545;11;4;4051551;2019;5;3;6;3;1;1;2;0;1;0;0;0;0;0;793294,5183;5823078,694;13,31957;52,47888
18896;194546;11;10;10040933;2019;5;8;6;3;5;2;0;1;1;0;0;0;0;0;813089,3001;5827106,998;13,61389;52,50399
18897;194547;11;9;9051901;2019;5;12;6;3;6;7;0;0;1;1;0;0;0;0;811036,5617;5821843,097;13,57884;52,45799
18898;194548;11;5;5040936;2019;5;14;6;3;6;6;0;0;1;1;0;0;0;0;781031,1745;5819392,18;13,13638;52,45227
18899;194549;11;7;7030301;2019;5;22;6;3;2;2;2;0;1;0;0;0;0;0;794083,5444;5821722,798;13,32996;52,4663
18900;194550;11;7;7040403;2019;5;6;6;3;3;6;0;0;1;0;0;0;1;0;797300,836;5821360,397;13,37686;52,46131
18901;194551;11;2;2030402;2019;5;21;6;3;6;4;2;1;0;1;0;0;0;0;801475,9238;5825766,403;13,44211;52,49852
18902;194552;11;8;8010303;2019;5;19;6;3;1;5;0;1;1;0;0;0;1;0;801422,6668;5823868,016;13,43961;52,48153
18903;194553;11;8;8010301;2019;5;7;6;3;5;3;0;0;1;0;0;0;0;0;800566,6502;5825140,195;13,42819;52,4934
18904;194554;11;12;12103219;2019;5;18;6;3;5;2;0;0;1;0;0;0;0;0;795066,6558;5832467,641;13,35392;52,56209
18905;194555;11;7;7010104;2019;5;18;6;3;1;5;0;1;1;0;0;0;1;0;796478,9357;5824878,982;13,36792;52,4933
18906;194556;11;11;11020411;2019;5;7;6;3;1;1;0;0;1;0;0;1;0;0;804591,1166;5832766,386;13,49427;52,55952
18907;194557;11;9;9020701;2019;5;17;6;3;5;3;0;1;1;0;0;0;0;0;807405,1348;5818330,199;13,52233;52,42856
18908;194558;11;1;1011302;2019;5;8;6;3;5;2;0;1;1;0;0;0;0;0;799055,7572;5828996,62;13,40947;52,5288
18909;194559;11;1;1011201;2019;5;8;6;3;1;5;0;1;1;0;0;0;0;0;797320,9324;5827179,819;13,38234;52,51346
18910;194560;11;6;6040701;2019;5;0;6;3;1;5;2;1;0;0;0;1;1;0;781636,4579;5814901,696;13,14148;52,4117
18911;194561;11;1;1011301;2019;5;8;6;3;2;6;0;0;1;0;1;0;0;0;796689,4316;5828765,441;13,37448;52,52802
18912;194562;11;5;5020626;2019;5;9;6;2;6;4;0;0;1;1;0;0;0;0;784637,7828;5827259,952;13,19603;52,52095
18913;194563;11;7;7060603;2019;5;9;6;2;6;4;0;0;1;1;0;0;0;0;798082,9263;5815826,686;13,3834;52,41128
18914;194564;11;1;1011204;2019;5;9;6;3;5;5;0;0;1;0;1;0;0;0;797954,8117;5826681,062;13,39121;52,50865
18915;194565;11;1;1022106;2019;5;10;6;3;1;5;0;0;1;0;1;0;0;0;793890,4918;5827657,664;13,33236;52,51961
18916;194566;11;6;6010209;2019;5;11;6;3;2;6;0;0;1;0;0;0;0;0;794204,3995;5821446,042;13,33149;52,46375
18917;194567;11;5;5020625;2019;5;12;6;3;2;6;0;0;1;0;0;0;0;0;784791,3084;5828770,72;13,19958;52,53442
18918;194568;11;8;8010301;2019;5;12;6;3;5;2;0;1;0;0;0;0;1;0;800975,2383;5824764,517;13,43385;52,48981
18919;194569;11;2;2020204;2019;5;13;6;2;5;3;0;0;1;0;1;0;0;0;798420,4282;5824745,839;13,39632;52,49105
18920;194570;11;6;6010101;2019;5;13;6;3;5;7;0;1;1;0;0;0;0;0;793077,4855;5820686,071;13,31428;52,45755
18921;194571;11;3;3061332;2019;5;13;6;3;0;7;0;0;1;0;1;0;0;0;800033,175;5830686,507;13,42536;52,54341
18922;194572;11;1;1033102;2019;5;14;6;3;2;6;0;0;1;0;1;0;0;0;797571,7037;5831890,308;13,39025;52,55555
18923;194573;11;2;2020203;2019;5;15;6;3;5;7;0;0;1;0;1;0;0;0;797032,9532;5824470,717;13,3757;52,48934
18924;194574;11;12;12301203;2019;5;15;6;2;5;2;0;1;1;0;0;0;0;0;793539,1536;5835464,04;13,3341;52,58978
18925;194575;11;1;1011204;2019;5;16;5;3;1;5;0;1;1;0;0;0;1;0;797991,7643;5826838,456;13,3919;52,51004
18926;194576;11;3;3061429;2019;5;8;5;3;5;3;0;1;1;0;0;0;0;0;801415,9424;5830909,621;13,44589;52,54465
18927;194577;11;8;8010510;2019;5;6;5;2;2;7;0;0;1;0;1;0;0;0;803600,451;5821923,667;13,46981;52,4629
18928;194578;11;1;1011203;2019;5;11;5;3;6;2;0;0;1;1;0;0;0;0;797913,3963;5827274,605;13,39113;52,51399
18929;194579;11;9;9020701;2019;5;18;5;3;5;2;0;1;1;0;0;0;0;0;808974,666;5818112,353;13,54514;52,42573
18930;194580;11;1;1011305;2019;5;18;5;3;0;3;0;1;1;0;0;0;0;0;799126,1116;5827120,575;13,40881;52,51195
18931;194581;11;1;1011306;2019;5;8;5;3;5;3;0;1;1;0;0;0;0;0;799898,9024;5826523,844;13,41963;52,50617
18932;194582;11;12;12214422;2019;5;16;5;3;5;2;0;1;1;0;0;0;0;0;792217,2608;5833939,835;13,3133;52,57682
18933;194583;11;4;4030621;2019;5;15;5;3;1;5;0;0;1;0;1;0;0;0;793503,6914;5827893,08;13,32689;52,52193
18934;194584;11;2;2010103;2019;5;14;5;3;5;5;0;1;1;0;0;0;0;0;799564,6194;5826307,676;13,41452;52,50442
18935;194585;11;8;8030830;2019;5;15;5;2;5;2;0;0;1;0;0;0;0;0;802294,9254;5817848,234;13,44697;52,42709
18936;194586;11;12;12301203;2019;5;15;5;3;2;6;0;0;1;0;0;0;0;0;792548,31;5834467,682;13,31864;52,58138
18937;194587;11;3;3051022;2019;5;15;5;2;5;2;0;0;1;0;1;0;0;0;803342,4377;5831580,71;13,47482;52,54959
18938;194588;11;6;6010101;2019;5;9;5;2;5;3;0;1;1;0;0;0;0;0;792711,912;5821670,605;13,30978;52,46657
18939;194589;11;5;5030730;2019;5;12;5;3;5;3;0;0;0;0;1;0;1;0;786106,7127;5829356,904;13,21942;52,53898
18940;194590;11;1;1022103;2019;5;12;5;3;5;2;0;1;0;0;0;1;0;0;793500,9477;5829389,725;13,32817;52,53534
18941;194591;11;4;4030725;2019;5;11;5;3;5;3;0;0;1;0;0;0;0;0;791292,4732;5826060,761;13,29278;52,50669
18942;194592;11;6;6010102;2019;5;15;5;3;6;7;0;0;1;1;0;0;0;0;793520,2365;5820658,453;13,32076;52,45706
18943;194593;11;9;9030903;2019;5;15;5;3;6;7;0;0;1;1;0;0;0;0;808749,8299;5815317,378;13,53927;52,4008
18944;194594;11;7;7010104;2019;5;10;5;3;5;3;0;1;1;0;0;0;0;0;796364,5711;5825091,324;13,36643;52,49526
18945;194595;11;2;2050803;2019;5;10;5;3;5;2;0;0;1;0;0;0;1;0;802950,2125;5826077,699;13,46404;52,50049
18946;194596;11;7;7030303;2019;5;8;5;3;2;6;0;0;1;0;0;0;1;0;795332,6233;5821559,26;13,34815;52,46416
18947;194597;11;1;1011303;2019;5;8;5;3;3;6;0;0;0;0;0;0;1;0;799113,834;5828309,341;13,4097;52,52261
18948;194598;11;2;2010102;2019;5;8;5;2;0;1;0;0;0;0;1;0;0;0;798433,2438;5826505,333;13,39808;52,50681
18949;194599;11;2;2040701;2019;5;0;5;3;1;5;2;1;1;0;0;0;0;0;800645,1725;5827393,033;13,43138;52,51355
18950;194600;11;7;7040403;2019;5;8;5;3;0;1;0;1;0;0;0;0;0;0;797284,0038;5821143,507;13,37642;52,45938
18951;194601;11;2;2040703;2019;5;16;4;3;6;2;0;1;0;1;0;0;0;0;800921,742;5826861,776;13,43496;52,50864
18952;194602;11;6;6030610;2019;5;19;4;3;5;2;0;0;1;0;0;0;0;0;792938,7022;5817767,983;13,30969;52,43146
18953;194603;11;8;8010303;2019;5;19;4;2;3;6;0;0;1;0;0;0;0;0;801027,423;5823894,033;13,43383;52,48198
18954;194604;11;2;2030401;2019;5;22;4;3;6;4;2;1;0;1;0;0;0;0;800480,428;5825761,597;13,42748;52,49902
18955;194605;11;3;3030716;2019;5;12;4;3;5;2;0;1;1;0;0;0;0;0;803366,1508;5833523,539;13,47695;52,56699
18956;194606;11;5;5020625;2019;5;21;4;2;2;6;2;0;1;0;1;0;0;0;784391,5608;5828680,705;13,19362;52,53382
18957;194607;11;12;12302107;2019;5;19;4;3;5;2;0;0;1;0;1;0;0;0;794339,284;5835706,267;13,34609;52,59152
18958;194608;11;2;2040701;2019;5;18;4;3;6;7;0;0;1;1;0;0;0;0;801071,1201;5827121,581;13,43739;52,51089
18959;194609;11;9;9010101;2019;5;18;4;3;6;2;0;0;1;1;0;0;0;0;802309,9897;5825530,661;13,45414;52,49594
18960;194610;11;7;7040403;2019;5;14;4;3;6;7;0;1;0;1;0;0;0;0;797855,0421;5821652,03;13,38525;52,46362
18961;194611;11;4;4031032;2019;5;13;4;3;5;2;0;0;1;0;1;0;0;0;791577,9677;5824878,875;13,29594;52,49594
18962;194612;11;6;6040809;2019;5;13;4;3;1;5;0;1;1;0;0;0;1;0;792269,5007;5820610,285;13,30236;52,4573
18963;194613;11;5;5030731;2019;5;12;4;3;2;2;0;0;1;0;1;0;0;0;787665,0754;5829975,328;13,24287;52,54371
18964;194614;11;4;4030620;2019;5;12;4;3;3;6;0;1;1;0;0;0;0;0;792661,1466;5827139,968;13,31384;52,51563
18965;194615;11;2;2010103;2019;5;17;4;3;5;2;0;0;1;0;1;0;0;0;798718,12;5825880,516;13,40171;52,50105
18966;194616;11;8;8020625;2019;5;12;4;3;5;3;0;0;1;0;0;0;0;0;801478,55;5817971,456;13,43511;52,42865
18967;194617;11;12;12231102;2019;5;12;4;3;5;3;0;1;1;0;0;0;0;0;790579,008;5839713,713;13,29426;52,62946
18968;194618;11;4;4051448;2019;5;15;4;3;0;2;0;0;1;0;0;0;1;0;793503,5733;5825309,422;13,32461;52,49876
18969;194619;11;4;4051549;2019;5;15;4;3;0;6;0;1;1;0;0;0;0;0;793303,0783;5823754,17;13,32029;52,48493
18970;194620;11;10;10020622;2019;5;16;4;3;2;1;0;0;1;0;0;0;0;0;810512,3879;5827974,251;13,57686;52,51323
18971;194621;11;2;2010103;2019;5;10;4;3;0;1;0;0;0;0;1;0;0;1;799282,541;5826219,366;13,4103;52,50378
18972;194622;11;12;12304313;2019;4;17;3;3;5;3;0;1;1;0;0;0;0;0;790967,1499;5834529,37;13,29542;52,58278
18973;194623;11;7;7010104;2019;4;6;3;2;5;3;0;0;1;0;1;0;0;0;796332,2021;5825092,714;13,36596;52,49529
18974;194624;11;1;1033102;2019;4;9;3;3;2;2;0;0;1;0;0;0;0;0;797179,4009;5831917,919;13,3845;52,55601
18975;194625;11;9;9020701;2019;4;15;3;3;6;6;0;1;0;1;0;0;0;0;808562,4573;5819104,777;13,54001;52,43485
18976;194626;11;2;2030301;2019;4;17;3;3;1;5;0;0;1;0;1;0;0;0;799852,1146;5825823,338;13,41831;52,49992
18977;194627;11;1;1044101;2019;4;7;3;3;2;6;1;0;1;0;0;0;0;0;793878,0004;5830231,523;13,33445;52,54269
18978;194628;11;9;9020701;2019;4;23;3;3;5;3;2;0;1;0;1;0;0;0;807417,0875;5818311,38;13,52249;52,42839
18979;194629;11;1;1033203;2019;4;15;3;2;5;2;0;0;0;0;1;0;1;0;796634,192;5829789,723;13,37458;52,53723
18980;194630;11;1;1044201;2019;4;15;3;3;3;6;0;1;1;0;0;0;0;0;796919,9784;5831542,388;13,38035;52,55279
18981;194631;11;9;9010401;2019;4;15;3;3;5;3;0;1;1;0;0;0;0;0;806015,4078;5820102,357;13,50358;52,44523
18982;194632;11;7;7040401;2019;4;15;3;3;5;3;0;1;0;0;0;0;1;0;797146,8825;5823822,619;13,37679;52,48347
18983;194633;11;7;7030301;2019;4;15;3;3;5;3;0;1;1;0;0;0;0;0;793747,1463;5821713,614;13,32501;52,4664
18984;194634;11;4;4020314;2019;4;15;3;2;5;7;0;1;1;0;0;0;0;0;790410,8026;5825382,653;13,27924;52,50108
18985;194635;11;2;2010102;2019;4;15;3;2;5;2;0;1;1;0;0;0;0;0;798680,0182;5826445,145;13,40165;52,50614
18986;194636;11;1;1022201;2019;4;15;3;2;5;7;0;0;1;0;1;0;0;0;794854,6689;5828992,144;13,34771;52,53105
18987;194637;11;2;2010102;2019;4;14;3;3;5;3;0;1;1;0;0;0;0;0;798514,8682;5826169,425;13,39898;52,50376
18988;194638;11;1;1022101;2019;4;14;3;3;5;2;0;1;0;0;0;1;0;0;793408,2861;5829078,436;13,32653;52,5326
18989;194639;11;10;10040933;2019;4;14;3;3;3;6;0;1;0;0;0;0;1;0;813212,9248;5825316,6;13,61403;52,48788
18990;194640;11;4;4030724;2019;4;15;3;3;1;5;0;0;1;0;0;0;0;0;791051,6605;5826351,101;13,2895;52,50942
18991;194641;11;7;7020203;2019;4;13;3;3;5;7;0;1;1;0;0;0;0;0;795707,2049;5824041,262;13,35585;52,48621
18992;194642;11;4;4051446;2019;4;11;3;3;5;2;0;1;1;0;0;0;0;0;792891,6925;5824757,108;13,31513;52,49414
18993;194643;11;9;9020501;2019;4;6;3;3;5;7;0;0;1;0;0;1;0;0;806236,026;5822494,019;13,50901;52,46654
18994;194644;11;3;3061228;2019;5;18;5;3;2;6;0;0;1;0;0;0;0;0;800925,6469;5831198,171;13,43894;52,5475
18995;194645;11;10;10010203;2019;4;6;3;3;1;5;0;0;1;0;0;1;0;0;807447,0093;5830728,883;13,53438;52,53966
18996;194646;11;5;5030731;2019;4;6;3;3;5;3;0;0;1;0;0;0;0;0;787269,2566;5830242,612;13,23728;52,54631
18997;194647;11;7;7050502;2019;5;18;5;3;5;3;0;0;1;0;0;0;0;0;797929,7911;5818556,127;13,38359;52,43583
18998;194648;11;3;3061126;2019;5;14;5;3;5;3;0;1;0;0;0;0;0;1;798836,0454;5831456,127;13,40845;52,55097
18999;194649;11;1;1044201;2019;4;6;3;3;2;6;0;0;1;0;0;0;0;0;796543,9255;5831927,801;13,37516;52,55645
19000;194650;11;10;10030724;2019;5;14;5;2;2;6;0;0;1;0;0;0;0;1;809588,09;5828534,085;13,5638;52,51878
19001;194651;11;11;11040926;2019;5;14;5;3;5;3;0;1;1;0;0;0;0;1;806449,4155;5826869,53;13,51616;52,50563
19002;194652;11;6;6010102;2019;5;16;6;3;1;5;0;1;1;0;0;0;0;0;793574,2415;5820963,488;13,32182;52,45977
19003;194653;11;11;11030618;2019;5;16;6;3;2;2;0;0;0;0;1;0;1;0;802427,995;5828890,968;13,45893;52,52599
19004;194654;11;2;2040701;2019;5;16;6;3;2;6;0;0;1;0;1;0;0;0;800168,844;5827328,842;13,42432;52,51324
19005;194655;11;12;12214125;2019;5;15;6;2;2;6;0;0;1;0;0;0;0;0;791191,5785;5830904,403;13,29554;52,55016
19006;194656;11;1;1011301;2019;5;15;6;3;1;5;0;1;1;0;0;0;0;0;797040,0027;5828398,904;13,37931;52,52455
19007;194657;11;5;5040934;2019;5;15;6;3;5;2;0;0;1;0;1;0;0;0;783507,6076;5822041,799;13,17497;52,47475
19008;194658;11;2;2010102;2019;5;15;6;3;2;6;0;0;1;0;0;0;1;0;798083,0715;5826489,931;13,39292;52,50686
19009;194659;11;11;11020513;2019;5;13;6;3;5;2;0;0;0;0;0;1;1;0;803007,8226;5830784,44;13,46918;52,54264
19010;194660;11;4;4051448;2019;5;13;6;2;5;2;0;1;1;0;0;0;0;0;793633,6498;5824865,512;13,32612;52,49472
19011;194661;11;1;1011302;2019;5;13;6;3;0;5;0;1;0;0;0;0;1;0;797752,4679;5828802,039;13,39014;52,52777