;OBJECTID;LAND;BEZ;LOR;UJAHR;UMONAT;USTUNDE;UWOCHENTAG;UKATEGORIE;UART;UTYP1;ULICHTVERH;IstRad;IstPKW;IstFuss;IstKrad;IstGkfz;IstSonstige;USTRZUSTAND;LINREFX;LINREFY;XGCSWGS84;YGCSWGS84
19012;194662;11;2;2030301;2019;5;13;6;3;5;3;0;0;1;0;0;0;0;0;799704,9067;5826006,481;13,41631;52,50164
19013;194663;11;11;2050803;2019;5;12;6;3;3;6;0;1;0;0;0;0;1;0;803275,6778;5826146,086;13,46889;52,50092
19014;194664;11;9;9020701;2019;5;11;6;3;0;3;0;0;1;0;0;0;1;0;808740,2692;5818502,998;13,54206;52,42936
19015;194665;11;9;9010101;2019;5;9;5;3;3;6;0;1;0;0;0;0;1;0;801672,6423;5825161,335;13,44445;52,49298
19016;194666;11;6;6030609;2019;5;20;5;3;2;6;1;0;1;0;0;0;0;0;793196,7893;5819819,793;13,31527;52,44972
19017;194667;11;5;5030832;2019;5;19;5;3;5;2;0;0;1;0;0;0;0;1;789675,18;5829301,072;13,27184;52,5366
19018;194668;11;1;1022201;2019;5;19;5;3;5;3;0;1;1;0;0;0;0;1;795774,917;5829084,013;13,36132;52,53137
19019;194669;11;1;1044203;2019;5;19;5;3;2;6;0;0;1;0;0;0;0;1;795770,8142;5831869,086;13,36374;52,55634
19020;194670;11;12;12214125;2019;5;23;5;3;0;1;2;0;0;0;1;0;0;1;791164,151;5834024,744;13,29788;52,57815
19021;194671;11;6;6020408;2019;5;8;5;3;0;1;0;0;0;0;0;0;1;1;792720,5039;5816241,039;13,30515;52,41789
19022;194672;11;5;5010312;2019;5;12;5;3;2;4;0;0;1;1;0;0;0;1;784885,3067;5830156,404;13,20215;52,54679
19023;194673;11;4;4020314;2019;5;12;5;3;2;6;0;0;1;0;0;1;0;1;790563,8669;5825419,472;13,28152;52,50132
19024;194674;11;6;6020408;2019;5;12;5;3;6;2;0;0;0;1;0;0;1;1;793052,7272;5816371,776;13,31014;52,41888
19025;194675;11;2;2020204;2019;5;11;5;3;5;3;0;0;1;0;0;0;0;1;798538,9619;5825340,119;13,39859;52,49631
19026;194676;11;10;10030724;2019;5;10;5;3;6;2;0;0;1;1;0;0;0;1;809190,2108;5830208,994;13,55952;52,53401
19027;194677;11;2;2050802;2019;5;10;5;3;0;2;0;0;1;0;0;0;1;1;802039,4521;5827167,37;13,45166;52,51076
19028;194678;11;2;2040701;2019;5;10;5;3;2;6;0;0;0;0;0;0;1;1;800870,9334;5826856,409;13,43421;52,50862
19029;194679;11;2;2040703;2019;5;9;5;3;5;3;0;1;1;0;0;0;0;1;801108,4021;5827043,87;13,43787;52,51017
19030;194680;11;2;2030401;2019;5;9;5;3;5;3;0;0;1;0;1;0;0;1;800625,1704;5825680,819;13,42954;52,49822
19031;194681;11;12;12103116;2019;5;9;5;3;5;3;0;0;1;0;0;0;0;1;796741,1278;5833529,995;13,3795;52,5707
19032;194682;11;2;2020204;2019;5;8;5;3;2;6;0;0;1;0;0;0;0;1;798501,383;5825362,595;13,39806;52,49653
19033;194683;11;1;1044201;2019;5;8;5;3;5;2;0;0;1;0;0;0;0;1;796695,7454;5831632,059;13,37713;52,55371
19034;194684;11;2;2050602;2019;5;8;5;2;5;2;0;0;1;0;1;0;0;1;802768,3787;5827684,086;13,46283;52,51499
19035;194685;11;3;3030715;2019;5;8;5;3;4;6;0;0;1;0;0;1;0;1;800997,7698;5833690,921;13,44226;52,56981
19036;194686;11;7;7050501;2019;5;6;5;3;6;2;0;0;1;1;0;0;0;1;797506,2777;5819279,941;13,37802;52,44255
19037;194687;11;4;4030621;2019;5;5;5;2;1;1;1;0;1;0;0;0;0;1;793593,1639;5827840,079;13,32815;52,5214
19038;194688;11;11;11030721;2019;5;2;5;2;6;4;2;0;0;1;0;1;0;1;803909,919;5828257,616;13,48013;52,51949
19039;194689;11;6;6020303;2019;5;17;5;2;6;4;0;0;1;1;0;0;0;0;795273,5393;5818159,212;13,34428;52,43371
19040;194690;11;3;3071537;2019;5;17;5;3;2;6;0;0;1;0;1;0;0;1;799571,5765;5828972,39;13,41703;52,5283
19041;194691;11;5;5010314;2019;5;13;5;3;1;5;0;1;1;0;0;0;0;1;785642,3046;5828568,896;13,21192;52,53216
19042;194692;11;11;11041128;2019;5;17;5;2;1;5;0;1;1;0;0;0;0;0;805966,5069;5825290,122;13,50762;52,49175
19043;194693;11;2;2030402;2019;5;17;5;3;1;5;0;1;1;0;0;0;0;0;801778,8935;5825794,152;13,44658;52,4986
19044;194694;11;2;2050602;2019;5;16;5;3;0;2;0;0;0;0;1;0;1;1;802768,038;5827682,907;13,46283;52,51498
19045;194695;11;1;1044201;2019;5;16;5;3;6;4;0;0;1;1;0;0;0;1;796836,4116;5831496,938;13,37908;52,55243
19046;194696;11;1;1011201;2019;5;15;5;3;6;2;0;0;1;1;0;0;0;1;797253,17;5827355,928;13,38151;52,51508
19047;194697;11;3;3040818;2019;5;15;5;3;1;5;0;1;1;0;0;0;0;1;799611,6666;5832084,792;13,42042;52,55618
19048;194698;11;4;4030623;2019;5;15;5;3;5;5;0;0;0;0;1;0;1;1;793453,4467;5826556,098;13,32497;52,50997
19049;194699;11;12;12301203;2019;5;15;5;2;0;1;0;0;0;0;1;0;0;1;793134,2464;5835277,916;13,32798;52,58833
19050;194700;11;7;7040403;2019;5;14;5;3;2;6;0;0;1;0;0;0;0;1;797244,3536;5820762,254;13,3755;52,45598
19051;194701;11;1;1044201;2019;5;14;5;3;2;6;0;0;1;0;0;0;0;1;797036,1036;5831894,135;13,38237;52,55588
19052;194702;11;10;10010310;2019;5;10;4;3;2;6;0;0;1;0;0;0;0;0;809906,7119;5831576,953;13,57132;52,54586
19053;194703;11;4;4020311;2019;5;10;4;2;5;3;0;0;1;0;1;0;0;0;789829,513;5826308,723;13,2715;52,50969
19054;194704;11;7;7040406;2019;5;11;4;3;5;2;0;1;1;0;0;0;0;0;800108,112;5821434,533;13,41812;52,46044
19055;194705;11;1;1011303;2019;5;12;4;3;5;3;0;1;1;0;0;0;0;0;799139,8896;5827828,865;13,40965;52,51829
19056;194706;11;3;3061131;2019;5;14;4;3;2;6;0;0;0;0;0;1;1;0;799036,172;5830376,173;13,41042;52,54118
19057;194707;11;9;9052001;2019;5;14;4;3;5;3;0;1;1;0;0;0;0;1;811115,3389;5822357,823;13,58047;52,46256
19058;194708;11;5;5010206;2019;5;15;4;3;1;5;0;1;1;0;0;0;0;0;782063,847;5830186,162;13,16068;52,54853
19059;194709;11;5;5020626;2019;5;16;4;3;5;3;0;1;1;0;0;0;0;0;784596,4003;5827970,939;13,19603;52,52735
19060;194710;11;4;4031032;2019;5;16;4;3;2;6;0;0;1;0;0;0;0;0;790895,9026;5824758,164;13,28582;52,49522
19061;194711;11;5;5020521;2019;5;16;4;3;2;6;0;0;1;0;0;0;0;0;779568,0472;5827837,031;13,12199;52,52875
19062;194712;11;1;1011305;2019;5;17;4;3;1;5;0;1;1;0;0;0;0;0;798870,2126;5826660,16;13,40464;52,50796
19063;194713;11;4;4030415;2019;5;17;4;3;2;6;0;0;1;0;0;0;0;0;790747,6763;5827375,957;13,28593;52,51877
19064;194714;11;10;10020413;2019;5;18;4;3;5;3;0;1;1;0;0;0;0;0;812010,4005;5830589,949;13,60132;52,53582
19065;194715;11;10;10020517;2019;5;15;4;2;6;4;0;0;1;1;0;0;0;1;813246,9276;5831036,357;13,61991;52,53911
19066;194716;11;5;5020420;2019;5;12;4;3;0;5;0;0;1;0;0;0;1;0;780159,733;5828726,952;13,13144;52,53642
19067;194717;11;4;4030725;2019;5;17;4;3;2;6;0;0;1;0;0;0;0;0;791929,9608;5826205,316;13,30228;52,50764
19068;194718;11;1;1011101;2019;5;10;4;3;2;6;0;0;1;0;0;0;0;0;794775,0114;5826232,823;13,3441;52,50636
19069;194719;11;3;3061126;2019;5;10;4;3;2;2;0;0;0;0;1;0;0;0;798656,8318;5831793,983;13,40612;52,55409
19070;194720;11;4;4030726;2019;5;9;4;2;6;7;0;0;1;1;0;0;0;0;791967,0817;5825240,483;13,30197;52,49897
19071;194721;11;1;1022204;2019;5;9;4;3;5;3;0;1;1;0;0;0;0;0;794797,2141;5828309,441;13,34626;52,52496
19072;194722;11;2;2020204;2019;5;9;4;3;5;2;0;1;1;0;0;0;0;0;798797,741;5824935,578;13,40203;52,49254
19073;194723;11;1;1011304;2019;5;9;4;3;2;6;0;1;0;0;0;0;0;0;800138,0224;5827373,49;13,42391;52,51366
19074;194724;11;4;4020313;2019;5;9;4;3;3;6;0;0;1;0;0;0;0;0;790492,6671;5826677,484;13,28157;52,51264
19075;194725;11;2;2020203;2019;5;9;4;3;2;2;0;0;1;0;0;0;0;0;797781,5727;5824941,956;13,38711;52,49315
19076;194726;11;4;4030726;2019;5;22;4;3;0;2;2;0;1;0;1;0;0;0;791964,0814;5825257,345;13,30195;52,49912
19077;194727;11;1;1011203;2019;5;8;4;3;2;3;0;1;1;0;0;0;0;0;797765,4326;5827448,796;13,38912;52,51563
19078;194728;11;2;2010103;2019;5;8;4;3;6;2;0;0;0;1;0;0;1;0;799593,2433;5825828,281;13,41451;52,50011
19079;194729;11;12;12214125;2019;5;8;4;3;5;3;0;1;1;0;0;0;0;0;791374,32;5833124,802;13,30018;52,56997
19080;194730;11;11;11030721;2019;5;8;4;3;1;5;0;1;1;0;0;0;0;0;803824,3205;5828349,301;13,47895;52,52036
19081;194731;11;7;7020202;2019;5;7;4;3;5;3;0;1;1;0;0;0;0;0;794798,2513;5823734,554;13,34223;52,48395
19082;194732;11;9;9020701;2019;5;7;4;3;6;4;0;0;1;1;0;0;0;0;808552,9596;5819121,429;13,53989;52,43501
19083;194733;11;1;1033203;2019;5;21;4;3;8;1;2;0;1;0;0;0;0;1;796744,0552;5830484,306;13,37682;52,5434
19084;194734;11;8;8010404;2019;5;7;4;3;6;4;0;0;1;1;0;0;0;0;801794,426;5823034,397;13,44431;52,47385
19085;194735;11;9;9020802;2019;5;7;4;3;5;3;0;0;1;0;1;0;0;0;810473,7888;5820264,069;13,56912;52,44416
19086;194736;11;5;5010339;2019;5;7;4;2;5;2;0;1;1;0;0;0;0;0;786719,5581;5828213,484;13,22745;52,52841
19087;194737;11;5;5030832;2019;5;6;4;3;2;6;0;0;1;0;0;0;0;0;789773,6498;5829265,461;13,27326;52,53622
19088;194738;11;4;4051448;2019;5;18;4;3;5;2;0;1;1;0;0;0;0;1;793474,2577;5824732,169;13,32367;52,49361
19089;194739;11;9;9031101;2019;5;7;3;3;4;6;0;1;0;0;0;0;0;0;811048,5536;5816925,014;13,57444;52,41391
19090;194740;11;11;11020515;2019;5;6;3;3;5;2;0;1;1;0;0;0;0;0;803330,1831;5830082,83;13,47328;52,53617
19091;194741;11;4;4051551;2019;5;18;3;3;5;2;0;0;1;0;0;0;0;0;793343,8697;5823071,599;13,32029;52,47879
19092;194742;11;9;9051901;2019;5;17;3;3;6;4;0;0;1;1;0;0;0;0;810657,4944;5821080,043;13,57257;52,45137
19093;194743;11;12;12214422;2019;5;16;3;3;6;2;0;0;1;1;0;0;0;0;792284,5413;5833928,505;13,31428;52,57669
19094;194744;11;1;1033101;2019;5;16;3;2;6;4;0;0;1;1;0;0;0;0;796442,1858;5832092,099;13,37382;52,55798
19095;194745;11;5;5030730;2019;5;5;3;3;5;2;0;1;1;0;0;0;0;0;786252,1905;5829129,244;13,22137;52,53686
19096;194746;11;5;5010209;2019;5;19;3;3;5;3;0;0;1;0;0;0;0;0;782800,1153;5830384,756;13,17167;52,54992
19097;194747;11;5;5030731;2019;5;16;3;2;5;7;0;0;1;0;0;1;0;0;787999,8715;5830187,348;13,24798;52,54543
19098;194748;11;1;1011301;2019;5;17;3;3;8;1;0;0;1;0;0;0;0;0;797576,7802;5828569,24;13,38735;52,52578
19099;194749;11;1;1033203;2019;5;13;3;3;5;2;0;0;1;0;0;0;0;0;796855,324;5830644,512;13,3786;52,54478
19100;194750;11;4;4031032;2019;5;22;3;2;6;4;2;0;1;1;0;0;0;0;791174,1439;5824964,605;13,29009;52,49692
19101;194751;11;7;7070705;2019;5;13;3;3;5;2;0;1;1;0;0;0;0;0;798861,3012;5813649,347;13,39287;52,39134
19102;194752;11;12;12302108;2019;5;13;3;3;5;3;0;1;1;0;0;0;0;0;793826,9076;5836348,108;13,33912;52,59755
19103;194753;11;3;3061228;2019;5;13;3;3;5;2;0;1;1;0;0;0;0;0;800190,4756;5830932,505;13,42789;52,54553
19104;194754;11;7;7030301;2019;5;11;3;3;5;2;0;1;1;0;0;0;0;0;793989,873;5821548,87;13,32843;52,46479
19105;194755;11;7;7010102;2019;5;9;3;3;5;2;0;1;1;0;0;0;0;0;794952,1199;5825645,634;13,34618;52,501
19106;194756;11;11;11051331;2019;5;9;3;3;0;7;0;1;0;0;0;0;0;0;807586,926;5824501,725;13,53068;52,48377
19107;194757;11;9;9041501;2019;5;15;3;3;0;4;0;0;0;1;0;0;1;0;811257,7372;5820224,523;13,58058;52,44336
19108;194758;11;7;7060603;2019;5;9;3;2;5;7;0;0;1;0;0;0;0;0;798347,557;5815900,579;13,38735;52,4118
19109;194759;11;6;6040810;2019;5;9;3;3;2;6;0;0;1;0;0;0;0;0;790161,3871;5819797,243;13,27071;52,45113
19110;194760;11;5;5020625;2019;5;8;3;3;3;2;0;0;1;0;0;1;0;0;784709,8552;5828610,857;13,19824;52,53302
19111;194761;11;3;3040614;2019;5;8;3;3;2;6;0;0;1;0;0;1;0;0;799540,559;5833962,642;13,42107;52,57305
19112;194762;11;7;7050501;2019;5;7;3;3;5;2;0;1;0;0;0;0;1;0;797204,5773;5818623,52;13,37301;52,43683
19113;194763;11;5;5010103;2019;5;7;3;3;5;7;0;0;1;0;1;0;0;0;784077,5348;5831148,963;13,19112;52,55611
19114;194764;11;3;3040818;2019;5;7;3;3;5;3;0;0;1;0;0;0;0;0;799744,2674;5831841,938;13,42215;52,55393
19115;194765;11;9;9020701;2019;5;16;3;3;2;6;0;0;1;0;0;0;1;0;808355,907;5819446,392;13,5373;52,43803
19116;194766;11;3;3061131;2019;5;16;3;3;5;3;0;1;1;0;0;0;0;0;799127,4215;5830556,244;13,41192;52,54274
19117;194767;11;3;3061227;2019;5;16;3;3;5;3;0;1;1;0;0;0;0;0;800085,705;5831671,197;13,42702;52,55221
19118;194768;11;8;8041037;2019;5;15;3;3;2;6;0;0;1;0;0;0;0;0;805300,9048;5818198,645;13,49136;52,42856
19119;194769;11;2;2030302;2019;5;15;3;3;1;5;0;1;1;0;0;0;0;0;800891,5997;5826110,274;13,43384;52,50192
19120;194770;11;7;7040403;2019;5;15;3;3;1;5;0;1;0;0;0;0;1;0;797208,1037;5821393,361;13,37553;52,46166
19121;194771;11;1;1022204;2019;5;11;3;3;5;3;0;1;0;0;1;0;0;0;795211,0002;5828229,304;13,35227;52,52402
19122;194772;11;8;8010118;2019;5;11;3;3;0;6;0;1;0;0;0;0;1;0;800997,7986;5822176,36;13,43184;52,4666
19123;194773;11;10;10010206;2019;5;14;2;3;5;3;0;0;1;0;0;0;0;0;810011,6813;5832304,951;13,57354;52,55233
19124;194774;11;2;2020204;2019;5;16;2;3;6;7;0;1;0;1;0;0;0;0;798629,4544;5825311,279;13,39989;52,496
19125;194775;11;3;3061441;2019;5;12;2;3;1;5;0;1;1;0;0;0;0;0;802801,5972;5828576,123;13,46413;52,52296
19126;194776;11;7;7060604;2019;5;9;2;2;0;5;0;0;1;0;0;0;1;0;796117,0279;5815936,531;13,35468;52,41333
19127;194777;11;11;11040926;2019;5;15;2;3;5;3;0;1;1;0;0;0;0;0;805491,9218;5827157,094;13,50236;52,50875
19128;194778;11;5;5020524;2019;5;11;2;2;0;1;0;0;1;0;1;0;0;0;783447,9605;5826733,803;13,17809;52,51685
19129;194779;11;1;1011305;2019;5;9;2;3;3;6;0;1;0;0;0;0;0;0;799107,9376;5827140,17;13,40856;52,51213
19130;194780;11;2;2040701;2019;5;15;2;3;5;3;0;0;1;0;0;0;0;0;800591,8972;5827048,699;13,43028;52,5105
19131;194781;11;11;11010204;2019;5;15;2;3;6;7;0;0;0;1;1;0;0;0;806791,6013;5833787,367;13,52757;52,56744
19132;194782;11;3;3061435;2019;5;14;2;3;2;2;0;1;1;0;0;0;0;0;801740,3856;5829170,432;13,44908;52,52888
19133;194783;11;11;11041128;2019;5;14;2;3;5;2;0;1;1;0;0;0;0;0;806996,9693;5825780,863;13,5232;52,49557
19134;194784;11;11;11040926;2019;5;14;2;2;5;7;0;0;1;0;0;0;1;0;806701,7124;5826903,615;13,5199;52,5058
19135;194785;11;5;5030832;2019;5;14;2;3;5;3;0;1;1;0;0;0;0;0;788963,6388;5829790,687;13,26181;52,54136
19136;194786;11;8;8041035;2019;5;13;2;3;2;6;0;0;1;0;0;0;0;0;804076,024;5819258,85;13,47436;52,43875
19137;194787;11;2;2030402;2019;5;11;2;3;5;2;0;0;1;0;1;0;0;0;801701,6579;5825858,233;13,44551;52,49921
19138;194788;11;1;1033203;2019;5;10;2;3;2;2;0;1;1;0;0;0;0;0;796636,2115;5829797,861;13,37462;52,53731
19139;194789;11;10;10010310;2019;5;9;2;3;2;6;0;0;1;0;0;0;0;0;809391,801;5831416,355;13,5636;52,54472
19140;194790;11;8;8010303;2019;5;10;2;3;0;1;0;0;0;0;1;0;0;0;801105,6963;5824045,046;13,43512;52,48329
19141;194791;11;1;1011303;2019;5;9;2;2;5;2;0;1;0;0;0;1;0;0;799108,7869;5828466,04;13,40977;52,52402
19142;194792;11;11;11020514;2019;5;15;2;3;5;3;0;0;1;0;0;0;0;0;804696,1207;5830719,916;13,49394;52,54112
19143;194793;11;9;9041301;2019;5;14;2;3;8;1;0;0;1;0;0;0;0;0;811809,5241;5818140,945;13,58672;52,42437
19144;194794;11;2;2030401;2019;5;8;2;2;5;2;0;1;1;0;0;0;0;0;800949,2019;5825524,498;13,43415;52,49664
19145;194795;11;1;1011204;2019;5;8;2;3;1;5;0;1;1;0;0;0;1;0;798538,8936;5826790,929;13,39989;52,50931
19146;194796;11;7;7010102;2019;5;8;2;2;6;4;0;0;0;1;1;0;0;0;795199,5541;5825605,528;13,34978;52,5005
19147;194797;11;6;6010210;2019;5;8;2;3;2;7;0;0;1;0;1;1;0;0;794997,2999;5821377,003;13,34307;52,46271
19148;194798;11;9;9031101;2019;5;8;2;3;5;2;0;1;0;0;0;1;0;0;810277,4531;5818053,555;13,56418;52,42446
19149;194799;11;6;6040810;2019;5;7;2;3;0;1;0;0;0;0;1;0;0;0;790682,2482;5821048,534;13,27945;52,46208
19150;194800;11;4;4041344;2019;5;7;2;3;5;3;0;0;1;0;1;0;0;0;793085,124;5822780,311;13,31623;52,47632
19151;194801;11;7;7060604;2019;5;12;2;3;5;3;0;1;1;0;0;0;0;0;798071,4168;5814690,199;13,38222;52,4011
19152;194802;11;2;2050801;2019;5;20;2;3;5;3;0;0;1;0;0;0;1;0;803201,5498;5827260,878;13,46881;52,51095
19153;194803;11;7;7050501;2019;5;19;2;3;1;1;0;0;1;0;0;0;0;0;797746,1973;5820398,892;13,38254;52,45245
19154;194804;11;12;12214424;2019;5;18;2;3;2;6;0;0;1;0;0;0;0;0;793511,6257;5832411,789;13,33099;52,56243
19155;194805;11;12;12214423;2019;5;18;2;2;6;4;1;0;1;1;0;0;0;0;792727,349;5833871,973;13,32075;52,57594
19156;194806;11;4;4041343;2019;5;18;2;3;6;7;0;0;1;1;0;0;0;0;792695,8545;5823099,215;13,3108;52,47938
19157;194807;11;10;10020412;2019;5;17;2;3;5;3;0;1;1;0;0;0;0;0;811770,6273;5831763,074;13,59889;52,54647
19158;194808;11;1;1011305;2019;5;17;2;3;1;5;0;1;0;0;0;0;1;0;799528,6038;5826741,844;13,41439;52,50833
19159;194809;11;5;5020625;2019;5;16;2;2;6;4;0;0;1;1;0;0;0;0;784521,2249;5828650,413;13,1955;52,53348
19160;194810;11;2;2050601;2019;5;16;2;3;5;3;0;0;1;0;0;0;1;0;801772,1931;5828665,675;13,44909;52,52434
19161;194811;11;9;9010101;2019;5;15;2;3;5;2;0;1;0;0;0;0;1;0;802327,5175;5825309,564;13,4542;52,49395
19162;194812;11;1;1011305;2019;5;13;2;3;5;3;0;1;1;0;0;0;0;0;799698,2284;5827210,026;13,4173;52,51243
19163;194813;11;5;5010206;2019;5;12;2;3;3;3;0;0;1;0;0;0;0;0;782558,6477;5830463,657;13,16819;52,55076
19164;194814;11;8;8010508;2019;5;20;1;3;0;7;1;1;1;0;0;0;0;0;803014,0658;5823520,194;13,46266;52,47753
19165;194815;11;4;4031032;2019;5;19;1;3;1;7;0;1;1;0;0;0;0;0;791849,4621;5825196,742;13,30021;52,49864
19166;194816;11;6;6030609;2019;5;18;1;3;5;7;0;0;1;0;1;0;0;0;793003,9873;5817867,185;13,31073;52,43232
19167;194817;11;7;7010102;2019;5;17;1;3;5;2;0;1;1;0;0;0;0;0;795448,8276;5825344,347;13,35321;52,49803
19168;194818;11;6;6020408;2019;5;17;1;3;1;5;0;1;1;0;0;0;0;0;792860,1046;5815408,961;13,30647;52,41035
19169;194819;11;9;9051702;2019;5;16;1;3;6;7;0;0;0;1;1;0;0;0;814080,0546;5821883,941;13,62352;52,45662
19170;194820;11;9;9051901;2019;5;16;1;3;5;2;0;1;1;0;0;0;0;0;810635,8732;5821048,723;13,57222;52,4511
19171;194821;11;3;3061227;2019;5;16;1;3;2;6;0;0;1;0;1;0;0;0;800275,4868;5831605,725;13,42975;52,55152
19172;194822;11;6;6040804;2019;5;16;1;3;5;3;0;0;1;0;0;0;0;0;787738,5978;5818260,43;13,23384;52,43864
19173;194823;11;6;6030609;2019;5;12;1;3;1;7;0;1;1;0;0;0;0;0;793062,9022;5818173,343;13,31186;52,43503
19174;194824;11;10;10020517;2019;5;15;1;3;5;2;0;0;1;0;0;0;0;0;812579,558;5830318,931;13,60943;52,53306
19175;194825;11;9;9052001;2019;5;14;1;3;3;6;0;0;1;0;0;0;0;0;811720,8954;5823293,614;13,59023;52,4706
19176;194826;11;3;3030711;2019;5;12;1;3;0;3;0;1;1;0;0;0;0;0;801627,5346;5836352,235;13,45395;52,59331
19177;194827;11;8;8010301;2019;5;16;1;3;3;6;0;1;1;0;0;0;0;0;801054,0061;5824921,287;13,43515;52,49117
19178;194828;11;1;1022102;2019;5;11;1;2;5;7;0;0;1;0;1;0;0;0;793541,0291;5829060,08;13,32846;52,53237
19179;194829;11;2;2020203;2019;5;9;1;3;4;6;0;1;0;0;0;0;0;0;797613,1853;5824984,564;13,38468;52,49363
19180;194830;11;4;4020314;2019;5;10;1;2;5;2;0;0;1;0;0;0;0;0;790387,6752;5825674,979;13,27915;52,50371
19181;194831;11;2;2020206;2019;5;13;1;3;6;4;0;1;0;1;0;0;0;0;800201,2074;5824411,83;13,42217;52,48708
19182;194832;11;1;1011301;2019;5;13;1;3;2;2;0;1;1;0;0;0;0;0;797590,3553;5828353,179;13,38735;52,52384
19183;194833;11;9;9020502;2019;5;10;1;3;5;2;0;0;1;0;0;0;1;0;809391,89;5821482,711;13,55438;52,4557
19184;194834;11;8;8010303;2019;5;4;1;3;5;7;1;0;1;0;0;0;0;1;800675,026;5824113,057;13,42885;52,48414
19185;194835;11;9;9010101;2019;5;20;1;3;0;7;0;0;1;0;0;0;0;0;802657,2975;5824431,568;13,45825;52,4859
19186;194836;11;12;12302109;2019;5;19;1;2;5;3;0;0;1;0;0;0;0;0;795259,8949;5836637,935;13,36048;52,59937
19187;194837;11;7;7020202;2019;5;12;7;3;5;3;0;1;0;0;0;0;1;0;795000,7494;5823312,432;13,34483;52,48006
19188;194838;11;5;5020419;2019;5;18;1;3;5;3;0;0;1;0;1;0;0;0;781738,1891;5828424,998;13,15439;52,5329
19189;194839;11;1;1044101;2019;5;14;7;3;6;2;0;0;1;1;0;0;0;0;794612,8561;5831374,565;13,34627;52,55254
19190;194840;11;4;4030931;2019;5;18;1;2;2;6;0;0;1;0;0;0;0;0;794205,5548;5826084,382;13,3356;52,50533
19191;194841;11;5;5010101;2019;5;17;1;2;6;4;0;0;1;1;0;0;0;0;785595,3343;5832202,449;13,21435;52,56476
19192;194842;11;1;1022104;2019;5;11;7;3;3;6;0;1;0;0;0;0;0;0;794318,0025;5828450,573;13,33935;52,52648
19193;194843;11;4;4041137;2019;5;16;1;3;1;5;0;0;1;0;0;0;0;0;790964,741;5823218,889;13,28549;52,48138
19194;194844;11;1;1022202;2019;5;17;1;2;5;2;0;0;1;0;0;0;1;0;795663,6242;5829738,909;13,36027;52,53731
19195;194845;11;5;5020625;2019;5;12;7;3;2;7;0;0;1;0;0;0;0;0;784573,7714;5828437,344;13,19609;52,53154
19196;194846;11;8;8010301;2019;5;16;1;3;0;1;0;0;0;0;1;0;0;1;800881,7321;5824265,286;13,43203;52,48539
19197;194847;11;11;11030618;2019;5;17;7;2;0;1;0;0;0;0;1;0;0;1;803239,8134;5829620,784;13,47153;52,53208
19198;194848;11;9;9051801;2019;5;16;1;2;5;3;0;1;1;0;0;0;0;0;818930,6181;5820234,175;13,6931;52,43903
19199;194849;11;1;1011401;2019;5;16;1;3;3;6;0;1;1;0;0;0;0;0;798211,6395;5829356,587;13,39738;52,53249
19200;194850;11;6;6020304;2019;5;23;7;3;5;2;2;0;1;0;0;0;0;0;794871,372;5817933,697;13,33818;52,43191
19201;194851;11;5;5010313;2019;5;19;7;3;5;2;0;0;1;0;0;0;0;1;784356,7062;5830003,074;13,19424;52,54569
19202;194852;11;6;6020302;2019;5;16;1;3;0;1;0;0;1;0;1;0;0;1;795155,4358;5818833,071;13,34314;52,43982
19203;194853;11;1;1022206;2019;5;15;1;3;5;2;0;1;1;0;0;0;0;0;795703,8228;5828178,073;13,35947;52,52329
19204;194854;11;5;5020523;2019;5;18;7;3;5;3;1;0;1;0;0;0;0;1;782606,1708;5827484,517;13,16636;52,52402
19205;194855;11;6;6040703;2019;5;13;1;3;1;5;0;1;1;0;0;0;0;0;786758,5891;5817508,623;13,21881;52,43241
19206;194856;11;2;2030401;2019;5;18;7;3;5;2;0;1;1;0;0;0;0;1;800634,9945;5825676,122;13,42968;52,49817
19207;194857;11;3;3020307;2019;5;12;7;3;5;3;0;1;1;0;0;0;0;0;799917,928;5837070,13;13,42944;52,60069
19208;194858;11;6;6040701;2019;5;13;1;3;0;3;0;0;1;0;1;0;0;0;782753,228;5815836,286;13,15864;52,4195
19209;194859;11;5;5010206;2019;5;12;1;3;0;2;0;0;1;0;1;0;0;0;782360,4733;5830492,369;13,1653;52,55112
19210;194860;11;5;5010207;2019;5;11;7;3;5;2;0;0;1;0;0;0;0;0;783575,2;5830201,053;13,18292;52,54787
19211;194861;11;1;1011104;2019;5;11;1;3;2;6;0;0;1;0;0;0;0;0;796631,4743;5826181,262;13,37132;52,50489
19212;194862;11;4;4020313;2019;5;12;7;3;5;2;0;1;1;0;0;0;0;0;790488,5731;5826704,84;13,28153;52,51289
19213;194863;11;3;3030406;2019;5;11;1;2;1;5;0;1;1;0;0;0;0;0;803031,6796;5838268,828;13,47637;52,60971
19214;194864;11;4;4030621;2019;5;20;7;3;5;2;0;0;1;0;1;0;0;1;793485,8797;5827580,173;13,32635;52,51913
19215;194865;11;4;4030827;2019;5;9;1;3;5;2;0;1;1;0;0;0;0;0;792719,6214;5826110,195;13,31379;52,50636
19216;194866;11;6;6020409;2019;5;13;7;3;5;3;0;1;0;0;0;0;0;0;793245,6077;5817229,265;13,31372;52,42647
19217;194867;11;1;1022205;2019;5;1;1;3;0;7;2;1;1;0;0;0;0;1;795997,3409;5828697,642;13,36425;52,52779
19218;194868;11;4;4041342;2019;5;15;7;3;1;5;0;1;1;0;0;0;0;1;792131,812;5822350,51;13,30186;52,47297
19219;194869;11;4;4041240;2019;5;10;7;3;0;7;0;1;0;0;0;0;0;0;790746,0208;5822639,186;13,28177;52,4763
19220;194870;11;6;6020302;2019;5;15;7;3;5;3;0;1;1;0;0;0;0;1;794581,2149;5818532,314;13,33445;52,43743
19221;194871;11;1;1011104;2019;5;23;7;3;5;2;2;1;1;0;0;0;0;0;796253,7912;5825960,454;13,36558;52,50311