;OBJECTID;LAND;BEZ;LOR;UJAHR;UMONAT;USTUNDE;UWOCHENTAG;UKATEGORIE;UART;UTYP1;ULICHTVERH;IstRad;IstPKW;IstFuss;IstKrad;IstGkfz;IstSonstige;USTRZUSTAND;LINREFX;LINREFY;XGCSWGS84;YGCSWGS84
19222;194872;11;2;2040701;2019;5;16;7;3;5;3;0;1;1;0;0;0;0;1;800613,4675;5827116,752;13,43066;52,51109
19223;194873;11;6;6030610;2019;5;9;7;3;1;5;0;1;1;0;0;0;0;0;791806,6711;5818880,989;13,29406;52,44204
19224;194874;11;10;10030724;2019;5;9;7;3;5;3;0;0;1;0;0;0;0;0;809115,4543;5829717,028;13,55796;52,52965
19225;194875;11;1;1011303;2019;5;17;7;3;1;5;0;0;1;0;0;0;0;1;799133,031;5827816,055;13,40954;52,51818
19226;194876;11;10;10010311;2019;5;9;7;3;5;3;0;1;1;0;0;0;0;0;810697,9725;5832013,543;13,58336;52,54933
19227;194877;11;10;10010205;2019;5;11;7;3;5;2;0;1;1;0;0;0;0;0;810681,0042;5832016,168;13,58311;52,54936
19228;194878;11;9;9010101;2019;5;5;7;3;0;7;0;1;0;0;0;0;0;0;802024,2654;5824662,166;13,44916;52,48831
19229;194879;11;9;9010402;2019;5;1;7;3;1;5;2;1;1;0;0;0;0;0;806261,7387;5819264,546;13,50642;52,43758
19230;194880;11;12;12224229;2019;5;17;7;3;5;3;0;0;1;0;0;0;0;1;786547,8451;5833207,975;13,22923;52,57328
19231;194881;11;9;9010302;2019;5;20;7;3;6;4;0;0;1;1;0;0;0;0;804383,7433;5820898,263;13,48037;52,45327
19232;194882;11;1;1011301;2019;5;15;7;3;0;1;0;0;0;0;1;0;0;1;797002,835;5828944,464;13,37925;52,52946
19233;194883;11;10;10040828;2019;5;19;7;2;0;1;0;1;0;0;0;0;0;0;811446,3376;5828143,649;13,59074;52,51422
19234;194884;11;1;1033101;2019;5;11;7;3;6;4;0;1;0;1;0;0;0;0;797199,3445;5831985,216;13,38486;52,55661
19235;194885;11;5;5020625;2019;5;18;7;3;5;2;0;0;1;0;0;0;0;0;784452,915;5828671,699;13,19452;52,5337
19236;194886;11;10;10010204;2019;5;4;7;3;5;3;1;0;1;0;0;0;0;0;810060,348;5832630,419;13,57456;52,55522
19237;194887;11;1;1011305;2019;5;8;7;3;5;2;0;1;1;0;0;0;0;0;799434,6834;5826506,279;13,41279;52,50627
19238;194888;11;10;10030727;2019;5;18;7;3;2;7;0;0;1;0;0;0;0;0;809586,2961;5824129,283;13,55968;52,4793
19239;194889;11;2;2020202;2019;5;15;6;3;3;6;0;1;0;0;0;0;0;0;797740,9873;5825304,328;13,38684;52,49642
19240;194890;11;8;8020622;2019;5;8;6;3;5;7;0;0;1;0;0;0;0;0;801458,8432;5820198,823;13,43683;52,44862
19241;194891;11;1;1044101;2019;5;10;7;3;2;6;0;0;1;0;0;0;0;0;793894,3131;5831930,032;13,3362;52,5579
19242;194892;11;7;7070703;2019;5;7;6;3;6;2;0;0;1;1;0;0;0;0;799597,71;5813174,918;13,40323;52,38668
19243;194893;11;5;5030731;2019;5;10;7;2;2;7;0;0;1;0;1;0;0;0;788010,961;5829392,7;13,24745;52,5383
19244;194894;11;3;3030406;2019;5;7;6;3;5;3;0;1;1;0;0;0;0;1;802811,0918;5838572,483;13,4734;52,61255
19245;194895;11;1;1011401;2019;5;11;7;3;1;5;0;1;1;0;0;0;0;0;798437,2547;5829160,005;13,40052;52,5306
19246;194896;11;5;5020625;2019;5;11;7;2;6;2;0;0;1;1;0;0;0;0;784354,0571;5828103,753;13,19258;52,52866
19247;194897;11;8;8010301;2019;5;7;6;3;0;7;0;1;0;0;0;0;1;1;801336,6489;5824528,31;13,43894;52,48749
19248;194898;11;3;3020307;2019;5;7;6;3;0;3;0;1;1;0;0;0;0;1;799695,2847;5837327,334;13,42639;52,60312
19249;194899;11;3;3051022;2019;5;12;7;3;2;6;0;0;1;0;1;0;0;0;803418,5177;5831717,759;13,47607;52,55078
19250;194900;11;5;5010101;2019;5;12;7;1;2;6;0;0;1;0;0;0;0;0;785221,9711;5831811,814;13,20852;52,56146
19251;194901;11;8;8040933;2019;5;6;6;3;5;2;1;0;1;0;0;0;0;0;803748,3054;5818747,774;13,46909;52,43435
19252;194902;11;4;4020205;2019;5;12;7;3;2;6;0;0;1;0;0;0;0;0;788158,5609;5827234,726;13,24775;52,51887
19253;194903;11;11;11020411;2019;5;5;6;3;5;3;0;1;1;0;0;0;0;1;804938,3843;5833108,856;13,49969;52,5624
19254;194904;11;4;4010102;2019;5;13;7;3;5;2;0;0;1;0;0;0;1;0;793352,206;5829681,351;13,32624;52,53804
19255;194905;11;1;1044101;2019;5;12;7;3;2;6;0;0;1;0;0;0;1;0;793898,2723;5830072,062;13,33461;52,54125
19256;194906;11;9;9052001;2019;5;5;6;3;5;3;0;1;1;0;0;0;0;0;811143,8069;5822084,988;13,58064;52,4601
19257;194907;11;10;10020622;2019;5;13;7;3;2;7;0;0;1;0;0;0;1;0;811156,8458;5829120,943;13,5874;52,52314
19258;194908;11;3;3050923;2019;5;5;6;3;1;5;0;1;1;0;0;0;0;1;800365,9092;5831838,285;13,43129;52,55355
19259;194909;11;5;5010339;2019;5;14;7;2;1;5;0;0;1;0;1;0;0;0;787284,7207;5828331,371;13,23586;52,52917
19260;194910;11;2;2040701;2019;5;21;6;2;5;3;2;1;1;0;0;0;0;0;800146,1304;5827337,053;13,42399;52,51333
19261;194911;11;6;6030608;2019;5;14;7;3;5;3;0;0;1;0;0;0;0;0;792501,2981;5817473,166;13,30301;52,42905
19262;194912;11;1;1011303;2019;5;18;6;3;1;5;0;1;1;0;0;0;1;0;798756,4545;5828241,172;13,40439;52,52219
19263;194913;11;3;3030716;2019;5;15;7;3;5;3;0;1;1;0;0;0;0;0;802580,1589;5833492,771;13,46536;52,56715
19264;194914;11;7;7010102;2019;5;15;7;3;2;6;0;0;1;0;0;0;0;0;795255,5938;5824956,696;13,35003;52,49466
19265;194915;11;4;4030620;2019;5;17;6;3;5;3;0;0;1;0;0;0;0;0;791777,4225;5827470,973;13,30114;52,51907
19266;194916;11;9;9031001;2019;5;17;6;2;6;4;0;0;1;1;0;0;0;0;809742,5999;5815209,602;13,55371;52,39928
19267;194917;11;4;4030417;2019;5;15;7;3;2;6;0;0;1;0;0;0;1;0;791749,7278;5827305,286;13,30059;52,5176
19268;194918;11;2;2010101;2019;5;17;7;2;3;2;0;1;1;0;0;0;0;0;797667,7742;5826292,497;13,38665;52,50532
19269;194919;11;10;10040829;2019;5;17;6;2;5;3;0;0;1;0;0;0;1;0;811407,8664;5827590,8;13,58966;52,50929
19270;194920;11;9;9010402;2019;5;22;7;3;5;2;2;0;1;0;1;0;0;0;806064,7276;5818827,917;13,50313;52,43378
19271;194921;11;2;2010101;2019;5;16;6;3;2;6;0;0;1;0;0;0;0;0;797601,5705;5825939,344;13,38536;52,50219
19272;194922;11;3;3051017;2019;5;7;6;3;5;3;0;1;1;0;0;0;0;0;802447,0882;5832660,97;13,46264;52,55977
19273;194923;11;7;7040405;2019;5;15;6;3;3;6;0;0;1;0;1;1;0;0;797850,1659;5820787,365;13,38441;52,45587
19274;194924;11;11;11051330;2019;5;14;6;2;5;2;0;0;1;0;0;0;1;0;807283,2944;5825410,58;13,52706;52,49209
19275;194925;11;1;1011203;2019;5;13;6;3;5;3;0;0;1;0;1;0;0;0;797880,979;5827169,725;13,39056;52,51307
19276;194926;11;10;10030725;2019;5;17;6;3;1;6;0;1;1;0;0;0;0;0;810130,0452;5827932,772;13,57121;52,51308
19277;194927;11;10;10020517;2019;5;14;6;2;6;4;0;0;1;1;0;0;0;0;813446,589;5830082,558;13,62194;52,53045
19278;194928;11;2;2010101;2019;5;0;6;3;0;1;2;1;0;0;0;0;0;1;797751,7086;5826074,807;13,38769;52,50332
19279;194929;11;1;1011301;2019;5;14;6;2;6;4;0;0;0;1;0;0;1;0;797594,2033;5828462,034;13,38751;52,52481
19280;194930;11;12;12231101;2019;5;11;6;3;5;3;0;1;1;0;0;0;0;0;791765,3947;5838949,581;13,31107;52,62198
19281;194931;11;5;5010314;2019;5;13;6;3;2;6;0;0;1;0;0;0;0;0;783652,4794;5829475,511;13,18344;52,54133
19282;194932;11;5;5030832;2019;5;11;6;3;2;6;0;0;1;0;0;0;0;0;789604,4688;5829289,775;13,27079;52,53653
19283;194933;11;8;8010405;2019;5;19;6;3;1;5;0;0;1;0;0;0;0;0;801825,2115;5823845,623;13,4455;52,48111
19284;194934;11;1;1044201;2019;5;13;6;3;6;4;0;0;1;1;0;0;0;0;797134,2339;5831887,179;13,38381;52,55576
19285;194935;11;11;11030721;2019;5;22;6;2;6;2;2;0;0;1;0;0;1;0;804807,5071;5827484,63;13,49261;52,51206
19286;194936;11;7;7040406;2019;5;14;6;3;2;2;0;0;1;0;0;0;0;0;800102,2095;5821437,796;13,41804;52,46047
19287;194937;11;6;6040807;2019;5;20;6;3;1;5;0;0;1;0;1;0;0;0;789631,992;5818562,356;13,26187;52,44034
19288;194938;11;8;8010214;2019;5;12;6;2;6;4;0;0;0;1;0;0;1;0;801033,9277;5822165,315;13,43237;52,46648
19289;194939;11;3;3061227;2019;5;19;6;3;5;2;0;0;1;0;0;0;0;0;799680,937;5831267,785;13,4207;52,54881
19290;194940;11;9;9041301;2019;5;19;6;3;2;6;0;0;1;0;0;0;0;0;812628,3076;5819457,585;13,59996;52,43571
19291;194941;11;8;8020622;2019;5;11;6;3;1;5;0;0;1;0;0;0;1;0;801472,0629;5820191,605;13,43701;52,44855
19292;194942;11;2;2020203;2019;5;10;6;3;5;3;0;1;1;0;0;0;0;0;797768,9764;5824598,139;13,38662;52,49008
19293;194943;11;1;1011301;2019;5;18;6;3;0;2;0;1;1;0;0;0;0;0;796661,6214;5829006,56;13,37429;52,5302
19294;194944;11;2;2050801;2019;5;18;6;3;3;6;0;1;1;0;0;0;0;0;803224,8942;5827326,276;13,46921;52,51153
19295;194945;11;1;1011301;2019;5;0;6;3;0;2;2;1;1;0;0;0;0;0;797013,799;5828942,3;13,37941;52,52943
19296;194946;11;12;12231101;2019;5;17;6;3;5;2;0;0;1;0;0;0;0;0;791681,8037;5838148,221;13,30913;52,61484
19297;194947;11;5;5010314;2019;5;13;5;3;5;7;0;1;1;0;0;0;0;0;784159,2716;5829360,171;13,19079;52,54003
19298;194948;11;4;4030930;2019;5;17;6;3;3;6;0;1;1;0;0;0;0;0;793214,5304;5825402,099;13,32044;52,49975
19299;194949;11;11;11051229;2019;5;17;6;2;5;2;0;1;0;0;0;0;1;0;804957,777;5825153,846;13,49268;52,49109
19300;194950;11;9;9051702;2019;5;12;5;2;5;3;0;1;0;0;0;0;0;0;813761,7326;5821406,951;13,61841;52,45253
19301;194951;11;9;9020701;2019;5;17;6;3;2;6;0;0;1;0;0;0;0;0;807862,773;5818113,753;13,52884;52,42637
19302;194952;11;4;4051551;2019;5;9;6;3;0;6;0;0;0;0;1;0;1;0;793267,1238;5823077,71;13,31917;52,47889
19303;194953;11;3;3071639;2019;5;6;5;3;6;4;0;1;0;1;0;0;0;0;800821,4757;5829579,394;13,43594;52,53305
19304;194954;11;3;3071638;2019;5;9;6;3;1;5;0;1;1;0;0;0;0;0;799971,5485;5829009,52;13,42294;52,52841
19305;194955;11;12;12231101;2019;5;9;6;3;4;7;0;0;1;0;0;0;0;0;790622,9454;5837362,098;13,29284;52,60836
19306;194956;11;7;7020201;2019;5;18;5;3;5;3;0;1;1;0;0;0;0;0;794933,9657;5824599,751;13,34499;52,49163
19307;194957;11;12;12301206;2019;5;16;6;3;5;2;0;1;1;0;0;0;0;0;794737,0227;5838696,47;13,35461;52,6181
19308;194958;11;5;5020419;2019;5;13;5;3;1;5;0;0;1;0;0;0;1;0;781324,9228;5828392,789;13,14829;52,53283
19309;194959;11;3;3061227;2019;5;8;6;3;5;3;0;0;1;0;0;0;0;0;800112,7011;5831694,542;13,42744;52,5524
19310;194960;11;5;5010314;2019;5;12;5;3;0;1;0;0;1;0;1;0;0;1;784317,7052;5828922,032;13,19274;52,53602
19311;194961;11;3;3071536;2019;5;9;6;3;1;5;0;1;0;0;0;0;1;0;799180,9002;5829462,542;13,41172;52,53291
19312;194962;11;5;5020417;2019;5;5;5;2;5;3;0;0;1;0;0;0;0;1;781726,1239;5828529,553;13,1543;52,53385
19313;194963;11;4;4041134;2019;5;16;6;3;5;3;0;1;0;0;0;0;1;0;790862,9042;5824695,216;13,28528;52,49467
19314;194964;11;3;3050925;2019;5;10;6;2;6;2;0;0;1;1;0;0;0;0;802320,1908;5831349,597;13,45958;52,54809
19315;194965;11;2;2050803;2019;5;21;5;3;5;3;2;1;1;0;0;0;0;1;802715,687;5826048,933;13,46057;52,50036
19316;194966;11;2;2040703;2019;5;20;5;3;1;5;1;1;1;0;0;0;1;1;800973,4979;5826772,877;13,43564;52,50781
19317;194967;11;3;3010102;2019;5;8;6;3;3;6;0;1;1;0;0;0;0;0;804070,1346;5841245,894;13,49439;52,63581
19318;194968;11;3;3071537;2019;5;8;6;2;2;6;0;0;1;0;0;0;0;0;799795,6774;5829593,967;13,42088;52,53375
19319;194969;11;12;12103218;2019;5;19;5;2;5;3;0;0;1;0;1;0;0;0;794711,2205;5834897,639;13,35085;52,58407
19320;194970;11;3;3071639;2019;5;8;6;3;2;6;0;0;1;0;0;0;1;0;800401,0593;5829064,265;13,4293;52,52867
19321;194971;11;1;1011306;2019;5;19;5;3;1;5;0;1;1;0;0;0;0;0;800191,5123;5826762,78;13,42414;52,50815
19322;194972;11;3;3030715;2019;5;8;6;3;5;2;0;0;1;0;0;1;0;0;800127,2602;5833864,297;13,42961;52,57184
19323;194973;11;6;6010103;2019;5;16;5;3;1;6;0;1;1;0;0;0;0;0;793245,471;5821587,344;13,31754;52,46554
19324;194974;11;5;5010314;2019;5;7;6;3;5;3;0;1;1;0;0;0;0;0;784686,6859;5829337,549;13,19853;52,53955
19325;194975;11;8;8010509;2019;5;16;5;3;0;5;0;0;1;0;0;0;1;0;803346,9891;5822593,117;13,4667;52,46904
19326;194976;11;3;3061429;2019;5;21;6;3;5;2;2;0;1;0;1;0;0;0;801904,6774;5830332,404;13,45255;52,5392
19327;194977;11;3;3061441;2019;5;18;6;3;5;3;0;0;1;0;0;0;0;0;802909,8067;5828625,565;13,46577;52,52335
19328;194978;11;10;10040933;2019;5;15;5;3;5;2;0;1;1;0;0;0;0;1;812391,4439;5824301,726;13,60102;52,47925
19329;194979;11;1;1011402;2019;5;15;5;3;5;3;0;0;1;0;0;0;0;0;798241,4122;5829624,14;13,39806;52,53487
19330;194980;11;6;6030502;2019;5;16;6;2;5;3;0;1;1;0;0;0;0;0;789317,3247;5815691,724;13,25478;52,41477
19331;194981;11;5;5030832;2019;5;15;5;3;2;6;0;0;1;0;0;0;0;0;789773,6498;5829265,461;13,27326;52,53622
19332;194982;11;12;12103116;2019;5;16;3;2;1;5;0;1;1;0;0;0;0;0;796733,4497;5833361,312;13,37923;52,56919
19333;194983;11;8;8041037;2019;5;16;3;3;0;1;0;0;0;0;1;0;0;0;806901,3494;5817785,599;13,51444;52,42397
19334;194984;11;7;7020203;2019;5;16;3;2;0;7;0;0;0;0;1;0;0;0;795995,0407;5824293,699;13,3603;52,48831
19335;194985;11;4;4020311;2019;5;17;3;3;0;3;0;0;1;0;1;0;0;0;789992,273;5826317,665;13,2739;52,50968
19336;194986;11;3;3040513;2019;5;17;3;3;5;3;0;1;1;0;0;0;0;0;797412,6341;5833971,338;13,38977;52,57429
19337;194987;11;4;4030621;2019;5;11;3;3;6;4;0;0;1;1;0;0;0;0;793184,4468;5827779,432;13,32209;52,52108
19338;194988;11;5;5020629;2019;5;11;3;3;5;3;0;1;1;0;0;0;0;0;783795,2782;5826000,909;13,18257;52,5101
19339;194989;11;7;7010101;2019;5;18;3;3;6;2;0;0;1;1;0;0;0;0;794963,2181;5824888,28;13,34567;52,4942
19340;194990;11;5;5010101;2019;5;18;3;3;4;6;0;1;0;0;0;0;0;0;785721,4158;5832286,295;13,21628;52,56545
19341;194991;11;5;5030730;2019;5;21;3;3;5;3;2;1;1;0;0;0;0;0;785711,7941;5829289,68;13,21356;52,53859
19342;194992;11;7;7020201;2019;5;17;3;3;5;3;0;0;1;0;0;0;0;0;794938,7897;5824457,994;13,34493;52,49036
19343;194993;11;2;2010102;2019;5;19;3;3;0;6;0;1;1;0;0;0;0;0;798359,8869;5825516,686;13,39612;52,49799
19344;194994;11;9;9031202;2019;5;18;3;1;0;1;0;1;0;0;0;0;0;0;818774,4206;5812579,517;13,68352;52,37053
19345;194995;11;3;3061429;2019;5;18;2;3;5;2;0;1;1;0;0;0;0;0;801129,8586;5830744,457;13,44153;52,54333
19346;194996;11;6;6040809;2019;5;11;2;3;5;3;0;0;1;0;0;0;0;0;791193,3734;5819179,764;13,28532;52,44505
19347;194997;11;4;4031032;2019;5;20;2;3;5;7;2;0;1;0;0;0;0;0;791769,6074;5825166,573;13,29901;52,49841
19348;194998;11;4;4020313;2019;5;19;2;3;6;7;0;0;1;1;0;0;0;0;790079,0683;5826150,271;13,27503;52,50813
19349;194999;11;7;7050505;2019;5;19;2;3;2;6;0;0;1;0;0;0;1;1;799065,8081;5819071,614;13,40071;52,43983
19350;195000;11;1;1011306;2019;5;18;2;2;1;5;0;1;0;0;0;0;1;0;799907,1804;5826955,77;13,42014;52,51004
19351;195001;11;2;2020206;2019;5;17;2;3;5;2;0;1;1;0;0;0;0;0;799907,155;5824470,972;13,4179;52,48777
19352;195002;11;3;3050920;2019;5;18;2;3;0;1;0;1;0;0;0;0;0;1;801683,7889;5831794,279;13,45063;52,55243
19353;195003;11;10;10020517;2019;5;18;2;3;0;1;0;0;0;0;1;0;0;1;812480,2949;5830372,265;13,60802;52,5336
19354;195004;11;7;7070703;2019;5;7;2;3;5;3;0;1;1;0;0;0;0;0;798994,2511;5814277,024;13,39538;52,39689
19355;195005;11;8;8010118;2019;5;7;2;3;5;2;0;1;1;0;0;0;0;0;800897,6386;5822374,821;13,43055;52,46843
19356;195006;11;12;12304314;2019;5;8;2;3;2;6;0;0;1;0;0;0;0;0;790205,7672;5835859,767;13,28538;52,59511
19357;195007;11;5;5020625;2019;5;10;2;3;6;7;0;0;1;1;0;0;0;0;784468,694;5828145,57;13,1943;52,52898
19358;195008;11;10;10010311;2019;5;10;2;3;6;4;0;0;1;1;0;0;0;0;810447,5091;5830952,436;13,57869;52,53996
19359;195009;11;12;12103117;2019;5;18;2;3;2;6;0;0;1;0;0;0;0;0;796643,4763;5832435,278;13,37708;52,56094
19360;195010;11;12;12301203;2019;5;10;2;3;5;2;0;1;0;0;0;1;0;0;792996,3794;5835636,922;13,32627;52,59162
19361;195011;11;1;1033102;2019;5;10;2;3;5;2;0;1;1;0;0;0;0;0;797159,0977;5831919,401;13,3842;52,55604
19362;195012;11;4;4051653;2019;5;18;2;3;5;2;0;1;1;0;0;0;0;0;793957,4572;5824711,292;13,33074;52,49316
19363;195013;11;8;8010404;2019;5;11;2;2;6;4;0;0;1;1;0;0;0;0;801742,1883;5823676,731;13,44413;52,47964
19364;195014;11;1;1022106;2019;5;12;2;2;2;6;0;0;1;0;0;0;0;0;793718,3377;5828117,162;13,33024;52,52382
19365;195015;11;2;2030302;2019;5;18;2;3;6;4;0;0;1;1;1;0;0;0;801448,5897;5826026,302;13,44194;52,50086
19366;195016;11;7;7040404;2019;5;13;2;3;2;6;0;0;1;0;0;0;0;0;796439,4907;5819785,785;13,36282;52,44766
19367;195017;11;10;10040932;2019;5;15;2;3;2;6;0;0;1;0;0;0;0;0;812927,6411;5827912,95;13,61228;52,51131
19368;195018;11;9;9031001;2019;5;17;2;3;6;2;0;0;1;1;0;0;0;0;810554,2398;5816698,482;13,56698;52,41216
19369;195019;11;12;12231102;2019;5;10;2;3;0;1;0;1;0;0;0;0;0;0;790166,0827;5839979,374;13,28841;52,63207
19370;195020;11;6;6020302;2019;5;16;2;3;2;6;0;0;1;0;0;0;0;0;794533,2881;5819142,248;13,33429;52,44292
19371;195021;11;1;1022104;2019;5;16;2;3;2;6;0;0;1;0;0;0;0;0;794409,0772;5828450,388;13,34068;52,52643
19372;195022;11;2;2020206;2019;5;15;2;3;5;3;0;1;1;0;0;0;0;0;800147,1936;5825071,241;13,42197;52,49302
19373;195023;11;2;2020205;2019;5;15;2;3;2;7;0;1;1;0;0;0;0;0;798242,1693;5824523,57;13,3935;52,48915
19374;195024;11;12;12214527;2019;5;12;2;3;5;5;0;1;1;0;0;0;0;0;790455,1482;5834889,623;13,2882;52,58628
19375;195025;11;3;3061227;2019;5;18;2;3;2;6;0;0;1;0;0;0;1;1;799262,0536;5831802,491;13,41503;52,55384
19376;195026;11;11;11010309;2019;5;13;1;2;5;3;0;1;1;0;0;0;0;0;805042,4287;5833528,237;13,50161;52,5661
19377;195027;11;12;12224230;2019;5;13;1;3;0;5;0;1;1;0;0;0;0;0;785959,6269;5839260,577;13,22581;52,62785
19378;195028;11;7;7030301;2019;5;14;1;3;5;3;0;0;1;0;0;0;0;0;793977,7483;5822276,43;13,3289;52,47132
19379;195029;11;9;9020802;2019;5;9;1;3;1;5;0;1;1;0;0;0;1;0;810281,4797;5819711,382;13,56578;52,43932
19380;195030;11;2;2030301;2019;5;9;1;3;5;3;0;0;1;0;0;0;0;0;799908,1898;5825974,643;13,41927;52,50125
19381;195031;11;2;2010104;2019;5;12;1;3;2;2;0;1;1;0;0;0;0;0;799085,5509;5825615,001;13,40686;52,49847
19382;195032;11;4;4051448;2019;5;14;1;3;6;4;0;1;0;1;0;0;0;0;793693,4687;5824912,319;13,32704;52,4951
19383;195033;11;3;3020210;2019;5;14;1;3;2;6;0;0;1;0;1;0;0;0;800068,9307;5835830,91;13,43054;52,5895
19384;195034;11;1;1011303;2019;5;17;1;2;5;3;0;1;0;0;0;0;0;0;799744,6594;5828647,151;13,41928;52,52529
19385;195035;11;9;9010401;2019;5;18;1;3;6;4;0;0;0;1;0;0;1;0;805698,0366;5820151,187;13,49897;52,44584
19386;195036;11;2;2030401;2019;5;6;1;3;1;5;0;0;1;0;0;0;0;0;801154,5657;5825113,516;13,4368;52,49284
19387;195037;11;11;11030619;2019;5;3;1;3;5;3;2;0;1;0;0;0;1;0;803823,9929;5829051,083;13,47959;52,52665
19388;195038;11;5;5020521;2019;5;13;1;3;2;6;0;0;1;0;0;0;0;0;780652,9209;5827524,464;13,13767;52,52539
19389;195039;11;6;6020409;2019;5;1;1;2;1;5;2;0;1;0;0;0;0;0;793342,7694;5817703,402;13,31556;52,43067
19390;195040;11;4;4030620;2019;5;13;1;3;0;7;0;1;0;0;0;0;0;0;792008,4605;5827371,882;13,30445;52,51806
19391;195041;11;1;1011202;2019;5;22;1;3;6;4;2;1;0;1;0;0;0;0;797205,3726;5827479,96;13,38091;52,51622
19392;195042;11;1;1033102;2019;5;23;1;3;3;6;2;0;1;0;0;0;1;0;797408,1847;5831901,115;13,38785;52,55574
19393;195043;11;8;8010211;2019;5;22;1;3;3;6;2;1;1;0;0;0;0;0;800452,2186;5823679,595;13,42519;52,48037
19394;195044;11;3;3061227;2019;5;20;1;3;0;1;0;1;0;0;0;0;0;0;799647,0554;5831207,767;13,42015;52,5483
19395;195045;11;11;11010310;2019;5;17;7;3;3;6;0;0;1;0;0;0;0;0;805325,554;5833257,683;13,50552;52,56351
19396;195046;11;8;8010404;2019;5;22;7;3;2;5;2;1;1;0;0;0;0;0;801922,565;5823547,775;13,44666;52,47838
19397;195047;11;3;3040614;2019;5;11;7;3;2;6;0;0;1;0;0;1;0;0;799688,0636;5835436,344;13,42457;52,58618
19398;195048;11;1;1022101;2019;5;16;7;3;6;6;0;0;0;1;0;0;1;0;793609,0663;5828135,069;13,32865;52,52404
19399;195049;11;2;2040701;2019;5;15;7;3;1;5;0;0;1;0;1;0;0;0;800956,2249;5827735,18;13,43626;52,51645
19400;195050;11;2;2050804;2019;5;16;7;3;5;7;0;0;1;0;1;0;0;0;803150,3747;5825734,411;13,46667;52,4973
19401;195051;11;8;8010404;2019;5;22;7;3;1;5;2;0;1;0;1;0;0;0;801965,3738;5823307,655;13,44707;52,47621
19402;195052;11;5;5020625;2019;5;23;7;3;2;6;2;0;1;0;0;0;0;0;784717,8555;5828569,968;13,19833;52,53265
19403;195053;11;2;2050801;2019;5;13;7;3;5;3;0;1;1;0;0;0;0;0;802813,1362;5827293,458;13,46314;52,51146
19404;195054;11;2;2030402;2019;5;13;7;3;5;7;0;1;1;0;0;0;0;0;801591,1146;5825953,052;13,44397;52,50012
19405;195055;11;2;2050803;2019;5;13;7;3;3;6;0;0;1;0;0;0;0;0;802769,085;5826120,186;13,46142;52,50097
19406;195056;11;10;10040933;2019;5;11;7;3;5;2;0;1;1;0;0;0;0;0;812533,1242;5825006,755;13,60376;52,48549
19407;195057;11;4;4030930;2019;5;10;7;3;2;6;0;0;1;0;0;0;0;0;792974,327;5825562,937;13,31705;52,50132
19408;195058;11;2;2040702;2019;5;10;7;3;6;4;0;1;0;1;0;0;0;0;801916,653;5827101,831;13,44979;52,51024
19409;195059;11;7;7040401;2019;5;9;7;3;6;4;0;0;1;1;0;0;0;0;797022,517;5823342,145;13,37454;52,47923
19410;195060;11;7;7040403;2019;5;10;7;3;5;2;0;0;1;0;0;0;0;0;796914,5626;5822289,425;13,37202;52,46985
19411;195061;11;6;6020304;2019;5;11;7;3;5;3;0;0;1;0;0;0;0;0;794600,511;5817730,272;13,33403;52,43023
19412;195062;11;4;4030931;2019;5;11;7;2;5;5;0;0;1;0;1;0;0;0;794544,5123;5825991,551;13,3405;52,50432
19413;195063;11;1;1022205;2019;5;21;7;3;3;6;2;0;1;0;1;0;0;0;796037,2618;5828541,61;13,3647;52,52637
19414;195064;11;1;1044202;2019;5;20;7;3;0;7;0;0;1;0;0;0;0;0;795711,9082;5830584,61;13,36173;52,54486
19415;195065;11;3;3061126;2019;5;20;7;3;5;2;0;1;1;0;0;0;0;0;798417,536;5831797,421;13,4026;52,55426
19416;195066;11;12;12231102;2019;5;19;7;3;1;5;0;1;1;0;0;0;0;0;790370,5357;5840109,321;13,29154;52,63312
19417;195067;11;1;1011302;2019;5;19;7;3;2;6;0;0;1;0;0;0;0;0;797920,0834;5828871,13;13,39266;52,5283
19418;195068;11;3;3071536;2019;5;19;7;3;5;7;0;1;1;0;0;0;0;0;799055,8067;5830171,953;13,41052;52,53934
19419;195069;11;11;11030721;2019;5;19;7;3;5;3;0;1;0;0;0;0;0;0;804933,6423;5828166,667;13,49509;52,51811
19420;195070;11;8;8010404;2019;5;18;7;3;5;2;0;0;1;0;0;0;1;0;802539,1967;5822977,212;13,45519;52,47293
19421;195071;11;7;7020204;2019;5;17;7;3;5;3;0;1;1;0;0;0;0;0;796594,6817;5823923,579;13,36877;52,48467
19422;195072;11;7;7070702;2019;5;17;7;3;2;6;0;0;1;0;1;0;0;0;799945,0273;5814578,095;13,40958;52,39907
19423;195073;11;11;11051331;2019;5;17;7;3;5;3;0;0;1;0;0;0;0;0;807677,8027;5824533,403;13,53204;52,484
19424;195074;11;8;8020622;2019;5;16;7;3;1;5;0;1;1;0;0;0;1;0;802363,0193;5820217,517;13,45011;52,44829
19425;195075;11;6;6010207;2019;5;23;7;3;0;1;2;1;0;0;0;0;0;0;793485,2932;5820199,963;13,31984;52,45297
19426;195076;11;12;12214424;2019;5;15;7;3;2;6;0;0;1;0;0;0;1;0;793246,1308;5832513,798;13,32718;52,56349
19427;195077;11;8;8010214;2019;5;15;7;3;2;6;0;0;1;0;1;0;0;0;801801,041;5821981,015;13,44346;52,46441
19428;195078;11;9;9010301;2019;5;14;7;3;5;3;0;0;1;0;0;0;0;0;804928,6515;5822553,322;13,48987;52,4678
19429;195079;11;4;4051446;2019;5;14;7;3;5;2;0;0;1;0;0;0;0;0;792407,3209;5824952,922;13,30819;52,49616
19430;195080;11;12;12301203;2019;5;14;7;2;5;2;0;0;0;0;1;1;0;0;793423,7824;5836090,167;13,33296;52,59545
19431;195081;11;7;7050501;2019;5;13;7;2;1;5;0;0;1;0;0;0;0;0;797376,0435;5818673,678;13,37557;52,43719