;OBJECTID;LAND;BEZ;LOR;UJAHR;UMONAT;USTUNDE;UWOCHENTAG;UKATEGORIE;UART;UTYP1;ULICHTVERH;IstRad;IstPKW;IstFuss;IstKrad;IstGkfz;IstSonstige;USTRZUSTAND;LINREFX;LINREFY;XGCSWGS84;YGCSWGS84
19642;195292;11;4;4030726;2019;5;11;2;3;3;6;0;0;1;0;0;0;0;0;792081,215;5825301,437;13,3037;52,49946
19643;195293;11;8;8030830;2019;5;8;3;3;2;6;0;0;1;0;0;0;0;0;802308,6986;5817856,776;13,44717;52,42716
19644;195294;11;1;1011204;2019;5;14;2;3;2;2;0;0;1;0;0;0;0;0;798576,3652;5826865,805;13,40051;52,50996
19645;195295;11;7;7030301;2019;5;14;2;3;5;2;0;1;1;0;0;0;0;0;793712,8331;5821648,221;13,32445;52,46583
19646;195296;11;1;1011105;2019;5;9;3;3;3;6;0;1;1;0;0;0;0;0;795592,9516;5826267,068;13,35614;52,50622
19647;195297;11;12;12304313;2019;5;12;2;3;6;7;0;1;0;1;0;0;0;0;791399,5708;5834261,64;13,30155;52,58015
19648;195298;11;2;2010104;2019;5;12;2;3;2;6;0;0;1;0;0;0;0;0;799058,618;5825596,911;13,40645;52,49833
19649;195299;11;9;9010301;2019;5;7;3;2;5;2;0;1;0;0;0;1;0;0;804641,0202;5822121,473;13,48526;52,46409
19650;195300;11;11;11030721;2019;5;14;2;2;6;4;0;0;1;1;0;0;0;0;803751,2009;5828639,906;13,47815;52,52301
19651;195301;11;9;9051901;2019;5;12;2;2;2;6;0;0;1;0;0;1;1;0;809660,9197;5821481,488;13,55832;52,45553
19652;195302;11;8;8010404;2019;5;6;3;3;5;3;0;0;1;0;0;0;0;0;801908,5569;5822702,477;13,44569;52,47081
19653;195303;11;4;4020207;2019;5;16;2;3;2;7;0;0;1;0;0;1;0;0;788116,6455;5826424,785;13,24644;52,51164
19654;195304;11;4;4010101;2019;5;6;3;3;1;5;0;0;1;0;1;0;0;0;789751,7475;5829849,139;13,27345;52,54147
19655;195305;11;8;8020727;2019;5;11;2;3;5;2;0;0;1;0;0;0;0;0;800173,7285;5817058,35;13,41515;52,42118
19656;195306;11;9;9031101;2019;5;0;3;3;9;1;2;0;0;0;1;0;0;0;810995,2135;5816879,573;13,57362;52,41353
19657;195307;11;5;5030832;2019;5;13;2;3;0;1;0;1;0;0;0;0;0;0;788976,8398;5829789,238;13,262;52,54134
19658;195308;11;1;1022206;2019;5;15;3;3;2;6;0;0;1;0;1;0;0;0;796215,8652;5828475,895;13,36726;52,52568
19659;195309;11;5;5010314;2019;5;9;2;3;3;6;0;0;1;0;0;0;1;0;784944,012;5829399,737;13,20236;52,53998
19660;195310;11;11;11030720;2019;5;7;2;2;0;1;0;1;0;0;0;0;0;0;805149,9305;5829103,171;13,49912;52,52638
19661;195311;11;1;1011306;2019;5;15;3;3;3;2;0;1;1;0;0;0;0;0;799986,5093;5826927,117;13,42128;52,50974
19662;195312;11;2;2020206;2019;5;15;3;3;1;5;0;1;0;0;0;0;1;0;799631,5178;5825078,245;13,4144;52,49336
19663;195313;11;8;8010404;2019;5;7;2;3;2;7;0;0;1;0;0;0;1;0;802362,7085;5822766,97;13,45241;52,47114
19664;195314;11;12;12214527;2019;5;11;2;3;3;6;0;1;0;0;0;0;0;0;790372,0677;5834860,228;13,28695;52,58606
19665;195315;11;7;7020204;2019;5;15;3;3;2;7;0;0;1;0;0;0;0;0;796533,246;5823983,608;13,36793;52,48524
19666;195316;11;8;8041037;2019;5;10;2;3;6;2;0;0;1;1;0;0;0;0;805533,7468;5818557,601;13,4951;52,43165
19667;195317;11;3;3010101;2019;5;14;3;3;5;2;0;1;1;0;0;0;0;0;803931,7778;5841354,675;13,49246;52,63686
19668;195318;11;12;12214125;2019;5;10;2;3;1;7;0;1;1;0;0;0;0;0;790769,3381;5834508,058;13,29249;52,58269
19669;195319;11;12;12231101;2019;5;14;3;3;5;3;0;0;1;0;1;0;0;0;792325,892;5839054,714;13,31941;52,62262
19670;195320;11;4;4051448;2019;5;10;2;3;5;3;0;1;1;0;0;0;0;0;793965,8941;5824966,037;13,33109;52,49544
19671;195321;11;1;1033102;2019;5;13;3;3;5;7;0;0;1;0;0;0;0;0;797359,5377;5831681,282;13,38694;52,55379
19672;195322;11;2;2040501;2019;5;9;2;3;1;5;0;1;1;0;0;0;0;0;800408,046;5828302,828;13,42871;52,52184
19673;195323;11;9;9041402;2019;5;11;2;3;5;3;0;1;1;0;0;0;0;0;812142,1828;5820293,29;13,59361;52,44347
19674;195324;11;3;3010102;2019;5;13;3;2;4;6;0;0;1;0;0;0;0;0;804405,9632;5840572,143;13,49872;52,62958
19675;195325;11;1;1044101;2019;5;16;3;3;5;7;2;1;0;0;1;0;0;0;793687,3445;5832241,68;13,33343;52,56081
19676;195326;11;2;2020204;2019;5;12;1;3;2;6;0;0;1;0;0;0;0;0;798282,9066;5825471,912;13,39495;52,49763
19677;195327;11;9;9030901;2019;5;16;3;2;5;3;0;1;1;0;0;0;0;0;807975,3504;5817754,544;13,53016;52,42308
19678;195328;11;1;1044203;2019;6;16;5;3;2;6;0;0;1;0;0;1;0;1;795457,9263;5831617,404;13,35892;52,55426
19679;195329;11;7;7050501;2019;6;16;5;2;0;2;0;1;1;0;0;0;0;1;797889,082;5819627,076;13,38394;52,44545
19680;195330;11;8;8020619;2019;6;16;5;3;5;2;0;1;0;0;0;0;1;0;802622,7176;5820750,658;13,4544;52,45292
19681;195331;11;4;4030828;2019;6;16;5;3;5;2;0;1;1;0;0;0;0;1;793311,0696;5826220,712;13,32258;52,50704
19682;195332;11;2;2020203;2019;6;9;5;3;5;2;0;1;1;0;0;0;0;0;797111,0702;5824238,346;13,37664;52,48721
19683;195333;11;1;1022103;2019;6;13;5;3;5;2;0;1;1;0;0;0;0;0;794587,3105;5829777,201;13,34448;52,53823
19684;195334;11;11;11030721;2019;6;15;5;3;5;3;0;0;1;0;0;0;0;1;804599,5693;5827842,195;13,48988;52,51539
19685;195335;11;4;4051655;2019;6;8;5;3;0;7;0;0;1;0;0;0;1;0;794134,0397;5823925,952;13,33264;52,48602
19686;195336;11;4;4030725;2019;6;8;5;3;5;3;0;0;1;0;0;0;0;0;791289,8573;5826076,683;13,29276;52,50683
19687;195337;11;4;4051446;2019;6;8;5;3;5;3;0;1;1;0;0;0;0;0;792911,9613;5824396,112;13,31511;52,4909
19688;195338;11;4;4010103;2019;6;7;5;3;2;6;0;0;1;0;0;0;0;0;791106,5738;5829127,238;13,29274;52,53428
19689;195339;11;10;10020623;2019;6;7;5;3;5;3;0;1;1;0;0;0;0;0;811507,8478;5828872,016;13,59232;52,52071
19690;195340;11;8;8041038;2019;6;7;5;3;5;2;0;1;0;0;0;0;0;0;806562,1642;5815922,467;13,50777;52,40746
19691;195341;11;10;10020622;2019;6;6;5;3;1;5;0;0;1;0;0;0;0;0;810838,9053;5829002,184;13,58262;52,52226
19692;195342;11;7;7020203;2019;6;23;4;3;7;7;2;1;0;0;0;0;0;0;795482,6644;5823906,983;13,35243;52,48512
19693;195343;11;4;4010103;2019;6;16;4;3;4;6;0;1;1;0;0;0;0;0;791489,2664;5829731,419;13,29889;52,53949
19694;195344;11;12;12231102;2019;6;19;4;3;5;2;0;0;1;0;1;0;0;0;790222,8874;5839935,403;13,28921;52,63164
19695;195345;11;4;4041137;2019;6;18;4;3;2;6;0;0;1;0;0;0;0;0;791736,6045;5823809,289;13,29734;52,48626
19696;195346;11;2;2020202;2019;6;18;4;3;5;3;0;1;1;0;0;0;0;0;797263,8589;5825192,285;13,37973;52,49568
19697;195347;11;4;4030725;2019;6;23;4;3;1;5;2;0;1;0;1;0;0;0;791503,3483;5826282,273;13,29608;52,50856
19698;195348;11;2;2020203;2019;6;22;4;3;5;3;2;1;1;0;0;0;0;0;796973,143;5824453,606;13,3748;52,48922
19699;195349;11;1;1044201;2019;6;22;4;2;2;6;2;0;1;0;0;0;0;0;796599,616;5831776,118;13,37585;52,55506
19700;195350;11;2;2030302;2019;6;18;4;3;3;6;0;1;1;0;0;0;0;0;801638,8672;5826059,459;13,44477;52,50105
19701;195351;11;9;9020702;2019;6;18;4;3;5;3;0;1;1;0;0;0;0;0;809507,55;5819511,287;13,55425;52,43796
19702;195352;11;6;6030610;2019;6;18;4;3;0;7;0;1;0;0;0;0;0;0;791844,1624;5817836,803;13,29369;52,43266
19703;195353;11;3;3061429;2019;6;18;4;3;5;3;0;1;0;0;1;0;0;0;801315,9055;5831017,478;13,44452;52,54567
19704;195354;11;12;12103218;2019;6;16;4;3;5;2;0;0;1;0;0;0;0;0;795441,7329;5834154,072;13,36094;52,577
19705;195355;11;1;1022106;2019;6;16;4;3;5;2;0;1;1;0;0;0;0;0;793687,8012;5828003,297;13,32969;52,52281
19706;195356;11;1;1033202;2019;6;15;4;3;0;1;0;0;0;0;1;0;0;0;798014,6677;5829956,976;13,39503;52,53798
19707;195357;11;4;4010102;2019;6;22;4;3;5;2;2;0;1;0;0;0;0;0;793352,206;5829681,351;13,32624;52,53804
19708;195358;11;2;2020204;2019;6;20;4;3;5;2;0;1;0;1;0;0;0;0;797856,954;5824923,146;13,3882;52,49294
19709;195359;11;4;4030417;2019;6;15;4;3;5;3;0;1;0;0;0;0;1;0;791433,253;5827295,473;13,29593;52,51768
19710;195360;11;11;11040926;2019;6;14;4;3;5;3;0;1;1;0;0;0;0;0;806134,9171;5827017,696;13,51168;52,50714
19711;195361;11;3;3020210;2019;6;14;4;3;5;3;0;0;1;0;0;0;1;0;798889,5151;5835615,233;13,41298;52,58822
19712;195362;11;10;10010310;2019;6;14;4;2;6;4;0;1;0;1;0;0;0;0;809407,0983;5831062,863;13,5635;52,54154
19713;195363;11;2;2050602;2019;6;13;4;3;5;2;0;0;1;0;0;0;0;0;802586,0161;5827698,72;13,46017;52,51522
19714;195364;11;8;8041037;2019;6;13;4;3;5;3;0;1;1;0;0;0;0;0;805555,3092;5818563,088;13,49542;52,43169
19715;195365;11;3;3061332;2019;6;13;4;3;1;7;0;0;0;0;1;0;0;0;799452,853;5831128,102;13,41722;52,54769
19716;195366;11;9;9051901;2019;6;13;4;2;6;4;0;0;1;1;0;0;0;0;811008,9609;5821785,053;13,57838;52,45749
19717;195367;11;3;3030406;2019;6;8;4;3;0;1;0;0;0;0;1;0;0;0;802331,3129;5838821,49;13,46656;52,61505
19718;195368;11;11;11040926;2019;6;10;4;3;0;2;0;1;1;0;0;0;0;0;804589,9708;5826362,149;13,48839;52,50213
19719;195369;11;3;3071536;2019;6;10;4;3;2;7;0;0;0;0;1;1;0;0;798992,4358;5829272,297;13,40878;52,53131
19720;195370;11;6;6020304;2019;6;13;4;3;5;3;0;1;1;0;0;0;0;0;794683,2021;5817424,333;13,33497;52,42744
19721;195371;11;4;4010102;2019;6;10;4;3;2;6;0;0;1;0;1;0;0;0;793388,697;5829914,92;13,32698;52,54011
19722;195372;11;11;11020411;2019;6;8;4;2;0;1;0;1;0;0;0;0;0;0;806298,2898;5832119,179;13,51878;52,55277
19723;195373;11;5;5010312;2019;6;12;4;3;2;2;0;0;1;0;0;0;1;0;785191,2732;5829706,722;13,20626;52,5426
19724;195374;11;3;3040614;2019;6;9;4;3;5;2;0;1;1;0;0;0;0;0;799955,553;5835682,51;13,42873;52,58823
19725;195375;11;7;7040402;2019;6;11;4;3;5;2;0;1;1;0;0;0;0;0;796145,3415;5820785,22;13,35939;52,45678
19726;195376;11;8;8010115;2019;6;8;4;3;5;2;0;1;1;0;0;0;0;0;799270,5205;5823820,525;13,40797;52,48229
19727;195377;11;8;8020622;2019;6;8;4;3;5;2;0;1;1;0;0;0;0;0;802574,1122;5819912,961;13,45293;52,44544
19728;195378;11;9;9052001;2019;6;7;4;3;5;7;0;0;1;0;1;0;0;0;809225,9709;5822860,971;13,55322;52,46814
19729;195379;11;3;3061227;2019;6;7;4;2;5;3;0;1;1;0;0;0;0;0;800111,9525;5831694,925;13,42743;52,55241
19730;195380;11;1;1011301;2019;6;2;4;2;0;7;2;0;1;0;0;0;1;0;797377,5451;5828939,739;13,38475;52,52921
19731;195381;11;2;2020203;2019;6;8;3;3;3;6;0;0;1;0;1;0;0;0;797534,1768;5824980,306;13,38351;52,49363
19732;195382;11;4;4030827;2019;6;14;3;3;0;7;0;0;1;0;0;0;0;0;792394,112;5826057,655;13,30897;52,50607
19733;195383;11;1;1011402;2019;6;13;3;3;0;3;0;1;0;0;0;0;1;0;798681,4975;5829454,201;13,40438;52,53311
19734;195384;11;1;1022104;2019;6;8;3;3;6;4;0;0;1;1;0;0;0;0;794350,5463;5828579,549;13,33994;52,52762
19735;195385;11;1;1011202;2019;6;16;3;3;2;2;0;1;1;0;0;0;0;0;797135,0457;5827775,166;13,38015;52,5189
19736;195386;11;12;12301203;2019;6;16;3;3;5;2;0;1;1;0;0;0;0;0;793862,7627;5835438,782;13,33884;52,58937
19737;195387;11;2;2030401;2019;6;16;3;3;5;2;0;1;1;0;0;0;0;0;801191,634;5825184,744;13,43741;52,49346
19738;195388;11;7;7040401;2019;6;15;3;3;0;2;0;1;1;0;0;0;0;0;797415,2768;5823703,78;13,38063;52,48225
19739;195389;11;11;11030720;2019;6;15;3;3;2;6;0;0;1;0;0;0;0;0;805316,5978;5830022,476;13,50242;52,53452
19740;195390;11;3;3061227;2019;6;14;3;3;5;7;0;1;1;0;0;0;0;0;799595,4182;5831292,563;13,41947;52,54908
19741;195391;11;5;5020419;2019;6;14;3;3;0;6;0;1;0;0;0;0;0;0;781939,5837;5828463,066;13,15739;52,53314
19742;195392;11;9;9020501;2019;6;13;3;3;5;2;0;0;0;0;1;0;1;0;806268,862;5822161,02;13,50918;52,46353
19743;195393;11;6;6020305;2019;6;18;3;3;6;4;0;0;1;1;0;0;0;0;795491,92;5817582,806;13,34697;52,42843
19744;195394;11;4;4030929;2019;6;12;3;3;3;6;0;0;1;0;1;0;0;0;792713,4498;5825710,295;13,31335;52,50278
19745;195395;11;7;7050503;2019;6;12;3;3;6;7;0;0;1;1;0;0;0;0;798358,6693;5819903,003;13,39108;52,44767
19746;195396;11;5;5020625;2019;6;11;3;3;2;2;0;0;1;0;0;0;0;0;784711,3804;5828610,451;13,19827;52,53302
19747;195397;11;1;1011105;2019;6;11;3;3;5;2;0;1;1;0;0;0;0;0;796635,4551;5826670,495;13,37182;52,50927
19748;195398;11;9;9041301;2019;6;11;3;3;3;6;0;1;0;0;0;0;0;0;811682,718;5819968,789;13,58657;52,44083
19749;195399;11;11;11041022;2019;6;13;3;2;5;3;0;1;1;0;0;0;0;0;806596,466;5827370,338;13,51878;52,51004
19750;195400;11;4;4030622;2019;6;11;3;2;2;7;0;1;1;0;0;0;0;0;792033,9153;5826857,07;13,30437;52,51343
19751;195401;11;1;1044201;2019;6;11;3;3;2;2;0;0;1;0;0;0;0;0;796423,9958;5831972,409;13,37344;52,55691
19752;195402;11;1;1033201;2019;6;10;3;3;3;6;0;0;1;0;1;0;0;0;798279,6793;5830092,791;13,39904;52,53905
19753;195403;11;4;4010102;2019;6;10;3;3;5;2;0;0;1;0;0;0;0;0;793352,8684;5829679,469;13,32625;52,53802
19754;195404;11;8;8041037;2019;6;10;3;3;5;3;0;0;1;0;0;0;0;0;805094,456;5817915,933;13,48807;52,42614
19755;195405;11;4;4030518;2019;6;9;3;3;5;3;0;1;1;0;0;0;0;0;791936,0663;5828318,382;13,30422;52,52658
19756;195406;11;2;2020202;2019;6;23;3;2;5;2;2;1;1;0;0;0;0;0;797916,269;5825263,65;13,38938;52,49596
19757;195407;11;1;1022104;2019;6;20;3;3;2;6;0;0;1;0;0;0;0;0;794029,8575;5828460,733;13,33512;52,52673
19758;195408;11;2;2010102;2019;6;8;3;3;5;3;0;1;1;0;0;0;0;0;798264,3827;5825734,828;13,39491;52,5
19759;195409;11;8;8010213;2019;6;9;3;3;1;5;0;1;1;0;0;0;0;0;801392,4588;5822960,85;13,43835;52,47341
19760;195410;11;3;3061430;2019;6;9;3;3;2;6;0;0;1;0;1;0;0;0;802014,4093;5829661,574;13,45355;52,53313
19761;195411;11;5;5020524;2019;6;7;3;3;0;1;0;1;0;0;0;0;0;0;783642,4947;5825508,227;13,1799;52,50576
19762;195412;11;11;11020514;2019;6;8;3;3;5;3;0;1;1;0;0;0;0;0;804456,4143;5830937,524;13,49061;52,54321
19763;195413;11;6;6020302;2019;6;20;3;3;6;7;0;1;0;1;0;0;0;0;794274,8905;5819344,777;13,33067;52,44488
19764;195414;11;10;10020413;2019;6;19;3;2;6;4;0;0;1;1;0;0;0;0;810834,6214;5830942,063;13,58437;52,53965
19765;195415;11;12;12214422;2019;6;8;3;2;5;2;0;1;1;0;0;0;0;0;792185,2074;5832955,097;13,31196;52,56801
19766;195416;11;3;3061430;2019;6;19;3;3;5;2;0;1;1;0;0;0;0;0;802418,4068;5829234,25;13,4591;52,52908
19767;195417;11;7;7040406;2019;6;8;3;3;3;6;0;0;1;0;0;1;0;0;799951,9255;5821299,952;13,41571;52,45932
19768;195418;11;8;8030831;2019;6;19;3;3;6;2;0;0;1;1;0;0;0;0;803715,423;5818000,808;13,46793;52,42767
19769;195419;11;4;4051448;2019;6;19;3;3;1;5;0;1;1;0;0;0;1;0;793601,4256;5825243,999;13,32598;52,49813
19770;195420;11;3;3020209;2019;6;8;3;3;5;3;0;1;1;0;0;0;0;0;797534,7777;5834855,004;13,39236;52,58215
19771;195421;11;12;12214422;2019;6;7;3;3;2;6;0;0;1;0;0;0;0;0;792157,5669;5832941,828;13,31154;52,56791
19772;195422;11;4;4030828;2019;6;7;3;3;5;3;0;0;1;0;0;0;1;0;793262,1425;5826081,537;13,32174;52,50582
19773;195423;11;2;2020206;2019;6;18;3;3;3;6;0;1;1;0;0;0;0;0;799991,515;5825411,924;13,41999;52,49616
19774;195424;11;4;4030518;2019;6;18;3;2;5;2;0;0;1;0;1;0;0;0;791785,8375;5828225,159;13,30193;52,52582
19775;195425;11;12;12214125;2019;6;18;3;3;2;6;0;0;1;0;0;0;0;0;791914,501;5831520,756;13,30672;52,5553
19776;195426;11;2;2020203;2019;6;7;3;3;1;1;0;0;1;0;1;0;0;0;797370,1478;5824872,937;13,38101;52,49276
19777;195427;11;11;11020515;2019;6;4;3;3;5;3;1;0;1;0;0;0;0;0;803985,2031;5830279,257;13,48308;52,53757
19778;195428;11;9;9020502;2019;6;17;3;3;1;5;0;1;1;0;0;0;0;0;807525,722;5821627,774;13,52713;52,45805
19779;195429;11;9;9051901;2019;6;4;3;3;0;1;1;1;0;0;0;0;0;0;811999,9543;5821166,06;13,59234;52,45138
19780;195430;11;1;1011101;2019;6;17;3;3;5;3;0;0;1;0;0;0;1;0;794983,8905;5826147,484;13,34709;52,50548
19781;195431;11;10;10010308;2019;6;17;3;3;0;2;0;1;1;0;0;0;0;0;806628,4689;5830238,426;13,5219;52,53572
19782;195432;11;9;9030901;2019;6;12;2;3;2;6;0;0;1;0;1;0;0;0;807552,4587;5815370,726;13,52177;52,40196
19783;195433;11;2;2010102;2019;6;18;2;3;1;5;0;1;1;0;0;0;0;0;798504,4933;5826129,934;13,39879;52,50341
19784;195434;11;11;11020411;2019;6;12;2;3;5;3;0;1;0;0;0;0;0;0;805334,4515;5832884,709;13,50531;52,56017
19785;195435;11;6;6030610;2019;6;12;2;3;6;7;0;1;0;1;0;0;0;0;792581,3032;5817837,008;13,30451;52,43227
19786;195436;11;11;11020411;2019;6;22;2;3;8;1;2;0;1;0;0;0;0;1;806502,409;5832279,515;13,52193;52,55409
19787;195437;11;8;8010509;2019;6;22;2;3;0;3;2;1;1;0;0;0;0;1;803950,6014;5822021,011;13,47504;52,46357
19788;195438;11;1;1022206;2019;6;21;2;3;5;3;0;0;1;0;0;0;0;0;796228,5364;5828214,796;13,36722;52,52334
19789;195439;11;7;7040403;2019;6;20;2;3;5;2;0;0;1;0;0;0;1;0;796914,542;5822289,442;13,37202;52,46985
19790;195440;11;9;9020501;2019;6;20;2;3;5;2;0;1;1;0;0;0;0;0;806455,522;5822104,81;13,51187;52,46293
19791;195441;11;8;8010213;2019;6;19;2;3;0;3;0;1;1;0;0;0;0;1;801143,484;5822843,549;13,43459;52,4725
19792;195442;11;10;10040933;2019;6;20;2;3;5;3;0;0;1;0;0;0;1;1;812489,1631;5824946,873;13,60306;52,48498
19793;195443;11;3;3061227;2019;6;20;2;3;5;3;1;1;1;0;0;0;0;1;799770,4934;5831409,32;13,42215;52,55003
19794;195444;11;9;9020702;2019;6;19;2;2;0;1;0;1;0;0;0;0;0;1;809569,5743;5819802,871;13,55543;52,44054
19795;195445;11;9;9031001;2019;6;20;2;2;1;7;1;0;1;0;0;0;0;1;810536,7814;5816296,424;13,56636;52,40857
19796;195446;11;7;7040405;2019;6;19;2;3;8;1;0;0;1;0;0;0;0;1;799538,8553;5821808,631;13,4101;52,46411
19797;195447;11;1;1044101;2019;6;18;2;3;2;2;0;1;1;0;0;0;0;0;793819,0788;5831725,809;13,33491;52,55611
19798;195448;11;4;4030621;2019;6;18;2;3;2;6;0;0;1;0;0;0;0;0;793549,4379;5827732,561;13,32742;52,52046
19799;195449;11;2;2050802;2019;6;18;2;2;5;2;0;1;1;0;0;0;0;0;802107,3253;5827355,98;13,45282;52,51241
19800;195450;11;4;4031032;2019;6;18;2;3;1;5;0;1;1;0;0;0;0;0;791292,7781;5825004,868;13,29186;52,49722
19801;195451;11;4;4051652;2019;6;17;2;3;2;6;0;0;1;0;0;0;0;0;793515,7699;5824046,691;13,32367;52,48744
19802;195452;11;6;6030503;2019;6;15;2;3;3;6;0;0;1;0;1;0;0;0;789522,7543;5817483,272;13,25934;52,43073
19803;195453;11;7;7040405;2019;6;17;2;3;5;3;0;0;1;0;0;0;0;0;798626,8361;5820663,485;13,39569;52,45434
19804;195454;11;10;10040931;2019;6;17;2;3;5;3;0;1;1;0;0;0;0;0;814259,2633;5829301,131;13,63315;52,52298
19805;195455;11;9;9010301;2019;6;22;2;3;5;2;2;1;1;0;0;0;0;1;804531,0042;5821714,577;13,48327;52,4605
19806;195456;11;3;3020307;2019;6;15;2;3;5;3;0;1;0;0;0;0;0;0;799883,9204;5837959,226;13,42974;52,60868
19807;195457;11;6;6010102;2019;6;14;2;3;5;3;0;1;1;0;0;0;0;0;793425,588;5820368,851;13,31911;52,45452
19808;195458;11;1;1011104;2019;6;14;2;3;0;2;0;0;1;0;0;0;1;0;796256,8989;5825959,676;13,36562;52,50311
19809;195459;11;2;2020206;2019;6;14;2;3;2;6;0;0;1;0;0;0;0;0;800315,6647;5824569,108;13,42399;52,48842
19810;195460;11;3;3030715;2019;6;13;2;3;2;6;0;0;1;0;0;1;0;0;800735,709;5833607,495;13,43833;52,5692
19811;195461;11;5;5010209;2019;6;12;2;3;1;5;0;1;0;0;0;0;1;0;783196,5081;5830090,414;13,17725;52,54708
19812;195462;11;8;8020619;2019;6;11;2;3;5;7;0;0;1;0;0;0;0;0;801471,7689;5820904,62;13,43765;52,45494
19813;195463;11;1;1044203;2019;6;12;2;3;2;6;0;0;1;0;0;0;0;0;795793,896;5831890,866;13,3641;52,55652
19814;195464;11;1;1011302;2019;6;0;2;3;5;2;2;1;1;0;0;0;0;0;798494,3787;5829062,257;13,40127;52,5297
19815;195465;11;4;4030929;2019;6;12;2;3;5;7;0;0;1;0;1;0;0;0;792407,3687;5825612,226;13,30877;52,50207
19816;195466;11;1;1011402;2019;6;11;2;3;6;4;0;1;0;1;0;0;0;0;798523,9629;5829141,341;13,40178;52,53039
19817;195467;11;1;1033102;2019;6;11;2;2;5;2;0;0;1;0;0;0;0;0;797364,2415;5831210,392;13,38659;52,54957
19818;195468;11;9;9041301;2019;6;16;2;3;5;3;0;0;1;0;1;0;0;0;811750,9201;5819776,663;13,58739;52,43907
19819;195469;11;2;2020203;2019;6;11;2;3;5;2;0;1;1;0;0;0;0;0;797802,39;5824910,25;13,38739;52,49286
19820;195470;11;1;1044201;2019;6;11;2;3;3;6;0;0;1;0;1;0;0;0;796834,2216;5831942,209;13,37945;52,55642
19821;195471;11;10;10030725;2019;6;16;2;2;0;5;0;1;1;0;0;0;0;0;809955,1726;5828031,183;13,56873;52,51406
19822;195472;11;5;5010101;2019;6;10;2;2;5;2;0;0;1;0;1;0;0;0;785222,4364;5831822,854;13,20854;52,56155
19823;195473;11;9;9051901;2019;6;16;2;3;5;3;0;1;1;0;0;0;0;0;809945,8114;5821592,81;13,56261;52,45637
19824;195474;11;4;4030415;2019;6;10;2;3;2;6;0;0;1;0;1;0;0;0;791649,0497;5827653,217;13,29942;52,52077
19825;195475;11;8;8030830;2019;6;10;2;3;5;7;0;1;1;0;0;0;0;0;802702,0256;5818043,02;13,45311;52,42861
19826;195476;11;3;3061430;2019;6;15;2;3;0;7;0;0;1;0;0;0;0;0;802305,7357;5829235,442;13,45745;52,52915
19827;195477;11;9;9010401;2019;6;15;2;3;0;6;0;1;1;0;0;0;0;0;805441,3094;5821500,211;13,49643;52,45807
19828;195478;11;2;2040701;2019;6;9;2;3;5;3;0;1;1;0;0;0;0;0;800778,505;5827188,074;13,43315;52,51164
19829;195479;11;5;5020626;2019;6;9;2;3;5;2;0;1;1;0;0;0;0;0;784218,851;5827369,133;13,18996;52,52215
19830;195480;11;2;2020204;2019;6;8;2;3;5;2;0;1;1;0;0;0;0;0;798314,8855;5825383,127;13,39534;52,49682
19831;195481;11;4;4020310;2019;6;8;2;3;5;2;0;0;1;0;0;0;0;0;790211,4519;5827297,934;13,27798;52,51835
19832;195482;11;2;2030301;2019;6;7;2;3;2;6;0;0;1;0;0;1;0;0;799975,5727;5825746,689;13,42006;52,49917
19833;195483;11;5;5020625;2019;6;15;2;3;6;4;0;0;1;1;0;0;0;0;784458,4571;5828663,554;13,19459;52,53363
19834;195484;11;9;9052001;2019;6;7;2;3;5;3;0;0;1;0;0;0;0;0;810947,1361;5822198,973;13,57786;52,46123
19835;195485;11;1;1011105;2019;6;6;2;3;5;7;0;0;1;0;0;0;0;0;795336,7708;5826631,6;13,3527;52,50963
19836;195486;11;12;12214125;2019;6;15;2;3;0;2;0;0;1;0;0;0;1;0;790944,8486;5833788,281;13,29444;52,57615
19837;195487;11;1;1011302;2019;6;6;2;3;2;6;0;0;1;0;0;0;0;0;799078,1247;5828998,061;13,4098;52,5288
19838;195488;11;9;9020702;2019;6;6;2;3;0;3;0;1;1;0;0;0;0;0;809668,744;5819050,76;13,55618;52,43374
19839;195489;11;1;1011304;2019;6;15;2;2;2;2;0;0;1;0;0;0;0;0;799727,7436;5827760,655;13,41823;52,51735
19840;195490;11;3;3061228;2019;6;5;2;3;1;5;0;0;1;0;1;0;0;0;800486,9949;5831261,907;13,43255;52,54832
19841;195491;11;2;2050601;2019;6;1;2;3;5;2;2;0;1;0;0;0;0;0;801777,9822;5828668,491;13,44918;52,52436
19842;195492;11;1;1011401;2019;6;8;2;3;0;1;0;1;0;0;0;0;0;0;798106,7921;5829363,715;13,39585;52,53261
19843;195493;11;11;11030720;2019;6;20;2;3;5;2;0;1;1;0;0;0;0;1;805123,4827;5829991,758;13,49955;52,53436
19844;195494;11;6;6040810;2019;6;9;2;3;5;2;0;1;0;0;0;0;1;0;791848,9725;5821376,437;13,29686;52,46439
19845;195495;11;10;10010203;2019;6;17;2;1;1;7;0;0;1;0;0;0;0;0;807352,427;5832454,823;13,53459;52,55518
19846;195496;11;4;4030724;2019;6;14;1;3;2;6;0;1;0;0;0;0;0;0;790965,9526;5826026,471;13,28796;52,50655
19847;195497;11;4;4041238;2019;6;14;1;3;5;3;0;1;1;0;0;0;0;0;791553,9247;5823245,511;13,29416;52,48131
19848;195498;11;1;1011401;2019;6;14;1;3;6;7;0;0;1;1;0;0;0;0;797521,9227;5829149,117;13,38706;52,53101
19849;195499;11;9;9041501;2019;6;19;1;3;3;6;0;1;1;0;0;0;0;0;811012,9502;5820412,725;13,57716;52,44519
19850;195500;11;1;1044201;2019;6;21;1;3;5;3;0;0;1;0;0;0;0;0;795854,7449;5831132,303;13,36432;52,54969
19851;195501;11;11;2050803;2019;6;20;1;2;4;6;0;0;1;0;1;0;0;0;803311,958;5826289,712;13,46955;52,50219