;OBJECTID;LAND;BEZ;LOR;UJAHR;UMONAT;USTUNDE;UWOCHENTAG;UKATEGORIE;UART;UTYP1;ULICHTVERH;IstRad;IstPKW;IstFuss;IstKrad;IstGkfz;IstSonstige;USTRZUSTAND;LINREFX;LINREFY;XGCSWGS84;YGCSWGS84
19852;195502;11;2;2040701;2019;6;20;1;3;1;5;0;1;1;0;0;0;1;0;800846,907;5826869,321;13,43387;52,50875
19853;195503;11;4;4010102;2019;6;17;1;3;0;2;0;1;1;0;0;0;0;0;791834,2318;5830684,825;13,3048;52,54785
19854;195504;11;2;2010102;2019;6;17;1;2;5;3;0;0;1;0;1;0;0;0;798331,7871;5825629,632;13,39581;52,49902
19855;195505;11;10;10040933;2019;6;15;1;2;5;3;0;0;1;0;1;0;0;0;812575,854;5824282,132;13,60371;52,47897
19856;195506;11;7;7010104;2019;6;16;1;3;5;2;0;1;1;0;0;0;0;0;795999,7539;5824957,198;13,36096;52,49426
19857;195507;11;3;3071633;2019;6;16;1;3;0;1;0;1;0;0;0;0;0;0;800029,1676;5830416,599;13,42505;52,54099
19858;195508;11;11;11051331;2019;6;14;1;3;5;3;0;0;1;0;0;0;0;0;808003,4667;5824739,716;13,53702;52,48567
19859;195509;11;7;7010102;2019;6;14;1;3;5;3;0;0;1;0;1;0;0;0;794954,3795;5825404,027;13,346;52,49883
19860;195510;11;1;1011101;2019;6;14;1;3;5;3;0;0;1;0;0;0;0;0;794991,914;5826149,061;13,34721;52,50549
19861;195511;11;1;1011202;2019;6;14;1;3;5;2;0;0;1;0;1;0;0;0;797703,8288;5827795,443;13,38852;52,51877
19862;195512;11;11;11051331;2019;6;14;1;2;5;3;0;1;1;0;0;0;0;0;808002,764;5824740,141;13,53701;52,48567
19863;195513;11;3;3061126;2019;6;13;1;3;2;6;0;0;1;0;0;0;0;0;798310,987;5831834,952;13,40107;52,55465
19864;195514;11;11;11051330;2019;6;12;6;3;5;2;0;1;1;0;0;0;0;0;807062,6312;5824409,718;13,5229;52,48324
19865;195515;11;8;8020619;2019;6;13;1;3;2;6;0;0;1;0;0;0;0;0;801401,2667;5821120,991;13,43681;52,45692
19866;195516;11;7;7040403;2019;6;12;1;2;5;3;0;0;1;0;1;0;0;0;797649,4987;5822186,485;13,38271;52,46853
19867;195517;11;1;1033102;2019;6;12;6;3;5;2;0;1;0;0;0;0;1;0;797141,2919;5831886,679;13,38391;52,55575
19868;195518;11;1;1044101;2019;6;1;1;2;5;2;2;0;1;0;0;0;0;0;793962,7642;5830161,353;13,33564;52,54201
19869;195519;11;6;6040809;2019;6;17;6;2;5;2;0;1;1;0;0;0;0;0;792354,529;5820772,049;13,30375;52,4587
19870;195520;11;11;11020411;2019;6;2;1;3;5;3;2;0;1;0;0;0;0;0;804988,9884;5833003,16;13,50034;52,56142
19871;195521;11;8;8020625;2019;6;12;6;3;3;6;0;1;0;0;0;1;0;0;801490,3895;5817788,317;13,43511;52,427
19872;195522;11;12;12301203;2019;6;10;1;3;4;5;0;0;1;0;0;0;0;0;793707,074;5835028,565;13,33619;52,58578
19873;195523;11;12;12301203;2019;6;7;6;2;5;2;0;1;0;0;0;1;0;0;792848,8962;5835170,088;13,32368;52,58751
19874;195524;11;1;1044202;2019;6;10;1;3;5;2;0;0;1;0;0;0;0;0;794619,0775;5829877,865;13,34504;52,53912
19875;195525;11;1;1033102;2019;6;11;1;3;5;3;0;0;1;0;0;0;1;0;797153,9337;5831897,015;13,38411;52,55584
19876;195526;11;5;5010101;2019;6;12;6;3;5;3;0;1;1;0;0;0;0;0;785933,6378;5831651,073;13,21885;52,55964
19877;195527;11;6;6030607;2019;6;12;1;2;2;1;0;0;1;0;0;0;0;0;791970,4502;5816407,285;13,2943;52,41978
19878;195528;11;4;4051448;2019;6;12;6;3;0;6;0;0;1;0;1;0;0;0;793484,7223;5825053,893;13,3241;52,49648
19879;195529;11;11;11030618;2019;6;1;1;3;0;1;2;0;0;0;1;0;0;0;803678,9343;5828763,369;13,4772;52,52415
19880;195530;11;4;4041342;2019;6;11;6;3;5;2;0;0;1;0;1;0;0;0;792115,2887;5822352,903;13,30162;52,473
19881;195531;11;8;8010301;2019;6;0;1;3;0;1;2;1;0;0;0;0;0;0;801355,2814;5823951,009;13,43869;52,48231
19882;195532;11;8;8020727;2019;6;11;6;3;5;2;0;1;1;0;0;0;0;0;800946,5111;5817042,181;13,42647;52,42061
19883;195533;11;2;2040701;2019;6;12;7;3;5;3;0;0;1;0;0;0;0;0;800157,9541;5827367,796;13,4242;52,5136
19884;195534;11;3;3071536;2019;6;18;7;3;5;3;0;0;1;0;0;0;0;0;798953,1672;5829166,035;13,40811;52,53038
19885;195535;11;9;9041401;2019;6;12;6;3;5;3;0;0;1;0;0;0;1;0;811644,1419;5820420,711;13,58643;52,4449
19886;195536;11;3;3051017;2019;6;13;6;2;5;3;0;1;1;0;0;0;0;0;803391,1171;5832799,033;13,47665;52,56049
19887;195537;11;6;6030606;2019;6;15;7;3;1;5;0;1;1;0;0;0;0;0;793693,4001;5819262,561;13,32207;52,44445
19888;195538;11;10;10010206;2019;6;18;7;2;5;3;0;1;1;0;0;0;0;0;809970,5197;5832029,817;13,57268;52,54989
19889;195539;11;9;9020802;2019;6;12;6;2;3;6;0;1;0;0;0;1;0;0;810467,96;5820310,159;13,56907;52,44458
19890;195540;11;7;7040401;2019;6;15;7;3;5;2;0;1;0;0;0;0;0;0;797776,6614;5823273,751;13,38555;52,4782
19891;195541;11;4;4020311;2019;6;16;6;3;5;3;0;1;1;0;0;0;0;0;789559,8855;5826580,372;13,26778;52,51227
19892;195542;11;1;1022104;2019;6;14;7;3;5;2;0;0;1;0;1;0;0;0;794242,987;5828441,211;13,33824;52,52644
19893;195543;11;1;1044201;2019;6;19;7;3;2;6;0;0;1;0;0;0;0;0;796684,9964;5831917,808;13,37723;52,55628
19894;195544;11;8;8020727;2019;6;16;6;3;5;3;0;0;1;0;1;0;0;0;801575,1342;5816649,688;13,43533;52,41674
19895;195545;11;2;2030301;2019;6;19;7;3;5;3;0;1;1;0;0;0;0;0;799598,6806;5826095,896;13,41483;52,5025
19896;195546;11;4;4030931;2019;6;13;7;3;5;2;0;1;1;0;0;0;0;0;794117,342;5826092,18;13,33431;52,50545
19897;195547;11;3;3030405;2019;6;16;6;3;6;4;0;0;1;1;0;0;0;0;803515,117;5839643,054;13,48475;52,62176
19898;195548;11;11;11051332;2019;6;19;7;3;2;6;0;0;1;0;0;0;0;0;807229,0562;5824116,198;13,52507;52,48052
19899;195549;11;9;9041501;2019;6;16;6;2;5;2;0;1;1;0;0;0;0;0;811692,3888;5819923,671;13,58667;52,44042
19900;195550;11;4;4020310;2019;6;16;6;2;4;6;0;1;0;0;0;0;0;0;790150,5424;5828210,08;13,27788;52,52656
19901;195551;11;7;7020201;2019;6;19;7;3;5;3;0;0;1;0;0;0;0;0;794964,5671;5824059,457;13,34496;52,48677
19902;195552;11;2;2010104;2019;6;15;6;2;5;7;0;0;1;0;0;1;0;0;799444,6735;5825642,377;13,41216;52,49852
19903;195553;11;2;2030302;2019;6;12;7;2;5;2;0;1;1;0;0;0;0;0;800946,851;5826400,028;13,43491;52,50449
19904;195554;11;4;4030621;2019;6;16;6;3;5;2;0;1;0;0;1;0;0;0;793559,2538;5827756,096;13,32758;52,52067
19905;195555;11;6;6040806;2019;6;22;7;3;6;4;2;0;1;1;0;0;0;0;788845,7188;5819607,9;13,25124;52,45013
19906;195556;11;7;7070702;2019;6;12;7;3;1;5;0;0;1;0;0;0;0;0;800128,5192;5814982,438;13,41263;52,4026
19907;195557;11;7;7010102;2019;6;16;6;3;1;5;0;1;1;0;0;0;0;0;795883,5766;5825470,29;13,35971;52,49892
19908;195558;11;4;4041238;2019;6;9;6;3;2;7;0;0;1;0;0;0;0;0;791683,1119;5823653,805;13,29641;52,4849
19909;195559;11;5;5010314;2019;6;11;7;3;0;2;0;0;1;0;0;0;1;0;784843,1873;5829239,963;13,20074;52,5386
19910;195560;11;5;5010339;2019;6;10;7;3;5;2;0;1;1;0;0;0;0;0;788103,7111;5827867,4;13,2475;52,52458
19911;195561;11;3;3050924;2019;6;12;6;2;1;1;0;0;1;0;0;0;1;0;801589,5728;5831780,427;13,44923;52,55236
19912;195562;11;1;1011302;2019;6;23;7;2;0;1;2;1;0;0;0;0;0;0;798496,293;5828386,934;13,4007;52,52364
19913;195563;11;2;2010102;2019;6;17;6;3;5;3;0;0;1;0;0;0;0;0;798411,8411;5825784,562;13,39712;52,50036
19914;195564;11;8;8020622;2019;6;9;7;3;5;7;0;0;1;0;0;0;0;0;802374,663;5819912,366;13,45;52,44555
19915;195565;11;1;1033201;2019;6;9;7;2;5;2;0;1;0;0;0;1;0;0;798071,6509;5829988,77;13,39589;52,53823
19916;195566;11;8;8010117;2019;6;15;6;3;6;2;0;0;1;1;0;0;0;0;800651,7363;5823014,231;13,42752;52,4743
19917;195567;11;4;4051445;2019;5;5;6;3;5;2;0;1;1;0;0;0;0;0;791762,2535;5824375,355;13,29821;52,49132
19918;195568;11;3;3050923;2019;5;7;6;3;5;3;0;0;1;0;1;0;0;0;800994,2425;5831899,738;13,44059;52,55376
19919;195569;11;2;2010102;2019;6;23;6;2;5;3;2;0;1;0;0;0;0;0;798531,8039;5826271,364;13,39932;52,50466
19920;195570;11;4;4030519;2019;5;9;6;3;5;2;0;1;1;0;0;0;0;0;792326,0574;5828251,913;13,30989;52,52578
19921;195571;11;11;11010103;2019;6;15;6;3;5;2;0;0;1;0;1;0;0;0;807931,2058;5833796,26;13,54434;52,56687
19922;195572;11;4;4030725;2019;5;9;6;3;5;2;0;0;1;0;0;0;0;0;791916,0419;5826239,076;13,3021;52,50795
19923;195573;11;7;7050503;2019;5;15;6;3;2;6;0;0;1;0;0;0;0;0;799139,9432;5819915,761;13,40255;52,44736
19924;195574;11;7;7050501;2019;6;11;6;3;1;5;0;1;1;0;0;0;1;0;797853,1267;5819621,187;13,38341;52,44542
19925;195575;11;3;3050923;2019;6;11;6;3;2;1;0;0;1;0;0;0;0;0;801160,4459;5831611,249;13,44277;52,55108
19926;195576;11;12;12214423;2019;5;15;6;3;5;3;0;0;1;0;0;0;0;0;792601,3061;5833665,675;13,31871;52,57416
19927;195577;11;7;7040401;2019;5;15;6;3;5;2;0;1;1;0;0;0;0;0;797748,2126;5822532,304;13,38447;52,47157
19928;195578;11;4;4030416;2019;6;18;6;3;0;7;0;1;0;0;0;0;0;0;791296,1495;5827183,946;13,29382;52,51675
19929;195579;11;9;9031001;2019;5;13;6;3;5;3;0;1;1;0;0;0;0;0;810544,9155;5815073,19;13,56534;52,3976
19930;195580;11;2;2010104;2019;6;10;6;2;6;4;0;1;0;1;0;0;0;0;799774,2389;5825695,517;13,41705;52,49882
19931;195581;11;12;12214424;2019;5;13;6;2;5;2;0;0;1;0;0;0;0;0;793186,3101;5832306,134;13,32612;52,56166
19932;195582;11;12;12302107;2019;5;16;6;3;5;3;0;0;1;0;0;0;0;0;793845,7033;5836158,09;13,33923;52,59583
19933;195583;11;4;5030833;2019;5;17;6;2;2;6;0;0;1;0;0;0;0;0;790383,9967;5829032,405;13,28203;52,53381
19934;195584;11;12;12231102;2019;6;15;6;3;1;5;0;0;1;0;0;0;0;0;789775,4404;5839769,236;13,28247;52,63039
19935;195585;11;9;9010202;2019;5;17;6;2;5;2;0;1;1;0;0;0;0;0;804483,0659;5823234,787;13,48396;52,47416
19936;195586;11;3;3061131;2019;6;10;6;3;5;2;0;0;1;0;1;0;0;0;798625,4236;5831114,243;13,40504;52,54802
19937;195587;11;2;2020206;2019;5;19;6;3;5;7;0;1;0;0;0;0;1;0;799780,1101;5824852,426;13,41638;52,49126
19938;195588;11;5;5030731;2019;6;9;6;3;1;5;0;1;1;0;0;0;1;0;786995,5361;5829344,1;13,23248;52,5384
19939;195589;11;2;2020206;2019;5;19;6;3;0;6;0;0;1;0;0;0;1;0;799529,413;5824906,783;13,41275;52,49188
19940;195590;11;2;2030301;2019;6;9;6;3;5;3;0;1;1;0;0;0;0;0;799702,0925;5826016,308;13,41628;52,50173
19941;195591;11;12;12214424;2019;5;20;6;3;5;2;0;0;1;0;0;0;0;1;793277,7366;5832576,995;13,3277;52,56404
19942;195592;11;9;9010402;2019;6;15;6;3;5;3;0;1;1;0;0;0;0;0;806460,1913;5820700,254;13,51065;52,45033
19943;195593;11;7;7040405;2019;5;21;6;3;2;6;2;0;1;0;0;0;1;1;798915,8768;5821220,273;13,40043;52,45917
19944;195594;11;7;7070703;2019;6;15;6;3;1;5;0;1;1;0;0;0;0;0;799689,621;5813178,698;13,40458;52,38667
19945;195595;11;2;2020205;2019;5;18;6;3;0;1;0;1;0;0;0;0;0;0;799191,7976;5824231,976;13,40718;52,48602
19946;195596;11;6;6010101;2019;5;9;6;3;2;2;0;0;1;0;0;0;1;0;792655,7477;5820908,331;13,30829;52,45977
19947;195597;11;4;4010102;2019;6;14;6;3;5;2;0;1;1;0;0;0;0;0;793170,9312;5830158,347;13,32399;52,54241
19948;195598;11;9;9051801;2019;5;10;6;3;5;2;0;1;1;0;0;0;0;0;819383,6943;5819909,118;13,69943;52,43585
19949;195599;11;4;4030620;2019;6;14;6;3;5;2;0;1;1;0;0;0;0;0;791852,6099;5827431,584;13,30221;52,51867
19950;195600;11;3;3071537;2019;5;12;6;3;2;6;0;0;1;0;0;0;0;0;799869,2738;5829787,294;13,42214;52,53544
19951;195601;11;1;1011306;2019;5;12;6;3;0;7;0;1;0;0;0;0;1;1;799883,9208;5826480,63;13,41937;52,50579
19952;195602;11;3;3061126;2019;6;14;6;2;5;2;0;1;1;0;0;0;0;0;798642,4057;5831469,185;13,40561;52,55119
19953;195603;11;1;1044203;2019;5;12;6;3;2;6;0;0;1;0;0;0;0;0;795445,7201;5831557,49;13,35868;52,55373
19954;195604;11;6;6020303;2019;6;13;6;3;1;5;0;1;1;0;0;0;0;0;795430,6847;5818542,783;13,34692;52,43707
19955;195605;11;2;2030302;2019;5;12;6;3;2;6;0;0;1;0;0;0;1;0;801215,309;5826225,282;13,4387;52,50277
19956;195606;11;6;6040808;2019;6;14;6;3;2;6;0;0;1;0;0;1;0;0;790129,1696;5819679,493;13,27014;52,4501
19957;195607;11;1;1011306;2019;5;12;6;3;0;7;0;0;0;0;1;0;1;1;799884,913;5826475,448;13,41938;52,50575
19958;195608;11;1;1044101;2019;6;10;6;3;2;6;0;0;1;0;0;1;0;0;793964,9749;5830169,605;13,33568;52,54209
19959;195609;11;12;12301203;2019;5;23;6;3;2;6;2;0;1;0;0;0;0;1;793941,3213;5835293,842;13,33987;52,58803
19960;195610;11;1;1011301;2019;5;21;6;3;0;1;2;0;0;0;1;0;0;1;797011,4463;5828945,174;13,37937;52,52946
19961;195611;11;1;1022106;2019;6;8;6;3;1;1;0;0;1;0;0;0;0;0;793989,0087;5828215,839;13,3343;52,52456
19962;195612;11;11;11051332;2019;6;8;6;1;6;4;0;0;0;1;0;1;0;0;807133,9037;5823935,226;13,52351;52,47895
19963;195613;11;2;2010101;2019;5;18;5;3;6;7;0;0;1;1;0;0;0;0;797701,214;5826004,969;13,38688;52,50273
19964;195614;11;8;8010406;2019;6;16;5;3;0;2;0;1;0;0;0;0;1;1;802517,8258;5824218,267;13,456;52,48406
19965;195615;11;7;7070704;2019;5;18;5;2;5;2;0;0;1;0;1;0;0;0;800164,9566;5814068,965;13,41234;52,39439
19966;195616;11;2;2010102;2019;6;18;5;3;3;6;0;1;1;0;0;0;0;0;797760,4877;5826437,829;13,38814;52,50657
19967;195617;11;4;4041344;2019;5;17;5;3;6;4;0;0;1;1;0;0;0;0;792980,2962;5822529,243;13,31447;52,47412
19968;195618;11;10;10020519;2019;5;17;5;2;5;3;0;1;1;0;0;0;0;0;812267,9107;5830209,467;13,60474;52,53226
19969;195619;11;12;12214527;2019;6;15;5;3;2;6;0;0;1;0;0;0;0;0;790646,3225;5834378,22;13,29057;52,5816
19970;195620;11;9;9041501;2019;6;7;5;3;5;2;0;1;1;0;0;0;0;0;811004,6205;5820318,672;13,57695;52,44435
19971;195621;11;3;3020209;2019;5;16;5;3;5;3;0;0;1;0;0;0;0;0;797239,9163;5835063,787;13,38821;52,58418
19972;195622;11;10;10040828;2019;5;16;5;2;5;3;0;1;1;0;0;0;0;0;811909,316;5829755,694;13,59905;52,5284
19973;195623;11;9;9020701;2019;6;7;5;3;5;2;0;1;1;0;0;0;0;0;809340,9173;5818506,28;13,55087;52,42905
19974;195624;11;1;1022106;2019;5;18;5;3;5;2;0;1;1;0;0;0;0;0;794316,304;5828379,61;13,33926;52,52585
19975;195625;11;5;5010102;2019;6;6;5;3;5;3;0;0;1;0;1;0;0;0;785203,8256;5831871,763;13,20831;52,562
19976;195626;11;12;12231102;2019;5;16;5;3;0;1;0;1;0;0;0;0;0;0;790567,1911;5841249,854;13,29544;52,64324
19977;195627;11;10;10010102;2019;5;16;5;3;5;7;0;0;1;0;0;0;0;0;809347,2347;5834283,652;13,56562;52,57044
19978;195628;11;8;8010508;2019;6;6;5;3;5;2;0;1;0;0;1;0;0;0;803180,965;5822713,857;13,46437;52,47021
19979;195629;11;2;2040701;2019;5;23;5;2;6;4;2;0;1;1;0;0;0;0;800883,174;5826849,831;13,43438;52,50855
19980;195630;11;1;1044203;2019;6;21;5;3;5;7;2;1;1;0;0;0;0;1;795873,6255;5831960,346;13,36534;52,5571
19981;195631;11;8;8010214;2019;5;22;5;3;5;7;2;1;1;0;0;0;0;0;801152,3466;5822196,066;13,43413;52,46669
19982;195632;11;8;8010117;2019;6;21;5;3;2;6;1;1;1;0;0;0;0;1;800715,0726;5822880,25;13,42833;52,47307
19983;195633;11;4;4051446;2019;5;20;5;3;5;3;1;1;1;0;0;0;0;0;792912,4407;5824395,27;13,31512;52,49089
19984;195634;11;4;4030828;2019;6;21;5;3;6;4;1;0;1;1;0;0;0;1;793150,5614;5826111,657;13,32013;52,50615
19985;195635;11;3;3051017;2019;5;20;5;3;5;2;1;1;1;0;0;0;0;0;804447,8874;5832668,121;13,49207;52,55872
19986;195636;11;1;1022204;2019;5;19;5;3;1;5;0;1;1;0;0;0;0;0;794705,3814;5828322,533;13,34493;52,52513
19987;195637;11;8;8041038;2019;6;12;5;2;6;2;0;0;1;1;0;0;0;0;805682,6494;5816732,619;13,49562;52,41521
19988;195638;11;3;3061228;2019;6;23;5;3;5;3;2;0;1;0;0;0;0;1;800312,204;5831547,272;13,43024;52,55097
19989;195639;11;10;10030727;2019;5;18;5;3;2;6;0;1;0;0;0;0;0;0;809633,2375;5825751,669;13,56188;52,49382
19990;195640;11;10;10040830;2019;5;18;5;3;5;3;0;0;1;0;0;0;0;0;810496,826;5824818,404;13,57369;52,48496
19991;195641;11;3;3030716;2019;6;15;5;3;0;7;0;0;1;0;0;0;0;0;802837,02;5835346,607;13,47083;52,58363
19992;195642;11;1;1011202;2019;5;15;5;3;3;6;0;1;1;0;0;0;0;0;797682,2716;5827925,576;13,38832;52,51995
19993;195643;11;8;8010303;2019;6;15;5;3;5;2;0;0;1;0;0;0;0;1;801015,6259;5823905,729;13,43367;52,48209
19994;195644;11;4;4020311;2019;5;15;5;3;5;3;0;0;1;0;0;0;0;0;789024,1779;5827024,015;13,26029;52,51653
19995;195645;11;1;1022101;2019;6;15;5;3;1;5;0;1;1;0;0;0;1;1;793066,1171;5828301,705;13,32081;52,52582
19996;195646;11;3;3040508;2019;5;14;5;3;2;2;0;0;1;0;0;0;0;0;796933,4;5836537,757;13,38502;52,59756
19997;195647;11;7;7060601;2019;6;13;5;2;2;6;0;1;1;0;0;0;0;0;796571,7072;5816237,907;13,36161;52,41579
19998;195648;11;4;4051549;2019;5;14;5;3;2;6;0;0;1;0;0;0;0;0;792463,7819;5824037,338;13,30821;52,48792
19999;195649;11;11;11030721;2019;6;12;5;2;6;2;0;0;1;1;0;0;0;0;804306,3817;5828168,337;13,48587;52,51847
20000;195650;11;11;11040926;2019;5;13;5;3;6;2;0;0;0;1;0;0;1;0;805353,0067;5827358,962;13,50051;52,51063
20001;195651;11;2;2040502;2019;6;12;5;3;5;2;0;1;1;0;0;0;0;0;800928,5868;5828504,474;13,43655;52,52336
20002;195652;11;5;5040934;2019;5;13;5;2;1;5;0;1;1;0;0;0;0;0;783897,6421;5823452,484;13,1819;52,4872
20003;195653;11;6;6030608;2019;5;10;5;2;5;7;0;0;1;0;1;0;0;0;792904,7046;5817699,674;13,30913;52,43087
20004;195654;11;1;1022205;2019;6;12;5;3;5;2;0;0;1;0;1;0;0;0;796061,5195;5828499,804;13,36501;52,52598
20005;195655;11;5;5020625;2019;5;6;5;2;1;5;0;0;1;0;0;0;0;0;784036,3263;5827974,402;13,1878;52,52767
20006;195656;11;9;9020501;2019;6;12;5;3;2;6;0;0;1;0;0;0;0;0;806434,868;5822979,087;13,51237;52,47077
20007;195657;11;12;12214528;2019;5;16;4;3;2;6;0;0;1;0;0;0;0;0;787918,8952;5836238,085;13,25204;52,59972
20008;195658;11;2;2020205;2019;6;11;5;2;5;7;0;1;1;0;0;0;0;0;798201,4225;5824527,251;13,39291;52,48921
20009;195659;11;4;4010102;2019;5;18;4;3;2;2;0;1;1;0;0;0;0;0;793341,673;5829714,923;13,32611;52,53835
20010;195660;11;6;6040703;2019;6;11;5;3;5;2;0;0;1;0;1;0;0;0;786983,8973;5817341,288;13,22198;52,43079
20011;195661;11;2;2040703;2019;5;18;4;3;5;2;0;1;0;0;0;0;1;0;801759,6367;5826240,48;13,4467;52,50261
20012;195662;11;1;1022104;2019;5;16;4;3;3;6;0;0;1;0;1;0;0;0;794571,0404;5828597,616;13,3432;52,52767
20013;195663;11;10;10010310;2019;6;11;5;3;2;6;0;0;1;0;0;0;0;0;809467,4359;5831424,554;13,56472;52,54475
20014;195664;11;9;9051702;2019;6;7;5;3;6;2;0;0;1;1;0;0;0;0;814708,2746;5821927,342;13,63278;52,45665
20015;195665;11;9;9051901;2019;5;23;4;3;0;1;2;1;0;0;0;0;0;0;810257,7465;5821474,036;13,56707;52,45513
20016;195666;11;4;4030622;2019;5;17;4;3;6;4;0;0;1;1;0;0;0;0;792063,7493;5826935,087;13,30488;52,51411
20017;195667;11;2;2050802;2019;6;10;5;3;5;5;0;0;1;0;1;0;0;0;802166,7874;5827344,011;13,45369;52,51227
20018;195668;11;1;1011204;2019;5;20;4;3;0;2;1;1;0;0;0;1;0;0;797855,1246;5826858,942;13,38991;52,5103
20019;195669;11;4;4030621;2019;6;10;5;3;2;2;0;0;1;0;0;0;0;0;794160,1722;5827008,865;13,33575;52,51365
20020;195670;11;4;4051653;2019;5;18;4;3;5;3;0;1;1;0;0;0;0;0;793977,113;5824687,013;13,33101;52,49293
20021;195671;11;9;9010301;2019;5;18;4;2;5;2;0;0;1;0;0;0;0;0;804391,857;5821738,307;13,48125;52,46079
20022;195672;11;4;4051448;2019;6;9;5;3;6;2;0;1;0;1;0;0;0;0;793503,0775;5825217,488;13,32452;52,49794
20023;195673;11;2;2020203;2019;5;23;4;3;5;3;2;0;1;0;0;0;0;0;797839,9179;5824927,167;13,38795;52,49299
20024;195674;11;11;11040926;2019;5;22;4;3;5;2;2;0;1;0;0;0;0;0;804587,552;5826362,866;13,48835;52,50213
20025;195675;11;11;11010310;2019;6;9;5;2;6;4;0;0;0;1;0;0;1;0;805456,5376;5833348,812;13,50753;52,56426
20026;195676;11;3;3040818;2019;5;21;4;3;5;2;1;1;1;0;0;0;0;0;800014,0579;5833422,155;13,42755;52,56794
20027;195677;11;3;3061332;2019;5;18;4;3;0;2;0;0;1;0;1;0;0;0;799528,8817;5831002,162;13,41823;52,54652
20028;195678;11;4;4030929;2019;6;19;5;3;2;6;0;1;0;0;1;0;0;1;792711,8957;5825652,153;13,31328;52,50226
20029;195679;11;1;1044203;2019;5;18;4;3;5;2;0;1;1;0;0;0;0;0;796010,1208;5831416,059;13,36686;52,55215
20030;195680;11;1;1011302;2019;6;18;5;3;0;1;0;1;0;0;0;0;0;1;798646,0018;5828482,384;13,40298;52,52442
20031;195681;11;5;5020625;2019;5;15;4;3;6;2;0;0;1;1;0;0;0;0;784673,2814;5828461,076;13,19758;52,5317
20032;195682;11;1;1011302;2019;6;18;5;3;0;3;0;1;0;0;1;0;0;1;798119,3663;5828960,15;13,39567;52,52899
20033;195683;11;10;10040830;2019;5;18;4;3;5;3;0;1;1;0;0;0;0;0;810635,6804;5825832,055;13,57667;52,49397
20034;195684;11;5;5010314;2019;6;18;5;3;0;2;0;1;1;0;0;0;0;1;784493,338;5828877,794;13,19529;52,53553
20035;195685;11;6;6010101;2019;5;9;4;2;3;6;0;0;1;0;1;0;0;0;793367,092;5820349,127;13,31824;52,45437
20036;195686;11;2;2030302;2019;5;11;4;3;5;3;0;1;1;0;0;0;0;0;800624,6462;5826273,879;13,43006;52,50353
20037;195687;11;1;1011201;2019;6;18;5;2;5;3;1;1;1;0;0;0;0;1;797910,1197;5826572,08;13,39046;52,5077
20038;195688;11;12;12302109;2019;6;18;5;3;5;2;0;1;1;0;0;0;0;1;795103,0567;5836856,314;13,35836;52,60141
20039;195689;11;4;4051446;2019;5;18;4;3;2;6;0;0;1;0;0;0;0;0;792307,7887;5825309,517;13,30704;52,49941
20040;195690;11;4;4041136;2019;5;11;4;3;5;2;0;0;1;0;0;1;0;0;790536,3376;5822781,428;13,27881;52,47769
20041;195691;11;6;6040806;2019;6;18;5;2;6;4;0;0;1;1;0;0;0;1;788900,4661;5819429,736;13,25189;52,44851
20042;195692;11;7;7010102;2019;5;11;4;3;5;7;0;0;1;0;0;0;0;0;795484,0179;5825581,347;13,35394;52,50013
20043;195693;11;1;1011301;2019;6;18;5;3;0;1;0;0;0;0;1;0;0;1;796778,4258;5828817,975;13,37584;52,52844
20044;195694;11;5;5010314;2019;5;11;4;3;5;2;0;0;1;0;1;0;0;0;784685,025;5829353,95;13,19852;52,5397
20045;195695;11;2;2030301;2019;6;17;5;2;6;4;0;0;0;1;1;0;0;1;799854,844;5825830,614;13,41836;52,49998
20046;195696;11;2;2040703;2019;5;12;4;3;1;5;0;1;1;0;0;0;1;0;801448,4442;5826394,208;13,44227;52,50416
20047;195697;11;12;12224230;2019;6;16;5;2;0;1;0;1;0;0;0;0;0;1;787421,995;5838721,999;13,24688;52,62225
20048;195698;11;9;9010302;2019;5;17;4;3;2;6;0;1;1;0;0;0;0;0;804041,8239;5821222,142;13,47565;52,45636
20049;195699;11;4;4020311;2019;5;17;4;2;6;4;0;0;1;1;0;0;0;0;789061,7861;5827078,067;13,26089;52,51699
20050;195700;11;1;1022102;2019;6;16;5;3;6;4;0;0;1;1;0;0;0;1;793557,2543;5828335,358;13,32806;52,52586
20051;195701;11;7;7050505;2019;6;15;5;3;1;5;0;0;1;0;0;0;0;1;798266,3731;5818954,037;13,38888;52,43921
20052;195702;11;6;6020410;2019;5;17;4;3;5;3;0;0;1;0;0;0;1;0;794204,1863;5816869,231;13,32746;52,42272
20053;195703;11;4;4030417;2019;6;17;5;3;5;3;0;1;1;0;0;0;0;0;791792,5745;5827046,045;13,30099;52,51525
20054;195704;11;1;1033101;2019;6;17;5;3;4;6;0;0;0;0;1;1;0;0;796660,9602;5832032,766;13,37698;52,55733
20055;195705;11;4;4030519;2019;6;17;5;3;5;3;0;0;1;0;0;0;0;0;791333,4184;5828705,526;13,2957;52,53037
20056;195706;11;12;12103219;2019;6;17;5;3;5;3;0;1;1;0;0;0;0;0;795563,0458;5833222,522;13,36189;52,56859
20057;195707;11;1;1011306;2019;6;16;5;3;5;3;0;0;1;0;0;0;1;0;800065,5959;5826411,893;13,42198;52,50508
20058;195708;11;6;6030504;2019;6;16;5;3;5;2;0;1;1;0;0;0;0;0;790858,0999;5817586,205;13,27901;52,43094
20059;195709;11;4;4030620;2019;6;16;5;2;5;3;0;1;1;0;0;0;0;0;792630,7151;5827088,365;13,31335;52,51518
20060;195710;11;3;3010102;2019;6;16;5;3;5;2;0;1;1;0;0;0;0;0;804276,5729;5841093,313;13,4973;52,63433
20061;195711;11;1;1011301;2019;6;16;5;3;5;2;0;0;1;0;1;0;0;0;797074,6823;5829292,201;13,38061;52,53253