;OBJECTID;LAND;BEZ;LOR;UJAHR;UMONAT;USTUNDE;UWOCHENTAG;UKATEGORIE;UART;UTYP1;ULICHTVERH;IstRad;IstPKW;IstFuss;IstKrad;IstGkfz;IstSonstige;USTRZUSTAND;LINREFX;LINREFY;XGCSWGS84;YGCSWGS84
20062;195712;11;10;10020621;2019;6;20;5;3;2;6;0;0;1;0;1;0;0;0;811337,3735;5829835,024;13,59072;52,52944
20063;195713;11;2;2050801;2019;6;20;5;3;5;3;0;1;1;0;0;0;0;0;803553,1542;5827194,927;13,47392;52,51017
20064;195714;11;2;2050601;2019;6;19;5;3;5;3;0;1;1;0;0;0;0;0;801966,6973;5829025,696;13,45227;52,52746
20065;195715;11;11;11040926;2019;6;19;5;3;2;2;0;0;1;0;0;0;0;0;804467,6155;5826384,245;13,48661;52,50239
20066;195716;11;5;5020626;2019;6;19;5;3;1;5;0;0;1;0;0;0;1;0;784701,6351;5827273,318;13,19698;52,52104
20067;195717;11;10;10020412;2019;6;18;5;3;2;6;0;0;1;0;0;0;1;0;811702,5599;5831880,642;13,598;52,54756
20068;195718;11;6;6040810;2019;6;18;5;3;0;7;0;1;0;0;0;0;0;0;790576,9004;5821720,593;13,27849;52,46816
20069;195719;11;1;1022104;2019;6;18;5;3;5;3;0;1;1;0;0;0;0;0;794564,483;5829100,632;13,34354;52,53218
20070;195720;11;1;1011401;2019;6;18;5;3;0;1;0;1;0;0;0;0;0;0;798305,3221;5829373,244;13,39877;52,53259
20071;195721;11;7;7060604;2019;6;18;5;3;0;2;0;1;1;0;0;0;0;0;795656,9348;5816070,422;13,34805;52,41478
20072;195722;11;9;9020502;2019;6;15;5;3;6;7;0;1;0;1;0;0;0;0;807236,4344;5822135,766;13,52336;52,46276
20073;195723;11;9;9051901;2019;6;17;5;3;2;6;0;0;1;0;1;0;0;0;809683,3583;5821307,296;13,55849;52,45396
20074;195724;11;2;2050602;2019;6;15;5;3;6;4;0;0;1;1;0;0;0;0;802688,7741;5828129,335;13,46207;52,51902
20075;195725;11;9;9020501;2019;6;15;5;3;2;6;0;0;1;0;0;0;0;0;806504,8231;5822090,641;13,51258;52,46277
20076;195726;11;2;2010104;2019;6;15;5;3;5;7;0;0;1;0;0;0;0;0;799332,099;5825627,348;13,4105;52,49845
20077;195727;11;10;10010203;2019;6;6;5;2;5;2;0;1;1;0;0;0;0;0;808083,5429;5832324,671;13,54522;52,5536
20078;195728;11;3;3040614;2019;6;7;5;2;5;3;0;1;1;0;0;0;0;0;798990,5836;5835036,513;13,41395;52,58297
20079;195729;11;1;1011102;2019;6;14;5;3;6;4;0;0;1;1;0;0;0;0;794938,9804;5827271,4;13,34743;52,51558
20080;195730;11;11;11051229;2019;6;7;5;3;3;6;0;0;1;0;1;0;0;1;803699,3924;5826242,401;13,4752;52,50155
20081;195731;11;2;2030402;2019;6;7;5;3;3;6;0;1;0;0;0;0;1;0;801597,5221;5825937,283;13,44405;52,49998
20082;195732;11;6;6010205;2019;6;7;5;3;3;6;0;0;1;0;1;0;0;0;795822,2132;5819719,904;13,35371;52,44741
20083;195733;11;6;6030503;2019;6;7;5;2;5;2;0;0;1;0;1;0;0;1;788909,923;5817930,331;13,25074;52,43506
20084;195734;11;1;1044201;2019;6;8;5;3;5;3;0;1;1;0;0;0;0;0;796113,3924;5831188,849;13,36817;52,55006
20085;195735;11;11;11020412;2019;6;8;5;3;6;4;0;0;1;1;0;0;0;0;806173,8233;5831244,078;13,51614;52,54499
20086;195736;11;9;9010101;2019;6;8;5;3;5;2;0;1;1;0;0;0;0;0;802352,5717;5824748,049;13,45406;52,4889
20087;195737;11;9;9020501;2019;6;9;5;3;5;2;0;1;1;0;0;0;0;0;806199,7972;5823259,926;13,50918;52,47342
20088;195738;11;1;1011203;2019;6;14;5;3;5;7;0;0;1;0;1;0;0;0;798142,92;5827413,083;13,39463;52,51511
20089;195739;11;1;1011202;2019;6;10;5;3;5;3;0;1;1;0;0;0;0;0;797160,435;5827685,961;13,38044;52,51809
20090;195740;11;11;11041128;2019;6;10;5;2;5;3;0;1;0;0;0;1;0;0;807089,5401;5825838,724;13,52461;52,49603
20091;195741;11;4;4041136;2019;6;12;5;3;2;6;0;1;1;0;0;0;0;0;790046,0636;5822991,8;13,2718;52,47984
20092;195742;11;3;3051022;2019;6;12;5;3;1;5;0;1;1;0;0;0;0;0;802858,4508;5831759,003;13,46787;52,55146
20093;195743;11;2;2020204;2019;6;12;5;3;0;3;0;1;0;0;0;1;0;0;798491,9379;5825234,696;13,39781;52,49539
20094;195744;11;4;4030726;2019;6;8;5;2;0;1;0;1;0;0;0;0;0;0;792087,792;5825285,928;13,30379;52,49931
20095;195745;11;4;4020208;2019;6;16;5;3;5;3;0;1;0;0;0;0;1;0;786960,292;5825533,407;13,22868;52,50425
20096;195746;11;6;6030610;2019;6;15;4;3;6;7;0;0;0;1;1;0;0;0;791522,0147;5818101,647;13,2892;52,43521
20097;195747;11;1;1033202;2019;6;11;4;3;6;4;0;1;0;1;0;0;0;0;797706,136;5829665,789;13,39023;52,53554
20098;195748;11;1;1011301;2019;6;19;4;3;0;1;0;0;0;0;1;0;0;1;797222,1328;5829068,629;13,38258;52,53045
20099;195749;11;8;8010509;2019;6;19;4;3;0;1;1;1;0;0;0;0;0;1;803814,9189;5822123,038;13,47314;52,46456
20100;195750;11;3;3010102;2019;6;11;4;2;4;6;0;0;1;0;0;1;0;0;804873,5719;5841344,509;13,50632;52,63624
20101;195751;11;2;2020203;2019;6;8;4;3;0;1;0;0;0;0;1;0;0;1;797102,1111;5824461,43;13,3767;52,48922
20102;195752;11;1;1033102;2019;6;23;4;3;0;2;2;1;1;0;0;0;0;1;797656,0133;5831888,078;13,39148;52,55549
20103;195753;11;1;1033203;2019;6;22;4;3;0;3;2;0;1;0;1;0;0;1;796542,1253;5829873,613;13,3733;52,53804
20104;195754;11;12;12302108;2019;6;22;4;3;5;3;2;0;1;0;0;0;0;1;793946,4197;5836639,163;13,34114;52,60009
20105;195755;11;6;6010206;2019;6;15;4;3;5;2;0;0;1;0;1;0;0;0;794789,3652;5819837,703;13,33866;52,44902
20106;195756;11;10;10020412;2019;6;15;4;2;6;4;0;0;1;1;0;0;0;0;811301,9219;5831644,18;13,59189;52,54567
20107;195757;11;7;7040405;2019;6;15;4;3;0;7;0;0;1;0;0;0;1;0;798507,0165;5820918,369;13,39416;52,45669
20108;195758;11;1;1011201;2019;6;16;4;3;6;4;0;1;0;1;0;0;0;0;797135,8407;5826451,252;13,37897;52,50703
20109;195759;11;9;9051901;2019;6;18;4;3;5;2;0;1;1;0;0;0;0;1;810939,7698;5821589,109;13,57718;52,45577
20110;195760;11;9;9020802;2019;6;18;4;3;6;4;0;0;1;1;0;0;0;1;810176,6919;5819580,752;13,56412;52,43821
20111;195761;11;4;4030620;2019;6;18;4;3;5;3;0;1;1;0;0;0;0;1;791815,9749;5827721,353;13,30193;52,52129
20112;195762;11;11;11030824;2019;6;19;4;3;0;7;0;0;1;0;0;0;0;1;804744,6384;5827412,075;13,49162;52,51145
20113;195763;11;8;8010405;2019;6;18;4;3;5;2;0;0;0;0;1;0;1;0;802184,3121;5823750,843;13,45068;52,48006
20114;195764;11;5;5010206;2019;6;17;4;3;6;4;0;1;0;1;0;0;0;0;781626,8029;5830689,753;13,15468;52,55327
20115;195765;11;3;3061430;2019;6;16;4;3;6;4;0;1;0;1;0;0;0;0;802231,7584;5829343,843;13,45646;52,53016
20116;195766;11;3;3040818;2019;6;16;4;3;5;3;0;0;1;0;0;0;1;0;800015,0434;5833422,212;13,42756;52,56794
20117;195767;11;8;8010303;2019;6;22;4;3;2;6;2;0;1;0;0;0;0;1;800343,3043;5824377,042;13,42422;52,48669
20118;195768;11;3;3050920;2019;6;20;4;3;5;3;1;1;1;0;0;0;0;1;801828,3152;5831741,146;13,45271;52,55187
20119;195769;11;5;5020626;2019;6;16;4;3;2;6;0;0;1;0;0;0;0;0;783392,355;5827691,34;13,17809;52,52547
20120;195770;11;1;1011201;2019;6;20;4;3;1;5;0;1;1;0;0;0;0;1;797212,0284;5827200,014;13,38076;52,5137
20121;195771;11;1;1033201;2019;6;19;4;2;5;7;0;0;1;0;0;0;1;1;798032,9586;5830088,787;13,39541;52,53915
20122;195772;11;8;8030829;2019;6;18;4;3;0;1;1;1;0;0;0;0;0;1;803039,4929;5818352,386;13,45834;52,4312
20123;195773;11;1;1011302;2019;6;10;4;3;1;5;0;1;1;0;0;0;1;0;798660,1176;5828529,973;13,40323;52,52484
20124;195774;11;6;6030610;2019;6;13;4;3;5;2;0;1;1;0;0;0;0;0;792762,5723;5817959,17;13,30727;52,43327
20125;195775;11;5;5010311;2019;6;14;4;3;5;2;0;1;1;0;0;0;0;0;785392,594;5830299,982;13,20973;52,54781
20126;195776;11;6;6040703;2019;6;14;4;3;5;3;0;0;1;0;0;0;0;0;785991,2499;5817398,888;13,20746;52,43183
20127;195777;11;2;2010103;2019;6;12;4;3;2;6;0;1;1;0;0;0;0;0;799535,5179;5825861,018;13,41369;52,50043
20128;195778;11;2;2030402;2019;6;13;4;3;5;2;0;0;1;0;1;0;0;0;801837,1915;5825745,476;13,4474;52,49813
20129;195779;11;1;1022201;2019;6;13;4;3;5;3;0;1;1;0;0;0;0;0;795089,0579;5828866,944;13,35105;52,5298
20130;195780;11;4;4020313;2019;6;13;4;3;5;3;0;1;1;0;0;0;0;0;790494,0101;5826545,703;13,28147;52,51146
20131;195781;11;6;6020305;2019;6;15;4;3;5;2;0;1;1;0;0;0;0;0;795596,1917;5817084,586;13,34806;52,42391
20132;195782;11;4;4051653;2019;6;15;4;3;2;6;0;0;1;0;0;0;0;0;793967,9715;5824808,709;13,33098;52,49403
20133;195783;11;4;4030724;2019;6;12;4;2;5;3;0;1;1;0;0;0;0;0;791284,9177;5826353,81;13,29293;52,50932
20134;195784;11;6;6020410;2019;6;13;4;3;2;6;0;0;1;0;0;0;0;0;794926,3511;5816245,019;13,3375;52,41674
20135;195785;11;3;3051021;2019;6;10;4;3;5;7;0;0;1;0;0;0;1;0;803489,0245;5832275,531;13,47761;52,55574
20136;195786;11;1;1044201;2019;6;19;4;3;3;6;0;0;1;0;0;0;0;1;796941,6989;5831531,146;13,38066;52,55268
20137;195787;11;2;2020206;2019;6;19;4;3;0;5;0;1;1;0;0;0;0;1;799391,5706;5824779,84;13,41061;52,49082
20138;195788;11;11;11030619;2019;6;4;4;3;0;7;1;0;0;0;1;0;1;1;803815,4113;5829076,625;13,47949;52,52689
20139;195789;11;4;4041344;2019;6;5;4;3;0;3;0;0;1;0;1;0;0;1;793355,9089;5822576,2;13,32003;52,47434
20140;195790;11;1;1011203;2019;6;6;4;3;5;3;0;0;1;0;0;0;0;1;797959,9349;5827080,333;13,39164;52,51222
20141;195791;11;9;9020502;2019;6;6;4;3;5;3;0;0;1;0;0;0;0;0;807026,6737;5822418,551;13,52054;52,46542
20142;195792;11;10;10010308;2019;6;10;4;3;5;3;0;1;1;0;0;0;0;0;806466,208;5830189,797;13,51947;52,53538
20143;195793;11;4;4030621;2019;6;6;4;3;2;7;0;0;0;0;1;1;0;1;793558,9085;5827755,268;13,32758;52,52066
20144;195794;11;4;4051445;2019;6;7;4;3;5;7;0;0;1;0;0;0;0;0;792443,672;5824097,216;13,30797;52,48847
20145;195795;11;11;11030619;2019;6;7;4;3;5;2;0;1;1;0;0;0;0;0;803973,8845;5829075,174;13,48181;52,52679
20146;195796;11;5;5020522;2019;6;8;4;3;5;2;0;1;1;0;0;0;0;1;782287,0798;5827413,014;13,1616;52,52354
20147;195797;11;2;2020204;2019;6;9;4;3;3;6;0;1;0;0;0;0;0;0;798125,518;5825283,641;13,39247;52,49603
20148;195798;11;1;1011303;2019;6;9;4;3;5;2;0;1;1;0;0;0;0;0;799107,7908;5828466,068;13,40975;52,52402
20149;195799;11;9;9041501;2019;6;9;4;3;2;6;0;0;1;0;0;1;0;0;811250,131;5820228,506;13,58047;52,4434
20150;195800;11;2;2030301;2019;6;9;4;3;5;2;0;0;1;0;1;0;0;0;800080,396;5825641,056;13,4215;52,49816
20151;195801;11;6;6030605;2019;6;8;4;3;5;3;0;1;1;0;0;0;0;0;791767,8694;5819273,967;13,29383;52,44559
20152;195802;11;4;4030519;2019;6;9;4;3;6;4;0;0;1;1;0;0;0;0;792064,0486;5828315,791;13,3061;52,52649
20153;195803;11;3;3061441;2019;6;8;4;3;1;5;0;0;1;0;0;0;0;0;803018,9307;5828592,455;13,46734;52,52299
20154;195804;11;3;3061228;2019;6;9;4;3;2;6;0;1;0;0;0;0;1;0;800378,9307;5831547,391;13,43122;52,55094
20155;195805;11;7;7040404;2019;6;8;4;3;6;4;0;1;0;1;0;0;0;0;797285,4013;5820652,56;13,376;52,45497
20156;195806;11;12;12302108;2019;6;8;4;3;5;3;0;0;1;0;0;0;1;0;793960,5279;5836628,458;13,34134;52,59999
20157;195807;11;4;4030929;2019;6;8;4;3;0;1;0;0;0;0;1;0;0;0;792362,8208;5825380,274;13,30791;52,50001
20158;195808;11;3;3040512;2019;6;15;3;3;2;6;0;0;1;0;0;0;0;0;796783,2187;5835811,127;13,38216;52,59113
20159;195809;11;1;1044201;2019;6;18;3;3;2;6;0;1;1;0;0;0;0;0;796853,464;5831545,802;13,37938;52,55286
20160;195810;11;1;1033102;2019;6;14;3;3;6;7;0;1;0;1;0;0;0;0;797575,6596;5831644,311;13,39008;52,55334
20161;195811;11;8;8010302;2019;6;14;3;3;2;6;0;0;1;0;0;0;0;0;801411,203;5824757,381;13,44024;52,48951
20162;195812;11;1;1011102;2019;6;12;3;3;6;7;0;1;0;1;0;0;0;0;796844,3881;5827831,729;13,37592;52,51957
20163;195813;11;5;5020523;2019;6;19;3;3;5;3;0;0;1;0;0;0;0;0;783195,1955;5827093,798;13,17468;52,52021
20164;195814;11;1;1011204;2019;6;18;3;3;2;6;0;1;1;0;0;0;0;0;797900,3201;5826589,912;13,39033;52,50786
20165;195815;11;3;3061126;2019;6;17;3;3;2;6;0;0;0;0;1;1;0;0;799197,2725;5831774,778;13,41405;52,55363
20166;195816;11;1;1044202;2019;6;18;3;3;0;7;0;0;1;0;0;0;1;0;795010,5105;5830118,168;13,351;52,54106
20167;195817;11;5;5020627;2019;6;18;3;3;2;6;0;0;1;0;0;0;0;0;785673,4113;5828035,441;13,21192;52,52736
20168;195818;11;2;2040702;2019;6;18;3;3;5;3;0;0;1;0;0;0;0;0;801692,8906;5827209,464;13,4466;52,51133
20169;195819;11;4;4030930;2019;6;18;3;3;6;2;0;0;1;1;0;0;0;0;792840,4625;5825525,391;13,31505;52,50106
20170;195820;11;11;11041128;2019;6;17;3;2;5;3;0;1;0;0;0;0;0;0;806719,1922;5826792,695;13,52005;52,50479
20171;195821;11;3;3061131;2019;6;17;3;3;6;4;0;1;0;1;0;0;0;0;798932,8972;5831058,934;13,40952;52,54735
20172;195822;11;1;1011105;2019;6;17;3;3;5;2;0;1;1;0;0;0;0;0;795768,64;5826683,928;13,3591;52,50986
20173;195823;11;1;1033203;2019;6;17;3;3;2;6;0;0;1;0;0;0;0;0;796684,5093;5830138,275;13,37563;52,54033
20174;195824;11;11;11051331;2019;6;16;3;3;6;7;0;1;0;1;0;0;0;0;807313,9746;5824881,731;13,52702;52,48733
20175;195825;11;9;9051901;2019;6;15;3;3;5;2;0;0;1;0;1;0;0;0;811143,1605;5821575,203;13,58015;52,45553
20176;195826;11;8;8010211;2019;6;15;3;3;2;7;0;0;1;0;1;0;0;0;800356,061;5824216,003;13,42426;52,48524
20177;195827;11;7;7060601;2019;6;10;2;2;8;1;0;0;1;0;0;0;0;0;796416,5495;5816591,13;13,35965;52,41904
20178;195828;11;4;4051653;2019;6;15;3;3;2;6;0;0;1;0;0;0;0;0;793964,8353;5824913,94;13,33103;52,49497
20179;195829;11;11;11040926;2019;6;8;2;3;0;7;0;0;0;0;1;1;0;1;805242,2613;5826268,277;13,49788;52,50092
20180;195830;11;12;12214424;2019;6;14;3;3;1;5;0;1;1;0;0;0;1;0;793175,5019;5832628,33;13,32624;52,56455
20181;195831;11;3;3040818;2019;6;10;2;3;0;1;0;1;0;0;0;0;0;0;799393,2568;5833497,771;13,41848;52,56896
20182;195832;11;9;9010301;2019;6;14;3;3;5;2;0;0;1;0;0;0;0;0;804392,0667;5821738,632;13,48126;52,4608
20183;195833;11;2;2020204;2019;6;19;2;3;5;2;0;1;1;0;0;0;0;0;798295,5952;5825328,039;13,39501;52,49633
20184;195834;11;5;5020418;2019;6;19;2;3;2;7;0;0;0;0;1;0;1;0;781092,3282;5828603,198;13,14505;52,53483
20185;195835;11;5;5030731;2019;6;14;3;3;1;5;0;1;1;0;0;0;0;0;787276,4277;5829779,866;13,23699;52,54216
20186;195836;11;12;12302211;2019;6;13;3;3;3;6;0;0;1;0;1;0;0;0;793482,3701;5837003,29;13,33463;52,60361
20187;195837;11;1;1044201;2019;6;19;2;3;5;2;0;1;1;0;0;0;0;0;796204,1673;5831516,889;13,3698;52,55295
20188;195838;11;2;2040701;2019;6;21;2;2;9;1;1;0;0;0;1;0;0;0;800370,4598;5827871,597;13,42777;52,51799
20189;195839;11;11;11010207;2019;6;17;3;3;8;1;0;0;1;0;0;0;0;0;805115,8068;5834607,679;13,50368;52,57573
20190;195840;11;3;3061131;2019;6;18;2;2;0;1;0;0;0;0;1;0;0;0;798866,1188;5830435,524;13,40797;52,5418
20191;195841;11;1;1011101;2019;6;9;3;3;3;6;0;1;0;0;0;0;1;0;794563,4151;5826098,673;13,34087;52,50527
20192;195842;11;10;10040932;2019;6;18;2;3;5;3;0;0;1;0;0;0;1;0;813028,1536;5827272,349;13,61315;52,50551
20193;195843;11;6;6030608;2019;6;18;2;3;5;3;0;1;1;0;0;0;0;0;790992,1676;5817440,521;13,28085;52,42956
20194;195844;11;2;2050601;2019;6;17;2;3;5;3;0;0;1;0;0;1;0;0;801765,0695;5828662,158;13,44898;52,52431
20195;195845;11;1;1022104;2019;6;10;3;3;2;6;0;1;1;0;0;0;0;0;794573,3123;5828555,621;13,34319;52,52729
20196;195846;11;1;1022103;2019;6;17;2;3;5;7;0;0;1;0;1;0;0;0;793383,2748;5829578,194;13,3266;52,5371
20197;195847;11;4;4041343;2019;6;10;3;3;0;6;0;0;1;0;0;0;1;0;792570,1239;5822973,067;13,30884;52,47832
20198;195848;11;2;2020202;2019;6;18;2;3;5;2;0;1;1;0;0;0;0;0;797941,7363;5825259,281;13,38975;52,49591
20199;195849;11;9;9020701;2019;6;16;2;3;2;2;0;0;1;0;0;0;0;0;808486,1726;5819040,702;13,53884;52,43432
20200;195850;11;1;1011202;2019;6;10;3;3;8;1;0;1;1;0;0;0;0;0;797729,6156;5827644,573;13,38877;52,51741
20201;195851;11;12;12103115;2019;6;16;2;3;5;2;0;1;0;0;0;0;1;0;795344,3929;5833841,037;13,35923;52,57425
20202;195852;11;7;7070704;2019;6;17;2;3;8;1;0;0;1;0;0;0;0;0;800646,7637;5814141,465;13,41947;52,39477
20203;195853;11;9;9051901;2019;6;11;3;3;0;2;0;1;0;0;0;0;0;0;812040,6431;5821394,944;13,59315;52,4534
20204;195854;11;5;5020521;2019;6;7;2;2;6;4;0;0;1;1;0;0;0;0;780337,7013;5827869,123;13,13333;52,52864
20205;195855;11;5;5010209;2019;6;13;3;3;5;3;0;0;1;0;0;0;0;0;782657,166;5829427,986;13,16876;52,54142
20206;195856;11;12;12301203;2019;6;7;2;3;0;2;0;1;0;0;0;1;0;0;793930,2741;5835301,5;13,33971;52,58811
20207;195857;11;1;1011204;2019;6;7;2;2;5;3;0;0;1;0;1;0;0;0;797870,6152;5826767,855;13,39005;52,50947
20208;195858;11;7;7020203;2019;6;11;3;3;0;7;0;0;0;0;1;0;0;1;795714,0347;5824031,102;13,35594;52,48611
20209;195859;11;6;6020410;2019;6;12;3;2;2;2;0;0;1;0;1;0;0;0;794746,8352;5816900,964;13,33544;52,42272
20210;195860;11;10;10030724;2019;6;7;2;3;5;2;0;0;1;0;1;0;0;0;809594,9618;5830266,068;13,56552;52,53429
20211;195861;11;3;3010101;2019;6;7;2;3;2;6;0;0;1;0;0;0;0;0;803319,0468;5842608,878;13,48458;52,64845
20212;195862;11;11;11010205;2019;6;10;3;2;2;7;0;0;1;0;0;0;0;0;805938,769;5833721,745;13,51497;52,56733
20213;195863;11;6;6010102;2019;6;6;2;3;5;3;0;1;1;0;0;0;0;0;793746,5104;5821052,637;13,32442;52,46047
20214;195864;11;9;9020701;2019;6;9;3;2;5;2;0;1;1;0;0;0;0;0;809421,4432;5818429,531;13,55198;52,42832
20215;195865;11;12;12302110;2019;6;5;2;3;5;3;0;0;1;0;0;0;0;0;795347,0539;5836375,503;13,36152;52,59697
20216;195866;11;3;3040512;2019;6;9;3;3;9;1;0;0;1;0;0;0;0;0;796317,2137;5835023,394;13,3746;52,58432
20217;195867;11;2;2050802;2019;6;3;2;3;0;1;2;1;0;0;0;0;0;0;802449,163;5827058,911;13,45758;52,50956
20218;195868;11;12;12214424;2019;6;19;3;3;0;4;1;0;0;1;0;0;1;0;793236,5624;5832494,666;13,32702;52,56332
20219;195869;11;8;8010406;2019;6;10;2;3;5;3;0;0;1;0;0;0;0;0;802031,4461;5824297,417;13,44894;52,48504
20220;195870;11;4;4030518;2019;6;10;2;3;2;6;0;0;1;0;0;0;0;0;791462,7244;5828267,8;13,29722;52,52638
20221;195871;11;4;4041134;2019;6;22;3;3;2;6;2;0;1;0;0;0;0;1;790846,0042;5824725,064;13,28506;52,49495
20222;195872;11;2;2030401;2019;6;8;3;3;1;5;0;1;1;0;0;0;0;0;801244,833;5825286,716;13,43828;52,49434
20223;195873;11;9;9041302;2019;6;10;2;3;5;3;0;1;1;0;0;0;0;0;812235,2417;5817032,001;13,59193;52,41419
20224;195874;11;12;12103117;2019;6;9;3;3;1;5;0;1;1;0;0;0;0;0;796650,9657;5832516,834;13,37727;52,56167
20225;195875;11;11;11030618;2019;6;9;2;3;1;5;0;0;1;0;0;0;0;0;803025,8216;5829186,346;13,46798;52,52831
20226;195876;11;8;8020620;2019;6;9;3;3;5;3;0;0;1;0;1;0;0;0;800787,6176;5821355,117;13,42802;52,45936
20227;195877;11;6;6020409;2019;6;9;2;3;5;7;0;0;1;0;0;0;0;0;793474,176;5817729,811;13,31751;52,43083
20228;195878;11;1;1011105;2019;6;8;3;2;3;6;0;1;0;0;0;1;0;0;795475,8914;5826646,412;13,35476;52,50969
20229;195879;11;9;9020501;2019;6;9;2;2;5;2;0;0;1;0;0;0;1;0;806241,5718;5822170,747;13,50879;52,46364
20230;195880;11;3;3030715;2019;6;6;3;3;2;6;0;0;1;0;0;0;0;0;801093,5437;5833203,299;13,44323;52,56538
20231;195881;11;6;6040810;2019;6;8;2;3;5;3;0;0;1;0;1;0;0;0;790251,612;5820067,251;13,27227;52,45351
20232;195882;11;7;7010104;2019;6;9;2;3;5;2;0;1;0;0;0;0;1;0;796229,5231;5824934,162;13,36431;52,49393
20233;195883;11;5;5030832;2019;6;4;3;3;2;2;1;0;1;0;0;0;0;1;787973,3764;5830562,178;13,24791;52,5488
20234;195884;11;11;11040926;2019;6;8;2;3;5;3;0;1;1;0;0;0;0;1;805892,941;5826556,828;13,5077;52,50314
20235;195885;11;2;2030301;2019;6;8;3;3;0;1;0;0;0;0;1;0;0;0;799994,2381;5826215,782;13,42075;52,50336
20236;195886;11;12;12214421;2019;6;16;2;3;0;2;0;0;1;0;0;0;1;0;793399,5406;5833163,71;13,33001;52,56923
20237;195887;11;11;11030721;2019;6;16;2;3;5;7;0;0;0;0;1;0;1;0;804212,1971;5828214,884;13,48453;52,51894
20238;195888;11;7;7040404;2019;6;8;3;3;0;7;0;1;0;0;0;0;0;0;796956,6719;5820516,854;13,37106;52,45394
20239;195889;11;1;1011304;2019;6;11;2;3;5;2;0;1;0;0;0;0;1;0;799727,011;5827763,959;13,41822;52,51738
20240;195890;11;4;4041241;2019;6;15;2;3;2;6;0;0;1;0;0;0;0;0;791315,9653;5821990,191;13,28957;52,47018
20241;195891;11;1;1022103;2019;6;11;2;2;5;3;0;1;1;0;0;0;0;0;793513,2085;5829336,887;13,3283;52,53486
20242;195892;11;1;1044103;2019;6;17;2;3;0;5;0;0;1;0;0;0;1;0;794881,6638;5831061,355;13,34995;52,54958
20243;195893;11;2;2010104;2019;6;11;2;3;5;2;0;0;1;0;0;0;0;0;799071,6281;5825610,148;13,40666;52,49844
20244;195894;11;7;7070701;2019;6;16;2;2;5;2;0;0;1;0;0;0;1;0;799250,9593;5816260,563;13,40091;52,41453
20245;195895;11;6;6040810;2019;6;11;2;3;5;2;0;1;1;0;0;0;0;0;790244,2017;5820078,824;13,27217;52,45361
20246;195896;11;3;3040818;2019;6;12;2;3;2;2;0;0;1;0;0;0;0;0;800081,2921;5833883,299;13,42895;52,57204
20247;195897;11;8;8010405;2019;6;16;2;3;5;2;0;1;1;0;0;0;0;0;802019,4284;5823518,721;13,44805;52,47807
20248;195898;11;10;10020517;2019;6;16;2;3;4;6;0;1;0;0;0;0;0;0;812353,1455;5830455,076;13,60623;52,53441
20249;195899;11;5;5040935;2019;6;16;2;3;6;7;0;0;1;1;0;0;0;0;782540,3533;5820579,045;13,15953;52,46214
20250;195900;11;8;8010118;2019;6;14;2;3;2;6;0;0;1;0;0;0;0;0;800976,2206;5822150,409;13,4315;52,46638
20251;195901;11;7;7040405;2019;6;13;2;2;5;3;0;1;0;0;0;0;0;0;799654,3503;5820996,973;13,41107;52,45677
20252;195902;11;4;4041344;2019;6;13;2;3;5;3;0;0;1;0;0;0;0;0;793356,3935;5822837,394;13,32027;52,47668
20253;195903;11;3;3061429;2019;6;14;2;3;1;5;0;1;1;0;0;0;0;0;801561,2824;5830196,969;13,44738;52,53818
20254;195904;11;3;3061227;2019;6;14;2;2;0;7;0;0;0;0;1;0;0;1;800092,7813;5831674,038;13,42713;52,55223
20255;195905;11;4;4030417;2019;6;16;2;3;5;3;0;0;1;0;0;0;0;0;791573,8597;5826553,988;13,29735;52,51096
20256;195906;11;11;11020515;2019;6;14;2;3;5;3;0;1;1;0;0;0;0;0;803665,2424;5830091,983;13,47821;52,53607
20257;195907;11;2;2020206;2019;6;17;2;3;5;2;0;0;1;0;1;0;0;0;799744,2315;5824761,613;13,41577;52,49046
20258;195908;11;12;12214424;2019;6;15;2;3;2;6;0;0;1;0;1;0;0;0;792506,3936;5832839,599;13,31658;52,56681
20259;195909;11;3;3040512;2019;6;22;2;3;5;3;2;0;1;0;0;1;0;0;795960,9648;5835559,62;13,36983;52,58932
20260;195910;11;8;8010212;2019;6;14;2;3;6;7;0;0;1;1;0;0;0;0;801184,2821;5823544,282;13,43582;52,47876
20261;195911;11;10;10020622;2019;6;19;2;3;5;3;0;0;1;0;0;0;0;0;811122,3001;5828405,043;13,58622;52,51675
20262;195912;11;8;8041035;2019;6;15;2;3;0;2;0;0;1;0;1;0;0;0;803992,4813;5819117,525;13,47301;52,43753
20263;195913;11;3;3071633;2019;6;19;2;2;0;3;0;1;0;0;0;0;0;0;800291,8626;5830298,368;13,42881;52,53979
20264;195914;11;10;10010308;2019;6;15;2;3;0;2;0;1;0;0;0;0;1;0;806582,2249;5828262,491;13,51939;52,51804
20265;195915;11;7;7060601;2019;6;15;2;3;6;4;0;0;0;1;0;0;1;0;796573,7026;5816232,443;13,36164;52,41574
20266;195916;11;5;5020625;2019;6;18;2;3;0;5;0;0;1;0;1;0;0;0;784707,3218;5828447,565;13,19807;52,53156
20267;195917;11;4;4030519;2019;6;15;2;3;5;3;0;1;1;0;0;0;0;0;792466,7973;5828126,514;13,31185;52,52458
20268;195918;11;5;5020625;2019;6;16;2;2;5;2;0;0;1;0;1;0;0;0;783803,6412;5828689,079;13,18499;52,5342
20269;195919;11;8;8010214;2019;6;14;2;3;5;2;0;1;1;0;0;0;0;0;801568,6792;5822302,961;13,44034;52,46742
20270;195920;11;7;7060604;2019;6;11;2;3;0;1;0;1;0;0;0;0;0;0;797099,4136;5815597,55;13,36878;52,40976