;OBJECTID;LAND;BEZ;LOR;UJAHR;UMONAT;USTUNDE;UWOCHENTAG;UKATEGORIE;UART;UTYP1;ULICHTVERH;IstRad;IstPKW;IstFuss;IstKrad;IstGkfz;IstSonstige;USTRZUSTAND;LINREFX;LINREFY;XGCSWGS84;YGCSWGS84
20271;195921;11;5;5020524;2019;6;14;2;3;0;3;0;0;1;0;0;0;0;0;783797,6709;5826294,098;13,18285;52,51273
20272;195922;11;8;8010301;2019;6;7;2;3;0;1;0;0;0;0;1;0;0;1;801715,4246;5824253,304;13,44426;52,48482
20273;195923;11;8;8041037;2019;6;15;2;3;5;3;0;0;1;0;0;0;0;0;805737,6919;5818436,982;13,49798;52,43045
20274;195924;11;4;7030301;2019;6;14;2;3;1;5;0;1;1;0;0;0;0;0;793425,2013;5821768,781;13,32034;52,46707
20275;195925;11;2;2020204;2019;6;0;2;3;5;3;2;1;1;0;0;0;0;0;798830,4469;5825095,505;13,40265;52,49396
20276;195926;11;4;4010101;2019;6;0;2;3;3;6;2;1;1;0;0;0;0;0;789703,9189;5830105,559;13,27297;52,54379
20277;195927;11;12;12214527;2019;6;15;2;3;5;3;0;1;1;0;0;0;0;0;790313,9744;5835443,836;13,28661;52,59133
20278;195928;11;1;1033201;2019;6;16;1;3;3;6;0;0;1;0;0;0;0;0;797596,5515;5830884,903;13,38971;52,54653
20279;195929;11;9;9010301;2019;6;10;1;3;5;2;0;0;1;0;1;0;0;0;804392,9391;5821739,983;13,48127;52,46081
20280;195930;11;11;11010205;2019;6;14;1;3;2;2;0;0;1;0;0;0;0;0;805957,0257;5833700,227;13,51522;52,56713
20281;195931;11;1;1044101;2019;6;4;1;3;9;1;1;0;1;0;0;0;0;0;794815,3085;5831322,62;13,3492;52,55196
20282;195932;11;3;3040614;2019;6;20;1;3;0;7;0;0;1;0;1;0;0;0;799409,0944;5834088,732;13,41925;52,57425
20283;195933;11;2;2050801;2019;6;19;1;3;5;3;0;1;1;0;0;0;0;0;803338,9211;5826745,558;13,47036;52,50626
20284;195934;11;3;3020210;2019;6;13;1;3;1;5;0;1;1;0;0;0;0;0;798544,5872;5835292,876;13,40762;52,58552
20285;195935;11;8;8020622;2019;6;18;1;3;5;2;0;0;1;0;0;0;0;0;801415,4361;5820228,506;13,43622;52,44891
20286;195936;11;2;2030301;2019;6;18;1;3;5;7;0;1;1;0;0;0;0;0;800053,4693;5825651,867;13,42111;52,49827
20287;195937;11;4;4051549;2019;6;14;1;3;1;5;0;1;1;0;0;0;0;0;793084,8246;5823917,693;13,31723;52,48651
20288;195938;11;3;3071536;2019;6;17;1;3;3;6;0;1;1;0;0;0;0;0;798865,956;5829830,819;13,40743;52,53638
20289;195939;11;6;6030606;2019;6;16;1;3;2;7;0;0;1;0;1;0;0;0;793326,7249;5818151,208;13,31571;52,43469
20290;195940;11;11;11040925;2019;6;17;1;3;2;6;0;0;1;0;1;0;0;0;803945,8758;5826406,29;13,47897;52,50288
20291;195941;11;8;8010117;2019;6;16;1;3;6;7;0;1;0;1;0;0;0;0;800646,2154;5823012,886;13,42744;52,47429
20292;195942;11;1;1011103;2019;6;17;1;3;5;2;0;1;0;0;1;0;0;0;795402,2182;5825828,114;13,35295;52,50239
20293;195943;11;5;5010312;2019;6;16;1;3;0;1;0;1;1;0;0;0;0;0;784989,9803;5830012,555;13,20356;52,54545
20294;195944;11;12;12103218;2019;6;14;1;2;6;4;0;0;1;1;0;0;0;0;795226,8975;5833265,446;13,35698;52,56915
20295;195945;11;4;4010101;2019;6;16;1;2;1;5;0;0;1;0;1;0;0;0;790485,5185;5829020,083;13,28351;52,53365
20296;195946;11;7;7070703;2019;6;16;1;3;3;6;0;1;1;0;0;0;0;0;799633,8758;5813176,424;13,40377;52,38668
20297;195947;11;4;4031032;2019;6;12;1;2;5;2;0;1;1;0;0;0;0;0;791583,3583;5825102,294;13,29622;52,49794
20298;195948;11;5;5020629;2019;6;11;1;2;6;4;0;0;1;1;0;0;0;0;784771,9729;5826336,498;13,19721;52,5126
20299;195949;11;1;1033203;2019;6;16;1;3;1;5;0;1;1;0;0;0;0;0;797024,9494;5830889,135;13,38131;52,54688
20300;195950;11;9;9020701;2019;6;15;1;3;5;2;0;1;1;0;0;0;0;0;809409,8774;5818440,892;13,55182;52,42843
20301;195951;11;8;8010301;2019;6;15;1;3;5;2;0;0;1;0;0;0;0;0;800848,8701;5824299,267;13,43157;52,48571
20302;195952;11;5;5040935;2019;6;14;1;3;2;6;0;0;1;0;0;0;0;0;782728,4605;5820907,909;13,16257;52,46499
20303;195953;11;12;12103117;2019;6;11;1;2;5;2;0;0;1;0;0;0;0;0;795779,571;5832576,86;13,3645;52,56268
20304;195954;11;9;9020702;2019;6;14;1;3;0;1;0;1;0;0;0;0;0;0;809180,5951;5819542,05;13,54948;52,43842
20305;195955;11;7;7010101;2019;6;14;1;2;3;1;0;1;1;0;0;0;0;0;794736,2923;5824888,347;13,34234;52,49433
20306;195956;11;1;1011401;2019;6;5;1;3;0;1;0;1;0;0;0;0;0;0;798313,425;5829376,361;13,3989;52,53261
20307;195957;11;3;3040818;2019;6;13;1;2;1;5;0;1;1;0;0;0;0;0;798969,6151;5832774,003;13,4116;52,56271
20308;195958;11;6;6030504;2019;6;12;1;3;0;1;0;0;0;0;1;0;0;0;788902,2094;5816174,338;13,24911;52,41932
20309;195959;11;6;6040804;2019;6;16;1;3;0;1;0;1;0;0;0;0;0;0;786914,9652;5818472,433;13,22194;52,44097
20310;195960;11;12;12302108;2019;6;10;1;2;5;3;0;0;1;0;0;0;0;0;793943,4341;5836625,497;13,34108;52,59997
20311;195961;11;8;8010301;2019;6;1;1;3;5;3;2;1;1;0;0;0;0;0;800762,3742;5824348,134;13,43035;52,4862
20312;195962;11;2;2020202;2019;6;2;1;2;0;1;2;0;0;0;1;0;0;0;797260,3192;5825365,868;13,37983;52,49724
20313;195963;11;2;2020206;2019;6;1;1;3;2;6;2;1;1;0;0;0;0;0;799429,8995;5824542,614;13,41096;52,48867
20314;195964;11;6;6020303;2019;6;21;1;3;0;4;2;0;0;1;0;0;1;0;795310,3023;5818401,184;13,34503;52,43586
20315;195965;11;6;6010207;2019;6;18;1;3;5;3;0;0;1;0;1;0;0;0;793185,478;5820116,887;13,31537;52,45239
20316;195966;11;8;8010301;2019;6;1;1;3;5;2;2;1;1;0;0;0;0;0;801489,2124;5823934,21;13,44065;52,48209
20317;195967;11;4;4010103;2019;6;1;1;3;0;1;2;1;0;0;0;0;0;0;791210,3223;5829055,684;13,2942;52,53358
20318;195968;11;8;8010301;2019;6;3;7;3;6;4;2;0;0;1;1;0;0;0;801171,1119;5824102,461;13,43613;52,48377
20319;195969;11;4;4030417;2019;6;12;7;3;2;6;0;0;1;0;0;0;0;0;791682,2454;5827485,681;13,29976;52,51925
20320;195970;11;11;11020513;2019;6;10;7;3;6;4;0;0;1;1;0;0;0;0;804702,6973;5831230,654;13,4945;52,5457
20321;195971;11;10;10040933;2019;6;9;7;3;5;2;0;1;1;0;0;0;0;0;812385,8102;5824295,841;13,60093;52,4792
20322;195972;11;2;2010104;2019;6;15;7;3;1;5;0;1;0;0;0;0;0;0;799034,2033;5825517,323;13,40602;52,49763
20323;195973;11;3;3061227;2019;6;19;7;3;2;6;0;0;1;0;0;0;0;0;800129,8583;5831648,191;13,42765;52,55198
20324;195974;11;8;8010303;2019;6;16;7;3;5;2;0;0;1;0;1;0;0;0;800357,4973;5824320,63;13,42438;52,48617
20325;195975;11;1;2010103;2019;6;16;7;3;2;2;0;1;1;0;0;0;0;0;799368,1162;5826341,3;13,41167;52,50483
20326;195976;11;3;3050924;2019;6;14;7;3;5;3;0;1;0;0;0;0;0;0;801598,6602;5831580,69;13,44918;52,55056
20327;195977;11;2;2040701;2019;6;14;7;3;5;3;0;1;1;0;0;0;0;0;800573,422;5827017,064;13,42998;52,51022
20328;195978;11;3;3040614;2019;6;13;7;3;6;7;0;1;0;1;0;0;0;0;797933,138;5832881,588;13,39645;52,56424
20329;195979;11;10;10010204;2019;6;15;7;3;2;7;0;0;1;0;0;0;0;0;809167,4124;5833283,251;13,56204;52,56158
20330;195980;11;8;8010301;2019;6;12;7;3;3;6;0;1;1;0;0;0;0;0;801099,2498;5824904,995;13,4358;52,491
20331;195981;11;7;7040404;2019;6;15;7;3;0;3;0;0;0;0;1;0;1;0;797371,5841;5820512,95;13,37714;52,45368
20332;195982;11;9;9051901;2019;6;12;7;3;6;4;0;0;1;1;0;0;0;0;811167,2081;5821738,858;13,58066;52,45698
20333;195983;11;4;4030931;2019;6;15;7;3;5;3;0;1;1;0;0;0;0;0;793938,1862;5825810,732;13,33143;52,50302
20334;195984;11;12;12214527;2019;6;12;7;3;5;7;0;0;1;0;0;0;0;0;790297,6364;5834598,858;13,28563;52,58376
20335;195985;11;12;12304314;2019;6;17;7;3;0;7;0;0;1;0;0;0;0;0;790030,3714;5836201,334;13,2831;52,59827
20336;195986;11;4;4030417;2019;6;18;7;3;1;5;0;1;1;0;0;0;0;0;791006,7179;5826540,588;13,289;52,51114
20337;195987;11;4;4051448;2019;6;9;7;3;5;3;0;1;1;0;0;0;0;0;793655,4439;5825258,56;13,32679;52,49823
20338;195988;11;10;10040933;2019;6;18;7;3;0;1;0;0;0;0;1;0;0;0;812227,366;5824567,24;13,59886;52,48172
20339;195989;11;9;9010401;2019;6;14;7;3;0;1;0;1;0;0;0;0;0;0;805974,9383;5819890,365;13,50279;52,44335
20340;195990;11;7;7030303;2019;6;21;7;2;9;1;0;0;0;0;1;0;0;0;795411,7678;5821010,042;13,34882;52,45919
20341;195991;11;4;4031032;2019;6;20;7;3;5;2;0;0;1;0;1;0;0;0;791634,266;5824512,515;13,29645;52,49262
20342;195992;11;2;2010101;2019;6;13;7;2;6;7;0;0;1;1;0;0;0;0;797690,6301;5826000,877;13,38672;52,50269
20343;195993;11;5;5020627;2019;6;18;7;2;2;6;0;0;1;0;1;0;0;0;784992,099;5828458,301;13,20226;52,53151
20344;195994;11;1;1033202;2019;6;13;7;3;0;1;0;1;0;0;0;0;0;0;797673,9612;5829618,595;13,38971;52,53513
20345;195995;11;7;7020203;2019;6;7;7;3;2;2;0;1;0;0;0;0;0;0;795723,8852;5824490,059;13,35649;52,49022
20346;195996;11;2;2050802;2019;6;15;7;2;5;2;0;1;0;0;0;0;1;0;802079,7237;5827361,478;13,45242;52,51248
20347;195997;11;4;4030623;2019;6;3;7;3;1;5;2;0;1;0;1;0;0;0;793784,846;5826615,788;13,32989;52,51032
20348;195998;11;12;12103218;2019;6;11;7;3;0;2;0;0;1;0;0;0;1;0;794856,3217;5833052,878;13,35134;52,56745
20349;195999;11;8;8020728;2019;6;13;7;3;5;3;0;0;1;0;1;0;0;0;802314,8527;5817143,618;13,44662;52,42076
20350;196000;11;12;12301203;2019;6;12;7;2;5;3;0;1;1;0;0;0;0;0;792931,4039;5835312,942;13,32502;52,58875
20351;196001;11;12;12302110;2019;6;11;7;2;0;7;0;0;1;0;0;0;1;0;795118,0713;5836341,82;13,35812;52,59679
20352;196002;11;11;11030720;2019;6;11;7;3;0;7;0;1;0;0;0;0;0;0;805424,8438;5830023,491;13,50401;52,53447
20353;196003;11;9;9051701;2019;6;12;7;3;0;7;0;1;0;0;0;0;0;0;812489,7193;5821265,912;13,59962;52,45199
20354;196004;11;4;4030726;2019;6;3;7;3;5;3;1;0;1;0;1;0;0;0;792286,4811;5825467,625;13,30687;52,50084
20355;196005;11;9;9020701;2019;6;11;7;3;5;2;0;1;1;0;0;0;0;0;809404,156;5818446,512;13,55175;52,42848
20356;196006;11;6;6040807;2019;6;21;7;3;5;3;2;0;1;0;0;0;0;0;789852,4479;5818776,96;13,2653;52,44215
20357;196007;11;3;3061131;2019;6;11;7;3;5;2;0;1;1;0;0;0;0;0;799183,6005;5831223,943;13,41335;52,5487
20358;196008;11;3;3040614;2019;6;9;7;3;0;1;0;1;0;0;0;0;0;0;797564,5689;5833279,25;13,39139;52,56801
20359;196009;11;6;6020301;2019;6;20;7;3;1;5;0;1;1;0;0;0;0;0;795834,2906;5819062,839;13,3533;52,44151
20360;196010;11;10;10040830;2019;6;20;7;3;2;2;0;1;1;0;0;0;0;0;810420,9078;5825090,945;13,57283;52,48745
20361;196011;11;12;12224230;2019;6;10;7;3;2;3;0;0;1;0;0;0;0;0;786700,5623;5837661,209;13,23534;52,61312
20362;196012;11;7;7010102;2019;6;10;7;3;7;7;0;1;0;0;0;0;1;0;795510,5668;5825542,12;13,35429;52,49977
20363;196013;11;2;2020206;2019;6;19;7;3;2;6;0;0;1;0;0;0;0;0;799688,669;5824489,659;13,41471;52,48806
20364;196014;11;6;6010205;2019;6;2;7;3;0;1;2;1;0;0;0;0;0;0;795363,8465;5819975,487;13,34721;52,44995
20365;196015;11;4;4041134;2019;6;11;7;3;1;5;0;1;1;0;0;0;0;0;790770,4461;5823532,202;13,28291;52,48429
20366;196016;11;1;1011301;2019;6;16;6;3;0;1;0;1;0;0;0;0;0;0;796907,6167;5828126,641;13,37712;52,52218
20367;196017;11;6;6010102;2019;6;15;6;3;0;1;0;0;0;0;1;0;0;0;793639,2256;5821079,302;13,32287;52,46077
20368;196018;11;5;5020419;2019;6;19;7;2;6;4;0;0;1;1;0;0;0;0;781781,1144;5828430,033;13,15503;52,53293
20369;196019;11;4;4020311;2019;6;9;6;3;5;3;0;0;1;0;1;0;0;0;789055,2407;5826997,448;13,26073;52,51627
20370;196020;11;9;9041501;2019;6;19;7;3;5;3;0;1;1;0;0;0;0;0;810878,6281;5820660,767;13,57542;52,44749
20371;196021;11;9;9010401;2019;6;15;6;2;5;3;0;0;1;0;1;0;0;0;805870,9398;5821259,364;13,50252;52,45568
20372;196022;11;3;3061227;2019;6;18;7;2;5;3;0;0;1;0;0;0;0;0;799879,9166;5831734,796;13,42405;52,55289
20373;196023;11;4;4020311;2019;6;15;6;3;2;6;0;0;1;0;0;0;0;0;789162,477;5826895,477;13,26221;52,5153
20374;196024;11;4;4051653;2019;6;18;7;3;5;2;0;1;1;0;0;0;0;0;794004,2382;5824258,593;13,33103;52,48908
20375;196025;11;5;5030730;2019;6;14;6;3;2;6;0;0;1;0;0;0;0;0;786453,4933;5829186,232;13,22437;52,53727
20376;196026;11;7;7030303;2019;6;14;6;3;0;6;0;0;1;0;1;0;0;0;795252,1074;5822139,745;13,34748;52,46941
20377;196027;11;5;5010101;2019;6;17;7;3;2;6;0;0;1;0;1;0;0;0;785358,709;5832589,902;13,2112;52,56836
20378;196028;11;6;6010101;2019;6;17;7;3;5;3;0;1;1;0;0;0;0;0;793382,6023;5820367,727;13,31848;52,45453
20379;196029;11;4;4041344;2019;6;13;6;2;5;3;0;0;1;0;0;0;1;0;792806,3943;5821859,738;13,31133;52,46821
20380;196030;11;1;1011303;2019;6;9;6;3;6;4;0;0;1;1;0;0;0;0;799723,66;5827462,378;13,4179;52,51468
20381;196031;11;1;1033201;2019;6;19;7;3;2;6;0;0;1;0;1;0;0;0;797466,635;5831098,464;13,38799;52,54851
20382;196032;11;9;9041403;2019;6;12;6;3;5;3;0;1;1;0;0;0;0;0;812998,4052;5820006,8;13,6059;52,44042
20383;196033;11;3;3030715;2019;6;16;7;3;5;2;0;0;1;0;0;0;0;0;801044,3849;5833835,646;13,44308;52,57108
20384;196034;11;1;1022104;2019;6;14;6;3;2;6;0;0;1;0;0;0;0;0;794440,3329;5828436,667;13,34113;52,52629
20385;196035;11;2;2050801;2019;6;16;7;3;1;5;0;1;1;0;0;0;0;0;802328,4432;5827471,481;13,45618;52,51333
20386;196036;11;1;1011303;2019;6;16;6;3;4;6;0;1;0;0;0;0;0;0;799287,8883;5828108,544;13,41208;52,52071
20387;196037;11;5;5010314;2019;6;9;6;2;6;7;0;0;0;1;0;0;1;0;785020,0726;5829094,617;13,20322;52,5372
20388;196038;11;9;9051901;2019;6;15;6;3;2;6;0;0;1;0;0;0;0;0;810645,713;5821063,027;13,57238;52,45122
20389;196039;11;4;4041137;2019;6;9;6;3;1;5;0;0;1;0;0;1;0;0;791522,5774;5824029,213;13,29439;52,48835
20390;196040;11;5;5010311;2019;6;16;6;3;0;1;0;1;0;0;0;0;0;0;786156,5704;5830484,251;13,22113;52,54906
20391;196041;11;12;12214424;2019;6;17;6;3;2;5;0;0;1;0;1;0;0;0;792467,8448;5832861,597;13,31604;52,56702
20392;196042;11;9;9041301;2019;6;9;6;3;5;3;0;1;1;0;0;0;0;0;811910,1131;5817897,505;13,58797;52,42214
20393;196043;11;1;1011302;2019;6;8;6;3;5;2;0;1;0;0;0;0;1;0;798131,474;5828444,262;13,39539;52,52436
20394;196044;11;1;1011304;2019;6;9;6;3;5;2;0;1;1;0;0;0;0;0;799726,7969;5827764,924;13,41822;52,51739
20395;196045;11;5;5010208;2019;6;8;6;3;2;6;0;0;1;0;0;0;0;0;784148,9657;5830052,495;13,19123;52,54624
20396;196046;11;7;7040405;2019;6;11;6;3;6;4;0;1;0;1;0;0;0;0;798174,6541;5821908,313;13,39017;52,46575
20397;196047;11;1;1044202;2019;6;8;6;3;5;3;0;1;1;0;0;0;0;0;795020,9372;5830107,059;13,35115;52,54095
20398;196048;11;7;7010101;2019;6;19;6;3;5;7;0;0;1;0;1;0;0;0;794778,6242;5825692,749;13,34367;52,50151
20399;196049;11;3;3061430;2019;6;8;6;3;6;7;0;0;1;1;0;0;0;0;801985,7871;5829703,369;13,45317;52,53352
20400;196050;11;2;2020203;2019;6;18;6;3;5;3;0;1;1;0;0;0;0;0;797810,7721;5824934,53;13,38753;52,49307
20401;196051;11;7;7060603;2019;6;8;6;3;5;3;0;0;1;0;1;0;0;0;798051,5519;5816719,985;13,38374;52,41931
20402;196052;11;6;6040809;2019;6;7;6;3;5;2;0;0;1;0;1;0;0;0;792226,0834;5820532,067;13,30165;52,45662
20403;196053;11;12;12214125;2019;6;17;6;3;2;2;0;0;1;0;0;0;0;0;791188,7422;5830906,307;13,2955;52,55018
20404;196054;11;9;9020701;2019;6;17;6;3;5;2;0;1;1;0;0;0;0;0;807811,9852;5818556,036;13,5285;52,43036
20405;196055;11;6;6040804;2019;6;5;6;3;2;6;1;0;1;0;0;1;0;0;788066,2409;5818623,272;13,23896;52,44172
20406;196056;11;8;8010303;2019;6;23;6;3;1;5;2;1;1;0;0;0;0;0;801267,9055;5823819,425;13,43729;52,48118
20407;196057;11;3;3040614;2019;6;8;6;3;6;2;0;0;1;1;0;0;0;0;798594,7018;5833050,082;13,40633;52,56539
20408;196058;11;1;1011303;2019;6;21;6;3;6;4;1;0;1;1;0;0;0;0;799270,3715;5828501,482;13,41217;52,52425
20409;196059;11;4;4020313;2019;6;8;6;3;5;2;0;0;1;0;0;0;0;0;790210,2683;5826040,525;13,27687;52,50708
20410;196060;11;1;1011303;2019;6;20;6;3;5;2;1;0;1;0;0;0;0;0;799242,9516;5828468,574;13,41174;52,52397
20411;196061;11;2;2020203;2019;6;1;6;2;5;3;2;1;1;0;0;0;0;0;797814,7878;5824933,508;13,38759;52,49306
20412;196062;11;4;4020311;2019;6;8;6;3;5;2;0;1;1;0;0;0;0;0;790220,0386;5826436,092;13,27735;52,51062
20413;196063;11;1;1011201;2019;6;0;6;3;5;3;2;1;1;0;0;0;0;0;797587,3122;5826522,387;13,38567;52,50743
20414;196064;11;1;1011302;2019;6;18;6;2;0;7;0;1;0;0;0;0;0;0;797777,9177;5828812,525;13,39052;52,52785
20415;196065;11;10;10010309;2019;6;7;6;3;5;3;0;1;1;0;0;0;0;0;807826,8034;5830174,684;13,53945;52,53448
20416;196066;11;1;1011304;2019;6;18;6;3;6;4;0;0;1;1;0;0;0;0;799688,5395;5827847,177;13,41773;52,51815
20417;196067;11;11;11051229;2019;6;18;6;3;5;2;0;1;1;0;0;0;0;0;804083,1975;5825984,516;13,4806;52,49902
20418;196068;11;5;5020522;2019;6;7;6;3;3;6;0;0;1;0;1;0;0;0;781901,739;5827169,857;13,15573;52,52156
20419;196069;11;7;7060604;2019;6;18;6;3;5;2;0;1;1;0;0;0;0;0;797598,0063;5815556,343;13,37605;52,40912
20420;196070;11;1;1011202;2019;6;6;6;3;5;2;0;1;1;0;0;0;0;0;797204,0024;5827496,82;13,38091;52,51637
20421;196071;11;1;1022103;2019;6;17;6;2;3;6;0;0;1;0;1;0;0;0;794606,7096;5829862,108;13,34484;52,53898
20422;196072;11;2;2050802;2019;6;3;6;3;1;5;2;1;1;0;0;0;0;0;802688,1482;5826982,62;13,46102;52,50875
20423;196073;11;2;2050801;2019;6;18;6;3;2;6;0;1;1;0;0;0;0;0;803176,406;5827273,126;13,46845;52,51108
20424;196074;11;8;8010510;2019;6;17;6;3;1;5;0;1;1;0;0;0;1;0;802640,7788;5823050,129;13,45675;52,47352
20425;196075;11;2;2010104;2019;6;17;6;3;5;2;0;1;1;0;0;0;0;0;799443,8727;5825667,332;13,41217;52,49875
20426;196076;11;12;12231101;2019;6;17;6;3;2;6;0;0;1;0;0;0;0;0;791117,7185;5838216,224;13,30088;52,61575
20427;196077;11;5;5010313;2019;6;19;6;3;5;3;0;0;1;0;0;0;0;0;784464,9664;5830252,731;13,19605;52,54787
20428;196078;11;3;3020307;2019;6;7;6;3;5;3;0;0;1;1;0;0;0;0;800127,0951;5838393,371;13,43371;52,61244
20429;196079;11;7;7070704;2019;6;18;6;3;8;1;0;1;0;0;0;0;0;0;800889,6214;5814179,307;13,42306;52,39498
20430;196080;11;1;1033101;2019;6;9;6;3;3;6;0;1;0;0;0;1;0;0;797694,5379;5832873,169;13,39293;52,56429
20431;196081;11;7;7050501;2019;6;8;6;3;5;3;0;0;1;0;0;0;1;0;797626,4255;5819188,068;13,3797;52,44166
20432;196082;11;1;1011401;2019;6;17;5;2;2;6;0;1;0;0;0;0;0;0;797458,8939;5829358,004;13,38632;52,53291
20433;196083;11;6;6040806;2019;6;22;6;3;1;1;2;0;1;0;0;0;0;0;789369,9158;5819784,569;13,25909;52,45144
20434;196084;11;3;3061227;2019;6;8;5;3;5;3;0;1;1;0;0;0;0;0;799979,6171;5831084,82;13,42493;52,54701
20435;196085;11;1;1022106;2019;6;21;6;2;5;2;0;1;1;0;0;0;0;0;793677,3866;5828111,168;13,32963;52,52379
20436;196086;11;6;6040703;2019;6;17;5;2;5;3;0;0;1;0;0;0;0;0;784844,9681;5817637,543;13,19085;52,43457
20437;196087;11;12;12214422;2019;6;20;6;2;5;3;0;0;1;0;1;0;0;0;792179,331;5832939,686;13,31186;52,56788
20438;196088;11;7;7040403;2019;6;17;5;3;0;6;0;0;1;0;1;0;0;0;797319,6897;5822213,205;13,37789;52,46894
20439;196089;11;10;10020621;2019;6;17;5;3;6;4;0;0;1;1;0;0;0;0;811666,7278;5829777,461;13,59551;52,52874
20440;196090;11;2;2010104;2019;6;18;6;2;6;4;0;1;0;1;0;0;0;0;799560,0778;5825641,268;13,41386;52,49845
20441;196091;11;8;8010303;2019;6;13;6;3;6;4;0;0;0;1;0;1;0;0;801098,4716;5824025,187;13,43499;52,48312
20442;196092;11;1;1044101;2019;6;13;1;3;1;5;0;1;1;0;0;0;0;0;794019,0199;5831277,951;13,33745;52,55199
20443;196093;11;8;8010117;2019;6;12;1;3;3;6;0;1;1;0;0;0;0;0;800543,9811;5823346,857;13,42624;52,47734
20444;196094;11;6;6040808;2019;6;18;1;3;2;6;0;0;1;0;0;0;0;0;788514,1907;5821515,899;13,24803;52,46741
20445;196095;11;5;5020625;2019;6;21;1;2;8;1;1;0;1;0;0;0;0;0;784753,3385;5828581,715;13,19886;52,53274
20446;196096;11;1;1011402;2019;6;18;1;3;0;1;0;0;0;0;1;0;0;0;798758,7928;5829624,01;13,40567;52,53459
20447;196097;11;11;11051330;2019;6;20;7;3;0;7;0;1;0;0;0;0;0;0;807329,7314;5825201,54;13,52755;52,49019
20448;196098;11;10;10040931;2019;6;15;7;3;0;1;0;0;0;0;1;0;0;0;814892,8074;5830051,045;13,64316;52,52933
20449;196099;11;6;6040703;2019;6;12;7;3;1;7;0;0;1;0;0;0;0;0;786468,744;5818208,959;13,21516;52,43884
20450;196100;11;4;4020311;2019;6;19;7;3;2;2;0;0;1;0;0;0;1;0;789926,1556;5826699,838;13,27327;52,51314
20451;196101;11;8;8010509;2019;6;15;7;3;5;2;0;0;1;0;0;0;0;0;803662,6822;5822280,206;13,47105;52,46606
20452;196102;11;2;2010101;2019;6;15;7;3;5;3;0;0;1;0;0;0;0;0;797716,289;5826179,602;13,38726;52,50428
20453;196103;11;8;8020620;2019;6;15;7;3;5;3;0;0;1;0;1;0;0;0;800794,3418;5820562,893;13,42741;52,45225
20454;196104;11;7;7050503;2019;6;16;7;3;5;2;0;0;1;0;1;0;0;0;798989,1417;5819646,353;13,4001;52,44503
20455;196105;11;11;11040925;2019;6;16;7;3;3;6;0;1;1;0;0;0;0;0;803577,0645;5826408,68;13,47355;52,50311
20456;196106;11;3;3040818;2019;6;17;7;3;5;3;0;1;1;0;0;0;0;0;800077,0339;5832605,305;13,42774;52,56059
20457;196107;11;8;8020622;2019;6;17;7;3;2;6;0;0;1;0;0;0;0;0;801371,2548;5820107,426;13,43546;52,44785
20458;196108;11;7;7010101;2019;6;19;7;3;5;3;0;1;1;0;0;0;0;0;794779,9884;5825688,517;13,34369;52,50148
20459;196109;11;4;4030931;2019;6;20;7;3;2;6;0;0;1;0;0;0;0;0;793692,6992;5825808,045;13,32782;52,50313
20460;196110;11;11;11030721;2019;6;20;7;3;5;3;0;1;0;0;0;0;1;0;803849,6161;5828641,286;13,47959;52,52297
20461;196111;11;11;11040925;2019;6;21;7;3;0;1;1;1;1;0;0;0;0;0;803438,3148;5826586,783;13,47168;52,50478
20462;196112;11;2;2010104;2019;6;21;7;3;2;6;1;0;1;0;1;0;0;0;799790,8183;5825718,222;13,41732;52,49901
20463;196113;11;1;1011302;2019;6;14;7;3;5;3;0;1;1;0;0;0;0;0;798137,0135;5828442,249;13,39547;52,52433
20464;196114;11;12;12214125;2019;6;12;7;3;1;1;0;0;1;0;0;0;0;0;788529,5317;5832712,046;13,25796;52,56778
20465;196115;11;10;10030724;2019;6;11;7;3;5;3;0;0;1;0;0;0;0;0;808747,2662;5828182,196;13,55113;52,5161
20466;196116;11;4;4031032;2019;6;11;7;3;0;5;0;0;1;0;0;0;1;0;791909,2331;5825218,881;13,30111;52,49881
20467;196117;11;6;6030501;2019;6;10;7;3;5;3;0;0;1;0;0;1;0;0;788256,8152;5816714,181;13,24011;52,4245
20468;196118;11;11;11051330;2019;6;16;7;3;5;2;0;0;0;0;0;0;1;0;807284,6831;5825416,928;13,52709;52,49214
20469;196119;11;9;9031001;2019;6;10;7;3;5;3;0;0;1;0;1;0;0;0;809500,1362;5815220,251;13,55017;52,39951
20470;196120;11;11;11040926;2019;6;9;7;3;5;3;0;1;1;0;0;0;0;0;806127,402;5826692,213;13,51127;52,50422
20471;196121;11;1;1033201;2019;6;2;7;3;6;4;2;0;0;1;0;0;1;0;797448,7295;5831118,995;13,38775;52,5487
20472;196122;11;10;10010204;2019;6;15;6;3;2;6;0;0;1;0;0;0;1;0;809414,5211;5832696,553;13,56513;52,55618
20473;196123;11;3;3020209;2019;6;18;6;3;0;7;0;1;0;0;0;0;1;0;798529,6238;5834865,875;13,40701;52,5817
20474;196124;11;8;8010301;2019;6;14;6;3;2;2;0;1;1;0;0;0;0;0;801451,1579;5823884,106;13,44004;52,48166
20475;196125;11;11;11051229;2019;6;14;6;3;3;6;0;0;1;0;0;1;0;0;803747,3472;5826219,156;13,47588;52,50131
20476;196126;11;5;5010101;2019;6;17;6;3;5;3;0;1;1;0;0;0;0;0;785974,282;5831370,339;13,21921;52,5571
20477;196127;11;5;5010311;2019;6;16;6;2;1;5;0;1;1;0;0;0;0;0;785391,9325;5830557,463;13,20994;52,55012
20478;196128;11;5;5020419;2019;6;16;6;3;2;6;0;0;1;0;0;1;0;0;781674,1502;5828417,981;13,15345;52,53287
20479;196129;11;6;6010208;2019;6;16;6;2;3;6;0;1;1;0;0;0;0;0;794258,7934;5820834,525;13,33175;52,45824
20480;196130;11;2;2050803;2019;6;15;6;3;2;6;0;1;1;0;0;0;0;0;803095,5944;5826046,294;13,46615;52,50013