;OBJECTID;LAND;BEZ;LOR;UJAHR;UMONAT;USTUNDE;UWOCHENTAG;UKATEGORIE;UART;UTYP1;ULICHTVERH;IstRad;IstPKW;IstFuss;IstKrad;IstGkfz;IstSonstige;USTRZUSTAND;LINREFX;LINREFY;XGCSWGS84;YGCSWGS84
20481;196131;11;3;3051017;2019;6;13;6;3;1;5;0;1;1;0;0;0;0;0;802425,4349;5832979,443;13,46261;52,56264
20482;196132;11;1;1011303;2019;6;13;6;3;2;6;0;1;0;0;0;0;0;0;799723,777;5827470,28;13,41791;52,51475
20483;196133;11;7;7030303;2019;6;13;6;3;5;2;0;0;1;0;0;0;0;0;795238,5269;5822271,521;13,3474;52,4706
20484;196134;11;3;3051021;2019;6;13;6;3;0;7;0;1;0;0;0;0;0;0;802840,5611;5832671,611;13,46844;52,55965
20485;196135;11;8;8010212;2019;6;18;6;3;5;2;0;0;1;0;0;0;0;0;800716,043;5823421,96;13,42883;52,47792
20486;196136;11;1;1022104;2019;6;13;6;3;5;2;0;0;1;0;1;0;0;0;794051,376;5828458,812;13,33543;52,5267
20487;196137;11;4;4030623;2019;6;13;6;3;2;6;0;0;1;0;0;0;0;0;793253,59;5826900,807;13,32233;52,51317
20488;196138;11;2;2040701;2019;6;14;6;3;0;1;0;0;0;0;1;0;0;0;800393,4203;5827136,074;13,42745;52,51139
20489;196139;11;11;11010206;2019;6;15;6;3;2;6;0;0;1;0;0;0;1;0;805834,7317;5833784,124;13,5135;52,56795
20490;196140;11;1;1011304;2019;6;13;6;3;5;2;0;0;1;0;0;0;0;0;799732,0611;5827555,884;13,41811;52,51552
20491;196141;11;11;11051229;2019;6;13;6;3;0;7;0;0;0;0;1;0;0;1;803909,5861;5826114,748;13,47817;52,50029
20492;196142;11;2;2040701;2019;6;20;6;3;1;5;1;1;1;0;0;0;1;0;800113,392;5827272,813;13,42346;52,51277
20493;196143;11;9;9041301;2019;6;19;6;3;3;6;0;1;0;0;0;0;1;0;811977,8239;5819600,797;13,59055;52,43736
20494;196144;11;10;10020517;2019;6;19;6;2;5;3;0;1;1;0;0;0;0;0;812477,9364;5830550,681;13,60815;52,5352
20495;196145;11;4;4051446;2019;6;19;6;3;1;5;0;1;0;0;0;1;0;0;792402,3929;5825024,343;13,30818;52,4968
20496;196146;11;8;8010118;2019;6;19;6;3;2;2;0;0;1;0;0;0;0;0;800906,8327;5822387,926;13,4307;52,46855
20497;196147;11;1;1033201;2019;6;19;6;3;5;2;0;1;0;0;0;0;1;0;798507,8682;5830233,012;13,40252;52,54018
20498;196148;11;2;2030302;2019;6;19;6;3;0;7;0;0;1;0;0;0;1;0;801284,1838;5826172,47;13,43966;52,50226
20499;196149;11;2;2020206;2019;6;7;6;3;1;5;0;1;1;0;0;0;1;0;800173,1678;5824913,474;13,42221;52,49159
20500;196150;11;2;2050802;2019;6;23;6;2;0;1;2;1;0;0;0;0;1;0;802082,435;5827156,891;13,45228;52,51064
20501;196151;11;11;11020412;2019;6;7;6;2;5;2;0;1;1;0;0;0;0;0;805039,4318;5831492,936;13,49969;52,54786
20502;196152;11;9;9020602;2019;6;6;6;3;6;4;0;1;0;1;0;0;0;0;807422,2715;5820375,443;13,52446;52,44688
20503;196153;11;12;12214424;2019;6;5;6;3;5;3;0;0;1;0;0;0;0;0;792366,4402;5832894,671;13,31457;52,56737
20504;196154;11;8;8010510;2019;6;13;6;3;5;3;0;1;1;0;0;0;0;0;803760,7238;5821804,904;13,47205;52,46174
20505;196155;11;1;1022103;2019;6;13;6;3;2;2;0;0;1;0;0;0;1;0;794893,9524;5829531,041;13,34877;52,53586
20506;196156;11;1;1011303;2019;6;9;6;3;1;5;0;1;1;0;0;0;1;0;799127,6154;5828535,426;13,41011;52,52463
20507;196157;11;6;6030502;2019;6;12;6;3;5;3;0;1;1;0;0;0;0;0;790291,6775;5814814,205;13,2683;52,40639
20508;196158;11;5;5040936;2019;6;10;6;3;4;6;0;1;1;0;0;0;0;0;780565,0735;5819431,543;13,12957;52,45287
20509;196159;11;1;1011301;2019;6;11;6;3;6;4;0;1;0;1;0;0;0;0;796759,35;5829658,327;13,37631;52,53599
20510;196160;11;6;6020301;2019;6;10;6;3;5;3;0;0;1;0;0;0;0;0;796249,1228;5818266,885;13,35868;52,43415
20511;196161;11;10;10040933;2019;6;9;6;3;5;3;0;1;1;0;0;0;0;0;812639,5978;5825271,268;13,60557;52,4878
20512;196162;11;9;9041501;2019;6;10;6;2;5;2;0;1;0;0;0;1;0;0;811359,0494;5820147,027;13,58199;52,44261
20513;196163;11;10;10040933;2019;6;9;6;3;5;3;0;1;1;0;0;0;0;0;812397,9908;5824300,815;13,60111;52,47924
20514;196164;11;1;1011103;2019;6;10;6;3;2;6;0;0;1;0;0;0;0;0;795431,9458;5826136,18;13,35366;52,50514
20515;196165;11;8;8010117;2019;6;3;6;3;3;6;2;0;1;0;1;0;0;1;800554,0583;5823317,972;13,42636;52,47708
20516;196166;11;2;2050802;2019;6;0;6;3;6;4;2;0;1;1;0;0;0;1;802300,848;5826853,551;13,45521;52,5078
20517;196167;11;1;1022204;2019;6;11;6;2;1;5;0;1;1;0;0;0;1;0;795008,2986;5828190,565;13,34926;52,52378
20518;196168;11;7;7040403;2019;6;21;5;3;3;6;2;0;1;0;0;0;0;0;797229,1153;5820686,625;13,37521;52,45531
20519;196169;11;7;7030301;2019;6;13;5;3;4;6;0;1;1;0;0;0;0;0;794010,7499;5822557,936;13,32963;52,47383
20520;196170;11;1;1011101;2019;6;9;5;3;0;2;0;1;0;0;0;1;0;1;794582,0687;5826069,829;13,34112;52,505
20521;196171;11;1;1022203;2019;6;9;5;3;0;1;0;1;0;0;0;0;0;1;795100,871;5828490,344;13,35089;52,52642
20522;196172;11;4;4030415;2019;6;8;5;3;2;2;0;1;1;0;0;0;0;1;790788,3612;5827382;13,28653;52,5188
20523;196173;11;3;3040512;2019;6;21;5;3;5;3;2;0;1;0;0;0;0;1;795959,0921;5835566,649;13,36981;52,58938
20524;196174;11;2;2040701;2019;6;22;5;3;1;1;2;1;1;0;0;0;0;0;800942,249;5827121,251;13,4355;52,51095
20525;196175;11;2;2020206;2019;6;23;5;3;0;3;1;1;0;0;1;0;0;0;799216,292;5824569,704;13,40785;52,48903
20526;196176;11;8;8041035;2019;6;7;5;3;5;3;0;1;1;0;0;0;0;0;803817,2599;5818828,564;13,47018;52,43503
20527;196177;11;3;3061227;2019;6;7;5;3;2;6;0;0;1;0;0;0;0;0;800047,0644;5831277,186;13,42609;52,5487
20528;196178;11;1;1011301;2019;6;7;5;3;5;2;0;1;1;0;0;0;0;0;796894,1706;5828896,359;13,37761;52,52908
20529;196179;11;9;9020701;2019;6;6;5;3;5;3;0;1;1;0;0;0;0;0;808808,9339;5819002,66;13,54353;52,4338
20530;196180;11;9;9051901;2019;6;0;5;3;0;1;2;0;1;0;1;0;0;0;811902,3621;5821592,221;13,59131;52,45525
20531;196181;11;6;6040808;2019;6;23;5;1;0;1;2;1;0;0;0;0;0;0;789975,5042;5819789,372;13,26798;52,45116
20532;196182;11;4;4051652;2019;6;8;5;3;6;4;0;0;1;1;0;0;0;1;793443,0739;5824197,879;13,32274;52,48883
20533;196183;11;1;1044102;2019;6;8;5;3;5;3;0;1;1;0;0;0;0;1;795057,5563;5831479,296;13,35291;52,55323
20534;196184;11;9;9030901;2019;6;8;5;2;5;2;0;1;1;0;0;0;0;1;807681,3886;5817730,987;13,52583;52,42304
20535;196185;11;6;6020409;2019;6;2;5;3;1;1;2;0;1;0;0;0;0;1;793245,7142;5817228,686;13,31372;52,42646
20536;196186;11;2;2040703;2019;6;2;5;3;0;1;2;1;0;0;0;0;0;1;801122,4259;5826607,599;13,43768;52,50625
20537;196187;11;1;1011303;2019;6;20;5;2;6;4;0;0;1;1;0;0;0;0;799498,019;5828344,449;13,41538;52,52271
20538;196188;11;9;9020501;2019;6;7;5;3;5;3;0;1;1;0;0;0;0;0;806066,3474;5823414,898;13,50736;52,47489
20539;196189;11;4;4030724;2019;6;13;5;3;5;7;0;1;1;0;0;0;0;0;790828,8834;5826359,841;13,28623;52,50961
20540;196190;11;2;2020205;2019;6;7;5;3;5;2;0;1;0;0;0;0;1;0;798127,4916;5824542,844;13,39183;52,48939
20541;196191;11;7;7040403;2019;6;13;5;3;5;3;0;0;1;0;0;0;1;0;797288,6397;5821211,93;13,37655;52,45999
20542;196192;11;1;1022103;2019;6;0;5;3;1;7;2;0;1;0;0;0;1;0;794687,3573;5829769,919;13,34594;52,53811
20543;196193;11;2;2040703;2019;6;17;5;3;5;5;0;1;1;0;0;0;0;0;801442,4418;5826397,186;13,44219;52,50419
20544;196194;11;8;8020619;2019;6;14;5;3;1;5;0;0;1;0;0;0;0;0;801533,4904;5820711,273;13,43838;52,45317
20545;196195;11;6;6020410;2019;6;16;5;3;2;6;0;0;1;0;1;0;0;0;794221,3344;5817537,85;13,3283;52,42871
20546;196196;11;3;3010101;2019;6;15;5;3;5;3;0;1;1;0;0;0;0;0;804139,263;5841911,784;13,49603;52,64174
20547;196197;11;4;4030931;2019;6;16;5;3;1;5;0;1;1;0;0;0;0;0;794498,7549;5825888,791;13,33974;52,50342
20548;196198;11;4;4031032;2019;6;13;5;3;3;6;0;0;1;0;1;0;0;0;791763,7553;5824823,547;13,29862;52,49534
20549;196199;11;12;12224230;2019;6;12;5;3;5;3;0;0;1;0;1;0;0;0;787552,434;5837345,792;13,24761;52,60984
20550;196200;11;6;6020411;2019;6;16;5;3;5;2;0;0;1;0;0;0;0;0;793923,2296;5815474,628;13,32211;52,41037
20551;196201;11;9;9020701;2019;6;16;5;3;5;3;0;1;1;0;0;0;0;0;807922,3341;5819889,065;13,53135;52,44224
20552;196202;11;2;2030301;2019;6;11;5;3;5;3;0;0;1;0;0;0;0;0;799718,5267;5826304,694;13,41678;52,50431
20553;196203;11;5;5020625;2019;6;15;5;3;5;2;0;1;1;0;0;0;0;0;784453,4907;5828664,903;13,19452;52,53364
20554;196204;11;9;9041301;2019;6;12;5;2;5;3;0;0;1;0;1;0;0;0;814256,0662;5818409,294;13,62284;52,42538
20555;196205;11;4;4030930;2019;6;19;5;3;6;4;0;0;1;1;0;0;0;0;792837,5394;5825442,086;13,31494;52,50031
20556;196206;11;5;5030832;2019;6;11;5;3;5;7;0;0;1;0;1;0;0;0;788745,393;5830467,918;13,25919;52,54755
20557;196207;11;8;8010404;2019;6;15;5;3;5;3;0;1;1;0;0;0;0;0;801999,3857;5823303,605;13,44756;52,47615
20558;196208;11;2;2030302;2019;6;19;5;3;2;5;0;1;1;0;0;0;0;0;800303,845;5825827,901;13,42495;52,49971
20559;196209;11;11;11051330;2019;6;11;4;3;5;2;0;1;1;0;0;0;0;0;807271,3787;5825411,435;13,52689;52,4921
20560;196210;11;8;8010404;2019;6;8;4;3;1;5;0;1;1;0;0;0;0;0;802000,8727;5823314,615;13,4476;52,47625
20561;196211;11;8;8020622;2019;6;11;5;3;5;3;0;0;1;0;0;0;0;1;801510,2358;5820188,838;13,43757;52,4485
20562;196212;11;4;4051445;2019;6;11;5;3;6;4;0;0;1;1;0;0;0;1;792027,3718;5824089,229;13,30185;52,48862
20563;196213;11;2;2010102;2019;6;13;4;3;6;4;0;0;1;1;0;0;0;0;797897,933;5826459,693;13,39018;52,50669
20564;196214;11;8;8020622;2019;6;18;5;2;6;4;0;0;1;1;0;0;0;0;801426,2378;5820256,923;13,4364;52,44916
20565;196215;11;4;4030724;2019;6;16;4;3;6;4;0;1;0;1;0;0;0;0;790784,2734;5826169,737;13,28541;52,50793
20566;196216;11;1;1033102;2019;6;10;5;3;3;6;0;1;1;0;0;0;0;0;797023,4843;5831466,969;13,38181;52,55206
20567;196217;11;7;7030301;2019;6;15;4;3;3;2;0;0;1;0;1;0;0;0;793943,1746;5822260,038;13,32837;52,47119
20568;196218;11;2;2030402;2019;6;7;5;3;0;6;0;1;0;0;0;1;0;0;801963,6592;5825636,33;13,44915;52,49708
20569;196219;11;3;3040818;2019;6;15;4;2;1;5;0;1;1;0;0;0;0;0;798867,4946;5832398,711;13,40976;52,5594
20570;196220;11;7;7030301;2019;6;15;4;3;5;2;0;0;1;0;0;0;0;0;794241,6791;5822036,555;13,33256;52,46903
20571;196221;11;6;6040809;2019;6;10;5;3;5;2;0;1;1;0;0;0;0;0;792176,1778;5820442,719;13,30084;52,45585
20572;196222;11;1;1011302;2019;6;15;4;3;3;6;0;0;1;0;1;0;0;0;798427,42;5829045,267;13,40028;52,52958
20573;196223;11;1;1022204;2019;6;9;5;2;6;4;0;0;1;1;0;0;0;1;795217,972;5828240,532;13,35239;52,52412
20574;196224;11;1;1011204;2019;6;14;4;3;2;6;0;1;0;0;0;0;1;0;798345,6463;5827453,853;13,39765;52,51536
20575;196225;11;7;7040403;2019;6;18;5;3;2;2;0;0;1;0;0;0;0;0;797861,339;5821928,636;13,38559;52,4661
20576;196226;11;4;4030519;2019;6;14;4;3;5;2;0;1;1;0;0;0;0;0;792222,6675;5828623,635;13,3087;52,52916
20577;196227;11;7;7020202;2019;6;17;5;3;2;6;0;0;1;0;0;0;0;0;794990,2762;5823578,844;13,34491;52,48245
20578;196228;11;4;4051652;2019;6;13;4;3;5;5;0;1;1;0;0;0;0;0;793449,0679;5824323,281;13,32294;52,48995
20579;196229;11;1;1011401;2019;6;13;4;2;0;2;0;1;1;0;0;0;0;0;798305,4323;5829373,286;13,39878;52,53259
20580;196230;11;1;1044201;2019;6;18;5;3;5;3;0;0;1;0;0;0;0;0;796690,7013;5831748,868;13,37716;52,55476
20581;196231;11;2;2030301;2019;6;17;5;3;5;2;0;1;0;0;0;0;1;0;799704,0752;5826013,821;13,41631;52,50171
20582;196232;11;2;2050801;2019;6;13;4;3;6;4;0;0;1;1;0;0;0;0;803019,4482;5827018,88;13,46592;52,50889
20583;196233;11;1;1044201;2019;6;13;4;3;5;2;0;0;1;0;0;0;0;0;795678,6581;5830932,866;13,36155;52,548
20584;196234;11;1;1044101;2019;6;17;5;3;2;2;0;0;1;0;1;0;0;0;794008,0072;5830202,144;13,33634;52,54235
20585;196235;11;1;1011302;2019;6;12;4;3;5;5;0;0;1;0;1;0;0;0;797641,3366;5828756,827;13,38846;52,52743
20586;196236;11;7;7010101;2019;6;12;4;3;5;2;0;1;1;0;0;0;0;0;794985,0787;5824900,244;13,346;52,4943
20587;196237;11;4;4010101;2019;6;18;5;2;6;4;0;0;1;1;0;0;0;0;790674,9891;5829758,731;13,28694;52,54017
20588;196238;11;1;1022103;2019;6;9;5;3;0;6;0;0;1;0;1;0;0;0;793418,647;5829470,748;13,32703;52,53611
20589;196239;11;4;4030931;2019;6;22;4;3;6;4;2;0;0;1;1;0;0;0;794032,7402;5826209,647;13,33317;52,50655
20590;196240;11;4;4010102;2019;6;16;5;3;5;7;0;0;1;0;1;0;0;0;793252,6105;5830068,649;13,32511;52,54156
20591;196241;11;12;12301204;2019;6;22;4;3;1;5;2;0;1;0;0;0;0;0;792916,4273;5836689,176;13,32602;52,60109
20592;196242;11;2;2050803;2019;6;9;5;3;3;6;0;0;1;0;0;0;1;1;802502,3945;5826219,904;13,4576;52,50201
20593;196243;11;9;9041301;2019;6;21;4;3;5;3;1;0;1;0;1;0;0;0;813764,0433;5818822,444;13,61601;52,42936
20594;196244;11;7;7040401;2019;6;9;5;3;0;4;0;0;0;1;0;0;1;0;797610,531;5823891,366;13,38366;52,48383
20595;196245;11;1;1011302;2019;6;20;4;3;3;6;1;1;1;0;0;0;0;0;798647,9889;5828488,561;13,40302;52,52447
20596;196246;11;4;4010101;2019;6;19;4;3;5;3;0;0;1;0;0;0;0;0;791285,631;5830682,739;13,29673;52,54812
20597;196247;11;9;9051901;2019;6;9;5;3;1;1;0;1;1;0;0;0;0;1;810749,8831;5821396,986;13,57422;52,45416
20598;196248;11;2;2010102;2019;6;19;4;3;5;2;0;1;1;0;0;0;0;0;798713,3573;5826435,194;13,40213;52,50603
20599;196249;11;1;1033102;2019;6;8;5;3;0;2;0;0;1;0;1;0;0;1;797363,2471;5831193,192;13,38656;52,54942
20600;196250;11;4;4031032;2019;6;18;4;3;6;4;0;1;0;1;0;0;0;0;791083,3915;5824929,304;13,28872;52,49665
20601;196251;11;9;9020601;2019;6;17;5;3;5;2;0;1;1;0;0;0;0;0;805833,5457;5821886,401;13,50254;52,46132
20602;196252;11;5;5010101;2019;6;17;4;3;2;6;0;0;1;0;0;0;0;0;785879,4213;5831725,117;13,21812;52,56033
20603;196253;11;1;1033203;2019;6;10;5;3;0;1;0;0;0;0;1;0;0;1;796728,0277;5830461,229;13,37656;52,5432
20604;196254;11;6;6040810;2019;6;17;4;3;5;2;0;1;1;0;0;0;0;0;790152,1911;5819783,649;13,27057;52,45102
20605;196255;11;1;1011301;2019;6;17;4;3;1;5;0;1;1;0;0;0;0;0;797113,2349;5829247,211;13,38114;52,53211
20606;196256;11;3;3061131;2019;6;16;5;3;4;1;0;0;1;0;0;0;0;1;798878,8259;5830381,999;13,40811;52,54132
20607;196257;11;4;4010103;2019;6;15;5;3;3;6;0;0;1;0;0;0;0;0;791203,9276;5829151,275;13,29419;52,53444
20608;196258;11;10;10010308;2019;6;10;4;3;0;2;0;0;1;0;1;0;0;0;806333,3389;5830184,991;13,51751;52,53541
20609;196259;11;2;2040503;2019;6;10;4;3;2;6;0;0;1;0;1;0;0;0;801560,0203;5828840,491;13,44613;52,52602
20610;196260;11;1;1011303;2019;6;15;5;3;6;4;0;0;1;1;0;0;0;0;799480,0961;5828849,4;13,41557;52,52725
20611;196261;11;9;9010101;2019;6;9;4;3;2;6;0;1;1;0;0;0;0;0;802242,9308;5825199,27;13,45286;52,49301
20612;196262;11;4;4020310;2019;6;15;5;3;0;2;0;1;1;0;0;0;0;0;788245,9272;5827790,604;13,24952;52,52381
20613;196263;11;6;6020304;2019;6;9;4;3;6;2;0;0;1;1;0;0;0;0;794733,0789;5817795,511;13,33603;52,43074
20614;196264;11;3;3040614;2019;6;8;4;3;1;1;0;0;1;0;0;0;1;0;798740,3538;5833135,11;13,40855;52,56607
20615;196265;11;2;2030302;2019;6;8;4;3;2;6;0;1;0;0;0;0;0;0;801069,5916;5826326,356;13,43665;52,50376
20616;196266;11;3;3061429;2019;6;8;5;3;0;1;0;1;0;0;0;0;0;1;801913,4694;5830916,313;13,45321;52,54443
20617;196267;11;1;1011303;2019;6;8;4;3;5;2;0;1;1;0;0;0;0;0;799235,8031;5828467,756;13,41164;52,52396
20618;196268;11;1;1033201;2019;6;18;4;2;5;3;0;0;1;0;0;0;0;0;798084,3445;5829984,001;13,39607;52,53818
20619;196269;11;11;11030720;2019;6;8;4;3;2;6;0;0;1;0;0;0;0;0;804435,7686;5829898,21;13,48936;52,5339
20620;196270;11;3;3010102;2019;6;8;4;3;5;3;0;1;1;0;0;0;0;0;804063,8289;5839911,95;13,49307;52,62386
20621;196271;11;2;2020206;2019;6;14;4;3;0;3;0;1;0;0;0;0;0;1;799632,4793;5825054,91;13,41439;52,49315
20622;196272;11;10;10020412;2019;6;7;4;3;2;6;0;0;1;0;0;0;0;0;811289,8831;5831966,889;13,59202;52,54857
20623;196273;11;1;1011301;2019;6;7;4;3;1;5;0;1;1;0;0;0;0;0;797039,33;5828402,712;13,3793;52,52458
20624;196274;11;4;4030519;2019;6;23;4;3;0;1;2;0;1;0;1;0;0;0;792185,4665;5827963,933;13,30757;52,52327
20625;196275;11;7;7050505;2019;6;7;4;3;2;6;0;0;1;0;0;0;0;0;798974,1798;5817309,404;13,39779;52,42409
20626;196276;11;7;7050505;2019;6;21;4;3;6;4;0;0;0;1;0;0;1;0;798509,097;5819046,321;13,39252;52,43991
20627;196277;11;3;3061430;2019;6;6;4;3;6;4;0;1;0;1;0;0;0;0;801953,9555;5829749,805;13,45274;52,53395
20628;196278;11;2;2020203;2019;6;4;4;3;3;6;1;0;1;0;0;0;0;0;797749,0954;5824294,587;13,38606;52,48737
20629;196279;11;8;8010508;2019;6;20;4;3;5;3;0;0;1;0;0;0;0;0;803432,0017;5822935,222;13,46826;52,47206
20630;196280;11;12;12214527;2019;6;19;4;3;5;3;0;0;1;0;1;0;0;0;789711,3505;5834707,826;13,2771;52,58505
20631;196281;11;7;7040405;2019;6;12;4;2;5;3;0;1;0;0;0;0;1;0;798863,1603;5821766,238;13,40015;52,4641
20632;196282;11;3;3040513;2019;6;11;4;3;0;2;0;0;1;0;1;0;0;0;796539,4217;5834273,802;13,3772;52,57748
20633;196283;11;1;1044202;2019;6;18;4;3;1;5;0;1;1;0;0;0;0;0;795662,4248;5830548,304;13,36097;52,54456
20634;196284;11;1;1011306;2019;6;11;4;3;6;7;0;0;0;1;0;0;1;0;800092,0892;5826414,991;13,42237;52,50509
20635;196285;11;10;10010204;2019;6;17;4;3;5;3;0;1;1;0;0;0;0;0;810056,4193;5832605,828;13,57448;52,555
20636;196286;11;2;2010101;2019;6;10;4;3;3;6;0;1;0;0;0;0;0;0;797149,6371;5826435,473;13,37916;52,50689
20637;196287;11;1;1022206;2019;6;22;4;3;0;2;2;0;1;0;0;0;1;0;796115,1037;5828431,086;13,36574;52,52534
20638;196288;11;10;10010310;2019;6;10;4;3;0;2;0;0;1;0;0;0;1;0;809129,0323;5830468,046;13,55886;52,53637
20639;196289;11;1;1011204;2019;6;9;4;3;5;2;0;0;1;0;0;0;0;0;798699,3097;5827083,718;13,40251;52,51185
20640;196290;11;4;4051445;2019;6;10;4;3;5;3;0;1;0;0;0;0;0;0;791946,6451;5824178,495;13,30074;52,48946
20641;196291;11;6;6010101;2019;6;13;4;3;5;3;0;0;1;0;0;0;1;0;793312,0413;5820739,027;13,31777;52,4579
20642;196292;11;5;5020625;2019;6;9;4;2;5;2;0;0;1;0;0;0;0;0;783862,0486;5827897,751;13,18517;52,52707
20643;196293;11;1;1011304;2019;6;18;4;3;0;7;0;1;0;0;0;0;0;0;799550,2668;5828083,718;13,41591;52,52035
20644;196294;11;1;1022101;2019;6;11;3;3;3;6;0;0;0;0;1;0;1;0;793655,2031;5828118,928;13,32931;52,52387
20645;196295;11;1;1044201;2019;6;9;4;3;2;6;0;0;1;0;0;0;0;0;796750,1651;5831913,295;13,37818;52,55621
20646;196296;11;1;1022201;2019;6;10;3;3;5;2;0;1;1;0;0;0;0;0;795041,1803;5829166,323;13,35061;52,53251
20647;196297;11;5;5030833;2019;6;8;4;3;5;2;0;1;1;0;0;0;0;0;789404,391;5828683,603;13,26732;52,5312
20648;196298;11;8;8010404;2019;6;21;3;3;1;5;0;1;1;0;0;0;0;0;801446,1814;5823761,021;13,43986;52,48056
20649;196299;11;7;7060604;2019;6;7;4;3;1;5;0;1;1;0;0;0;0;0;795745,5602;5815157,115;13,34855;52,40655
20650;196300;11;2;2050802;2019;6;20;3;3;2;6;0;0;1;0;0;0;0;0;802036,7038;5827168,082;13,45162;52,51077
20651;196301;11;6;6010103;2019;6;7;4;3;1;5;0;0;0;0;1;0;1;0;793726,2642;5821460,653;13,32449;52,46414
20652;196302;11;4;4010101;2019;6;13;3;3;2;6;0;0;0;0;1;1;0;0;791411,1408;5830685,449;13,29858;52,54808
20653;196303;11;7;7070704;2019;6;13;3;3;5;2;0;1;1;0;0;0;0;0;800641,2479;5814140,639;13,41939;52,39477
20654;196304;11;10;10040933;2019;6;7;4;3;5;3;0;1;1;0;0;0;0;0;813174,7641;5825652,483;13,61378;52,49091
20655;196305;11;2;2040701;2019;6;10;3;3;3;6;0;0;1;0;0;0;1;0;800692,5516;5827569,598;13,43223;52,51511
20656;196306;11;6;6040806;2019;6;7;4;3;5;3;0;1;0;0;0;0;0;0;788927,5468;5819640,604;13,25247;52,45038
20657;196307;11;12;12103117;2019;6;13;3;3;5;3;0;1;1;0;0;0;0;0;795925,5955;5832888,91;13,36693;52,5654
20658;196308;11;5;5020417;2019;6;12;3;3;5;2;0;1;0;0;0;1;0;0;782825,6295;5828572,342;13,17051;52,53366
20659;196309;11;9;9020802;2019;6;7;4;2;5;2;0;1;1;0;0;0;0;0;810166,8813;5819568,605;13,56397;52,4381
20660;196310;11;2;2050803;2019;6;11;3;3;3;6;0;0;1;0;0;0;1;0;803020,4986;5825763,363;13,46479;52,49763
20661;196311;11;2;2040703;2019;6;6;4;3;5;2;0;0;1;0;0;0;0;0;801476,9449;5827258,571;13,44347;52,51189
20662;196312;11;10;10020622;2019;6;11;3;2;3;6;0;1;0;0;0;0;1;0;810691,379;5827997,283;13,57951;52,51334
20663;196313;11;7;7040401;2019;6;1;4;3;2;6;2;1;1;0;0;0;0;0;797306,9864;5823476,706;13,37883;52,48028
20664;196314;11;1;1044103;2019;6;10;3;2;5;5;0;0;1;0;1;0;0;0;794733,8245;5830405,047;13,34719;52,54378
20665;196315;11;3;3051021;2019;6;7;4;3;0;7;0;1;0;0;0;0;0;0;802933,6883;5832275,027;13,46945;52,55604
20666;196316;11;1;1033201;2019;6;10;3;3;2;6;0;0;1;0;0;0;0;0;798462,3493;5830198,647;13,40182;52,5399
20667;196317;11;4;4020310;2019;6;19;3;3;4;2;0;0;1;0;0;0;0;0;790565,9197;5827336,214;13,28322;52,51851
20668;196318;11;8;8020625;2019;6;16;4;3;5;2;0;1;0;0;0;0;1;0;801545,417;5819189,846;13,43719;52,43953
20669;196319;11;2;2010103;2019;6;16;4;3;5;3;0;1;1;0;0;0;0;0;799402,3208;5825915,846;13,41179;52,501
20670;196320;11;2;2020204;2019;6;8;3;3;5;2;0;1;1;0;0;0;0;0;798490,6547;5825224,92;13,39778;52,4953
20671;196321;11;7;7020202;2019;6;15;4;3;1;5;0;1;1;0;0;0;0;0;794566,9344;5823418,705;13,33855;52,48124
20672;196322;11;3;3050920;2019;6;8;3;3;5;3;0;1;1;0;0;0;0;0;802037,8121;5832161,649;13,45617;52,55552
20673;196323;11;11;11020412;2019;6;13;4;3;6;4;0;0;0;1;0;0;1;0;804948,4479;5831404,184;13,49827;52,54711
20674;196324;11;2;2020205;2019;6;8;3;3;5;2;0;1;0;0;0;0;0;0;798500,5236;5824510,45;13,39728;52,48889
20675;196325;11;12;12103219;2019;6;15;4;3;5;2;0;0;1;0;0;0;0;0;795565,6586;5833227,065;13,36193;52,56863
20676;196326;11;1;1011304;2019;6;19;3;3;5;2;0;1;1;0;0;0;0;0;799989,895;5828081,402;13,42237;52,52008
20677;196327;11;1;1011401;2019;6;8;3;3;0;1;0;1;0;0;0;0;0;0;798324,646;5829352,359;13,39904;52,53239
20678;196328;11;1;1033102;2019;6;15;4;3;1;5;0;1;1;0;0;0;0;0;797252,0062;5831542,797;13,38523;52,55261
20679;196329;11;6;6020304;2019;6;8;3;2;5;7;0;0;1;0;0;0;0;0;794792,1005;5817998,57;13,33707;52,43253
20680;196330;11;1;1033201;2019;6;14;4;2;5;2;0;0;1;0;1;0;0;0;798074,378;5829990,292;13,39593;52,53825
20681;196331;11;1;1011401;2019;6;8;3;3;0;1;0;1;0;0;0;0;0;0;798325,3261;5829351,2;13,39905;52,53238
20682;196332;11;8;8020620;2019;6;11;4;3;3;2;0;1;1;0;0;0;0;0;800593,9436;5821187,163;13,42503;52,45796
20683;196333;11;8;8020619;2019;6;18;3;3;5;2;0;1;0;0;0;0;1;0;802460,6095;5820696,871;13,45197;52,45253
20684;196334;11;4;4030931;2019;6;12;4;3;2;6;0;1;1;0;0;0;0;0;793920,6279;5825688,625;13,33107;52,50194
20685;196335;11;2;2010102;2019;6;18;3;3;5;2;0;1;1;0;0;0;0;0;798179,9327;5826506,461;13,39436;52,50696
20686;196336;11;9;9010302;2019;6;18;3;3;5;2;0;0;1;0;1;0;0;0;804941,2614;5820716,285;13,48838;52,45133
20687;196337;11;8;8010118;2019;6;11;4;2;5;2;0;0;1;0;1;0;0;0;800848,8582;5822527,558;13,42998;52,46983
20688;196338;11;2;2040502;2019;6;18;3;3;5;2;0;1;0;0;0;1;0;0;801247,5829;5827816,857;13,44061;52,51702
20689;196339;11;9;9020802;2019;6;11;4;3;2;6;0;0;1;0;0;0;0;0;810037,9566;5820439,564;13,56289;52,44598
20690;196340;11;9;9020601;2019;6;18;3;2;5;2;0;1;1;0;0;0;0;0;806880,0161;5821188,45;13,51726;52,45447