;OBJECTID;LAND;BEZ;LOR;UJAHR;UMONAT;USTUNDE;UWOCHENTAG;UKATEGORIE;UART;UTYP1;ULICHTVERH;IstRad;IstPKW;IstFuss;IstKrad;IstGkfz;IstSonstige;USTRZUSTAND;LINREFX;LINREFY;XGCSWGS84;YGCSWGS84
20691;196341;11;9;9020602;2019;6;10;4;3;5;3;0;1;1;0;0;0;0;0;808401,6536;5820867,723;13,53928;52,45074
20692;196342;11;1;1011203;2019;6;17;3;2;5;7;0;1;1;0;0;0;0;0;797608,0418;5827117,875;13,38651;52,51275
20693;196343;11;4;4010101;2019;6;10;4;3;2;6;0;0;1;0;0;0;1;0;790216,7937;5830655,042;13,28099;52,54845
20694;196344;11;10;10030724;2019;6;13;3;3;5;3;0;1;1;0;0;0;0;0;809663,6249;5829684,518;13,56599;52,52904
20695;196345;11;5;5030731;2019;6;15;3;3;6;2;0;0;1;1;0;0;0;0;787069,8944;5829480,015;13,23369;52,53958
20696;196346;11;6;6020411;2019;6;10;4;3;5;3;0;0;1;0;1;0;0;0;794957,0477;5815655,303;13,33743;52,41144
20697;196347;11;7;7040405;2019;6;10;4;3;0;5;0;0;1;0;0;0;0;0;797908,3226;5822208,274;13,38653;52,46858
20698;196348;11;9;9041403;2019;6;16;3;2;5;3;0;1;0;0;0;1;0;0;812470,0516;5819772,416;13,59793;52,43862
20699;196349;11;6;6020303;2019;6;16;3;3;2;6;0;0;1;0;0;1;0;0;795338,1906;5818430,521;13,34546;52,43611
20700;196350;11;1;1011306;2019;6;9;4;3;5;3;0;1;0;0;1;0;0;0;800083,4125;5826461,503;13,42228;52,50551
20701;196351;11;2;2020204;2019;6;16;3;3;2;2;0;0;1;0;0;0;0;0;798290,1729;5825307,501;13,39491;52,49615
20702;196352;11;8;8030831;2019;6;13;3;3;2;6;0;0;1;0;0;0;0;0;803873,1451;5818180,005;13,47041;52,42919
20703;196353;11;7;7040403;2019;6;16;3;3;0;2;0;1;1;0;0;0;0;0;797313,522;5822178,051;13,37777;52,46863
20704;196354;11;3;3061126;2019;6;15;3;2;0;1;0;1;0;0;0;0;0;0;798517,0511;5831468,954;13,40377;52,55126
20705;196355;11;3;3040614;2019;6;10;3;3;5;3;0;1;1;0;0;0;0;0;798851,9797;5834892,114;13,41178;52,58176
20706;196356;11;7;7040402;2019;6;15;3;2;3;6;0;0;0;0;1;1;0;0;796394,0927;5820707,916;13,36297;52,45595
20707;196357;11;4;4030827;2019;6;15;3;3;5;2;0;0;1;0;0;0;0;0;792725,1354;5826104,009;13,31387;52,50631
20708;196358;11;2;2010104;2019;6;16;3;3;6;7;0;1;0;1;0;0;0;0;798999,9975;5825433,209;13,40545;52,49689
20709;196359;11;5;5020625;2019;6;14;3;3;5;3;0;1;1;0;0;0;0;0;784441,0796;5828682,406;13,19435;52,53381
20710;196360;11;7;7040405;2019;6;11;3;3;1;5;0;1;1;0;0;0;0;0;798010,1863;5821324,224;13,38724;52,4606
20711;196361;11;1;1011305;2019;6;8;3;3;0;5;0;0;1;0;1;0;0;0;799474,7414;5827098,931;13,41392;52,51156
20712;196362;11;4;4030623;2019;6;7;3;2;1;5;0;1;1;0;0;0;0;0;793541,9053;5826334,032;13,32607;52,50793
20713;196363;11;4;4030518;2019;6;0;3;3;1;1;2;0;1;0;0;0;0;0;791525,8828;5828095,782;13,298;52,5248
20714;196364;11;11;11020513;2019;6;6;3;3;2;6;0;0;1;0;0;1;0;0;802909,7786;5831180,951;13,4681;52,54625
20715;196365;11;2;2010103;2019;6;18;3;3;5;2;0;1;1;0;0;0;0;0;799233,6531;5826240,415;13,4096;52,504
20716;196366;11;1;1011402;2019;6;1;3;3;0;1;2;0;0;0;0;0;1;0;798219,8821;5829697,156;13,39781;52,53554
20717;196367;11;2;2010103;2019;6;19;2;3;5;2;0;1;0;0;1;0;0;0;799331,0758;5826223,943;13,41102;52,5038
20718;196368;11;3;3040512;2019;6;3;3;3;0;1;2;0;0;0;1;0;0;0;795698,4478;5834920,169;13,3654;52,58373
20719;196369;11;4;4030931;2019;6;15;3;3;0;4;0;1;0;1;0;0;0;0;794149,17;5825692,267;13,33443;52,50185
20720;196370;11;8;8010214;2019;6;11;2;3;2;6;0;0;1;0;0;1;0;0;802108,2299;5821999,076;13,44798;52,4644
20721;196371;11;1;1011303;2019;6;19;2;3;5;3;0;0;1;0;0;0;1;0;798781,5854;5828021,163;13,40456;52,52021
20722;196372;11;4;4051655;2019;6;9;3;3;5;3;0;1;0;0;0;0;0;0;793939,6625;5823394,215;13,32932;52,48136
20723;196373;11;4;4030827;2019;6;15;2;3;3;2;0;1;0;0;0;0;1;0;792532,8085;5826371,279;13,31128;52,50881
20724;196374;11;3;3061227;2019;6;15;3;3;6;4;0;1;0;1;0;0;0;0;800192,7476;5831612,991;13,42854;52,55163
20725;196375;11;1;1044202;2019;6;18;2;3;6;4;0;1;0;1;0;0;0;0;795409,1368;5830588,371;13,35728;52,54506
20726;196376;11;6;6010206;2019;6;18;2;3;5;2;0;1;1;0;0;0;0;0;794546,1698;5820084,092;13,3353;52,45136
20727;196377;11;1;1011305;2019;6;15;3;3;2;6;0;0;1;0;0;0;0;0;799660,683;5827084,612;13,41663;52,51133
20728;196378;11;12;12301206;2019;6;14;2;3;5;3;0;1;0;0;0;0;1;0;793845,0796;5838392,601;13,3412;52,61586
20729;196379;11;5;5010101;2019;6;16;2;3;5;3;0;1;1;0;0;0;0;0;784401,435;5831930,035;13,19655;52,56295
20730;196380;11;8;8010404;2019;6;20;3;3;1;5;1;1;1;0;0;0;0;0;801491,6164;5823429,722;13,44022;52,47756
20731;196381;11;3;3030405;2019;6;16;2;2;5;3;0;1;0;0;0;0;0;0;804457,0452;5838459,256;13,49753;52,61062
20732;196382;11;8;8010214;2019;6;16;3;3;5;3;0;0;1;0;0;0;0;0;801422,879;5822255,102;13,43815;52,46707
20733;196383;11;2;2020206;2019;6;20;2;3;3;6;0;0;1;0;0;0;0;0;800303,915;5824575,473;13,42382;52,48849
20734;196384;11;1;1044101;2019;6;17;2;3;5;2;0;1;1;0;0;0;0;0;794021,4369;5830177,358;13,33651;52,54212
20735;196385;11;6;6020305;2019;6;16;3;3;5;7;0;1;0;0;0;0;0;0;795583,1429;5817599,582;13,34832;52,42853
20736;196386;11;1;1044203;2019;6;16;3;3;6;4;0;0;0;1;0;0;1;0;795591,1168;5831745,433;13,36099;52,55533
20737;196387;11;7;7070705;2019;6;18;2;3;5;5;0;1;1;0;0;0;0;0;798101,3212;5814239,286;13,38226;52,39704
20738;196388;11;10;10010207;2019;6;17;2;3;4;6;0;1;0;0;0;0;0;0;809461,9812;5831454,051;13,56467;52,54502
20739;196389;11;1;1022205;2019;6;16;3;3;0;6;0;1;0;0;0;0;1;0;795994,3719;5828615,528;13,36413;52,52706
20740;196390;11;4;4030827;2019;6;17;2;3;5;3;0;0;1;0;0;0;0;0;792735,2686;5826109,727;13,31402;52,50635
20741;196391;11;11;11020514;2019;6;15;3;3;3;6;0;1;1;0;0;0;0;0;804315,4737;5830621,774;13,48825;52,54046
20742;196392;11;1;1022104;2019;6;17;2;3;2;6;0;0;1;0;1;0;0;0;794555,6083;5829055,256;13,34337;52,53178
20743;196393;11;7;7010102;2019;6;16;2;3;3;6;0;0;1;0;1;0;0;0;794969,9526;5825669,679;13,34646;52,5012
20744;196394;11;4;4030930;2019;6;10;2;3;5;2;0;0;1;0;1;0;0;0;792961,2852;5825693,653;13,31698;52,5025
20745;196395;11;7;7060604;2019;6;14;3;3;5;2;0;0;1;0;1;0;0;0;797613,124;5815560,394;13,37628;52,40915
20746;196396;11;7;7040401;2019;6;9;2;3;5;3;0;0;1;0;0;0;0;0;797578,9496;5823507,492;13,38285;52,48041
20747;196397;11;8;8020619;2019;6;15;3;3;5;7;0;0;1;0;0;0;1;0;801279,2331;5821471,903;13,43534;52,46013
20748;196398;11;2;2020206;2019;6;18;2;2;2;6;0;0;1;0;1;0;0;0;799484,244;5824520,697;13,41174;52,48845
20749;196399;11;3;3071639;2019;6;15;3;3;6;4;0;0;1;1;0;0;0;0;800476,1224;5829083,905;13,43042;52,5288
20750;196400;11;1;1044202;2019;6;8;2;3;5;2;0;1;0;0;0;0;1;0;795524,0115;5830731,603;13,3591;52,54628
20751;196401;11;10;10030726;2019;6;15;3;3;5;2;0;1;1;0;0;0;0;0;809226,209;5827219,354;13,55727;52,5072
20752;196402;11;1;1033102;2019;6;17;2;2;6;4;0;0;1;1;0;0;0;0;797283,3041;5831280,165;13,38546;52,55024
20753;196403;11;7;7040403;2019;6;15;3;3;2;6;0;0;0;0;1;0;1;0;797242,2319;5820731,908;13,37544;52,45571
20754;196404;11;4;4030827;2019;6;18;2;3;2;6;0;0;1;0;0;0;0;0;792514,6077;5826100,887;13,31077;52,50639
20755;196405;11;1;1033102;2019;6;15;3;2;0;1;0;1;0;0;0;0;0;0;797735,4481;5831867,135;13,39263;52,55525
20756;196406;11;5;5020626;2019;6;18;2;3;5;3;0;0;1;0;0;0;0;0;784753,4558;5827199,641;13,19768;52,52035
20757;196407;11;9;9010302;2019;6;16;2;3;5;2;0;0;0;0;1;0;1;0;804610,8816;5820174,78;13,48304;52,44666
20758;196408;11;4;4030930;2019;6;16;3;3;6;7;0;0;1;1;0;0;0;0;793169,7845;5825624,075;13,31998;52,50176
20759;196409;11;7;7040401;2019;6;18;2;3;2;6;0;0;1;0;0;0;0;0;797302,0786;5823160,709;13,37848;52,47745
20760;196410;11;1;2010102;2019;6;11;3;3;6;4;0;0;1;1;0;0;0;0;797905,5497;5826558,77;13,39038;52,50758
20761;196411;11;12;12304314;2019;6;15;2;2;1;5;0;0;1;0;0;0;0;0;791236,3706;5836415,069;13,30104;52,59954
20762;196412;11;1;1011305;2019;6;15;2;3;5;2;0;1;1;0;0;0;0;0;799687,1707;5827210,076;13,41714;52,51244
20763;196413;11;7;7070701;2019;6;13;3;3;1;7;0;0;1;0;0;0;0;0;799452,2415;5815074,68;13,4028;52,40379
20764;196414;11;6;6040810;2019;6;15;2;3;5;2;0;0;1;0;0;0;0;0;790156,4915;5819781,138;13,27063;52,45099
20765;196415;11;7;7030303;2019;6;12;3;3;5;3;0;0;1;0;0;0;0;0;796061,1581;5822858,306;13,35999;52,47541
20766;196416;11;12;12214421;2019;6;8;2;3;5;2;0;1;1;0;0;0;0;0;793019,0701;5833869,434;13,32504;52,57576
20767;196417;11;9;9031101;2019;6;12;3;3;5;2;0;0;1;0;1;0;0;0;811064,1462;5818017,816;13,57568;52,4237
20768;196418;11;7;7030301;2019;6;10;2;3;5;2;0;0;1;0;1;0;0;0;793926,5698;5822508,88;13,32835;52,47343
20769;196419;11;2;2030302;2019;6;12;3;3;5;3;0;0;1;0;1;0;0;0;800748,0776;5826523,079;13,4321;52,5057
20770;196420;11;4;4030930;2019;6;15;2;3;5;7;0;0;1;0;0;0;0;0;792952,0172;5825414,338;13,3166;52,5
20771;196421;11;7;7010101;2019;6;15;2;3;5;3;0;0;1;0;0;0;0;0;794870,5834;5825571,573;13,34492;52,50038
20772;196422;11;10;10030727;2019;6;12;3;3;0;7;0;0;1;0;0;0;0;0;809555,2665;5826585,643;13,56151;52,50133
20773;196423;11;12;12302108;2019;6;12;3;3;5;3;0;0;1;0;0;0;0;0;793944,419;5836640,616;13,34111;52,6001
20774;196424;11;7;7040403;2019;6;15;2;3;2;6;0;0;1;0;0;0;1;0;797199,09;5820701,35;13,37478;52,45546
20775;196425;11;10;10010102;2019;6;11;3;3;5;5;0;0;1;0;0;0;0;0;809597,9526;5834296,712;13,56932;52,57041
20776;196426;11;2;2050602;2019;6;6;2;3;2;7;0;0;1;0;1;0;0;0;803066,9162;5827813,361;13,46734;52,51598
20777;196427;11;9;9010301;2019;6;21;3;3;6;2;2;0;1;1;0;0;0;0;805013,875;5822699,212;13,49126;52,46906
20778;196428;11;3;3050919;2019;6;6;2;3;5;2;0;1;0;0;0;0;1;0;801861,0983;5832889,949;13,45423;52,56215
20779;196429;11;3;3061332;2019;6;7;2;3;2;7;0;1;0;0;0;0;1;0;800022,6212;5830693,078;13,42521;52,54348
20780;196430;11;11;11030618;2019;6;19;3;3;5;3;0;1;0;0;0;0;0;0;803154,3449;5829566,188;13,47022;52,53164
20781;196431;11;2;2010103;2019;6;18;3;3;2;6;0;1;1;0;0;0;0;0;799506,2926;5826130,621;13,41351;52,50286
20782;196432;11;4;4030620;2019;6;14;2;3;5;2;0;0;1;0;0;0;0;0;791794,0085;5827482,429;13,3014;52,51916
20783;196433;11;7;7040405;2019;6;16;2;3;2;6;0;0;1;0;0;0;1;0;798537,5148;5820615,065;13,39434;52,45396
20784;196434;11;8;8010118;2019;6;19;3;3;0;6;0;0;1;0;0;0;1;0;800990,0965;5822194,578;13,43175;52,46677
20785;196435;11;6;6040810;2019;6;14;2;3;3;6;0;0;1;0;1;0;0;0;790248,2793;5820032,773;13,27219;52,4532
20786;196436;11;8;8010115;2019;6;19;3;2;6;4;0;0;1;1;0;0;0;0;799878,5908;5823646,986;13,41674;52,4804
20787;196437;11;2;2020206;2019;6;13;2;3;6;7;0;0;0;1;0;0;1;0;800172,7082;5824423,593;13,42176;52,4872
20788;196438;11;12;12304314;2019;6;12;2;3;0;2;0;0;1;0;1;0;0;0;790698,5851;5835383,738;13,29222;52,59058
20789;196439;11;4;4041342;2019;6;18;3;3;5;2;0;0;1;0;0;0;0;0;792526,692;5822912,069;13,30815;52,4778
20790;196440;11;3;3010104;2019;6;11;2;3;3;6;0;0;1;0;0;0;0;0;800889,5662;5838793,767;13,44531;52,6156
20791;196441;11;5;5020417;2019;6;18;3;3;3;6;0;0;1;0;0;0;0;0;782403,7727;5828519,675;13,16426;52,53341
20792;196442;11;1;1011302;2019;6;23;2;2;6;2;2;0;1;1;0;0;0;0;797936,329;5828424,181;13,3925;52,52428
20793;196443;11;12;12214527;2019;6;18;3;3;2;2;0;1;1;0;0;0;0;0;789906,282;5835707,892;13,28084;52,59391
20794;196444;11;8;8010301;2019;6;21;2;3;3;6;2;1;1;0;0;0;0;0;800611,513;5825122,352;13,42883;52,49322
20795;196445;11;8;8010510;2019;6;11;3;3;2;6;0;0;1;0;0;0;0;0;802472,2616;5822573,559;13,45384;52,46935
20796;196446;11;3;3040614;2019;6;11;2;3;5;3;0;1;1;0;0;0;0;0;798043,869;5833451,403;13,39859;52,56929
20797;196447;11;11;11051331;2019;6;10;2;3;5;2;0;0;1;0;0;0;1;0;807307,329;5824799,114;13,52685;52,48659
20798;196448;11;1;1022204;2019;6;17;3;3;5;3;0;1;0;0;0;0;0;0;794544,9314;5828182,34;13,34244;52,52396
20799;196449;11;6;6040804;2019;6;11;3;3;5;3;0;1;1;0;0;0;0;0;787672,6609;5819217,977;13,23369;52,44726
20800;196450;11;1;1011304;2019;6;21;2;2;6;4;1;0;0;1;0;0;1;0;800058,4458;5828482,361;13,42374;52,52364
20801;196451;11;9;9041301;2019;6;10;2;3;5;3;0;1;1;0;0;0;0;0;811761,802;5819770,843;13,58754;52,43901
20802;196452;11;1;1011304;2019;6;10;3;3;2;6;0;0;1;0;0;0;0;0;799825,7636;5827506,975;13,41944;52,51503
20803;196453;11;4;4030623;2019;6;10;2;3;6;4;0;0;1;1;0;0;0;0;793676,9709;5827047,651;13,32869;52,51425
20804;196454;11;12;12103218;2019;6;17;3;3;2;6;0;0;1;0;0;0;0;0;794503,64;5834271,74;13,34724;52,57857
20805;196455;11;7;7040403;2019;6;10;2;3;1;5;0;1;1;0;0;0;0;0;797685,1938;5821869,442;13,38295;52,46566
20806;196456;11;4;4051653;2019;6;16;3;3;2;6;0;0;1;0;1;0;0;0;793965,7278;5824603,09;13,33077;52,49218
20807;196457;11;1;1011103;2019;6;20;2;2;5;2;0;0;1;0;0;0;1;0;795419,4449;5825816,725;13,3532;52,50228
20808;196458;11;4;4030931;2019;6;10;3;3;1;5;0;1;1;0;0;0;0;0;794386,2436;5825702,206;13,33792;52,50181
20809;196459;11;4;4030620;2019;6;17;2;3;0;7;0;0;0;0;1;0;0;1;792185,834;5827306,159;13,307;52,51737
20810;196460;11;1;1033102;2019;6;9;3;3;5;3;0;0;1;0;0;0;0;0;797683,2879;5831306,969;13,39136;52,55026
20811;196461;11;6;6020409;2019;6;9;2;3;5;2;0;0;1;0;0;0;0;0;793275,0325;5816908,498;13,31387;52,42358
20812;196462;11;2;2010101;2019;6;9;3;3;3;6;0;1;0;0;1;0;0;0;797616,3747;5826425,903;13,38601;52,50655
20813;196463;11;5;5020522;2019;6;9;2;3;5;3;0;0;1;0;0;0;0;0;781904,26;5827178,518;13,15578;52,52164
20814;196464;11;11;11041128;2019;6;9;2;3;6;4;0;0;0;1;1;0;0;0;805232,3594;5826135,383;13,49761;52,49973
20815;196465;11;1;1044101;2019;6;16;3;3;2;6;0;0;1;0;1;0;0;0;793878,4651;5830057,743;13,33431;52,54113
20816;196466;11;1;1044102;2019;6;9;2;2;5;2;0;1;1;0;0;0;0;0;794911,45;5832042,045;13,35126;52,55836
20817;196467;11;12;12302212;2019;6;9;3;3;5;2;0;1;1;0;0;0;0;0;792598,2661;5837379,876;13,32195;52,60746
20818;196468;11;11;11040926;2019;6;9;2;3;5;3;0;0;1;0;1;0;0;0;804959,755;5826465,777;13,49391;52,50285
20819;196469;11;11;11020513;2019;6;16;3;3;3;6;0;0;1;0;0;1;0;0;803188,2372;5830342,353;13,47143;52,53858
20820;196470;11;9;9051901;2019;6;8;2;2;5;2;0;1;1;0;0;0;0;0;811159,9841;5821574,045;13,5804;52,45551
20821;196471;11;10;10040830;2019;6;16;3;3;5;3;0;1;1;0;0;0;0;0;810980,5632;5824874,626;13,58084;52,48519
20822;196472;11;9;9020501;2019;6;8;2;3;0;6;0;1;0;0;0;1;0;0;806246,7166;5822191,783;13,50889;52,46382
20823;196473;11;7;7050501;2019;6;8;2;3;2;6;0;0;1;0;0;0;0;0;798047,9285;5819470,125;13,38613;52,44396
20824;196474;11;1;1022104;2019;6;9;3;3;2;6;0;0;1;0;0;0;0;0;794542,3316;5829091,053;13,34321;52,5321
20825;196475;11;1;1011306;2019;6;16;3;3;3;6;0;1;1;0;0;0;0;0;800057,9585;5826900,76;13,42231;52,50946
20826;196476;11;10;10030724;2019;6;8;2;3;5;2;0;0;1;0;0;0;0;0;809645,771;5829689,142;13,56573;52,5291
20827;196477;11;4;4030620;2019;6;18;2;3;2;6;0;0;1;0;0;0;1;0;791926,9483;5827422,397;13,3033;52,51855
20828;196478;11;2;2010101;2019;6;9;3;3;5;2;0;1;1;0;0;0;0;0;797226,4179;5826349,09;13,38021;52,50607
20829;196479;11;4;4031032;2019;6;9;1;3;5;2;0;1;1;0;0;0;0;0;791635,0307;5824511,708;13,29646;52,49262
20830;196480;11;9;9041501;2019;6;16;3;3;1;5;0;1;1;0;0;0;1;0;811301,9172;5820201,614;13,5812;52,44313
20831;196481;11;11;11051331;2019;6;0;1;3;5;3;2;0;1;0;0;0;0;0;807547,6965;5824813,491;13,53039;52,48659
20832;196482;11;5;5030730;2019;6;1;1;2;0;1;2;0;1;0;1;0;0;0;786899,221;5830076,968;13,2317;52,54502
20833;196483;11;1;1011102;2019;6;8;3;3;5;3;0;0;1;0;1;0;0;0;795051,5033;5827187,049;13,34901;52,51476
20834;196484;11;1;1044202;2019;6;9;1;3;2;6;0;0;1;0;0;0;1;0;795059,2596;5830339,12;13,35192;52,54301
20835;196485;11;12;12231101;2019;6;9;1;3;5;3;0;0;1;0;0;0;0;0;791190,4184;5837723,563;13,30152;52,61129
20836;196486;11;2;2010103;2019;6;8;3;3;5;2;0;1;0;0;0;0;1;0;799328,0174;5826226,817;13,41098;52,50382
20837;196487;11;9;9020701;2019;6;11;1;3;0;2;0;0;1;0;1;0;0;0;807686,343;5819179,038;13,52723;52,43601
20838;196488;11;8;8010301;2019;6;22;1;3;1;5;1;1;1;0;0;0;0;0;801648,5582;5824159,047;13,44319;52,48401
20839;196489;11;5;5010314;2019;6;7;3;3;3;6;0;0;1;0;1;0;0;0;784791,2496;5828848,614;13,19964;52,53511
20840;196490;11;1;1011401;2019;6;21;1;2;5;3;1;0;1;0;1;0;0;0;797703,9044;5829237,567;13,38981;52,5317
20841;196491;11;1;1022106;2019;6;8;3;3;5;2;0;1;1;0;0;0;0;0;793687,6773;5828003,362;13,32969;52,52282
20842;196492;11;1;1044101;2019;6;21;1;3;1;5;1;1;1;0;0;0;1;0;793826,042;5830715,717;13,33412;52,54706
20843;196493;11;5;5030730;2019;6;6;3;3;2;2;0;0;1;0;1;0;0;0;786617,0512;5829251,101;13,22684;52,53777
20844;196494;11;1;1011301;2019;6;20;1;2;2;6;0;0;1;0;1;0;0;0;797156,331;5829196,916;13,38173;52,53164
20845;196495;11;1;1033201;2019;6;8;3;3;5;2;0;0;1;0;0;0;1;0;797699,0669;5830682,026;13,39104;52,54465
20846;196496;11;10;10030724;2019;6;19;1;3;5;7;0;1;1;0;0;0;0;0;809029,6722;5828440,77;13,55551;52,51826
20847;196497;11;10;10040933;2019;6;19;1;3;5;3;0;0;1;0;1;0;0;0;812399,4366;5824300,614;13,60113;52,47924
20848;196498;11;9;9041301;2019;6;7;3;3;5;3;0;1;1;0;0;0;0;0;811766,9243;5818272,864;13,58622;52,42558
20849;196499;11;12;12301203;2019;6;7;3;3;5;2;0;0;1;0;1;0;0;0;793420,353;5836088,487;13,33291;52,59544
20850;196500;11;7;7020204;2019;6;17;1;3;1;5;0;1;1;0;0;0;0;0;796303,0781;5824279,819;13,36481;52,48802
20851;196501;11;7;7040401;2019;6;17;1;3;1;5;0;1;1;0;0;0;0;0;797207,536;5822598,731;13,37659;52,47246
20852;196502;11;3;3030711;2019;6;7;3;3;5;2;0;1;1;0;0;0;0;0;801604,5702;5836127,615;13,45341;52,59131
20853;196503;11;8;8010214;2019;6;17;1;3;0;6;0;0;1;0;1;0;0;0;801744,1602;5822065,453;13,4427;52,46519
20854;196504;11;5;5010310;2019;6;6;3;3;5;3;0;1;1;0;0;0;0;0;784584,5525;5830691,056;13,19818;52,55174
20855;196505;11;6;6040809;2019;6;14;1;3;5;3;0;0;1;0;0;0;0;0;791141,2356;5819257,726;13,28462;52,44578
20856;196506;11;1;1011201;2019;6;14;2;3;6;4;0;0;1;1;0;0;0;0;796978,8241;5827022,72;13,37718;52,51224
20857;196507;11;3;3020209;2019;6;14;1;3;5;2;0;0;1;0;0;0;0;0;797770,2066;5835761,244;13,39664;52,59014
20858;196508;11;1;1011302;2019;6;17;2;3;5;7;0;0;1;0;0;0;0;0;798432,9003;5829046,054;13,40036;52,52959
20859;196509;11;9;9010101;2019;6;14;1;3;2;7;0;1;1;0;0;0;0;0;802292,3094;5825488,591;13,45385;52,49557
20860;196510;11;6;6040703;2019;6;14;1;3;5;3;0;1;1;0;0;0;0;0;785886,5933;5817772,064;13,20625;52,43523
20861;196511;11;4;4020313;2019;6;12;2;3;5;2;0;0;1;0;1;0;0;0;790646,8038;5826703,353;13,28386;52,51279
20862;196512;11;5;5020416;2019;7;19;5;3;6;6;0;0;1;1;0;0;0;0;781052,8685;5829607,482;13,14532;52,54386
20863;196513;11;2;2020204;2019;7;19;5;2;5;2;0;1;1;0;0;0;0;0;798697,5747;5824672,444;13,40032;52,49024
20864;196514;11;1;1044101;2019;7;18;5;3;6;7;0;1;0;1;0;0;0;0;794529,1173;5831556,882;13,3452;52,55422
20865;196515;11;1;1011201;2019;7;17;5;2;5;2;0;0;1;0;1;0;0;0;797014,18;5826726,159;13,37743;52,50956
20866;196516;11;9;9051702;2019;7;17;5;2;5;3;0;1;1;0;0;0;0;0;814606,3219;5821936,317;13,63129;52,45678
20867;196517;11;8;8010118;2019;7;17;5;3;5;2;0;0;1;0;0;0;0;0;801004,9172;5822159,522;13,43193;52,46645
20868;196518;11;2;2030302;2019;7;17;5;3;5;2;0;1;1;0;0;0;0;0;801431,1335;5826069,115;13,44172;52,50125
20869;196519;11;1;1011302;2019;7;16;5;2;0;4;0;1;0;1;0;0;0;0;798204,9621;5828918,517;13,39689;52,52857
20870;196520;11;4;4051551;2019;7;15;5;3;0;7;0;0;0;0;1;0;1;1;793319,9969;5823569,565;13,32038;52,48327
20871;196521;11;5;5020625;2019;7;16;5;2;6;4;0;0;1;1;0;0;0;0;784468,4291;5828145,473;13,1943;52,52898
20872;196522;11;3;3010102;2019;7;16;5;2;5;3;0;1;1;0;0;0;0;0;804507,7048;5841274,482;13,50087;52,63582
20873;196523;11;8;8020619;2019;7;14;5;2;5;3;0;0;1;0;1;0;0;0;802812,2565;5820793,171;13,45722;52,4532
20874;196524;11;10;10030727;2019;7;13;5;3;1;5;0;1;1;0;0;0;0;0;809296,2736;5826661,709;13,55778;52,50216
20875;196525;11;2;2050802;2019;7;13;5;3;1;5;0;0;1;0;1;0;1;0;802266,6017;5826861,362;13,45471;52,50789
20876;196526;11;4;4030726;2019;7;13;5;2;6;4;0;0;1;1;0;0;0;0;791950,2519;5825252,124;13,30174;52,49908
20877;196527;11;9;9020701;2019;7;12;5;3;5;3;0;0;0;0;0;1;1;0;808641,7035;5819167,114;13,54123;52,43537
20878;196528;11;8;8020622;2019;7;9;5;3;2;6;0;0;1;0;0;0;0;0;802250,6569;5819588,73;13,44789;52,44272
20879;196529;11;2;2040701;2019;7;8;5;2;5;3;0;1;1;0;0;0;0;0;800294,3344;5827628,217;13,42643;52,51585
20880;196530;11;1;1044201;2019;7;7;5;3;6;4;0;0;0;1;0;1;0;0;796677,3951;5831904,39;13,37711;52,55617
20881;196531;11;1;1011306;2019;7;7;5;3;5;2;0;1;1;0;0;0;0;0;800020,2375;5826468,064;13,42136;52,50561
20882;196532;11;4;4031032;2019;7;7;5;3;5;3;0;1;1;0;0;0;0;0;791180,4039;5824998,36;13,29021;52,49722
20883;196533;11;5;5020523;2019;7;7;5;3;2;6;0;0;1;0;0;0;0;0;782859,4086;5826898,866;13,16958;52,51864
20884;196534;11;1;1011202;2019;7;7;5;3;3;6;0;1;1;0;0;0;0;0;797934,0859;5827934,106;13,39203;52,51989
20885;196535;11;11;11030720;2019;7;1;5;3;6;4;2;0;1;1;0;0;0;0;805194,9684;5829080,317;13,49976;52,52615
20886;196536;11;4;4030623;2019;7;9;4;3;6;7;0;1;0;0;0;0;1;0;793700,1306;5826365,047;13,32842;52,50812
20887;196537;11;3;3071537;2019;7;22;4;3;0;3;2;0;1;0;1;0;0;0;799358,4667;5829198,784;13,4141;52,53045
20888;196538;11;3;3010101;2019;7;20;4;3;6;7;0;1;0;1;0;0;0;0;803951,168;5841333,789;13,49272;52,63667
20889;196539;11;2;2030401;2019;7;19;4;2;5;3;0;1;1;0;0;0;0;0;800771,8041;5825611,272;13,43163;52,49751
20890;196540;11;1;1011204;2019;7;17;4;3;5;2;0;1;1;0;0;0;0;0;798770,3467;5827484,833;13,40391;52,51541
20891;196541;11;1;1011305;2019;7;17;4;3;5;2;0;1;1;0;0;0;0;0;799646,4127;5827049,332;13,41639;52,51102
20892;196542;11;6;6040701;2019;7;16;4;3;9;1;0;0;1;0;0;0;0;0;784216,3624;5816204,38;13,18041;52,42204
20893;196543;11;8;8020619;2019;7;16;4;3;1;1;0;0;1;0;1;0;0;0;801612,0852;5821692,496;13,44042;52,46192
20894;196544;11;2;2040701;2019;7;16;4;3;3;6;0;1;1;0;0;0;0;0;800639,7013;5827357,64;13,43126;52,51324
20895;196545;11;4;4020209;2019;7;15;4;2;0;1;0;1;0;0;0;0;0;0;789228,0211;5824032,093;13,26069;52,4896
20896;196546;11;10;10010308;2019;7;14;4;3;5;2;0;1;0;0;0;0;1;0;806629,2438;5830238,623;13,52191;52,53573
20897;196547;11;5;5010206;2019;7;23;4;2;7;7;2;0;0;0;0;0;1;0;781976,5014;5830602,308;13,15974;52,5523
20898;196548;11;7;7040405;2019;7;22;4;3;0;3;2;0;1;0;0;0;1;0;798279,5596;5820992,99;13,39089;52,45748
20899;196549;11;4;4030929;2019;7;20;4;3;1;5;0;0;1;0;0;0;1;0;792325,3987;5825514,588;13,30748;52,50124
20900;196550;11;1;1022104;2019;7;13;4;3;1;7;0;0;1;0;1;0;0;0;794213,9265;5828585,722;13,33794;52,52775