;OBJECTID;LAND;BEZ;LOR;UJAHR;UMONAT;USTUNDE;UWOCHENTAG;UKATEGORIE;UART;UTYP1;ULICHTVERH;IstRad;IstPKW;IstFuss;IstKrad;IstGkfz;IstSonstige;USTRZUSTAND;LINREFX;LINREFY;XGCSWGS84;YGCSWGS84
20901;196551;11;8;8030831;2019;7;13;4;3;0;2;0;0;0;0;1;0;1;0;804137,9434;5817801,69;13,47395;52,42565
20902;196552;11;9;9041601;2019;7;9;4;3;2;6;0;1;0;0;0;0;0;0;819343,831;5818461,071;13,69746;52,4229
20903;196553;11;7;7040405;2019;7;12;4;3;5;7;0;0;1;0;1;0;0;0;798480,5521;5820974,851;13,39383;52,45721
20904;196554;11;2;2010103;2019;7;11;4;3;2;6;0;0;1;0;0;0;0;0;799832,5564;5825751,192;13,41796;52,49928
20905;196555;11;4;4030931;2019;7;11;4;3;5;5;0;1;1;0;0;0;0;0;793913,867;5825509,13;13,33081;52,50033
20906;196556;11;1;1011201;2019;7;10;4;3;5;2;0;1;1;0;0;0;0;0;797304,0478;5827235,514;13,38215;52,51397
20907;196557;11;1;1033102;2019;7;7;4;3;1;5;0;1;1;0;0;0;0;0;797087,4865;5831427,362;13,38271;52,55167
20908;196558;11;2;2010101;2019;7;9;4;3;6;7;0;1;0;1;0;0;0;0;797213,8106;5826363,235;13,38004;52,5062
20909;196559;11;1;1033203;2019;7;9;4;3;5;3;0;1;0;0;0;1;0;0;796934,9393;5830171,942;13,37935;52,5405
20910;196560;11;9;9010202;2019;7;9;4;3;0;1;0;1;0;0;0;0;0;0;804146,0077;5822931,722;13,47873;52,47163
20911;196561;11;5;5010103;2019;7;9;4;3;0;3;0;0;1;0;1;0;0;0;784733,0857;5831859,369;13,20137;52,56214
20912;196562;11;12;12103219;2019;7;16;4;3;9;1;0;0;1;0;0;0;0;0;795662,2396;5832966,598;13,36312;52,56624
20913;196563;11;11;11020514;2019;7;9;4;3;5;2;0;1;1;0;0;0;0;0;804149,5249;5830425,119;13,48563;52,53879
20914;196564;11;12;12103220;2019;7;15;4;2;1;7;0;0;1;0;0;0;1;0;794130,688;5833595,52;13,34115;52,57271
20915;196565;11;4;4030726;2019;7;15;4;3;0;1;0;0;0;0;1;0;0;0;792085,2567;5825779,57;13,30418;52,50374
20916;196566;11;11;11030721;2019;7;15;4;3;1;5;0;1;1;0;0;0;0;0;804218,087;5828419,924;13,4848;52,52078
20917;196567;11;10;10010206;2019;7;15;4;2;5;2;0;0;0;0;1;0;1;0;810012,8894;5832313,045;13,57357;52,5524
20918;196568;11;5;5010207;2019;7;15;4;3;0;2;0;1;1;0;0;0;0;0;783579,2577;5830206,824;13,18298;52,54792
20919;196569;11;4;4030930;2019;7;14;4;3;2;7;0;0;1;0;0;0;0;0;793010,2666;5825555,513;13,31758;52,50124
20920;196570;11;4;4030931;2019;7;14;4;3;5;2;0;1;1;0;0;0;0;0;793918,8992;5825642,459;13,331;52,50153
20921;196571;11;9;9030901;2019;7;8;4;3;5;2;0;1;1;0;0;0;0;0;807684,3758;5817719,645;13,52586;52,42293
20922;196572;11;3;3020307;2019;7;7;4;3;0;1;0;1;0;0;0;0;0;0;800084,5108;5837521,357;13,4323;52,60464
20923;196573;11;9;9020701;2019;7;7;4;3;5;3;0;1;0;0;1;0;0;0;808503,4308;5818725,839;13,5388;52,43149
20924;196574;11;4;5030832;2019;7;0;4;3;7;7;2;0;1;0;0;0;0;0;789433,4678;5830626,72;13,26944;52,54861
20925;196575;11;6;6030504;2019;7;14;4;3;5;3;0;1;1;0;0;0;0;0;790189,1772;5815243,828;13,26717;52,4103
20926;196576;11;7;7040404;2019;7;14;4;2;2;6;0;0;1;0;0;0;1;0;796473,968;5819817,563;13,36335;52,44793
20927;196577;11;9;9010302;2019;7;13;4;3;4;6;0;0;1;0;0;0;0;0;803795,083;5821086,965;13,4719;52,45529
20928;196578;11;2;2040503;2019;7;15;4;3;3;6;0;1;1;0;0;0;0;0;801457,0986;5828047,338;13,4439;52,51897
20929;196579;11;1;1011301;2019;7;13;4;3;1;5;0;1;1;0;0;0;0;0;797041,1687;5828391,83;13,37932;52,52448
20930;196580;11;4;4030827;2019;7;13;4;3;5;7;0;1;1;0;0;0;0;0;792219,4072;5826491,161;13,30678;52,51005
20931;196581;11;4;4030827;2019;7;12;4;3;3;6;0;1;1;0;0;0;0;0;792727,8354;5826153,624;13,31395;52,50675
20932;196582;11;1;1033201;2019;7;19;3;3;0;6;0;0;1;0;1;0;0;0;798081,0325;5830001,803;13,39604;52,53834
20933;196583;11;8;8010404;2019;7;13;3;3;0;6;0;0;1;0;0;0;1;0;802140,0243;5822692,274;13,44908;52,47059
20934;196584;11;4;4051446;2019;7;8;3;3;0;7;0;1;0;0;0;0;0;1;792813,0537;5824367,052;13,31363;52,49069
20935;196585;11;11;11051331;2019;7;19;3;3;5;3;0;1;0;0;0;0;1;0;807974,2171;5823866,32;13,53578;52,47786
20936;196586;11;7;7010102;2019;7;22;3;3;0;7;2;0;0;0;1;0;0;0;795926,5481;5825376,805;13,36025;52,49806
20937;196587;11;4;4030623;2019;7;15;3;3;5;3;0;1;1;0;0;0;0;0;792901,3879;5826967,897;13,31722;52,51396
20938;196588;11;3;3061126;2019;7;15;3;3;2;6;0;0;1;0;1;0;0;0;799192,1965;5831774,975;13,41397;52,55363
20939;196589;11;9;9030901;2019;7;14;3;3;5;2;0;0;1;0;0;0;1;0;807790,9388;5817234,083;13,52698;52,41852
20940;196590;11;1;1011105;2019;7;16;3;3;2;2;0;0;1;0;0;0;0;0;796582,875;5826871,072;13,37123;52,5111
20941;196591;11;7;7010102;2019;7;14;3;2;5;7;0;0;1;0;1;0;0;0;795484,7982;5825579,028;13,35395;52,50011
20942;196592;11;4;4051448;2019;7;14;3;3;6;7;0;1;0;1;0;0;0;0;793786,8387;5825471,707;13,32891;52,50007
20943;196593;11;2;2020204;2019;7;22;3;3;2;6;2;0;1;0;1;0;0;0;799043,2528;5825050,903;13,40574;52,49344
20944;196594;11;4;4030724;2019;7;21;3;3;5;2;0;0;1;0;1;0;0;0;791026,2155;5826041,636;13,28885;52,50666
20945;196595;11;5;5010207;2019;7;20;3;3;2;6;1;0;1;0;0;0;0;0;783692,6209;5830033,716;13,1845;52,54631
20946;196596;11;1;1033101;2019;7;13;3;2;5;7;0;0;1;0;1;0;0;0;796261,7769;5832173,799;13,37123;52,55881
20947;196597;11;4;4051448;2019;7;12;3;3;2;6;0;0;1;0;1;0;0;0;794133,687;5825463,783;13,334;52,49981
20948;196598;11;1;1011301;2019;7;19;3;3;3;6;0;1;0;1;0;0;1;0;797375,4716;5828942,172;13,38472;52,52923
20949;196599;11;6;6040703;2019;7;18;3;3;5;3;0;1;1;0;0;0;0;0;785940,9215;5817242,414;13,20659;52,43045
20950;196600;11;7;7010104;2019;7;18;3;2;0;7;0;1;0;1;0;0;0;0;796554,6112;5824856,564;13,36902;52,49306
20951;196601;11;2;2040701;2019;7;12;3;3;6;4;0;1;0;1;0;0;0;0;801208,0931;5827484,466;13,43973;52,51406
20952;196602;11;2;2020206;2019;7;18;3;3;0;6;0;0;0;0;0;0;1;0;799786,0339;5824820,622;13,41644;52,49097
20953;196603;11;8;8020728;2019;7;17;3;3;0;3;0;1;1;0;0;0;0;0;802275,8121;5816644,396;13,4456;52,41631
20954;196604;11;9;9020601;2019;7;17;3;3;0;1;0;1;1;0;0;0;0;0;806478,4345;5821587,403;13,51173;52,45828
20955;196605;11;7;7040405;2019;7;17;3;3;2;6;0;0;1;0;1;0;0;0;798476,2166;5821921,287;13,39461;52,4657
20956;196606;11;6;6040807;2019;7;17;3;2;1;5;0;1;0;0;0;0;1;0;789956,3449;5819061,721;13,26707;52,44465
20957;196607;11;4;4041240;2019;7;17;3;3;5;3;0;1;1;0;0;0;0;0;790738,3293;5822655,659;13,28167;52,47645
20958;196608;11;11;11020514;2019;7;15;3;3;6;4;0;1;0;1;0;0;0;0;804348,3128;5830822,158;13,48892;52,54223
20959;196609;11;11;11051331;2019;7;10;3;3;5;3;0;0;1;0;0;0;0;0;807665,8299;5824538,78;13,53187;52,48406
20960;196610;11;2;2050803;2019;7;16;3;3;5;2;0;1;1;0;0;0;0;0;802037,559;5826153,006;13,45071;52,50167
20961;196611;11;8;8030829;2019;7;16;3;3;5;3;0;1;1;0;0;0;0;0;802968,2058;5818341,672;13,45728;52,43114
20962;196612;11;1;1033102;2019;7;16;3;3;1;5;0;1;1;0;0;0;0;0;798013,91;5831379,05;13,39629;52,55073
20963;196613;11;1;1044103;2019;7;16;3;3;5;3;0;1;1;0;0;0;0;0;794748,182;5830415,036;13,34741;52,54386
20964;196614;11;9;9020502;2019;7;15;3;3;5;2;0;0;1;0;0;0;1;0;809401,4666;5821504,76;13,55454;52,45589
20965;196615;11;11;11030721;2019;7;15;3;2;2;6;0;0;1;0;0;0;0;0;804605,9656;5827491,135;13,48965;52,51224
20966;196616;11;5;5010314;2019;7;15;3;3;6;4;0;0;1;1;0;0;0;0;784794,1179;5828779,66;13,19963;52,53449
20967;196617;11;7;7060604;2019;7;10;3;2;5;2;0;0;1;0;0;0;0;0;797613,9733;5815560,661;13,37629;52,40915
20968;196618;11;4;4051446;2019;7;10;3;3;5;2;0;1;1;0;0;0;0;0;792849,3247;5824354,897;13,31416;52,49056
20969;196619;11;8;8020625;2019;7;10;3;3;5;2;0;1;1;0;0;0;0;0;801385,4097;5819265,642;13,43491;52,4403
20970;196620;11;12;12103220;2019;7;7;4;2;2;6;0;1;1;0;0;0;0;0;794365,3097;5833745,401;13,34474;52,57392
20971;196621;11;1;1011104;2019;7;9;3;3;5;7;0;1;1;0;0;0;0;0;796261,974;5825958,406;13,3657;52,50309
20972;196622;11;7;7040403;2019;7;9;3;3;5;2;0;0;1;0;1;0;0;0;797845,401;5822205,329;13,3856;52,46859
20973;196623;11;4;4041137;2019;7;16;4;3;6;4;0;0;1;1;0;0;0;0;791449,8971;5824359,279;13,29361;52,49135
20974;196624;11;10;10030726;2019;7;7;4;2;5;3;0;1;1;0;0;0;0;0;809546,6389;5827716,505;13,56244;52,51147
20975;196625;11;9;9010401;2019;7;6;3;3;5;2;0;0;1;0;0;0;0;0;806212,3325;5820262,215;13,50661;52,44655
20976;196626;11;1;1044201;2019;7;6;3;3;2;2;0;0;1;0;0;0;0;0;795576,1503;5830791,659;13,35992;52,54679
20977;196627;11;4;4030929;2019;7;16;4;3;2;6;0;0;1;0;0;0;0;0;792572,2517;5825446,294;13,31105;52,50049
20978;196628;11;12;12214126;2019;7;6;3;3;5;3;0;1;1;0;0;0;0;0;790795,4894;5834062,953;13,29249;52,57869
20979;196629;11;4;4030623;2019;7;18;4;3;5;3;0;0;1;0;0;0;0;0;793162,5557;5826882,531;13,32098;52,51305
20980;196630;11;1;1044103;2019;7;4;3;2;5;3;1;0;1;0;0;0;0;0;794493,3483;5830684,018;13,3439;52,54641
20981;196631;11;10;11020516;2019;7;1;3;3;5;2;2;0;1;0;0;0;1;0;806320,389;5830210,046;13,51734;52,53564
20982;196632;11;6;6010102;2019;7;16;4;3;6;4;0;0;1;1;0;0;0;0;793406,1999;5820902,203;13,3193;52,45931
20983;196633;11;8;8020625;2019;7;0;3;2;6;4;2;0;1;1;0;0;0;0;801425,0982;5818738,67;13,43501;52,43555
20984;196634;11;8;8010117;2019;7;15;4;2;5;2;0;1;1;0;0;0;0;0;800175,464;5823650,664;13,4211;52,48027
20985;196635;11;7;7030301;2019;7;6;3;3;5;3;0;0;0;0;0;0;1;0;794238,3016;5822030,514;13,3325;52,46898
20986;196636;11;6;6030504;2019;7;8;4;3;0;1;0;0;0;0;1;0;0;0;790379,6579;5815129,967;13,26986;52,40917
20987;196637;11;4;4020310;2019;7;9;4;3;2;6;0;0;1;0;0;0;0;0;790158,365;5827328,973;13,27723;52,51866
20988;196638;11;1;1011204;2019;7;15;2;3;6;4;0;1;0;1;0;0;0;0;797836,5496;5826975,183;13,38974;52,51135
20989;196639;11;7;7040405;2019;7;18;2;3;0;7;0;1;1;0;0;0;0;0;797948,9167;5821417,282;13,38642;52,46147
20990;196640;11;12;12302108;2019;7;0;4;2;0;1;2;0;1;0;0;0;0;0;794770,9335;5836686,181;13,35332;52,60007
20991;196641;11;4;4030931;2019;7;11;2;3;5;3;0;0;0;0;1;1;0;0;794468,8663;5825860,374;13,33927;52,50318
20992;196642;11;1;1044201;2019;7;0;4;3;5;2;2;0;0;0;0;0;1;0;796704,6996;5831929,935;13,37753;52,55638
20993;196643;11;8;8020727;2019;7;15;2;3;6;4;0;0;1;1;0;0;0;0;801547,6678;5817370,597;13,43558;52,42322
20994;196644;11;1;1033203;2019;7;19;4;3;6;4;0;1;0;1;0;0;0;0;796558,8264;5830997,568;13,37455;52,5481
20995;196645;11;7;7030303;2019;7;21;2;3;0;1;0;0;0;0;1;0;0;0;795888,8033;5820842,605;13,35568;52,45744
20996;196646;11;1;1022106;2019;7;8;4;3;6;7;0;0;1;1;0;0;0;0;794116,201;5827798,204;13,3358;52,52075
20997;196647;11;2;2040703;2019;7;19;2;2;5;2;0;1;1;0;0;0;0;0;801753,6763;5826263,57;13,44664;52,50282
20998;196648;11;4;4030519;2019;7;19;2;2;5;2;0;0;1;0;0;0;0;0;792084,4616;5827960,644;13,30609;52,52329
20999;196649;11;4;4030827;2019;7;17;4;1;2;2;0;1;1;0;0;0;0;0;792405,9224;5826526,158;13,30955;52,51026
21000;196650;11;11;11020515;2019;7;22;3;3;0;1;2;1;0;0;0;0;0;0;803372,6562;5830090,726;13,47391;52,53622
21001;196651;11;3;3040818;2019;7;19;2;3;4;2;0;1;1;0;0;0;0;0;798839,9365;5832388,229;13,40935;52,55932
21002;196652;11;9;9010402;2019;7;14;3;3;0;1;0;1;0;0;0;0;0;0;806321,4359;5819658,861;13,50766;52,44108
21003;196653;11;6;6010205;2019;7;18;2;2;2;7;0;0;1;0;1;0;1;0;795861,1267;5819280,724;13,35389;52,44345
21004;196654;11;8;8020622;2019;7;18;3;3;5;2;0;1;1;0;0;0;0;0;801318,6532;5819557,922;13,43419;52,44295
21005;196655;11;1;1011102;2019;7;17;2;3;0;1;0;0;0;0;1;0;0;0;795305,5948;5827367,065;13,3529;52,51624
21006;196656;11;11;11020514;2019;7;17;3;3;5;2;0;0;1;0;0;0;0;0;804697,8504;5831161,348;13,49437;52,54508
21007;196657;11;7;7060603;2019;7;16;2;2;0;1;0;0;0;0;0;0;1;0;798097,5989;5817032,377;13,38469;52,42208
21008;196658;11;1;1044201;2019;7;16;2;3;2;6;0;0;1;0;0;0;0;0;797114,7696;5831888,559;13,38352;52,55579
21009;196659;11;4;4030931;2019;7;17;3;2;5;7;0;0;1;0;1;0;0;0;793924,7211;5825797,952;13,33122;52,50292
21010;196660;11;1;1033102;2019;7;12;2;3;5;7;0;0;1;0;0;1;0;0;797079,089;5831451,199;13,38261;52,55188
21011;196661;11;2;2030301;2019;7;17;3;3;1;5;0;1;1;0;0;0;0;0;799849,625;5826001,43;13,41843;52,50152
21012;196662;11;6;6010101;2019;7;11;2;3;5;3;0;1;1;0;0;0;0;0;793380,3253;5820364,996;13,31844;52,45451
21013;196663;11;5;5020626;2019;7;17;3;3;1;5;0;1;1;0;0;0;0;0;784728,5925;5827275,497;13,19738;52,52104
21014;196664;11;2;2010103;2019;7;12;2;3;5;7;0;0;1;0;1;0;0;0;799377,7305;5826178,606;13,41166;52,50336
21015;196665;11;4;4030518;2019;7;15;3;2;1;1;0;0;1;1;0;0;0;0;791632,3358;5828622,505;13,30002;52,52947
21016;196666;11;5;5030730;2019;7;10;2;3;5;2;0;0;1;0;0;0;0;0;786432,1594;5831178,154;13,22578;52,55514
21017;196667;11;11;11041128;2019;7;10;2;2;5;2;0;1;0;0;0;0;1;0;806032,4971;5825652,903;13,50892;52,49496
21018;196668;11;6;6040703;2019;7;14;3;3;5;3;0;1;0;0;0;1;0;0;784846,0772;5817638,602;13,19087;52,43458
21019;196669;11;5;5010312;2019;7;14;3;3;0;3;0;0;1;0;1;0;0;0;785221,5109;5830572;13,20745;52,55034
21020;196670;11;12;12214424;2019;7;11;2;3;0;1;0;0;0;0;1;0;0;0;793562,4894;5832368,644;13,3317;52,56202
21021;196671;11;8;8010301;2019;7;16;2;3;1;5;0;1;1;0;0;0;0;0;801602,1664;5824093,763;13,44245;52,48345
21022;196672;11;4;4020312;2019;7;11;3;3;5;3;0;1;1;0;0;0;0;0;789629,9728;5827415,727;13,26954;52,51972
21023;196673;11;1;1011304;2019;7;9;2;2;5;3;0;1;1;0;0;0;0;0;799718,8372;5827562,517;13,41792;52,51558
21024;196674;11;12;12304313;2019;7;15;2;2;5;2;0;0;1;0;1;0;0;0;792400,6191;5835221,185;13,31713;52,58821
21025;196675;11;12;12302110;2019;7;11;3;3;2;6;0;0;1;0;0;0;0;0;795004,6071;5836325,206;13,35644;52,5967
21026;196676;11;1;1011306;2019;7;11;3;2;5;2;0;0;1;0;1;0;0;0;800028,8363;5827069,465;13,42203;52,51099
21027;196677;11;4;4041343;2019;7;8;2;3;1;5;0;1;0;0;0;0;1;0;792636,4281;5822775,056;13,30964;52,47651
21028;196678;11;6;6020409;2019;7;11;3;3;2;6;0;0;1;0;0;0;0;0;793233,7094;5816839,586;13,3132;52,42298
21029;196679;11;4;4010101;2019;7;7;2;3;5;3;0;0;1;0;0;0;0;0;791297,6861;5830670,856;13,2969;52,54801
21030;196680;11;1;1011402;2019;7;10;3;3;2;6;0;0;1;0;0;0;0;0;798164,6838;5829835,835;13,39712;52,53681
21031;196681;11;9;9020601;2019;7;6;2;3;5;2;0;0;1;0;0;0;0;0;805345,6734;5822386,477;13,49584;52,46607
21032;196682;11;1;1011301;2019;7;8;3;3;0;2;0;1;0;0;1;0;0;0;797418,3709;5828891,967;13,38531;52,52876
21033;196683;11;1;1011303;2019;7;6;2;3;5;2;0;0;1;0;0;0;0;0;799247,0224;5828469,039;13,4118;52,52397
21034;196684;11;5;5030730;2019;7;6;2;3;3;6;0;0;0;0;1;1;0;0;786046,8296;5829180,601;13,21839;52,53743
21035;196685;11;7;7070704;2019;7;8;3;2;5;3;0;1;1;0;0;0;0;0;800683,4432;5813934,666;13,41982;52,3929
21036;196686;11;9;9020501;2019;7;5;2;3;0;1;1;0;0;0;1;0;0;0;806343,1102;5822225,686;13,51033;52,46407
21037;196687;11;4;4010102;2019;7;6;3;3;5;2;1;0;1;0;0;0;0;0;793352,206;5829681,351;13,32624;52,53804
21038;196688;11;8;8010211;2019;7;2;2;3;5;3;2;0;1;0;0;0;0;0;800445,5215;5823705,804;13,42512;52,48061
21039;196689;11;11;11051229;2019;7;22;3;3;2;6;2;0;1;0;0;0;0;0;803676,5883;5826244,023;13,47486;52,50158
21040;196690;11;4;4041344;2019;7;7;2;3;0;3;0;1;1;0;0;0;0;0;792892,4566;5822847,589;13,31346;52,47702
21041;196691;11;3;3050920;2019;7;22;3;3;5;2;2;0;1;0;0;0;0;0;802824,01;5832152,326;13,46772;52,555
21042;196692;11;4;4030931;2019;7;1;2;2;1;5;2;1;1;0;0;0;0;0;793793,8249;5825851,068;13,32935;52,50346
21043;196693;11;10;10010310;2019;7;14;2;2;1;1;0;0;1;0;0;1;0;0;809087,1982;5830371,553;13,55815;52,53553
21044;196694;11;4;4030929;2019;7;20;3;3;2;7;1;0;1;0;0;0;0;0;792669,2472;5825766,676;13,31275;52,50331
21045;196695;11;1;1044101;2019;7;19;3;3;2;6;0;0;1;0;1;0;0;0;794409,7891;5830555,465;13,34256;52,5453
21046;196696;11;9;9020802;2019;7;14;2;3;6;2;0;0;1;1;0;0;0;0;810693,701;5819447,697;13,57158;52,43672
21047;196697;11;1;1011102;2019;7;14;2;3;2;2;0;0;1;0;0;0;0;0;795419,9256;5827461,117;13,35466;52,51702
21048;196698;11;12;12214527;2019;7;19;3;3;6;2;0;0;1;1;0;0;0;0;790029,1234;5835374,084;13,28236;52,59085
21049;196699;11;8;8010510;2019;7;14;2;2;5;2;0;0;1;0;1;0;0;0;803341,2151;5822143,053;13,46621;52,46501
21050;196700;11;7;7010102;2019;7;19;3;2;5;2;0;1;1;0;0;0;0;0;795075,3785;5825803,539;13,34813;52,50235
21051;196701;11;4;4030417;2019;7;13;2;3;5;2;0;1;1;0;0;0;0;0;791183,6779;5826476,599;13,29155;52,51047
21052;196702;11;7;7060603;2019;7;13;2;3;2;6;0;0;1;0;0;0;0;0;798038,1881;5815811,258;13,38273;52,41117
21053;196703;11;3;3061228;2019;7;12;2;3;5;3;0;0;1;0;0;0;0;0;800324,1325;5831578,09;13,43044;52,55124
21054;196704;11;9;9010302;2019;7;19;3;3;2;6;0;0;1;0;0;0;0;0;803038,0085;5820914,664;13,46064;52,45416
21055;196705;11;4;4010102;2019;7;13;2;2;5;7;0;0;1;0;1;0;0;0;792672,4812;5830660,68;13,31711;52,54718
21056;196706;11;4;4041241;2019;7;12;2;3;2;6;0;0;1;0;0;0;0;0;791524,1807;5822504,025;13,29308;52,47468
21057;196707;11;10;10040830;2019;6;16;1;3;5;3;0;0;1;0;1;0;0;0;810780,1806;5824530,563;13,57758;52,48222
21058;196708;11;4;4030623;2019;6;3;1;2;0;7;2;1;0;0;0;0;0;0;793158,133;5827434,97;13,3214;52,51801
21059;196709;11;1;1022101;2019;7;12;2;3;6;4;0;0;1;1;0;0;0;0;793525,957;5829210,274;13,32838;52,53372
21060;196710;11;7;7020202;2019;6;1;1;3;1;1;2;0;1;0;0;0;1;0;794778,0893;5823180,565;13,34144;52,47899
21061;196711;11;2;2020206;2019;6;22;1;2;0;7;2;1;0;0;0;0;0;0;799601,1341;5824503,216;13,41344;52,48822
21062;196712;11;9;9051901;2019;7;11;2;3;0;1;0;0;0;0;1;0;0;1;810268,3673;5821460,143;13,56721;52,455
21063;196713;11;5;5040936;2019;6;20;1;3;1;5;0;0;1;0;1;0;0;0;779536,6596;5820269,882;13,11518;52,46091
21064;196714;11;2;2030301;2019;7;10;2;3;3;6;0;1;0;0;0;0;0;0;799955,6547;5825745,245;13,41976;52,49916
21065;196715;11;10;10020413;2019;6;19;1;3;5;2;0;1;1;0;0;0;0;0;811146,4761;5831554,512;13,58952;52,54496
21066;196716;11;9;9051702;2019;6;19;1;2;2;6;0;0;1;0;0;0;0;0;815064,5183;5820951,434;13,63708;52,4477
21067;196717;11;9;9041301;2019;7;9;2;3;5;3;0;1;1;0;0;0;0;0;811469,4916;5819215,162;13,58274;52,4342
21068;196718;11;8;8030830;2019;7;8;2;3;2;6;0;0;1;0;0;0;0;0;802330,9788;5817854,9;13,4475;52,42713
21069;196719;11;2;2010103;2019;6;19;1;3;5;2;0;1;1;0;0;0;0;0;798928,8119;5826354,028;13,40523;52,50518
21070;196720;11;3;3020307;2019;6;16;1;3;5;3;0;1;1;0;0;0;0;0;799820,3778;5839323,761;13,43004;52,62095
21071;196721;11;1;1011305;2019;7;8;2;3;1;5;0;1;1;0;0;0;0;0;799418,4389;5827294,228;13,41326;52,51334
21072;196722;11;8;8010404;2019;6;15;1;2;5;3;0;1;1;0;0;0;0;0;801850,273;5823048,387;13,44514;52,47395
21073;196723;11;1;1011305;2019;7;7;2;3;5;3;0;0;1;0;0;1;0;0;798905,8935;5826711,275;13,40521;52,5084
21074;196724;11;7;7050505;2019;6;14;1;2;6;7;0;0;1;1;0;0;0;0;798432,2784;5818434,752;13,39085;52,43447
21075;196725;11;8;8010213;2019;7;6;2;3;5;3;0;1;1;0;0;0;0;0;801443,2959;5822513,521;13,43869;52,46938
21076;196726;11;2;2030301;2019;6;14;1;3;5;2;0;0;1;0;1;0;0;0;799988,2835;5826203,908;13,42065;52,50326
21077;196727;11;12;12301203;2019;7;3;2;3;9;1;2;0;1;0;0;0;0;0;792360,1207;5834078,232;13,31552;52,57799
21078;196728;11;4;4030827;2019;6;9;1;3;1;5;0;1;1;0;0;0;0;0;792731,9769;5826231,614;13,31408;52,50745
21079;196729;11;5;5020625;2019;6;13;1;3;1;5;0;0;1;0;0;0;0;0;784581,6512;5828258,844;13,19606;52,52994
21080;196730;11;2;2010102;2019;7;18;2;3;6;4;0;1;0;1;0;0;0;0;798368,6026;5826331,871;13,39698;52,50529
21081;196731;11;7;7010104;2019;7;16;2;3;5;2;0;1;1;0;0;0;0;1;796154,7725;5824372,783;13,36271;52,48894
21082;196732;11;3;3051022;2019;6;12;1;3;5;2;0;0;1;0;0;0;0;0;803004,6317;5832010,457;13,47025;52,55363
21083;196733;11;12;12214527;2019;7;15;2;3;2;2;0;0;1;0;0;0;0;0;789911,1969;5835708,502;13,28091;52,59391
21084;196734;11;8;8030831;2019;6;12;1;3;5;7;0;1;1;0;0;0;0;0;803474,136;5817722,003;13,46414;52,42531
21085;196735;11;3;3040513;2019;7;15;2;3;5;2;0;1;1;0;0;0;0;0;796755,7147;5834013,366;13,38015;52,57503
21086;196736;11;2;2030301;2019;6;11;1;3;2;2;0;1;1;0;0;0;0;0;799900,5797;5825981,665;13,41917;52,50131
21087;196737;11;7;7030303;2019;7;14;2;2;3;6;0;0;1;0;0;0;1;1;795277,8482;5821864,862;13,34762;52,46693
21088;196738;11;3;3050923;2019;6;11;1;3;3;6;0;1;1;0;0;0;0;0;800658,303;5831907,518;13,43565;52,55401
21089;196739;11;8;8010211;2019;7;14;2;3;2;6;0;0;1;0;0;0;0;1;800354,7716;5824288,335;13,42431;52,48588
21090;196740;11;11;11020514;2019;6;10;1;3;5;3;0;0;1;0;0;1;0;0;804756,0021;5830828,474;13,49492;52,54206
21091;196741;11;10;10030724;2019;6;10;1;3;5;3;0;1;1;0;0;0;0;0;809009,1675;5828147,121;13,55494;52,51564
21092;196742;11;10;10040830;2019;7;14;2;3;5;2;0;1;1;0;0;0;0;0;810594,7828;5825410,463;13,57568;52,49021
21093;196743;11;4;4051445;2019;6;9;1;3;1;5;0;1;1;0;0;0;0;0;792654,1243;5824213,901;13,31117;52,4894
21094;196744;11;6;6010102;2019;7;14;2;3;2;5;0;0;0;0;1;0;1;1;793812,04;5820841,254;13,3252;52,45854
21095;196745;11;6;6030504;2019;6;8;1;2;0;1;0;1;0;0;0;0;0;0;790831,17;5817467,494;13,27851;52,42989
21096;196746;11;1;1044101;2019;6;11;7;3;5;5;0;1;1;0;0;0;0;0;794158,4919;5831550,748;13,33975;52,55436
21097;196747;11;7;7040403;2019;7;14;2;3;2;6;0;0;1;0;1;0;0;1;797713,5378;5820780,203;13,3824;52,45588
21098;196748;11;10;10010309;2019;6;2;7;3;5;3;2;0;1;0;0;0;0;0;808205,9278;5829234,058;13,54415;52,52583
21099;196749;11;9;9051901;2019;7;13;2;3;0;4;0;0;0;1;0;0;1;0;811026,3;5821821,717;13,57867;52,45781
21100;196750;11;6;6040807;2019;6;16;7;2;2;7;0;0;1;0;1;0;0;0;789701,5193;5818415,231;13,26277;52,43899
21101;196751;11;12;12214125;2019;7;13;2;3;3;6;0;0;1;0;0;0;0;0;791036,2005;5831136,572;13,29346;52,55233
21102;196752;11;2;2030302;2019;6;23;7;3;0;7;2;0;0;1;1;0;0;0;801501,19;5826062,753;13,44275;52,50116
21103;196753;11;1;1044202;2019;7;20;2;3;3;6;1;1;1;0;0;0;0;0;795561,2428;5830011,645;13,35901;52,53981
21104;196754;11;1;1033102;2019;6;22;7;3;5;2;2;0;1;0;0;0;0;0;797648,9525;5831852,019;13,39135;52,55517
21105;196755;11;8;8010117;2019;6;21;7;3;0;7;1;1;0;0;0;0;0;0;800543,0996;5823379,065;13,42626;52,47763
21106;196756;11;4;4030827;2019;7;19;2;3;5;2;0;0;1;0;0;0;0;0;792725,1291;5826103,911;13,31387;52,50631
21107;196757;11;8;8010508;2019;7;19;2;3;2;6;0;0;1;0;0;0;0;0;803431,0172;5822934,288;13,46824;52,47205
21108;196758;11;3;3061126;2019;6;21;7;3;5;2;1;1;0;0;0;0;1;0;798413,1376;5831835,748;13,40257;52,5546
21109;196759;11;8;8010118;2019;7;17;2;3;3;6;0;0;1;0;1;0;0;1;801122,5208;5821889,111;13,43342;52,46396
21110;196760;11;9;9051901;2019;6;19;7;3;3;6;0;0;1;0;1;0;0;0;812052,4731;5821236,096;13,59318;52,45197