;OBJECTID;LAND;BEZ;LOR;UJAHR;UMONAT;USTUNDE;UWOCHENTAG;UKATEGORIE;UART;UTYP1;ULICHTVERH;IstRad;IstPKW;IstFuss;IstKrad;IstGkfz;IstSonstige;USTRZUSTAND;LINREFX;LINREFY;XGCSWGS84;YGCSWGS84
21111;196761;11;2;2040701;2019;7;17;2;3;5;2;0;1;1;0;0;0;0;0;800606,8729;5827135,253;13,43058;52,51126
21112;196762;11;4;4041344;2019;6;19;7;2;5;2;0;1;1;0;0;0;0;0;793299,0246;5822853,377;13,31944;52,47686
21113;196763;11;1;1044201;2019;7;17;2;3;2;6;0;0;1;0;0;1;0;1;796940,69;5831934,764;13,38101;52,55629
21114;196764;11;4;4030929;2019;6;18;7;3;1;5;0;1;1;0;0;0;0;0;792301,5399;5825849,221;13,30742;52,50425
21115;196765;11;4;4031032;2019;6;18;7;3;5;2;0;1;1;0;0;0;0;0;791715,8339;5824838,279;13,29793;52,4955
21116;196766;11;12;12214125;2019;7;17;2;2;2;6;0;0;1;0;1;0;0;1;791089,7839;5834248,94;13,29698;52,5802
21117;196767;11;8;8041035;2019;6;18;7;3;0;2;0;1;1;0;0;0;0;0;804043,9623;5818546,518;13,47324;52,43238
21118;196768;11;3;3061435;2019;7;17;2;3;5;3;0;1;1;0;0;0;0;1;801757,5367;5829166,315;13,44933;52,52883
21119;196769;11;10;10020517;2019;6;18;7;3;5;2;0;0;1;0;0;0;0;0;812999,8623;5830221,46;13,61551;52,53195
21120;196770;11;9;9051901;2019;7;16;2;3;2;6;0;1;1;0;0;0;0;1;810656,6321;5821397,835;13,57285;52,45422
21121;196771;11;1;1011102;2019;6;17;7;3;0;1;0;0;0;0;0;0;1;0;796904,2531;5827633,855;13,37663;52,51776
21122;196772;11;3;3040614;2019;7;11;2;3;0;5;0;1;1;0;0;0;0;0;799738,6459;5834314,725;13,4243;52,57609
21123;196773;11;2;2020203;2019;6;15;7;2;6;2;0;0;1;1;0;0;0;0;797100,5698;5824292,882;13,37653;52,48771
21124;196774;11;8;8010508;2019;6;15;7;3;2;6;0;0;1;0;0;0;0;0;803213,1364;5822744,88;13,46487;52,47047
21125;196775;11;10;10020620;2019;7;15;2;3;6;4;0;0;1;1;0;0;0;0;811266,4246;5829672,22;13,58953;52,52802
21126;196776;11;10;10040829;2019;6;13;7;3;5;3;0;0;1;0;0;0;0;0;811879,0721;5827271,558;13,59628;52,50616
21127;196777;11;8;8020620;2019;7;16;2;3;2;6;0;0;1;0;0;0;0;1;801319,813;5820399,597;13,43497;52,4505
21128;196778;11;11;11020515;2019;6;12;7;2;5;7;0;0;1;0;1;0;0;0;803425,487;5830121;13,47471;52,53646
21129;196779;11;4;4030931;2019;7;18;2;3;1;7;0;1;1;0;0;0;0;0;794145,4318;5825846,71;13,33451;52,50324
21130;196780;11;8;8020619;2019;6;11;7;3;0;1;0;1;0;0;0;0;0;0;801246,5312;5821555,488;13,43493;52,4609
21131;196781;11;1;1022206;2019;7;22;1;3;6;4;1;0;1;1;0;0;0;0;796271,4394;5828338,323;13,36796;52,52442
21132;196782;11;3;3030715;2019;6;11;7;3;5;3;0;0;1;0;0;0;0;0;800942,4565;5833548,097;13,44132;52,56856
21133;196783;11;3;3030711;2019;6;11;7;2;5;2;0;1;1;0;0;0;0;0;801611,9859;5836123,765;13,45351;52,59127
21134;196784;11;1;1011303;2019;7;21;1;3;3;2;1;1;0;0;0;0;0;0;799248,351;5828469,191;13,41182;52,52397
21135;196785;11;1;1022104;2019;7;21;1;3;0;3;1;0;1;0;1;0;0;0;794201,232;5828859,367;13,33799;52,53021
21136;196786;11;4;4051549;2019;6;8;7;3;0;7;0;0;1;0;1;0;0;0;792760,5315;5824204,829;13,31272;52,48926
21137;196787;11;1;1011306;2019;6;7;7;3;5;2;0;1;1;0;0;0;0;0;799979,7407;5826934,649;13,42119;52,50981
21138;196788;11;1;1022206;2019;7;20;1;3;5;3;0;0;1;0;0;0;0;0;796229,7017;5828195,766;13,36722;52,52317
21139;196789;11;12;12231102;2019;6;7;7;3;4;6;0;0;1;0;0;0;0;0;790571,2448;5840566,436;13,2949;52,63711
21140;196790;11;4;4020310;2019;7;19;1;3;0;1;0;1;0;0;0;0;0;0;790580,4066;5827338,566;13,28344;52,51852
21141;196791;11;2;2030401;2019;6;1;7;3;5;3;2;0;1;0;0;0;0;0;800627,9797;5825679,485;13,42958;52,4982
21142;196792;11;2;2030301;2019;6;1;7;3;1;5;2;1;0;0;0;0;1;0;799843,0622;5825799,208;13,41816;52,49971
21143;196793;11;8;8030830;2019;7;17;1;3;5;2;0;0;1;0;0;0;0;0;802292,3146;5817835,171;13,44691;52,42697
21144;196794;11;7;7050503;2019;6;19;6;3;5;2;0;0;1;0;0;0;1;0;798706,1289;5819881,484;13,39616;52,44729
21145;196795;11;9;9020701;2019;6;19;6;3;5;2;0;0;1;0;0;0;0;0;808250,7191;5818800,828;13,53516;52,43231
21146;196796;11;5;5040936;2019;7;17;1;3;9;1;0;0;1;0;0;0;0;0;780637,3165;5821692,196;13,13253;52,4731
21147;196797;11;11;11051330;2019;6;14;6;3;6;4;0;0;1;1;0;0;0;0;807247,6831;5825496,587;13,52662;52,49288
21148;196798;11;12;12301206;2019;7;16;1;3;5;3;0;1;1;0;0;0;0;0;794740,7502;5838687,41;13,35466;52,61802
21149;196799;11;7;7010103;2019;7;13;1;3;6;4;0;1;0;1;0;0;0;0;795512,381;5824867,472;13,35372;52,49372
21150;196800;11;3;3071639;2019;6;6;6;3;5;7;0;0;1;0;0;0;1;0;800290,521;5829035,477;13,42765;52,52847
21151;196801;11;1;1022202;2019;7;12;1;3;5;2;0;0;1;0;0;0;0;0;795661,4035;5829740,156;13,36024;52,53732
21152;196802;11;1;1011302;2019;6;15;6;3;5;2;0;1;1;0;0;0;0;0;798680,829;5828662,061;13,40366;52,52601
21153;196803;11;4;4020209;2019;7;8;1;2;5;3;0;1;1;0;0;0;0;0;789237,8529;5825321,467;13,26195;52,50115
21154;196804;11;12;12214528;2019;6;20;6;3;9;1;0;0;1;0;0;0;0;0;787842,8368;5836262,58;13,25094;52,59998
21155;196805;11;3;3071536;2019;6;19;6;3;1;5;0;1;0;0;0;0;1;0;799072,3324;5830202,197;13,41079;52,5396
21156;196806;11;7;7070703;2019;7;5;1;3;5;3;0;0;1;0;0;0;1;0;799766,1506;5813974,903;13,40642;52,39376
21157;196807;11;8;8010404;2019;7;16;7;3;5;2;0;1;1;0;0;0;0;0;801756,5459;5822592,377;13,44336;52,46991
21158;196808;11;1;1044202;2019;6;18;6;3;5;2;0;1;1;0;0;0;0;0;794896,1033;5830252,689;13,34944;52,54233
21159;196809;11;4;4020313;2019;6;17;6;3;5;2;0;1;0;0;0;0;0;0;790479,6378;5826641,785;13,28135;52,51233
21160;196810;11;5;5020625;2019;7;23;7;3;6;4;2;0;1;1;0;0;0;1;784697,6458;5828614,104;13,19807;52,53306
21161;196811;11;5;5010312;2019;6;17;6;3;5;3;0;1;1;0;0;0;0;0;785253,1509;5829957,841;13,20739;52,54482
21162;196812;11;1;1011101;2019;7;23;7;3;5;2;2;0;1;0;0;0;0;0;794594,2404;5826083,261;13,34131;52,50511
21163;196813;11;3;3050923;2019;6;17;6;3;2;2;0;0;1;0;0;0;0;0;800324,457;5831637,07;13,4305;52,55177
21164;196814;11;1;1011402;2019;6;16;6;3;5;2;0;0;0;0;1;0;1;0;798822,0794;5829758,526;13,40672;52,53576
21165;196815;11;8;8041040;2019;7;23;7;2;0;1;2;0;0;0;1;0;0;1;807011,1319;5817448,658;13,51574;52,42088
21166;196816;11;1;1011105;2019;6;15;6;3;5;2;0;1;1;0;0;0;0;0;795757,7206;5826336,517;13,35863;52,50675
21167;196817;11;6;6020301;2019;6;16;6;3;5;2;0;0;1;0;1;0;0;0;795875,2965;5818157,812;13,3531;52,43338
21168;196818;11;1;1011301;2019;7;22;7;2;0;1;2;1;0;0;0;0;0;1;796682,4822;5828761,339;13,37437;52,52799
21169;196819;11;7;7030301;2019;6;14;6;3;1;5;0;1;1;0;0;0;0;0;794206,3047;5822834,676;13,33274;52,4762
21170;196820;11;1;1011401;2019;7;22;7;3;2;6;2;0;1;0;0;0;0;1;798476,0823;5829093,556;13,40103;52,52999
21171;196821;11;2;2040502;2019;6;13;6;3;5;2;0;1;1;0;0;0;0;0;800454,7594;5828446,586;13,42953;52,5231
21172;196822;11;12;12214527;2019;6;13;6;3;5;2;0;1;1;0;0;0;0;0;790134,1398;5835780,557;13,28426;52,59444
21173;196823;11;8;8010404;2019;7;20;7;3;0;1;2;0;1;0;0;0;0;1;802599,2619;5823079,12;13,45617;52,47381
21174;196824;11;7;7050502;2019;7;21;7;3;6;2;2;0;1;1;0;0;0;1;798194,1354;5818928,886;13,3878;52,43903
21175;196825;11;1;1033201;2019;6;12;6;3;5;2;0;1;1;0;0;0;0;0;798447,3453;5830182,449;13,40159;52,53976
21176;196826;11;2;2040701;2019;6;12;6;3;5;7;0;0;0;0;1;0;1;0;800527,2867;5826893,123;13,42919;52,50914
21177;196827;11;1;1011303;2019;7;20;7;3;5;3;1;1;1;0;0;0;0;1;799107,7148;5828312,713;13,40961;52,52264
21178;196828;11;1;1033102;2019;6;12;6;3;5;3;0;1;1;0;0;0;0;0;797712,969;5831816,403;13,39226;52,55481
21179;196829;11;1;1011201;2019;7;20;7;3;0;2;0;1;1;0;0;0;0;1;796974,6142;5826705,66;13,37683;52,5094
21180;196830;11;2;2010102;2019;6;11;6;3;5;2;0;1;1;0;0;0;0;0;797968,3589;5826183,735;13,39097;52,50418
21181;196831;11;3;3020307;2019;6;11;6;3;6;3;0;0;1;1;0;0;0;0;800080,2447;5837504,432;13,43222;52,6045
21182;196832;11;1;1011303;2019;6;11;6;3;5;5;0;1;1;0;0;0;0;0;798905,8849;5827778,986;13,40617;52,51797
21183;196833;11;1;1044201;2019;7;19;7;3;2;6;0;0;1;0;0;0;0;1;795917,1726;5831071,219;13,36518;52,54911
21184;196834;11;11;11010205;2019;6;10;6;3;2;6;0;0;1;0;0;1;0;0;806286,0713;5833869,547;13,52021;52,56846
21185;196835;11;1;1011302;2019;7;19;7;3;5;3;0;1;1;0;0;0;0;1;798599,5543;5828883,098;13,40266;52,52803
21186;196836;11;1;1011302;2019;6;10;6;3;0;3;0;1;1;0;0;0;0;0;798085,2802;5828844,477;13,39507;52,52797
21187;196837;11;4;4030929;2019;7;19;7;3;0;3;0;1;0;0;1;0;0;1;792317,0258;5825786,679;13,30759;52,50368
21188;196838;11;2;2010102;2019;6;9;6;3;5;3;0;1;1;0;0;0;0;0;798453,5361;5826533,08;13,39841;52,50705
21189;196839;11;2;2050601;2019;7;19;7;3;5;3;0;0;1;0;0;0;1;1;801647,2945;5828891,117;13,44746;52,52643
21190;196840;11;12;12214125;2019;6;18;6;3;2;6;0;0;1;0;0;0;0;0;790177,4224;5833687,566;13,28306;52,57565
21191;196841;11;6;6010207;2019;7;18;7;3;5;2;0;1;1;0;0;0;0;0;793998,2319;5820417,777;13,32756;52,45465
21192;196842;11;8;8010303;2019;6;22;6;3;0;1;2;1;0;0;0;0;0;0;801007,001;5823898,101;13,43353;52,48203
21193;196843;11;6;6010103;2019;7;18;7;3;0;1;0;0;0;0;1;0;0;0;792746,9613;5821673,95;13,3103;52,46658
21194;196844;11;9;9020702;2019;6;17;6;2;0;1;0;1;0;0;0;0;0;0;809410,9664;5819698,163;13,553;52,43969
21195;196845;11;7;7030301;2019;6;17;6;2;6;4;0;0;1;1;0;0;0;0;794249,1425;5822049,941;13,33268;52,46914
21196;196846;11;10;10030724;2019;7;17;7;3;0;1;0;0;0;0;1;0;0;0;809003,1114;5828156,146;13,55486;52,51572
21197;196847;11;1;1022201;2019;6;13;6;3;1;5;0;0;1;0;0;0;0;0;795322,236;5828685,164;13,35431;52,52804
21198;196848;11;4;4051549;2019;7;17;7;3;5;2;0;0;1;0;0;0;0;0;793305,7169;5823616,131;13,32021;52,48369
21199;196849;11;11;11051229;2019;6;12;6;2;5;3;0;1;1;0;0;0;0;0;803791,8113;5826174,81;13,47649;52,50089
21200;196850;11;9;9020701;2019;6;11;6;3;2;6;0;0;1;0;0;0;0;0;809359,7152;5818488,514;13,55113;52,42888
21201;196851;11;1;1044201;2019;7;16;7;3;5;3;0;1;1;0;0;0;0;0;796618,5167;5831283,447;13,37569;52,55063
21202;196852;11;4;4030415;2019;6;9;6;3;5;2;0;1;1;0;0;0;0;0;791185,0101;5827436,59;13,29241;52,51908
21203;196853;11;1;1022206;2019;7;15;7;3;5;3;0;0;1;0;0;0;0;0;795728,4739;5828198,076;13,35985;52,52346
21204;196854;11;4;4030931;2019;6;9;6;3;1;5;0;1;1;0;0;0;0;0;794381,5917;5826079,931;13,33818;52,5052
21205;196855;11;4;4051654;2019;7;15;7;3;6;6;0;1;0;1;0;0;0;0;793574,7104;5823692,292;13,32423;52,48423
21206;196856;11;1;1011303;2019;6;9;6;3;5;2;0;1;0;0;1;0;0;0;799797,2592;5828614,646;13,42002;52,52497
21207;196857;11;5;5020416;2019;7;13;7;3;0;6;0;0;1;0;1;0;0;0;781189,6462;5829145,556;13,14694;52,53965
21208;196858;11;9;9020702;2019;6;9;6;3;6;7;0;1;1;1;0;0;0;0;808859,3255;5819320,777;13,54457;52,43662
21209;196859;11;8;8010303;2019;6;8;6;3;6;2;0;0;1;1;0;0;0;0;801015,2133;5823882,811;13,43364;52,48189
21210;196860;11;1;1022106;2019;7;12;7;3;5;2;0;0;1;0;1;0;0;0;794242,4048;5827698,748;13,33757;52,51979
21211;196861;11;3;3010101;2019;7;12;7;3;7;7;0;1;0;0;0;0;0;0;803121,0519;5841341,387;13,4805;52,6372
21212;196862;11;4;4020314;2019;6;8;6;3;5;2;0;1;1;0;0;0;0;0;790027,0456;5825235,312;13,27347;52,49996
21213;196863;11;9;9030901;2019;7;12;7;3;1;5;0;0;1;0;1;0;0;0;807900,4807;5817171,267;13,52853;52,4179
21214;196864;11;2;2050802;2019;6;7;6;2;2;2;0;1;1;0;0;0;0;0;802551,5568;5826716,408;13,45877;52,50643
21215;196865;11;7;7040403;2019;7;12;7;3;5;3;0;0;1;0;0;0;0;0;797023,8502;5820696,636;13,3722;52,45551
21216;196866;11;6;6020303;2019;6;7;6;3;5;2;0;0;1;0;0;0;0;0;795522,573;5818639,566;13,34835;52,43788
21217;196867;11;4;4041136;2019;6;1;6;3;1;5;2;0;1;0;0;0;0;0;790500,406;5822799,135;13,2783;52,47787
21218;196868;11;1;1044201;2019;7;11;7;3;3;6;0;0;1;0;1;0;0;0;795893,8553;5831178,079;13,36494;52,55008
21219;196869;11;4;4051447;2019;7;11;7;3;2;6;0;1;0;0;0;0;0;0;793206,062;5824982,1;13,31995;52,49599
21220;196870;11;8;8010301;2019;6;10;6;3;3;6;0;1;1;0;0;0;0;0;800927,0675;5824981,543;13,43334;52,49178
21221;196871;11;8;8010118;2019;6;9;6;3;3;6;0;1;1;0;0;0;0;0;801056,51;5822033,322;13,43258;52,46529
21222;196872;11;6;6010210;2019;7;0;7;3;1;7;2;0;1;0;0;0;0;0;794887,5171;5821117,357;13,34123;52,46044
21223;196873;11;11;11030824;2019;6;7;5;2;5;3;0;1;1;0;0;0;0;0;804135,134;5826959,126;13,48225;52,50773
21224;196874;11;8;8010118;2019;7;6;7;3;4;6;0;0;1;0;0;0;0;0;800891,2397;5822424,45;13,4305;52,46888
21225;196875;11;3;3050924;2019;6;13;5;3;6;7;0;0;0;0;0;0;1;0;801969,6457;5831608,779;13,45466;52,55061
21226;196876;11;6;6010103;2019;6;13;5;3;3;6;0;0;1;0;0;0;0;0;793102,7509;5821491,411;13,31536;52,46475
21227;196877;11;1;1011201;2019;7;12;6;3;5;2;0;1;1;0;0;0;0;0;796995,333;5826616,688;13,37706;52,50859
21228;196878;11;1;1033203;2019;6;13;5;3;0;1;0;1;1;0;0;0;0;0;796739,4438;5831179,813;13,37737;52,54964
21229;196879;11;10;10010310;2019;7;22;6;3;5;3;2;0;1;0;0;0;0;0;807806,7729;5830769,164;13,5397;52,53982
21230;196880;11;1;1011202;2019;6;13;5;3;5;3;0;0;1;0;0;0;0;0;797883,308;5828175,623;13,3915;52,52208
21231;196881;11;8;8010118;2019;7;22;6;3;3;6;2;0;1;0;0;0;0;0;801000,8005;5822169,259;13,43188;52,46654
21232;196882;11;4;4030931;2019;6;13;5;3;5;3;0;1;1;0;0;0;0;0;793925,4149;5825819,93;13,33125;52,50311
21233;196883;11;7;7010102;2019;7;21;6;3;5;2;2;1;1;0;0;0;0;0;794958,3265;5825672,779;13,3463;52,50124
21234;196884;11;9;9020501;2019;6;12;5;3;3;6;0;0;1;0;1;0;0;0;805649,7171;5824192,171;13,50196;52,48208
21235;196885;11;4;4030828;2019;6;12;5;3;1;5;0;0;1;0;1;0;0;0;793324,9099;5826616,973;13,32313;52,51058
21236;196886;11;6;6010102;2019;7;21;6;2;5;2;0;0;1;0;1;0;0;0;793657,5625;5820601,348;13,32272;52,45648
21237;196887;11;1;1044201;2019;7;20;6;2;5;3;1;1;1;0;0;0;0;0;796219,0498;5831513,523;13,37002;52,55291
21238;196888;11;1;1011301;2019;6;11;5;2;5;3;0;0;0;0;0;1;1;0;797539,0527;5828717,911;13,38693;52,52713
21239;196889;11;1;1011303;2019;6;11;5;3;1;5;0;0;1;0;0;0;0;0;799331,6871;5828898,165;13,41343;52,52777
21240;196890;11;1;1011301;2019;7;20;6;3;5;3;0;1;0;0;0;0;0;0;797636,6403;5828196,664;13,38789;52,52241
21241;196891;11;10;10010308;2019;6;20;5;3;5;2;0;0;1;0;0;0;0;0;806333,1107;5830185,38;13,51751;52,53541
21242;196892;11;1;1011301;2019;7;19;6;3;0;2;0;0;1;0;0;0;1;0;796957,2949;5828901,48;13,37854;52,5291
21243;196893;11;4;4030827;2019;6;19;5;3;5;2;0;1;1;0;0;0;0;0;792534,6947;5826124,038;13,31109;52,50659
21244;196894;11;9;9051702;2019;7;18;6;3;3;6;0;0;1;0;0;0;1;0;814208,3887;5821830,966;13,62536;52,45607
21245;196895;11;2;2030301;2019;6;18;5;3;1;5;0;1;1;0;0;0;1;0;799806,165;5826018,287;13,41781;52,50169
21246;196896;11;7;7040405;2019;7;17;6;3;6;7;0;0;1;1;0;0;0;0;797837,018;5820910,219;13,38433;52,45698
21247;196897;11;1;1033203;2019;6;11;5;3;4;6;0;1;1;0;0;0;0;0;796527,3836;5830930,523;13,37403;52,54752
21248;196898;11;7;7070704;2019;7;17;6;2;5;3;0;0;1;0;1;0;0;0;800806,6752;5814165,505;13,42183;52,3949
21249;196899;11;11;11041128;2019;6;11;5;2;5;3;0;1;1;0;0;0;0;0;805859,9378;5825309,29;13,50607;52,49198
21250;196900;11;6;6040804;2019;7;17;6;3;5;2;0;1;0;0;0;0;1;0;787645,4759;5818143,439;13,23237;52,43764
21251;196901;11;3;3061228;2019;6;11;5;3;5;2;0;1;0;0;0;0;1;0;800319,1973;5831543,292;13,43034;52,55093
21252;196902;11;7;7030301;2019;6;10;5;3;0;2;0;1;0;0;1;0;0;0;794159,6254;5822101,337;13,33141;52,46965
21253;196903;11;3;3040614;2019;7;16;6;3;5;3;0;1;1;0;0;0;0;0;798730,7497;5833696,109;13,40892;52,5711
21254;196904;11;2;2010102;2019;6;18;5;3;6;2;0;0;1;1;0;0;0;0;798022,917;5825829,122;13,39145;52,50097
21255;196905;11;12;12214421;2019;7;16;6;3;2;6;0;0;1;0;0;0;0;0;793446,0063;5833552,256;13,33104;52,57269
21256;196906;11;9;9020501;2019;6;11;5;3;5;2;0;1;1;0;0;0;0;0;806503,5934;5822090,995;13,51256;52,46277
21257;196907;11;2;2050602;2019;7;15;6;3;2;2;0;1;1;0;0;0;0;0;803194,2148;5828314,02;13,46966;52,5204
21258;196908;11;11;11020513;2019;6;10;5;3;5;2;0;0;1;0;0;0;0;0;802895,6888;5831232,112;13,46794;52,54672
21259;196909;11;3;3061126;2019;7;13;6;3;5;3;0;1;1;0;0;0;0;0;798668,3551;5831783,475;13,40628;52,55399
21260;196910;11;8;8030831;2019;6;18;5;2;0;2;0;1;1;0;0;0;0;0;803345,9558;5817386,771;13,46196;52,42237
21261;196911;11;3;3040818;2019;6;9;5;3;1;5;0;1;0;0;0;0;1;0;799576,427;5833167,387;13,42088;52,5659
21262;196912;11;2;2040703;2019;7;13;6;3;2;6;0;0;1;0;0;0;0;0;801730,6899;5826260,025;13,4463;52,5028
21263;196913;11;8;8010212;2019;7;13;6;3;2;6;0;0;1;0;0;0;0;0;801345,7892;5823484,668;13,43813;52,47814
21264;196914;11;2;2010101;2019;6;18;5;3;6;2;0;0;1;1;0;0;0;0;797771,9071;5826023,002;13,38794;52,50285
21265;196915;11;1;1011302;2019;6;18;5;3;1;5;0;0;1;0;1;0;0;0;798111,1918;5828450,983;13,39509;52,52443
21266;196916;11;9;9020701;2019;7;13;6;3;5;2;0;1;1;0;0;0;0;0;808328,979;5818868,209;13,53637;52,43287
21267;196917;11;9;9010202;2019;6;18;5;3;0;2;0;0;1;0;0;0;1;0;804262,418;5823041,172;13,48054;52,47254
21268;196918;11;6;6010205;2019;7;13;6;3;1;5;0;0;1;0;0;0;0;0;796098,7057;5819848,657;13,35788;52,44841
21269;196919;11;11;11051331;2019;6;18;5;3;5;2;0;1;1;0;0;0;0;0;807314,6932;5824798,216;13,52696;52,48658
21270;196920;11;6;6010210;2019;6;18;5;3;1;5;0;1;1;0;0;0;0;0;795020,6542;5820946,037;13,34303;52,45883
21271;196921;11;1;1033202;2019;7;12;6;3;5;3;0;1;1;0;0;0;0;0;796971,3284;5830138,937;13,37985;52,54018
21272;196922;11;1;1022204;2019;6;18;5;3;2;6;0;0;1;0;0;0;0;0;794711,6872;5828321,646;13,34502;52,52512
21273;196923;11;2;2040701;2019;6;18;5;2;1;1;0;0;1;0;0;0;1;0;800812,6535;5827551,914;13,43398;52,51489
21274;196924;11;7;7020201;2019;7;10;6;3;2;2;0;0;1;0;0;0;0;0;794584,5289;5824222,91;13,33952;52,48844
21275;196925;11;10;10040933;2019;6;18;5;3;0;1;0;1;0;0;0;0;0;0;813201,5562;5825948,412;13,61445;52,49354
21276;196926;11;10;10020622;2019;6;17;5;3;1;5;0;1;1;0;0;0;1;0;810418,6319;5827966,276;13,57548;52,51322
21277;196927;11;5;5030730;2019;7;8;6;2;2;6;0;0;1;0;1;0;0;0;786073,8521;5829150,363;13,21876;52,53715
21278;196928;11;11;11040926;2019;6;22;5;3;2;6;2;1;1;0;0;0;0;0;804434,0952;5826378,33;13,48611;52,50236
21279;196929;11;8;8010214;2019;7;8;6;3;5;3;0;0;1;0;0;0;0;0;801345,7519;5822037,226;13,43683;52,46516
21280;196930;11;2;2040503;2019;6;17;5;3;5;2;0;1;0;0;0;0;0;0;801555,1079;5828215,375;13,44549;52,52042
21281;196931;11;1;1044202;2019;7;8;6;3;5;2;0;1;1;0;0;0;0;0;794610,9367;5829871,263;13,34491;52,53906
21282;196932;11;3;3061228;2019;6;14;5;3;5;3;0;0;1;0;1;0;0;0;800607,6548;5831410,135;13,43446;52,54958
21283;196933;11;3;3030405;2019;7;5;6;3;0;1;0;1;0;0;0;0;0;1;803699,3692;5839174,78;13,48703;52,61746
21284;196934;11;2;2050801;2019;6;14;5;2;0;6;0;1;1;0;0;0;0;0;802923,4155;5827120,58;13,4646;52,50985
21285;196935;11;1;1033102;2019;6;20;5;3;0;1;0;1;0;0;0;0;0;0;797062,2059;5831443,935;13,38235;52,55183
21286;196936;11;11;11041128;2019;7;4;6;3;0;1;0;1;0;0;0;0;0;0;805847,1537;5825253,553;13,50583;52,49149
21287;196937;11;2;2050602;2019;7;1;6;3;0;7;2;1;0;0;0;0;1;0;802560,4139;5827928,408;13,46;52,51729
21288;196938;11;4;4030931;2019;6;14;5;3;0;1;0;0;0;0;1;0;0;0;794466,5839;5825869,977;13,33925;52,50327
21289;196939;11;7;7020203;2019;6;13;5;3;5;2;0;1;1;0;0;0;0;0;795224,335;5824372,504;13,34905;52,48944
21290;196940;11;5;5020625;2019;7;15;6;2;0;6;0;0;1;0;0;0;1;0;783736,5229;5828681,152;13,18399;52,53416
21291;196941;11;1;1011401;2019;6;9;5;2;0;1;0;1;0;0;0;0;0;0;798321,249;5829358,149;13,399;52,53244
21292;196942;11;1;1011305;2019;7;11;5;3;1;5;0;1;1;0;0;0;0;0;799406,608;5827128,038;13,41294;52,51186
21293;196943;11;4;4051549;2019;6;9;5;3;5;3;0;1;1;0;0;0;0;0;792480,1556;5824021,426;13,30844;52,48777
21294;196944;11;1;1044202;2019;7;21;5;3;3;6;2;0;1;0;0;0;0;0;795890,1325;5830457,639;13,36424;52,54363
21295;196945;11;6;6040810;2019;6;8;5;2;5;2;0;0;1;0;0;0;0;0;790171,425;5819776,321;13,27084;52,45094
21296;196946;11;2;2020202;2019;7;20;5;3;5;2;1;0;1;0;0;0;0;0;797920,715;5825269,913;13,38945;52,49602
21297;196947;11;1;1011301;2019;6;8;5;3;5;2;0;1;1;0;0;0;0;0;797103,1269;5828833,209;13,38062;52,5284
21298;196948;11;3;3061227;2019;6;8;5;2;5;2;0;1;0;0;0;1;0;0;800078,4155;5831672,722;13,42691;52,55223
21299;196949;11;9;9051702;2019;7;17;4;3;5;3;0;0;1;0;1;0;0;0;813761,8945;5821729,401;13,61871;52,45542
21300;196950;11;2;2020204;2019;7;16;4;3;2;6;0;1;0;0;0;0;0;0;798188,1318;5824839,075;13,39299;52,49201
21301;196951;11;1;1011303;2019;7;9;4;3;5;2;0;0;1;0;1;0;0;0;799115,0867;5828919,538;13,41027;52,52808
21302;196952;11;6;6040701;2019;7;17;4;3;7;7;0;0;0;0;1;0;0;0;783884,014;5815949,08;13,17532;52,41993
21303;196953;11;1;1022201;2019;7;14;6;3;1;5;0;0;1;0;1;0;0;0;794616,8478;5829033,27;13,34425;52,53155
21304;196954;11;4;4030417;2019;7;17;4;3;5;3;0;1;1;0;0;0;0;0;791485,8681;5827198,794;13,29662;52,51678
21305;196955;11;4;4051654;2019;7;16;4;3;3;6;0;0;1;0;1;0;0;0;793420,5193;5823713,637;13,32198;52,4845
21306;196956;11;8;8010301;2019;7;8;4;3;1;5;0;1;1;0;0;0;0;0;801322,5888;5824765,028;13,43895;52,48962
21307;196957;11;1;1011304;2019;7;1;5;3;5;2;2;1;1;0;0;0;0;0;799722,6428;5827561,108;13,41797;52,51557
21308;196958;11;2;2050803;2019;7;20;5;3;2;2;0;0;1;0;0;0;0;0;803093,6047;5826035,792;13,46611;52,50003
21309;196959;11;11;11020513;2019;7;20;5;3;5;2;0;1;1;0;0;0;0;0;802917,9564;5831213,766;13,46825;52,54654
21310;196960;11;1;1033201;2019;7;19;5;3;5;2;0;0;1;0;1;0;0;0;797828,9459;5830455,588;13,39274;52,54255
21311;196961;11;4;4030931;2019;7;19;5;3;5;2;0;1;1;0;0;0;0;0;793966,0001;5826166,352;13,33215;52,5062
21312;196962;11;4;4030416;2019;7;19;5;3;1;5;0;1;1;0;0;0;0;0;791078,288;5827284,707;13,29071;52,51777
21313;196963;11;2;2010104;2019;7;19;5;3;1;5;0;1;1;0;0;0;0;0;798698,1815;5825586,243;13,40115;52,49843
21314;196964;11;3;3061126;2019;7;18;5;3;2;6;0;0;1;0;1;0;0;0;798112,7307;5831832,926;13,39815;52,55474
21315;196965;11;9;9051901;2019;7;18;5;3;2;6;0;0;0;0;0;0;1;0;809722,979;5821551,932;13,5593;52,45613
21316;196966;11;7;7040404;2019;7;15;5;3;5;2;0;1;1;0;0;0;0;0;796383,0851;5819735,748;13,36195;52,44725
21317;196967;11;5;5040938;2019;7;15;5;3;1;5;0;1;1;0;0;0;0;0;781278,4346;5819380,485;13,14;52,45204
21318;196968;11;5;5010101;2019;7;17;5;2;5;3;0;0;1;0;1;0;0;0;785691,4835;5832184,104;13,21575;52,56455
21319;196969;11;9;9020701;2019;7;15;5;2;5;3;0;1;1;0;0;0;0;0;807410,2464;5818297,769;13,52238;52,42827
21320;196970;11;4;4030415;2019;7;9;5;3;0;7;0;1;0;0;0;0;0;0;790758,0341;5827377,495;13,28608;52,51877