;OBJECTID;LAND;BEZ;LOR;UJAHR;UMONAT;USTUNDE;UWOCHENTAG;UKATEGORIE;UART;UTYP1;ULICHTVERH;IstRad;IstPKW;IstFuss;IstKrad;IstGkfz;IstSonstige;USTRZUSTAND;LINREFX;LINREFY;XGCSWGS84;YGCSWGS84
21321;196971;11;1;1011302;2019;7;15;5;2;3;6;0;1;1;0;0;0;0;0;798275,4788;5829023,467;13,39802;52,52947
21322;196972;11;9;9031101;2019;7;14;5;3;5;7;0;0;1;0;0;0;0;0;810168,7493;5817680,327;13,56225;52,42118
21323;196973;11;9;9030901;2019;7;10;5;3;5;2;0;0;1;0;0;0;0;0;807705,5453;5817907,408;13,52635;52,42461
21324;196974;11;8;8030829;2019;7;18;5;3;5;3;0;0;1;0;0;0;0;0;802971,8749;5818336,06;13,45733;52,43109
21325;196975;11;1;1011204;2019;7;22;5;2;0;1;2;0;0;0;0;0;1;0;797900,798;5826587,067;13,39033;52,50783
21326;196976;11;6;6020306;2019;7;23;5;3;5;3;2;0;1;0;1;0;0;0;796748,1049;5817172,276;13,36503;52,42407
21327;196977;11;7;7020202;2019;7;13;5;3;5;2;0;1;1;0;0;0;0;0;794980,8514;5823819,721;13,34499;52,48461
21328;196978;11;5;5020419;2019;7;8;5;3;6;4;0;0;0;1;0;1;0;0;781933,3694;5828448,435;13,15728;52,53301
21329;196979;11;7;7010101;2019;7;8;5;3;5;2;0;1;0;0;0;1;0;0;794528,2228;5825239,089;13,33959;52,49758
21330;196980;11;4;4061757;2019;7;12;5;3;1;5;0;1;0;0;0;0;1;0;785745,2412;5825137,978;13,21048;52,50135
21331;196981;11;1;1011101;2019;7;12;5;3;3;6;0;0;1;0;1;0;0;0;795275,3518;5826531,973;13,35171;52,50877
21332;196982;11;1;1033101;2019;7;12;5;2;5;3;0;0;1;0;1;0;0;0;796654,7545;5832113,692;13,37696;52,55805
21333;196983;11;11;11010310;2019;7;12;5;3;5;2;0;1;1;0;0;0;0;0;805441,8601;5833338,447;13,50731;52,56417
21334;196984;11;9;9020702;2019;7;8;5;2;5;2;0;1;1;0;0;0;0;0;809453,6093;5818691,652;13,5527;52,43065
21335;196985;11;2;2020204;2019;7;10;5;2;5;2;0;0;1;0;0;0;1;0;798310,2278;5825310,65;13,3952;52,49617
21336;196986;11;2;2010103;2019;7;10;5;2;0;6;0;0;1;0;0;0;1;0;799055,9386;5826305,621;13,40705;52,50468
21337;196987;11;7;7040404;2019;7;7;5;3;2;6;0;0;0;0;1;1;0;0;797409,2056;5820427,284;13,37762;52,45289
21338;196988;11;3;3061227;2019;7;7;5;3;5;3;0;1;0;0;0;0;1;0;800107,8411;5831704,331;13,42737;52,55249
21339;196989;11;9;9010101;2019;7;7;5;3;5;2;0;1;1;0;0;0;0;0;801830,0734;5825282,649;13,44687;52,49398
21340;196990;11;12;12103117;2019;7;6;5;3;0;7;0;0;1;0;1;0;0;1;796641,0309;5832409,431;13,37702;52,56071
21341;196991;11;1;1011101;2019;7;10;5;3;5;3;0;0;1;0;0;0;0;0;794991,7389;5826148,635;13,34721;52,50549
21342;196992;11;2;2020206;2019;7;9;5;3;1;5;0;0;1;0;0;0;0;0;800171,7242;5824913,963;13,42219;52,49159
21343;196993;11;6;6040701;2019;7;9;5;3;0;3;0;1;0;0;0;0;0;0;783955,6015;5816066,388;13,17647;52,42094
21344;196994;11;4;4030725;2019;7;9;5;2;5;3;0;1;1;0;0;0;0;0;791358,628;5825925,649;13,29364;52,50544
21345;196995;11;2;2010102;2019;7;8;5;2;0;1;0;0;1;0;0;0;0;0;797912,4148;5826461,997;13,39039;52,50671
21346;196996;11;1;1011103;2019;7;17;5;3;0;6;0;0;1;0;0;0;1;0;795181,2234;5825911,545;13,34978;52,50326
21347;196997;11;5;5010101;2019;7;9;5;1;3;6;0;1;0;0;0;1;0;0;785645,7047;5832088,437;13,21499;52,56371
21348;196998;11;4;4030931;2019;7;17;4;3;5;2;0;1;1;0;0;0;0;0;794410,1028;5826088,043;13,33861;52,50526
21349;196999;11;1;1033203;2019;7;17;4;3;2;6;0;1;1;0;0;0;0;0;796408,1973;5830311,781;13,37173;52,54204
21350;197000;11;10;10040828;2019;7;16;4;3;5;3;0;1;1;0;0;0;0;0;812005,8659;5829502,989;13,60023;52,52608
21351;197001;11;7;7010104;2019;7;15;4;3;2;6;0;0;1;0;0;0;0;0;796080,1153;5825365,325;13,3625;52,49787
21352;197002;11;8;8020622;2019;7;15;4;3;5;7;0;0;1;0;0;0;0;0;801457,138;5820200,064;13,4368;52,44863
21353;197003;11;6;6030610;2019;7;15;4;2;5;2;0;0;1;0;0;0;0;0;792939,1902;5817768,908;13,3097;52,43147
21354;197004;11;7;7020204;2019;7;17;4;3;1;5;0;1;1;0;0;0;0;0;796457,2085;5823961,516;13,36679;52,48509
21355;197005;11;8;8020728;2019;7;15;4;3;0;6;0;0;1;0;0;0;1;0;801838,6362;5817497,504;13,43996;52,4242
21356;197006;11;2;2040503;2019;7;14;4;3;2;6;0;0;1;0;1;0;1;0;801391,6044;5828724,959;13,44355;52,52508
21357;197007;11;8;8041038;2019;7;13;4;3;2;7;0;1;0;0;0;0;1;0;805666,0651;5816452,84;13,49512;52,41271
21358;197008;11;9;9020802;2019;7;12;4;2;0;4;0;0;0;1;0;0;1;0;810226,1815;5820373,295;13,56559;52,44528
21359;197009;11;2;2020204;2019;7;11;4;3;5;2;0;1;1;0;0;0;0;0;798524,1525;5824718,456;13,39782;52,49074
21360;197010;11;6;6010206;2019;7;11;4;3;0;1;0;1;0;0;0;0;0;0;795104,9464;5819452,719;13,34295;52,4454
21361;197011;11;7;7040403;2019;7;10;4;3;5;2;0;0;1;0;1;0;0;0;797023,9617;5820703,107;13,37221;52,45557
21362;197012;11;7;7020203;2019;7;9;4;2;5;2;0;1;0;0;1;0;0;0;795715,3604;5824029,13;13,35596;52,48609
21363;197013;11;9;9051801;2019;7;9;4;3;2;3;0;1;1;0;0;0;0;0;820699,9759;5819508,881;13,71834;52,43149
21364;197014;11;2;2010103;2019;7;8;4;3;5;3;0;1;1;0;0;0;0;0;799326,9124;5826235,581;13,41097;52,5039
21365;197015;11;12;12214125;2019;7;23;4;2;2;6;2;0;1;0;0;0;1;0;791928,1893;5831478,576;13,30688;52,55491
21366;197016;11;4;4010102;2019;7;20;4;2;1;1;0;0;1;0;0;0;0;0;792291,5169;5830695,921;13,31154;52,5477
21367;197017;11;8;8041036;2019;7;19;4;3;5;3;0;0;1;0;0;0;0;0;805050,068;5817550,949;13,48709;52,4229
21368;197018;11;1;1033203;2019;7;19;4;2;0;6;0;1;1;0;0;0;0;0;796621,6219;5831047,534;13,37552;52,54852
21369;197019;11;3;3030715;2019;7;6;4;3;0;3;0;0;1;0;1;0;0;0;800484,5362;5832601,137;13,43373;52,56032
21370;197020;11;3;3061228;2019;7;6;4;3;5;3;0;1;1;0;0;0;0;0;800748,6367;5831301,671;13,43643;52,54853
21371;197021;11;11;11041022;2019;7;5;4;3;5;3;0;1;1;0;0;0;0;0;805655,2159;5827397,935;13,50498;52,51081
21372;197022;11;2;2050802;2019;7;1;4;2;0;1;2;0;0;0;0;0;1;0;802706,4412;5826964,181;13,46127;52,50857
21373;197023;11;6;6030609;2019;7;15;4;3;5;2;0;0;1;0;0;0;1;0;793162,9548;5818217,816;13,31337;52,43537
21374;197024;11;2;2030402;2019;7;9;3;2;0;2;0;1;1;0;0;0;0;0;801543,0382;5825978,04;13,44329;52,50037
21375;197025;11;2;2040502;2019;7;16;3;3;5;2;0;1;0;0;0;0;0;0;801247,5252;5827816,42;13,44061;52,51702
21376;197026;11;2;2010103;2019;7;18;3;3;5;2;0;1;1;0;0;0;0;0;799115,5794;5826282,901;13,40791;52,50444
21377;197027;11;3;3050925;2019;7;17;3;3;5;7;0;1;1;0;0;0;0;0;802509,2602;5831547,833;13,46254;52,54976
21378;197028;11;9;9020501;2019;7;17;3;2;5;3;0;0;1;0;1;0;0;0;806290,2697;5822154,531;13,50949;52,46346
21379;197029;11;8;8010301;2019;7;17;3;3;1;5;0;1;1;0;0;0;1;0;801321,1948;5824204,751;13,43842;52,4846
21380;197030;11;9;9051701;2019;7;16;3;3;2;7;0;0;1;0;0;0;0;0;813061,131;5821433,777;13,60816;52,45317
21381;197031;11;2;2020204;2019;7;2;3;3;1;1;2;0;1;0;0;0;0;0;798521,2779;5825202,985;13,39821;52,49509
21382;197032;11;10;11030720;2019;7;14;3;3;2;6;0;0;1;0;0;0;1;0;806280,6206;5830169,908;13,51672;52,53531
21383;197033;11;5;5020524;2019;7;14;3;3;5;2;0;0;1;0;0;0;0;0;783895,4334;5826614,693;13,18457;52,51555
21384;197034;11;12;12224230;2019;7;13;3;3;1;5;0;0;1;0;1;0;0;0;787177,056;5838039,484;13,24268;52,61626
21385;197035;11;4;4051448;2019;7;13;3;3;1;5;0;1;1;0;0;0;0;0;794193,4993;5825109,095;13,33456;52,4966
21386;197036;11;8;8041037;2019;7;13;3;3;5;3;0;1;1;0;0;0;0;0;805666,8362;5817015,193;13,49564;52,41775
21387;197037;11;7;7040405;2019;7;12;3;3;5;3;0;0;1;0;0;0;0;0;798886,1227;5820528,229;13,39938;52,45299
21388;197038;11;4;4010101;2019;7;12;3;3;2;6;0;0;1;0;0;0;0;0;790386,697;5829031,703;13,28207;52,5338
21389;197039;11;2;2050802;2019;7;12;3;3;5;2;0;1;0;0;0;1;0;0;802067,1353;5827160,535;13,45206;52,51068
21390;197040;11;4;4051446;2019;7;10;3;3;6;4;0;0;1;1;0;0;0;0;792499,7409;5824856,982;13,30946;52,49525
21391;197041;11;4;4041239;2019;7;10;3;3;5;2;0;1;1;0;0;0;0;0;792331,2171;5823122,38;13,30547;52,47979
21392;197042;11;1;1011204;2019;7;18;3;3;4;6;0;1;0;0;0;0;1;0;798704,0081;5827624,008;13,40306;52,51669
21393;197043;11;2;2020204;2019;7;9;3;3;6;7;0;0;1;1;0;0;0;0;798481,3223;5825197,553;13,39762;52,49506
21394;197044;11;8;8010301;2019;7;19;3;3;0;3;0;1;0;0;0;0;0;0;801477,4606;5824421,595;13,44091;52,48646
21395;197045;11;3;3061430;2019;7;19;3;3;5;2;0;1;1;0;0;0;0;0;802299,7136;5829244,266;13,45737;52,52923
21396;197046;11;9;9020802;2019;7;6;3;2;3;6;0;0;1;0;0;0;0;0;809805,3819;5820292,359;13,55934;52,44479
21397;197047;11;9;9020701;2019;7;18;3;3;2;6;0;0;1;0;0;0;1;0;809202,6461;5818346,934;13,5487;52,4277
21398;197048;11;9;9010402;2019;7;18;3;2;0;1;0;0;0;0;1;0;0;0;806809,3237;5818192,39;13,51347;52,42766
21399;197049;11;9;9031101;2019;7;18;3;3;5;3;0;1;0;0;0;0;1;0;811810,831;5816659,479;13,58536;52,4111
21400;197050;11;3;3020203;2019;7;16;3;3;5;3;0;1;1;0;0;0;0;0;796389,9362;5840580,925;13,38064;52,6341
21401;197051;11;4;4030415;2019;7;16;3;3;2;2;0;0;1;0;1;0;0;0;791030,0374;5827420,632;13,29012;52,51902
21402;197052;11;2;2020206;2019;7;16;3;3;0;1;0;1;0;0;0;0;0;0;799991,8902;5824458,447;13,41913;52,48761
21403;197053;11;4;4051448;2019;7;15;3;3;2;6;0;1;1;0;0;0;0;0;793523,3572;5825222,955;13,32482;52,49798
21404;197054;11;5;5010101;2019;7;15;3;3;3;6;0;1;0;0;0;0;1;0;785552,0608;5831778,587;13,21335;52,56099
21405;197055;11;1;1044101;2019;7;15;3;3;0;6;0;0;0;0;0;0;1;0;794812,5194;5831324,845;13,34916;52,55198
21406;197056;11;2;2040701;2019;7;17;3;3;2;6;0;0;1;0;1;0;0;0;800401,871;5827887,595;13,42825;52,51812
21407;197057;11;8;8010301;2019;7;21;3;3;3;6;0;1;1;0;0;0;0;0;800935,7876;5824686,783;13,4332;52,48914
21408;197058;11;11;11020513;2019;7;13;3;3;2;6;0;0;1;0;0;0;0;0;802866,597;5831261,34;13,46754;52,547
21409;197059;11;9;9020502;2019;7;8;3;3;1;1;0;0;1;0;1;0;0;0;808978,1846;5821599,924;13,54842;52,45698
21410;197060;11;11;11020412;2019;7;16;2;3;2;6;0;0;1;0;0;0;0;0;806092,5801;5831993,016;13,51564;52,55175
21411;197061;11;5;5020629;2019;7;17;2;3;5;2;0;0;1;0;1;0;0;0;785049,9092;5826299,46;13,20126;52,51212
21412;197062;11;1;1011202;2019;7;16;2;3;2;2;0;0;0;0;1;0;1;0;797188,403;5827524,571;13,38071;52,51663
21413;197063;11;6;6040805;2019;7;15;2;3;1;5;0;0;1;0;0;1;0;0;787868,7761;5817965,023;13,23549;52,43592
21414;197064;11;2;2040701;2019;7;21;2;2;5;2;2;1;1;0;0;0;0;0;800907,8105;5827537,903;13,43537;52,51471
21415;197065;11;8;8020727;2019;7;17;2;3;2;6;0;0;1;0;1;0;0;0;801041,4948;5817077,282;13,42789;52,42087
21416;197066;11;6;6010102;2019;7;19;2;3;0;1;0;0;0;0;1;0;0;0;793771,9075;5820548,056;13,32435;52,45594
21417;197067;11;8;8010510;2019;7;15;2;3;2;6;0;0;1;0;0;0;0;0;802411,0469;5822662,755;13,45303;52,47018
21418;197068;11;12;12214125;2019;7;15;2;2;6;4;0;0;1;1;0;0;1;0;790944,3642;5833822,426;13,29447;52,57645
21419;197069;11;1;1011202;2019;7;13;2;3;5;3;0;0;1;0;0;0;0;0;797893,9988;5828167,657;13,39165;52,52201
21420;197070;11;6;6030501;2019;7;12;2;3;5;3;0;0;1;0;0;0;0;0;788816,9036;5817033,932;13,2486;52,42707
21421;197071;11;2;2020206;2019;7;21;2;3;1;5;2;0;1;0;0;0;0;0;799749,2623;5824479,808;13,41559;52,48793
21422;197072;11;1;1011301;2019;7;12;2;3;3;6;0;1;0;0;0;1;0;0;797130,2862;5829227,311;13,38137;52,53192
21423;197073;11;1;1022106;2019;7;10;2;3;3;6;0;1;0;0;0;1;0;0;793690,1902;5828002,038;13,32972;52,5228
21424;197074;11;4;4020311;2019;7;10;2;3;5;3;0;0;1;0;0;0;0;0;789494,6456;5826805,597;13,26702;52,51432
21425;197075;11;1;1011302;2019;7;10;2;3;2;6;0;0;1;0;0;0;0;0;799047,5393;5828977,627;13,40933;52,52864
21426;197076;11;9;9020701;2019;7;10;2;3;3;6;0;0;1;0;0;1;0;0;807856,5686;5819952,464;13,53044;52,44285
21427;197077;11;9;9020601;2019;7;9;2;3;5;3;0;1;1;0;0;0;0;0;805929,0677;5821839,751;13,5039;52,46084
21428;197078;11;6;6040703;2019;7;8;2;3;5;3;0;1;1;0;0;0;0;1;785012,3662;5817548,667;13,19323;52,43368
21429;197079;11;7;7040405;2019;7;8;2;3;2;6;0;0;1;0;0;0;0;0;799577,0153;5820832,145;13,40979;52,45533
21430;197080;11;5;5010205;2019;7;6;2;3;0;6;0;0;1;0;1;0;0;0;780182,4216;5830663,442;13,13341;52,55378
21431;197081;11;1;1022204;2019;7;9;2;3;5;7;0;1;1;0;0;0;0;0;795000,4997;5828147,831;13,34911;52,5234
21432;197082;11;1;1044201;2019;7;12;1;3;2;6;0;0;1;0;0;0;0;0;796469,518;5831967,039;13,37411;52,55684
21433;197083;11;1;1022206;2019;7;18;1;3;0;1;0;1;0;0;0;0;0;0;795548,1954;5828216,292;13,35722;52,52372
21434;197084;11;3;3061228;2019;7;14;1;3;3;6;0;0;1;0;0;0;1;0;800790,0151;5830910,548;13,43669;52,545
21435;197085;11;2;2030302;2019;7;1;1;3;9;1;2;0;1;0;0;0;0;1;801509,4438;5826046,4;13,44285;52,50101
21436;197086;11;1;1011402;2019;7;1;1;3;0;1;2;1;0;0;0;0;0;1;798607,8043;5829323,334;13,40318;52,53198
21437;197087;11;2;2030301;2019;7;21;1;2;0;3;1;0;1;0;1;0;0;0;800289,5097;5826088,005;13,42497;52,50205
21438;197088;11;2;2040702;2019;7;19;1;3;0;7;0;0;0;0;0;0;1;0;801647,0807;5827378,443;13,44608;52,51287
21439;197089;11;5;5020521;2019;7;18;1;3;2;6;0;0;1;0;0;0;0;0;779389,9003;5827854,182;13,11938;52,52899
21440;197090;11;8;8010118;2019;7;17;1;3;6;4;0;0;0;1;1;0;0;0;800774,8543;5822723,867;13,42907;52,47163
21441;197091;11;10;10040933;2019;7;10;1;3;8;1;0;0;1;0;0;0;0;0;812477,7397;5824289,712;13,60227;52,47909
21442;197092;11;1;1044203;2019;7;20;1;3;6;4;1;1;0;1;0;0;0;0;795427,8027;5831588,456;13,35845;52,55401
21443;197093;11;12;12214424;2019;7;13;7;3;0;3;0;0;1;0;1;0;0;0;793181,943;5832323,757;13,32607;52,56182
21444;197094;11;2;2040703;2019;7;15;7;3;0;1;0;0;1;0;0;0;0;1;801960,401;5826795,384;13,45016;52,50747
21445;197095;11;9;9010302;2019;7;3;7;2;9;1;1;0;0;0;1;0;0;0;803212,383;5820965,844;13,46325;52,45453
21446;197096;11;4;4030931;2019;7;0;7;3;3;6;2;0;1;0;0;0;0;0;793890,1265;5826058,785;13,33094;52,50527
21447;197097;11;6;6040810;2019;7;18;7;3;3;6;0;1;1;0;0;0;0;1;791019,7981;5819936,301;13,28343;52,45192
21448;197098;11;7;7010104;2019;7;23;7;3;6;4;2;0;1;1;0;0;0;1;796127,1245;5824955,359;13,36283;52,49417
21449;197099;11;7;7070704;2019;7;22;7;2;0;2;2;0;1;0;1;0;0;1;800169,7914;5814070,015;13,41242;52,39439
21450;197100;11;10;10030724;2019;7;21;7;3;5;2;2;1;1;0;0;0;0;1;809564,8133;5828022,68;13,56299;52,51421
21451;197101;11;8;8010213;2019;7;21;7;3;6;2;1;0;1;1;0;0;0;1;801538,5928;5823017,209;13,44054;52,47384
21452;197102;11;2;2030301;2019;7;19;7;3;5;7;0;0;1;0;1;0;0;0;799870,7862;5826248,182;13,41897;52,50372
21453;197103;11;9;9020802;2019;7;18;7;2;5;7;0;0;1;0;0;0;0;0;810585,3352;5819897,073;13,57041;52,44081
21454;197104;11;1;1011301;2019;7;17;7;3;6;2;0;0;1;1;0;0;0;0;797320,976;5829005,401;13,38398;52,52983
21455;197105;11;6;6010206;2019;7;16;7;3;2;6;0;1;1;0;0;0;0;1;794947,5572;5819474,287;13,34066;52,44568
21456;197106;11;1;1033102;2019;7;16;7;3;1;5;0;0;1;0;0;0;0;1;797257,927;5831878,711;13,38562;52,55562
21457;197107;11;7;7010104;2019;7;15;7;3;0;1;0;0;1;0;1;0;0;1;796239,0451;5824311,294;13,3639;52,48834
21458;197108;11;1;1044101;2019;7;14;7;3;5;3;0;1;1;0;0;0;0;1;793792,9793;5832163,694;13,33491;52,56005
21459;197109;11;12;12224230;2019;7;14;7;3;2;6;0;0;1;0;0;0;0;0;785492,957;5837398,507;13,21732;52,6114
21460;197110;11;6;6040701;2019;7;14;7;3;6;4;0;0;1;1;0;0;0;0;781854,2043;5815270,002;13,14498;52,41489
21461;197111;11;5;5010207;2019;7;13;7;3;5;2;0;0;1;0;1;0;0;0;783575,2;5830201,053;13,18292;52,54787
21462;197112;11;5;5010103;2019;7;13;7;3;5;3;0;0;1;0;0;0;0;0;783907,128;5831176,626;13,18863;52,55645
21463;197113;11;11;11030721;2019;7;13;7;3;0;1;0;1;0;0;0;0;0;0;803615,8329;5828336,249;13,47588;52,52036
21464;197114;11;7;7010104;2019;7;12;7;3;5;2;0;1;1;0;0;0;0;0;796164,5486;5824370,482;13,36286;52,48891
21465;197115;11;8;8010404;2019;7;12;7;3;5;2;0;0;1;0;0;0;0;0;802169,7127;5823374,504;13,45013;52,47669
21466;197116;11;4;4051654;2019;7;11;7;3;2;3;0;0;1;0;0;0;0;0;793353,7601;5823652,018;13,32095;52,48399
21467;197117;11;6;6040810;2019;7;8;7;3;0;2;0;1;1;0;0;0;0;0;790969,1417;5820706,189;13,28336;52,45885
21468;197118;11;1;1022106;2019;7;7;7;3;6;2;0;0;1;1;0;0;0;0;794572,771;5828357,256;13,34301;52,52551
21469;197119;11;4;4030930;2019;7;10;7;3;3;6;0;1;1;0;0;0;0;0;793201,6485;5825616,068;13,32044;52,50168
21470;197120;11;9;9010401;2019;7;12;7;3;2;6;0;0;1;0;0;0;1;0;806294,4957;5820737,415;13,50825;52,45076
21471;197121;11;10;10040933;2019;7;8;6;2;5;3;0;1;1;0;0;0;0;1;812442,4382;5824756,206;13,60219;52,4833
21472;197122;11;4;4030931;2019;7;14;6;3;1;5;0;0;1;0;0;0;0;0;793919,4245;5825656,487;13,33102;52,50165
21473;197123;11;10;10030727;2019;7;10;6;3;5;3;0;0;1;0;0;0;0;1;809439,8724;5826351,946;13,5596;52,49931
21474;197124;11;7;7020202;2019;7;11;6;3;6;7;0;0;1;1;0;0;0;0;794916,1388;5823299,351;13,34357;52,47998
21475;197125;11;8;8010211;2019;7;21;6;3;0;5;2;0;1;0;0;0;0;0;801003,9612;5823765,708;13,43337;52,48084
21476;197126;11;3;3061126;2019;7;17;6;3;5;2;0;1;1;0;0;0;0;0;798826,9009;5831788,062;13,40861;52,55395
21477;197127;11;1;1022206;2019;7;17;6;3;3;6;0;1;0;0;0;0;1;1;796136,1842;5828404,509;13,36603;52,52509
21478;197128;11;6;6030503;2019;7;17;6;3;5;2;0;1;1;0;0;0;0;0;789319,9223;5817256,982;13,25617;52,42881
21479;197129;11;10;10010310;2019;7;17;4;3;2;2;0;0;1;0;0;0;0;0;809907,5146;5831583,053;13,57134;52,54592
21480;197130;11;4;4051655;2019;7;8;4;3;5;3;0;1;0;0;0;0;1;0;793922,0006;5823112,785;13,32881;52,47885
21481;197131;11;5;5010204;2019;7;15;6;3;5;2;0;1;1;0;0;0;0;1;781562,7048;5830766,442;13,1538;52,55399
21482;197132;11;6;6030609;2019;7;14;6;3;2;6;0;0;1;0;0;0;0;0;793057,0315;5818007,901;13,31163;52,43355
21483;197133;11;3;3010102;2019;7;14;6;2;5;3;0;0;1;0;1;0;0;1;804652,2118;5841367,366;13,50308;52,63657
21484;197134;11;1;1033102;2019;7;14;6;3;2;6;0;0;1;0;0;0;0;1;797294,0209;5831270,903;13,38561;52,55015
21485;197135;11;12;12214125;2019;7;14;6;3;2;2;0;0;1;0;0;0;1;1;790263,3588;5833690,696;13,28433;52,57564
21486;197136;11;12;12302107;2019;7;13;6;3;2;6;0;0;1;0;0;0;0;1;793843,3595;5836234,5;13,33926;52,59652
21487;197137;11;1;1022106;2019;7;12;6;3;2;6;0;0;1;0;0;0;0;1;794464,55;5828354,325;13,34141;52,52554
21488;197138;11;2;2040703;2019;7;12;6;3;6;7;0;1;0;0;0;0;1;1;801743,3706;5826214,14;13,44644;52,50238
21489;197139;11;10;10010311;2019;7;16;6;3;2;6;0;0;1;0;0;0;0;0;810695,07;5831986,204;13,58329;52,54908
21490;197140;11;10;10010308;2019;7;12;6;3;5;3;0;0;1;0;0;0;1;1;806457,9333;5829895,049;13,51907;52,53274
21491;197141;11;10;10020412;2019;7;12;6;3;5;3;0;1;1;0;0;0;0;1;811349,1556;5831945,481;13,59287;52,54835
21492;197142;11;7;7060604;2019;7;11;6;3;5;2;0;0;1;0;0;0;0;0;795808,5758;5816024,228;13,35024;52,41429
21493;197143;11;12;12301203;2019;7;10;6;2;5;3;0;0;1;0;0;0;0;1;793947,8322;5835309,547;13,33998;52,58817
21494;197144;11;7;7010104;2019;7;10;6;3;0;1;0;1;0;0;0;0;0;1;796433,7501;5824890,893;13,36727;52,49343
21495;197145;11;11;11040926;2019;7;12;6;3;1;5;0;1;1;0;0;0;0;1;803939,111;5826288,31;13,47876;52,50183
21496;197146;11;12;12304314;2019;7;10;6;3;8;1;0;0;1;0;0;0;0;1;790163,0729;5835941,561;13,28482;52,59587
21497;197147;11;3;3040614;2019;7;16;6;3;2;6;0;0;1;0;0;0;0;1;799308,4863;5833874,867;13,41758;52,57239
21498;197148;11;4;4030623;2019;7;15;6;3;5;7;0;0;1;0;0;0;0;1;793676,9165;5826073,595;13,32783;52,50552
21499;197149;11;1;1011101;2019;7;10;6;3;0;1;0;0;0;0;1;0;0;1;795334,701;5826189,054;13,35228;52,50566
21500;197150;11;3;3010102;2019;7;10;6;3;0;3;0;0;1;0;1;0;0;1;804371,2048;5840424,905;13,49807;52,62828
21501;197151;11;7;7030301;2019;7;9;6;3;1;5;0;1;1;0;0;0;0;1;794203,034;5822906,528;13,33276;52,47685
21502;197152;11;4;4051549;2019;7;9;6;3;2;6;0;0;1;0;0;0;1;1;793299,0048;5823682,661;13,32017;52,48429
21503;197153;11;5;5010103;2019;7;8;6;3;2;6;0;0;1;0;0;0;0;1;784709,0519;5831107,949;13,20037;52,55541
21504;197154;11;1;1011204;2019;7;9;6;3;0;7;0;1;1;0;0;0;0;0;798514,7806;5827198,654;13,3999;52,51298
21505;197155;11;7;7050504;2019;7;8;6;2;9;1;0;0;1;0;0;0;0;1;800047,085;5820445,536;13,41634;52,45161
21506;197156;11;4;4031032;2019;7;8;6;3;0;1;0;0;0;0;1;0;0;1;791620,1576;5825060,646;13,29672;52,49754
21507;197157;11;7;7040404;2019;7;8;6;3;5;2;0;0;1;0;0;0;1;1;796697,0764;5820024,721;13,36681;52,44967
21508;197158;11;1;1011105;2019;7;7;6;3;2;6;0;0;1;0;0;1;0;1;795970,9345;5826211,178;13,36165;52,50552
21509;197159;11;10;10020413;2019;7;7;6;3;5;3;0;0;1;0;0;0;0;1;811313,109;5831176,218;13,59162;52,54147
21510;197160;11;12;12304314;2019;7;7;6;3;2;6;0;0;1;0;0;0;0;1;790156,6791;5835952,441;13,28474;52,59597
21511;197161;11;1;1011401;2019;7;6;6;2;5;2;0;0;1;0;1;0;0;1;798314,4189;5829376,811;13,39891;52,53262
21512;197162;11;5;5020626;2019;7;6;6;3;5;3;0;0;1;0;0;0;0;1;784777,6971;5827102,122;13,19795;52,51946
21513;197163;11;2;2020204;2019;7;1;6;3;0;3;2;1;1;0;0;0;0;0;798427,7726;5824743,903;13,39642;52,49103
21514;197164;11;4;4030827;2019;7;16;6;3;2;7;0;1;1;0;0;0;0;0;792726,4931;5826128,347;13,31391;52,50652
21515;197165;11;2;2020202;2019;7;9;5;3;5;2;0;1;0;0;0;0;0;0;797661,0636;5825317,545;13,38568;52,49659
21516;197166;11;2;2040702;2019;7;14;5;3;6;7;0;0;0;1;0;0;1;0;802032,5047;5827371,129;13,45174;52,51259
21517;197167;11;2;2040701;2019;7;14;5;3;6;4;0;1;0;1;0;0;0;0;800639,847;5826980,6;13,43093;52,50986
21518;197168;11;5;5020625;2019;7;14;5;3;5;3;0;0;1;0;1;0;0;0;784732,3607;5828648,515;13,19861;52,53335
21519;197169;11;3;3040614;2019;7;14;5;3;2;6;0;0;1;0;0;0;0;0;800057,0513;5835757,408;13,43029;52,58885
21520;197170;11;7;7040403;2019;7;22;5;3;5;2;2;1;1;0;0;0;0;1;797851,2133;5821927,683;13,38544;52,4661
21521;197171;11;1;1033203;2019;7;13;5;3;6;4;0;1;0;1;0;0;0;0;796597,8888;5830356,901;13,37456;52,54234
21522;197172;11;4;4030415;2019;7;19;5;2;0;7;0;1;0;0;0;0;0;0;790971,4214;5827411,11;13,28925;52,51896
21523;197173;11;1;1011201;2019;7;13;5;3;6;6;0;1;0;1;0;0;0;0;797398,0218;5826955,837;13,38328;52,51141
21524;197174;11;2;2050803;2019;7;20;5;3;2;6;0;0;1;0;1;0;0;0;803042,268;5825825,851;13,46517;52,49818
21525;197175;11;1;1033102;2019;7;19;5;3;6;4;0;0;1;1;0;0;0;0;797359,5557;5831214,526;13,38652;52,54961
21526;197176;11;2;2050601;2019;7;13;5;3;2;7;0;0;1;0;1;0;0;0;801911,5697;5828869,829;13,45132;52,52609
21527;197177;11;2;2030302;2019;7;20;5;3;5;3;0;1;0;0;0;0;0;0;800915,6175;5826359,864;13,43442;52,50414
21528;197178;11;10;10010310;2019;7;12;5;3;0;3;0;0;1;0;1;0;0;0;809539,7863;5831440,351;13,5658;52,54485
21529;197179;11;4;7030301;2019;7;12;5;2;5;3;0;0;1;0;0;0;0;0;793366,333;5822846,322;13,32042;52,47676
21530;197180;11;5;5020625;2019;7;11;5;3;5;2;0;0;1;0;1;0;0;0;784341,644;5828351,942;13,19261;52,5309