;OBJECTID;LAND;BEZ;LOR;UJAHR;UMONAT;USTUNDE;UWOCHENTAG;UKATEGORIE;UART;UTYP1;ULICHTVERH;IstRad;IstPKW;IstFuss;IstKrad;IstGkfz;IstSonstige;USTRZUSTAND;LINREFX;LINREFY;XGCSWGS84;YGCSWGS84
21741;197391;11;5;5020521;2019;7;10;3;3;2;6;0;0;1;0;0;0;0;0;779617,7478;5827822,114;13,12271;52,52859
21742;197392;11;7;7040401;2019;7;10;3;3;2;2;0;0;1;0;1;0;0;0;798741,9674;5823946,932;13,40032;52,48371
21743;197393;11;2;2030402;2019;7;10;3;3;0;1;0;1;0;0;0;0;0;0;801416,9208;5825630,388;13,44112;52,49733
21744;197394;11;1;1044203;2019;7;9;3;3;2;6;0;0;1;0;0;0;0;0;795375,1858;5831089,716;13,35723;52,54957
21745;197395;11;11;11051229;2019;7;9;3;3;5;2;0;1;1;0;0;0;0;0;804095,0153;5825995,295;13,48078;52,49911
21746;197396;11;4;4030518;2019;7;9;3;3;2;2;0;0;1;0;1;0;0;0;791474,7366;5828282,774;13,29741;52,52651
21747;197397;11;3;3061429;2019;7;9;3;3;1;5;0;1;1;0;0;0;0;0;801620,921;5830165,634;13,44823;52,53787
21748;197398;11;9;9051702;2019;7;7;3;3;5;7;0;1;0;0;0;0;1;0;814207,5313;5821766,947;13,62528;52,4555
21749;197399;11;3;3040512;2019;7;6;3;3;5;3;0;0;1;0;0;0;1;0;796278,303;5835300,553;13,37427;52,58683
21750;197400;11;11;11010205;2019;7;6;3;3;5;3;0;0;1;0;1;0;0;0;806501,8618;5833022,41;13,5226;52,56075
21751;197401;11;1;1011301;2019;7;6;3;3;5;2;0;0;1;0;1;0;0;0;797556,1451;5828722,82;13,38718;52,52717
21752;197402;11;4;4051446;2019;7;3;3;3;5;3;2;1;1;0;0;0;0;0;792847,2806;5824332,448;13,31411;52,49036
21753;197403;11;1;1011303;2019;7;18;3;3;0;1;0;0;0;0;0;0;1;0;798485,4558;5828032,274;13,40022;52,52047
21754;197404;11;5;5020417;2019;7;13;3;3;1;5;0;1;1;0;0;0;0;0;781733,6368;5828491,503;13,15438;52,5335
21755;197405;11;1;1011301;2019;7;19;3;3;1;5;0;1;1;0;0;0;0;0;797482,0528;5828817,64;13,38618;52,52806
21756;197406;11;3;3061227;2019;7;7;2;3;5;3;0;0;1;0;0;0;0;0;799586,5108;5831413,305;13,41945;52,55017
21757;197407;11;4;4010102;2019;7;6;2;3;2;2;0;0;1;0;0;1;0;0;791672,953;5830679,627;13,30242;52,54789
21758;197408;11;7;7070701;2019;7;1;2;3;0;1;2;0;1;0;0;0;0;0;799160,2544;5816219,514;13,39954;52,41421
21759;197409;11;1;1011303;2019;7;15;2;3;5;3;0;1;1;0;0;0;0;0;799106,9793;5828466,091;13,40974;52,52402
21760;197410;11;3;3040614;2019;7;15;2;3;2;7;0;0;0;0;1;1;0;0;799980,5304;5835126,008;13,4286;52,58323
21761;197411;11;4;4051448;2019;7;17;2;3;5;2;0;1;1;0;0;0;0;1;793631,3299;5824864,161;13,32609;52,4947
21762;197412;11;4;4031032;2019;7;17;2;3;0;7;0;1;1;0;0;0;0;1;791839,1431;5824921,469;13,29982;52,49618
21763;197413;11;1;1033202;2019;7;13;2;3;5;2;0;1;1;0;0;0;0;0;797763,2654;5829744,614;13,39114;52,53621
21764;197414;11;1;1033202;2019;7;13;2;3;3;6;0;1;0;0;0;0;1;0;797705,0865;5829652,281;13,3902;52,53542
21765;197415;11;1;1044201;2019;7;16;2;3;2;7;0;0;1;0;0;0;0;0;796369,3878;5831657,559;13,37236;52,55412
21766;197416;11;1;1011201;2019;7;15;2;2;5;2;0;1;1;0;0;0;0;0;797471,2321;5826798,786;13,38421;52,50997
21767;197417;11;1;1033201;2019;7;15;2;3;1;1;0;0;1;0;0;0;0;0;797811,5894;5831131,418;13,39309;52,54862
21768;197418;11;5;5020626;2019;7;16;2;3;2;6;0;0;1;0;0;0;1;0;784702,1072;5827686,122;13,19734;52,52474
21769;197419;11;4;4020313;2019;7;14;2;2;3;6;0;0;1;0;0;0;0;0;790381,6894;5825984,707;13,27934;52,50649
21770;197420;11;4;4030415;2019;7;17;2;2;0;1;0;0;0;0;1;0;0;1;790732,0781;5827657,588;13,28594;52,5213
21771;197421;11;5;5010103;2019;7;21;2;3;9;1;1;0;1;0;0;0;0;1;784926,624;5831138,701;13,2036;52,55558
21772;197422;11;8;8010211;2019;7;20;2;3;2;7;1;0;1;0;1;0;0;0;800717,3842;5823850,426;13,42924;52,48176
21773;197423;11;12;12214424;2019;7;19;2;3;2;6;0;0;1;0;0;0;0;0;793509,8551;5832413,303;13,33097;52,56244
21774;197424;11;1;1044203;2019;7;19;2;3;1;5;0;1;1;0;0;0;1;0;795112,1716;5831237,511;13,35349;52,55104
21775;197425;11;2;2010103;2019;7;13;2;3;5;3;0;0;1;0;0;0;0;0;799022,9659;5826071,454;13,40636;52,5026
21776;197426;11;4;4030726;2019;7;13;2;3;5;2;0;0;1;0;1;0;0;0;792312,4101;5825381,533;13,30717;52,50005
21777;197427;11;1;1022106;2019;7;12;2;3;5;3;0;1;0;0;0;0;0;0;793831,3744;5828141,03;13,33192;52,52397
21778;197428;11;9;9051901;2019;7;12;2;3;5;3;0;0;1;0;0;0;0;0;811065,6118;5821224,398;13,57869;52,45243
21779;197429;11;11;11041022;2019;7;11;2;3;0;7;0;0;0;0;0;1;0;0;806591,6061;5827752,818;13,51906;52,51347
21780;197430;11;6;6020306;2019;7;11;2;3;5;3;0;0;1;0;0;0;1;0;796875,8598;5817496,01;13,36719;52,4269
21781;197431;11;9;9020501;2019;7;11;2;3;5;3;0;1;1;0;0;0;0;0;806409,5666;5822969,801;13,51199;52,4707
21782;197432;11;2;2010102;2019;7;9;2;3;2;6;0;1;0;0;0;0;0;0;798346,1963;5825563,927;13,39596;52,49842
21783;197433;11;11;11051332;2019;7;9;2;3;2;6;0;0;1;0;0;0;0;0;807217,6113;5824022,971;13,52482;52,47969
21784;197434;11;3;3040614;2019;7;8;2;3;5;3;0;1;1;0;0;0;0;0;798684,5131;5833804,311;13,40833;52,5721
21785;197435;11;1;1011301;2019;7;6;2;3;6;4;0;1;0;1;0;0;0;0;797087,5049;5828852,287;13,38041;52,52858
21786;197436;11;5;5010101;2019;7;10;2;3;5;2;0;1;1;0;0;0;0;0;785202,6906;5831163,583;13,20768;52,55565
21787;197437;11;4;4020311;2019;7;10;2;2;6;4;0;0;1;1;0;0;0;0;789756,334;5826384,785;13,2705;52,51041
21788;197438;11;3;3020210;2019;7;20;2;3;1;5;1;1;1;0;0;0;0;0;798149,9737;5835473,657;13,40197;52,58735
21789;197439;11;5;5010103;2019;7;11;2;3;6;2;0;0;1;1;0;0;0;0;783903,2146;5831186,961;13,18859;52,55654
21790;197440;11;9;9030901;2019;7;14;1;3;6;4;0;0;1;1;0;0;0;0;809277,9159;5817390,902;13,54892;52,41909
21791;197441;11;1;1044103;2019;7;19;1;3;2;6;0;0;1;0;0;0;0;0;794706,6407;5830843,821;13,34718;52,54773
21792;197442;11;3;3040818;2019;7;22;1;3;1;7;2;0;0;0;1;0;1;0;800149,2991;5831877,123;13,42814;52,55402
21793;197443;11;4;4051445;2019;7;19;1;3;1;5;0;0;1;0;1;0;0;0;791975,8154;5824146,324;13,30114;52,48916
21794;197444;11;3;3061131;2019;7;19;1;3;5;3;0;1;1;0;0;0;0;0;799136,13;5830553,416;13,41205;52,54271
21795;197445;11;6;6030503;2019;7;19;1;3;1;5;0;0;1;0;0;0;0;0;790696,3993;5817892,226;13,27691;52,43377
21796;197446;11;8;8010301;2019;7;18;1;3;0;2;0;0;1;0;0;0;1;0;800750,0551;5824332,298;13,43015;52,48606
21797;197447;11;9;9010202;2019;7;18;1;3;5;2;0;0;1;0;0;0;1;0;803842,6567;5823840,348;13,47511;52,47994
21798;197448;11;9;9031202;2019;7;17;1;2;5;3;0;0;1;0;1;0;0;0;818821,531;5812575,883;13,68421;52,37047
21799;197449;11;11;11030720;2019;7;16;1;3;3;6;0;0;1;0;1;0;0;0;805514,1552;5830038,116;13,50533;52,53455
21800;197450;11;11;11010309;2019;7;16;1;2;6;4;0;0;1;1;0;0;0;0;805043,606;5833518,386;13,50161;52,56601
21801;197451;11;11;11010102;2019;7;16;1;3;4;6;0;0;1;0;1;0;0;0;805830,8108;5834831,459;13,5144;52,57734
21802;197452;11;2;2040701;2019;7;15;1;3;5;3;0;0;1;0;1;0;0;0;800618,9241;5827215,663;13,43083;52,51198
21803;197453;11;5;5010207;2019;7;15;1;3;5;2;0;0;1;0;0;0;0;1;783691,1223;5830167,514;13,18459;52,54751
21804;197454;11;4;4061757;2019;7;14;1;3;2;6;0;1;1;0;0;0;0;0;785817,4789;5825053,083;13,21147;52,50055
21805;197455;11;9;9020801;2019;7;14;1;3;1;5;0;1;1;0;0;0;0;0;810570,0901;5820665,306;13,5709;52,4477
21806;197456;11;4;4030930;2019;7;14;1;3;1;5;0;1;1;0;0;0;0;0;792933,6467;5825549,874;13,31645;52,50123
21807;197457;11;1;1022104;2019;7;15;1;3;8;1;0;0;1;0;0;0;1;0;794423,8217;5828948,138;13,34134;52,53089
21808;197458;11;12;12301206;2019;7;10;1;3;5;3;0;0;1;0;0;0;0;1;793890,5372;5837581,197;13,34115;52,60857
21809;197459;11;8;8010301;2019;7;2;1;2;1;5;2;1;1;0;0;0;0;1;801218,4211;5824851,347;13,4375;52,49046
21810;197460;11;1;1033102;2019;7;22;1;2;0;7;2;0;0;0;0;0;1;0;797411,7651;5831253,655;13,38732;52,54993
21811;197461;11;3;3061228;2019;7;20;7;3;5;2;1;1;1;0;0;0;0;0;800624,1669;5831371,523;13,43467;52,54923
21812;197462;11;1;1033203;2019;7;18;7;3;6;4;0;0;1;1;0;0;0;0;797351,5866;5831186,295;13,38638;52,54936
21813;197463;11;12;12224230;2019;7;22;7;3;6;7;2;1;0;1;0;0;0;1;787238,4723;5837814,425;13,24339;52,61421
21814;197464;11;7;7010104;2019;7;20;7;3;5;2;0;0;1;0;0;0;1;0;796014,0049;5824955,601;13,36116;52,49424
21815;197465;11;12;12214424;2019;7;20;7;3;2;2;0;0;1;0;0;0;0;0;793267,6298;5832584,139;13,32756;52,56411
21816;197466;11;8;8010301;2019;7;18;7;2;5;2;0;0;1;0;1;0;0;0;800663,9273;5824384,824;13,42894;52,48658
21817;197467;11;11;11010102;2019;7;17;7;3;9;1;0;0;1;0;0;0;0;0;806362,865;5835157,976;13,52253;52,57996
21818;197468;11;1;1022201;2019;7;17;7;3;5;7;0;0;1;0;1;0;0;0;795079,6277;5829098,479;13,35112;52,53188
21819;197469;11;7;7010102;2019;7;16;7;2;1;5;0;1;1;0;0;0;0;0;794959,2689;5825281,655;13,34596;52,49773
21820;197470;11;4;4010101;2019;7;16;7;3;5;3;0;1;1;0;0;0;0;0;790669,1179;5829639,788;13,28675;52,5391
21821;197471;11;3;3050923;2019;7;16;7;3;8;1;0;0;0;0;0;0;1;0;800910,4538;5832110,499;13,43954;52,55569
21822;197472;11;4;4051445;2019;7;15;7;3;5;2;0;1;1;0;0;0;0;0;792061,585;5824052,229;13,30232;52,48827
21823;197473;11;4;4020314;2019;7;14;7;3;2;6;0;0;1;0;1;0;0;0;790363,3212;5825570,779;13,2787;52,50279
21824;197474;11;4;4051654;2019;7;13;7;2;5;2;0;0;1;0;0;0;0;0;793433,5209;5823929,36;13,32236;52,48643
21825;197475;11;11;11030720;2019;7;12;7;2;2;6;0;0;1;0;0;0;0;0;805112,0017;5829972,509;13,49936;52,53419
21826;197476;11;6;6020409;2019;7;12;7;3;3;6;0;0;1;0;1;0;0;0;793238,1486;5816841,304;13,31327;52,42299
21827;197477;11;7;7050502;2019;7;11;7;3;5;2;0;0;1;0;0;0;0;0;797576,81;5818421,451;13,37829;52,43482
21828;197478;11;7;7060604;2019;7;11;7;3;5;3;0;1;1;0;0;0;0;0;795889,7709;5815352,929;13,35083;52,40822
21829;197479;11;10;10020412;2019;7;10;7;3;5;3;0;1;1;0;0;0;0;0;811314,4224;5831721,137;13,59215;52,54635
21830;197480;11;3;3020307;2019;7;10;7;2;6;3;0;0;1;1;0;0;0;0;800073,7201;5837478,547;13,4321;52,60427
21831;197481;11;5;5030730;2019;7;9;7;3;0;6;0;0;0;0;0;0;1;0;786050,9259;5829162,042;13,21843;52,53726
21832;197482;11;9;9010201;2019;7;9;7;2;6;2;0;0;1;1;0;0;0;0;802660,822;5824427,915;13,45829;52,48586
21833;197483;11;12;12214421;2019;7;8;7;3;5;3;0;0;1;0;1;0;0;0;793309,3532;5833875,298;13,32931;52,57566
21834;197484;11;8;8020619;2019;7;18;7;3;5;3;0;0;1;0;0;0;0;0;801860,1336;5821749,947;13,44411;52,4623
21835;197485;11;3;3050923;2019;7;22;7;3;5;2;2;1;0;0;0;0;1;1;800598,249;5831859,304;13,43473;52,55361
21836;197486;11;5;5010310;2019;7;14;6;3;2;6;0;0;1;0;0;0;0;0;784758,5282;5830452,191;13,20054;52,54951
21837;197487;11;6;6010209;2019;7;16;6;3;5;3;0;0;1;0;0;0;0;0;794297,0485;5820851,728;13,33233;52,45838
21838;197488;11;5;5020521;2019;7;19;6;2;5;3;0;0;1;0;0;0;0;0;780018,3664;5827865,477;13,12863;52,52877
21839;197489;11;1;1011201;2019;7;18;6;3;5;3;0;0;1;0;1;0;0;0;796971,2111;5826858,103;13,37692;52,51077
21840;197490;11;3;3061227;2019;7;16;6;2;5;3;0;0;1;0;1;0;0;1;800086,2845;5831671,075;13,42703;52,55221
21841;197491;11;12;12304314;2019;7;15;6;3;2;6;0;0;1;0;0;0;0;0;791255,5223;5836431,173;13,30134;52,59967
21842;197492;11;11;11020516;2019;7;14;6;3;4;6;0;0;1;0;0;1;0;0;805713,464;5830900,713;13,50906;52,54217
21843;197493;11;2;2040702;2019;7;13;6;3;2;7;0;0;0;0;1;1;0;0;801777,7042;5827424,505;13,44804;52,51321
21844;197494;11;5;5020419;2019;7;12;6;3;5;2;0;0;1;0;0;0;0;0;780873,0764;5828322,241;13,14159;52,53243
21845;197495;11;12;12301203;2019;7;11;6;3;0;5;0;1;1;0;0;0;1;0;793235,7463;5835960,562;13,33008;52,59439
21846;197496;11;1;1011303;2019;7;10;6;3;2;6;0;0;0;0;1;0;1;0;799248,351;5828469,191;13,41182;52,52397
21847;197497;11;6;6020303;2019;7;10;6;3;5;2;0;1;1;0;0;0;0;0;795348,9043;5818441,799;13,34563;52,43621
21848;197498;11;1;1011203;2019;7;8;6;3;5;3;0;1;1;0;0;0;0;0;797761,9208;5827443,002;13,38906;52,51558
21849;197499;11;5;5010206;2019;7;22;6;3;2;2;2;0;1;0;1;0;0;0;782374,2671;5830505,233;13,16551;52,55123
21850;197500;11;8;8020620;2019;7;20;6;3;5;3;2;0;1;0;0;0;0;0;800893,7323;5821468,207;13,42968;52,46031
21851;197501;11;2;2050804;2019;7;16;6;3;0;1;0;0;0;0;1;0;0;1;803212,0236;5825840,015;13,46767;52,49821
21852;197502;11;1;1011104;2019;7;12;6;2;6;2;0;0;0;1;0;0;1;0;796622,5384;5825637,032;13,37071;52,50002
21853;197503;11;4;4020313;2019;7;10;6;2;5;3;0;0;1;0;0;0;0;0;790471,356;5826697,152;13,28127;52,51283
21854;197504;11;11;11030619;2019;7;16;6;3;0;1;0;0;0;0;1;0;0;1;804119,0134;5829830,649;13,48464;52,53348
21855;197505;11;1;1011302;2019;7;17;6;3;0;1;0;1;0;0;0;0;0;1;798551,2712;5828965,436;13,40202;52,5288
21856;197506;11;10;10030724;2019;8;15;3;3;0;2;0;1;1;0;0;0;0;1;809183,9232;5830215,01;13,55943;52,53407
21857;197507;11;3;3040818;2019;8;17;3;1;5;5;0;0;0;0;0;0;1;0;799689,7096;5832577,9;13,42201;52,56055
21858;197508;11;8;8020621;2019;8;13;2;3;3;6;0;1;1;0;0;0;0;0;800988,8133;5819508,749;13,42931;52,44269
21859;197509;11;1;1011105;2019;8;22;2;3;1;5;2;1;1;0;0;0;0;0;796694,0784;5826907,377;13,37289;52,51136
21860;197510;11;4;4020311;2019;8;17;2;3;0;1;0;0;0;0;1;0;0;0;789934,7848;5826209,149;13,27296;52,50874
21861;197511;11;4;4030621;2019;8;16;2;3;2;2;0;0;1;0;0;0;1;0;793508,1029;5827633,456;13,32672;52,5196
21862;197512;11;1;1011302;2019;8;16;2;3;3;6;0;1;1;0;0;0;0;0;798343,1575;5828962,346;13,39896;52,52888
21863;197513;11;4;4030417;2019;8;16;2;3;5;3;0;1;1;0;0;0;0;0;790855,6336;5826736,783;13,28696;52,51298
21864;197514;11;9;9020601;2019;8;9;2;3;5;2;0;1;0;0;0;0;1;0;805794,606;5821825,33;13,50192;52,46079
21865;197515;11;4;4051655;2019;8;17;2;3;3;6;0;1;1;0;0;0;0;0;794178,0473;5824120,51;13,33346;52,48774
21866;197516;11;9;9052001;2019;8;16;2;3;0;2;0;1;0;0;0;0;1;0;809215,9385;5823033,132;13,55323;52,46969
21867;197517;11;3;3061430;2019;8;16;2;3;6;2;0;0;0;1;0;1;0;0;802304,781;5829214,319;13,45741;52,52896
21868;197518;11;9;9020702;2019;8;16;2;3;0;3;0;1;1;0;0;0;0;0;809182,6593;5819531,062;13,5495;52,43832
21869;197519;11;8;8010301;2019;8;15;2;3;2;6;0;0;1;0;0;0;0;0;800845,1669;5824283,899;13,43151;52,48558
21870;197520;11;7;7020204;2019;8;15;2;2;1;5;0;1;1;0;0;0;0;0;796145,7741;5824014,932;13,36226;52,48573
21871;197521;11;1;1022101;2019;8;15;2;3;0;2;0;1;1;0;0;0;0;0;793098,2877;5828963,683;13,32187;52,53174
21872;197522;11;7;7030303;2019;8;13;2;3;0;1;0;0;0;0;1;0;0;1;795889,5071;5820821,862;13,35567;52,45725
21873;197523;11;1;1011204;2019;8;11;2;3;5;3;0;1;0;0;0;0;1;0;797962,6729;5826580,54;13,39124;52,50774
21874;197524;11;2;2020203;2019;8;11;2;3;1;5;0;1;1;0;0;0;0;0;797035,7873;5823991,334;13,37531;52,48504
21875;197525;11;4;4030621;2019;8;11;2;3;6;7;0;1;0;1;0;0;0;0;793162,6303;5827770,961;13,32177;52,52101
21876;197526;11;8;8041035;2019;8;11;2;3;5;7;0;0;1;0;1;0;0;0;804345,654;5818310,531;13,47745;52,4301
21877;197527;11;6;6010206;2019;8;11;2;3;5;3;0;0;1;0;0;0;0;0;794730,9606;5820070,642;13,338;52,45114
21878;197528;11;1;1011202;2019;8;8;2;2;5;3;0;1;1;0;0;0;0;0;798550,2721;5827802,738;13,40097;52,51838
21879;197529;11;7;7070703;2019;8;8;2;3;5;2;0;1;1;0;0;0;0;0;799802,6047;5813185,422;13,40624;52,38667
21880;197530;11;1;2040701;2019;8;8;2;3;2;6;0;0;1;0;0;0;1;0;800251,8139;5827564,013;13,42575;52,5153
21881;197531;11;8;8010117;2019;8;8;2;3;5;2;0;1;1;0;0;0;0;0;800477,1364;5823615,274;13,4255;52,47978
21882;197532;11;4;4020311;2019;8;7;2;3;2;6;0;0;1;0;0;0;0;0;789431,5024;5826660,338;13,26596;52,51305
21883;197533;11;3;3040614;2019;8;7;2;3;2;7;0;0;1;0;0;0;0;0;798846,4673;5834955,918;13,41176;52,58233
21884;197534;11;3;3040614;2019;8;10;2;3;0;3;0;1;0;0;0;0;1;0;799984,783;5835246,868;13,42877;52,58431
21885;197535;11;3;3050925;2019;8;7;2;3;5;2;0;0;1;0;1;0;0;0;801962,582;5831443,645;13,45441;52,54913
21886;197536;11;9;9010402;2019;8;6;2;3;5;3;0;1;1;0;0;0;0;0;806494,525;5820614,202;13,51107;52,44954
21887;197537;11;2;2030401;2019;8;2;2;3;5;3;2;0;1;0;0;0;1;0;800519,5831;5825464,878;13,42779;52,49634
21888;197538;11;1;1033203;2019;8;6;2;3;1;5;0;1;1;0;0;0;0;0;797099,6089;5830996,804;13,3825;52,5478
21889;197539;11;3;3051017;2019;8;10;2;3;2;6;0;0;1;0;0;0;0;0;802911,368;5833188,512;13,46995;52,56424
21890;197540;11;6;6010208;2019;8;9;2;3;5;2;0;0;1;0;1;0;0;0;794108,7055;5820903,111;13,32961;52,45894
21891;197541;11;10;10030725;2019;8;9;2;3;2;6;0;0;1;0;0;0;0;0;809583,1018;5828033,338;13,56327;52,51429
21892;197542;11;5;5010313;2019;8;9;2;3;5;2;0;1;1;0;0;0;0;0;784580,4094;5829771,713;13,19733;52,5435
21893;197543;11;7;7040401;2019;8;4;1;3;2;6;2;0;1;0;0;0;0;0;797751,0534;5823954,123;13,38578;52,48432
21894;197544;11;3;3051017;2019;8;17;1;2;0;1;0;1;0;0;0;0;0;0;804141,6584;5832425,905;13,48735;52,55672
21895;197545;11;1;1011201;2019;8;13;1;3;0;1;0;0;0;0;1;0;0;0;796957,468;5826861,653;13,37672;52,51081
21896;197546;11;1;1011303;2019;8;0;1;3;0;1;2;0;0;0;0;0;1;0;799101,3121;5828264,602;13,40948;52,52221
21897;197547;11;5;5010314;2019;8;12;1;3;2;6;0;0;1;0;1;0;1;0;785277,1754;5829298,541;13,20717;52,53889
21898;197548;11;3;3030406;2019;8;17;1;3;5;3;0;0;1;0;1;0;0;0;804148,1813;5838509,244;13,49303;52,61124
21899;197549;11;6;6020303;2019;8;16;1;3;5;3;0;0;1;0;1;0;0;0;795357,9475;5818459,732;13,34578;52,43636
21900;197550;11;5;5020522;2019;8;13;1;3;2;6;0;0;1;0;0;0;0;0;781831,5477;5827188,266;13,15472;52,52176
21901;197551;11;5;5030730;2019;8;12;1;3;3;6;0;0;1;0;1;0;0;0;785667,9962;5829287,353;13,21291;52,53859
21902;197552;11;4;4051447;2019;8;4;1;3;1;5;2;0;1;0;0;0;1;0;793227,5015;5825204,887;13,32046;52,49798
21903;197553;11;3;3040614;2019;8;4;1;3;5;3;2;0;1;0;0;0;0;0;798602,6767;5833049,917;13,40645;52,56538
21904;197554;11;11;11010101;2019;8;18;1;3;0;7;0;1;0;0;0;0;0;0;804137,6143;5834704,442;13,48938;52,57715
21905;197555;11;2;2030402;2019;8;0;1;3;0;5;2;1;1;0;0;0;1;0;801991,933;5825603,084;13,44954;52,49677
21906;197556;11;1;1011101;2019;8;21;1;3;1;5;2;1;1;0;0;0;0;0;794525,6392;5826093,588;13,34031;52,50524
21907;197557;11;8;8020620;2019;8;20;1;2;5;3;1;0;1;0;0;0;0;0;801176,6426;5820600,381;13,43305;52,45238
21908;197558;11;2;2020204;2019;8;19;1;3;0;1;0;1;0;0;0;0;0;0;798295,803;5825335,049;13,39501;52,4964
21909;197559;11;11;11051332;2019;8;19;1;3;0;1;0;1;0;0;0;0;0;0;807244,2199;5824179,594;13,52535;52,48108
21910;197560;11;12;12214424;2019;8;21;7;3;2;6;0;0;1;0;0;0;0;0;792918,752;5832171,662;13,32206;52,5606
21911;197561;11;2;2030302;2019;8;14;7;3;4;6;0;1;0;0;0;0;1;0;800759,6584;5825807,211;13,43163;52,49928
21912;197562;11;12;12214527;2019;8;14;7;3;2;6;0;0;1;0;0;0;0;0;790476,4778;5834680,712;13,28833;52,5844
21913;197563;11;12;12214422;2019;8;19;7;3;5;3;0;0;1;0;0;0;0;0;791742,429;5832955,592;13,30545;52,56826
21914;197564;11;4;4041136;2019;8;13;7;3;6;4;0;0;1;1;0;0;0;0;789636,0109;5823315,306;13,26606;52,48295
21915;197565;11;8;8041035;2019;8;13;7;3;5;3;0;1;1;0;0;0;0;0;804307,6774;5819649,526;13,47812;52,44212
21916;197566;11;2;2030301;2019;8;15;7;3;2;6;0;1;1;0;0;0;0;0;799983,5511;5826185,739;13,42057;52,5031
21917;197567;11;8;8020727;2019;8;15;7;3;1;5;0;1;1;0;0;0;0;0;801494,5371;5817761,548;13,43515;52,42676
21918;197568;11;8;8030831;2019;8;17;7;3;5;2;0;1;1;0;0;0;0;0;804102,8817;5817517,229;13,47317;52,42312
21919;197569;11;12;12214424;2019;8;15;7;3;5;2;0;0;1;0;0;0;0;0;793297,9642;5832586,726;13,32801;52,56411
21920;197570;11;1;1033101;2019;8;15;7;3;6;4;0;0;1;1;0;0;0;0;796949,0676;5832582,088;13,38171;52,56209
21921;197571;11;3;3020209;2019;8;17;7;2;5;3;0;0;1;0;1;0;0;0;797958,8765;5835932,98;13,39957;52,59158
21922;197572;11;5;5020625;2019;8;16;7;3;0;2;0;1;1;0;0;0;0;0;784029,1293;5828512,442;13,18815;52,5325
21923;197573;11;9;9020701;2019;8;17;7;2;2;6;0;0;1;0;1;0;0;0;809337,736;5818509,287;13,55083;52,42908
21924;197574;11;10;10040828;2019;8;18;7;3;5;3;0;0;1;0;0;0;0;0;812423,4106;5829322,003;13,6062;52,52422
21925;197575;11;2;2050602;2019;8;19;7;3;0;1;0;1;0;0;0;0;0;0;802192,2314;5828107,844;13,45475;52,51911
21926;197576;11;1;1011401;2019;8;19;7;2;1;5;0;1;0;0;0;0;1;0;797604,817;5829222,413;13,38834;52,53162
21927;197577;11;12;12214424;2019;8;23;7;3;5;2;2;0;1;0;1;0;0;0;792908,9831;5832163,636;13,32191;52,56053
21928;197578;11;9;9010301;2019;8;22;7;3;0;3;2;0;1;0;1;0;0;0;804758,3299;5822290,433;13,48714;52,46554
21929;197579;11;6;6020410;2019;8;23;7;3;5;3;2;1;0;0;0;0;0;0;794133,631;5817331,112;13,32683;52,4269
21930;197580;11;12;12103117;2019;8;13;7;2;2;7;0;1;1;0;0;0;0;0;796697,2496;5832997,085;13,37838;52,56595
21931;197581;11;4;4020311;2019;8;11;7;3;5;5;0;0;1;0;1;0;0;0;789108,9976;5827326,726;13,2618;52,5192
21932;197582;11;4;4030931;2019;8;11;7;3;2;6;0;1;1;0;0;0;0;0;794029,5785;5826123,672;13,33305;52,50578
21933;197583;11;4;4030725;2019;8;11;7;3;2;6;0;1;1;0;0;0;0;0;791323,4101;5826066,443;13,29324;52,50672
21934;197584;11;1;1044201;2019;8;10;7;3;0;2;0;0;0;0;0;1;1;0;796977,257;5831917,222;13,38153;52,55612
21935;197585;11;11;11051229;2019;8;1;7;2;6;4;2;0;1;1;0;0;0;0;803792,3675;5826174,458;13,4765;52,50089
21936;197586;11;8;8020727;2019;8;14;6;2;6;4;0;0;1;1;0;0;0;0;801527,5653;5817384,764;13,4353;52,42336
21937;197587;11;5;5010313;2019;8;0;6;3;6;2;2;0;0;1;0;0;1;0;785039,0148;5829825,629;13,20413;52,54374
21938;197588;11;1;1044201;2019;8;16;6;3;5;3;0;1;1;0;0;0;0;0;795860,801;5831121,351;13,3644;52,54959
21939;197589;11;12;12103218;2019;8;18;6;3;0;2;0;1;1;0;0;0;0;0;794511,5874;5834270,775;13,34735;52,57855
21940;197590;11;1;1011301;2019;8;9;6;3;6;7;0;0;0;1;0;0;1;0;797573,5057;5828588,184;13,38732;52,52595
21941;197591;11;1;1022201;2019;8;14;6;2;5;3;0;0;1;0;1;0;0;0;795091,1428;5828855,464;13,35107;52,5297
21942;197592;11;2;2010101;2019;8;18;6;3;0;2;0;1;1;0;0;0;0;1;797844,167;5825634,055;13,38865;52,49932
21943;197593;11;1;1044201;2019;8;11;6;3;5;5;0;0;1;0;0;0;0;0;796602,2082;5831240,986;13,37541;52,55026
21944;197594;11;3;3030406;2019;8;11;6;3;0;5;0;1;0;0;0;0;0;0;803016,6304;5838438,872;13,4763;52,61124
21945;197595;11;2;2040701;2019;8;15;6;3;5;2;0;1;1;0;0;0;0;0;800154,6356;5827339,713;13,42412;52,51335
21946;197596;11;8;8010404;2019;8;14;6;3;6;4;0;0;1;1;0;0;0;0;802027,1344;5823490,961;13,44814;52,47782
21947;197597;11;4;4051445;2019;8;14;6;3;5;3;0;0;0;0;1;0;1;0;792459,7366;5824274,246;13,30836;52,49004
21948;197598;11;6;6010102;2019;8;13;6;3;1;5;0;1;0;0;0;0;1;0;793219,8801;5821326,368;13,31693;52,46321
21949;197599;11;7;7020203;2019;8;13;6;3;2;6;0;0;1;0;1;0;0;0;795666,0311;5824476,945;13,35563;52,49013
21950;197600;11;4;4010102;2019;8;12;6;3;5;7;0;0;1;0;1;0;0;0;793041,3872;5829760,398;13,32174;52,53891