;OBJECTID;LAND;BEZ;LOR;UJAHR;UMONAT;USTUNDE;UWOCHENTAG;UKATEGORIE;UART;UTYP1;ULICHTVERH;IstRad;IstPKW;IstFuss;IstKrad;IstGkfz;IstSonstige;USTRZUSTAND;LINREFX;LINREFY;XGCSWGS84;YGCSWGS84
22161;197811;11;8;8010406;2019;8;18;3;3;1;5;1;1;1;0;0;0;0;0;801886,179;5824407,018;13,4469;52,4861
22162;197812;11;7;7040403;2019;8;18;3;3;6;2;0;0;1;1;0;0;0;0;797839,4215;5822204,983;13,38552;52,46859
22163;197813;11;7;7010102;2019;8;18;3;3;6;4;0;0;1;1;0;0;0;0;794949,8822;5825395,214;13,34593;52,49875
22164;197814;11;10;10040933;2019;8;18;3;3;1;5;0;1;1;0;0;0;0;0;812119,7102;5825410,824;13,59807;52,48935
22165;197815;11;3;3071633;2019;8;17;3;3;3;6;0;1;0;0;0;0;0;0;800030,146;5830416,315;13,42507;52,54099
22166;197816;11;8;8010214;2019;8;17;3;3;5;2;0;1;1;0;0;0;0;0;801751,4353;5822053,178;13,44279;52,46508
22167;197817;11;2;2050801;2019;8;17;3;3;5;2;0;1;1;0;0;0;0;0;802742,3509;5827484,842;13,46227;52,51322
22168;197818;11;7;7030301;2019;8;17;3;3;2;2;0;1;1;0;0;0;0;0;793962,185;5822011,868;13,32843;52,46896
22169;197819;11;7;7040403;2019;8;17;3;2;0;1;0;0;0;0;0;0;1;0;797637,6352;5821170,737;13,38163;52,45943
22170;197820;11;1;1011303;2019;8;8;3;3;0;6;0;1;0;0;0;0;0;0;799178,2548;5828665,568;13,41097;52,52577
22171;197821;11;2;2050803;2019;8;12;3;3;0;7;0;0;0;0;1;0;0;0;802060,8305;5826223,753;13,45111;52,50229
22172;197822;11;1;1011204;2019;8;16;3;3;5;3;0;1;1;0;1;0;0;0;798578,17;5826868,996;13,40054;52,50999
22173;197823;11;7;7040403;2019;8;15;3;3;5;2;0;0;1;0;1;0;0;0;797348,8816;5821927,388;13,37807;52,46637
22174;197824;11;9;9010202;2019;8;15;3;3;2;1;0;0;1;0;0;0;0;0;804136,8475;5822925,76;13,47859;52,47158
22175;197825;11;4;4030725;2019;8;14;3;3;5;3;0;0;1;0;1;0;0;0;791289,8649;5826076,601;13,29276;52,50683
22176;197826;11;12;12214125;2019;8;14;3;3;2;6;0;0;1;0;0;0;0;0;788035,6558;5830933,77;13,24915;52,5521
22177;197827;11;5;5020628;2019;8;13;3;3;2;6;0;0;1;0;0;0;0;0;784742,3057;5826399,867;13,19683;52,51318
22178;197828;11;4;4051653;2019;8;13;3;3;5;2;0;1;0;0;0;1;0;0;793970,2454;5824451,222;13,3307;52,49082
22179;197829;11;3;3050925;2019;8;16;3;3;3;6;0;1;1;0;0;0;0;0;802435,844;5831508,359;13,46143;52,54945
22180;197830;11;4;4051655;2019;8;15;3;2;5;2;0;0;1;0;0;0;0;0;793999,777;5824056,737;13,33079;52,48727
22181;197831;11;9;9052001;2019;8;12;3;3;5;7;0;0;1;0;0;0;1;0;811154,3715;5822083,013;13,58079;52,46007
22182;197832;11;8;8020727;2019;8;15;3;3;1;5;0;0;1;0;0;0;0;0;800387,6822;5816784,153;13,41804;52,4186
22183;197833;11;9;9051702;2019;8;12;3;3;1;5;0;1;0;0;0;0;1;0;814205,0237;5821576,376;13,62507;52,45379
22184;197834;11;1;1011304;2019;8;11;3;3;3;7;0;1;1;0;0;0;0;0;799728,6442;5827524,534;13,41803;52,51524
22185;197835;11;1;1011103;2019;8;8;3;3;2;6;0;1;1;0;0;0;0;0;796089,5964;5825998,886;13,3632;52,50355
22186;197836;11;5;5020626;2019;8;8;3;3;5;7;0;0;1;0;1;0;0;0;783420,0777;5827703,379;13,17851;52,52556
22187;197837;11;10;10010310;2019;8;11;3;3;2;6;0;0;1;0;0;1;0;0;808464,1155;5831133,874;13,5497;52,54271
22188;197838;11;3;3061126;2019;8;6;3;2;0;7;0;1;0;0;0;0;0;0;798179,4691;5831829,763;13,39913;52,55468
22189;197839;11;5;5020524;2019;8;10;3;3;0;2;0;1;1;0;0;0;0;0;783049,1199;5826060,425;13,17166;52,51102
22190;197840;11;1;1044101;2019;8;6;3;3;5;2;0;1;1;0;0;0;0;0;794020,8898;5830176,827;13,33651;52,54212
22191;197841;11;8;8010404;2019;8;1;3;3;6;7;2;0;0;1;0;0;1;0;801652,8494;5823740,411;13,44287;52,48026
22192;197842;11;9;9010302;2019;8;9;3;3;5;3;0;1;1;0;0;0;0;0;804361,0633;5819757,855;13,479;52,44306
22193;197843;11;10;10020413;2019;8;9;3;3;0;7;0;0;1;0;1;0;0;1;810838,046;5831023,101;13,58449;52,54037
22194;197844;11;8;8010404;2019;8;9;3;3;5;2;0;1;1;0;0;0;0;0;801515,4081;5823855,424;13,44096;52,48136
22195;197845;11;2;2040502;2019;8;8;3;3;5;3;0;0;1;0;1;0;0;0;800418,8943;5828048,477;13,42864;52,51955
22196;197846;11;5;5020523;2019;8;20;2;3;2;2;0;1;0;0;0;0;0;0;782821,3343;5827119,085;13,16921;52,52063
22197;197847;11;7;7030301;2019;8;12;2;3;2;7;0;1;1;0;0;0;0;0;794142,0076;5821828,56;13,33091;52,46722
22198;197848;11;4;4020310;2019;8;15;2;3;2;6;2;0;1;0;0;0;0;0;790138,3992;5827315,795;13,27692;52,51855
22199;197849;11;8;8030829;2019;8;20;2;3;5;2;0;1;0;0;0;1;0;0;803150,1434;5818453,026;13,46005;52,43204
22200;197850;11;11;11030618;2019;8;19;2;3;6;4;0;1;0;1;0;0;0;0;803090,1344;5829555,484;13,46927;52,53158
22201;197851;11;10;10020416;2019;8;18;2;3;5;2;0;1;1;0;0;0;0;0;813242,0154;5831082,86;13,61988;52,53953
22202;197852;11;7;7050505;2019;8;18;2;2;5;5;0;0;1;0;0;0;0;0;799660,4191;5819025,7;13,40939;52,43909
22203;197853;11;1;1011401;2019;8;20;2;2;1;5;1;1;0;0;0;0;1;0;797888,4508;5829287,764;13,39257;52,53205
22204;197854;11;11;11020514;2019;8;15;2;3;0;2;0;0;1;0;1;0;0;0;804196,7879;5830673,15;13,48655;52,54098
22205;197855;11;5;5020627;2019;8;18;2;3;5;2;0;1;1;0;0;0;0;0;785941,5643;5827986,124;13,21582;52,52678
22206;197856;11;1;1011204;2019;8;17;2;3;5;2;0;0;1;0;1;0;0;0;798619,0623;5826919,345;13,40118;52,51042
22207;197857;11;7;7010104;2019;8;13;2;3;6;7;0;1;0;1;0;0;0;0;796138,2204;5824930,94;13,36297;52,49395
22208;197858;11;2;2010101;2019;8;13;2;3;2;6;0;1;0;0;0;0;0;0;797860,0672;5825617,782;13,38887;52,49917
22209;197859;11;4;4041137;2019;8;13;2;3;5;3;0;0;1;0;0;0;0;0;791265,9289;5823330,345;13,29001;52,48222
22210;197860;11;2;2020203;2019;8;17;2;3;0;2;0;0;1;0;1;0;0;0;796946,3943;5824394,82;13,37436;52,4887
22211;197861;11;5;5020521;2019;8;16;2;3;0;2;0;1;1;0;0;0;0;0;779764,0754;5827777,819;13,12482;52,52812
22212;197862;11;11;11051229;2019;8;16;2;2;0;7;0;1;0;0;0;0;0;0;804813,1794;5825374,69;13,49076;52,49315
22213;197863;11;12;12301205;2019;8;16;2;3;5;3;0;1;1;0;0;0;0;0;791868,0067;5836954,407;13,31082;52,60404
22214;197864;11;5;5020523;2019;8;16;2;3;0;4;0;0;0;1;0;0;1;0;783257,7747;5827579,934;13,17602;52,52454
22215;197865;11;5;5010314;2019;8;15;2;3;2;2;0;0;1;0;0;0;1;0;784100,7328;5829006,197;13,18963;52,53689
22216;197866;11;10;10010102;2019;8;15;2;2;5;3;0;0;1;0;1;0;0;0;809134,105;5833829,102;13,56206;52,56649
22217;197867;11;12;12214421;2019;8;15;2;3;6;2;0;0;1;1;0;0;0;0;793384,0558;5833148,659;13,32977;52,5691
22218;197868;11;11;11030721;2019;8;14;2;3;0;2;0;1;0;0;0;0;1;0;803705,0328;5828330,214;13,47718;52,52026
22219;197869;11;1;1011301;2019;8;14;2;3;3;5;0;1;1;0;0;0;0;0;797306,4507;5829022,234;13,38378;52,52999
22220;197870;11;6;6030609;2019;8;15;2;3;5;3;0;0;1;0;0;0;0;0;793290,113;5818935,465;13,31587;52,44174
22221;197871;11;4;4051551;2019;8;10;2;3;5;3;0;1;1;0;0;0;0;0;792863,3672;5823178,646;13,31333;52,48001
22222;197872;11;12;12214424;2019;8;10;2;3;5;2;0;1;1;0;0;0;0;0;793055,1391;5832658,344;13,3245;52,56489
22223;197873;11;3;3020307;2019;8;9;2;3;6;3;0;0;1;1;0;0;0;0;800087,0474;5837531,421;13,43234;52,60473
22224;197874;11;11;11041023;2019;8;12;2;2;5;3;0;1;1;0;0;0;0;0;807525,5288;5827503,379;13,53255;52,51071
22225;197875;11;2;2030302;2019;8;12;2;3;0;1;0;1;0;0;0;0;0;0;800646,4438;5826254,01;13,43037;52,50334
22226;197876;11;9;9041601;2019;8;10;2;3;5;5;0;0;1;0;0;0;0;0;819645,0591;5816369,295;13,69988;52,40398
22227;197877;11;1;3071537;2019;8;8;2;3;2;6;0;0;1;0;1;0;0;0;799500,4357;5828868,571;13,41589;52,52741
22228;197878;11;7;7010102;2019;8;8;2;3;5;3;0;1;1;0;0;0;0;0;795423,7898;5825487,401;13,35297;52,49932
22229;197879;11;7;7020203;2019;8;8;2;3;3;6;0;1;1;0;0;0;0;0;795874,135;5824078,934;13,35833;52,48645
22230;197880;11;1;1033202;2019;8;7;2;3;5;3;0;0;1;0;0;0;0;0;797763,6967;5829744,291;13,39115;52,53621
22231;197881;11;4;4051446;2019;8;14;1;3;0;6;0;0;1;0;1;0;0;0;792381,961;5825033,942;13,30789;52,4969
22232;197882;11;8;8020623;2019;8;10;1;3;0;6;0;1;1;0;0;0;0;0;804144,7695;5819483,094;13,47557;52,44072
22233;197883;11;8;8010117;2019;8;22;1;3;5;2;2;1;1;0;0;0;0;0;800111,2893;5822904,316;13,41949;52,47361
22234;197884;11;8;8010303;2019;8;21;1;3;0;1;2;0;0;0;1;0;0;0;800339,6602;5824354,172;13,42415;52,48648
22235;197885;11;2;2020203;2019;8;14;1;3;5;3;0;1;1;0;0;0;0;0;797275,9293;5824816,059;13,37957;52,4923
22236;197886;11;12;12214423;2019;8;14;1;3;1;5;0;0;1;0;0;0;0;0;792858,3941;5833870,252;13,32267;52,57586
22237;197887;11;6;6040808;2019;8;13;1;3;0;1;0;1;0;0;0;0;0;0;789584,8989;5819810,161;13,26227;52,45156
22238;197888;11;4;4020311;2019;8;13;1;3;5;3;0;0;1;0;1;0;0;0;788996,0302;5826983,544;13,25984;52,51618
22239;197889;11;6;6020410;2019;8;13;1;3;2;6;0;0;1;0;1;0;0;0;794085,5806;5817433,194;13,32621;52,42784
22240;197890;11;8;8010117;2019;8;13;1;3;5;2;0;0;1;0;0;0;0;0;800176,1067;5823648,15;13,42111;52,48024
22241;197891;11;3;3061228;2019;8;12;1;3;0;1;0;1;0;0;0;0;0;0;800929,0775;5831159,84;13,43896;52,54716
22242;197892;11;2;2030302;2019;8;12;1;3;5;3;0;0;1;0;0;0;0;0;800796,8265;5826165,377;13,4325;52,50247
22243;197893;11;4;4041134;2019;8;12;1;3;2;6;0;0;1;0;1;0;0;0;790792,7268;5824821,024;13,28436;52,49584
22244;197894;11;1;1044201;2019;8;12;1;3;2;6;0;0;1;0;0;0;0;0;796963,9598;5831502,18;13,38096;52,5524
22245;197895;11;9;9051702;2019;8;20;1;3;2;5;0;0;1;0;0;0;0;0;814326,4736;5820802,051;13,62612;52,44678
22246;197896;11;11;11040926;2019;8;20;1;2;5;2;1;1;1;0;0;0;0;0;804474,4056;5826396,77;13,48672;52,5025
22247;197897;11;1;1022106;2019;8;19;1;3;5;2;0;1;1;0;0;0;0;0;793992,5718;5827833,022;13,33402;52,52112
22248;197898;11;9;9020802;2019;8;18;1;3;5;2;0;1;1;0;0;0;0;0;810216,1875;5819629,706;13,56475;52,43862
22249;197899;11;8;8010303;2019;8;18;1;3;5;3;0;0;1;0;1;0;0;0;800678,7454;5824253,229;13,42903;52,48539
22250;197900;11;10;10040932;2019;8;17;1;3;5;3;0;0;1;0;0;0;0;0;812999,9339;5827621,262;13,61307;52,50865
22251;197901;11;12;12231102;2019;8;17;1;3;5;3;0;0;1;0;1;0;0;0;789648,9775;5839735,083;13,28058;52,63015
22252;197902;11;5;5010207;2019;8;15;1;2;5;2;0;0;1;0;0;0;0;0;783691,3294;5830169,932;13,1846;52,54753
22253;197903;11;12;12302110;2019;8;15;1;3;2;6;0;0;1;0;0;0;1;0;794595,6775;5836263,882;13,35036;52,59637
22254;197904;11;6;6030503;2019;8;15;1;3;0;7;0;1;0;0;0;0;0;0;789964,618;5817497,545;13,26583;52,43062
22255;197905;11;8;8020727;2019;8;14;1;3;0;7;0;0;1;0;1;0;0;0;801507,9577;5817670,541;13,43527;52,42593
22256;197906;11;1;1044202;2019;8;10;1;3;1;5;0;1;1;0;0;0;0;0;795156,3639;5830167,974;13,35319;52,54143
22257;197907;11;9;9020702;2019;8;8;1;3;5;3;0;0;1;0;0;0;1;0;809444,0207;5820586,841;13,55431;52,44764
22258;197908;11;5;5010206;2019;8;7;4;3;5;2;0;0;1;0;1;0;0;0;781255,4552;5830769,401;13,14928;52,55417
22259;197909;11;5;5010314;2019;8;8;1;3;6;2;0;0;1;1;0;0;0;0;784801,8103;5828811,508;13,19977;52,53478
22260;197910;11;3;3020209;2019;8;1;1;3;1;5;2;1;1;0;0;0;0;0;798124,5781;5836519,194;13,40254;52,59674
22261;197911;11;3;3030716;2019;8;17;7;1;0;7;0;0;0;0;0;0;1;0;802912,7804;5833425,813;13,47019;52,56637
22262;197912;11;3;3061131;2019;8;12;7;3;0;4;0;1;0;1;0;0;0;0;798953,688;5831063,113;13,40983;52,54738
22263;197913;11;3;3040614;2019;8;13;7;3;5;2;0;1;1;0;0;0;0;0;797777,0326;5832954,963;13,39422;52,56498
22264;197914;11;4;4030623;2019;8;13;7;3;5;3;0;0;1;0;1;0;0;0;793817,307;5826074,512;13,32989;52,50545
22265;197915;11;11;11020412;2019;8;12;7;3;2;6;0;0;1;0;0;0;0;0;805592,4681;5831602,965;13,50792;52,54854
22266;197916;11;3;3030406;2019;8;12;7;3;5;3;0;0;1;0;0;0;0;0;802955,7318;5838465,458;13,47543;52,61151
22267;197917;11;9;9020501;2019;8;12;7;3;5;3;0;0;1;0;0;0;0;0;806607,5516;5822051,841;13,51405;52,46237
22268;197918;11;4;4041241;2019;8;11;7;3;5;3;0;1;1;0;0;0;0;0;792154,2991;5821844,666;13,30175;52,46843
22269;197919;11;5;5010101;2019;8;11;7;2;5;2;0;1;1;0;0;0;0;0;785222,4213;5831822,497;13,20854;52,56155
22270;197920;11;6;6020410;2019;8;11;7;3;2;2;0;0;1;0;0;0;0;0;794207,7702;5817194,552;13,3278;52,42564
22271;197921;11;9;9031001;2019;8;11;7;2;5;3;0;0;1;0;0;0;0;0;811120,4039;5814751,152;13,57347;52,39439
22272;197922;11;5;5020419;2019;8;11;7;3;5;3;0;1;1;0;0;0;0;0;781829,3196;5828449,786;13,15575;52,53308
22273;197923;11;9;9010302;2019;8;9;7;3;2;2;0;0;1;0;0;0;0;0;804949,5365;5820715,138;13,4885;52,45131
22274;197924;11;1;1011203;2019;8;9;7;3;5;3;0;0;1;0;0;0;0;0;797759,4375;5827447,8;13,38903;52,51563
22275;197925;11;12;12302212;2019;8;0;7;3;4;6;2;0;1;0;0;0;0;1;793079,8008;5837628,807;13,32926;52,60943
22276;197926;11;5;5030832;2019;8;19;7;3;2;6;0;0;1;0;0;0;0;0;788729,1278;5830509,299;13,25898;52,54793
22277;197927;11;4;4051655;2019;8;18;7;3;2;6;0;0;1;0;0;0;0;0;793882,77;5823110,87;13,32824;52,47885
22278;197928;11;3;3071633;2019;8;17;7;3;2;2;0;0;1;0;0;0;0;0;800111,8259;5830641,833;13,42647;52,54297
22279;197929;11;4;4051445;2019;8;17;7;3;0;1;0;0;0;0;1;0;0;0;792037,9456;5824074,031;13,30199;52,48848
22280;197930;11;1;1044102;2019;8;16;7;3;4;6;0;0;1;0;0;0;0;0;795540,5251;5831979,311;13,36045;52,55746
22281;197931;11;9;9020502;2019;8;16;7;3;5;3;0;1;1;0;0;0;0;0;807907,5725;5821556,476;13,53267;52,4572
22282;197932;11;4;4010102;2019;8;15;7;3;5;2;0;0;1;0;0;0;0;0;793341,1861;5829717,405;13,32611;52,53837
22283;197933;11;2;2010103;2019;8;23;7;3;5;3;2;0;1;0;0;0;0;0;798770,6384;5825999,081;13,40258;52,50209
22284;197934;11;7;7070706;2019;8;20;7;3;5;3;0;0;1;0;0;0;0;0;800037,5347;5812702,574;13,40925;52,38221
22285;197935;11;3;3061131;2019;8;3;7;3;0;1;2;0;0;0;1;0;0;0;798883,2974;5830388,117;13,40818;52,54137
22286;197936;11;1;1011301;2019;8;17;6;3;5;2;0;1;1;0;0;0;0;0;797258,0406;5829087,652;13,38313;52,5306
22287;197937;11;2;2010101;2019;8;16;6;3;0;4;0;1;0;1;0;0;0;0;797148,417;5826436,852;13,37915;52,5069
22288;197938;11;2;2020205;2019;8;19;6;3;1;7;0;0;1;0;0;0;0;0;798714,5201;5824519,354;13,40043;52,48886
22289;197939;11;4;4030931;2019;8;21;6;3;3;6;2;1;1;0;0;0;0;0;793929,439;5826192,219;13,33164;52,50645
22290;197940;11;12;12214424;2019;8;17;6;3;2;6;0;1;1;0;0;0;0;0;793248,5048;5832592,229;13,32728;52,56419
22291;197941;11;8;8010211;2019;8;22;6;3;1;5;2;1;1;0;0;0;0;0;800659,7376;5823785,19;13,42833;52,48121
22292;197942;11;2;2010102;2019;8;17;6;3;1;5;0;1;1;0;0;0;0;0;798298,3349;5826175,969;13,39581;52,50393
22293;197943;11;2;2010103;2019;8;20;6;3;5;3;0;0;1;0;1;0;0;0;799338,6006;5826194,199;13,4111;52,50353
22294;197944;11;8;8010211;2019;8;17;6;3;3;6;0;1;1;0;0;0;0;0;800356,1158;5824304,261;13,42434;52,48603
22295;197945;11;9;9031001;2019;8;19;6;3;5;3;0;1;0;0;0;0;1;0;810688,4516;5815694,378;13,56802;52,40309
22296;197946;11;3;3061227;2019;8;18;6;3;5;7;0;0;1;0;0;0;0;0;799499,8532;5831775,949;13,4185;52,55347
22297;197947;11;6;6020409;2019;8;21;6;3;1;7;2;0;1;0;0;0;0;0;793387,491;5817067,489;13,31566;52,42494
22298;197948;11;4;4041238;2019;8;17;6;2;1;5;0;1;1;0;0;0;0;0;791820,3397;5823513,589;13,29831;52,48357
22299;197949;11;4;4030726;2019;8;19;6;2;0;1;0;0;0;0;1;0;0;0;791603,6581;5825598,116;13,29695;52,50237
22300;197950;11;8;8010211;2019;8;18;6;3;0;7;0;0;1;0;1;0;0;0;800419,9731;5823845,149;13,42487;52,48188
22301;197951;11;7;7050503;2019;8;8;6;3;0;7;0;0;0;1;0;0;1;0;799198,7516;5819999,343;13,40349;52,44807
22302;197952;11;9;9020502;2019;8;8;6;3;0;2;0;1;1;0;0;0;0;0;807336,6604;5822153,079;13,52484;52,46286
22303;197953;11;12;12214125;2019;8;8;6;3;5;2;0;1;1;0;0;0;0;0;791341,9922;5834083,529;13,30055;52,57858
22304;197954;11;7;7010102;2019;8;8;6;3;2;2;0;1;1;0;0;0;0;0;795537,2264;5825528,545;13,35467;52,49963
22305;197955;11;12;12214527;2019;8;8;6;3;3;6;0;0;1;0;0;1;0;0;790300,6052;5835003,475;13,28603;52,58739
22306;197956;11;4;4010102;2019;8;7;6;3;0;7;0;0;1;0;1;0;0;0;792484,7691;5830073,71;13,31383;52,54202
22307;197957;11;12;12231102;2019;8;7;6;3;4;6;0;1;0;0;0;0;0;0;789715,4631;5843084,892;13,2845;52,66015
22308;197958;11;4;4061757;2019;8;13;6;3;5;2;0;0;1;0;1;0;0;0;785088,2086;5822378,284;13,19847;52,47695
22309;197959;11;1;1011401;2019;8;16;6;3;1;1;0;1;1;0;0;0;0;0;797842,3148;5829276,802;13,39188;52,53198
22310;197960;11;9;9010202;2019;8;13;6;3;6;4;0;1;0;1;0;0;0;0;804497,4794;5823751,3;13,48464;52,47878
22311;197961;11;11;11020412;2019;8;16;6;2;5;3;0;1;1;0;0;0;0;0;805822,5923;5831859,4;13,51154;52,5507
22312;197962;11;1;1011301;2019;8;13;6;3;1;5;0;1;1;0;0;0;0;0;796855,8998;5828954,382;13,3771;52,52962
22313;197963;11;7;7020204;2019;8;13;6;3;2;6;0;0;1;0;0;0;0;0;796270,8572;5823270,606;13,36344;52,47899
22314;197964;11;3;3040513;2019;8;13;6;3;5;3;0;0;1;0;1;0;0;0;797961,1937;5833667,029;13,39757;52,57126
22315;197965;11;9;9051901;2019;8;11;6;3;0;1;0;1;0;0;0;0;0;0;811136,6297;5821575,653;13,58006;52,45554
22316;197966;11;1;1011203;2019;8;11;6;3;2;7;0;0;1;0;1;0;0;0;797823,4513;5827057,684;13,38962;52,5121
22317;197967;11;12;12224230;2019;8;10;6;2;6;4;0;0;1;1;0;0;0;0;786260,6304;5838957,347;13,22998;52,62497
22318;197968;11;5;5010314;2019;8;10;6;3;0;2;0;0;1;0;1;0;0;0;784787,2588;5828801,308;13,19954;52,53469
22319;197969;11;3;3050920;2019;8;9;6;3;5;2;0;1;0;0;0;0;0;0;801713,8007;5831783,336;13,45106;52,55231
22320;197970;11;1;1044202;2019;8;9;6;3;5;2;0;1;1;0;0;0;0;0;794628,0174;5829879,14;13,34517;52,53912
22321;197971;11;9;9010101;2019;8;9;6;3;5;2;0;1;1;0;0;0;0;0;802628,1212;5824462,347;13,45785;52,48619
22322;197972;11;5;5020625;2019;8;15;6;2;6;4;0;0;1;1;0;0;0;0;784538,1313;5828641,949;13,19575;52,53339
22323;197973;11;1;1044103;2019;8;15;6;3;5;2;0;1;1;0;1;0;0;0;794988,267;5831179,99;13,35162;52,55059
22324;197974;11;2;2010101;2019;8;14;6;3;3;6;0;1;0;0;0;0;1;0;797532,4692;5826001,06;13,3844;52,50278
22325;197975;11;5;5010209;2019;8;14;6;3;5;2;0;0;1;0;0;0;0;0;781904,5467;5829571,257;13,15781;52,54309
22326;197976;11;11;11030619;2019;8;13;6;3;2;6;0;0;1;0;0;0;1;0;803672,6347;5829500,063;13,47778;52,53076
22327;197977;11;4;4051549;2019;8;2;6;3;0;1;2;1;0;0;0;0;0;0;792458,2732;5824011,377;13,30811;52,48769
22328;197978;11;3;3071536;2019;8;23;6;3;9;1;2;0;0;0;0;0;1;0;799185,3849;5830027,242;13,4123;52,53797
22329;197979;11;4;4030931;2019;8;14;5;2;5;2;0;0;1;0;1;0;0;0;793914,3833;5825527,807;13,33083;52,5005
22330;197980;11;5;5020625;2019;8;16;5;2;5;2;0;0;1;0;0;0;0;0;784452,915;5828671,699;13,19452;52,5337
22331;197981;11;11;11030618;2019;8;19;5;3;4;6;0;1;0;0;0;0;0;0;803846,9648;5828899,179;13,47979;52,52528
22332;197982;11;4;4030931;2019;8;17;5;3;6;4;0;1;0;1;0;0;0;0;793910,4477;5826223,901;13,33139;52,50674
22333;197983;11;9;9020501;2019;8;18;5;3;5;2;0;1;1;0;0;0;0;0;806606,8689;5822047,592;13,51404;52,46233
22334;197984;11;6;6020301;2019;8;17;5;3;2;6;0;0;1;0;1;0;0;0;796275,5319;5818274,425;13,35907;52,4342
22335;197985;11;6;6030504;2019;8;16;5;3;5;3;0;1;1;0;0;0;0;0;790291,7049;5817165,004;13,27034;52,42747
22336;197986;11;1;1011101;2019;8;16;5;3;2;2;0;0;1;0;1;0;0;0;795116,5643;5826507,405;13,34936;52,50863
22337;197987;11;1;1011305;2019;8;18;5;3;3;2;0;1;1;0;0;0;0;0;799490,22;5826644,834;13,41373;52,50748
22338;197988;11;9;9020502;2019;8;16;5;2;5;2;0;1;1;0;0;0;0;0;807389,932;5821730,017;13,52524;52,45904
22339;197989;11;8;8010405;2019;8;15;5;3;5;3;0;1;0;0;0;0;0;0;802493,7404;5823233,965;13,45476;52,47525
22340;197990;11;2;2010102;2019;8;15;5;3;1;5;0;1;1;0;0;0;0;0;797983,1023;5826068,888;13,39108;52,50314
22341;197991;11;1;1011204;2019;8;15;5;3;2;6;0;1;1;0;0;0;0;0;797968,0824;5826581,411;13,39132;52,50775
22342;197992;11;8;8010301;2019;8;14;5;3;0;3;0;0;1;0;0;0;1;0;801101,1948;5824132,292;13,43513;52,48408
22343;197993;11;1;1033202;2019;8;14;5;3;5;2;0;1;0;0;0;0;1;0;796960,9901;5830140,194;13,3797;52,5402
22344;197994;11;5;5010314;2019;8;14;5;3;3;6;0;0;1;0;1;0;0;0;784988,2766;5829498,698;13,2031;52,54084
22345;197995;11;2;2040701;2019;8;14;5;3;2;6;0;0;1;0;0;0;1;0;800302,8577;5827593,182;13,42653;52,51554
22346;197996;11;8;8020619;2019;8;14;5;3;5;2;0;1;1;0;0;0;0;0;802612,8087;5820747,366;13,45425;52,4529
22347;197997;11;11;11010204;2019;8;13;5;3;5;3;0;1;1;0;0;0;0;0;806721,0308;5833968,491;13,5267;52,5691
22348;197998;11;1;1022106;2019;8;10;5;3;5;2;0;1;1;0;0;0;0;0;793842,8454;5827938,222;13,33191;52,52215
22349;197999;11;7;7020203;2019;8;21;5;3;6;7;2;1;0;1;0;0;0;0;795605,2521;5824203,297;13,35449;52,48771
22350;198000;11;4;4031032;2019;8;19;5;2;5;2;0;0;1;0;1;0;0;0;790958,544;5824828,662;13,2868;52,49582
22351;198001;11;6;6040810;2019;8;8;5;3;5;5;0;1;1;0;0;0;0;0;792390,0143;5821311,806;13,30474;52,46352
22352;198002;11;12;12304313;2019;8;10;5;2;5;3;0;0;1;0;0;0;0;0;792143,1969;5834902,424;13,31306;52,58549
22353;198003;11;3;3051017;2019;8;8;5;3;5;3;0;1;0;0;0;0;0;0;802905,2808;5833190,584;13,46986;52,56427
22354;198004;11;3;3061430;2019;8;8;5;3;5;7;0;0;1;0;1;0;0;0;802577,2722;5829421,258;13,46161;52,53066
22355;198005;11;1;1011201;2019;8;9;5;3;0;1;0;1;0;0;0;0;0;1;797045,1174;5826556,027;13,37774;52,50802
22356;198006;11;8;8020622;2019;8;8;5;3;2;6;0;0;1;0;0;0;0;0;801289,3341;5819652,694;13,43385;52,44382
22357;198007;11;5;5010205;2019;8;8;5;3;5;3;0;1;1;0;0;0;0;0;780096,1591;5830192,289;13,13174;52,5496
22358;198008;11;10;10010204;2019;8;6;5;2;6;4;0;0;1;1;0;0;0;0;809583,1292;5832688,2;13,5676;52,55601
22359;198009;11;5;5030731;2019;8;8;4;3;6;7;0;1;0;1;0;0;0;0;786952,3021;5829373,308;13,23187;52,53868
22360;198010;11;1;1011203;2019;8;14;4;3;5;2;0;1;0;0;0;0;0;1;797883,4172;5827468,3;13,39087;52,51574
22361;198011;11;9;9020601;2019;8;12;4;2;6;7;0;1;0;1;0;0;0;0;806755,6134;5821023,154;13,51528;52,45306
22362;198012;11;7;7040405;2019;8;11;4;3;3;6;0;0;1;0;0;0;0;0;798871,0405;5821208,386;13,39976;52,45909
22363;198013;11;4;4051446;2019;8;11;4;2;6;4;0;0;1;1;0;0;0;0;792379,5086;5825041,82;13,30786;52,49697
22364;198014;11;2;2020203;2019;8;11;4;3;2;6;0;0;1;0;0;0;0;0;797294,6702;5824859,541;13,37989;52,49268
22365;198015;11;2;2020204;2019;8;9;4;3;6;4;0;1;0;1;0;0;0;0;798646,6606;5825146,559;13,4;52,49451
22366;198016;11;8;8020728;2019;8;9;4;3;6;4;0;0;1;1;0;0;0;0;802450,0222;5817211,62;13,44866;52,4213
22367;198017;11;4;4030724;2019;8;9;4;3;5;7;0;0;1;0;0;0;0;0;791053,258;5826041,686;13,28925;52,50664
22368;198018;11;4;4051446;2019;8;9;4;3;5;3;0;1;1;0;0;0;0;0;792912,4407;5824395,27;13,31512;52,49089
22369;198019;11;6;6030608;2019;8;9;4;2;5;3;0;1;1;0;0;0;0;0;791931,0031;5817469,527;13,29465;52,42932
22370;198020;11;1;1011402;2019;8;8;4;3;0;6;0;0;1;0;1;0;0;0;798153,3287;5829856,451;13,39697;52,537