;OBJECTID;LAND;BEZ;LOR;UJAHR;UMONAT;USTUNDE;UWOCHENTAG;UKATEGORIE;UART;UTYP1;ULICHTVERH;IstRad;IstPKW;IstFuss;IstKrad;IstGkfz;IstSonstige;USTRZUSTAND;LINREFX;LINREFY;XGCSWGS84;YGCSWGS84
22371;198021;11;1;1011201;2019;8;7;4;3;2;2;0;0;1;0;1;0;0;0;797471,6288;5826797,767;13,38422;52,50996
22372;198022;11;8;8010510;2019;8;3;4;3;5;3;2;1;1;0;0;0;0;0;802944,2055;5822480,612;13,46069;52,46825
22373;198023;11;1;1011103;2019;8;20;4;3;5;3;0;0;1;0;1;0;0;0;795948,4133;5825842,049;13,36099;52,50222
22374;198024;11;4;4051653;2019;8;7;4;3;5;2;0;0;1;0;0;0;0;0;793959,4928;5824711,478;13,33077;52,49316
22375;198025;11;12;12231101;2019;8;12;4;3;5;3;0;0;1;0;0;0;0;0;791063,3653;5838521,126;13,30035;52,61851
22376;198026;11;12;12214424;2019;8;12;4;3;0;1;0;1;0;0;0;0;0;0;793166,4873;5832631,332;13,32611;52,56458
22377;198027;11;3;3040512;2019;8;7;4;3;2;6;0;0;1;0;0;0;0;0;796351,7231;5835763,049;13,37577;52,59093
22378;198028;11;6;6020301;2019;8;2;4;3;9;1;2;0;1;0;0;0;0;0;795797,0108;5819015,273;13,35271;52,4411
22379;198029;11;2;2020204;2019;8;16;4;3;5;3;0;0;1;0;0;0;0;0;798432,2293;5824775,349;13,39652;52,4913
22380;198030;11;3;3040818;2019;8;8;4;3;3;6;0;1;1;0;0;0;0;0;799817,8277;5832027,341;13,4234;52,55555
22381;198031;11;1;1011402;2019;8;15;4;3;6;7;0;0;0;1;0;0;1;0;798796,2729;5829200,867;13,40584;52,53077
22382;198032;11;7;7020204;2019;8;15;4;3;3;7;0;1;0;0;0;0;0;0;796253,8663;5823582,794;13,36347;52,4818
22383;198033;11;1;1011204;2019;8;15;4;3;5;2;0;1;0;0;0;0;1;1;798118,3084;5826806,719;13,39373;52,50968
22384;198034;11;2;2030402;2019;8;14;4;3;0;6;0;1;1;0;0;0;0;0;801840,4319;5825742,687;13,44744;52,4981
22385;198035;11;1;1011303;2019;8;14;4;3;0;1;0;0;0;0;1;0;0;1;799539,2574;5828242,843;13,41589;52,52178
22386;198036;11;7;7050501;2019;8;14;4;3;0;3;0;1;1;0;0;0;0;1;797341,9626;5818651,203;13,37505;52,437
22387;198037;11;2;2020204;2019;8;14;4;3;0;2;0;0;0;0;1;0;1;1;798295,634;5825321,221;13,395;52,49627
22388;198038;11;3;3061430;2019;8;14;4;3;5;2;0;1;1;0;0;0;0;1;802417,5389;5829233,88;13,45909;52,52907
22389;198039;11;4;4030623;2019;8;19;4;3;5;2;0;1;1;0;0;0;0;0;793021,543;5826957,25;13,31898;52,5138
22390;198040;11;5;5020419;2019;8;18;4;3;5;3;0;0;1;0;0;0;0;0;780874,55;5828327,515;13,14161;52,53247
22391;198041;11;11;11041128;2019;8;17;4;3;5;3;0;0;1;0;1;0;0;0;806669,2935;5825621,953;13,51824;52,49433
22392;198042;11;11;11030720;2019;8;13;4;3;5;7;0;0;1;0;0;1;0;1;804930,4818;5828708,41;13,49554;52,52296
22393;198043;11;10;10040828;2019;8;13;4;3;5;7;0;0;1;0;0;0;0;0;811564,5324;5828250,804;13,59257;52,51511
22394;198044;11;1;1022106;2019;8;13;4;3;5;2;0;1;1;0;0;0;0;0;794317,3858;5828375,768;13,33927;52,52581
22395;198045;11;1;1022104;2019;8;5;3;3;5;3;1;0;1;0;1;0;0;0;793962,1842;5829147,045;13,33473;52,53292
22396;198046;11;6;6010209;2019;8;12;3;2;1;5;0;1;1;0;0;0;0;0;794162,7871;5821472,77;13,3309;52,46402
22397;198047;11;4;4051653;2019;8;15;3;3;0;6;0;0;1;0;1;0;0;1;793977,1132;5824687,009;13,33101;52,49293
22398;198048;11;7;7020202;2019;8;16;3;3;1;7;0;0;1;0;0;0;0;0;795295,2721;5823410,803;13,34924;52,48078
22399;198049;11;4;4020310;2019;8;10;3;3;2;2;0;0;1;0;1;0;0;0;790346,2112;5827318,973;13,27998;52,51847
22400;198050;11;1;1011203;2019;8;20;3;3;5;3;2;1;1;0;0;0;0;0;797877,4444;5827467,313;13,39078;52,51574
22401;198051;11;7;7010104;2019;8;20;3;3;3;6;0;1;0;0;0;0;1;0;796278,4867;5824923,285;13,36502;52,4938
22402;198052;11;6;6030501;2019;8;19;3;3;1;1;0;0;1;0;0;0;0;0;789009,5406;5817158,507;13,25153;52,42809
22403;198053;11;7;7030301;2019;8;19;3;3;2;6;0;0;1;0;0;0;0;0;794252,3651;5822055,721;13,33273;52,46919
22404;198054;11;5;5010314;2019;8;18;3;3;0;2;0;0;1;0;0;0;1;0;784994,7893;5829498,224;13,20319;52,54083
22405;198055;11;5;5020625;2019;8;18;3;3;0;4;0;1;0;1;0;0;0;0;784457,8651;5828663,714;13,19458;52,53363
22406;198056;11;1;1011301;2019;8;18;3;3;2;2;0;1;1;0;0;0;0;0;797511,7446;5828326,84;13,38617;52,52364
22407;198057;11;1;1033203;2019;8;18;3;3;5;3;0;1;1;0;0;0;0;0;796637,6403;5829799,464;13,37464;52,53732
22408;198058;11;2;2020206;2019;8;16;3;3;0;7;0;1;1;0;0;0;0;1;799660,0378;5825045,622;13,41479;52,49305
22409;198059;11;2;2020206;2019;8;17;3;2;2;6;0;0;0;0;1;0;1;0;799354,6489;5824553,973;13,40986;52,48882
22410;198060;11;9;9031101;2019;8;17;3;3;3;6;0;1;1;0;0;0;0;0;812272,4861;5816664,686;13,59213;52,41088
22411;198061;11;1;1011105;2019;8;17;4;3;5;2;0;1;1;0;0;0;0;0;796110,1835;5826714,408;13,36414;52,50995
22412;198062;11;1;1011204;2019;8;17;3;3;0;3;0;0;1;0;1;0;0;1;798147,1841;5826702,157;13,39406;52,50873
22413;198063;11;4;4030620;2019;8;17;3;3;5;7;0;1;1;0;0;0;0;0;792926,052;5827451,134;13,31801;52,51827
22414;198064;11;1;1022202;2019;8;17;4;3;0;2;0;1;1;0;0;0;0;0;795668,9129;5829732,336;13,36034;52,53724
22415;198065;11;3;3061126;2019;8;17;3;3;5;2;0;1;1;0;0;0;0;0;798411,9276;5831802,081;13,40252;52,5543
22416;198066;11;7;7070702;2019;8;17;4;3;5;3;0;1;1;0;0;0;0;0;800641,0362;5814918,821;13,42008;52,40174
22417;198067;11;1;1011203;2019;8;17;3;3;5;3;0;0;1;0;0;0;1;0;797757,1703;5827447,417;13,38899;52,51563
22418;198068;11;10;10010203;2019;8;17;4;3;5;3;0;1;0;0;0;0;1;0;807649,1373;5830820,334;13,53743;52,54036
22419;198069;11;6;6020303;2019;8;17;3;3;5;2;0;0;1;0;1;0;0;0;795577,8985;5818297,475;13,34886;52,43479
22420;198070;11;1;1011202;2019;8;8;4;3;5;2;0;1;0;0;1;0;0;0;797648,5536;5828123,815;13,388;52,52175
22421;198071;11;3;3051021;2019;8;11;3;3;2;5;0;0;1;0;1;0;0;0;803299,0151;5832238,536;13,47479;52,55551
22422;198072;11;2;2010104;2019;8;16;4;3;6;7;0;1;0;1;0;0;0;0;799037,4848;5825525,393;13,40608;52,4977
22423;198073;11;8;8010117;2019;8;12;3;3;2;6;0;1;1;0;0;0;0;0;800581,6621;5823235,918;13,42669;52,47633
22424;198074;11;1;1044201;2019;8;16;4;2;1;5;0;0;1;0;1;0;0;0;796613,8589;5831758,443;13,37604;52,55489
22425;198075;11;1;1033101;2019;8;11;3;3;5;3;0;0;1;0;1;0;0;0;797681,2015;5832859,991;13,39273;52,56418
22426;198076;11;5;5030832;2019;8;11;3;3;6;7;0;0;1;1;0;0;0;0;789682,9471;5829290,225;13,27195;52,53649
22427;198077;11;1;1044201;2019;8;15;4;3;5;2;0;0;1;0;1;0;0;0;796315,8523;5831639,222;13,37155;52,55399
22428;198078;11;6;6040806;2019;8;10;3;3;1;5;0;1;1;0;0;0;0;0;789432,1103;5819803,077;13,26002;52,45157
22429;198079;11;4;4030623;2019;8;15;4;2;5;2;0;1;0;0;0;0;1;0;793381,001;5827323,304;13,32458;52,51688
22430;198080;11;8;8010117;2019;8;9;3;3;5;3;0;0;1;0;1;0;1;0;800610,3629;5823149,809;13,42704;52,47554
22431;198081;11;12;12214527;2019;8;12;4;3;5;7;0;0;1;0;1;0;0;0;790382,2859;5834609,562;13,28688;52,58381
22432;198082;11;3;3030406;2019;8;9;3;3;0;3;0;0;1;0;0;0;1;0;802745,303;5839064,717;13,47288;52,617
22433;198083;11;6;6040703;2019;8;11;4;3;5;3;0;0;1;0;0;0;0;0;785940,6961;5817242,8;13,20659;52,43046
22434;198084;11;8;8010510;2019;8;8;3;3;5;2;0;1;1;0;0;0;0;0;802495,323;5822550,456;13,45416;52,46913
22435;198085;11;4;4030620;2019;8;7;3;3;5;2;0;1;1;0;0;0;0;0;791904,161;5827432,757;13,30297;52,51866
22436;198086;11;11;11030721;2019;8;10;4;3;5;5;0;0;1;0;0;0;1;0;805065,1366;5828068,406;13,49693;52,51715
22437;198087;11;1;1022105;2019;8;10;4;3;5;2;0;0;1;0;0;0;0;0;793708,979;5828405,774;13,33036;52,52641
22438;198088;11;3;3040614;2019;8;7;3;3;5;3;0;1;1;0;0;0;0;0;799982,6898;5835097,359;13,4286;52,58297
22439;198089;11;11;11010103;2019;8;7;3;2;3;6;0;0;0;0;1;0;1;0;809149,8274;5834434,031;13,56286;52,5719
22440;198090;11;1;1022206;2019;8;10;4;2;6;7;0;0;1;1;0;0;0;0;796249,2749;5828293,77;13,36759;52,52403
22441;198091;11;9;9020802;2019;8;7;3;3;2;6;0;0;1;0;1;0;0;0;810121,8602;5820417,14;13,5641;52,44573
22442;198092;11;9;9010201;2019;8;9;4;3;5;2;0;1;1;0;0;0;0;0;803087,4944;5824001,539;13,46417;52,4818
22443;198093;11;4;4041238;2019;8;15;3;3;1;5;0;0;1;0;0;0;0;0;791325,5746;5822594,394;13,29024;52,47559
22444;198094;11;11;11030721;2019;8;16;3;3;4;6;0;1;1;0;0;0;0;0;805206,4246;5828089,675;13,49902;52,51726
22445;198095;11;7;7060603;2019;8;9;4;3;5;2;0;1;1;0;0;0;0;0;798458,0235;5816858,123;13,38982;52,42032
22446;198096;11;12;12231102;2019;8;15;3;3;0;3;0;0;0;0;1;0;1;1;790597,9421;5839715,374;13,29454;52,62947
22447;198097;11;5;5010206;2019;8;15;3;3;0;3;0;0;1;0;1;0;0;1;781252,7204;5830770,05;13,14924;52,55418
22448;198098;11;3;3071536;2019;8;7;4;3;5;2;0;1;0;0;0;0;1;0;799143,9981;5829203,411;13,41095;52,53061
22449;198099;11;4;4020207;2019;8;16;3;2;5;7;0;0;1;0;0;0;0;0;788126,0595;5826660,205;13,24678;52,51374
22450;198100;11;5;5020628;2019;8;15;3;3;0;3;0;0;1;0;1;0;0;0;784107,4778;5826571,67;13,18764;52,51506
22451;198101;11;1;1044201;2019;8;15;4;3;5;2;0;1;1;0;0;0;0;0;796702,6521;5831625,93;13,37723;52,55366
22452;198102;11;1;1044201;2019;8;14;3;3;6;4;0;1;0;1;0;0;0;0;796484,0914;5831932,031;13,37429;52,55652
22453;198103;11;3;3071537;2019;8;15;4;3;4;5;0;1;1;0;0;0;0;0;799661,5668;5830085,927;13,41935;52,53823
22454;198104;11;11;11030618;2019;8;16;3;3;3;6;0;1;0;0;0;0;0;0;803242,0889;5829630,813;13,47157;52,53217
22455;198105;11;7;7010102;2019;8;15;4;3;3;6;0;1;1;0;0;0;0;0;794958,6569;5825649,153;13,34628;52,50103
22456;198106;11;8;8010118;2019;8;14;3;3;0;2;0;0;1;0;1;0;0;0;800608,4452;5822055,673;13,42602;52,46573
22457;198107;11;3;3040614;2019;8;14;4;3;5;3;0;0;1;0;1;0;0;0;798134,5278;5833144,702;13,39965;52,56649
22458;198108;11;9;9020701;2019;8;14;3;2;5;2;0;0;1;0;1;0;0;0;808328,5657;5818867,728;13,53636;52,43286
22459;198109;11;9;9051702;2019;8;16;3;3;5;7;0;0;1;0;1;0;0;0;814278,2174;5822668,957;13,62717;52,46354
22460;198110;11;4;4020313;2019;8;14;4;3;6;2;0;0;1;1;0;0;0;0;790619,1232;5826514,546;13,28329;52,51111
22461;198111;11;12;12304314;2019;8;14;4;3;1;5;0;1;1;0;0;0;0;0;791350,1453;5835733,339;13,30212;52,59337
22462;198112;11;5;5030730;2019;8;13;3;3;5;2;0;1;1;0;0;0;0;0;785740,9699;5829268,777;13,21397;52,53838
22463;198113;11;1;1011402;2019;8;8;3;3;5;3;0;1;1;0;0;0;0;0;798594,193;5829506,506;13,40314;52,53362
22464;198114;11;8;8010404;2019;8;13;4;2;5;3;0;0;1;0;1;0;0;0;801372,1812;5823768,391;13,43878;52,48066
22465;198115;11;4;4051550;2019;8;12;3;3;5;7;0;1;1;0;0;0;0;0;793210,3227;5824255,775;13,31937;52,48948
22466;198116;11;2;2040701;2019;8;13;4;3;5;3;0;0;1;0;0;0;0;0;800313,1137;5827614,722;13,4267;52,51572
22467;198117;11;12;12301203;2019;8;16;3;3;3;6;0;0;1;0;0;0;0;0;792996,0588;5835643,84;13,32627;52,59168
22468;198118;11;3;3050920;2019;8;13;4;3;5;3;0;0;1;0;0;0;0;0;802176,9;5832418,005;13,45845;52,55775
22469;198119;11;2;2050802;2019;8;15;3;3;5;3;0;0;1;0;0;0;0;1;802674,4834;5827248,385;13,46106;52,51113
22470;198120;11;4;4030620;2019;8;13;4;2;1;5;0;0;1;0;0;0;1;0;792463,4101;5827182,441;13,31097;52,51611
22471;198121;11;3;3061430;2019;8;15;3;3;5;2;0;1;1;0;0;0;0;1;802416,1299;5829233,278;13,45907;52,52907
22472;198122;11;6;6040810;2019;8;7;4;3;0;2;0;0;1;0;1;0;0;0;790573,2869;5819746,916;13,27671;52,45046
22473;198123;11;12;12301203;2019;8;15;3;3;0;1;0;0;0;0;1;0;0;1;792371,3784;5834089,693;13,3157;52,57808
22474;198124;11;7;7010102;2019;8;12;4;3;1;5;0;1;1;0;0;0;1;0;795909,52;5825162,448;13,35981;52,49615
22475;198125;11;9;9051901;2019;8;13;5;3;5;7;0;0;1;0;0;0;1;0;810762,6809;5820884,689;13,57393;52,44956
22476;198126;11;10;10040829;2019;8;13;5;3;1;5;0;1;1;0;0;0;0;0;811523,7931;5827156,263;13,59095;52,50533
22477;198127;11;1;1044101;2019;8;13;5;3;5;2;0;1;1;0;0;0;0;0;794165,4345;5830317,61;13,33876;52,5433
22478;198128;11;1;1011202;2019;8;12;5;3;2;7;0;1;1;0;0;0;0;0;797713,2172;5827742,369;13,38861;52,51829
22479;198129;11;1;1022106;2019;8;9;5;2;2;7;0;0;1;0;0;0;0;0;793981,8463;5828213,025;13,3342;52,52454
22480;198130;11;4;4020310;2019;8;9;5;2;5;2;0;1;0;0;0;1;0;0;790377,3342;5827305,695;13,28042;52,51833
22481;198131;11;1;1011306;2019;8;9;5;3;5;2;0;0;1;0;1;0;0;0;800217,6184;5826836,19;13,42459;52,5088
22482;198132;11;1;1044202;2019;8;9;5;3;0;5;0;0;1;0;1;0;0;0;794691,0916;5829867,029;13,34609;52,53898
22483;198133;11;11;11020411;2019;8;9;5;3;5;3;0;1;1;0;0;0;0;0;804493,4617;5833106,309;13,49315;52,56262
22484;198134;11;1;1044201;2019;8;8;5;3;5;3;0;0;1;0;0;0;0;0;796668,0538;5831919,027;13,37698;52,5563
22485;198135;11;7;7030303;2019;8;8;5;3;5;2;0;0;1;0;1;0;0;0;795243,1041;5822265,217;13,34746;52,47054
22486;198136;11;12;12214424;2019;8;8;5;3;3;6;0;0;1;0;0;1;0;0;793377,6881;5832523,965;13,32912;52,56351
22487;198137;11;1;1022206;2019;8;8;5;3;5;2;0;1;1;0;0;0;0;0;795547,8192;5828216,315;13,35721;52,52372
22488;198138;11;2;2040502;2019;8;8;5;3;5;2;0;1;1;0;0;0;0;0;800682,9989;5828487,434;13,43292;52,52334
22489;198139;11;9;9020601;2019;8;7;5;3;5;2;0;1;1;0;0;0;0;0;807993,4899;5820988,578;13,53341;52,45206
22490;198140;11;7;7010101;2019;8;3;5;3;6;6;2;0;0;1;0;0;1;0;794871,7443;5825151,88;13,34456;52,49661
22491;198141;11;12;12231101;2019;8;10;5;3;0;1;0;0;0;0;1;0;0;0;790969,4582;5839059,932;13,29944;52,62339
22492;198142;11;12;12214424;2019;8;16;4;3;5;2;0;1;1;0;0;0;0;0;793549,3751;5832363,97;13,33151;52,56198
22493;198143;11;12;12304314;2019;8;16;4;3;0;1;0;0;1;0;1;0;0;0;790912,0196;5836075,853;13,29597;52,59667
22494;198144;11;2;2020202;2019;8;4;4;3;5;3;2;0;1;0;0;0;0;1;797613,612;5825516,809;13,38516;52,4984
22495;198145;11;3;3061126;2019;8;19;4;3;2;2;2;0;1;0;1;0;0;0;798279,9804;5831806,93;13,40059;52,55442
22496;198146;11;4;4030620;2019;8;19;4;3;5;3;1;0;1;0;1;0;0;0;792153,9557;5827387,865;13,3066;52,51812
22497;198147;11;6;6010205;2019;8;18;4;3;5;2;0;0;1;0;1;0;0;0;795319,9544;5819776,99;13,34639;52,44819
22498;198148;11;7;7030301;2019;8;18;4;3;5;7;0;1;0;0;0;0;1;0;793975,5858;5821710,854;13,32837;52,46625
22499;198149;11;2;2010101;2019;8;17;4;3;1;5;0;0;1;0;1;0;0;0;797765,6944;5826033,166;13,38785;52,50294
22500;198150;11;2;2050602;2019;8;16;4;3;1;5;0;1;1;0;0;0;0;0;803387,508;5827907,456;13,47213;52,51665
22501;198151;11;2;2020206;2019;8;18;4;3;3;6;0;1;1;0;0;0;0;0;799873,7068;5825357,012;13,41821;52,49573
22502;198152;11;5;5020521;2019;8;17;4;3;0;3;0;1;1;0;0;0;0;0;780077,7011;5827688,408;13,12936;52,52715
22503;198153;11;6;6020409;2019;8;14;4;2;2;6;0;0;1;0;0;0;1;0;793570,7253;5817998,586;13,31916;52,43319
22504;198154;11;7;7030301;2019;8;17;4;3;3;6;0;1;1;0;0;0;0;0;794359,0268;5822247,024;13,33447;52,47085
22505;198155;11;4;4051652;2019;8;17;4;3;0;4;0;1;0;1;0;0;0;0;793463,7422;5824621,626;13,32341;52,49262
22506;198156;11;7;7010102;2019;8;15;4;3;3;6;0;1;1;0;0;0;0;0;795727,2576;5824969,538;13,35697;52,49452
22507;198157;11;7;7040403;2019;8;22;4;3;5;3;2;0;1;0;0;0;0;0;797649,58;5822183,979;13,38271;52,4685
22508;198158;11;7;7020203;2019;8;19;4;3;5;2;0;1;1;0;0;0;0;0;795524,7069;5823822,16;13,35297;52,48434
22509;198159;11;1;1033201;2019;8;8;4;2;6;4;0;1;0;1;0;0;0;0;797803,3082;5831143,384;13,39298;52,54873
22510;198160;11;1;1011204;2019;8;8;4;3;5;3;0;1;1;0;0;0;0;0;797890,573;5826670,873;13,39026;52,50859
22511;198161;11;5;5040934;2019;8;8;4;3;5;3;0;0;1;0;1;0;0;0;783690,2927;5824737,193;13,17995;52,49882
22512;198162;11;2;2040701;2019;8;7;4;3;5;2;0;0;1;0;0;0;0;0;800425,4654;5827972,786;13,42867;52,51887
22513;198163;11;12;12214422;2019;8;7;4;3;6;2;0;0;1;1;0;0;0;0;792214,8478;5833712,562;13,31306;52,57479
22514;198164;11;3;3020307;2019;8;7;4;3;6;2;0;0;1;1;0;0;0;0;799901,8925;5838069,646;13,43011;52,60966
22515;198165;11;5;5010314;2019;8;6;4;2;0;6;1;0;1;0;1;0;0;0;785231,0284;5829322,145;13,20652;52,53913
22516;198166;11;8;8020622;2019;8;6;4;3;5;3;0;1;0;0;0;0;1;0;801258,6916;5819803,717;13,43353;52,44519
22517;198167;11;7;7050504;2019;8;9;4;3;9;1;0;0;1;0;0;0;1;0;799445,2164;5819614,41;13,40676;52,44449
22518;198168;11;10;10010308;2019;8;17;4;2;5;2;0;0;1;0;1;0;0;0;806521,665;5829883,215;13,52;52,5326
22519;198169;11;1;1011203;2019;8;16;4;2;5;3;0;1;1;0;0;0;0;0;797901,5781;5827372,985;13,39105;52,51488
22520;198170;11;7;7020203;2019;8;15;4;3;0;1;0;0;1;0;1;0;0;0;795241,2935;5823949,464;13,34892;52,48564
22521;198171;11;12;12214527;2019;8;15;4;3;5;3;0;1;1;0;0;0;0;0;790384,5358;5834864,373;13,28714;52,58609
22522;198172;11;10;10010308;2019;8;15;4;3;5;3;0;1;1;0;0;0;0;0;806824,9184;5830304,099;13,52484;52,5362
22523;198173;11;9;9010401;2019;8;15;4;3;6;4;0;0;1;1;0;0;0;0;806211,5535;5820346,362;13,50668;52,4473
22524;198174;11;8;8010301;2019;8;15;4;3;5;2;0;1;1;0;0;0;0;0;800525,9921;5824460,619;13,42698;52,48733
22525;198175;11;6;6040809;2019;8;14;4;2;5;3;0;1;1;0;0;0;0;0;791452,5944;5820604,459;13,29037;52,45768
22526;198176;11;9;9020701;2019;8;14;4;3;5;2;0;0;1;0;0;0;0;0;808252,3394;5818799,369;13,53518;52,43229
22527;198177;11;2;2010101;2019;8;12;4;3;5;3;0;1;1;0;0;0;0;0;797704,579;5825813,425;13,38676;52,50101
22528;198178;11;4;4030417;2019;8;11;4;3;5;2;0;1;0;0;1;0;0;0;790955,0683;5826746,159;13,28842;52,51301
22529;198179;11;8;8020728;2019;8;10;4;2;2;6;0;0;1;0;1;0;0;0;801959,6883;5816764,03;13,44107;52,41756
22530;198180;11;9;9031101;2019;8;9;4;3;5;3;0;0;1;0;0;0;1;0;812114,2283;5816639,083;13,58979;52,41074
22531;198181;11;4;4010102;2019;8;9;4;2;5;3;0;0;1;0;1;0;0;0;792207,3734;5830684,093;13,31029;52,54764
22532;198182;11;11;11010103;2019;8;9;4;3;5;2;0;1;0;0;0;0;1;0;809245,205;5834482,632;13,56431;52,57228
22533;198183;11;10;10020517;2019;8;11;3;2;0;7;0;1;0;0;0;0;0;0;812407,897;5830384,316;13,60697;52,53375
22534;198184;11;7;7040405;2019;8;15;3;3;2;6;0;0;1;0;0;0;0;0;798046,514;5821303,393;13,38775;52,46039
22535;198185;11;7;7010101;2019;8;8;3;3;5;3;0;1;0;0;0;0;0;0;794677,8673;5825722,047;13,34222;52,50183
22536;198186;11;12;12214421;2019;8;21;3;3;0;1;2;0;0;0;1;0;0;0;793398,9803;5833160,059;13,33;52,5692
22537;198187;11;3;3040614;2019;8;20;3;3;2;6;2;1;0;0;0;0;0;0;798671,7682;5833084,359;13,4075;52,56565
22538;198188;11;1;1011201;2019;8;18;3;3;5;3;0;1;0;0;0;0;0;0;796957,4022;5826860,539;13,37672;52,5108
22539;198189;11;6;6030609;2019;8;16;3;3;5;3;0;0;1;0;0;0;0;0;792194,7217;5819106,539;13,29995;52,44386
22540;198190;11;8;8030829;2019;8;19;3;2;1;1;0;0;1;0;0;0;1;0;803503,5955;5818195,812;13,465;52,42954
22541;198191;11;2;2010102;2019;8;16;3;3;2;6;0;0;1;0;0;0;0;0;797979,1195;5826093,606;13,39104;52,50337
22542;198192;11;8;8010303;2019;8;16;3;3;2;6;0;0;1;0;0;0;1;0;801396,7181;5823859,959;13,43922;52,48147
22543;198193;11;12;12302110;2019;8;15;3;3;0;1;0;0;1;0;1;0;0;0;794577,2586;5835786,05;13,34967;52,5921
22544;198194;11;12;12224230;2019;8;15;3;3;5;3;0;1;0;0;0;0;0;0;786392,2808;5837057,435;13,23027;52,60787
22545;198195;11;2;2010102;2019;8;14;3;3;6;2;0;0;0;1;0;1;0;0;798432,6276;5826539,677;13,3981;52,50712
22546;198196;11;4;4010103;2019;8;14;3;3;5;3;0;1;1;0;0;0;0;0;791220,8483;5829150,519;13,29444;52,53442
22547;198197;11;1;1044202;2019;8;18;3;3;5;2;0;1;1;0;0;0;0;0;794623,9212;5829871,433;13,3451;52,53906
22548;198198;11;1;1011201;2019;8;18;3;3;1;5;0;1;1;0;0;0;0;0;797233,4964;5826903,722;13,38081;52,51104
22549;198199;11;2;2010103;2019;8;18;3;3;0;7;0;0;1;0;0;0;1;0;799739,616;5825778,625;13,41662;52,49958
22550;198200;11;1;1022204;2019;8;18;3;3;1;5;0;1;1;0;0;0;1;0;795104,1432;5828175,004;13,35066;52,52359
22551;198201;11;4;4030931;2019;8;16;3;3;0;2;0;0;1;0;0;0;1;0;794011,47;5826194,454;13,33285;52,50643
22552;198202;11;1;1011303;2019;8;9;3;3;0;5;0;1;0;0;0;1;0;0;799150,9199;5828820,352;13,41071;52,52717
22553;198203;11;8;8041036;2019;8;17;3;2;6;4;0;0;0;1;1;0;0;0;805057,5418;5817553,599;13,4872;52,42292
22554;198204;11;1;1011102;2019;8;17;3;2;6;7;0;1;0;1;0;0;0;0;795342,9201;5827397,34;13,35347;52,51649
22555;198205;11;5;5010339;2019;8;15;3;3;5;2;0;0;1;0;0;0;0;0;787590,6037;5828023,173;13,24009;52,52624
22556;198206;11;9;9031001;2019;8;15;3;2;5;2;0;1;1;0;0;0;0;0;811048,0221;5814498,062;13,57218;52,39216
22557;198207;11;1;1044102;2019;8;10;3;3;2;3;0;1;1;0;0;0;0;0;795962,9381;5831990,758;13,36668;52,55733
22558;198208;11;3;3040614;2019;8;10;3;3;2;3;0;0;1;0;1;0;0;0;799981,1293;5835329,211;13,42879;52,58505
22559;198209;11;3;3071638;2019;8;9;3;3;2;6;0;1;1;0;0;0;0;0;800093,7381;5829625,3;13,42529;52,53387
22560;198210;11;5;5020522;2019;8;9;3;3;2;2;0;0;1;0;0;0;0;0;781042,5065;5827415,933;13,14331;52,52421
22561;198211;11;12;12214125;2019;8;8;3;3;0;4;0;0;1;1;0;0;0;0;791147,7429;5830923,605;13,29491;52,55036
22562;198212;11;7;7040405;2019;8;9;3;3;5;2;0;1;1;0;0;0;0;0;799585,674;5820831,576;13,40991;52,45532
22563;198213;11;9;9041401;2019;8;9;3;3;5;2;0;0;1;0;0;0;0;0;811919,5806;5820620,62;13,59065;52,44653
22564;198214;11;9;9020501;2019;8;7;3;3;5;2;0;1;0;0;0;1;0;0;806598,453;5822779,826;13,51459;52,46889
22565;198215;11;2;2030302;2019;8;7;3;3;5;3;0;0;1;0;1;0;0;0;801323,9531;5826153,855;13,44023;52,50207
22566;198216;11;7;7060604;2019;8;8;3;1;6;4;0;0;0;1;0;1;0;0;796670,0288;5815843,282;13,3627;52,4122
22567;198217;11;2;2020206;2019;8;18;2;3;6;4;0;1;0;1;0;0;0;0;799778,6326;5824848,84;13,41635;52,49123
22568;198218;11;3;3030715;2019;8;10;2;3;3;6;0;1;0;0;0;0;0;0;800272,575;5833800,371;13,43169;52,57119
22569;198219;11;1;1022104;2019;8;18;2;3;6;4;0;0;0;1;0;0;1;0;793904,6059;5829146,219;13,33388;52,53294
22570;198220;11;3;3051022;2019;8;13;2;3;4;6;0;0;1;0;1;0;0;0;803631,2672;5831996,837;13,47945;52,55316
22571;198221;11;3;3040614;2019;8;17;2;3;2;6;0;0;1;0;0;0;0;0;799755,8458;5835488,128;13,42562;52,5866
22572;198222;11;10;10030725;2019;8;17;2;2;2;7;0;0;1;0;0;0;0;0;810006,438;5829652,365;13,57099;52,52856
22573;198223;11;4;4051445;2019;8;17;2;3;1;5;0;0;1;0;0;0;0;0;792079,8298;5824698,35;13,30316;52,49405
22574;198224;11;10;10040933;2019;8;17;2;3;5;2;0;0;1;0;0;0;1;0;812501,1675;5824933,417;13,60322;52,48485
22575;198225;11;7;7040406;2019;8;16;2;2;6;4;0;0;1;1;0;0;0;0;800215,7048;5821548,242;13,4198;52,4614
22576;198226;11;7;7040403;2019;8;16;2;3;5;2;0;0;1;0;1;0;0;0;797325,4143;5821877,618;13,37768;52,46593
22577;198227;11;12;12301205;2019;8;15;2;3;5;3;0;0;1;0;1;0;0;0;791970,2733;5837474,412;13,31278;52,60864
22578;198228;11;1;1044201;2019;8;15;2;3;5;3;0;0;1;0;0;0;0;0;795774,7383;5831020,84;13,36304;52,54874
22579;198229;11;7;7010102;2019;8;15;2;3;2;6;0;0;1;0;1;0;0;0;794978,4465;5825688,246;13,3466;52,50137
22580;198230;11;1;1022206;2019;8;23;2;3;6;4;2;0;1;1;0;0;0;0;796338,7845;5828547,046;13,36913;52,52625