;OBJECTID;LAND;BEZ;LOR;UJAHR;UMONAT;USTUNDE;UWOCHENTAG;UKATEGORIE;UART;UTYP1;ULICHTVERH;IstRad;IstPKW;IstFuss;IstKrad;IstGkfz;IstSonstige;USTRZUSTAND;LINREFX;LINREFY;XGCSWGS84;YGCSWGS84
22581;198231;11;5;5010313;2019;8;15;2;3;6;2;0;0;1;1;0;0;0;0;784375,1759;5830008,722;13,19452;52,54573
22582;198232;11;3;3071536;2019;8;19;2;3;6;4;0;1;0;1;0;0;0;0;799136,0159;5829207,022;13,41084;52,53064
22583;198233;11;11;11051331;2019;8;18;5;3;5;2;0;1;1;0;0;0;0;0;807349,604;5825169,976;13,52781;52,48989
22584;198234;11;1;1011302;2019;8;19;2;3;5;2;0;1;1;0;0;0;0;0;798244,8851;5829014,66;13,39756;52,52941
22585;198235;11;6;6040810;2019;8;14;2;3;1;5;0;0;1;0;0;0;1;0;790539,6198;5821340,616;13,27761;52,46477
22586;198236;11;4;4041343;2019;8;19;2;3;5;2;0;1;1;0;0;0;0;0;792656,8417;5823060,347;13,31019;52,47906
22587;198237;11;2;2040703;2019;8;14;2;3;5;3;0;1;0;0;0;0;1;0;801947,4103;5826800,343;13,44997;52,50752
22588;198238;11;6;6010205;2019;8;19;2;2;5;7;0;0;0;0;1;0;1;0;796074,8799;5819507,961;13,35722;52,44537
22589;198239;11;11;11041128;2019;8;19;2;3;1;5;0;1;1;0;0;0;0;0;805808,3264;5825333,583;13,50533;52,49223
22590;198240;11;3;3051022;2019;8;17;2;3;2;6;0;1;1;0;0;0;0;0;802862,1921;5832030,837;13,46817;52,55389
22591;198241;11;1;1011303;2019;8;18;2;3;2;6;0;1;1;0;0;0;0;0;799273,2421;5828505,812;13,41222;52,52428
22592;198242;11;1;1011102;2019;8;13;2;3;2;6;0;0;1;0;0;0;0;0;795219,4702;5826719,892;13,35106;52,51048
22593;198243;11;10;10030726;2019;8;18;2;3;5;2;0;0;1;0;0;0;0;0;808764,221;5827432,381;13,55068;52,50937
22594;198244;11;12;12231102;2019;8;12;2;3;5;3;0;0;1;0;1;0;0;0;790591,124;5839723,553;13,29445;52,62954
22595;198245;11;6;6040810;2019;8;12;2;3;5;7;0;0;1;0;0;0;0;0;790241,1479;5820067,965;13,27212;52,45352
22596;198246;11;2;2030302;2019;8;12;2;3;2;2;0;0;1;0;0;1;0;0;801453,1465;5826032,7;13,44201;52,50091
22597;198247;11;2;2040501;2019;8;12;2;3;1;5;0;1;0;0;0;0;1;0;800254,7405;5828886,841;13,42699;52,52716
22598;198248;11;2;2030302;2019;8;11;2;3;5;3;0;0;1;0;0;0;0;0;800621,0143;5826265,769;13,43;52,50346
22599;198249;11;6;6010101;2019;8;11;2;3;5;2;0;1;1;0;0;0;0;0;793310,6537;5820736,578;13,31775;52,45787
22600;198250;11;8;8030831;2019;8;11;2;2;6;2;0;0;1;1;0;0;0;0;803716,3904;5818001,884;13,46795;52,42768
22601;198251;11;4;4051655;2019;8;10;2;3;2;2;0;1;1;0;0;0;0;0;793946,7383;5823412,781;13,32944;52,48152
22602;198252;11;6;6020306;2019;8;8;2;3;5;3;0;0;1;0;0;0;1;0;796568,8556;5817625,541;13,3628;52,42823
22603;198253;11;4;4030929;2019;8;7;2;2;5;7;0;0;1;0;1;0;0;0;792711,4673;5825636,123;13,31326;52,50212
22604;198254;11;6;6030605;2019;8;6;2;3;2;6;0;0;1;0;1;0;0;0;793022,1835;5820145,473;13,313;52,45273
22605;198255;11;1;1011102;2019;8;6;2;3;5;2;1;1;1;0;0;0;0;0;796575,9464;5827796,89;13,37195;52,5194
22606;198256;11;9;9010401;2019;8;5;2;3;0;1;1;0;1;0;1;0;0;1;806124,9918;5820123,612;13,5052;52,44535
22607;198257;11;2;7040401;2019;8;5;2;3;2;6;1;0;1;0;0;0;0;0;797130,0683;5823973,887;13,37668;52,48483
22608;198258;11;12;12214126;2019;8;11;2;3;0;7;0;0;1;0;0;0;0;0;790457,6825;5834209,576;13,28764;52,58018
22609;198259;11;6;6020411;2019;8;19;1;3;2;6;0;0;1;0;0;0;0;0;793386,8543;5816217,313;13,3149;52,41732
22610;198260;11;5;5010314;2019;8;19;1;3;0;6;0;0;0;0;1;0;1;1;784794,722;5828863,748;13,19971;52,53525
22611;198261;11;8;8020622;2019;8;21;1;3;5;3;2;0;1;0;0;0;0;1;802541,5894;5819679,866;13,45224;52,44337
22612;198262;11;4;4020310;2019;8;13;1;3;2;3;0;0;1;0;0;0;0;0;789873,8949;5827398,055;13,27311;52,51943
22613;198263;11;9;9010402;2019;8;21;1;3;2;2;2;0;1;0;0;0;0;1;805710,5759;5818789,747;13,49791;52,43363
22614;198264;11;1;1011401;2019;8;22;1;2;0;7;2;0;0;0;0;0;1;1;798339,3894;5829327,232;13,39923;52,53216
22615;198265;11;7;7010104;2019;8;22;1;2;4;1;2;0;1;0;0;0;0;1;796225,0232;5824322,093;13,3637;52,48844
22616;198266;11;1;1011201;2019;8;18;1;3;0;1;0;0;0;0;1;0;0;1;796978,2488;5827086,663;13,37723;52,51282
22617;198267;11;11;11020412;2019;8;20;1;2;0;1;1;0;0;0;1;0;0;1;805843,3076;5831841,497;13,51183;52,55053
22618;198268;11;1;1011105;2019;8;19;1;2;5;2;0;0;1;0;0;0;0;1;796574,942;5826872,141;13,37111;52,51111
22619;198269;11;1;1022106;2019;8;19;1;3;2;6;0;0;1;0;0;0;0;1;793667,3022;5827986,539;13,32937;52,52268
22620;198270;11;12;12302107;2019;8;19;1;3;2;6;0;0;1;0;0;0;0;1;793881,4145;5836161,858;13,33976;52,59585
22621;198271;11;4;4020312;2019;8;18;1;3;5;3;0;1;1;0;0;0;0;1;789630,0675;5827416,167;13,26954;52,51972
22622;198272;11;7;7070703;2019;8;18;1;3;5;2;0;1;1;0;0;0;0;1;799772,6958;5813975,333;13,40651;52,39376
22623;198273;11;7;7020203;2019;8;17;1;3;1;5;0;1;1;0;0;0;0;0;795693,087;5824483,021;13,35603;52,49017
22624;198274;11;1;1011303;2019;8;17;1;3;5;2;0;0;1;0;0;0;1;1;799129,7318;5827659,29;13,40935;52,51677
22625;198275;11;2;2010103;2019;8;16;1;3;5;3;0;0;1;0;0;0;0;0;799594,4348;5825831,578;13,41453;52,50014
22626;198276;11;8;8020625;2019;8;16;1;2;1;5;0;0;1;0;0;0;0;0;802446,3083;5818958,1;13,45019;52,43695
22627;198277;11;3;3020203;2019;8;16;1;3;5;2;0;0;1;0;0;0;0;1;798052,632;5837196,929;13,40209;52,60285
22628;198278;11;12;12103219;2019;8;14;1;3;5;3;0;0;1;0;0;0;0;0;794075,937;5832617,451;13,33948;52,56397
22629;198279;11;4;4030416;2019;8;14;1;3;5;7;0;0;1;0;0;0;0;1;790911,432;5826923,551;13,28794;52,51462
22630;198280;11;2;2020205;2019;8;13;1;3;6;2;0;1;0;1;0;0;0;1;798140,8143;5824540,511;13,39203;52,48936
22631;198281;11;5;5030730;2019;8;11;1;3;2;6;0;0;1;0;0;0;0;1;786640,6781;5829240,462;13,22717;52,53766
22632;198282;11;6;6020306;2019;8;11;1;2;5;3;0;0;1;0;0;0;0;1;796230,8244;5817020,39;13,35731;52,42299
22633;198283;11;7;7010102;2019;8;2;1;3;3;6;2;0;1;0;1;0;0;0;795206,4072;5825599,584;13,34987;52,50045
22634;198284;11;9;9010202;2019;8;21;1;3;2;6;2;0;1;0;0;0;1;1;803799,7747;5823297,839;13,47399;52,4751
22635;198285;11;7;7020203;2019;8;18;7;3;1;5;0;0;1;0;0;0;0;0;795014,047;5824333,292;13,34593;52,4892
22636;198286;11;2;2040702;2019;8;4;7;3;1;1;2;0;1;0;0;0;0;0;801384,3386;5827739,978;13,44255;52,51626
22637;198287;11;4;4030725;2019;8;1;7;3;0;4;2;1;0;1;0;0;0;0;791376,8671;5826072,4;13,29403;52,50674
22638;198288;11;8;8010118;2019;8;13;7;3;5;2;0;1;1;0;0;0;0;0;800995,7581;5822155,43;13,4318;52,46641
22639;198289;11;12;12214126;2019;8;13;7;3;5;2;0;0;1;0;1;0;0;0;789889,0144;5833976,529;13,27907;52,5784
22640;198290;11;2;2020203;2019;8;13;7;3;6;4;0;1;0;1;0;0;0;0;797777,6624;5824942,951;13,38705;52,49316
22641;198291;11;1;1011102;2019;8;12;7;3;5;3;0;0;1;0;0;0;1;0;796586,2338;5827816,328;13,37212;52,51957
22642;198292;11;7;7040403;2019;8;12;7;3;5;2;0;0;1;0;0;0;0;0;797842,3625;5822205,153;13,38556;52,46859
22643;198293;11;1;1011202;2019;8;12;7;3;0;1;0;0;0;0;1;0;0;0;797733,2955;5827622,064;13,3888;52,5172
22644;198294;11;1;1044201;2019;8;11;7;3;2;6;0;0;1;0;0;0;0;0;796952,0671;5831899,654;13,38114;52,55597
22645;198295;11;2;2020204;2019;8;0;7;3;0;1;2;0;0;0;0;0;1;0;798613,5299;5825153,76;13,39952;52,4946
22646;198296;11;9;9020701;2019;8;22;7;2;5;2;2;0;1;0;0;0;0;0;808977,9832;5818113,768;13,54519;52,42574
22647;198297;11;1;1011304;2019;8;22;7;3;2;6;2;0;1;0;0;0;0;0;800225,2432;5828426,842;13,42614;52,52305
22648;198298;11;6;6020411;2019;8;20;7;3;6;7;2;1;0;1;0;0;0;0;794268,9484;5815533,726;13,32723;52,41072
22649;198299;11;7;7010104;2019;8;19;7;3;5;3;0;1;1;0;0;0;0;0;796046,354;5825344,573;13,36199;52,49771
22650;198300;11;3;3030711;2019;8;18;7;3;0;7;0;1;0;0;0;0;0;0;801118,3191;5836034,273;13,44616;52,59074
22651;198301;11;9;9010202;2019;8;17;7;2;5;3;0;0;1;0;1;0;0;0;804486,1935;5823237,529;13,48401;52,47418
22652;198302;11;6;6020409;2019;8;17;7;3;2;6;0;0;1;0;0;0;0;0;793655,0698;5818166,124;13,32054;52,43465
22653;198303;11;2;2030401;2019;8;16;7;3;2;7;0;0;1;0;0;0;1;0;800090,6547;5825409,807;13,42144;52,49608
22654;198304;11;5;5020524;2019;8;16;7;2;0;1;0;1;0;0;0;0;0;0;782963,2289;5826869,47;13,17108;52,51832
22655;198305;11;5;5010314;2019;8;15;7;3;2;6;0;0;1;0;0;0;0;0;783578,3051;5829044,822;13,18198;52,53751
22656;198306;11;4;4041344;2019;8;15;7;3;5;3;0;1;1;0;0;0;0;0;793372,6104;5822415,331;13,32013;52,47289
22657;198307;11;6;6040810;2019;8;15;7;3;2;6;0;0;1;0;0;0;0;0;792336,3209;5820811,341;13,30352;52,45907
22658;198308;11;1;1044201;2019;8;15;7;3;1;5;0;0;1;0;1;0;0;0;797107,8358;5831922,896;13,38345;52,5561
22659;198309;11;2;2050802;2019;8;14;7;3;2;6;0;0;1;0;0;0;1;0;801980,9387;5826926,671;13,45058;52,50864
22660;198310;11;7;7050501;2019;8;14;7;3;2;6;0;1;1;0;0;0;0;0;797817,1339;5819926,011;13,38316;52,44817
22661;198311;11;11;11051331;2019;8;8;6;2;5;3;0;1;1;0;0;0;0;0;807713,0637;5825488,764;13,53344;52,49255
22662;198312;11;7;7030301;2019;8;19;6;3;6;7;0;0;1;1;0;0;0;0;793733,5763;5821634,544;13,32475;52,4657
22663;198313;11;12;12214421;2019;8;20;6;3;5;2;0;0;1;0;1;0;0;0;793465,116;5833646,389;13,3314;52,57352
22664;198314;11;8;8010301;2019;8;19;6;3;3;6;0;1;1;0;0;0;0;0;800664,6143;5824372,159;13,42893;52,48647
22665;198315;11;1;1011304;2019;8;18;6;3;5;2;0;0;1;0;1;0;0;0;799672,5587;5827881,637;13,41753;52,51847
22666;198316;11;1;1011302;2019;8;17;6;3;3;6;0;0;1;0;1;0;0;0;798980,4577;5829004,514;13,40837;52,52891
22667;198317;11;9;9020701;2019;8;16;6;3;5;2;0;1;1;0;0;0;0;0;809055,984;5818762,711;13,54693;52,43151
22668;198318;11;10;10040830;2019;8;16;6;3;2;6;0;0;1;0;0;0;1;0;810731,1928;5826407,978;13,57861;52,49907
22669;198319;11;1;1022101;2019;8;16;6;3;0;5;0;1;0;0;0;0;1;0;793238,3312;5829015,465;13,32398;52,53213
22670;198320;11;4;4051655;2019;8;16;6;3;6;4;0;0;1;1;0;0;0;0;793928,5465;5823210,57;13,329;52,47972
22671;198321;11;1;1011305;2019;8;15;6;3;5;2;0;1;0;0;0;0;0;0;799354,5552;5827167,918;13,41221;52,51225
22672;198322;11;4;4031032;2019;8;15;6;3;2;6;0;0;1;0;0;0;0;0;791459,9935;5825057,813;13,29437;52,4976
22673;198323;11;6;6040804;2019;8;15;6;3;5;2;0;1;1;0;0;0;0;0;787765,2273;5818324,519;13,23428;52,4392
22674;198324;11;1;1044201;2019;8;14;6;3;5;3;0;1;1;0;0;0;0;0;796202,0406;5830765,475;13,3691;52,54622
22675;198325;11;1;1022106;2019;8;15;6;3;2;6;0;0;1;0;0;0;0;0;793764,0165;5828134,004;13,33092;52,52395
22676;198326;11;7;7050505;2019;8;15;6;3;2;7;0;0;1;0;0;0;0;0;799433,6575;5817747,153;13,40492;52,42776
22677;198327;11;9;9030902;2019;8;16;6;3;5;2;0;1;1;0;0;0;0;0;807652,934;5815400,169;13,52327;52,40216
22678;198328;11;12;12304314;2019;8;14;6;3;5;7;0;0;1;0;1;0;0;0;790630,4004;5835827,695;13,2916;52,5946
22679;198329;11;4;4030518;2019;8;18;6;3;0;7;0;0;0;0;0;0;1;0;791512,1869;5828130,99;13,29782;52,52513
22680;198330;11;9;9041301;2019;8;17;6;3;2;6;0;1;1;0;0;0;0;0;811432,6706;5819474,455;13,58244;52,43654
22681;198331;11;7;7060604;2019;8;2;6;2;8;7;2;1;1;0;0;0;0;0;796645,0547;5815862,454;13,36236;52,41238
22682;198332;11;3;3061126;2019;8;7;6;3;2;6;0;0;1;0;1;0;0;0;799182,1473;5831775,365;13,41383;52,55364
22683;198333;11;3;3051017;2019;8;7;6;3;5;3;0;0;1;0;0;0;0;0;803393,7433;5833112,228;13,47698;52,56329
22684;198334;11;10;10030724;2019;8;7;6;3;1;5;0;1;1;0;0;0;0;0;809366,3268;5829235,102;13,5612;52,52519
22685;198335;11;11;11041128;2019;8;6;6;3;1;7;0;0;1;0;0;0;0;0;805978,4899;5826277,409;13,5087;52,50059
22686;198336;11;1;1011305;2019;8;0;6;2;0;1;2;1;0;0;0;0;0;0;799499,6351;5826668,556;13,41389;52,50769
22687;198337;11;1;1022104;2019;8;13;6;3;0;5;0;1;1;0;0;0;0;0;794543,7657;5829040,924;13,34319;52,53165
22688;198338;11;4;4031032;2019;8;13;6;3;2;6;0;0;1;0;0;0;0;0;791039,1783;5824879,449;13,28803;52,49623
22689;198339;11;3;3030405;2019;8;13;6;3;3;6;0;0;1;0;0;0;0;0;803714,4017;5839273,64;13,48734;52,61833
22690;198340;11;7;7040401;2019;8;13;6;3;1;5;0;0;1;0;1;0;0;0;797197,7923;5823488,604;13,37724;52,48044
22691;198341;11;10;10020413;2019;8;12;6;3;8;1;0;0;0;0;1;0;0;0;810981,7664;5830923,061;13,58651;52,53939
22692;198342;11;12;12214125;2019;8;12;6;3;5;2;0;1;1;0;0;0;0;0;790807,8287;5834063,812;13,29267;52,57869
22693;198343;11;3;3030406;2019;8;11;6;3;5;3;0;1;1;0;0;0;0;0;803213,496;5838294,556;13,47907;52,60984
22694;198344;11;4;4030622;2019;8;11;6;3;5;2;0;0;1;0;0;0;0;0;792215,1299;5826873,904;13,30705;52,51348
22695;198345;11;1;1033203;2019;8;11;6;2;0;7;0;0;1;0;0;0;1;0;796805,5748;5831258,191;13,37841;52,5503
22696;198346;11;2;2030402;2019;8;10;6;3;2;6;0;0;1;0;0;0;0;0;801686,8795;5825869,68;13,4453;52,49932
22697;198347;11;4;4030417;2019;8;10;6;2;6;2;0;0;1;1;0;0;0;0;791778,1502;5827053,66;13,30079;52,51533
22698;198348;11;3;3020203;2019;8;10;6;3;9;1;0;0;1;0;0;0;0;0;797647,0186;5838779,393;13,39754;52,61726
22699;198349;11;4;4020209;2019;8;10;6;3;5;3;0;1;0;0;0;0;1;0;789514,4306;5824664,94;13,26545;52,49512
22700;198350;11;1;1011302;2019;8;9;6;3;5;3;0;1;1;0;0;0;0;0;798295,2768;5828774,576;13,39809;52,52723
22701;198351;11;1;1033201;2019;8;9;6;3;5;2;0;1;0;0;0;1;0;0;798081,4207;5830001,1;13,39605;52,53834
22702;198352;11;10;10010102;2019;8;10;6;3;3;6;0;1;0;0;0;0;1;0;809827,5043;5834061,469;13,57248;52,56817
22703;198353;11;3;3050923;2019;8;8;6;3;5;3;0;0;1;0;0;0;0;0;800771,1214;5832134,759;13,43752;52,55598
22704;198354;11;8;8010301;2019;8;10;6;3;5;2;0;1;1;0;0;0;0;0;801063,6899;5824921,084;13,43529;52,49117
22705;198355;11;5;5010312;2019;8;17;5;3;5;3;0;0;1;0;0;0;0;0;785160,8257;5829594,063;13,20572;52,5416
22706;198356;11;1;1022207;2019;8;8;6;3;1;5;0;0;1;0;1;0;0;0;794737,1235;5827921,657;13,34504;52,52152
22707;198357;11;10;10020517;2019;8;8;6;3;5;2;0;1;1;0;0;0;0;0;813056,0504;5830189,813;13,61631;52,53163
22708;198358;11;1;1011101;2019;8;16;5;3;1;7;0;1;1;0;0;0;0;0;794471,7764;5826103,989;13,33953;52,50537
22709;198359;11;1;1033101;2019;8;8;6;3;5;2;0;0;1;0;1;0;0;0;796662,2414;5832016,891;13,37698;52,55718
22710;198360;11;4;4031032;2019;8;9;6;3;1;5;0;1;1;0;0;0;0;0;791519,3604;5825076,898;13,29525;52,49774
22711;198361;11;3;3061228;2019;8;16;5;3;0;6;0;1;0;0;0;0;1;0;800676,1451;5831379,892;13,43544;52,54927
22712;198362;11;4;4030929;2019;8;9;6;3;1;5;0;1;0;0;0;0;1;0;792496,9924;5825773,292;13,31023;52,50346
22713;198363;11;3;3061430;2019;8;9;5;2;5;2;0;1;1;0;0;0;0;0;802413,2504;5829232,049;13,45902;52,52906
22714;198364;11;7;7010104;2019;8;15;6;2;5;2;0;1;0;0;0;0;1;0;796687,5014;5824815,48;13,37093;52,49262
22715;198365;11;3;3061228;2019;8;14;5;3;5;2;0;1;1;0;0;0;0;0;800237,8485;5831183,083;13,42881;52,54775
22716;198366;11;1;1044202;2019;8;15;6;3;0;1;0;0;0;0;1;0;0;0;795623,3802;5830524,891;13,36038;52,54437
22717;198367;11;2;2010102;2019;8;9;5;3;6;7;0;0;1;1;0;0;0;0;797959,767;5826222,35;13,39087;52,50453
22718;198368;11;2;2040703;2019;8;9;6;3;5;3;0;1;1;0;0;0;0;0;801755,4664;5826262,313;13,44666;52,50281
22719;198369;11;4;4030930;2019;8;18;5;3;6;2;0;0;1;1;0;0;0;0;793139,5995;5825769,424;13,31966;52,50308
22720;198370;11;1;1011104;2019;8;14;6;2;5;3;0;1;1;0;0;0;0;0;796322,4473;5825939,404;13,36657;52,50289
22721;198371;11;7;7050502;2019;8;18;5;3;1;5;0;1;1;0;0;0;0;0;798092,7355;5818431,367;13,38587;52,43462
22722;198372;11;8;8010301;2019;8;23;5;3;2;2;2;0;1;0;0;0;0;0;800790,8062;5824328,663;13,43075;52,48601
22723;198373;11;6;6010209;2019;8;14;6;3;5;2;0;0;1;0;1;0;0;0;794656,7601;5820891,288;13,33764;52,45854
22724;198374;11;11;11051229;2019;8;22;5;3;0;1;2;1;0;0;0;0;0;0;803787,423;5826193,366;13,47644;52,50106
22725;198375;11;8;8030830;2019;8;14;6;3;2;6;0;0;1;0;0;0;0;0;802661,4427;5818106,211;13,45257;52,4292
22726;198376;11;1;1011303;2019;8;22;5;3;2;6;2;0;1;0;1;0;0;0;799639,0966;5828700,216;13,41777;52,52582
22727;198377;11;5;5020625;2019;8;20;5;3;2;6;0;0;1;0;0;0;0;0;784654,507;5828610,657;13,19743;52,53305
22728;198378;11;6;6020303;2019;8;14;6;3;0;6;0;1;0;0;0;0;0;0;795421,702;5818017,868;13,34632;52,43237
22729;198379;11;12;12302109;2019;8;20;5;3;6;7;1;0;1;1;0;0;0;0;795688,2284;5837006,102;13,36711;52,60244
22730;198380;11;3;3061227;2019;8;9;6;3;5;3;0;1;1;0;0;0;0;0;800107,8411;5831704,331;13,42737;52,55249
22731;198381;11;1;1044202;2019;8;18;5;3;2;7;0;1;1;0;0;0;0;0;795552,037;5830735,247;13,35952;52,5463
22732;198382;11;11;11020514;2019;8;14;6;2;2;2;0;1;1;0;0;0;0;0;804735,6719;5831197,811;13,49496;52,54538
22733;198383;11;10;10040933;2019;8;17;5;3;0;7;0;1;0;0;0;0;0;0;812538,0793;5825004,972;13,60383;52,48547
22734;198384;11;6;6040703;2019;8;13;6;2;0;3;0;1;0;0;1;0;0;0;787137,1802;5817203,306;13,22411;52,42947
22735;198385;11;1;1011204;2019;8;17;5;3;1;1;0;0;1;0;1;0;0;0;798844,8777;5827406,885;13,40494;52,51467
22736;198386;11;1;1011305;2019;8;17;5;3;2;6;0;0;1;0;0;0;0;0;799411,0447;5826447,833;13,41239;52,50576
22737;198387;11;8;8020622;2019;8;13;6;3;5;2;0;0;1;0;0;0;0;0;802364,1047;5819912,369;13,44985;52,44555
22738;198388;11;8;8041037;2019;8;13;6;3;5;2;0;1;1;0;0;0;0;0;805240,4291;5818112,762;13,49039;52,42783
22739;198389;11;11;11051330;2019;8;17;5;3;0;6;0;1;0;0;0;0;0;0;807213,4817;5825535,11;13,52615;52,49324
22740;198390;11;3;3040818;2019;8;13;6;3;5;3;0;0;1;0;0;0;0;0;799483,2694;5831961,425;13,41842;52,55514
22741;198391;11;1;1044202;2019;8;16;5;3;5;3;0;1;1;0;0;0;0;0;795460,5523;5830151,393;13,35765;52,54111
22742;198392;11;7;7040405;2019;8;13;6;3;2;6;0;1;1;0;0;0;0;0;798029,2977;5821092,815;13,38731;52,45852
22743;198393;11;3;3040508;2019;8;16;5;2;0;1;0;0;0;0;1;0;0;1;796252,8901;5836386,066;13,37487;52,59657
22744;198394;11;7;7040401;2019;8;15;5;3;5;2;0;1;1;0;0;0;0;0;798741,1515;5823947,037;13,40031;52,48371
22745;198395;11;1;1011102;2019;8;8;6;3;2;6;0;1;1;0;0;0;0;0;795142,2051;5827068,647;13,35023;52,51365
22746;198396;11;1;1011201;2019;8;8;6;2;4;6;0;1;1;0;0;0;0;0;797656,124;5826533,363;13,38669;52,50749
22747;198397;11;9;9020802;2019;8;15;5;3;0;6;0;1;1;0;0;0;0;0;810290,5475;5820232,745;13,5664;52,44398
22748;198398;11;7;7010102;2019;8;15;5;3;6;4;0;0;1;1;0;0;0;0;795109,3886;5825630,814;13,34848;52,50078
22749;198399;11;6;6010209;2019;8;7;6;3;5;3;0;1;1;0;0;0;0;0;794305,8176;5820843,585;13,33245;52,4583
22750;198400;11;9;9020502;2019;8;15;5;3;2;6;0;0;1;0;0;0;0;0;808550,2719;5821662,088;13,5422;52,45778
22751;198401;11;1;1022104;2019;8;7;6;3;4;4;0;1;0;1;0;0;0;0;794565,5548;5828688,546;13,3432;52,52848
22752;198402;11;1;1044201;2019;8;16;5;3;5;3;0;1;1;0;0;0;0;1;796705,2814;5831623,596;13,37727;52,55363
22753;198403;11;1;1011202;2019;8;16;5;3;5;3;0;1;1;0;0;0;0;0;798164,3527;5827654,87;13,39516;52,51726
22754;198404;11;8;8020619;2019;8;7;6;3;1;4;0;0;1;1;1;0;0;0;801522,7374;5820826,28;13,43833;52,45421
22755;198405;11;3;3050920;2019;8;15;5;3;6;4;0;0;1;1;0;0;0;0;801899,622;5831983,95;13,45398;52,55401
22756;198406;11;4;4020313;2019;8;6;6;3;5;3;0;0;1;0;1;0;0;0;790313,5771;5826032,152;13,27838;52,50695
22757;198407;11;7;7010102;2019;8;15;5;3;5;7;0;1;1;0;0;0;0;0;795138,7782;5825315,223;13,34863;52,49793
22758;198408;11;5;5010314;2019;8;6;6;3;5;2;0;1;1;0;0;0;0;0;785169,3366;5829353,742;13,20564;52,53945
22759;198409;11;2;3061435;2019;8;14;5;2;6;4;0;0;1;1;0;0;0;0;801966,1795;5829057,2;13,45229;52,52774
22760;198410;11;3;3040818;2019;8;14;5;3;5;3;0;1;1;0;0;0;0;0;799498,5859;5831955,332;13,41864;52,55508
22761;198411;11;12;12301203;2019;8;13;5;3;2;6;0;0;1;0;0;0;0;0;792902,968;5835251,063;13,32455;52,58821
22762;198412;11;1;1011401;2019;8;13;5;3;2;6;0;0;1;0;1;0;0;0;798237,0972;5829359,982;13,39776;52,53251
22763;198413;11;1;1022206;2019;8;23;5;3;2;6;2;0;1;0;0;0;0;0;796221,3014;5828479,042;13,36734;52,52571
22764;198414;11;12;12214125;2019;8;17;5;3;5;3;0;0;1;0;1;0;0;0;788332,6224;5832049,025;13,25449;52,56194
22765;198415;11;3;3040818;2019;8;12;5;3;2;6;0;0;1;0;0;0;0;0;799062,2721;5833193,75;13,41334;52,56642
22766;198416;11;1;1022106;2019;8;10;5;3;0;2;0;1;1;0;0;0;0;0;793674,4089;5828112,209;13,32959;52,5238
22767;198417;11;2;2010103;2019;8;17;5;3;5;2;0;1;1;0;0;0;0;0;799113,4154;5826283,725;13,40787;52,50445
22768;198418;11;6;6030504;2019;8;10;5;3;5;2;0;0;1;0;1;0;0;0;790571,965;5815974,672;13,27342;52,41665
22769;198419;11;10;10010311;2019;8;17;5;3;5;2;0;1;1;0;0;0;0;0;810053,6742;5831662,224;13,57356;52,54655
22770;198420;11;2;2030302;2019;8;10;5;3;2;6;0;0;1;0;0;0;0;0;801011,697;5825883,728;13,4354;52,49982
22771;198421;11;12;12214424;2019;8;15;5;2;5;2;0;1;1;0;0;0;0;0;793495,5542;5832425,534;13,33077;52,56256
22772;198422;11;5;5010339;2019;8;16;5;3;5;3;0;0;1;0;0;0;0;0;787735,5191;5828231,707;13,2424;52,52804
22773;198423;11;11;11030721;2019;8;16;5;3;5;3;0;1;1;0;0;0;0;0;804284,0592;5828424,809;13,48578;52,52078
22774;198424;11;12;12224230;2019;8;12;5;3;0;7;0;0;1;0;0;0;0;0;788053,427;5839250,737;13,25665;52,62666
22775;198425;11;11;11030618;2019;8;17;5;2;0;1;0;0;0;0;1;0;0;0;803192,1709;5829600;13,47081;52,53192
22776;198426;11;2;2020204;2019;8;9;5;3;5;2;0;1;1;0;0;0;0;0;798309,3794;5825390,151;13,39526;52,49688
22777;198427;11;2;2050803;2019;8;16;5;3;0;4;0;1;0;1;0;0;0;0;802370,6601;5826043,477;13,4555;52,5005
22778;198428;11;7;7040405;2019;8;9;5;2;1;5;0;0;1;0;1;0;0;0;798407,4927;5821902,524;13,39358;52,46557
22779;198429;11;1;1011401;2019;8;9;5;3;5;3;0;1;0;0;0;0;1;0;797859,3259;5829059,972;13,39194;52,53002
22780;198430;11;2;2040502;2019;8;16;5;3;5;2;0;0;1;0;1;0;0;0;801248,901;5827827,504;13,44064;52,51711
22781;198431;11;4;4030623;2019;8;8;5;3;2;6;0;0;1;0;0;0;0;0;793044,7455;5826934,701;13,3193;52,51358
22782;198432;11;4;4030726;2019;8;16;5;3;2;6;0;0;1;0;0;0;1;0;792076,4537;5825815,858;13,30409;52,50407
22783;198433;11;7;7040401;2019;8;8;5;3;2;6;0;1;1;0;0;0;0;0;797179,0299;5823326,309;13,37682;52,479
22784;198434;11;5;5030730;2019;8;16;5;3;2;6;0;0;1;0;0;0;0;0;785981,2453;5829237,792;13,21748;52,53798
22785;198435;11;9;9010402;2019;8;8;5;3;3;6;0;1;0;0;0;0;1;0;807485,6889;5819535,716;13,52462;52,43932
22786;198436;11;2;2020203;2019;8;15;5;2;5;3;0;1;0;0;1;0;0;0;796996,9136;5823989,132;13,37474;52,48504
22787;198437;11;12;12214424;2019;8;8;5;3;6;4;0;0;1;1;0;0;0;0;793343,9246;5832881,72;13,32894;52,56673
22788;198438;11;2;2020203;2019;8;7;5;3;0;1;0;1;0;0;0;0;0;0;797726,9853;5824595,16;13,386;52,49007
22789;198439;11;10;10020413;2019;8;15;5;3;2;6;0;0;1;0;0;0;0;0;811541,362;5830311,123;13,59416;52,53359
22790;198440;11;1;1033102;2019;8;15;5;3;3;6;0;0;1;0;0;0;0;0;797666,1466;5831849,729;13,3916;52,55514