;OBJECTID;LAND;BEZ;LOR;UJAHR;UMONAT;USTUNDE;UWOCHENTAG;UKATEGORIE;UART;UTYP1;ULICHTVERH;IstRad;IstPKW;IstFuss;IstKrad;IstGkfz;IstSonstige;USTRZUSTAND;LINREFX;LINREFY;XGCSWGS84;YGCSWGS84
22791;198441;11;12;12231102;2019;8;7;5;3;5;3;0;1;1;0;0;0;0;0;790202,1849;5840072,232;13,28902;52,63288
22792;198442;11;8;8010212;2019;8;7;5;3;5;2;0;1;1;0;0;0;0;0;801480,2777;5823165,517;13,43982;52,4752
22793;198443;11;2;2030301;2019;8;23;5;2;6;6;2;0;1;1;0;0;0;0;799970,4214;5825685,209;13,41992;52,49862
22794;198444;11;3;3071638;2019;8;7;5;3;1;5;0;1;1;0;0;0;0;0;800273,9053;5829997,352;13,42827;52,5371
22795;198445;11;2;2020206;2019;8;22;5;3;1;5;2;1;1;0;1;0;0;0;799646,7109;5825118,546;13,41466;52,49372
22796;198446;11;9;9030901;2019;8;5;5;3;5;3;0;1;1;0;0;0;0;0;807725,1774;5817906,97;13,52663;52,42459
22797;198447;11;1;1044103;2019;8;7;5;3;5;3;0;0;1;0;0;0;0;0;795171,7893;5830814,274;13,35399;52,54721
22798;198448;11;3;3040818;2019;8;10;5;3;2;6;0;1;1;0;0;0;0;0;798442,0595;5832220,368;13,40334;52,55803
22799;198449;11;8;8020622;2019;8;7;5;3;2;6;0;0;1;0;1;0;0;0;801441,6458;5820297,887;13,43666;52,44952
22800;198450;11;1;1011203;2019;8;18;4;2;6;4;1;1;0;1;0;0;0;0;798185,736;5827419,451;13,39527;52,51514
22801;198451;11;4;4051654;2019;8;20;5;3;0;7;1;1;0;0;0;0;0;0;793453,8798;5823877,445;13,32261;52,48595
22802;198452;11;4;4051652;2019;8;8;4;3;5;3;0;0;1;0;0;0;0;0;793822,7688;5824454,86;13,32854;52,49093
22803;198453;11;1;1011203;2019;8;18;4;3;6;4;1;1;0;1;0;0;0;0;798178,5838;5827418,388;13,39516;52,51513
22804;198454;11;11;2050803;2019;8;19;5;3;5;2;0;1;0;0;1;0;0;0;803298,3376;5826311,12;13,46937;52,50239
22805;198455;11;2;2010102;2019;8;12;4;3;5;2;0;1;0;0;0;0;1;0;797922,37;5826457,303;13,39053;52,50666
22806;198456;11;3;3061434;2019;8;18;5;2;5;3;0;1;0;0;0;0;0;0;801465,6586;5829795,009;13,44561;52,53463
22807;198457;11;6;6010103;2019;8;9;4;3;2;7;0;0;1;0;0;0;0;0;793872,9581;5820987,437;13,32622;52,45982
22808;198458;11;6;6020301;2019;8;18;5;3;2;6;0;0;1;0;0;0;0;0;795828,7491;5818153,303;13,35241;52,43336
22809;198459;11;6;6020304;2019;8;12;4;3;0;6;0;1;1;0;0;0;0;0;794895,5062;5817963,441;13,33856;52,43216
22810;198460;11;2;2030401;2019;8;18;5;3;5;2;0;0;1;0;1;0;0;0;800638,7984;5825281,293;13,42938;52,49463
22811;198461;11;12;12214424;2019;8;21;4;2;1;5;2;0;1;0;1;0;0;0;792801,2499;5832751,247;13,32084;52,56585
22812;198462;11;10;10010309;2019;8;21;4;2;5;2;2;0;1;0;1;0;0;0;807954,0506;5830178,217;13,54132;52,53444
22813;198463;11;7;7040403;2019;8;14;5;3;2;6;0;0;1;0;0;0;1;0;797326,1678;5822160,66;13,37794;52,46847
22814;198464;11;4;4041134;2019;8;14;5;2;0;7;0;1;0;0;0;0;0;0;790436,5368;5823930,587;13,27835;52,48804
22815;198465;11;6;6030605;2019;8;19;4;3;5;3;0;1;1;0;0;0;0;0;792032,6094;5819499,555;13,29791;52,44747
22816;198466;11;2;2030301;2019;8;18;4;3;5;3;0;1;0;0;0;0;1;0;800087,0618;5825638,252;13,42159;52,49813
22817;198467;11;6;6040804;2019;8;14;5;3;0;5;0;0;0;0;1;0;1;0;787893,7713;5818427,453;13,23626;52,44005
22818;198468;11;4;4051445;2019;8;18;4;3;5;3;0;1;1;0;0;0;0;0;792314,9976;5824568,099;13,3065;52,49276
22819;198469;11;8;8020728;2019;8;14;5;3;5;3;0;0;1;0;0;0;1;0;802145,9004;5817752,848;13,44469;52,42632
22820;198470;11;10;10010203;2019;8;19;4;2;1;1;0;0;1;0;1;0;0;0;807604,1714;5832730,5;13,53854;52,55751
22821;198471;11;7;7070703;2019;8;13;5;2;1;5;0;0;1;0;1;0;0;0;799628,0443;5813972,831;13,40439;52,39382
22822;198472;11;12;12103115;2019;8;16;4;2;0;7;0;0;1;1;0;0;0;0;795668,8017;5833194,238;13,36342;52,56828
22823;198473;11;1;1011302;2019;8;13;5;3;6;4;0;1;0;1;0;0;0;0;798611,5993;5828991,258;13,40293;52,529
22824;198474;11;7;7040403;2019;8;18;4;3;5;2;0;1;1;0;0;0;0;0;796846,3782;5822343,865;13,37106;52,47037
22825;198475;11;9;9051901;2019;8;12;5;3;3;6;0;0;1;0;0;0;0;0;811302,9342;5821565,655;13,58249;52,45535
22826;198476;11;1;1011301;2019;8;17;4;3;0;5;0;1;1;0;0;0;0;0;796676,9797;5829751,436;13,37518;52,53687
22827;198477;11;4;4041137;2019;8;10;5;3;2;6;0;0;1;0;0;0;1;0;791894,4379;5823948,627;13,29978;52,48743
22828;198478;11;2;2040703;2019;8;9;5;3;3;6;0;1;1;0;0;0;0;0;801461,7987;5826399,787;13,44247;52,5042
22829;198479;11;8;8010212;2019;8;9;5;3;5;2;0;1;1;0;0;0;0;0;800975,3024;5823486,157;13,4327;52,47835
22830;198480;11;6;6010103;2019;8;8;5;3;2;6;0;1;1;0;0;0;0;0;793084,8394;5821596,447;13,31519;52,4657
22831;198481;11;1;1011302;2019;8;8;5;3;2;6;0;0;1;0;1;1;0;0;797640,7595;5828756,597;13,38845;52,52742
22832;198482;11;3;3030715;2019;8;7;5;3;5;3;0;1;1;0;0;0;0;0;801739,727;5833471,906;13,45298;52,56743
22833;198483;11;2;2020206;2019;8;7;5;3;2;6;0;0;1;0;0;0;0;0;799581,9113;5824899,881;13,41351;52,49179
22834;198484;11;2;2010102;2019;8;7;5;3;5;2;0;1;1;0;0;0;0;0;798675,2355;5826439,932;13,40158;52,50609
22835;198485;11;9;9052001;2019;8;7;5;3;5;2;0;1;1;0;0;0;0;0;810538,7594;5823205,449;13,5728;52,47048
22836;198486;11;11;11010206;2019;8;18;5;2;1;1;0;0;1;0;1;0;0;0;806260,768;5834078,197;13,52003;52,57034
22837;198487;11;9;9051702;2019;8;16;5;2;0;3;0;0;1;0;1;0;0;0;814217,5797;5821995,719;13,62565;52,45754
22838;198488;11;6;6030606;2019;8;10;5;2;1;5;0;1;1;0;0;0;0;0;793617,9659;5819199,879;13,32091;52,44393
22839;198489;11;7;7010104;2019;8;14;5;2;0;1;0;1;0;0;0;0;0;0;796025,33;5824503,48;13,36093;52,49018
22840;198490;11;5;5020628;2019;8;14;5;2;5;3;0;0;1;0;0;0;0;0;784096,0945;5826562,35;13,18747;52,51498
22841;198491;11;5;5020420;2019;8;13;5;2;5;3;0;0;1;0;1;0;0;0;779977,5741;5828118,513;13,12825;52,53106
22842;198492;11;8;8041037;2019;8;9;5;2;5;3;0;0;1;0;1;0;0;0;805315,3803;5817670,599;13,49109;52,42382
22843;198493;11;2;2030302;2019;8;7;5;2;2;6;0;0;1;0;1;0;0;0;800761,0069;5826515,127;13,43228;52,50562
22844;198494;11;1;1044203;2019;8;12;5;3;3;6;0;0;1;0;0;0;0;0;795621,4101;5831727,613;13,36142;52,55516
22845;198495;11;7;7010104;2019;8;5;5;3;1;5;2;1;1;0;0;0;0;0;796307,5454;5825096,137;13,3656;52,49534
22846;198496;11;5;5010314;2019;8;13;5;3;1;5;0;1;1;0;0;0;0;0;784747,1307;5829286,599;13,19937;52,53906
22847;198497;11;3;3040818;2019;8;7;4;3;6;4;0;1;0;1;0;0;0;0;799618,2406;5832900,919;13,42126;52,56349
22848;198498;11;8;8010404;2019;8;8;4;3;6;4;0;1;0;1;0;0;0;0;802359,5687;5823235,852;13,45279;52,47534
22849;198499;11;6;6040808;2019;8;21;4;3;1;5;2;1;1;0;0;0;0;0;788665,0191;5821483,92;13,25021;52,46705
22850;198500;11;1;1011102;2019;8;20;4;3;0;7;1;0;0;0;1;0;1;1;795156,1062;5827069,006;13,35044;52,51365
22851;198501;11;5;5010207;2019;8;20;4;3;0;2;0;0;1;0;1;0;0;0;783691,2322;5830168,797;13,1846;52,54752
22852;198502;11;7;7020203;2019;8;18;4;3;0;3;0;0;1;0;1;0;0;0;795150,7214;5824016,297;13,34765;52,48628
22853;198503;11;3;3061429;2019;8;17;4;3;6;4;0;1;0;1;0;0;0;0;801035,2388;5830457,001;13,43988;52,5408
22854;198504;11;2;2020206;2019;8;18;4;3;3;6;0;1;1;0;0;0;0;0;799736,0135;5825019,823;13,41588;52,49278
22855;198505;11;1;1033203;2019;8;18;4;3;2;6;0;0;1;0;1;0;0;0;796500,4221;5829913,214;13,37273;52,53841
22856;198506;11;10;10040931;2019;8;17;4;3;1;5;0;1;1;0;0;0;0;0;814259,5337;5829300,919;13,63315;52,52298
22857;198507;11;11;11051229;2019;8;17;4;3;5;2;0;1;0;0;0;0;1;0;803688,0015;5826242,168;13,47503;52,50155
22858;198508;11;3;3050925;2019;8;15;4;3;6;2;0;0;1;1;0;0;0;0;802263,6328;5831576,71;13,45896;52,55016
22859;198509;11;2;2050601;2019;8;17;4;3;5;3;0;1;1;0;0;0;0;0;802168,2566;5828591,814;13,45484;52,52346
22860;198510;11;4;4030622;2019;8;16;4;3;2;6;0;0;1;0;0;0;1;0;792749,3428;5826830,47;13,31486;52,51281
22861;198511;11;12;12214421;2019;8;17;4;3;5;2;0;1;1;0;0;0;0;0;793488,8642;5833874,031;13,33195;52,57555
22862;198512;11;2;2050802;2019;8;16;4;3;2;6;0;0;0;0;0;0;1;0;802973,6343;5826889,463;13,46513;52,50775
22863;198513;11;2;2040502;2019;8;16;4;3;0;3;0;0;1;0;1;0;0;0;800868,8215;5828314,388;13,4355;52,52169
22864;198514;11;8;8020625;2019;8;16;4;3;5;3;0;0;1;0;0;0;0;0;801404,4802;5818946,899;13,4349;52,43743
22865;198515;11;4;4051654;2019;8;15;4;3;6;4;0;1;0;1;0;0;0;0;793742,7547;5823682;13,32668;52,48405
22866;198516;11;6;6030605;2019;8;15;4;3;0;1;0;1;0;0;0;0;0;0;792267,4309;5819359,743;13,30123;52,44609
22867;198517;11;8;8020619;2019;8;15;4;3;5;2;0;0;1;0;0;0;0;0;801893,317;5821840,913;13,44468;52,4631
22868;198518;11;1;1022106;2019;8;15;4;3;0;6;0;0;1;0;1;0;0;0;793664,2055;5827984,187;13,32932;52,52266
22869;198519;11;3;3061441;2019;8;15;4;3;5;3;0;1;0;0;0;0;0;0;802567,4075;5828655,475;13,46076;52,52381
22870;198520;11;9;9020702;2019;8;14;4;3;0;1;0;1;0;0;0;0;0;0;809146,7124;5819518,235;13,54896;52,43823
22871;198521;11;9;9020501;2019;8;14;4;3;5;7;0;0;1;0;1;0;0;0;806274,5894;5822917,38;13,50996;52,47031
22872;198522;11;1;1044102;2019;8;14;4;3;1;5;0;0;1;0;0;0;0;0;795113,8365;5832342,275;13,3545;52,56094
22873;198523;11;9;9051701;2019;8;14;4;3;5;3;0;0;1;0;0;0;1;0;813260,2255;5821764,933;13,61139;52,45602
22874;198524;11;1;1044203;2019;8;13;4;3;5;3;0;0;1;0;0;0;0;0;795610,3147;5830993,841;13,3606;52,54858
22875;198525;11;4;4041137;2019;8;13;4;3;2;6;0;0;1;0;0;0;0;0;791022,9453;5823094,627;13,28623;52,48024
22876;198526;11;8;8010115;2019;8;13;4;3;5;2;0;1;1;0;0;0;0;0;799850,8722;5823654,82;13,41634;52,48048
22877;198527;11;5;5030731;2019;8;12;4;3;6;4;0;1;0;1;0;0;0;0;787999,2505;5830184,595;13,24797;52,54541
22878;198528;11;1;1033101;2019;8;12;4;3;1;5;0;1;1;0;0;0;0;0;796430,8779;5831984,639;13,37355;52,55702
22879;198529;11;2;2020204;2019;8;11;4;3;5;3;0;1;1;0;0;0;0;0;798493,8601;5825222,624;13,39782;52,49528
22880;198530;11;1;1011401;2019;8;11;4;3;6;4;0;0;0;1;0;0;1;0;797477,0948;5829029,491;13,38629;52,52996
22881;198531;11;8;8010117;2019;8;10;4;3;2;6;0;0;1;0;1;0;0;0;800596,8634;5823190,3;13,42687;52,47591
22882;198532;11;4;4051655;2019;8;10;4;3;5;2;0;1;1;0;0;0;0;0;793912,9731;5823084,508;13,32866;52,4786
22883;198533;11;4;4041239;2019;8;10;4;3;5;2;0;1;0;0;0;0;1;0;792342,9002;5823120,286;13,30564;52,47976
22884;198534;11;1;1011302;2019;8;9;4;3;5;2;0;1;1;0;0;0;0;0;797758,9468;5828569,808;13,39002;52,52568
22885;198535;11;12;12304314;2019;8;9;4;3;4;6;0;1;0;0;0;0;0;0;790623,5039;5835959,551;13,29162;52,59578
22886;198536;11;3;3061430;2019;8;8;4;3;6;4;0;0;1;1;0;0;0;0;802067,0127;5829584,73;13,45426;52,53241
22887;198537;11;1;1044101;2019;8;8;4;3;2;7;0;0;1;0;0;0;0;0;794325,1867;5831332,11;13,342;52,55231
22888;198538;11;1;1033203;2019;8;7;4;3;6;4;0;1;0;1;0;0;0;0;796535,2569;5829880,186;13,37321;52,5381
22889;198539;11;1;1033102;2019;8;7;4;3;1;5;0;1;0;0;0;0;1;0;797265,7959;5831276,37;13,3852;52,55022
22890;198540;11;5;5030731;2019;8;7;4;3;3;6;0;0;1;0;0;1;0;0;786975,7717;5829474,46;13,2323;52,53958
22891;198541;11;7;7040404;2019;8;1;4;3;8;1;2;0;1;0;0;0;0;0;796393,6853;5819743,565;13,36211;52,44731
22892;198542;11;8;8010211;2019;8;1;4;3;5;2;2;0;1;0;0;0;0;0;800419,0002;5823854,194;13,42486;52,48196
22893;198543;11;1;1022206;2019;8;20;4;3;5;2;1;1;1;0;0;0;0;0;796153,5875;5828278,068;13,36617;52,52394
22894;198544;11;2;2050803;2019;8;12;4;3;0;2;0;1;1;0;0;0;0;0;802620,5308;5826136,051;13,45925;52,50119
22895;198545;11;5;5010314;2019;8;17;4;2;5;3;0;1;1;0;0;0;0;0;784800,3362;5828788,293;13,19973;52,53457
22896;198546;11;9;9020601;2019;8;14;4;2;3;6;0;1;0;0;0;0;0;0;805741,1314;5821782,362;13,50109;52,46044
22897;198547;11;1;1044102;2019;8;12;4;2;6;4;0;0;0;1;1;0;0;0;794812,0042;5831913,829;13,34968;52,55726
22898;198548;11;10;10040829;2019;8;7;4;2;5;3;0;1;1;0;0;0;0;0;811349,1206;5827806,52;13,58899;52,51125
22899;198549;11;11;11020412;2019;8;6;4;2;5;3;0;1;1;0;0;0;0;0;805829,9658;5831862,424;13,51165;52,55073
22900;198550;11;4;4030519;2019;8;8;3;3;2;2;0;0;1;0;1;0;0;0;792345,3308;5827971,385;13,30993;52,52325
22901;198551;11;6;6030608;2019;8;7;3;3;5;2;0;1;1;0;0;0;0;0;790908,9877;5817458,272;13,27965;52,42977
22902;198552;11;4;4030518;2019;8;20;3;3;5;3;2;0;1;0;0;0;1;0;791931,5525;5828331,141;13,30416;52,5267
22903;198553;11;1;1011304;2019;8;19;3;3;0;1;1;1;0;0;0;0;0;0;799681,4884;5827573,205;13,41738;52,5157
22904;198554;11;4;4020311;2019;8;19;3;3;1;5;1;1;1;0;0;0;0;0;788630,4235;5827480,252;13,2549;52,52083
22905;198555;11;3;3061228;2019;8;19;3;3;3;6;0;1;0;0;0;0;0;0;800194,0116;5830930,245;13,42794;52,54551
22906;198556;11;1;1011301;2019;8;18;3;3;0;1;0;1;0;0;0;0;0;0;797126,7244;5827886,753;13,38012;52,51991
22907;198557;11;1;1011303;2019;8;18;3;3;1;5;0;1;1;0;0;0;1;0;799161,5229;5828790,194;13,41084;52,52689
22908;198558;11;1;1011301;2019;8;17;3;3;6;2;0;0;1;1;0;0;0;0;797069,6214;5828181,489;13,37955;52,52258
22909;198559;11;3;3020210;2019;8;17;3;3;5;3;0;0;1;0;1;0;0;0;798474,0529;5834871,82;13,4062;52,58178
22910;198560;11;1;1044202;2019;8;17;3;3;2;6;0;1;1;0;0;0;0;0;795529,3862;5830044,414;13,35857;52,54012
22911;198561;11;4;4030725;2019;8;17;3;3;6;4;0;0;1;1;0;0;0;0;791971,9504;5826033,756;13,30274;52,50608
22912;198562;11;8;8030829;2019;8;17;3;3;2;6;0;0;1;0;0;0;0;0;803012,0959;5818352,712;13,45794;52,43122
22913;198563;11;4;4030623;2019;8;16;3;3;5;3;0;1;1;0;0;0;0;0;793300,7563;5827220,259;13,32331;52,516
22914;198564;11;9;9030901;2019;8;16;3;3;5;2;0;0;1;0;0;0;0;0;808083,5134;5816925,765;13,53098;52,41559
22915;198565;11;4;4041241;2019;8;16;3;3;5;2;0;1;1;0;0;0;0;0;791412,9934;5822544,936;13,29148;52,4751
22916;198566;11;7;7040401;2019;8;16;3;3;5;2;0;1;1;0;0;0;0;0;797787,572;5823274,241;13,38571;52,4782
22917;198567;11;10;10030724;2019;8;15;3;3;1;5;0;1;1;0;0;0;0;0;808995,1109;5830085,957;13,55654;52,53302
22918;198568;11;4;4030417;2019;8;9;3;3;5;2;0;1;1;0;0;0;0;0;791570,9237;5826572,581;13,29732;52,51112
22919;198569;11;7;7010104;2019;8;12;1;2;0;7;0;1;0;0;0;0;0;0;796761,9113;5824800,805;13,37201;52,49244
22920;198570;11;1;1044203;2019;8;4;3;3;5;3;2;0;1;0;0;0;0;1;795884,7312;5831962,531;13,3655;52,55712
22921;198571;11;3;3030711;2019;8;15;3;3;0;3;0;0;1;0;1;0;0;0;801422,308;5836110,66;13,45071;52,59126
22922;198572;11;7;7030303;2019;8;14;3;3;0;5;0;1;1;0;0;0;0;0;795037,3795;5821615,549;13,34387;52,46482
22923;198573;11;7;7040405;2019;8;14;3;3;5;3;0;0;1;0;0;0;1;0;798890,1398;5820866,074;13,39974;52,45601
22924;198574;11;1;1011104;2019;8;14;3;3;5;2;0;1;1;0;0;0;0;0;796269,6227;5825956,003;13,36581;52,50307
22925;198575;11;8;8041038;2019;8;14;3;3;6;4;0;0;1;1;0;0;0;0;805722,8496;5816779,874;13,49625;52,41561
22926;198576;11;10;10020517;2019;8;13;3;3;5;2;0;1;1;0;0;0;0;0;813368,613;5830132,338;13,62085;52,53094
22927;198577;11;1;1011301;2019;8;12;3;3;5;3;0;0;1;0;1;0;0;0;797034,898;5829317,032;13,38005;52,53278
22928;198578;11;4;4010102;2019;8;12;3;3;2;6;0;0;1;0;0;0;0;0;793261,2306;5830061,76;13,32524;52,5415
22929;198579;11;3;3050919;2019;8;12;3;3;2;6;0;0;1;0;0;0;0;0;800954,2663;5832147,621;13,44022;52,556
22930;198580;11;1;1044203;2019;8;5;3;3;5;3;1;1;1;0;0;0;0;0;795878,6741;5831927,792;13,36538;52,55681
22931;198581;11;7;7020204;2019;8;11;3;3;3;6;0;1;0;0;0;0;1;0;796284,1819;5823196,035;13,36357;52,47832
22932;198582;11;4;4020311;2019;8;11;3;3;5;3;0;0;1;0;0;0;0;0;789992,273;5826317,665;13,2739;52,50968
22933;198583;11;6;6020411;2019;8;10;3;3;5;3;0;1;1;0;0;0;0;0;794846,4269;5815349,536;13,33554;52,40876
22934;198584;11;7;7030301;2019;8;10;3;3;4;6;0;1;0;0;0;0;0;0;793883,0154;5821558,935;13,32687;52,46494
22935;198585;11;9;9030901;2019;8;9;3;3;5;3;0;0;1;0;0;1;0;0;807573,534;5815427,807;13,52213;52,40246
22936;198586;11;6;6030607;2019;8;9;3;3;6;4;0;1;0;1;0;0;0;0;792991,2081;5817715,348;13,31041;52,43096
22937;198587;11;3;3040513;2019;8;8;3;3;5;2;0;0;1;0;1;0;0;0;798049,9717;5833597,711;13,39881;52,57059
22938;198588;11;1;1022104;2019;8;8;3;3;5;7;0;0;1;0;1;0;0;0;793607,2912;5829133,36;13,3295;52,53299
22939;198589;11;7;7030303;2019;8;7;3;3;6;4;0;1;0;1;0;0;0;0;795890,0336;5820828,643;13,35568;52,45731
22940;198590;11;4;4030726;2019;8;8;3;3;3;6;0;1;0;0;0;0;1;0;792135,541;5825303,805;13,30451;52,49945
22941;198591;11;8;8041037;2019;8;7;3;3;5;2;0;1;0;0;0;0;1;0;805395,3381;5817297,758;13,49192;52,42044
22942;198592;11;3;3030406;2019;8;7;3;3;5;2;0;1;0;0;0;0;0;0;803626,0358;5838990,042;13,48578;52,61584
22943;198593;11;1;1011306;2019;8;7;3;3;5;5;0;1;1;0;0;0;0;0;799862,7028;5826725,432;13,41928;52,508
22944;198594;11;1;3071537;2019;8;6;3;3;3;6;0;0;1;0;1;0;0;0;799500,6008;5828868,913;13,41589;52,52741
22945;198595;11;11;11030721;2019;8;16;3;2;0;3;0;1;0;0;0;0;0;0;804769,7815;5827953,595;13,49248;52,51629
22946;198596;11;10;10010102;2019;8;6;3;3;5;2;1;1;0;0;0;0;1;0;809357,6489;5834278,683;13,56577;52,57039
22947;198597;11;12;12304313;2019;8;13;3;2;8;6;0;0;1;0;0;0;0;0;791404,6232;5834248,616;13,30161;52,58003
22948;198598;11;9;9010401;2019;8;9;3;2;1;5;0;1;0;0;0;0;1;0;805750,4818;5821343,165;13,50083;52,45649
22949;198599;11;2;2030301;2019;8;9;3;3;1;5;0;1;1;0;0;0;1;0;800078,7317;5825915,568;13,42172;52,50062
22950;198600;11;7;7030303;2019;8;10;3;3;2;6;0;0;1;0;0;0;0;0;794605,1715;5821838,041;13,33772;52,46705
22951;198601;11;12;12103117;2019;8;15;2;3;6;4;0;0;0;1;1;0;0;0;795902,0471;5832722,152;13,36643;52,56392
22952;198602;11;6;6040804;2019;8;18;2;3;6;7;0;1;0;1;0;0;0;0;787950,9967;5818881,167;13,23749;52,44409
22953;198603;11;6;6030504;2019;8;18;2;3;2;6;0;1;1;0;0;0;0;0;789778,9538;5815904,519;13,26173;52,41644
22954;198604;11;12;12103219;2019;8;17;2;3;5;2;0;1;0;0;0;0;1;0;795649,9105;5833011,387;13,36298;52,56665
22955;198605;11;2;2030301;2019;8;17;2;3;5;3;0;1;1;0;0;0;0;0;800066,633;5825920,046;13,42155;52,50067
22956;198606;11;3;3061441;2019;8;17;2;3;2;7;0;0;1;0;0;0;0;0;802330,5613;5828713,97;13,45734;52,52446
22957;198607;11;6;6030504;2019;8;16;2;3;2;6;0;1;1;0;0;0;0;0;788970,5622;5816397,228;13,2503;52,42128
22958;198608;11;7;7030301;2019;8;16;2;3;0;7;0;1;0;0;0;0;0;0;793916,2284;5822504,204;13,32819;52,4734
22959;198609;11;1;1022102;2019;8;16;2;3;5;3;0;1;0;0;0;0;0;0;793300,5265;5828392,318;13,32434;52,52651
22960;198610;11;4;4041136;2019;8;16;2;3;1;5;0;0;1;0;0;0;0;0;790673,2405;5822906,085;13,28093;52,47873
22961;198611;11;11;11041128;2019;8;10;2;3;0;7;0;1;0;0;0;0;0;0;805549,0526;5825408,884;13,5016;52,49305
22962;198612;11;1;1044201;2019;9;12;2;3;0;4;0;0;0;1;0;0;1;0;796436,7502;5831957,511;13,37361;52,55677
22963;198613;11;1;1033102;2019;8;20;2;3;5;3;2;1;1;0;0;0;0;0;797140,9446;5831804,109;13,38383;52,55501
22964;198614;11;9;9010402;2019;9;15;2;3;5;3;0;1;1;0;0;0;0;0;807012,5646;5820000,545;13,51811;52,44375
22965;198615;11;11;11030721;2019;9;7;2;3;3;2;0;1;1;0;0;0;0;0;804303,0644;5828174,553;13,48583;52,51853
22966;198616;11;11;11010310;2019;8;16;2;3;2;6;0;0;1;0;0;0;1;0;805511,2631;5833361,652;13,50835;52,56434
22967;198617;11;2;2050801;2019;8;15;2;3;5;2;0;1;0;0;1;0;0;0;803466,787;5827006,257;13,47248;52,50852
22968;198618;11;4;4051445;2019;9;11;2;3;2;2;0;0;1;0;0;1;0;0;792490,9426;5824356,459;13,30889;52,49077
22969;198619;11;6;6040808;2019;9;11;2;3;2;6;0;0;1;0;1;0;0;0;790054,6454;5819391,936;13,2688;52,44756
22970;198620;11;10;10020517;2019;8;15;2;3;2;6;0;0;1;0;0;0;0;0;813230,6983;5830142,03;13,61883;52,53111
22971;198621;11;6;6020301;2019;9;10;2;2;2;6;0;0;1;0;0;0;0;0;796742,4901;5818424,507;13,36606;52,4353
22972;198622;11;9;9020802;2019;8;15;2;3;0;3;0;1;1;0;0;0;0;0;810488,3211;5820100,09;13,56918;52,44268
22973;198623;11;1;1033202;2019;9;11;2;3;2;2;0;0;1;0;0;0;0;0;797772,4613;5829743,966;13,39127;52,5362
22974;198624;11;1;1033102;2019;8;15;2;3;2;6;0;0;1;0;0;0;1;0;797165,0892;5831383,595;13,38381;52,55123
22975;198625;11;8;8041036;2019;9;11;2;3;5;3;0;0;1;0;0;0;0;0;805268,6566;5817249,913;13,49002;52,42008
22976;198626;11;5;5010101;2019;8;15;2;3;5;3;0;1;1;0;0;0;0;0;785421,3354;5833134,883;13,21259;52,57321
22977;198627;11;12;12214424;2019;9;11;2;3;3;6;0;0;1;0;0;0;0;0;793403,2709;5832502,841;13,32948;52,5633
22978;198628;11;7;7010104;2019;9;7;2;3;2;7;0;0;0;0;1;0;1;0;796407,4256;5824314,507;13,36637;52,48828
22979;198629;11;6;6030608;2019;8;14;2;3;0;1;0;1;0;0;0;0;0;0;791400,7932;5817792,549;13,28715;52,4325
22980;198630;11;4;4030621;2019;8;12;2;3;5;3;0;1;1;0;0;0;0;0;793598,7198;5827934,896;13,32832;52,52225
22981;198631;11;9;9051901;2019;9;10;2;3;0;1;0;1;0;0;0;0;0;0;810822,0614;5820754,912;13,57468;52,44836
22982;198632;11;1;1011203;2019;8;11;2;3;2;6;0;1;1;0;0;0;0;0;797818,9095;5827085,093;13,38958;52,51234
22983;198633;11;1;1011203;2019;9;7;2;3;1;5;0;1;1;0;0;0;0;0;797614,4145;5827324,514;13,38679;52,5146
22984;198634;11;2;2050602;2019;8;13;2;3;5;3;0;1;1;0;0;0;0;0;802416,3728;5828159,991;13,45809;52,51945
22985;198635;11;9;9010401;2019;9;14;2;3;5;3;0;1;1;0;0;0;0;0;806231,885;5820330,035;13,50696;52,44714
22986;198636;11;6;6040807;2019;8;11;2;2;5;2;0;1;1;0;0;0;0;0;790266,0254;5818425,522;13,27106;52,43878
22987;198637;11;1;1011401;2019;9;10;2;3;0;1;0;1;1;0;0;0;0;0;797923,3745;5829296,063;13,39309;52,53211
22988;198638;11;11;11030619;2019;8;10;2;3;0;6;0;0;1;0;1;0;0;0;803642,637;5829518,394;13,47735;52,53094
22989;198639;11;10;10040933;2019;9;10;2;3;2;6;0;0;0;0;1;1;0;0;812374,4361;5824004,558;13,60049;52,4766
22990;198640;11;1;1011102;2019;9;14;2;3;5;3;0;0;1;0;1;0;0;0;795049,7504;5827190,349;13,34898;52,51479
22991;198641;11;2;2050801;2019;8;10;2;3;5;5;0;1;0;0;0;0;1;0;803578,7314;5827251,324;13,47434;52,51066
22992;198642;11;2;2010104;2019;9;10;2;3;5;3;0;0;1;0;0;0;1;0;799332,8143;5825643,201;13,41052;52,49859
22993;198643;11;8;8041035;2019;8;9;2;3;5;3;0;0;1;0;0;0;0;0;804756,5053;5818460,742;13,48361;52,43121
22994;198644;11;10;10030727;2019;9;9;2;3;2;6;0;1;1;0;0;0;0;0;809581,4019;5824963,399;13,56039;52,48678
22995;198645;11;1;1022204;2019;9;9;2;2;5;2;0;0;1;0;1;0;0;0;795118,309;5828260,673;13,35094;52,52435
22996;198646;11;4;4030623;2019;8;9;2;3;0;1;0;1;0;0;0;0;0;0;793790,1327;5826938,358;13,33025;52,51321
22997;198647;11;4;4020311;2019;9;9;2;2;6;7;0;0;0;1;0;0;1;0;789630,8045;5826519,391;13,26877;52,51168
22998;198648;11;12;12214422;2019;8;8;2;3;1;1;0;0;1;0;0;0;0;0;792267,4101;5833460,096;13,31362;52,5725
22999;198649;11;4;4051653;2019;9;8;2;3;2;6;0;0;1;0;1;0;0;0;793993,3384;5824432,048;13,33102;52,49064
23000;198650;11;2;2010104;2019;8;8;2;3;2;6;0;0;1;0;0;0;0;0;799111,5059;5825616,935;13,40725;52,49848