;OBJECTID;LAND;BEZ;LOR;UJAHR;UMONAT;USTUNDE;UWOCHENTAG;UKATEGORIE;UART;UTYP1;ULICHTVERH;IstRad;IstPKW;IstFuss;IstKrad;IstGkfz;IstSonstige;USTRZUSTAND;LINREFX;LINREFY;XGCSWGS84;YGCSWGS84
23001;198651;11;9;9041501;2019;9;8;2;2;2;6;0;0;1;0;0;0;0;0;811044,5871;5820290,889;13,57751;52,44408
23002;198652;11;4;4051446;2019;8;7;2;3;5;2;0;1;1;0;0;0;0;0;792924,6834;5824369,308;13,31528;52,49065
23003;198653;11;4;4030417;2019;9;8;2;3;5;2;0;1;1;0;0;0;0;0;790879,5383;5826740,671;13,28731;52,513
23004;198654;11;7;7030303;2019;9;10;2;2;9;7;0;0;1;0;0;0;0;0;795814,9036;5820978,976;13,35471;52,4587
23005;198655;11;6;6020410;2019;8;7;2;3;5;2;0;1;1;0;0;0;0;0;794097,1478;5817420,813;13,32637;52,42773
23006;198656;11;2;2040701;2019;8;5;2;3;5;2;1;0;1;0;1;0;0;0;800631,4386;5827304,017;13,43109;52,51276
23007;198657;11;2;2020204;2019;9;13;1;3;6;7;0;0;0;1;0;0;1;0;798919,3445;5825281,61;13,40412;52,49558
23008;198658;11;2;2050802;2019;8;0;2;3;0;1;2;0;0;0;1;0;0;0;802369,5116;5827303,205;13,45663;52,5118
23009;198659;11;3;3071537;2019;9;0;1;3;5;3;2;0;1;0;0;0;1;0;799320,8484;5829403,95;13,41373;52,53231
23010;198660;11;3;3040614;2019;8;23;2;3;0;1;2;1;0;0;0;0;0;1;799601,3908;5834026,02;13,42202;52,57358
23011;198661;11;6;6030607;2019;9;17;1;2;6;4;0;0;1;1;0;0;0;0;792302,1299;5816419,824;13,29917;52,41972
23012;198662;11;1;1044203;2019;8;21;2;3;5;3;2;1;1;0;0;0;0;1;795897,2719;5831931,011;13,36566;52,55683
23013;198663;11;1;1044202;2019;9;20;1;3;6;4;2;1;0;1;0;0;0;0;795353,9902;5830247,489;13,35617;52,54203
23014;198664;11;4;4020313;2019;9;18;1;3;5;2;0;1;1;0;0;0;0;0;790741,6248;5826718,392;13,28526;52,51287
23015;198665;11;11;11041023;2019;8;20;2;3;0;7;1;1;1;0;0;0;0;1;806756,234;5827745,499;13,52147;52,51331
23016;198666;11;8;8010303;2019;9;18;1;3;0;6;0;0;1;0;0;0;1;0;801432,4054;5823871,04;13,43975;52,48155
23017;198667;11;6;6010205;2019;8;19;2;3;1;5;2;1;0;0;0;0;1;1;794836,8638;5820045,157;13,33954;52,45085
23018;198668;11;10;10010102;2019;9;17;1;3;5;2;0;0;1;0;0;0;0;0;809347,3839;5834283,582;13,56562;52,57044
23019;198669;11;5;5030730;2019;8;18;2;3;3;2;0;0;1;0;0;1;0;0;786537,8568;5831590,981;13,22769;52,55879
23020;198670;11;10;10010311;2019;9;16;1;3;6;6;0;1;0;1;0;0;0;0;810268,173;5830966,691;13,57607;52,54019
23021;198671;11;12;12103116;2019;8;22;2;2;5;3;2;0;1;0;0;0;1;1;796289,479;5833226,757;13,37258;52,56823
23022;198672;11;11;11041128;2019;9;11;1;3;5;3;0;1;1;0;0;0;0;0;806999,5058;5825987,426;13,52343;52,49742
23023;198673;11;2;2010102;2019;9;11;1;3;5;3;0;1;1;0;0;0;0;0;798186,1162;5826507,477;13,39445;52,50697
23024;198674;11;2;2050801;2019;8;20;2;2;1;1;2;0;1;0;1;0;0;1;802462,8263;5827457,06;13,45814;52,51312
23025;198675;11;5;5030730;2019;9;10;1;3;5;2;0;1;1;0;0;0;0;0;785783,7471;5829261,769;13,21459;52,5383
23026;198676;11;5;5010313;2019;8;20;2;2;5;2;1;0;1;0;1;0;0;1;784665,788;5829707,58;13,19854;52,54288
23027;198677;11;1;1011301;2019;9;10;1;3;1;5;0;1;1;0;0;0;0;0;796934,838;5829453,263;13,3787;52,53405
23028;198678;11;10;10020414;2019;8;17;2;3;3;6;0;0;1;0;1;0;0;0;812210,9938;5830805,319;13,60447;52,53763
23029;198679;11;9;9010301;2019;9;8;1;3;2;6;0;0;1;0;0;0;0;0;805487,8485;5821532,889;13,49715;52,45834
23030;198680;11;3;3020307;2019;8;14;2;2;3;6;0;1;0;0;0;0;1;0;800047,5297;5837374,637;13,43162;52,60335
23031;198681;11;2;2050801;2019;8;22;7;3;2;6;2;0;1;0;1;0;0;0;803653,608;5827412,105;13,47559;52,51206
23032;198682;11;1;1011302;2019;8;21;7;2;5;3;2;1;0;0;0;0;1;0;798875,3797;5828559,678;13,40642;52,52498
23033;198683;11;8;8010212;2019;8;13;2;2;2;6;0;1;1;0;0;0;0;0;801318,2228;5823538,293;13,43778;52,47863
23034;198684;11;4;4030620;2019;8;8;2;2;3;6;0;1;1;0;0;0;0;0;792625,7815;5827383,713;13,31353;52,51783
23035;198685;11;2;2050801;2019;8;21;7;3;0;1;2;0;0;0;1;0;0;0;803312,4479;5826753,065;13,46998;52,50634
23036;198686;11;3;3040512;2019;8;20;7;3;1;5;1;0;1;0;0;0;0;0;796312,8228;5835124,278;13,37462;52,58523
23037;198687;11;7;7070702;2019;8;5;2;3;0;3;1;0;1;0;1;0;0;0;799987,4129;5814600,758;13,41022;52,39925
23038;198688;11;11;11010205;2019;8;19;7;2;0;7;1;0;0;1;0;0;1;0;806570,592;5833534,735;13,52409;52,5653
23039;198689;11;1;1011201;2019;8;7;2;3;6;2;0;1;0;1;0;0;0;0;796956,8289;5826851,485;13,3767;52,51072
23040;198690;11;4;4041238;2019;8;18;7;3;5;3;0;0;1;0;0;0;0;0;791676,2314;5823237,923;13,29595;52,48117
23041;198691;11;8;8020620;2019;8;18;7;2;5;3;0;1;0;0;0;0;1;0;801401,9158;5820270,165;13,43605;52,44929
23042;198692;11;8;8010118;2019;8;13;1;3;2;6;0;0;1;0;1;0;0;0;800973,2873;5822233,642;13,43154;52,46713
23043;198693;11;8;8010214;2019;8;17;7;3;1;5;0;1;0;0;0;0;1;0;801898,5758;5822395,418;13,44526;52,46807
23044;198694;11;10;10040830;2019;8;17;7;3;5;2;0;1;1;0;0;0;0;0;810692,6617;5826244,576;13,57789;52,49763
23045;198695;11;6;6040810;2019;8;8;1;3;5;2;0;1;1;0;0;0;0;0;790147,0368;5819783,758;13,27049;52,45102
23046;198696;11;4;4030931;2019;8;17;7;3;2;6;0;1;1;0;0;0;0;0;793767,0114;5825839,66;13,32894;52,50338
23047;198697;11;4;4030931;2019;8;23;1;3;2;6;2;0;1;0;0;0;0;0;794108,7672;5825981,751;13,33409;52,50447
23048;198698;11;11;11010204;2019;8;16;7;2;5;3;0;0;1;0;1;0;0;0;806921,285;5834063,537;13,52973;52,56984
23049;198699;11;1;1044103;2019;8;15;7;3;5;3;0;1;0;0;1;0;0;0;794514,5567;5830657,14;13,34419;52,54616
23050;198700;11;1;1022106;2019;8;22;1;3;5;3;2;1;0;0;1;0;0;0;794025,258;5828224,264;13,33484;52,52461
23051;198701;11;1;1011306;2019;8;14;7;3;0;1;0;0;0;0;1;0;0;0;799909,8289;5826747,849;13,41999;52,50818
23052;198702;11;6;6010209;2019;8;19;1;3;0;2;0;1;1;0;0;0;0;0;794456,5522;5821342,746;13,3351;52,46269
23053;198703;11;1;1033102;2019;8;13;7;3;5;3;0;1;1;0;0;0;0;0;797692,2343;5831313,486;13,3915;52,55031
23054;198704;11;1;1011101;2019;8;18;1;3;1;5;0;1;1;0;0;0;0;0;794669,8338;5826061,607;13,3424;52,50488
23055;198705;11;8;8020727;2019;8;13;7;3;6;4;0;1;0;1;0;0;0;0;800987,1573;5817046,688;13,42707;52,42063
23056;198706;11;4;4051446;2019;8;13;7;3;2;6;0;0;1;0;0;0;0;0;792913,3764;5824383,51;13,31512;52,49078
23057;198707;11;5;5010206;2019;8;17;1;3;5;2;0;0;1;0;1;0;0;0;781546,8186;5830699,459;13,15351;52,5534
23058;198708;11;12;12301204;2019;8;17;1;3;0;1;0;0;0;0;1;0;0;0;792372,4542;5835867,448;13,31728;52,59402
23059;198709;11;2;2010102;2019;8;13;7;3;1;5;0;1;1;0;0;0;0;0;798362,9236;5826308,9;13,39687;52,50509
23060;198710;11;8;8020620;2019;8;13;7;3;2;6;0;0;1;0;0;0;0;0;801325,8677;5820387,484;13,43505;52,45039
23061;198711;11;6;6030504;2019;8;17;1;3;2;6;0;0;1;0;1;0;0;0;790208,7111;5815125,845;13,26735;52,40923
23062;198712;11;1;1044201;2019;8;13;7;3;1;6;0;0;1;0;0;0;0;0;797000,7183;5831896,644;13,38185;52,55592
23063;198713;11;6;6010103;2019;8;15;1;3;5;3;0;0;1;0;1;0;0;0;793289,8789;5821667,262;13,31826;52,46623
23064;198714;11;1;1033102;2019;8;12;7;3;2;6;0;0;1;0;0;0;0;0;797162,9664;5831385,467;13,38378;52,55125
23065;198715;11;2;2030302;2019;8;12;7;3;2;6;0;0;1;0;0;0;0;0;800823,1754;5826476,89;13,43316;52,50524
23066;198716;11;9;9020502;2019;8;14;1;3;1;6;0;0;1;0;1;0;0;0;808445,1406;5821716,893;13,5407;52,45833
23067;198717;11;8;8010301;2019;8;11;7;3;3;6;0;1;1;0;0;0;0;0;801023,293;5824207,355;13,43405;52,48479
23068;198718;11;12;12302107;2019;8;10;7;3;2;2;0;0;1;0;1;0;0;0;794355,9625;5836310,109;13,34688;52,59692
23069;198719;11;4;4020311;2019;8;14;1;3;3;6;0;0;1;0;1;0;0;0;789177,2518;5826906,958;13,26244;52,5154
23070;198720;11;2;3061441;2019;8;9;7;3;1;6;0;1;1;0;0;0;0;0;803182,4517;5828348,274;13,46952;52,52071
23071;198721;11;1;1011201;2019;8;14;1;3;6;2;0;1;0;1;0;0;0;0;797465,9045;5826811,952;13,38415;52,51009
23072;198722;11;3;3040818;2019;8;8;7;3;1;5;0;1;1;0;0;0;0;0;799157,5687;5833207,4;13,41476;52,56649
23073;198723;11;9;9010301;2019;8;7;7;2;5;2;0;0;1;0;0;0;0;0;805016,3562;5822703,075;13,4913;52,46909
23074;198724;11;10;10010205;2019;8;21;1;2;0;1;2;1;0;0;0;0;0;0;810197,5367;5832282,385;13,57626;52,55202
23075;198725;11;1;1011304;2019;8;11;1;3;5;7;0;0;1;0;0;0;1;0;800038,123;5828499,656;13,42346;52,52381
23076;198726;11;1;1011102;2019;8;4;7;3;8;1;2;0;1;0;0;0;0;0;796476,0174;5827485,428;13,3702;52,51666
23077;198727;11;7;7060601;2019;8;12;7;3;6;7;0;0;1;1;0;0;0;0;795658,368;5816089,258;13,34809;52,41495
23078;198728;11;2;2040502;2019;8;10;1;3;5;2;0;0;1;0;0;0;0;0;801248,6824;5827825,545;13,44063;52,5171
23079;198729;11;2;2030301;2019;8;0;7;2;6;4;2;1;0;1;0;0;0;0;800222,3812;5826026,455;13,42393;52,50154
23080;198730;11;12;12214527;2019;8;3;1;3;0;1;2;1;0;0;0;0;0;0;789882,2786;5834745,573;13,27964;52,5853
23081;198731;11;5;5010314;2019;8;0;1;3;5;3;2;1;1;0;0;0;0;0;784803,6785;5828786,024;13,19977;52,53455
23082;198732;11;4;4030725;2019;8;13;7;3;5;2;0;1;1;0;0;0;0;0;791929,0205;5826115,362;13,30218;52,50683
23083;198733;11;7;7040405;2019;8;18;6;3;5;3;0;1;0;0;0;0;0;0;799664,8023;5821836,306;13,41198;52,46429
23084;198734;11;11;11030721;2019;8;22;7;2;0;1;2;1;0;0;0;0;0;0;805054,5976;5827733,751;13,49647;52,51416
23085;198735;11;4;4030931;2019;8;23;6;3;6;7;2;0;1;1;0;0;0;0;793820,9052;5825862,558;13,32975;52,50355
23086;198736;11;2;2020206;2019;8;22;7;3;2;7;2;1;1;0;0;0;0;0;800292,8219;5824782,825;13,42385;52,49035
23087;198737;11;8;8010212;2019;8;21;6;2;5;3;2;1;1;0;0;0;0;0;800972,6522;5823485,442;13,43266;52,47835
23088;198738;11;11;11051229;2019;8;10;7;3;0;7;0;1;0;0;0;0;0;0;804074,3881;5826008,691;13,48049;52,49925
23089;198739;11;3;3061429;2019;8;19;6;3;5;3;0;1;1;0;0;0;0;0;801940,6689;5830654,805;13,45337;52,54207
23090;198740;11;7;7010104;2019;8;18;7;3;5;3;0;0;1;0;0;0;0;0;796173,0249;5825310,067;13,36382;52,49733
23091;198741;11;4;4020312;2019;8;19;6;3;5;3;0;1;1;0;0;0;0;0;789949,2996;5826866,278;13,27375;52,51462
23092;198742;11;12;12214424;2019;8;18;7;3;2;6;0;0;1;0;0;0;0;0;793179,3439;5832282,316;13,32599;52,56145
23093;198743;11;6;6020411;2019;8;18;6;3;5;3;0;1;1;0;0;0;0;0;794122,0144;5815880,6;13,32538;52,41391
23094;198744;11;1;1011201;2019;8;17;7;3;5;2;0;1;1;0;0;0;0;0;797398,2276;5826955,915;13,38328;52,51142
23095;198745;11;3;3061228;2019;8;17;6;3;5;5;0;0;1;0;1;0;0;0;800912,0326;5830852,383;13,43843;52,54441
23096;198746;11;2;2030301;2019;8;23;7;3;1;5;2;1;1;0;0;0;0;0;799891,7869;5825930,281;13,41899;52,50086
23097;198747;11;4;4030725;2019;8;17;6;2;5;3;0;1;1;0;0;0;0;0;791981,3128;5825970,016;13,30282;52,5055
23098;198748;11;4;4030827;2019;8;17;6;2;0;7;0;1;0;0;0;0;0;0;792050,122;5825983,705;13,30385;52,50559
23099;198749;11;5;5030730;2019;8;18;7;3;0;6;0;0;1;0;1;0;0;0;785676,2047;5829288,478;13,21303;52,53859
23100;198750;11;7;7010102;2019;8;16;6;3;5;2;0;0;1;0;1;0;0;0;794948,7605;5825408,176;13,34592;52,49887
23101;198751;11;7;7040402;2019;8;17;7;3;5;3;0;1;1;0;0;0;0;0;796672,1463;5820706,888;13,36705;52,45579
23102;198752;11;3;3010102;2019;8;13;6;3;4;6;0;0;1;0;0;0;0;0;805042,6701;5840284,203;13,50783;52,62665
23103;198753;11;1;1011303;2019;8;9;6;3;3;6;0;0;1;0;0;0;1;0;798905,7015;5827778,839;13,40617;52,51797
23104;198754;11;10;10030727;2019;8;15;7;3;0;7;0;1;0;0;0;0;0;0;809882,9832;5825695,901;13,5655;52,49317
23105;198755;11;1;1044202;2019;8;15;6;3;0;7;0;0;0;0;1;0;0;0;795705,1749;5830573,939;13,36162;52,54477
23106;198756;11;5;5010311;2019;8;23;7;3;2;6;2;0;1;0;0;0;0;0;785232,1257;5830967,673;13,20795;52,55388
23107;198757;11;4;4030725;2019;8;15;6;3;1;5;0;1;1;0;0;0;0;0;791593,2727;5826097,554;13,29723;52,50685
23108;198758;11;8;8010118;2019;8;21;7;3;3;6;2;0;1;0;1;0;0;0;800915,9446;5822366,509;13,43082;52,46835
23109;198759;11;12;12301203;2019;8;15;6;3;2;6;0;0;1;0;1;0;0;0;792396,2923;5834131,693;13,3161;52,57845
23110;198760;11;5;5010312;2019;8;19;7;3;6;4;1;0;1;1;0;0;0;0;785191,0062;5829494,14;13,20608;52,54069
23111;198761;11;12;12103220;2019;8;14;6;3;5;2;0;1;0;0;0;0;1;0;794442,2324;5833814,742;13,34593;52,5745
23112;198762;11;1;1011102;2019;8;13;6;3;5;3;0;1;1;0;0;0;0;0;795269,8836;5827320,609;13,35233;52,51584
23113;198763;11;5;5020627;2019;8;15;7;3;2;2;0;0;1;0;0;0;0;0;785935,8454;5827990,488;13,21573;52,52682
23114;198764;11;1;1033202;2019;8;19;7;2;0;7;0;1;0;0;0;0;0;0;797371,3017;5829619,253;13,38527;52,5353
23115;198765;11;7;7040403;2019;8;13;6;3;5;7;0;0;1;0;0;0;0;0;797115,7197;5822169,482;13,37486;52,46866
23116;198766;11;9;9020702;2019;8;14;7;3;5;3;0;1;1;0;0;0;0;0;809185,9864;5819527,385;13,54955;52,43829
23117;198767;11;8;8020622;2019;8;13;6;3;5;2;0;1;1;0;0;0;0;0;801303,0762;5819923,381;13,43429;52,44624
23118;198768;11;3;3040818;2019;8;14;7;3;2;3;0;0;1;0;0;0;0;0;799381,5511;5833496,931;13,41831;52,56896
23119;198769;11;4;4030827;2019;8;13;6;3;2;6;0;0;1;0;0;0;0;0;792448,9879;5826117,907;13,30982;52,50658
23120;198770;11;4;4030519;2019;8;12;6;3;5;2;0;1;1;0;0;0;0;0;792107,4487;5827719,235;13,30621;52,52112
23121;198771;11;9;9041501;2019;8;13;7;3;2;6;0;0;1;0;0;0;0;0;811045,5384;5820290,706;13,57753;52,44408
23122;198772;11;8;8030831;2019;8;13;7;3;5;2;0;0;1;0;0;0;0;0;803350,9864;5817402,487;13,46205;52,42251
23123;198773;11;9;9010302;2019;8;12;6;3;5;3;0;1;0;0;0;0;1;0;805226,4819;5820576,102;13,49244;52,44991
23124;198774;11;3;3040614;2019;8;11;6;3;0;3;0;1;0;0;0;0;1;0;799385,1194;5833902,198;13,41873;52,57259
23125;198775;11;9;9051901;2019;8;12;7;3;5;3;0;1;0;0;0;0;0;0;810640,2615;5821014,471;13,57225;52,45079
23126;198776;11;5;5020417;2019;8;11;6;3;0;3;0;0;1;0;1;0;0;0;783412,2115;5828627,715;13,17918;52,53385
23127;198777;11;7;7030303;2019;8;11;7;3;5;2;0;1;1;0;0;0;0;0;794663,7199;5821801,518;13,33855;52,46669
23128;198778;11;7;7050501;2019;8;9;6;3;1;5;0;1;1;0;0;0;0;0;797542,4664;5819885,597;13,37909;52,44796
23129;198779;11;1;1011204;2019;8;9;6;3;5;3;0;1;1;0;0;0;0;0;798573,097;5826806,593;13,40041;52,50943
23130;198780;11;9;9041601;2019;8;11;7;2;8;1;0;0;0;0;1;0;0;0;817660,2736;5817833,291;13,67219;52,41825
23131;198781;11;8;8010404;2019;8;9;6;3;2;6;0;0;1;0;0;0;0;0;801473,8951;5823243,846;13,4398;52,47591
23132;198782;11;4;4030931;2019;8;6;7;2;8;7;0;0;1;0;0;0;0;1;794061,3912;5826259,611;13,33364;52,50698
23133;198783;11;12;12224229;2019;8;8;6;3;5;2;0;1;1;0;0;0;0;0;786327,0895;5834462,963;13,22707;52,58465
23134;198784;11;2;2030401;2019;8;12;7;3;5;3;0;0;1;0;0;0;0;0;800515,1044;5825456,432;13,42772;52,49627
23135;198785;11;8;8020727;2019;8;8;6;3;6;4;0;0;1;1;0;0;0;0;801189,3637;5817153,938;13,43013;52,42148
23136;198786;11;8;8010213;2019;8;16;7;3;5;3;0;1;1;0;0;0;0;0;801143,2076;5822844,615;13,43458;52,47251
23137;198787;11;1;1033101;2019;8;8;6;3;5;2;0;1;1;0;0;0;0;0;797567,7044;5832754,761;13,39096;52,5633
23138;198788;11;7;7070701;2019;8;7;6;3;1;5;0;0;1;0;0;1;0;0;799413,5123;5814247,53;13,40149;52,3964
23139;198789;11;3;3061434;2019;8;3;6;3;6;4;2;0;1;1;0;0;0;0;800812,11;5830226,204;13,43639;52,53886
23140;198790;11;7;7020201;2019;8;15;6;3;5;3;0;0;1;0;0;0;0;0;794955,8231;5824307,565;13,34505;52,489
23141;198791;11;2;2040701;2019;8;7;6;3;5;2;0;1;1;0;0;0;0;0;800143,1108;5827348,243;13,42396;52,51343
23142;198792;11;7;7040405;2019;8;9;6;3;6;4;0;0;1;1;0;0;0;0;798538,8999;5821892,512;13,3955;52,46541
23143;198793;11;6;6010207;2019;8;19;6;3;5;3;0;0;1;0;1;0;0;0;794043,7699;5820378,322;13,32819;52,45427
23144;198794;11;9;9051702;2019;8;16;6;2;5;7;0;0;1;0;1;0;0;0;814193,138;5820923,791;13,62428;52,44795
23145;198795;11;2;2030302;2019;8;13;6;3;0;2;0;1;0;0;0;0;1;0;801183,4424;5825936,078;13,43797;52,5002
23146;198796;11;1;1011305;2019;8;16;6;2;1;5;0;0;1;0;0;0;1;0;799421,8984;5827296,344;13,41332;52,51336
23147;198797;11;1;1011302;2019;8;1;6;3;0;1;2;0;0;0;0;0;1;0;798986,61;5829022,086;13,40847;52,52907
23148;198798;11;1;1033101;2019;8;13;6;2;5;2;0;0;1;0;0;0;0;0;796160,3988;5832270,675;13,36983;52,55973
23149;198799;11;9;9051901;2019;8;20;6;3;0;6;1;1;0;0;0;0;1;0;810640,4998;5820337,241;13,57163;52,44472
23150;198800;11;3;3071638;2019;8;8;6;3;0;6;0;0;0;0;1;0;0;0;800282,2281;5829601,003;13,42804;52,53354
23151;198801;11;3;3040818;2019;8;20;6;3;5;2;1;1;1;0;0;0;0;0;798933,6625;5832600,919;13,41092;52,56118
23152;198802;11;1;1022204;2019;8;8;6;2;5;3;0;1;0;0;0;0;0;0;794971,61;5827990,34;13,34854;52,52201
23153;198803;11;9;9020701;2019;8;17;6;3;5;2;0;1;1;0;0;0;0;0;809054,3932;5818764,115;13,54691;52,43152
23154;198804;11;11;11051229;2019;8;11;6;3;0;6;0;0;1;0;0;0;0;0;804092,2495;5826002,545;13,48075;52,49918
23155;198805;11;6;6030608;2019;8;9;6;2;1;5;0;1;1;0;0;0;0;0;791144,3833;5816642,349;13,28239;52,42233
23156;198806;11;8;8020625;2019;8;19;6;2;0;2;0;0;1;0;0;0;1;0;801385,2344;5819267,137;13,43491;52,44031
23157;198807;11;4;4030417;2019;8;4;6;3;1;5;2;1;1;0;0;0;0;0;791461,0206;5827151,8;13,29621;52,51638
23158;198808;11;6;6010102;2019;8;19;6;2;6;4;0;1;0;1;0;0;0;0;793322,5098;5821172,766;13,31831;52,46178
23159;198809;11;1;1011401;2019;8;9;5;3;5;2;0;1;1;0;0;0;0;0;797379,5354;5829301,541;13,3851;52,53245
23160;198810;11;8;8010303;2019;8;18;6;3;2;6;0;1;1;0;0;0;0;0;801370,9623;5823851,961;13,43884;52,48141
23161;198811;11;1;1044201;2019;8;21;5;3;1;5;2;1;1;0;0;0;0;0;795792,7045;5831041,738;13,36333;52,54891
23162;198812;11;12;12103116;2019;8;18;6;3;1;5;0;1;1;0;0;0;0;0;796017,4944;5833250,458;13,3686;52,56859
23163;198813;11;12;12231102;2019;8;19;5;3;3;6;1;1;1;0;0;0;0;0;789468,4412;5840379,386;13,27848;52,63602
23164;198814;11;11;11030619;2019;8;18;5;3;5;3;0;1;0;0;0;0;0;0;803759,1871;5829235,688;13,47881;52,52834
23165;198815;11;2;2020206;2019;8;18;6;3;6;4;0;1;0;1;0;0;0;0;799736,7661;5824839,719;13,41573;52,49117
23166;198816;11;1;1011305;2019;8;17;6;3;1;5;0;1;0;0;0;0;1;0;799379,2786;5826369,292;13,41186;52,50507
23167;198817;11;7;7040405;2019;8;18;5;3;5;2;0;1;1;0;0;0;0;0;799000,5262;5821696,474;13,4021;52,4634
23168;198818;11;1;1011105;2019;8;18;5;3;2;6;0;0;1;0;0;0;0;0;796610,3175;5826883,108;13,37164;52,51119
23169;198819;11;7;7030301;2019;8;16;6;2;5;2;0;1;1;0;0;0;0;0;794403,4776;5822298,878;13,33516;52,47129
23170;198820;11;1;1011201;2019;8;17;5;3;5;3;0;1;0;0;0;0;1;0;797261,9793;5827013,792;13,38133;52,51201
23171;198821;11;4;4051655;2019;8;16;6;3;5;2;0;1;0;0;0;0;1;0;793992,228;5824051,211;13,33067;52,48722
23172;198822;11;9;9030901;2019;8;19;5;3;5;3;0;0;1;0;1;0;0;0;808492,5222;5816654,885;13,53673;52,41294
23173;198823;11;1;1022106;2019;8;17;5;3;6;4;0;0;1;1;0;0;0;0;794462,6131;5828354,588;13,34139;52,52555
23174;198824;11;1;1011105;2019;8;22;6;3;2;2;2;1;1;0;0;0;0;0;796635,7318;5826669,56;13,37182;52,50926
23175;198825;11;4;4051654;2019;8;15;5;3;0;7;0;1;0;0;0;0;0;0;793444,9141;5823947,016;13,32254;52,48658
23176;198826;11;1;1011204;2019;8;15;5;3;5;3;0;1;1;0;0;0;0;0;797990,1984;5826785,715;13,39182;52,50957
23177;198827;11;9;9031001;2019;8;16;6;2;5;2;0;1;1;0;0;0;0;0;809094,9643;5815181,863;13,5442;52,3994
23178;198828;11;3;3040614;2019;8;15;5;3;5;3;0;1;0;0;0;0;0;0;799256,026;5833675,786;13,41663;52,57063
23179;198829;11;6;6020303;2019;8;14;5;3;3;2;0;0;1;0;1;0;0;0;795910,2272;5818720,486;13,35411;52,4384
23180;198830;11;5;5030731;2019;8;22;6;3;5;2;2;1;1;0;0;0;0;0;787944,5893;5830040,922;13,24704;52,54415
23181;198831;11;7;7010102;2019;8;14;5;3;3;5;0;1;1;0;0;0;0;0;794969,0567;5825163,879;13,346;52,49667
23182;198832;11;4;4041241;2019;8;22;6;2;5;2;2;1;1;0;0;0;0;0;791911,7383;5822279,941;13,29857;52,47246
23183;198833;11;3;3040614;2019;8;14;5;3;5;2;0;1;1;0;0;0;0;0;798733,2711;5833689,212;13,40895;52,57104
23184;198834;11;4;4030930;2019;8;21;6;3;5;2;1;1;1;0;0;0;0;0;792949,8467;5825355,458;13,31651;52,49947
23185;198835;11;2;2030302;2019;8;14;5;3;4;7;0;1;0;0;0;0;0;0;800901,9287;5825850,269;13,43375;52,49958
23186;198836;11;11;11030721;2019;8;20;6;3;0;2;1;1;1;0;0;0;0;0;804296,7051;5828423,967;13,48596;52,52077
23187;198837;11;5;5030832;2019;8;14;5;3;5;3;0;1;1;0;0;0;0;0;789482,5517;5829420,639;13,26912;52,53777
23188;198838;11;5;5040936;2019;8;14;5;3;5;2;0;1;1;0;0;0;0;0;780793,2334;5820422,124;13,13375;52,46163
23189;198839;11;8;8010117;2019;8;16;6;2;3;6;0;0;1;0;1;0;0;0;800684,3536;5822956,681;13,42795;52,47377
23190;198840;11;1;1011204;2019;8;16;6;3;5;3;0;0;1;0;0;0;1;0;797892,5412;5826671,185;13,39029;52,50859
23191;198841;11;4;4030620;2019;8;13;5;3;0;2;0;0;1;0;0;0;1;0;792761,6933;5827053,349;13,31524;52,5148
23192;198842;11;8;8040933;2019;8;14;5;2;2;6;0;0;1;0;0;0;0;0;803284,8973;5818518,329;13,46209;52,43255
23193;198843;11;12;12304314;2019;8;15;6;3;5;2;0;0;1;0;1;0;0;0;790620,4154;5835983,302;13,29159;52,596
23194;198844;11;1;1011204;2019;8;12;5;3;5;3;0;1;0;0;0;0;0;0;798530,3508;5827097,396;13,40004;52,51206
23195;198845;11;1;1044101;2019;8;15;6;3;5;2;0;1;1;0;0;0;0;0;793673,5415;5832254,633;13,33324;52,56093
23196;198846;11;9;9010402;2019;8;12;5;3;5;3;0;0;1;0;0;0;0;0;805707,206;5818798,895;13,49786;52,43372
23197;198847;11;5;5010339;2019;8;12;6;3;2;6;0;0;1;0;0;0;0;0;786814,6828;5828209,465;13,22884;52,52832
23198;198848;11;12;12214424;2019;8;10;5;3;0;6;0;0;1;0;1;0;0;0;793519,6983;5832404,885;13,33111;52,56236
23199;198849;11;5;5010209;2019;8;11;6;3;5;3;0;1;1;0;0;0;0;0;782906,9944;5830340,164;13,17321;52,54947
23200;198850;11;7;7040405;2019;8;10;5;3;0;7;0;0;1;0;0;0;1;0;798499,4783;5820934,458;13,39407;52,45684
23201;198851;11;1;1033201;2019;8;11;6;3;2;6;0;0;1;0;0;0;0;0;797691,7347;5830709,85;13,39095;52,5449
23202;198852;11;3;3040818;2019;8;13;1;3;5;3;0;0;1;0;0;0;0;0;799558,6766;5832081,076;13,41964;52,55617
23203;198853;11;9;9051801;2019;9;8;2;3;5;3;0;0;1;0;0;0;0;1;819383,7257;5819910,702;13,69943;52,43586
23204;198854;11;12;12304313;2019;9;7;2;3;5;3;0;0;1;0;0;0;1;1;791931,8628;5834134,627;13,30927;52,57872
23205;198855;11;8;8010301;2019;9;7;2;3;5;3;0;0;1;0;0;0;0;1;800432,2562;5824906,288;13,426;52,49138
23206;198856;11;7;7050501;2019;9;6;2;3;2;2;2;0;1;0;0;0;1;1;797602,3884;5819527,446;13,37965;52,44472
23207;198857;11;8;8030831;2019;9;14;2;3;6;2;0;0;1;1;0;0;0;1;803725,9363;5818021,095;13,4681;52,42785
23208;198858;11;11;11051229;2019;9;6;2;3;5;2;1;1;1;0;0;0;0;1;804095,0153;5825995,295;13,48078;52,49911
23209;198859;11;4;4010102;2019;9;5;2;3;2;6;0;0;1;0;0;0;0;1;793350,028;5829688,2;13,32621;52,5381