;OBJECTID;LAND;BEZ;LOR;UJAHR;UMONAT;USTUNDE;UWOCHENTAG;UKATEGORIE;UART;UTYP1;ULICHTVERH;IstRad;IstPKW;IstFuss;IstKrad;IstGkfz;IstSonstige;USTRZUSTAND;LINREFX;LINREFY;XGCSWGS84;YGCSWGS84
23210;198860;11;9;9051901;2019;9;18;2;3;5;3;0;1;1;0;0;0;0;1;810821,066;5821366,703;13,57523;52,45385
23211;198861;11;4;4030415;2019;9;22;1;3;5;3;2;1;1;0;0;0;0;0;791655,4274;5827533,803;13,29941;52,5197
23212;198862;11;1;1033203;2019;9;3;1;3;1;5;2;0;1;0;0;0;0;0;796689,967;5830787,498;13,37629;52,54615
23213;198863;11;8;8010212;2019;9;21;1;3;1;5;2;0;1;0;0;0;0;0;801101,8635;5823279,67;13,43437;52,47643
23214;198864;11;8;8010212;2019;9;21;1;2;6;7;2;1;0;1;0;0;0;0;800868,4076;5823457,341;13,4311;52,47815
23215;198865;11;7;7060603;2019;9;21;1;3;1;5;2;0;1;0;0;0;0;0;798375,8146;5816892,587;13,38864;52,42068
23216;198866;11;7;7040403;2019;9;18;1;3;2;7;0;0;1;0;1;0;0;0;796917,3641;5820709,001;13,37065;52,45568
23217;198867;11;7;7050505;2019;9;14;1;3;1;5;0;0;1;0;0;0;1;0;799216,7651;5818158,154;13,40211;52,43156
23218;198868;11;8;8010212;2019;9;2;1;2;0;1;2;1;0;0;0;0;0;0;801109,3563;5823523,596;13,4347;52,47861
23219;198869;11;2;2050802;2019;9;1;1;3;0;7;2;0;0;0;0;0;1;0;802390,7309;5826834,694;13,45651;52,50758
23220;198870;11;12;12231101;2019;9;0;1;2;0;1;2;1;0;0;0;0;0;0;791656,1618;5838922,166;13,30943;52,62179
23221;198871;11;2;2030301;2019;9;0;1;3;2;7;2;1;1;0;0;0;0;1;799926,2899;5826024,477;13,41958;52,50168
23222;198872;11;4;4030620;2019;9;0;1;3;5;3;2;0;1;0;0;0;0;0;792844,0053;5827219,739;13,3166;52,51624
23223;198873;11;12;12214125;2019;9;13;1;3;2;6;0;0;1;0;0;0;0;0;791092,1623;5831074,349;13,29423;52,55174
23224;198874;11;1;1011105;2019;9;13;1;3;0;7;0;0;0;0;0;0;1;0;796068,4135;5826700,602;13,36352;52,50985
23225;198875;11;8;8010118;2019;9;0;1;3;3;6;2;1;1;0;0;0;0;0;801021,5817;5822118,483;13,43214;52,46607
23226;198876;11;1;1044102;2019;9;11;1;3;5;2;0;0;1;0;0;0;0;0;794908,2068;5832038,059;13,35121;52,55832
23227;198877;11;7;7070701;2019;9;11;1;3;2;2;0;0;1;0;0;0;0;0;798708,516;5816023,92;13,39275;52,41271
23228;198878;11;3;3030406;2019;9;11;1;3;5;3;0;0;1;0;0;0;0;0;802747,6523;5839052,537;13,4729;52,61689
23229;198879;11;11;11051330;2019;9;10;1;3;0;3;0;1;0;0;0;0;1;0;807201,8172;5825560,026;13,526;52,49347
23230;198880;11;8;8010213;2019;9;21;7;3;5;3;2;1;1;0;0;0;0;0;801244,7925;5822459,703;13,43573;52,469
23231;198881;11;4;4030620;2019;9;23;7;2;0;1;2;0;0;0;0;0;1;0;792095,0729;5827629,059;13,30595;52,52032
23232;198882;11;3;3040818;2019;9;23;7;2;5;3;2;0;1;0;0;0;0;0;799708,8119;5832505,677;13,42223;52,5599
23233;198883;11;6;6040804;2019;9;22;7;3;0;1;2;0;0;0;1;0;0;1;787632,1569;5818122,268;13,23216;52,43745
23234;198884;11;1;1044103;2019;9;17;7;3;6;4;0;0;1;1;0;0;0;0;795265,7077;5830733,421;13,3553;52,54644
23235;198885;11;6;6030502;2019;9;14;7;3;5;3;0;0;1;0;1;0;0;0;788989,8525;5816094,207;13,25032;52,41856
23236;198886;11;9;9051701;2019;9;16;7;3;5;3;0;1;1;0;0;0;0;0;812505,9217;5821292,3;13,59988;52,45222
23237;198887;11;5;5010101;2019;9;16;7;2;4;6;0;0;1;0;1;0;0;0;785346,6179;5832551,037;13,21099;52,56802
23238;198888;11;10;10030727;2019;9;16;7;3;2;6;0;0;1;0;0;0;0;0;809581,1445;5825572,581;13,56095;52,49224
23239;198889;11;8;8020625;2019;9;15;7;2;5;2;0;0;1;0;0;0;1;0;801377,565;5819273;13,4348;52,44037
23240;198890;11;10;10040829;2019;9;15;7;3;5;2;0;0;1;0;1;0;0;0;811530,1429;5827808,616;13,59165;52,51117
23241;198891;11;8;8020621;2019;9;14;7;3;5;3;0;0;1;0;0;0;0;0;800094,5961;5819151,057;13,41587;52,43998
23242;198892;11;4;4030417;2019;9;14;7;3;0;1;0;0;0;0;1;0;0;0;791551,7077;5826692,897;13,29715;52,51221
23243;198893;11;3;3071536;2019;9;14;7;3;6;4;0;1;0;1;0;0;0;0;798933,4401;5829951,442;13,40853;52,53743
23244;198894;11;3;3050925;2019;9;14;7;3;1;1;0;1;1;0;0;0;0;0;802323,9951;5831316,791;13,45961;52,54779
23245;198895;11;4;4030726;2019;9;14;7;3;2;6;0;0;1;0;0;0;0;0;792236,113;5825340,99;13,30601;52,49973
23246;198896;11;9;9020702;2019;9;11;7;3;0;1;0;1;0;0;0;0;0;0;809134,0658;5819509,341;13,54877;52,43816
23247;198897;11;1;1011401;2019;9;10;7;3;1;1;0;1;1;0;0;0;0;0;797815,9117;5829270,528;13,39149;52,53193
23248;198898;11;7;7030301;2019;9;9;7;3;5;3;0;1;1;0;0;0;0;0;793974,1274;5822306,115;13,32887;52,47159
23249;198899;11;8;8041039;2019;9;14;7;3;6;7;0;0;1;1;0;0;0;0;806573,0322;5815723,312;13,50774;52,40567
23250;198900;11;2;2020203;2019;9;1;7;3;1;5;2;1;1;0;0;0;1;0;797690,8606;5824591,385;13,38547;52,49006
23251;198901;11;2;2020205;2019;9;22;6;3;1;1;2;0;1;0;0;0;1;0;798312,5537;5824393,81;13,39442;52,48795
23252;198902;11;2;2010103;2019;9;21;6;3;0;1;2;1;0;0;0;0;0;0;799173,0862;5826260,654;13,40873;52,50421
23253;198903;11;2;2050803;2019;9;21;6;3;5;2;2;1;1;0;0;0;0;0;802753,6741;5826107,63;13,46118;52,50087
23254;198904;11;3;3010101;2019;9;20;6;2;5;2;2;0;1;0;1;0;0;0;803848,1382;5841440,476;13,4913;52,63768
23255;198905;11;3;3061131;2019;9;11;6;3;5;3;0;1;1;0;0;0;0;0;799177,2716;5830743,543;13,41282;52,54439
23256;198906;11;1;1011203;2019;9;11;6;2;6;2;0;0;1;1;0;0;0;0;797919,1207;5827278,644;13,39122;52,51402
23257;198907;11;4;4051655;2019;9;11;6;3;3;6;0;0;1;0;1;0;0;0;793959,9067;5823446,821;13,32966;52,48182
23258;198908;11;1;1044102;2019;9;10;6;3;2;6;0;0;1;0;0;0;0;0;794877,4811;5832005,641;13,35072;52,55805
23259;198909;11;7;7050504;2019;9;19;6;3;1;5;2;0;1;0;0;0;1;0;799836,9112;5820459,634;13,41327;52,45185
23260;198910;11;1;1011201;2019;9;15;6;2;0;1;0;0;0;0;0;0;1;0;797024,1038;5826580,961;13,37745;52,50826
23261;198911;11;1;1011306;2019;9;9;6;3;2;2;0;0;0;0;1;1;0;0;800080,107;5826452,345;13,42223;52,50543
23262;198912;11;2;2020205;2019;9;19;6;3;6;4;1;0;1;1;0;0;0;0;798450,9082;5824555,36;13,39659;52,48932
23263;198913;11;9;9010402;2019;9;19;6;3;5;2;1;1;1;0;0;0;0;0;806104,989;5819162,606;13,50403;52,43675
23264;198914;11;1;1011302;2019;9;8;6;3;2;2;0;1;1;0;0;0;0;0;799091,1194;5828975,067;13,40997;52,52859
23265;198915;11;1;1022103;2019;9;14;6;3;2;6;0;0;1;0;0;0;0;0;793573,896;5829815,239;13,32961;52,53912
23266;198916;11;1;1044201;2019;9;8;6;3;3;6;0;0;1;0;1;0;0;0;796699,3435;5831951,32;13,37747;52,55657
23267;198917;11;1;1011306;2019;9;14;6;3;1;7;0;1;1;0;0;0;0;0;800108,9568;5826881,932;13,42304;52,50927
23268;198918;11;2;2040701;2019;9;8;6;3;0;7;0;0;0;0;0;1;0;0;800617,9463;5827208,76;13,43081;52,51192
23269;198919;11;11;11030720;2019;9;18;6;2;6;4;0;0;1;1;0;0;0;0;805182,0009;5829607,719;13,50006;52,53088
23270;198920;11;8;8020727;2019;9;7;6;2;6;4;0;0;1;1;0;0;0;0;800517,1975;5816503,812;13,41969;52,41602
23271;198921;11;4;4030621;2019;9;14;6;3;5;3;0;1;1;0;0;0;0;0;793216,8433;5827791,511;13,32258;52,52117
23272;198922;11;8;8010118;2019;9;18;6;3;1;5;0;0;1;0;0;0;0;0;800393,3411;5821713,802;13,42256;52,46279
23273;198923;11;1;1044203;2019;9;14;6;3;2;6;0;0;1;0;0;0;0;0;796244,3684;5831948,853;13,37078;52,5568
23274;198924;11;9;9020502;2019;9;6;6;3;5;3;0;0;1;0;0;0;0;0;806937,8849;5822299,19;13,51913;52,4644
23275;198925;11;7;7010101;2019;9;16;6;3;2;2;0;1;1;0;0;0;0;0;794562,963;5825786,132;13,34059;52,50247
23276;198926;11;4;4041136;2019;9;13;6;3;5;2;0;1;1;0;0;0;0;0;790677,2585;5822691,548;13,2808;52,47681
23277;198927;11;10;10030727;2019;9;12;6;3;2;6;0;0;1;0;0;0;0;0;809579,6671;5825096,55;13,56049;52,48798
23278;198928;11;3;3050920;2019;9;16;6;3;5;2;0;1;1;0;0;0;0;0;802307,5556;5832626,487;13,46056;52,55954
23279;198929;11;5;5020627;2019;9;12;6;2;5;2;0;0;1;0;0;0;0;0;785637,1357;5828028,701;13,21138;52,52732
23280;198930;11;1;1033102;2019;9;16;6;3;9;1;0;0;1;1;0;0;0;0;797157,349;5831905,615;13,38417;52,55591
23281;198931;11;12;12214422;2019;9;12;6;3;2;6;0;0;1;0;0;0;1;0;792067,9287;5832942,158;13,31022;52,56796
23282;198932;11;1;1044103;2019;9;16;6;3;5;2;0;1;1;0;0;0;0;0;794509,8518;5830643,201;13,34411;52,54604
23283;198933;11;10;10020414;2019;9;12;6;3;2;2;0;0;1;0;1;0;0;0;812069,9533;5830895,591;13,60248;52,53852
23284;198934;11;4;4020313;2019;9;11;6;2;3;6;0;0;1;0;1;0;0;0;790476,7969;5826782,486;13,28143;52,51359
23285;198935;11;1;1011402;2019;9;15;6;3;0;1;0;1;0;0;0;0;0;0;798718,9779;5829543,158;13,40501;52,53388
23286;198936;11;4;4030726;2019;9;15;6;2;5;2;0;1;1;0;0;0;0;0;792090,9959;5825291,91;13,30384;52,49937
23287;198937;11;4;4030623;2019;9;12;6;3;5;2;0;1;0;0;0;1;0;0;793674,295;5825995,311;13,32772;52,50482
23288;198938;11;1;1011401;2019;9;19;6;1;9;7;1;0;1;1;0;0;1;0;798113,9677;5829348,009;13,39594;52,53247
23289;198939;11;4;4041343;2019;9;6;5;2;0;7;0;1;1;0;0;0;0;0;792742,6544;5823123,808;13,31151;52,47958
23290;198940;11;1;1011306;2019;9;4;5;2;6;2;2;0;1;1;0;0;0;1;799662,8836;5827043,626;13,41663;52,51096
23291;198941;11;7;7040405;2019;9;22;5;3;5;2;2;0;1;0;0;0;0;0;798893,609;5821213,683;13,4001;52,45913
23292;198942;11;2;2020204;2019;9;20;5;3;2;6;2;0;1;0;0;0;0;0;798296,1892;5825339,96;13,39503;52,49644
23293;198943;11;6;6040810;2019;9;20;5;3;5;2;2;1;1;0;0;0;0;0;790352,3107;5820678,943;13,27428;52,45894
23294;198944;11;12;12214125;2019;9;18;5;2;0;7;0;1;0;0;0;0;0;0;791061,4568;5833909,291;13,29627;52,57717
23295;198945;11;10;10030727;2019;9;18;5;2;5;3;0;0;1;0;0;0;0;0;809838,2586;5825689,294;13,56483;52,49314
23296;198946;11;3;3071639;2019;9;21;5;3;5;3;2;1;1;0;0;0;0;0;800962,4858;5829193,916;13,43767;52,52952
23297;198947;11;6;6020303;2019;9;10;5;3;5;2;0;1;1;0;0;0;0;0;795189,6191;5818764,689;13,34358;52,43919
23298;198948;11;1;1022104;2019;9;17;5;3;5;3;0;1;0;0;0;0;0;1;794303,1401;5828462,655;13,33914;52,5266
23299;198949;11;10;10030727;2019;9;17;5;3;2;6;0;0;1;0;0;0;0;0;809717,4314;5826033,113;13,56338;52,49629
23300;198950;11;1;1044202;2019;9;12;5;3;2;6;0;0;1;0;0;0;0;0;795400,87;5830610,899;13,35718;52,54526
23301;198951;11;12;12103218;2019;9;11;5;3;5;2;0;1;1;0;0;0;0;0;794565,1456;5833792,474;13,34772;52,57424
23302;198952;11;3;3061131;2019;9;11;5;3;5;2;0;1;1;0;0;0;0;0;799135,5132;5830601,35;13,41208;52,54314
23303;198953;11;3;3020209;2019;9;9;5;3;5;3;0;1;1;0;0;0;0;0;797885,1622;5834642,227;13,39733;52,58005
23304;198954;11;10;10010310;2019;9;9;5;3;2;6;0;0;1;0;0;1;0;0;808094,6883;5830922,342;13,54408;52,54103
23305;198955;11;4;4020313;2019;9;8;5;3;3;6;0;0;1;0;0;0;0;0;790151,2832;5826070,444;13,27602;52,50738
23306;198956;11;6;6030607;2019;9;8;5;3;2;6;0;0;1;0;0;1;0;0;792224,3246;5816651,021;13,29823;52,42183
23307;198957;11;7;7040406;2019;9;8;5;3;5;2;0;1;1;0;0;0;0;0;800253,7607;5821586,116;13,42039;52,46172
23308;198958;11;3;3040512;2019;9;8;5;3;0;2;0;1;1;0;0;0;0;0;796916,2901;5835822,402;13,38413;52,59116
23309;198959;11;9;9010402;2019;9;8;5;3;0;2;0;0;1;0;1;0;0;1;806491,1354;5820058,823;13,51051;52,44457
23310;198960;11;5;5030731;2019;9;8;5;2;5;3;0;1;0;0;0;0;1;0;788001,8548;5830207,936;13,24803;52,54561
23311;198961;11;4;4020209;2019;9;17;5;3;0;5;0;0;0;0;1;0;1;0;789816,8155;5824903,04;13,27009;52,49709
23312;198962;11;8;8020726;2019;9;17;5;3;5;3;0;0;1;0;0;0;0;0;799906,6176;5816245,14;13,41051;52,41404
23313;198963;11;12;12224230;2019;9;17;5;3;5;2;0;1;1;0;0;0;0;0;787290,0051;5837899,624;13,24423;52,61495
23314;198964;11;4;4051654;2019;9;17;5;2;6;7;0;0;1;1;0;0;0;0;793599,8418;5823944,754;13,32482;52,48648
23315;198965;11;4;4030726;2019;9;17;5;3;5;3;0;0;1;0;0;0;0;0;792090,8326;5825281,779;13,30383;52,49927
23316;198966;11;5;5040934;2019;9;16;5;2;0;1;0;1;0;0;0;0;0;0;783826,613;5823585,922;13,18097;52,48843
23317;198967;11;5;5040936;2019;9;7;5;3;5;3;0;1;1;0;0;0;0;0;780779,1452;5820414,777;13,13354;52,46157
23318;198968;11;4;4030931;2019;9;15;5;3;6;4;0;0;1;1;0;0;0;0;794436,5297;5825886,939;13,33882;52,50344
23319;198969;11;9;9041401;2019;9;7;5;2;6;4;0;0;1;1;0;0;0;0;811649,5107;5820424,135;13,58651;52,44493
23320;198970;11;5;5010312;2019;9;15;6;2;5;3;0;0;1;0;1;0;0;0;785088,2385;5829871,69;13,20489;52,54413
23321;198971;11;10;10020414;2019;9;15;5;3;6;2;0;0;1;1;0;0;0;0;812237,7694;5830686,179;13,60475;52,53655
23322;198972;11;1;1022104;2019;9;15;6;3;1;5;0;1;1;0;0;0;0;0;794363,2458;5828435,887;13,34;52,52633
23323;198973;11;6;6040701;2019;9;15;6;3;5;3;0;1;1;0;0;0;0;0;782334,5566;5815313,249;13,15206;52,41503
23324;198974;11;9;9020502;2019;9;7;5;3;0;1;0;0;0;0;1;0;0;1;809101,9055;5821545,987;13,55018;52,45643
23325;198975;11;1;1033102;2019;9;15;5;3;5;2;0;1;1;0;0;0;0;0;797317,6553;5831634,203;13,38628;52,55339
23326;198976;11;1;1011304;2019;9;21;6;3;2;6;2;0;1;0;0;0;0;0;799773,0299;5827532,78;13,41869;52,51529
23327;198977;11;4;4030518;2019;9;15;5;3;5;3;0;0;1;0;0;0;0;0;791699,3505;5828394,776;13,30081;52,52739
23328;198978;11;10;10020518;2019;9;6;5;3;5;3;1;0;1;0;0;0;0;1;812935,6646;5830025,092;13,61438;52,53023
23329;198979;11;4;4051549;2019;9;7;5;3;5;2;0;1;1;0;0;0;0;1;793312,8333;5823634,548;13,32033;52,48385
23330;198980;11;6;6010102;2019;9;11;5;3;0;1;0;1;0;0;0;0;0;0;793733,9796;5821072,301;13,32426;52,46066
23331;198981;11;2;2020205;2019;9;14;5;3;5;5;0;1;1;0;0;0;0;0;798318,1772;5824281,804;13,3944;52,48694
23332;198982;11;6;6040810;2019;9;16;5;3;5;2;0;1;1;0;0;0;0;0;790387,9079;5820839,826;13,27494;52,46036
23333;198983;11;6;6040804;2019;9;15;5;3;6;4;0;1;0;1;0;0;0;0;787606,683;5818080,596;13,23175;52,43709
23334;198984;11;6;6030504;2019;9;6;5;2;2;7;0;0;1;0;0;0;1;1;789969,7896;5816232,012;13,26481;52,41927
23335;198985;11;7;7020201;2019;9;16;5;3;2;2;0;1;1;0;0;0;0;0;794860,4586;5824286,138;13,34363;52,48886
23336;198986;11;7;7020203;2019;9;14;5;3;5;7;0;0;0;0;1;0;1;0;795520,026;5824366,932;13,35339;52,48923
23337;198987;11;1;1011304;2019;9;16;5;3;0;5;0;0;1;0;1;0;0;0;799525,1455;5827882,935;13,41536;52,51856
23338;198988;11;7;7010104;2019;9;14;5;3;5;3;0;1;1;0;0;0;0;0;796317,4343;5824924,649;13,36559;52,49379
23339;198989;11;4;4030620;2019;9;16;5;2;5;2;0;0;1;0;0;0;1;0;791860,0091;5827450,856;13,30234;52,51884
23340;198990;11;9;9010401;2019;9;14;5;3;0;2;0;0;1;0;1;0;0;0;806318,2569;5820929,401;13,50878;52,45247
23341;198991;11;7;7040402;2019;9;15;5;3;0;6;0;0;1;0;0;0;1;0;796815,0176;5822356,345;13,37061;52,4705
23342;198992;11;12;12214125;2019;9;15;5;3;2;2;0;0;1;0;1;0;0;0;790950,624;5833803,845;13,29454;52,57628
23343;198993;11;4;4020310;2019;9;6;5;3;0;1;0;0;0;0;1;0;0;1;790238,6465;5828094,398;13,27907;52,52548
23344;198994;11;12;12301204;2019;9;6;5;3;5;3;0;0;1;0;1;0;0;1;792459,9968;5835351,616;13,31812;52,58935
23345;198995;11;5;5010312;2019;9;15;5;3;1;5;0;1;1;0;0;0;0;0;784779,2556;5830471,799;13,20086;52,54967
23346;198996;11;11;11030618;2019;9;15;5;3;1;5;0;0;1;0;0;0;0;0;802870,8929;5828733,706;13,4653;52,52434
23347;198997;11;12;12103117;2019;9;6;5;2;0;3;1;0;1;0;1;0;0;1;796397,3394;5832691,147;13,37369;52,56337
23348;198998;11;3;3010102;2019;9;14;5;3;5;3;0;0;1;0;0;0;0;0;804371,698;5840424,6;13,49808;52,62828
23349;198999;11;8;8020622;2019;9;18;5;2;0;7;1;0;0;0;1;0;0;1;801261,5273;5819679,711;13,43346;52,44408
23350;199000;11;11;11040926;2019;9;14;5;2;6;4;0;1;0;1;0;0;0;0;805049,0543;5826744,562;13,49548;52,5053
23351;199001;11;2;2040703;2019;9;13;5;3;5;3;0;1;0;0;0;0;1;0;801767,78;5826253,667;13,44684;52,50272
23352;199002;11;11;11030720;2019;9;13;5;2;5;3;0;1;1;0;0;0;0;0;805186,448;5829419,154;13,49995;52,52919
23353;199003;11;12;12231101;2019;9;14;5;3;5;3;0;1;1;0;0;0;0;0;792104,8276;5837987,676;13,31522;52,61317
23354;199004;11;1;1044203;2019;9;13;5;3;2;6;0;0;1;0;0;0;0;0;795425,0095;5831585,772;13,3584;52,55399
23355;199005;11;12;12214424;2019;9;11;5;3;3;6;0;0;1;0;0;1;0;0;793380,707;5832503,054;13,32915;52,56332
23356;199006;11;2;2040701;2019;9;11;5;3;2;6;0;1;0;0;0;0;0;0;800602,469;5827039,541;13,43043;52,51041
23357;199007;11;4;4031032;2019;9;23;5;2;5;7;2;0;1;0;0;0;0;0;791018,7496;5824869,104;13,28772;52,49615
23358;199008;11;1;1022106;2019;9;14;5;3;6;4;0;0;0;1;0;0;1;0;794441,445;5828357,572;13,34108;52,52558
23359;199009;11;10;10020414;2019;9;15;5;3;5;3;0;1;1;0;0;0;0;0;812014,3105;5830885,123;13,60165;52,53846
23360;199010;11;2;2040502;2019;9;12;4;3;2;6;0;1;1;0;0;0;0;0;800761,124;5828450,768;13,43404;52,52297
23361;199011;11;2;2010102;2019;9;20;5;3;5;3;2;0;1;0;0;0;0;0;798181,2702;5826512,423;13,39439;52,50701
23362;199012;11;1;3071536;2019;9;14;4;3;3;3;0;1;1;0;0;0;0;0;799083,2619;5829018,168;13,40989;52,52898
23363;199013;11;3;3040818;2019;9;19;5;3;0;4;2;0;0;1;1;0;0;0;799472,9368;5831859,933;13,41818;52,55424
23364;199014;11;7;7020201;2019;9;18;5;2;3;6;0;0;1;0;0;0;0;0;794959,9965;5824119,398;13,34494;52,48731
23365;199015;11;1;1011302;2019;9;20;4;3;3;6;2;0;1;0;0;0;0;0;798440,8004;5829047,187;13,40047;52,52959
23366;199016;11;1;1044202;2019;9;19;4;3;5;2;0;1;1;0;0;0;0;0;794610,7721;5829870,924;13,34491;52,53906
23367;199017;11;4;4031032;2019;9;18;5;3;5;3;0;0;1;0;0;0;0;0;790953,3799;5824833,665;13,28673;52,49587
23368;199018;11;5;5020523;2019;9;18;5;2;5;3;0;1;1;0;0;0;0;0;783047,9776;5827281,903;13,17268;52,52197
23369;199019;11;7;7050504;2019;9;19;4;2;1;5;0;0;1;0;0;0;0;0;799799,871;5820465,21;13,41273;52,45192
23370;199020;11;6;6030504;2019;9;17;5;2;5;2;0;0;1;0;1;0;0;0;790159,6668;5815444,938;13,26691;52,41212
23371;199021;11;1;1011302;2019;9;18;4;3;1;5;0;1;0;0;0;1;1;0;797978,0969;5828497,12;13,39318;52,52491
23372;199022;11;12;12103116;2019;9;17;5;2;6;4;0;0;1;1;0;0;0;0;796586,6659;5833580,743;13,37727;52,57124
23373;199023;11;12;12103117;2019;9;18;4;3;2;6;0;0;1;0;0;0;0;0;796644,8088;5832450,284;13,37712;52,56108
23374;199024;11;4;4031032;2019;9;10;5;3;1;5;0;1;1;0;0;0;0;0;791536,3916;5825100,987;13,29553;52,49795
23375;199025;11;4;4030417;2019;9;18;4;3;1;5;0;0;1;0;0;0;0;0;791813,6828;5826919,663;13,30119;52,51411
23376;199026;11;4;4051654;2019;9;10;5;3;5;3;0;0;1;0;1;0;0;0;793439,655;5823835,308;13,32237;52,48558
23377;199027;11;5;5020417;2019;9;10;5;3;5;3;0;0;1;0;1;0;0;1;782822,87;5828571,97;13,17047;52,53366
23378;199028;11;8;8041037;2019;9;18;4;3;5;3;0;0;1;0;1;0;0;0;805698,2509;5816979,992;13,49607;52,41742
23379;199029;11;4;4051653;2019;9;18;4;3;2;6;0;0;1;0;0;0;0;0;793976,8586;5824691,003;13,33101;52,49297
23380;199030;11;1;1044101;2019;9;9;5;3;3;6;0;0;1;0;0;0;0;0;794526,2502;5831578,961;13,34518;52,55442
23381;199031;11;5;5010314;2019;9;18;4;3;3;6;0;0;0;0;1;0;1;0;784940,0555;5829395,125;13,2023;52,53994
23382;199032;11;3;3061429;2019;9;9;5;3;5;3;0;1;1;0;0;0;0;0;801415,3715;5830908,652;13,44588;52,54464
23383;199033;11;9;9020502;2019;9;17;4;3;5;2;0;0;1;0;1;0;0;0;807079,3213;5822532,697;13,52142;52,46641
23384;199034;11;4;4020310;2019;9;9;5;3;3;6;0;0;0;0;1;0;1;0;790142,5873;5827332,632;13,277;52,5187
23385;199035;11;1;1011306;2019;9;17;4;3;5;2;0;1;0;0;1;0;0;0;799774,106;5826561,658;13,41783;52,50658
23386;199036;11;8;8020622;2019;9;7;5;3;2;7;0;1;1;0;0;0;0;0;802316,0528;5819329,018;13,44861;52,44035
23387;199037;11;3;3040508;2019;9;16;4;2;5;3;0;1;1;0;0;0;0;0;795890,3772;5836466,663;13,3696;52,59749
23388;199038;11;1;1011303;2019;9;8;5;3;5;3;0;1;0;0;1;0;0;1;799350,0423;5828621,446;13,41345;52,52528
23389;199039;11;2;2020202;2019;9;7;5;3;5;2;0;1;1;0;0;0;0;1;797943,0511;5825259,136;13,38977;52,49591
23390;199040;11;4;4031032;2019;9;16;4;3;2;3;0;1;1;0;0;0;0;0;791451,2681;5825070,675;13,29425;52,49772
23391;199041;11;12;12214424;2019;9;5;5;2;0;3;2;1;1;0;0;0;0;1;793471,3267;5832412,124;13,3304;52,56245
23392;199042;11;2;2010103;2019;9;16;4;3;1;5;0;1;1;0;0;0;0;0;799553,659;5826112,818;13,41419;52,50268
23393;199043;11;1;1022207;2019;9;16;5;2;6;4;0;1;0;1;0;0;0;0;794635,4703;5827606,908;13,34326;52,51875
23394;199044;11;1;1011301;2019;9;8;4;3;3;6;0;1;1;0;0;0;0;0;797615,0966;5828331,117;13,3877;52,52362
23395;199045;11;8;8020621;2019;9;15;4;3;3;6;0;1;0;0;0;0;0;0;800340,0042;5819243,086;13,41955;52,44067
23396;199046;11;9;9020702;2019;9;15;4;3;0;3;0;1;0;0;0;0;1;0;809317,3531;5819371,469;13,55133;52,43682
23397;199047;11;6;6010101;2019;9;15;4;3;5;3;0;1;1;0;0;0;0;0;793150,8323;5820833,713;13,31549;52,45883
23398;199048;11;8;8010213;2019;9;16;4;3;2;2;0;1;0;0;0;0;1;0;801047,945;5822427,431;13,43281;52,46882
23399;199049;11;1;1011204;2019;9;15;4;3;2;2;0;1;0;0;0;0;1;0;798674,1392;5827587,342;13,40259;52,51638
23400;199050;11;4;4010102;2019;9;21;4;3;2;6;2;0;1;0;0;0;0;0;792952,391;5830401,108;13,32099;52,54471
23401;199051;11;9;9051702;2019;9;12;4;3;5;2;0;1;1;0;0;0;0;0;814202,6549;5821326,771;13,6248;52,45155
23402;199052;11;1;1011204;2019;9;21;4;3;5;3;2;0;1;0;0;0;0;0;797990,9746;5826785,847;13,39184;52,50957
23403;199053;11;5;5020524;2019;9;20;4;3;6;4;2;1;0;1;0;0;0;0;783391,7432;5826748,951;13,17728;52,51702
23404;199054;11;7;7030301;2019;9;11;4;3;6;2;0;0;1;1;0;0;0;0;794227,6175;5822417,879;13,33269;52,47245
23405;199055;11;1;1033203;2019;9;11;4;2;2;2;0;0;0;0;1;0;0;0;796492,6671;5830527,07;13,37316;52,54392
23406;199056;11;11;11030721;2019;9;20;4;3;5;2;2;0;1;0;1;0;0;0;804272,2537;5827873,91;13,4851;52,51585
23407;199057;11;1;1044101;2019;9;10;4;3;2;3;0;0;1;0;0;0;1;0;794315,151;5830463,331;13,34109;52,54453
23408;199058;11;4;4041137;2019;9;20;4;2;6;4;2;0;1;1;0;0;0;0;790720,9332;5822721,683;13,28147;52,47705
23409;199059;11;9;9020601;2019;9;0;4;3;5;3;2;0;1;0;0;0;0;0;805908,598;5821824,27;13,50359;52,46072
23410;199060;11;1;1033202;2019;9;19;4;3;1;5;2;0;1;0;0;0;0;0;797740,6014;5830210,532;13,39122;52,5404
23411;199061;11;9;9041402;2019;9;10;4;3;6;4;0;1;0;1;0;0;0;0;812133,011;5820713,967;13,59387;52,44725
23412;199062;11;3;3030715;2019;9;19;4;3;5;2;1;0;1;0;0;0;0;0;800625,7595;5833910,766;13,43699;52,57198
23413;199063;11;3;3061131;2019;9;19;4;3;4;6;1;1;0;0;0;0;0;0;798695,0606;5830312,633;13,40535;52,54079
23414;199064;11;4;4041344;2019;9;10;4;3;0;5;0;0;1;0;1;0;0;0;792861,1548;5822921,14;13,31307;52,4777
23415;199065;11;3;3061131;2019;9;19;4;3;3;6;0;1;0;0;0;0;0;0;798725,3965;5830324,222;13,4058;52,54088
23416;199066;11;6;6020304;2019;9;15;4;3;5;3;0;1;0;0;0;0;1;0;794628,4565;5817924,641;13,33461;52,43196
23417;199067;11;2;2050802;2019;9;18;4;3;0;1;0;1;1;0;0;0;0;0;802697,3937;5827237,595;13,46138;52,51103
23418;199068;11;12;12214125;2019;9;10;4;2;5;2;0;0;1;0;0;0;0;0;790969,2616;5833803,375;13,29482;52,57627
23419;199069;11;5;5030833;2019;9;17;4;3;5;3;0;0;1;0;0;0;0;0;788171,866;5829380,851;13,24981;52,53811