;OBJECTID;LAND;BEZ;LOR;UJAHR;UMONAT;USTUNDE;UWOCHENTAG;UKATEGORIE;UART;UTYP1;ULICHTVERH;IstRad;IstPKW;IstFuss;IstKrad;IstGkfz;IstSonstige;USTRZUSTAND;LINREFX;LINREFY;XGCSWGS84;YGCSWGS84
23630;199280;11;7;7020204;2019;9;9;6;2;5;3;0;1;1;0;0;0;0;0;796256,8098;5823525,701;13,36346;52,48129
23631;199281;11;11;11030721;2019;9;9;6;3;0;7;0;0;1;0;0;0;0;0;804297,1475;5828415,983;13,48596;52,5207
23632;199282;11;8;8020728;2019;9;8;6;3;6;4;0;0;1;1;0;0;0;0;801845,7974;5816753,725;13,43939;52,41753
23633;199283;11;4;4041134;2019;9;8;6;3;5;2;0;0;1;0;0;0;0;0;790859,1368;5824577,073;13,28512;52,49362
23634;199284;11;7;7050502;2019;9;8;6;3;1;1;0;0;1;0;0;0;0;0;797878,1453;5818049,586;13,38238;52,43132
23635;199285;11;10;10020518;2019;9;7;6;3;5;3;0;0;1;0;0;0;1;0;813134,9396;5830152,863;13,61743;52,53126
23636;199286;11;1;1022206;2019;9;14;6;3;0;6;0;0;1;0;0;0;1;0;796204,6487;5828469,402;13,36709;52,52563
23637;199287;11;10;10010308;2019;9;15;5;2;5;2;0;1;0;0;0;0;0;0;807639,1952;5829194,103;13,53578;52,5258
23638;199288;11;4;4020310;2019;9;11;5;3;5;7;0;0;1;0;0;0;0;0;789843,3933;5827400,564;13,27266;52,51947
23639;199289;11;1;1011201;2019;9;21;5;3;0;3;2;0;1;0;1;0;0;0;796957,3332;5826859,371;13,37672;52,51079
23640;199290;11;4;4041137;2019;9;17;5;3;2;7;0;0;1;0;1;0;0;0;791518,1696;5823588,926;13,29394;52,4844
23641;199291;11;2;2020206;2019;9;10;5;3;3;6;0;0;1;0;0;1;0;0;799868,793;5824476,687;13,41734;52,48784
23642;199292;11;8;8010509;2019;9;20;5;3;6;4;2;0;1;1;0;0;0;0;803790,9135;5822146,556;13,47281;52,46479
23643;199293;11;5;5020625;2019;9;10;5;3;2;7;0;0;1;0;1;0;0;0;784035,4311;5828532,345;13,18826;52,53267
23644;199294;11;2;2020206;2019;9;19;5;3;6;4;1;1;0;1;0;0;0;0;800018,2454;5824454,445;13,41952;52,48756
23645;199295;11;2;2010102;2019;9;16;5;2;5;2;0;0;1;0;1;0;0;0;798215,4145;5825859,437;13,3943;52,50114
23646;199296;11;5;5020625;2019;9;19;5;3;6;4;1;1;0;1;0;0;0;0;784040,0282;5828716,999;13,18849;52,53433
23647;199297;11;1;1011105;2019;9;9;5;3;1;5;0;1;1;0;0;0;0;0;796069,7457;5826436,26;13,3633;52,50748
23648;199298;11;10;10020623;2019;9;16;5;3;6;4;0;0;1;1;0;0;0;0;811520,6154;5828709,463;13,59236;52,51925
23649;199299;11;1;1033101;2019;9;9;5;3;0;6;0;0;1;0;0;0;1;0;797168,7366;5831935,452;13,38436;52,55618
23650;199300;11;1;1022106;2019;9;15;5;3;5;3;0;0;1;0;0;0;0;0;793819,4382;5827957,116;13,33158;52,52233
23651;199301;11;5;5020626;2019;9;15;5;3;2;6;0;0;1;0;0;0;0;0;784539,145;5827992,483;13,1952;52,52757
23652;199302;11;1;1011401;2019;9;14;5;3;2;3;0;0;1;0;1;0;0;0;798409,0319;5829208,321;13,40015;52,53105
23653;199303;11;11;11010103;2019;9;19;5;3;5;3;1;0;1;0;0;0;0;0;808270,1148;5834024,694;13,54954;52,56873
23654;199304;11;8;8020622;2019;9;8;5;3;0;2;0;1;1;0;0;0;0;0;802573,8257;5819932,359;13,45294;52,44562
23655;199305;11;2;2050802;2019;9;8;5;3;5;2;0;1;1;0;0;0;0;0;802673,5302;5827243,944;13,46104;52,5111
23656;199306;11;8;8020622;2019;9;7;5;2;5;2;0;1;1;0;0;0;0;0;801312,9247;5819949,854;13,43446;52,44647
23657;199307;11;4;4020310;2019;9;14;5;2;6;4;0;0;0;1;0;0;1;0;790344,156;5827318,613;13,27995;52,51847
23658;199308;11;9;9051901;2019;9;14;5;2;5;7;0;1;1;0;0;0;0;0;809947,5866;5821593,083;13,56263;52,45637
23659;199309;11;7;7060604;2019;9;7;5;3;5;3;0;1;1;0;0;0;0;0;795815,3581;5815200,24;13,34961;52,40689
23660;199310;11;8;8010404;2019;9;17;5;2;5;3;0;0;1;0;0;0;0;0;801998,1665;5823293,071;13,44754;52,47606
23661;199311;11;1;1011303;2019;9;14;5;3;6;4;0;1;0;1;0;0;0;0;798816,3231;5828243,611;13,40527;52,52218
23662;199312;11;1;1022206;2019;9;17;5;2;5;2;0;1;1;0;0;0;0;0;795453,5003;5827718,071;13,35538;52,5193
23663;199313;11;5;5010209;2019;9;14;5;3;1;1;0;1;1;0;0;0;0;0;782241,6088;5829468,191;13,16268;52,542
23664;199314;11;11;11040926;2019;9;13;5;2;6;4;0;0;1;1;0;0;0;0;805111,8204;5826190,997;13,49589;52,5003
23665;199315;11;2;2030301;2019;9;2;5;3;1;5;2;0;1;0;0;0;0;0;800117,0325;5826154,524;13,4225;52,50274
23666;199316;11;1;1044101;2019;9;13;5;3;3;6;0;0;1;0;0;1;0;0;794038,3912;5830240,941;13,33682;52,54268
23667;199317;11;8;8010508;2019;9;12;5;3;5;2;0;0;1;0;0;0;0;0;803196,6889;5822707,794;13,4646;52,47015
23668;199318;11;5;5030731;2019;9;11;5;3;1;5;0;0;1;0;0;0;1;0;787397,8869;5830013,945;13,23898;52,54419
23669;199319;11;8;8010211;2019;9;5;5;3;5;7;1;0;1;0;0;0;0;0;800386,0344;5824111,12;13,42461;52,48428
23670;199320;11;1;1022201;2019;9;14;5;3;0;6;0;0;0;0;0;0;1;0;795426,5252;5829528,294;13,3566;52,53555
23671;199321;11;3;3051017;2019;9;13;5;2;5;3;0;0;1;0;0;0;0;0;802207,8538;5832973,994;13,45941;52,56271
23672;199322;11;7;7010104;2019;9;4;5;3;6;2;2;0;1;1;0;0;0;0;796036,6384;5825376,201;13,36187;52,498
23673;199323;11;1;1011101;2019;9;13;5;3;2;6;0;0;1;0;0;0;1;0;795298,5254;5826408,937;13,35195;52,50765
23674;199324;11;12;12224229;2019;9;15;4;2;0;6;0;0;1;0;0;0;1;0;786308,0057;5834361,244;13,2267;52,58374
23675;199325;11;4;4030726;2019;9;16;4;3;5;3;0;1;1;0;0;0;0;0;791949,7623;5825233,921;13,30171;52,49892
23676;199326;11;1;1011204;2019;9;9;4;3;5;3;0;1;1;0;0;0;0;0;798557,1436;5826814,789;13,40018;52,50952
23677;199327;11;2;2030401;2019;9;8;4;3;6;4;0;0;1;1;0;0;0;0;800878,8314;5825318,875;13,43293;52,49483
23678;199328;11;8;8041040;2019;9;13;4;3;6;2;0;0;1;1;0;0;0;0;805794,4972;5816849,727;13,49736;52,4162
23679;199329;11;1;1011202;2019;9;13;4;3;5;2;0;1;1;0;0;0;0;0;797594,3006;5828064,041;13,38715;52,52124
23680;199330;11;9;9010101;2019;9;23;4;3;0;1;2;1;0;0;0;0;0;0;802306,8598;5825328,781;13,45391;52,49413
23681;199331;11;11;11040926;2019;9;16;4;3;5;3;0;1;1;0;0;0;0;0;806133,0342;5826709,065;13,51137;52,50437
23682;199332;11;10;10040828;2019;9;8;4;3;5;3;0;0;1;0;0;0;0;0;812339,0384;5829697,126;13,60531;52,52763
23683;199333;11;1;1022201;2019;9;22;4;2;1;5;2;1;0;0;0;0;1;0;795670,0169;5829262,409;13,35994;52,53303
23684;199334;11;1;1011301;2019;9;21;4;3;1;1;2;1;1;0;0;0;0;0;797579,6615;5828552,126;13,38737;52,52562
23685;199335;11;6;6040703;2019;9;19;4;3;1;5;2;1;1;0;0;0;0;0;787044,8768;5817293,97;13,22283;52,43034
23686;199336;11;7;7020202;2019;9;19;4;3;2;6;1;0;1;0;0;0;0;0;794990,0082;5823919,772;13,34521;52,48551
23687;199337;11;5;5010314;2019;9;18;4;3;5;7;1;0;1;0;1;0;0;0;784228,1337;5828948,428;13,19145;52,5363
23688;199338;11;11;11030721;2019;9;18;4;3;0;3;0;1;1;0;0;0;0;0;804833,3841;5827748,044;13,49323;52,51441
23689;199339;11;4;4030623;2019;9;18;4;3;6;4;0;0;1;1;0;0;0;0;793932,6594;5826512,808;13,33197;52,50932
23690;199340;11;3;3020307;2019;9;17;4;2;6;7;0;0;1;1;0;0;0;0;800164,6902;5836534,857;13,43258;52,59576
23691;199341;11;1;1011201;2019;9;17;4;3;6;2;0;0;1;1;0;0;0;0;796994,338;5826617,881;13,37704;52,50861
23692;199342;11;2;2050803;2019;9;17;4;3;3;6;0;0;1;0;0;0;0;0;802831,2277;5826106,02;13,46232;52,50081
23693;199343;11;6;6030504;2019;9;17;4;3;1;7;0;0;1;0;0;0;0;0;789801,8335;5816750,096;13,2628;52,42401
23694;199344;11;5;5030730;2019;9;16;4;3;2;3;0;1;1;0;0;0;0;0;786601,792;5830059,839;13,22731;52,54502
23695;199345;11;9;9020701;2019;9;8;4;3;0;6;0;0;1;0;0;0;0;0;808029,7686;5819785,087;13,53283;52,44125
23696;199346;11;5;5020626;2019;9;16;4;3;5;3;0;0;1;0;0;0;0;0;785091,4221;5827591,69;13,20298;52,52369
23697;199347;11;3;3061429;2019;9;15;4;3;2;2;0;1;1;0;0;0;0;0;801345,6202;5830615,99;13,44459;52,54205
23698;199348;11;9;9051701;2019;9;6;4;3;5;2;1;1;0;0;0;0;1;0;812938,755;5821379,441;13,60631;52,45275
23699;199349;11;9;9010302;2019;9;6;4;3;5;2;0;1;1;0;0;0;0;0;803842,1722;5820985,842;13,4725;52,45436
23700;199350;11;1;1011303;2019;9;15;4;3;6;4;0;0;0;1;0;0;1;0;799151,9927;5828216,802;13,41018;52,52176
23701;199351;11;5;5010314;2019;9;5;4;2;6;2;2;0;1;1;0;0;0;0;784801,8195;5828811,554;13,19977;52,53478
23702;199352;11;12;12103115;2019;9;14;4;3;5;2;0;1;1;0;0;0;0;0;795330,7214;5833842,353;13,35903;52,57427
23703;199353;11;7;7040405;2019;9;14;4;3;5;3;0;1;1;0;0;0;0;0;799149,5234;5821299,005;13,40393;52,45975
23704;199354;11;4;4030620;2019;9;14;4;3;5;3;0;0;1;0;1;0;0;0;792148,5538;5827322,56;13,30647;52,51754
23705;199355;11;12;12302110;2019;9;14;4;3;6;4;0;0;1;1;0;0;0;1;794558,5311;5835783,151;13,34939;52,59209
23706;199356;11;7;7010102;2019;9;13;4;2;6;2;0;0;1;1;0;0;0;0;795518,599;5825369,819;13,35426;52,49822
23707;199357;11;2;2030302;2019;9;13;4;3;0;3;0;1;0;0;1;0;0;0;800658,209;5826577,874;13,43083;52,50624
23708;199358;11;11;11051331;2019;9;10;4;2;4;2;0;1;0;0;0;0;1;0;807755,08;5824028,585;13,53271;52,47944
23709;199359;11;1;1033202;2019;9;7;4;3;6;2;0;0;1;1;0;0;0;0;797762,4783;5829745,203;13,39113;52,53622
23710;199360;11;12;12214422;2019;9;10;4;3;5;2;0;0;1;0;0;0;1;0;792216,8217;5833724,075;13,3131;52,57489
23711;199361;11;8;8010406;2019;9;9;4;2;5;3;0;0;1;0;1;0;0;0;802622,1608;5824365,73;13,45767;52,48533
23712;199362;11;5;5010208;2019;9;9;4;3;5;3;0;1;1;0;0;0;0;0;783825,0211;5830154,407;13,18655;52,54733
23713;199363;11;10;10010308;2019;9;9;4;3;5;2;0;1;1;0;0;0;0;0;806318,3014;5830168,815;13,51727;52,53527
23714;199364;11;2;2040701;2019;9;8;4;3;5;2;0;1;1;0;0;0;0;0;800315,5027;5827619,739;13,42674;52,51577
23715;199365;11;8;8020622;2019;9;7;4;3;5;7;0;1;1;0;0;0;0;0;802007,6944;5819931,88;13,44464;52,44593
23716;199366;11;2;2030302;2019;9;6;4;3;5;3;0;1;0;0;1;0;0;1;800847,2584;5826462,001;13,4335;52,5051
23717;199367;11;5;5020625;2019;9;9;4;2;5;3;0;0;1;0;0;0;1;0;784753,7049;5828627,868;13,1989;52,53315
23718;199368;11;2;2020205;2019;9;16;3;3;1;5;0;1;1;0;0;0;0;0;798280,7277;5824716,338;13,39424;52,49086
23719;199369;11;3;3050923;2019;9;22;3;3;5;3;2;0;1;0;0;0;0;1;801109,1827;5831522,157;13,44193;52,55031
23720;199370;11;1;1022207;2019;9;22;3;2;6;4;2;1;0;1;0;0;0;1;794696,6662;5827418,746;13,344;52,51703
23721;199371;11;1;1011401;2019;9;21;3;3;6;4;2;1;0;1;0;0;0;1;798125,5857;5829345,109;13,39611;52,53243
23722;199372;11;10;10010206;2019;9;20;3;2;5;3;2;0;1;0;0;0;0;1;809972,9529;5832046,053;13,57273;52,55003
23723;199373;11;1;1033102;2019;9;19;3;3;5;2;1;0;1;0;0;0;1;1;797668,2903;5831309,014;13,39115;52,55029
23724;199374;11;5;5020627;2019;9;19;3;3;5;2;2;0;1;0;0;0;0;0;785983,759;5827953,427;13,21641;52,52646
23725;199375;11;3;3061429;2019;9;19;3;2;6;4;0;0;1;1;0;0;0;1;801924,4912;5830672,398;13,45315;52,54224
23726;199376;11;12;12103219;2019;9;18;3;3;2;6;1;0;1;0;0;0;0;1;795097,8099;5832470,406;13,35438;52,5621
23727;199377;11;2;2040502;2019;9;18;3;3;2;7;1;0;1;0;1;0;0;1;800873,0559;5828490,519;13,43572;52,52326
23728;199378;11;8;8010301;2019;9;18;3;3;6;4;2;0;0;1;1;0;0;1;800984,7939;5824783,452;13,43401;52,48998
23729;199379;11;2;2040502;2019;9;17;3;3;0;2;1;1;1;0;0;0;0;1;800483,853;5828469,113;13,42998;52,52329
23730;199380;11;3;3040818;2019;9;18;3;3;5;2;0;0;1;0;1;0;0;1;798771,8206;5832593,806;13,40853;52,5612
23731;199381;11;8;8040933;2019;9;15;3;3;0;2;0;1;1;0;0;0;0;0;803019,9057;5819379,025;13,45898;52,44041
23732;199382;11;3;3061228;2019;9;16;3;2;2;6;0;0;1;0;0;0;0;1;800346,491;5830853,643;13,43011;52,54474
23733;199383;11;9;9051901;2019;9;17;3;3;2;6;0;0;1;0;0;0;0;1;810755,1729;5821229,502;13,57414;52,45265
23734;199384;11;10;10010102;2019;9;17;3;3;5;3;1;0;1;0;1;0;0;1;809448,8063;5834612,584;13,56742;52,57333
23735;199385;11;9;9051901;2019;9;17;3;3;2;6;0;0;1;0;0;0;0;1;809661,5489;5821478,686;13,55833;52,45551
23736;199386;11;2;2030302;2019;9;14;3;3;2;6;0;0;1;0;1;0;0;1;800380,1051;5825798,611;13,42604;52,49941
23737;199387;11;5;5030730;2019;9;14;3;3;2;6;0;0;1;0;0;0;0;1;786008,5689;5829183,617;13,21783;52,53748
23738;199388;11;4;4030621;2019;9;12;3;3;6;4;0;0;0;1;1;0;0;1;793070,2898;5827668,669;13,32032;52,52015
23739;199389;11;11;11040926;2019;9;12;3;2;5;2;0;1;1;0;0;0;0;1;806698,6441;5826916,611;13,51986;52,50591
23740;199390;11;2;2020203;2019;9;11;3;3;3;6;0;0;1;0;0;0;0;0;797814,5167;5824907,091;13,38756;52,49282
23741;199391;11;10;10010308;2019;9;11;3;3;5;2;0;0;1;0;0;0;0;0;806313,2421;5830191,255;13,51722;52,53548
23742;199392;11;3;3050925;2019;9;11;3;2;5;2;0;0;1;0;0;0;1;0;802691,1312;5831796,914;13,46544;52,55189
23743;199393;11;7;7010101;2019;9;10;3;3;5;7;0;0;0;0;1;0;1;0;794647,1034;5825224,383;13,34133;52,49739
23744;199394;11;2;2010103;2019;9;12;4;3;2;6;0;0;1;0;0;1;0;1;799825,5527;5825742,91;13,41785;52,49921
23745;199395;11;3;3061228;2019;9;10;3;3;5;3;0;0;1;0;1;0;0;0;800804,3517;5830903,534;13,43689;52,54493
23746;199396;11;11;11030619;2019;9;5;3;3;7;7;1;1;0;0;0;0;0;0;803613,9352;5829766,808;13,47716;52,53318
23747;199397;11;4;4051446;2019;9;10;3;3;5;2;0;1;1;0;0;0;0;0;792316,9356;5825233,37;13,30711;52,49872
23748;199398;11;4;4030623;2019;9;23;3;3;2;1;2;0;1;0;1;0;0;0;793214,5067;5826767,955;13,32164;52,512
23749;199399;11;8;8010211;2019;9;9;3;3;2;6;0;0;1;0;0;0;0;0;800356,0574;5824303,57;13,42434;52,48602
23750;199400;11;3;3020307;2019;9;9;3;3;5;2;0;1;1;0;0;0;0;0;799262,1692;5837648,99;13,42031;52,60624
23751;199401;11;12;12301203;2019;9;23;3;3;5;3;2;1;1;0;0;0;0;0;793352,2399;5836046,457;13,33187;52,5951
23752;199402;11;6;6030504;2019;9;15;3;3;5;3;0;1;0;0;0;0;0;0;789633,3304;5817029,24;13,26057;52,4266
23753;199403;11;2;2020203;2019;9;9;3;3;2;2;0;1;1;0;0;0;0;0;797179,4874;5824753,782;13,3781;52,49179
23754;199404;11;6;6020302;2019;9;8;3;2;1;5;0;1;1;0;0;0;0;0;794457,6023;5818806,492;13,33288;52,43996
23755;199405;11;5;5020626;2019;9;21;3;3;5;3;2;1;1;0;0;0;0;0;784232,3396;5827368,095;13,19016;52,52213
23756;199406;11;5;5020419;2019;9;8;3;3;0;2;0;1;0;0;0;0;1;0;780875,8989;5828336,119;13,14164;52,53255
23757;199407;11;3;3040818;2019;9;8;3;3;6;7;0;1;0;1;0;0;0;0;799783,7546;5832261,794;13,42311;52,55767
23758;199408;11;11;11010204;2019;9;6;3;3;5;2;0;1;1;0;0;0;0;0;807351,4629;5833148,318;13,53521;52,56139
23759;199409;11;1;1044101;2019;9;16;3;3;1;1;0;0;1;0;0;0;0;1;794227,2029;5829976,776;13,33936;52,54022
23760;199410;11;9;9052001;2019;9;16;3;2;5;7;0;0;1;0;0;0;1;0;811356,0472;5822551,204;13,58419;52,46416
23761;199411;11;2;2010103;2019;9;17;3;2;6;4;0;0;0;1;1;0;0;0;799426,758;5826150,45;13,41236;52,50309
23762;199412;11;6;6010207;2019;9;16;3;3;5;3;0;1;0;0;0;0;1;1;793746,8588;5819871,128;13,32339;52,44988
23763;199413;11;2;2010103;2019;9;16;3;3;5;3;0;0;1;0;0;0;0;0;799027,0443;5826061,9;13,40641;52,50251
23764;199414;11;3;3040818;2019;9;16;3;3;5;3;0;1;1;0;0;0;0;1;799979,5224;5833095,534;13,42675;52,56503
23765;199415;11;2;2010103;2019;9;16;3;3;5;3;0;1;1;0;0;0;0;1;798997,7806;5825707,03;13,40566;52,49935
23766;199416;11;10;10040931;2019;9;16;3;2;2;6;0;0;1;0;0;0;0;0;813479,6152;5829462,134;13,62184;52,52487
23767;199417;11;2;2020204;2019;9;16;3;3;5;7;0;1;1;0;0;0;0;1;798003,5985;5825270,555;13,39067;52,49598
23768;199418;11;11;11020515;2019;9;15;3;3;0;3;0;0;1;0;0;0;1;0;803561,5561;5830184,887;13,47677;52,53696
23769;199419;11;11;11030619;2019;9;6;3;3;6;4;0;0;0;1;1;0;0;0;803997,3331;5829072,752;13,48216;52,52675
23770;199420;11;4;4030931;2019;9;15;3;2;3;6;0;0;1;0;1;0;0;0;793877,2989;5826059,281;13,33076;52,50529
23771;199421;11;11;11020411;2019;9;16;3;2;5;3;0;0;1;0;1;0;0;1;805975,021;5832534,176;13,51441;52,55667
23772;199422;11;1;1044103;2019;9;16;3;3;5;3;0;0;1;0;0;0;0;1;794649,2725;5830520,463;13,34605;52,54486
23773;199423;11;5;5020625;2019;9;15;3;3;5;7;0;1;1;0;0;0;0;0;784272,4762;5828074,443;13,19135;52,52844
23774;199424;11;12;12103115;2019;9;15;3;3;6;4;0;0;1;1;0;0;0;0;795648,3706;5833552,446;13,36344;52,5715
23775;199425;11;2;2040502;2019;9;15;3;3;2;7;0;0;1;0;0;0;0;1;800964,159;5828226,247;13,43682;52,52085
23776;199426;11;2;2010103;2019;9;15;3;3;5;3;0;1;1;0;0;0;0;1;799598,0653;5825841,476;13,4146;52,50022
23777;199427;11;8;8041036;2019;9;14;3;3;5;3;0;1;1;0;0;0;0;0;805149,3517;5817087,648;13,48812;52,41869
23778;199428;11;11;11020514;2019;9;15;3;2;0;3;0;1;1;0;0;0;0;1;804729,0296;5831191,408;13,49485;52,54533
23779;199429;11;1;1022201;2019;9;13;3;3;5;2;0;0;1;0;0;0;0;0;795476,3651;5829575,127;13,35737;52,53594
23780;199430;11;11;11030721;2019;9;15;3;3;0;1;0;0;0;0;1;0;0;1;803917,7583;5828019,656;13,48003;52,51736
23781;199431;11;1;1011103;2019;9;13;3;3;5;2;0;0;1;0;0;0;0;0;795183,8663;5825907,426;13,34982;52,50322
23782;199432;11;11;11030720;2019;9;14;3;2;2;6;0;0;1;0;0;1;1;1;805399,1942;5830019,29;13,50363;52,53445
23783;199433;11;1;1033101;2019;9;10;3;3;5;2;0;0;1;0;1;0;0;0;797424,5413;5832537,194;13,38866;52,56143
23784;199434;11;2;2010104;2019;9;14;3;3;2;6;0;0;1;0;1;0;0;1;799650,4775;5825661,599;13,4152;52,49858
23785;199435;11;1;1011301;2019;9;13;3;3;0;1;0;0;0;0;1;0;0;1;797004,3761;5828945,6;13,37927;52,52947
23786;199436;11;3;3071638;2019;9;10;3;3;2;5;0;0;1;0;0;0;0;0;799815,9264;5829030,512;13,42067;52,52869
23787;199437;11;1;1011204;2019;9;8;3;3;5;2;0;1;1;0;0;0;0;0;798899,2338;5827347,78;13,40568;52,51411
23788;199438;11;7;7010102;2019;9;17;3;3;5;3;0;1;1;0;0;0;0;0;795704,3949;5825458,968;13,35706;52,49892
23789;199439;11;1;1044201;2019;9;8;3;3;5;2;0;1;1;0;0;0;0;0;796705,2717;5831623,605;13,37727;52,55363
23790;199440;11;7;7040402;2019;9;17;2;3;0;7;0;0;0;0;1;0;1;1;796714,4424;5821152,197;13,36807;52,45976
23791;199441;11;2;2030401;2019;9;8;3;3;0;2;0;1;0;0;1;0;0;0;800695,5395;5825390,879;13,43031;52,49558
23792;199442;11;8;8010405;2019;9;13;2;3;2;7;0;0;1;0;0;0;1;0;802499,6369;5823346,993;13,45495;52,47626
23793;199443;11;3;3050924;2019;9;8;3;3;2;6;0;1;1;0;0;0;0;0;801666,8832;5831709,965;13,4503;52,55168
23794;199444;11;1;1044202;2019;9;7;2;3;5;2;0;0;1;0;0;1;0;0;794898,5117;5830250,079;13,34947;52,5423
23795;199445;11;2;2010102;2019;9;7;3;3;2;6;1;0;1;0;0;1;0;0;798438,7048;5826520,417;13,39818;52,50694
23796;199446;11;4;4030827;2019;9;12;2;3;6;4;0;0;1;1;0;0;0;0;791902,7984;5826445,92;13,30209;52,50981
23797;199447;11;6;6010204;2019;9;22;2;3;1;5;2;0;1;0;0;0;0;0;795533,1159;5820013,394;13,34972;52,45019
23798;199448;11;1;1011302;2019;9;7;3;3;3;6;0;1;1;0;0;0;0;0;798951,2733;5828436,422;13,40743;52,52384
23799;199449;11;1;1022103;2019;9;18;2;3;5;2;0;0;1;0;1;0;0;0;793693,7939;5829198,269;13,33083;52,53352
23800;199450;11;12;12231102;2019;9;7;3;3;2;7;0;0;1;0;0;0;0;0;790371,8356;5839362,474;13,2909;52,62642
23801;199451;11;12;12301206;2019;9;18;2;3;2;6;0;0;1;0;0;0;0;0;795023,6499;5838070,328;13,35827;52,61234
23802;199452;11;1;1022101;2019;9;17;2;3;5;2;0;1;1;0;0;0;0;0;793286,0525;5829033,163;13,32469;52,53226
23803;199453;11;4;4020313;2019;9;7;3;3;2;2;1;0;1;0;0;0;0;0;790537,1252;5826371,54;13,28196;52,50987
23804;199454;11;3;3040614;2019;9;17;2;3;4;6;0;1;1;0;0;0;0;0;798153,8869;5833694,472;13,40043;52,5714
23805;199455;11;4;4030519;2019;9;5;3;3;6;4;2;0;0;1;1;0;0;0;792059,9925;5828666,278;13,30635;52,52963
23806;199456;11;4;4010101;2019;9;17;2;3;3;6;0;0;1;0;0;0;0;0;791267,5951;5830709,721;13,29649;52,54838
23807;199457;11;10;10020413;2019;9;0;3;3;9;1;2;0;1;0;0;0;0;0;810937,6757;5831628,482;13,58653;52,54574
23808;199458;11;7;7040402;2019;9;17;2;3;0;7;0;0;0;0;1;0;0;1;796700,6153;5821137,649;13,36785;52,45964
23809;199459;11;2;2010102;2019;9;22;3;2;5;3;2;1;1;1;0;0;0;0;798346,979;5825559,333;13,39597;52,49838
23810;199460;11;7;7040402;2019;9;17;2;3;0;7;0;0;0;0;1;0;1;1;796616,5921;5821140,171;13,36662;52,45971
23811;199461;11;8;8030831;2019;9;16;2;2;5;2;0;1;0;0;0;0;1;0;804697,2274;5817818,177;13,48216;52,42549
23812;199462;11;8;8010214;2019;9;9;2;3;0;3;0;1;0;0;0;1;0;0;801859,5144;5822386,125;13,44468;52,46801
23813;199463;11;9;9020701;2019;9;14;2;3;5;2;0;1;1;0;0;0;0;0;807722,7203;5818115,205;13,52679;52,42646
23814;199464;11;7;7070702;2019;9;16;2;2;5;3;0;0;1;0;0;0;0;0;799962,7645;5815428,304;13,4106;52,40668
23815;199465;11;3;3040818;2019;9;20;2;3;0;6;2;1;1;0;0;0;0;0;799477,8476;5832755,627;13,41906;52,56226
23816;199466;11;8;8010213;2019;9;16;2;3;6;7;0;0;0;1;0;0;1;0;801613,1822;5822562,652;13,44123;52,46972
23817;199467;11;4;4041238;2019;9;16;2;3;5;3;0;1;1;0;0;0;0;0;791670,024;5823246,435;13,29587;52,48125
23818;199468;11;9;9010202;2019;9;16;2;3;1;7;0;0;1;0;0;0;0;0;803945,2714;5823118,582;13,47596;52,47341
23819;199469;11;11;11010205;2019;9;14;2;3;2;6;0;0;1;0;0;0;0;0;806324,199;5833857,704;13,52076;52,56833
23820;199470;11;2;2050802;2019;9;15;2;3;1;5;0;1;1;0;0;0;0;0;802179,7778;5827134,503;13,45369;52,51039
23821;199471;11;12;12214125;2019;9;15;2;3;2;6;0;0;1;0;0;0;0;0;788046,8261;5831003,044;13,24938;52,55272
23822;199472;11;1;1011102;2019;9;9;2;3;2;2;0;0;1;0;0;1;0;0;795052,64;5827184,91;13,34902;52,51474
23823;199473;11;1;1044203;2019;9;14;2;2;5;2;0;0;1;0;0;0;0;0;795884,1997;5831962,438;13,36549;52,55712
23824;199474;11;9;9031001;2019;9;8;2;3;5;3;0;1;1;0;0;0;0;0;810847,7825;5815493,752;13,57017;52,4012
23825;199475;11;8;8010211;2019;9;14;2;3;6;7;0;1;0;1;0;0;0;0;800356,7239;5824213,683;13,42427;52,48521
23826;199476;11;5;5030731;2019;9;8;2;3;2;6;0;0;1;0;0;0;0;0;788000,774;5829367,383;13,24728;52,53808
23827;199477;11;12;12214424;2019;9;11;2;2;5;3;0;0;0;0;1;0;1;0;793298,0941;5832574,536;13,328;52,564
23828;199478;11;10;10010308;2019;9;8;2;3;5;2;0;1;1;0;0;0;0;0;807200,008;5829145,792;13,52929;52,52561
23829;199479;11;6;6020305;2019;9;14;2;3;2;7;0;0;1;0;1;0;0;0;795623,3379;5817010,639;13,34839;52,42323
23830;199480;11;11;11041128;2019;9;10;2;3;6;4;0;0;1;1;0;0;0;0;806018,2982;5826452,286;13,50944;52,50213
23831;199481;11;4;4051447;2019;9;8;2;3;5;2;0;1;1;0;0;0;0;0;793156,8504;5824516,691;13,31881;52,49184
23832;199482;11;1;1011203;2019;9;9;2;3;5;2;0;1;1;0;0;0;0;0;798201,916;5827421,858;13,39551;52,51515
23833;199483;11;7;7050501;2019;9;7;2;3;2;2;0;0;1;0;0;1;0;0;797740,6491;5819114,539;13,38131;52,44094
23834;199484;11;1;1011302;2019;9;10;2;3;6;7;0;0;1;1;0;0;0;0;797759,3471;5828330,057;13,38982;52,52354
23835;199485;11;1;1044203;2019;9;21;2;2;6;4;2;0;1;1;0;0;0;0;796011,652;5831416,212;13,36688;52,55215
23836;199486;11;5;5010313;2019;9;14;2;3;2;6;0;0;1;0;0;0;1;0;784651,6952;5829727,756;13,19835;52,54307
23837;199487;11;12;12214422;2019;9;19;2;3;3;6;2;0;1;0;1;0;0;0;792234,6732;5833258,689;13,31296;52,57071
23838;199488;11;2;2020204;2019;9;9;2;3;5;2;0;1;1;0;0;0;0;1;798791,8838;5824920,462;13,40193;52,49241
23839;199489;11;6;6030502;2019;9;9;2;3;5;3;0;1;1;0;0;0;0;1;789079,7188;5815764,743;13,25135;52,41555