;OBJECTID;LAND;BEZ;LOR;UJAHR;UMONAT;USTUNDE;UWOCHENTAG;UKATEGORIE;UART;UTYP1;ULICHTVERH;IstRad;IstPKW;IstFuss;IstKrad;IstGkfz;IstSonstige;USTRZUSTAND;LINREFX;LINREFY;XGCSWGS84;YGCSWGS84
24467;200117;11;6;6020409;2019;9;15;4;2;5;3;0;0;1;0;0;1;0;1;793241,0818;5816839,532;13,31331;52,42298
24468;200118;11;3;3050923;2019;10;9;3;3;5;3;0;1;0;0;0;0;0;1;800328,2903;5831640,141;13,43056;52,5518
24469;200119;11;1;1033102;2019;9;10;4;3;2;6;0;0;1;0;0;0;0;1;797543,6459;5831285,593;13,38929;52,55015
24470;200120;11;11;11010206;2019;9;9;2;3;2;6;0;0;1;0;0;0;0;1;805754,5041;5833789,503;13,51232;52,56804
24471;200121;11;8;8020728;2019;9;10;4;3;5;3;0;0;1;0;0;0;0;1;802146,6713;5817751,715;13,4447;52,42631
24472;200122;11;1;1011301;2019;9;16;2;2;1;5;0;0;1;0;1;0;0;1;797110,0131;5828825,788;13,38072;52,52833
24473;200123;11;1;1044201;2019;9;15;4;3;0;3;0;0;0;0;1;0;1;1;796215,3732;5830763,58;13,36929;52,54619
24474;200124;11;10;10010310;2019;9;15;2;3;5;2;0;0;1;0;0;0;0;0;807798,8059;5830767,321;13,53959;52,5398
24475;200125;11;6;6010205;2019;9;19;2;3;2;6;1;0;1;0;0;0;0;1;795372,916;5819974,033;13,34734;52,44993
24476;200126;11;9;9020602;2019;9;14;4;3;5;3;0;1;1;0;0;0;0;1;807578,9646;5820222,779;13,52662;52,44543
24477;200127;11;1;1044203;2019;9;9;4;3;2;6;0;0;1;0;0;0;0;1;795917,4285;5831968,169;13,36599;52,55715
24478;200128;11;6;6020408;2019;9;19;2;3;5;3;2;1;1;0;0;0;0;1;792650,2787;5815228,62;13,30324;52,40885
24479;200129;11;10;10040931;2019;9;17;2;3;5;2;0;1;1;0;0;0;0;0;813776,1244;5830051,234;13,62676;52,52998
24480;200130;11;4;4020311;2019;9;14;4;3;3;6;0;0;1;0;0;0;0;1;789986,3481;5826171,13;13,27369;52,50837
24481;200131;11;4;4041137;2019;9;18;2;3;2;6;0;0;1;0;0;0;0;1;791895,1351;5823949,349;13,29979;52,48743
24482;200132;11;12;12214528;2019;9;14;4;3;0;7;0;0;0;0;1;0;0;1;788914,9331;5836114,599;13,2666;52,59808
24483;200133;11;1;1011204;2019;9;17;2;3;5;3;2;0;1;0;0;0;0;0;798135,0324;5827009,464;13,39415;52,51149
24484;200134;11;10;10020414;2019;9;13;4;3;6;2;0;0;1;1;0;0;0;0;812237,7694;5830686,179;13,60475;52,53655
24485;200135;11;4;4051549;2019;9;14;2;3;5;7;0;0;1;0;0;0;0;1;792479,4033;5824008,287;13,30842;52,48765
24486;200136;11;4;4051551;2019;9;12;4;3;4;6;0;0;1;0;0;0;0;0;793319,8618;5823075,814;13,31994;52,47884
24487;200137;11;4;4030929;2019;10;18;4;3;0;4;1;1;0;1;0;0;0;1;792718,6679;5825876,242;13,31357;52,50427
24488;200138;11;1;1011101;2019;10;18;4;3;0;3;1;1;1;0;0;0;0;1;795112,6454;5826491,871;13,34929;52,5085
24489;200139;11;9;9020502;2019;10;12;4;3;6;4;0;0;1;1;0;0;0;0;806729,7071;5822299,784;13,51607;52,46452
24490;200140;11;5;5030730;2019;10;17;4;3;2;6;0;0;1;0;0;0;1;1;786514,4799;5829203,901;13,22529;52,5374
24491;200141;11;1;1011302;2019;10;17;4;3;2;6;0;0;1;0;0;0;0;1;798471,1312;5829052,99;13,40092;52,52963
24492;200142;11;1;1011402;2019;10;0;4;2;0;1;2;0;0;0;1;0;0;0;798625,6807;5829487,754;13,40359;52,53344
24493;200143;11;7;7020204;2019;10;11;4;3;5;3;0;1;1;0;0;0;0;1;796273,1528;5823229,024;13,36344;52,47862
24494;200144;11;4;4041342;2019;10;11;4;2;6;2;0;0;1;1;0;0;0;1;792043,3416;5822453,54;13,30065;52,47395
24495;200145;11;3;3061332;2019;10;11;4;3;2;6;0;0;1;0;1;0;0;1;799274,8978;5831102,763;13,41458;52,54756
24496;200146;11;9;9020802;2019;10;9;4;3;5;3;0;1;1;0;0;0;0;1;810258,0031;5820350,587;13,56603;52,44506
24497;200147;11;1;1033203;2019;10;9;4;3;5;7;0;0;0;0;1;0;1;1;796748,1636;5830490,221;13,37688;52,54345
24498;200148;11;3;3061227;2019;10;9;4;3;1;5;0;1;0;0;0;1;0;1;799958,3374;5831098,264;13,42463;52,54714
24499;200149;11;5;5010314;2019;10;9;4;3;2;6;0;0;1;0;0;0;1;1;785317,6071;5829279,719;13,20775;52,5387
24500;200150;11;3;3061332;2019;10;9;4;3;5;2;0;1;1;0;0;0;0;1;799841,1317;5830806,315;13,42264;52,54459
24501;200151;11;12;12302212;2019;10;8;4;3;5;3;0;0;1;0;0;0;0;1;793405,6053;5837764,441;13,33417;52,61047
24502;200152;11;1;1011301;2019;10;8;4;3;0;7;0;0;1;0;0;0;1;1;797010,5902;5828950,046;13,37937;52,5295
24503;200153;11;9;9020701;2019;10;8;4;3;0;3;0;0;1;0;1;0;0;1;807645,5182;5819363,087;13,52681;52,43768
24504;200154;11;4;4051656;2019;10;7;4;3;5;5;0;1;1;0;0;0;0;1;793436,0985;5823414,389;13,32195;52,48181
24505;200155;11;3;3030715;2019;10;7;4;3;6;4;1;0;0;1;1;0;0;0;800474,667;5832367,35;13,43337;52,55823
24506;200156;11;8;8020622;2019;10;6;4;3;5;2;2;1;1;0;0;0;0;0;801414,1694;5820246,761;13,43621;52,44908
24507;200157;11;4;4041238;2019;10;19;4;1;6;4;2;0;1;1;1;0;0;1;791137,1018;5822803,45;13,28765;52,47757
24508;200158;11;9;9041501;2019;10;15;3;3;3;6;0;1;0;0;0;0;0;0;810875,361;5820304,965;13,57504;52,4443
24509;200159;11;2;2020206;2019;10;18;3;3;0;1;1;0;0;0;1;0;0;0;799892,0602;5825139,923;13,41828;52,49377
24510;200160;11;3;3061228;2019;10;15;3;2;5;3;0;1;1;0;0;0;0;0;801256,3256;5831050,732;13,44367;52,546
24511;200161;11;2;2030302;2019;10;22;3;3;1;5;2;1;1;0;0;0;1;0;800667,1698;5826572,416;13,43096;52,50619
24512;200162;11;1;1011301;2019;10;22;3;3;3;6;2;0;1;0;1;0;0;0;797007,7151;5828948,062;13,37932;52,52949
24513;200163;11;1;1011105;2019;10;13;4;3;6;2;0;0;1;1;0;0;0;1;796641,4031;5826647,515;13,37189;52,50906
24514;200164;11;2;2050802;2019;10;21;3;3;1;5;2;1;1;0;0;0;0;0;802259,5542;5827115,811;13,45484;52,51018
24515;200165;11;4;4031032;2019;10;20;3;3;5;7;2;1;1;0;0;0;0;0;791451,4074;5825070,281;13,29425;52,49772
24516;200166;11;7;7050505;2019;10;20;3;3;2;6;2;0;1;0;0;0;0;0;798464,1604;5819031,153;13,39185;52,4398
24517;200167;11;1;1033102;2019;10;18;3;3;0;1;1;0;0;0;1;0;0;0;797160,6567;5831885,235;13,3842;52,55573
24518;200168;11;5;5010101;2019;10;16;3;3;0;4;0;0;0;1;0;0;1;0;785919,7154;5831523,611;13,21854;52,55851
24519;200169;11;10;10010310;2019;10;15;3;3;5;2;0;0;1;0;0;0;1;0;807798,7167;5830767,319;13,53958;52,5398
24520;200170;11;9;9052001;2019;10;15;3;3;4;6;0;0;1;0;0;0;0;0;810088,2422;5823486,426;13,56645;52,47326
24521;200171;11;1;1011201;2019;10;11;3;2;0;5;0;0;1;0;1;0;1;0;797014,9262;5826591,851;13,37732;52,50836
24522;200172;11;7;7010102;2019;10;14;3;3;1;5;0;1;0;0;1;0;0;0;795508,3041;5824981,757;13,35376;52,49475
24523;200173;11;11;11030721;2019;10;11;3;2;5;3;0;0;1;1;0;0;0;0;803863,519;5828372,239;13,47955;52,52055
24524;200174;11;6;6030605;2019;10;11;3;3;0;1;0;1;0;0;0;0;0;1;792211,6199;5819436,844;13,30048;52,44681
24525;200175;11;9;9020501;2019;10;11;3;3;5;2;0;1;0;0;0;1;0;0;806598,0389;5822779,1;13,51458;52,46889
24526;200176;11;1;1011302;2019;10;11;3;3;5;2;0;1;0;0;0;0;0;0;798332,9919;5828961,324;13,39881;52,52888
24527;200177;11;5;5020626;2019;10;10;3;3;5;2;0;1;1;0;0;0;0;0;784591,0754;5827964,067;13,19594;52,52729
24528;200178;11;4;4041344;2019;10;9;3;3;1;5;0;1;1;0;0;0;0;1;793181,3353;5822105,481;13,31705;52,47022
24529;200179;11;1;1011201;2019;10;8;3;3;5;3;0;1;0;1;0;0;0;0;797465,2644;5826813,493;13,38414;52,5101
24530;200180;11;4;4030623;2019;10;8;3;3;2;6;0;0;1;0;0;0;0;0;793329,0983;5826683,639;13,32325;52,51118
24531;200181;11;1;1011306;2019;10;9;3;3;4;6;0;1;1;0;0;0;0;0;800152,6886;5826865,621;13,42367;52,5091
24532;200182;11;3;3071536;2019;10;14;3;3;6;4;0;1;0;1;0;0;0;0;798825,1704;5829228,28;13,40629;52,531
24533;200183;11;1;1011204;2019;10;8;3;3;2;2;0;1;1;0;0;0;0;0;797862,3539;5826764,054;13,38993;52,50944
24534;200184;11;7;7050505;2019;10;14;3;3;6;7;0;0;0;1;0;0;1;0;799317,5044;5819052,71;13,40438;52,43952
24535;200185;11;1;1022101;2019;10;18;3;3;0;2;1;0;1;0;1;0;0;0;792670,068;5828529,83;13,31519;52,52808
24536;200186;11;1;1011103;2019;10;14;3;3;2;6;0;0;1;0;0;0;0;0;795770,4729;5825718,429;13,35827;52,50121
24537;200187;11;9;9010401;2019;10;8;3;3;0;3;0;0;1;0;1;0;0;0;806122,9184;5820089,933;13,50514;52,44505
24538;200188;11;2;2010104;2019;10;7;3;2;2;6;0;0;1;0;1;0;0;0;799874,8651;5825697,773;13,41853;52,49878
24539;200189;11;10;10010102;2019;10;18;3;3;2;7;1;0;1;0;0;0;0;0;809787,9007;5834082,526;13,57191;52,56839
24540;200190;11;5;5030731;2019;10;7;3;3;0;6;0;0;1;0;1;0;0;0;787627,7566;5829396,506;13,24182;52,53854
24541;200191;11;5;5010312;2019;10;6;3;3;5;3;1;1;1;0;0;0;0;0;785135,0443;5829611,911;13,20535;52,54178
24542;200192;11;5;5010209;2019;10;17;3;3;5;2;0;1;1;0;0;0;0;0;783238,72;5830269,678;13,17803;52,54866
24543;200193;11;2;2040701;2019;10;17;3;3;5;3;0;1;0;0;0;1;0;0;800618,4866;5827307,795;13,43091;52,5128
24544;200194;11;8;8010301;2019;10;13;3;3;2;6;0;0;1;0;0;0;0;0;800911,1282;5824250,323;13,43244;52,48524
24545;200195;11;1;1022103;2019;10;17;3;3;5;2;0;0;1;0;1;0;0;0;794670,9582;5829772,421;13,34571;52,53814
24546;200196;11;12;12301205;2019;10;12;3;3;6;2;0;0;0;1;0;0;1;0;792107,2958;5837666,818;13,31497;52,61029
24547;200197;11;8;8020622;2019;10;15;3;3;2;6;0;0;1;0;0;0;0;0;801314,3612;5819571,856;13,43414;52,44308
24548;200198;11;3;3061228;2019;10;12;3;3;5;2;0;0;0;0;1;0;1;0;800501,4711;5830759,314;13,43231;52,54381
24549;200199;11;9;9020601;2019;10;16;3;3;2;6;0;0;0;0;0;0;1;0;805361,1524;5822407,533;13,49609;52,46625
24550;200200;11;7;7040405;2019;10;21;2;2;5;3;2;0;1;0;1;0;0;0;798894,8264;5821207,113;13,40011;52,45907
24551;200201;11;4;4010101;2019;10;21;2;3;6;7;2;0;0;1;0;1;0;0;791118,8734;5829405,361;13,29316;52,53676
24552;200202;11;1;1022201;2019;10;20;2;3;2;6;2;1;1;0;0;0;0;0;795338,5265;5829445,6;13,35523;52,53485
24553;200203;11;2;2050802;2019;10;19;2;3;5;2;2;1;1;0;0;0;0;0;802107,3253;5827355,98;13,45282;52,51241
24554;200204;11;3;3061430;2019;10;18;2;3;2;2;1;1;1;0;0;0;0;0;802329,7699;5829224,175;13,45779;52,52903
24555;200205;11;1;1011201;2019;10;18;2;3;6;4;1;1;0;1;0;0;0;0;797045,2766;5826555,838;13,37774;52,50802
24556;200206;11;4;4041136;2019;10;18;2;3;5;2;1;1;1;0;0;0;0;0;790689,9757;5822707,533;13,28101;52,47694
24557;200207;11;1;1011105;2019;10;17;2;3;5;2;0;1;1;0;0;0;0;0;796123,0942;5826718,675;13,36433;52,50998
24558;200208;11;8;8020625;2019;10;17;2;2;1;5;0;0;1;0;0;0;0;0;801452,2462;5818597,585;13,43528;52,43427
24559;200209;11;12;12103218;2019;10;17;2;3;1;5;1;0;1;0;0;0;0;0;794819,1969;5833121,055;13,35086;52,56808
24560;200210;11;6;6010101;2019;10;16;2;2;0;6;0;0;1;0;0;0;1;0;793399,2935;5820373,386;13,31873;52,45457
24561;200211;11;10;10010309;2019;10;15;2;3;5;2;0;1;0;0;0;0;1;0;807934,6073;5829198,169;13,54013;52,52566
24562;200212;11;3;3071536;2019;10;15;2;3;5;7;0;0;0;0;0;0;1;0;799096,8184;5830247,01;13,4112;52,53999
24563;200213;11;2;2010102;2019;10;15;2;2;6;4;0;0;1;1;0;0;0;0;798285,1742;5826523,385;13,39592;52,50705
24564;200214;11;2;2020204;2019;10;9;2;3;2;2;0;1;1;0;0;0;0;0;798622,0509;5825120,332;13,39961;52,49429
24565;200215;11;11;11051330;2019;10;15;2;3;5;5;0;0;1;0;0;0;0;0;806148,7743;5825141,232;13,51016;52,49031
24566;200216;11;8;8010302;2019;10;15;2;3;0;6;0;1;0;0;0;0;1;0;801954,6417;5824578,349;13,44806;52,4876
24567;200217;11;5;5020625;2019;10;11;2;2;5;3;0;1;0;0;1;0;0;0;783923,89;5828516,799;13,18661;52,53259
24568;200218;11;9;9051702;2019;10;11;2;3;0;6;0;1;0;0;0;0;1;0;814203,663;5821471,993;13,62495;52,45286
24569;200219;11;9;9041401;2019;10;11;2;2;0;7;0;1;0;0;0;0;0;0;811923,8645;5820624,038;13,59072;52,44656
24570;200220;11;1;1033202;2019;10;15;2;3;2;6;0;0;1;0;1;0;0;0;797711,577;5829672,206;13,39032;52,53559
24571;200221;11;2;2050803;2019;10;8;2;3;2;6;0;0;1;0;1;0;0;0;803278,0457;5826314,732;13,46907;52,50243
24572;200222;11;5;5030731;2019;10;14;2;3;2;2;0;0;1;0;0;0;0;0;788016,4793;5829392,203;13,24753;52,53829
24573;200223;11;1;1044202;2019;10;8;2;3;2;6;0;0;1;0;0;0;0;0;795888,9531;5830458,619;13,36422;52,54363
24574;200224;11;12;12214424;2019;10;7;2;3;5;2;0;0;1;0;0;0;0;0;793352,346;5832935,645;13,32911;52,56721
24575;200225;11;7;7060604;2019;10;13;2;3;2;3;0;0;1;0;1;0;0;0;798081,7082;5814502,136;13,3822;52,39941
24576;200226;11;11;11020412;2019;10;10;2;2;6;4;0;0;1;1;0;0;0;0;804921,996;5831378,202;13,49786;52,5469
24577;200227;11;6;6030609;2019;10;6;2;3;1;5;1;1;1;0;0;0;0;0;792761,0765;5819039,585;13,3082;52,44296
24578;200228;11;4;4031032;2019;10;10;2;3;5;2;0;0;1;0;0;0;0;0;790960,5488;5824830,423;13,28683;52,49583
24579;200229;11;8;8010118;2019;10;14;2;3;6;2;0;0;1;1;0;0;0;0;801120,0456;5821893,385;13,43338;52,464
24580;200230;11;3;3061435;2019;10;6;2;3;5;3;2;1;1;0;0;0;0;1;801742,0715;5829168,244;13,4491;52,52886
24581;200231;11;9;9010401;2019;10;10;2;3;5;5;0;0;1;0;0;0;0;0;806237,8816;5821002,637;13,50767;52,45317
24582;200232;11;10;10010309;2019;10;13;2;2;0;3;0;0;1;0;1;0;0;0;807840,3894;5829077,415;13,53863;52,52464
24583;200233;11;4;4020310;2019;10;10;2;3;5;2;0;0;1;0;1;0;0;0;790538,1495;5827349,791;13,28283;52,51864
24584;200234;11;4;4030519;2019;10;13;2;3;5;3;0;1;1;0;0;0;0;0;792075,5737;5828588,712;13,30651;52,52893
24585;200235;11;10;10020622;2019;10;9;2;3;5;2;0;0;1;0;0;0;0;0;810967,1152;5828193,981;13,58375;52,51494
24586;200236;11;2;2010104;2019;10;9;2;3;2;6;0;0;1;0;1;0;0;0;798657,317;5825583,139;13,40055;52,49842
24587;200237;11;3;3061131;2019;10;12;2;2;5;3;0;1;1;0;0;0;0;0;799133,853;5830368,056;13,41185;52,54105
24588;200238;11;7;7040401;2019;10;9;2;3;0;1;0;1;0;0;0;0;0;0;797230,5003;5823036,913;13,37732;52,47638
24589;200239;11;2;2010102;2019;10;8;2;3;0;7;0;0;0;0;1;0;0;1;798765,0024;5826177,331;13,40266;52,50369
24590;200240;11;7;7040401;2019;10;12;2;3;2;6;0;0;1;0;0;0;0;0;797298,332;5822660,079;13,37798;52,47296
24591;200241;11;8;8010211;2019;10;16;1;3;5;3;0;1;1;0;0;0;0;0;800613,685;5823773,777;13,42765;52,48113
24592;200242;11;3;3040614;2019;10;22;1;2;3;6;2;1;0;0;0;0;1;0;798724,7687;5833121,229;13,40831;52,56595
24593;200243;11;3;3040614;2019;10;17;1;3;4;6;0;1;0;0;0;0;0;0;800012,6048;5834827,181;13,4288;52,58054
24594;200244;11;9;9041301;2019;10;16;1;3;2;6;0;0;1;0;0;0;0;1;812097,3162;5819747,558;13,59244;52,43861
24595;200245;11;12;12302109;2019;10;16;1;3;0;1;0;0;0;0;1;0;0;0;795588,5991;5837241,421;13,36585;52,6046
24596;200246;11;3;3040512;2019;10;15;1;3;2;6;0;0;1;0;1;0;0;0;796407,4275;5834670,146;13,37561;52,5811
24597;200247;11;1;1011101;2019;10;15;1;2;2;6;0;0;1;0;1;0;0;0;795161,1505;5825917,253;13,34949;52,50332
24598;200248;11;1;1011105;2019;10;13;1;3;5;3;0;1;0;0;1;0;0;0;796569,367;5826870,404;13,37103;52,5111
24599;200249;11;12;12214424;2019;10;13;1;3;5;2;0;0;1;0;0;0;1;0;792904,9639;5832167,764;13,32185;52,56057
24600;200250;11;4;4051445;2019;10;13;1;3;5;5;0;0;1;0;1;0;0;0;792690,405;5824434,06;13,31189;52,49135
24601;200251;11;4;4020313;2019;10;12;1;3;2;6;0;0;1;0;0;0;0;0;790518,7828;5826502,506;13,2818;52,51106
24602;200252;11;8;8020727;2019;10;11;1;3;6;2;0;0;1;1;0;0;0;0;800320,9164;5816737,267;13,41702;52,41822
24603;200253;11;3;3051022;2019;10;10;1;3;5;3;0;0;1;0;0;0;0;0;802999,4855;5832007,236;13,47017;52,55361
24604;200254;11;11;11010205;2019;10;9;1;3;5;7;0;1;1;0;0;0;0;0;806299,9369;5833899,636;13,52044;52,56872
24605;200255;11;2;2040701;2019;10;7;1;3;6;7;0;0;1;1;0;0;0;0;800717,1537;5827070,231;13,43214;52,51062
24606;200256;11;4;4010102;2019;10;6;1;3;5;7;2;0;1;0;0;0;0;0;792499,8375;5830685,669;13,31459;52,5475
24607;200257;11;1;1011306;2019;10;22;1;3;5;3;2;0;1;0;0;0;0;1;799767,4694;5826564,54;13,41774;52,50661
24608;200258;11;3;3040614;2019;10;22;1;2;3;6;2;1;0;0;0;0;1;0;798727,584;5833123,736;13,40836;52,56597
24609;200259;11;2;2030302;2019;10;20;1;3;5;3;2;0;1;0;1;0;0;1;800969,0399;5826064,615;13,43493;52,50147
24610;200260;11;4;4030620;2019;10;20;1;3;0;1;2;1;0;0;0;0;0;0;792637,25;5827412,208;13,31373;52,51808
24611;200261;11;4;4031032;2019;10;16;4;3;5;2;0;0;1;0;1;0;0;1;791871,996;5824727,729;13,30013;52,49442
24612;200262;11;1;1011301;2019;10;17;3;3;0;1;1;0;1;0;0;0;1;1;797454,2812;5828850,246;13,3858;52,52837
24613;200263;11;4;4041344;2019;10;19;1;3;0;1;2;0;0;0;1;0;0;1;793388,9873;5821926,968;13,31995;52,4685
24614;200264;11;11;2050801;2019;10;19;1;3;0;1;2;0;0;0;1;0;0;1;803664,4455;5827433,484;13,47577;52,51224
24615;200265;11;2;2010104;2019;10;18;1;3;0;2;2;1;1;0;0;0;0;1;799452,7651;5825659,489;13,4123;52,49867
24616;200266;11;4;4030930;2019;10;18;1;3;0;1;1;0;0;0;1;0;0;0;793118,1093;5825589,628;13,31919;52,50148
24617;200267;11;7;7050501;2019;10;13;7;3;2;2;0;0;1;0;0;0;0;0;797464,8657;5820309,025;13,37833;52,4518
24618;200268;11;6;6040810;2019;10;13;7;3;2;2;0;0;1;0;0;0;0;0;790399,4568;5820898,996;13,27517;52,46089
24619;200269;11;1;1022103;2019;10;18;7;3;0;5;1;0;1;0;1;0;0;0;794869,7904;5829770,779;13,34863;52,53802
24620;200270;11;2;2050803;2019;10;15;4;2;6;4;0;0;1;1;0;0;0;1;803260,8595;5826317,79;13,46882;52,50247
24621;200271;11;6;6030610;2019;10;23;7;2;0;1;2;1;0;0;0;0;0;0;792231,6245;5818664,829;13,3001;52,43988
24622;200272;11;3;3061430;2019;10;23;7;2;2;6;2;0;1;0;1;0;0;0;801950,8495;5829754,33;13,4527;52,534
24623;200273;11;1;1011302;2019;10;15;4;3;6;4;0;0;0;1;1;0;0;1;798110,812;5828956,112;13,39554;52,52896
24624;200274;11;1;1044101;2019;10;22;7;2;5;2;1;1;1;0;0;0;0;0;794519,4647;5831564,763;13,34507;52,55429
24625;200275;11;8;8010406;2019;10;21;7;3;5;2;2;0;1;0;0;0;1;0;802396,2353;5824048,106;13,45406;52,4826
24626;200276;11;4;4010101;2019;10;22;7;3;5;2;2;0;1;0;0;0;1;0;791253,327;5829731,046;13,29542;52,53961
24627;200277;11;1;1011305;2019;10;22;7;3;6;2;2;0;1;1;0;0;0;0;799212,8314;5826976,305;13,40996;52,51061
24628;200278;11;8;8020619;2019;10;19;7;3;0;5;2;0;1;0;0;0;1;0;801249,628;5821577,712;13,435;52,4611
24629;200279;11;1;1044101;2019;10;18;7;3;1;5;2;0;1;0;0;0;1;0;793695,2693;5832104,063;13,33342;52,55957
24630;200280;11;12;12214125;2019;10;18;7;3;6;2;2;0;0;1;0;0;1;0;790705,3386;5834318,303;13,29138;52,58103
24631;200281;11;12;12301205;2019;10;16;7;2;5;3;0;1;1;0;0;0;0;0;792374,8311;5837801,268;13,31903;52,61136
24632;200282;11;8;8030830;2019;10;15;7;3;5;3;0;0;1;0;0;0;0;0;802494,6983;5817963,473;13,45;52,42801
24633;200283;11;5;5020625;2019;10;15;7;2;0;6;0;0;1;0;0;0;1;0;784561,9674;5828221,894;13,19574;52,52961
24634;200284;11;7;7060604;2019;10;14;7;3;5;2;0;1;1;0;0;0;0;0;797595,9221;5815555,83;13,37602;52,40912
24635;200285;11;7;7010102;2019;10;14;7;3;5;7;0;0;1;0;1;0;0;0;794953,8235;5825404,052;13,34599;52,49883
24636;200286;11;10;10010207;2019;10;13;7;3;0;6;0;0;1;0;0;0;1;0;808006,3209;5831072,675;13,54292;52,54242
24637;200287;11;4;4030827;2019;10;12;7;3;5;3;0;1;0;0;1;0;0;0;792731,2633;5826591,302;13,31439;52,51067
24638;200288;11;10;10020620;2019;10;12;7;3;5;2;0;0;0;0;0;0;1;0;811315,9233;5829840,502;13,59041;52,5295
24639;200289;11;9;9020701;2019;10;12;7;3;5;3;0;1;1;0;0;0;0;0;807643,3487;5819360,774;13,52677;52,43767
24640;200290;11;6;6010102;2019;10;12;7;3;5;3;0;0;1;0;0;0;0;0;793420,2249;5820913,372;13,31951;52,4594
24641;200291;11;11;11041128;2019;10;11;7;3;5;3;0;1;1;0;0;0;0;0;806845,3531;5826253,121;13,52141;52,49988
24642;200292;11;11;11030720;2019;10;11;7;3;3;6;0;1;0;0;0;0;1;0;805194,9492;5829081,116;13,49976;52,52616
24643;200293;11;11;11030721;2019;10;10;7;3;3;6;0;1;1;0;0;0;0;0;804223,9317;5828690,198;13,48514;52,5232
24644;200294;11;3;3030715;2019;10;10;7;3;5;3;0;0;1;0;0;0;0;0;801082,3124;5833978,25;13,44377;52,57234
24645;200295;11;11;11010206;2019;10;10;7;3;0;3;0;0;1;0;1;0;0;0;806287,3277;5834076,302;13,52042;52,57031
24646;200296;11;4;4030519;2019;10;9;7;3;5;7;0;0;1;0;1;0;0;0;792077,9356;5828393,753;13,30637;52,52718
24647;200297;11;8;8010301;2019;10;1;7;3;5;3;2;0;1;0;1;0;0;0;800733,3393;5825055,919;13,43056;52,49256
24648;200298;11;5;5010314;2019;10;0;7;3;6;4;2;0;1;1;0;0;0;0;784897,416;5828752,34;13,20112;52,5342
24649;200299;11;2;2040502;2019;10;19;6;3;0;6;2;0;1;0;1;0;0;0;800872,5704;5828502,726;13,43572;52,52337
24650;200300;11;1;1011202;2019;10;10;6;2;6;4;0;1;0;1;0;0;0;1;797363,8398;5827731,613;13,38347;52,51839
24651;200301;11;11;11051229;2019;10;20;6;3;6;4;2;0;1;1;0;0;0;1;805608,7531;5824270,522;13,50143;52,48281
24652;200302;11;1;1011306;2019;10;14;6;3;5;7;0;1;0;0;0;0;1;0;800348,9418;5826766,45;13,42646;52,5081
24653;200303;11;5;5020626;2019;10;13;6;3;5;2;0;0;1;0;0;0;0;0;784146,5098;5827321,068;13,18886;52,52175
24654;200304;11;8;8010214;2019;10;13;6;3;2;6;0;0;1;0;0;0;0;0;801810,3461;5821959,1;13,44357;52,4642
24655;200305;11;11;11030618;2019;10;19;6;2;5;3;2;0;1;0;0;0;1;1;803258,7649;5829611,208;13,4718;52,53199
24656;200306;11;1;1022201;2019;10;10;6;3;0;6;0;1;1;0;0;0;0;0;795434,827;5829536,095;13,35673;52,53561
24657;200307;11;6;6020301;2019;10;19;6;3;5;3;2;0;1;0;0;0;0;1;796556,9487;5818899,652;13,36376;52,43966
24658;200308;11;3;3071537;2019;10;19;6;3;1;5;2;1;1;0;0;0;0;1;799316,1322;5830073,473;13,41426;52,53831
24659;200309;11;2;2030302;2019;10;17;6;3;5;2;1;1;1;0;0;0;0;1;801453,5564;5826033,276;13,44202;52,50092
24660;200310;11;4;4020310;2019;10;19;6;3;5;2;2;1;1;0;0;0;0;1;790330,8425;5827537,8;13,27994;52,52044
24661;200311;11;12;12224230;2019;10;6;6;3;2;6;1;0;1;0;0;0;0;0;786047,1777;5839154,672;13,227;52,62686
24662;200312;11;2;2050802;2019;10;12;4;3;0;3;0;1;1;0;0;0;0;1;802065,394;5827160,95;13,45203;52,51069
24663;200313;11;6;6040809;2019;10;18;6;3;5;3;2;0;1;0;0;0;0;1;791203,7668;5819702,399;13,28593;52,44973
24664;200314;11;5;5030833;2019;10;5;6;3;6;4;2;0;0;1;1;0;0;0;790045,767;5829151,173;13,27716;52,53506
24665;200315;11;2;2010104;2019;10;17;6;3;5;3;1;1;1;0;0;0;0;1;799442,5149;5825663,703;13,41215;52,49871
24666;200316;11;1;1033102;2019;10;17;6;3;5;7;1;0;1;0;1;0;0;0;797141,6088;5831391,189;13,38347;52,55131
24667;200317;11;7;7060601;2019;10;16;6;3;2;6;0;0;1;0;0;0;0;1;796603,3296;5816059,796;13,36192;52,41417
24668;200318;11;6;6030504;2019;10;16;6;2;5;5;0;0;1;0;0;0;0;1;790080,0272;5815803,585;13,26605;52,41537
24669;200319;11;7;7070703;2019;10;15;6;3;5;2;0;0;1;0;1;0;0;0;799535,7778;5813171,155;13,40232;52,38668
24670;200320;11;11;11020514;2019;10;14;6;3;2;6;0;0;1;0;0;0;0;0;804293,9031;5830770,807;13,48807;52,5418
24671;200321;11;1;1022102;2019;10;14;6;3;0;5;0;0;0;1;0;0;1;0;793572,2454;5828715,819;13,32862;52,52926
24672;200322;11;4;4030726;2019;10;20;6;3;5;7;2;0;1;0;0;0;0;1;791654,3203;5825546,924;13,29765;52,50189
24673;200323;11;8;8020620;2019;10;14;4;3;3;6;0;0;1;0;0;0;1;1;800910,4181;5820896,2;13,42941;52,45517
24674;200324;11;4;4010101;2019;10;15;6;3;2;6;0;0;1;0;0;0;1;0;790432,583;5829041,632;13,28275;52,53387