;OBJECTID;LAND;BEZ;LOR;UJAHR;UMONAT;USTUNDE;UWOCHENTAG;UKATEGORIE;UART;UTYP1;ULICHTVERH;IstRad;IstPKW;IstFuss;IstKrad;IstGkfz;IstSonstige;USTRZUSTAND;LINREFX;LINREFY;XGCSWGS84;YGCSWGS84
24675;200325;11;2;2010102;2019;10;16;5;3;6;6;0;0;0;1;0;0;1;1;798688,3871;5826444,053;13,40178;52,50612
24676;200326;11;1;1011204;2019;10;19;5;3;5;3;2;1;0;0;0;0;0;0;798154,6201;5826611,238;13,39408;52,50791
24677;200327;11;8;8010117;2019;10;23;5;3;2;6;2;0;1;0;0;0;0;1;800558,6087;5823304,929;13,42642;52,47696
24678;200328;11;1;1044102;2019;10;22;5;3;2;6;2;0;1;0;0;0;0;1;794997,0931;5832147,306;13,35261;52,55926
24679;200329;11;3;3010102;2019;10;20;5;3;6;4;2;1;0;1;0;0;0;1;804207,86;5841108,333;13,4963;52,6345
24680;200330;11;7;7030301;2019;10;20;5;3;6;4;2;0;1;1;0;0;0;1;794000,2934;5821595,306;13,32863;52,4652
24681;200331;11;10;10020415;2019;10;19;5;2;3;6;2;1;1;0;0;0;0;1;812123,3615;5831381,379;13,60372;52,54285
24682;200332;11;5;5010314;2019;10;19;5;2;6;4;2;0;1;1;0;0;0;0;784745,7169;5828819,495;13,19895;52,53488
24683;200333;11;1;1011204;2019;10;17;5;3;5;2;0;0;1;0;0;0;0;1;798698,7888;5827084,172;13,4025;52,51185
24684;200334;11;7;7040403;2019;10;13;4;3;6;7;0;0;0;1;0;1;0;1;797024,7131;5820931,394;13,37242;52,45761
24685;200335;11;8;8010117;2019;10;17;5;3;0;3;0;0;1;0;1;0;0;1;800379,6815;5823330,192;13,42381;52,47728
24686;200336;11;11;11051330;2019;10;14;4;3;3;6;0;1;1;0;0;0;0;1;806471,0537;5824864,903;13,51463;52,48765
24687;200337;11;1;1011402;2019;10;9;5;3;0;1;0;1;0;0;0;0;0;1;798639,8797;5829385,556;13,4037;52,53252
24688;200338;11;6;6030503;2019;10;9;5;3;3;6;0;1;1;0;0;0;0;0;789508,1295;5817489,554;13,25913;52,43079
24689;200339;11;7;7040404;2019;10;8;5;3;2;6;0;0;1;0;0;0;0;1;796682,0862;5820010,687;13,36658;52,44955
24690;200340;11;2;2040701;2019;10;6;5;2;5;3;1;0;1;0;0;0;0;1;800274,3438;5827632,348;13,42614;52,5159
24691;200341;11;3;3040512;2019;10;6;5;3;6;2;2;0;1;1;0;0;0;1;794929,8112;5835422,445;13,35453;52,58865
24692;200342;11;3;3051022;2019;10;13;4;3;5;2;0;1;1;0;0;0;0;1;803664,2351;5832011,892;13,47995;52,55328
24693;200343;11;1;1011305;2019;10;4;5;3;0;1;2;0;0;0;0;0;1;1;799270,0162;5826523,627;13,41039;52,50652
24694;200344;11;7;7060603;2019;10;16;5;3;5;2;0;1;1;0;0;0;0;0;798669,6373;5816135,923;13,39228;52,41373
24695;200345;11;2;2040502;2019;10;15;5;3;5;2;0;0;0;0;0;0;1;0;800473,1867;5828448,628;13,4298;52,52311
24696;200346;11;2;2050602;2019;10;15;5;3;1;5;0;1;0;0;0;0;1;0;803109,7577;5828297,384;13,46841;52,52029
24697;200347;11;1;1033101;2019;10;14;5;3;5;2;0;0;1;0;0;0;0;1;796158,338;5832268,331;13,3698;52,55971
24698;200348;11;1;1011202;2019;10;12;5;3;5;3;0;0;1;0;1;0;0;0;798555,4334;5827795,676;13,40103;52,51831
24699;200349;11;2;2020203;2019;10;10;5;3;5;7;0;0;1;0;1;0;0;1;797637,5755;5824022,329;13,38418;52,48499
24700;200350;11;5;5010314;2019;10;21;4;2;9;1;2;0;1;0;0;0;0;0;784831,2864;5829234,485;13,20056;52,53855
24701;200351;11;11;11010310;2019;10;10;5;3;6;6;0;1;0;1;0;0;0;0;805280,6314;5833242,424;13,50485;52,5634
24702;200352;11;5;5010339;2019;10;6;5;3;2;6;1;0;0;0;1;0;1;1;787969,6426;5827900,288;13,24555;52,52494
24703;200353;11;1;1011201;2019;10;23;4;3;5;2;2;0;1;0;0;0;0;1;796960,1811;5826708,465;13,37662;52,50944
24704;200354;11;1;1011304;2019;10;23;4;3;0;1;2;1;0;0;0;0;0;1;799868,5754;5827486,026;13,42005;52,51481
24705;200355;11;3;3040614;2019;10;18;4;2;5;2;0;0;1;0;0;0;1;0;800018,7303;5835492,56;13,42949;52,5865
24706;200356;11;10;10010205;2019;10;18;4;2;6;4;2;0;1;1;0;0;0;1;810352,6413;5832178,925;13,57844;52,55101
24707;200357;11;9;9041401;2019;10;17;4;3;5;2;0;0;1;0;0;0;0;0;811860,0133;5820572,884;13,58973;52,44614
24708;200358;11;1;1044103;2019;10;16;4;3;1;5;0;1;1;0;0;0;0;0;795002,4866;5830872,717;13,35156;52,54783
24709;200359;11;7;7010102;2019;10;16;4;2;6;4;0;0;1;1;0;0;0;0;795040,4296;5825627,048;13,34746;52,50078
24710;200360;11;1;1011302;2019;10;21;4;3;0;3;2;0;1;0;0;0;1;1;798530,4876;5828982,306;13,40173;52,52896
24711;200361;11;4;4030929;2019;10;17;4;3;2;6;0;0;1;0;1;0;0;0;792683,5326;5825410,219;13,31265;52,50011
24712;200362;11;11;11010102;2019;10;15;4;3;0;6;0;0;1;0;0;0;1;0;806162,3505;5834548,528;13,51902;52,57461
24713;200363;11;11;11040926;2019;10;15;4;3;6;4;0;0;0;1;0;0;1;0;805237,1286;5827312,232;13,49876;52,51028
24714;200364;11;4;4010102;2019;10;12;4;3;2;6;0;0;1;0;0;0;0;1;793258,9701;5830063,567;13,3252;52,54151
24715;200365;11;2;2030301;2019;10;21;4;3;0;4;2;1;0;1;0;0;0;1;800010,1585;5825476,881;13,42032;52,49673
24716;200366;11;4;4030931;2019;10;15;4;3;0;3;0;1;0;0;1;0;0;0;793936,0516;5825810,985;13,3314;52,50303
24717;200367;11;11;11030617;2019;10;12;4;3;6;4;0;1;0;1;0;0;0;1;802954,6319;5829811,631;13,46751;52,53395
24718;200368;11;1;1011302;2019;10;9;4;3;1;1;0;1;1;0;0;0;0;0;798292,4346;5828387,174;13,3977;52,52376
24719;200369;11;3;3040614;2019;10;21;4;3;5;3;2;1;0;0;1;0;0;1;798646,044;5833926,375;13,40788;52,57321
24720;200370;11;6;6030502;2019;10;20;4;3;0;2;2;0;1;0;1;0;0;1;789934,616;5815344,595;13,26353;52,41133
24721;200371;11;12;12214527;2019;10;8;4;3;1;5;0;1;1;0;0;0;0;1;790160,8782;5835199,566;13,28414;52,58922
24722;200372;11;11;11020412;2019;10;7;4;3;1;7;0;0;1;0;0;0;0;1;805319,5502;5831625,059;13,50393;52,54889
24723;200373;11;12;12214424;2019;10;14;4;3;2;6;0;0;1;0;0;0;0;1;792872,0647;5832144,876;13,32135;52,56038
24724;200374;11;11;11040925;2019;10;12;4;3;2;6;0;0;1;0;0;0;0;1;803435,705;5826639,058;13,47168;52,50525
24725;200375;11;3;3061227;2019;10;7;4;2;5;2;0;0;1;0;0;0;1;0;799492,9757;5831755,59;13,41838;52,55329
24726;200376;11;10;10010102;2019;10;20;4;3;0;7;2;0;1;0;1;0;0;1;809484,8353;5834644,1;13,56798;52,57359
24727;200377;11;8;8020620;2019;10;14;4;3;2;6;0;0;1;0;0;0;0;1;801044,5271;5820603,122;13,43111;52,45247
24728;200378;11;3;3061126;2019;10;14;4;3;5;2;0;0;1;0;0;0;0;0;798412,419;5831802,063;13,40253;52,5543
24729;200379;11;9;9041601;2019;10;13;4;3;0;6;0;0;1;0;0;0;1;0;817504,649;5816679,308;13,66881;52,408
24730;200380;11;7;7030301;2019;10;12;4;3;1;5;0;1;1;0;0;0;0;1;794762,7418;5822889,721;13,34096;52,47639
24731;200381;11;1;4030931;2019;10;19;4;3;0;7;2;0;0;0;0;0;1;1;794424,4449;5826092,597;13,33882;52,50529
24732;200382;11;7;7010102;2019;10;19;4;3;5;2;2;1;1;0;0;0;0;0;795544,5928;5825255,692;13,35454;52,49718
24733;200383;11;8;8010301;2019;10;5;4;3;0;3;2;1;1;0;0;0;0;1;800573,4921;5824574,974;13,42778;52,48833
24734;200384;11;2;2030301;2019;10;19;4;3;3;6;2;0;1;0;0;1;0;1;800113,389;5825902,74;13,42222;52,50049
24735;200385;11;6;6040810;2019;10;11;4;2;5;2;0;1;1;0;0;0;0;0;791848,1002;5821374,381;13,29684;52,46438
24736;200386;11;3;3040818;2019;10;10;4;3;2;6;0;1;1;0;0;0;0;0;799082,5543;5833200,495;13,41365;52,56647
24737;200387;11;2;2020204;2019;10;22;4;3;5;3;2;0;1;0;0;0;1;1;798852,1896;5825103,702;13,40298;52,49402
24738;200388;11;12;12214424;2019;10;7;4;3;2;6;0;0;1;0;0;0;0;0;793177,4684;5832618,173;13,32626;52,56446
24739;200389;11;5;5010312;2019;10;10;4;3;6;7;0;0;1;1;0;0;0;0;785278,7242;5830283,814;13,20804;52,54773
24740;200390;11;1;1011401;2019;10;14;4;3;0;1;0;0;0;0;1;0;0;1;797365,1073;5829142,319;13,38475;52,53103
24741;200391;11;3;3020210;2019;10;6;4;3;5;3;0;1;0;0;0;0;1;1;798374,0568;5835330,255;13,40514;52,58595
24742;200392;11;1;1011306;2019;10;18;4;3;2;6;2;0;1;0;0;0;0;0;800460,4859;5826698,016;13,42804;52,50743
24743;200393;11;9;9051702;2019;10;6;4;2;5;3;2;1;1;0;0;0;0;1;813663,5187;5821700,741;13,61724;52,45522
24744;200394;11;4;4020310;2019;10;18;4;3;2;6;2;0;1;0;0;0;0;0;789346,0959;5827519,142;13,26545;52,5208
24745;200395;11;1;1033101;2019;10;6;4;3;6;4;2;1;0;1;0;0;0;1;797517,1016;5832691,415;13,39016;52,56276
24746;200396;11;12;12301203;2019;10;6;4;3;5;2;1;0;1;0;0;0;0;1;792889,9567;5835223,939;13,32433;52,58797
24747;200397;11;1;1022106;2019;10;10;3;3;5;2;0;1;1;0;0;0;0;1;794042,045;5828244,089;13,33511;52,52478
24748;200398;11;9;9010301;2019;10;21;3;3;5;2;2;0;1;0;0;0;0;1;805016,2416;5822702,897;13,4913;52,46909
24749;200399;11;2;2020203;2019;10;19;4;3;2;6;2;0;1;0;1;0;0;1;797452,9376;5824549,6;13,38193;52,48982
24750;200400;11;1;1011302;2019;10;20;3;3;1;5;2;1;0;0;0;0;1;1;798576,8684;5828987,425;13,40242;52,52898
24751;200401;11;3;3071536;2019;10;18;3;3;2;6;0;0;1;0;1;0;0;1;799248,495;5829411,039;13,41267;52,53241
24752;200402;11;2;2040503;2019;10;17;3;3;6;7;0;0;1;1;0;0;0;1;801667,7068;5828000,622;13,44695;52,51843
24753;200403;11;4;4041344;2019;10;18;3;2;0;1;2;1;0;0;0;0;0;1;793050,3485;5822018,814;13,31505;52,46951
24754;200404;11;12;12103117;2019;10;19;4;2;6;4;2;0;0;1;1;0;0;1;796351,3921;5832526,088;13,37287;52,56192
24755;200405;11;1;1033101;2019;10;20;3;3;6;4;2;0;1;1;0;0;0;1;797694,3263;5832872,96;13,39293;52,56429
24756;200406;11;10;10030724;2019;10;7;5;3;0;3;0;0;0;0;1;0;1;1;809092,1386;5829467,773;13,55739;52,52743
24757;200407;11;1;1011303;2019;10;13;5;3;2;2;0;1;1;0;0;0;0;0;799112,1114;5828970,207;13,41027;52,52853
24758;200408;11;12;12103218;2019;10;5;5;3;5;7;2;0;1;0;0;0;1;1;794544,4686;5832971,912;13,34668;52,56689
24759;200409;11;5;5030731;2019;10;6;5;3;2;2;1;0;1;0;0;0;0;1;786951,6118;5829438,433;13,23192;52,53927
24760;200410;11;7;7040406;2019;10;13;5;3;1;5;0;0;0;0;0;1;1;0;800049,4022;5821401,548;13,41723;52,46018
24761;200411;11;8;8010118;2019;10;6;5;3;2;2;2;0;1;0;1;0;0;1;800823,0816;5822597,453;13,42966;52,47047
24762;200412;11;5;5030833;2019;10;12;5;3;2;7;0;0;1;0;0;0;0;1;788922,8469;5829321,099;13,2608;52,53718
24763;200413;11;7;7060603;2019;10;12;5;3;0;1;0;1;0;0;0;0;0;1;798076,2146;5815816,234;13,38329;52,41119
24764;200414;11;1;1033101;2019;10;6;5;3;0;1;2;0;0;0;1;0;0;1;797318,9129;5832315,815;13,38691;52,5595
24765;200415;11;1;1033102;2019;10;9;5;3;2;2;0;0;1;0;0;0;0;1;797151,59;5831402,986;13,38363;52,55141
24766;200416;11;1;1033202;2019;10;6;5;3;2;6;2;0;1;0;0;1;0;1;797776,586;5829748,833;13,39134;52,53624
24767;200417;11;1;1011102;2019;10;8;5;2;1;5;0;1;0;0;0;0;1;1;796675,5996;5827888,541;13,37349;52,52017
24768;200418;11;7;7060603;2019;10;10;5;3;2;6;0;0;1;0;0;0;0;1;798663,8953;5816235,109;13,39228;52,41462
24769;200419;11;7;7040404;2019;10;8;5;3;5;2;0;1;1;0;0;0;0;1;796636,3451;5819967,861;13,36587;52,44919
24770;200420;11;1;1033101;2019;10;9;5;3;1;5;0;1;1;0;0;0;0;0;796658,047;5832068,865;13,37697;52,55765
24771;200421;11;3;3030716;2019;10;8;5;3;2;6;0;0;1;0;0;0;0;1;803404,8593;5833517,819;13,47751;52,56692
24772;200422;11;12;12103219;2019;10;8;5;3;2;6;0;0;1;0;0;0;0;1;793811,7502;5832725,583;13,33569;52,56508
24773;200423;11;1;1011301;2019;10;8;5;3;5;2;0;1;1;0;0;0;0;1;797069,7332;5829297,978;13,38055;52,53259
24774;200424;11;4;4020310;2019;10;8;5;2;0;7;0;1;0;0;0;0;0;1;790452,154;5827317,797;13,28153;52,5184
24775;200425;11;6;6030609;2019;10;12;4;3;5;3;0;1;1;0;0;0;0;0;792584,6327;5818923,088;13,30551;52,44201
24776;200426;11;5;5020626;2019;10;18;4;3;5;3;2;0;1;0;1;0;0;0;784593,0631;5827958,062;13,19597;52,52723
24777;200427;11;3;3071536;2019;10;9;4;3;5;2;0;1;0;0;0;0;1;0;799153,4738;5829211,586;13,4111;52,53067
24778;200428;11;4;4030931;2019;10;18;4;3;5;3;2;1;1;0;0;0;0;0;793522,3399;5825730,336;13,32525;52,50253
24779;200429;11;7;7070703;2019;10;20;4;3;5;2;2;0;1;0;0;0;0;0;799789,777;5813976,96;13,40676;52,39377
24780;200430;11;4;4030620;2019;10;10;5;3;5;3;0;1;1;0;0;0;0;0;792650,4718;5827115,402;13,31366;52,51541
24781;200431;11;3;3051021;2019;10;20;4;3;5;3;2;1;1;0;0;0;0;0;802858,7853;5832380,872;13,46844;52,55703
24782;200432;11;3;3071537;2019;10;19;4;3;5;3;2;1;1;0;0;0;0;0;799600,6658;5829902,821;13,41829;52,53662
24783;200433;11;4;4010103;2019;10;6;5;3;0;6;1;0;1;0;1;0;0;0;791187,5649;5829062,964;13,29387;52,53366
24784;200434;11;8;8030830;2019;10;14;5;3;5;7;0;0;1;0;0;0;0;0;802498,4342;5817982,276;13,45007;52,42818
24785;200435;11;6;6020411;2019;10;16;4;3;5;3;0;0;1;0;0;0;0;0;794444,2774;5815557,707;13,32982;52,41084
24786;200436;11;4;4020209;2019;10;14;4;2;5;3;0;1;0;0;0;0;0;0;789345,0694;5825247,166;13,26346;52,50043
24787;200437;11;8;8041035;2019;10;14;4;3;5;3;0;1;1;0;0;0;0;0;804241,6529;5818820,214;13,47639;52,43472
24788;200438;11;1;1033102;2019;10;17;4;3;6;4;2;1;0;1;0;0;0;0;797711,0604;5831788,025;13,3922;52,55456
24789;200439;11;12;12301204;2019;10;13;4;3;1;5;0;0;1;0;0;0;0;0;792691,6059;5836009,289;13,32211;52,59512
24790;200440;11;5;5030730;2019;10;17;4;2;0;1;0;0;0;0;1;0;0;0;785683,1713;5829288,713;13,21314;52,53859
24791;200441;11;4;4020311;2019;10;13;4;3;6;4;0;0;1;1;0;0;0;0;788786,072;5826984,37;13,25676;52,5163
24792;200442;11;4;4020209;2019;10;17;4;3;5;2;0;1;1;0;0;0;0;0;789463,3794;5824385,387;13,26445;52,49264
24793;200443;11;2;2050601;2019;10;9;5;2;6;4;0;1;0;1;0;0;0;0;801634,4609;5828883,747;13,44726;52,52637
24794;200444;11;3;3040818;2019;10;17;4;3;1;5;1;1;1;0;0;0;1;1;799132,9869;5832828,225;13,41405;52,5631
24795;200445;11;6;6010206;2019;10;7;5;2;0;4;0;1;0;1;0;0;0;0;794523,1186;5820034,946;13,33492;52,45093
24796;200446;11;2;2010102;2019;10;14;4;3;6;7;0;0;1;1;0;0;0;0;798102,137;5825973,659;13,39274;52,50223
24797;200447;11;2;2020203;2019;10;16;4;3;5;2;0;1;1;0;0;0;0;0;797110,0616;5824260,426;13,37664;52,48741
24798;200448;11;9;9010101;2019;10;7;4;3;5;2;0;1;0;0;0;0;1;0;802352,5717;5824748,049;13,45406;52,4889
24799;200449;11;1;1044101;2019;10;16;4;2;1;5;0;0;1;0;0;0;0;0;794101,3824;5830105,792;13,33763;52,54144
24800;200450;11;8;8041037;2019;10;16;4;3;5;7;0;0;1;0;1;0;0;0;805409,6822;5818354,482;13,4931;52,4299
24801;200451;11;1;1022207;2019;10;16;4;3;3;6;0;1;0;0;0;1;0;0;794253,3112;5827263,074;13,33734;52,51587
24802;200452;11;8;8030829;2019;10;15;4;3;2;6;0;0;1;0;0;0;0;0;803104,6648;5818515,151;13,45944;52,43262
24803;200453;11;12;12231101;2019;10;15;4;3;3;6;0;0;1;0;1;0;0;0;792742,3008;5839395,499;13,32585;52,62545
24804;200454;11;6;6020409;2019;10;15;4;3;5;2;0;1;1;0;0;0;0;0;793122,8759;5817654,469;13,31229;52,43034
24805;200455;11;11;11040926;2019;10;15;4;3;5;3;0;1;1;0;0;0;0;0;805123,427;5826543,654;13,49639;52,50345
24806;200456;11;2;2020202;2019;10;8;5;3;0;6;0;0;0;0;1;0;1;0;797569,1047;5825209,037;13,38423;52,49566
24807;200457;11;5;5020625;2019;10;12;4;3;6;7;0;0;1;1;0;0;0;0;784525,1555;5828659,99;13,19557;52,53356
24808;200458;11;3;3020209;2019;10;10;4;3;5;2;0;1;0;0;0;0;1;0;798472,0474;5834861,24;13,40616;52,58169
24809;200459;11;7;7040405;2019;10;7;5;3;2;6;0;0;1;0;0;0;1;1;798191,5665;5820938,462;13,38955;52,45704
24810;200460;11;1;1044103;2019;10;10;4;3;5;2;0;1;1;0;0;0;0;0;795020,2991;5831150,044;13,35206;52,5503
24811;200461;11;10;10030726;2019;10;10;4;3;5;3;0;1;0;0;0;0;0;0;808918,0234;5827024,4;13,55256;52,50563
24812;200462;11;1;1011105;2019;10;9;4;3;6;4;0;0;1;1;0;0;0;0;796958,6342;5826531,491;13,37644;52,50785
24813;200463;11;3;3040614;2019;10;8;4;3;5;3;0;1;0;0;0;0;1;0;798213,8952;5833046,098;13,40073;52,56556
24814;200464;11;7;7020204;2019;10;8;4;3;5;2;0;1;0;0;0;0;0;0;796542,9105;5823745,717;13,36786;52,4831
24815;200465;11;7;7010101;2019;10;8;4;3;2;6;0;0;1;0;0;0;0;0;794501,98;5825462,438;13,33941;52,4996
24816;200466;11;2;2030401;2019;10;13;4;3;1;7;0;1;1;0;0;0;0;0;800930,6581;5825418,054;13,43379;52,49569
24817;200467;11;10;10010310;2019;10;7;4;3;0;7;0;0;1;0;0;0;0;0;809785,3275;5831545,28;13,56951;52,54565
24818;200468;11;2;2010104;2019;10;7;4;3;0;6;0;0;1;0;1;0;0;0;798806,0785;5825578,863;13,40273;52,4983
24819;200469;11;1;1033202;2019;10;7;4;3;5;7;0;1;1;0;0;0;0;0;797408,0283;5830030,76;13,38617;52,53897
24820;200470;11;7;7020202;2019;10;7;4;3;2;7;0;0;1;0;0;0;0;0;794950,3886;5823925,5;13,34463;52,48558
24821;200471;11;9;9052001;2019;10;7;4;3;2;6;0;0;1;0;0;0;0;0;809219,005;5823013,52;13,55326;52,46951
24822;200472;11;5;5010206;2019;10;6;5;3;0;1;2;0;0;0;1;0;0;1;782294,944;5830523,846;13,16436;52,55143
24823;200473;11;8;8010508;2019;10;13;4;3;0;2;0;0;1;1;0;0;0;0;802752,9315;5822954,654;13,45831;52,47261
24824;200474;11;5;5040934;2019;10;7;4;2;6;4;2;0;1;1;0;0;0;0;783955,418;5823333,468;13,18265;52,4861
24825;200475;11;12;12214527;2019;10;13;4;3;5;2;0;1;1;0;0;0;0;0;789955,265;5835567,446;13,28144;52,59263
24826;200476;11;8;8010214;2019;10;12;4;3;5;7;0;1;1;0;0;0;0;0;801643,7124;5821918,913;13,44109;52,46394
24827;200477;11;9;9030901;2019;10;6;4;3;1;5;2;1;1;0;0;0;0;0;808367,9671;5817693,736;13,53586;52,42232
24828;200478;11;12;12214423;2019;10;5;4;3;1;5;2;0;1;0;0;0;1;1;792710,9143;5833872,378;13,3205;52,57595
24829;200479;11;9;9020701;2019;10;12;4;3;0;7;0;0;1;0;1;0;0;0;807817,6294;5818415,802;13,52846;52,4291
24830;200480;11;11;11030619;2019;10;12;4;3;5;2;0;0;1;0;0;0;1;0;803536,1597;5829730,398;13,47598;52,5329
24831;200481;11;5;5020626;2019;10;11;4;3;1;5;0;1;0;0;0;0;1;0;784745,877;5827428,849;13,19776;52,52241
24832;200482;11;1;1044203;2019;10;11;4;3;2;6;0;0;1;0;0;0;0;0;795281,1495;5831447,563;13,35617;52,55283
24833;200483;11;6;6040703;2019;10;1;4;2;9;1;2;0;1;0;0;0;0;0;785437,637;5818403,184;13,2002;52,44112
24834;200484;11;4;4030623;2019;10;16;3;3;2;6;0;1;1;0;0;0;0;0;793337,5981;5826652,048;13,32335;52,51089
24835;200485;11;1;1011301;2019;10;8;5;3;5;2;0;1;1;0;0;0;0;0;797130,7653;5828201,595;13,38046;52,52273
24836;200486;11;3;3061429;2019;10;18;3;3;6;7;1;0;1;1;0;0;0;0;801071,7651;5830454,087;13,44042;52,54075
24837;200487;11;4;4051446;2019;10;19;3;3;2;6;2;0;1;0;1;0;0;0;792433,8997;5824907,049;13,30854;52,49573
24838;200488;11;10;10010309;2019;10;19;3;3;5;3;2;0;1;0;0;0;0;0;807836,996;5829075,917;13,53858;52,52462
24839;200489;11;8;8020619;2019;10;19;3;3;5;7;2;0;1;0;1;0;0;0;802269,9711;5820682,625;13,44916;52,45251
24840;200490;11;2;2030402;2019;10;19;3;3;1;5;2;1;0;0;0;0;1;0;801808,5699;5825769,53;13,447;52,49836
24841;200491;11;11;2050602;2019;10;19;3;3;2;6;2;0;1;0;0;0;0;0;803766,7688;5827710,34;13,47753;52,51467
24842;200492;11;5;5010209;2019;10;19;3;2;6;4;2;0;1;1;0;0;0;0;782473,4873;5829470,275;13,16609;52,54189
24843;200493;11;11;11020412;2019;10;22;3;3;5;2;2;0;1;0;0;0;0;0;805720,6448;5831369,468;13,50959;52,54637
24844;200494;11;3;3020209;2019;10;22;3;3;5;2;2;0;1;0;1;0;0;0;798100,879;5834696,274;13,40055;52,58041
24845;200495;11;4;4030623;2019;10;15;3;3;0;6;0;1;0;0;0;0;1;0;793431,7299;5826578,303;13,32467;52,51018
24846;200496;11;1;1033203;2019;10;13;3;3;2;2;0;1;1;0;0;0;0;0;796301,7352;5830675,722;13,37049;52,54536
24847;200497;11;9;9010202;2019;10;12;3;3;5;3;0;0;1;0;0;0;0;0;804111,2517;5824359,419;13,47953;52,48444
24848;200498;11;3;3061227;2019;10;19;5;3;3;6;2;0;1;0;1;0;0;0;799922,9171;5831120,586;13,42413;52,54736
24849;200499;11;12;12214424;2019;10;12;3;3;6;4;0;0;0;1;0;0;1;0;793306,8169;5832644,209;13,32819;52,56462
24850;200500;11;5;5010314;2019;10;10;3;3;0;2;0;0;1;0;0;0;1;0;784832,8559;5829010,142;13,20039;52,53654
24851;200501;11;9;9010301;2019;10;10;3;3;5;2;0;1;1;0;0;0;0;0;804922,0362;5822558,474;13,48978;52,46785
24852;200502;11;3;3040818;2019;10;22;5;3;1;5;2;0;1;0;0;0;0;0;800066,1383;5832052,271;13,42708;52,55563
24853;200503;11;6;6030609;2019;10;9;3;3;2;6;0;1;1;0;0;0;0;0;793237,4258;5819389,367;13,31549;52,44584
24854;200504;11;7;7060603;2019;10;17;3;3;2;2;0;0;1;0;1;0;0;0;798022,9492;5815799,186;13,3825;52,41107
24855;200505;11;3;3040818;2019;10;17;3;3;6;4;0;0;1;1;0;0;0;0;799007,4664;5832777,151;13,41216;52,56271
24856;200506;11;8;8010404;2019;10;17;3;3;0;7;0;1;0;0;0;0;0;0;801429,7309;5823695,878;13,43956;52,47998
24857;200507;11;9;9010202;2019;10;16;3;3;2;6;0;0;1;0;0;0;0;0;804145,0496;5822930,821;13,47872;52,47162
24858;200508;11;7;7060603;2019;10;8;3;3;2;6;0;0;1;0;0;0;1;0;797799,3162;5817210,65;13,38048;52,42384
24859;200509;11;9;9020701;2019;10;6;3;3;5;3;0;1;1;0;0;0;0;0;808194,618;5819624,748;13,5351;52,43972
24860;200510;11;12;12301203;2019;10;1;3;2;9;1;2;0;1;0;0;0;0;0;793956,8122;5835301,075;13,3401;52,58809
24861;200511;11;7;7050502;2019;10;7;5;3;0;1;0;1;0;0;0;0;0;1;797337,7935;5818372,412;13,37474;52,43451
24862;200512;11;5;5030731;2019;10;7;3;3;5;3;0;0;1;0;1;0;0;0;787694,9024;5829990,551;13,24332;52,54383
24863;200513;11;12;12301206;2019;10;16;3;3;1;5;0;0;1;0;1;0;0;0;794077,362;5837496,509;13,34383;52,6077
24864;200514;11;4;4031032;2019;10;16;3;3;2;6;0;0;1;0;1;0;0;0;791837,1501;5824686,225;13,29958;52,49407
24865;200515;11;1;1022103;2019;10;15;3;3;5;2;0;1;0;0;0;1;0;0;795268,2807;5829656,978;13,35438;52,53679
24866;200516;11;2;2020203;2019;10;16;3;3;1;5;0;1;1;0;0;0;0;0;797117,9436;5824087,878;13,3766;52,48586
24867;200517;11;1;1022204;2019;10;7;3;3;6;2;1;0;1;1;0;0;0;0;794814,0992;5828307,01;13,34651;52,52493
24868;200518;11;5;5020627;2019;10;15;3;3;2;6;0;0;1;0;0;0;0;0;785522,4677;5828078,065;13,20973;52,52782
24869;200519;11;6;6020305;2019;10;15;3;3;6;2;0;0;1;1;0;0;0;0;795869,4195;5818141,173;13,353;52,43323
24870;200520;11;12;12214125;2019;10;7;3;3;2;6;0;0;1;0;0;0;0;0;791306,1722;5834150,096;13,30008;52,5792
24871;200521;11;6;6010207;2019;10;15;3;3;3;6;0;1;1;0;0;0;0;0;793454,543;5820116,432;13,31932;52,45224
24872;200522;11;4;4030725;2019;10;15;3;3;6;4;0;0;0;1;1;0;0;0;791561,435;5826495,988;13,29712;52,51044
24873;200523;11;5;5030833;2019;10;15;3;3;5;2;0;1;1;0;0;0;0;0;788173,529;5829380,732;13,24983;52,53811
24874;200524;11;6;6020305;2019;10;14;3;3;6;4;0;0;1;1;0;0;0;0;795589,0263;5817107,837;13,34797;52,42412
24875;200525;11;2;2040503;2019;10;6;3;3;5;3;0;0;1;0;1;0;0;0;801430,3295;5827930,446;13,4434;52,51794
24876;200526;11;8;8041036;2019;10;7;3;3;0;3;2;1;1;0;0;0;0;1;804550,5177;5817094,643;13,47935;52,41909
24877;200527;11;1;1011105;2019;10;17;2;3;5;3;1;1;1;0;0;0;0;0;795756,3459;5826351,216;13,35862;52,50689
24878;200528;11;5;5020627;2019;10;17;2;3;2;6;0;0;1;0;0;0;0;0;785445,5757;5828137,524;13,20865;52,5284
24879;200529;11;1;1033202;2019;10;15;2;3;6;2;0;0;1;1;0;0;0;0;797163,4286;5830379,222;13,38289;52,54223
24880;200530;11;3;3040513;2019;10;16;2;3;2;2;0;0;1;0;0;0;1;0;796796,3364;5833946,587;13,38068;52,57441
24881;200531;11;8;8041038;2019;10;16;2;3;5;3;0;1;0;0;0;0;1;0;805917,1848;5816210,02;13,49858;52,41039
24882;200532;11;3;3030711;2019;10;16;2;3;5;3;0;0;1;0;0;0;0;0;801113,0072;5836547,71;13,44655;52,59535