;OBJECTID;LAND;BEZ;LOR;UJAHR;UMONAT;USTUNDE;UWOCHENTAG;UKATEGORIE;UART;UTYP1;ULICHTVERH;IstRad;IstPKW;IstFuss;IstKrad;IstGkfz;IstSonstige;USTRZUSTAND;LINREFX;LINREFY;XGCSWGS84;YGCSWGS84
24883;200533;11;4;4030417;2019;10;15;2;3;5;3;0;1;1;0;0;0;0;0;791797,2987;5827063,929;13,30108;52,51541
24884;200534;11;8;8041039;2019;10;15;2;3;5;2;0;1;1;0;0;0;0;0;806124,2393;5815162,165;13,50065;52,40089
24885;200535;11;3;3061131;2019;10;13;2;3;6;7;0;0;0;1;0;0;1;0;798472,7977;5830961,089;13,40266;52,54673
24886;200536;11;6;6040703;2019;10;19;2;2;5;2;0;0;1;0;0;0;0;0;787136,364;5817205,235;13,2241;52,42949
24887;200537;11;3;3071536;2019;10;15;2;3;1;5;0;1;0;0;0;0;1;0;798980,7236;5830035,775;13,4093;52,53816
24888;200538;11;11;11030824;2019;10;14;2;2;5;3;0;1;0;0;0;0;1;0;803729,22;5827145,144;13,47646;52,50962
24889;200539;11;5;5010312;2019;10;14;2;2;5;3;0;1;1;0;0;0;0;0;784825,8816;5830254,049;13,20136;52,5477
24890;200540;11;4;4051448;2019;10;14;2;3;2;6;0;0;1;0;0;0;0;0;794260,9805;5825421,772;13,33583;52,49936
24891;200541;11;7;7040401;2019;10;8;5;2;6;4;0;0;0;1;1;0;0;0;798337,7781;5823951,16;13,39439;52,48397
24892;200542;11;5;5020523;2019;10;14;2;2;2;6;0;0;1;0;0;0;0;0;782486,9633;5827002,234;13,16419;52,51976
24893;200543;11;6;6040805;2019;10;14;2;3;5;3;0;1;0;0;0;0;1;0;788801,21;5818057,261;13,24925;52,43625
24894;200544;11;11;11040926;2019;10;13;2;3;5;3;0;1;1;0;0;0;0;0;805757,965;5827181,083;13,50629;52,50881
24895;200545;11;2;2040701;2019;10;19;2;3;5;2;2;1;0;0;0;0;1;0;801206,4482;5827467,238;13,43969;52,51391
24896;200546;11;6;6010204;2019;10;19;2;3;0;2;2;0;1;0;1;0;0;0;795411,585;5820128,619;13,34804;52,45129
24897;200547;11;8;8010406;2019;10;19;2;3;1;5;2;1;1;0;0;0;0;0;801968,8498;5824220,581;13,44795;52,48439
24898;200548;11;1;1011305;2019;10;19;2;3;5;2;2;1;1;0;0;0;0;0;799124,0588;5827123,737;13,40879;52,51198
24899;200549;11;9;9010302;2019;10;19;2;3;4;6;2;0;1;0;0;0;0;0;804761,2364;5820427,958;13,48548;52,44884
24900;200550;11;1;1044102;2019;10;8;5;3;1;7;0;0;1;0;0;0;0;1;795954,929;5832037,956;13,3666;52,55776
24901;200551;11;2;2030302;2019;10;19;2;3;1;5;2;1;1;0;0;0;0;0;800333,5379;5825943,511;13,42549;52,50073
24902;200552;11;1;1011302;2019;10;18;2;3;0;1;1;1;0;0;0;0;0;1;797979,2838;5828496,709;13,3932;52,52491
24903;200553;11;1;1011203;2019;10;8;5;3;5;3;0;0;1;0;0;0;0;0;797960,5998;5827080,44;13,39165;52,51222
24904;200554;11;1;1011305;2019;10;1;2;3;0;1;2;1;0;0;0;0;0;0;799446,613;5826756,236;13,41319;52,5085
24905;200555;11;6;6030608;2019;10;19;5;2;0;3;2;0;1;0;1;0;0;0;792385,9566;5816868,446;13,30079;52,42369
24906;200556;11;5;5030730;2019;10;11;2;3;2;6;0;0;1;0;0;1;0;0;786958,8377;5829804,928;13,23234;52,54255
24907;200557;11;3;3030711;2019;10;12;2;3;2;6;0;0;1;0;0;0;0;0;801002,2863;5836004,294;13,44443;52,59054
24908;200558;11;7;7030301;2019;10;12;2;3;5;3;0;0;1;0;0;0;0;0;793485,5848;5822489,171;13,32186;52,47349
24909;200559;11;11;11020515;2019;10;10;2;3;1;7;0;0;1;0;0;0;0;0;804749,0965;5830196,978;13,49423;52,53641
24910;200560;11;3;3050924;2019;10;9;2;3;5;3;0;0;1;0;1;0;0;0;801403,8976;5831496,335;13,44624;52,54991
24911;200561;11;4;4051653;2019;10;8;2;3;2;6;0;0;1;0;0;0;0;0;794003,8523;5824264,683;13,33103;52,48913
24912;200562;11;9;9051901;2019;10;8;2;3;0;2;0;1;1;0;0;0;0;0;812050,7804;5821282,944;13,59319;52,45239
24913;200563;11;1;2040701;2019;10;8;2;3;0;6;0;1;1;0;0;0;0;0;800167,7355;5827387,503;13,42436;52,51377
24914;200564;11;11;11030824;2019;10;6;5;3;5;3;2;1;1;0;0;0;0;1;803692,264;5827471,396;13,47621;52,51257
24915;200565;11;1;1011301;2019;10;8;2;3;5;3;0;1;1;0;0;0;0;0;796894,091;5829203,728;13,37788;52,53184
24916;200566;11;10;10020414;2019;10;8;2;3;5;3;0;1;1;0;0;0;0;0;812064,889;5830625,37;13,60215;52,53611
24917;200567;11;12;12224230;2019;10;7;2;3;4;6;1;1;0;0;0;0;0;1;787073,216;5838229,101;13,24132;52,61802
24918;200568;11;2;2050602;2019;10;7;2;3;0;1;0;0;1;0;1;0;0;1;803319,6888;5827756,481;13,471;52,51533
24919;200569;11;4;4020310;2019;10;7;5;3;0;6;0;0;0;0;1;0;0;1;790130,0406;5828221,836;13,27759;52,52668
24920;200570;11;6;6030504;2019;10;7;2;3;0;2;1;1;1;0;0;0;0;1;789966,7903;5816242,925;13,26478;52,41937
24921;200571;11;9;9020701;2019;10;6;2;3;5;2;2;0;1;0;0;0;0;0;809327,0386;5818519,358;13,55068;52,42918
24922;200572;11;8;8020728;2019;10;15;1;2;2;6;0;0;1;0;0;0;0;0;802220,0374;5816787,543;13,44491;52,41762
24923;200573;11;6;6040810;2019;10;10;1;2;1;1;0;0;1;0;0;0;0;0;790527,1785;5821382,998;13,27746;52,46516
24924;200574;11;1;1044101;2019;10;21;1;3;5;2;2;0;1;0;0;0;0;0;793980,205;5832017,921;13,33754;52,55865
24925;200575;11;12;12103117;2019;10;19;1;2;5;2;2;1;1;0;0;0;0;0;796175,0752;5832754,284;13,37048;52,56406
24926;200576;11;5;5020419;2019;10;17;1;3;5;2;1;0;1;0;0;0;0;0;780873,0764;5828322,241;13,14159;52,53243
24927;200577;11;12;12103218;2019;10;16;1;3;2;6;0;0;1;0;0;0;0;0;793841,3304;5832776,67;13,33617;52,56552
24928;200578;11;9;9010402;2019;10;3;1;2;8;1;2;0;1;0;0;0;0;0;806777,0284;5818391,78;13,51318;52,42947
24929;200579;11;8;8010214;2019;10;9;1;3;1;5;0;0;1;0;0;0;1;0;802061,4751;5821981,047;13,44728;52,46426
24930;200580;11;4;4031032;2019;10;12;1;3;2;6;0;0;1;0;0;0;0;0;791236,294;5824986,867;13,29102;52,49709
24931;200581;11;2;2040502;2019;10;15;1;3;6;4;0;0;1;1;0;0;0;0;800616,5426;5828462,289;13,43192;52,52315
24932;200582;11;2;2020203;2019;10;11;7;3;0;7;0;1;1;0;0;0;0;0;797092,7863;5824685,556;13,37677;52,49123
24933;200583;11;7;7060604;2019;10;12;7;3;0;6;0;0;1;0;0;0;0;0;797210,052;5815560,852;13,37037;52,40937
24934;200584;11;9;9010101;2019;10;19;7;2;5;2;2;0;1;0;1;0;0;0;802361,3223;5825340,343;13,45472;52,49421
24935;200585;11;5;5030730;2019;10;18;7;2;2;7;0;0;1;0;1;0;1;0;785895,4608;5829230,555;13,21621;52,53796
24936;200586;11;1;1011303;2019;10;22;7;3;0;1;2;0;0;0;0;0;1;0;799190,121;5827726,447;13,4103;52,51734
24937;200587;11;8;8010508;2019;10;19;7;3;5;3;2;0;1;0;0;0;0;0;803203,7266;5822728,925;13,46472;52,47033
24938;200588;11;6;6020407;2019;10;17;7;3;5;3;1;0;1;0;0;0;1;0;793367,8094;5815508,079;13,314;52,41097
24939;200589;11;8;8010214;2019;10;17;7;2;6;4;1;0;1;1;0;0;0;1;801565,1184;5821900,2;13,43992;52,46381
24940;200590;11;6;6010207;2019;10;16;7;3;2;2;0;0;1;0;0;0;0;0;793549,5069;5820062,644;13,32066;52,4517
24941;200591;11;1;1022106;2019;10;16;7;3;3;6;0;0;1;0;1;0;0;0;793962,7996;5828206,051;13,33391;52,52448
24942;200592;11;5;5030832;2019;10;15;7;3;5;2;0;0;1;0;0;0;0;0;789675,122;5829303,071;13,27184;52,53661
24943;200593;11;2;2030301;2019;10;15;7;3;5;3;0;1;1;0;0;0;0;0;799925,802;5825743,09;13,41932;52,49916
24944;200594;11;7;7010101;2019;10;16;7;2;0;1;0;0;0;0;0;0;1;1;794731,6164;5825213,43;13,34256;52,49724
24945;200595;11;4;4030931;2019;10;8;5;3;5;2;0;0;1;0;0;0;0;0;793914,1033;5825519,99;13,33082;52,50043
24946;200596;11;5;5010101;2019;10;14;7;3;6;4;0;0;1;1;0;0;0;0;785620,2611;5832199,466;13,21472;52,56472
24947;200597;11;11;11020411;2019;10;19;5;3;6;4;2;0;0;1;0;0;1;0;804903,367;5832974,478;13,49905;52,56121
24948;200598;11;1;1011302;2019;10;14;7;3;1;5;0;1;1;0;0;0;0;0;797762,443;5828323,726;13,38986;52,52348
24949;200599;11;8;8010214;2019;10;13;7;3;6;4;0;1;0;1;0;0;0;1;801331,0956;5822166,562;13,43673;52,46633
24950;200600;11;11;11010207;2019;10;11;7;3;6;7;0;0;0;1;0;0;1;0;805526,7018;5834714,75;13,50982;52,57646
24951;200601;11;2;2030302;2019;10;2;7;3;1;5;2;1;1;0;0;0;1;1;800929,2293;5825858,591;13,43416;52,49964
24952;200602;11;7;7010102;2019;10;18;6;3;5;2;2;1;0;0;1;0;0;1;794951,6794;5825644,97;13,34617;52,50099
24953;200603;11;7;7010104;2019;10;3;6;2;0;1;2;1;0;0;0;0;0;1;796656,0172;5824828,398;13,37048;52,49275
24954;200604;11;8;8010405;2019;10;3;6;3;5;2;2;1;0;0;0;0;1;0;801735,9068;5823907,623;13,44424;52,48171
24955;200605;11;7;7010102;2019;10;11;6;3;5;2;0;1;1;0;0;0;0;0;794999,4432;5825633,49;13,34686;52,50086
24956;200606;11;7;7010103;2019;10;11;6;3;1;7;0;0;1;0;1;0;0;0;795709,9693;5824869,101;13,35662;52,49363
24957;200607;11;3;3020307;2019;10;8;5;3;5;3;0;1;0;0;0;0;1;1;800484,8877;5836403,21;13,43718;52,5944
24958;200608;11;4;4030726;2019;10;11;6;3;6;7;0;0;1;1;0;0;0;0;791981,0203;5825245,731;13,30218;52,49901
24959;200609;11;4;4030417;2019;10;19;5;3;1;5;2;1;1;0;0;0;0;0;791277,0803;5826601,557;13,29303;52,51154
24960;200610;11;11;11010205;2019;10;11;6;3;5;3;0;0;1;0;0;0;1;0;806909,6123;5832626,655;13,52823;52,55697
24961;200611;11;2;2020203;2019;10;12;6;3;5;3;0;1;0;0;0;0;0;0;796945,9811;5824295,834;13,37426;52,48782
24962;200612;11;2;2040502;2019;10;12;6;3;5;2;0;0;0;0;0;1;1;0;801134,7721;5828570,372;13,43963;52,52384
24963;200613;11;8;8020622;2019;10;12;6;3;5;2;0;0;0;0;0;1;1;0;801318,5201;5819558,361;13,43419;52,44296
24964;200614;11;11;11010205;2019;10;10;6;3;0;4;0;0;0;1;0;0;1;1;806625,1896;5833176,332;13,52456;52,56206
24965;200615;11;4;4020314;2019;10;10;6;3;3;2;0;0;1;0;0;1;0;0;790375,1343;5825656,171;13,27895;52,50355
24966;200616;11;1;1022206;2019;10;10;6;3;2;6;0;1;1;0;0;0;0;1;796454,888;5828233,178;13,37056;52,52338
24967;200617;11;4;4051448;2019;10;9;6;3;0;1;0;0;0;0;1;0;0;1;793847,8786;5824906,846;13,32931;52,49497
24968;200618;11;1;1033202;2019;10;9;6;2;5;3;0;1;1;0;0;0;0;1;796971,6266;5830138,511;13,37985;52,54018
24969;200619;11;2;2010101;2019;10;5;5;3;9;1;1;0;1;0;0;0;0;0;797756,5989;5826062,437;13,38775;52,50321
24970;200620;11;2;2040701;2019;10;8;6;3;1;5;0;1;1;0;0;0;0;0;800359,6266;5827741,206;13,4275;52,51683
24971;200621;11;5;5020419;2019;10;7;5;3;2;6;0;0;1;0;0;0;1;0;781427,193;5828391,093;13,14979;52,53276
24972;200622;11;7;7040405;2019;10;8;6;3;5;2;0;0;1;0;0;1;0;1;799070,7128;5821704,512;13,40314;52,46343
24973;200623;11;4;4051655;2019;10;8;6;3;2;7;0;0;0;0;1;1;0;1;793867,7906;5823094,564;13,328;52,47871
24974;200624;11;11;11030721;2019;10;7;5;3;2;7;0;0;1;0;0;1;0;1;804292,3107;5828449,448;13,48592;52,521
24975;200625;11;4;4030930;2019;10;7;6;3;5;3;0;1;1;0;0;0;0;1;792968,3524;5825890,668;13,31725;52,50426
24976;200626;11;11;11020515;2019;10;6;6;3;5;3;1;0;1;0;0;0;1;1;803331,1196;5830081,399;13,47329;52,53616
24977;200627;11;1;1044101;2019;10;6;6;3;2;7;2;0;1;0;0;0;0;1;794118,5043;5830088,228;13,33786;52,54127
24978;200628;11;11;11040926;2019;10;11;5;3;5;3;0;0;1;0;0;0;0;1;805987,963;5826846,082;13,50936;52,50568
24979;200629;11;12;12302107;2019;10;0;6;2;6;4;2;0;1;1;0;0;0;1;794328,2067;5836224,713;13,34639;52,59617
24980;200630;11;1;1011304;2019;10;19;6;3;6;4;2;1;0;1;0;0;0;1;799580,5301;5828027,678;13,41631;52,51983
24981;200631;11;3;3040818;2019;10;19;6;3;5;3;2;1;1;0;0;0;0;1;799081,773;5833201,546;13,41364;52,56648
24982;200632;11;6;6040806;2019;10;19;6;3;5;3;2;0;1;0;0;0;0;1;788835,1428;5819582,218;13,25107;52,44991
24983;200633;11;3;3061429;2019;10;17;6;3;5;3;1;1;1;0;0;0;0;0;802091,2437;5830587,042;13,45552;52,54138
24984;200634;11;11;11030720;2019;10;17;6;3;6;4;0;0;1;1;0;0;0;0;805197,9422;5828964,356;13,4997;52,52511
24985;200635;11;2;2040701;2019;10;22;6;3;5;2;2;1;1;0;0;0;0;1;800374,2415;5827890,698;13,42785;52,51816
24986;200636;11;5;5020626;2019;10;2;5;2;6;4;2;0;0;1;0;0;1;1;784139,8448;5827330,738;13,18877;52,52184
24987;200637;11;2;2020206;2019;10;21;6;3;0;2;2;0;1;0;1;0;0;1;800272,47;5824372,183;13,42318;52,48668
24988;200638;11;1;1033102;2019;10;16;6;2;6;4;0;0;1;1;0;0;0;0;797411,9966;5831253,866;13,38733;52,54993
24989;200639;11;2;7040401;2019;10;13;5;3;2;6;0;0;1;0;1;0;0;0;797794,5967;5824033,021;13,38649;52,485
24990;200640;11;6;6020303;2019;10;16;6;3;0;7;0;0;0;0;1;0;1;1;795388,428;5818321,762;13,34611;52,43511
24991;200641;11;3;3071536;2019;10;16;6;3;5;2;0;1;1;0;1;0;0;0;799081,9672;5830219,83;13,41095;52,53975
24992;200642;11;2;2040703;2019;10;20;6;3;5;2;2;1;1;0;0;0;0;1;801754,3231;5826263,116;13,44665;52,50281
24993;200643;11;12;12224230;2019;10;11;5;3;5;7;0;1;1;0;0;0;0;1;786409,5229;5838821,013;13,23205;52,62367
24994;200644;11;1;1033101;2019;10;15;6;3;2;6;0;0;1;0;0;0;0;0;797205,792;5832002,87;13,38497;52,55676
24995;200645;11;10;10030727;2019;10;14;6;3;5;3;0;0;1;0;1;0;0;0;809570,3222;5825056,652;13,56031;52,48762
24996;200646;11;6;6010102;2019;10;20;6;3;2;6;2;0;1;0;0;0;0;1;793523,9933;5820665,367;13,32082;52,45712
24997;200647;11;1;1011105;2019;10;10;5;3;1;5;0;1;1;0;0;0;1;0;796922,4691;5826850,694;13,3762;52,51073
24998;200648;11;9;9052001;2019;10;20;6;3;0;1;2;1;0;0;0;0;0;1;811149,1169;5822074,307;13,58071;52,46
24999;200649;11;2;2050802;2019;10;19;6;2;0;1;2;0;0;0;1;0;1;1;802812,5983;5826942,628;13,46281;52,50832
25000;200650;11;11;11041128;2019;10;14;6;3;6;2;0;0;1;1;0;0;0;0;806996,8561;5825780,812;13,5232;52,49557
25001;200651;11;6;6010102;2019;10;18;5;3;5;3;1;0;1;0;0;0;0;1;793425,588;5820368,851;13,31911;52,45452
25002;200652;11;6;6020303;2019;10;14;6;3;5;3;0;1;1;0;0;0;0;0;795282,3621;5818607,528;13,3448;52,43773
25003;200653;11;10;10020416;2019;10;14;6;3;5;3;0;1;1;0;0;0;0;0;813012,0507;5831230,063;13,61664;52,54098
25004;200654;11;6;6030610;2019;10;9;4;1;6;4;0;0;0;1;0;1;0;1;792071,4789;5818874,158;13,29793;52,44184
25005;200655;11;8;8030831;2019;10;19;6;3;2;3;2;1;1;0;0;0;0;1;803603,9798;5817861,697;13,46617;52,42649
25006;200656;11;9;9031101;2019;10;15;4;3;5;3;0;0;1;0;0;0;0;1;810837,8768;5818460,836;13,57278;52,42779
25007;200657;11;12;12231101;2019;10;6;4;3;3;6;1;1;1;0;0;0;0;1;792601,7739;5839326,422;13,32372;52,62491
25008;200658;11;3;3061228;2019;10;9;6;3;2;6;0;0;1;0;0;0;0;0;800917,5406;5831204,107;13,43883;52,54756
25009;200659;11;6;6020410;2019;10;18;5;3;5;3;0;0;1;0;0;0;1;0;794316,62;5816909,457;13,32914;52,42303
25010;200660;11;1;1011305;2019;10;13;5;3;1;5;0;1;1;0;0;0;0;0;799441,8442;5826523,985;13,41292;52,50643
25011;200661;11;1;1022202;2019;10;17;4;3;5;2;0;1;1;0;0;0;0;0;795669,217;5829731,907;13,36035;52,53724
25012;200662;11;2;2050601;2019;10;9;5;3;5;2;0;1;0;0;0;1;0;0;801787,2272;5828672,998;13,44932;52,5244
25013;200663;11;12;12214423;2019;10;16;4;3;5;3;0;0;1;0;0;0;0;1;792609,7264;5833527,327;13,31871;52,57292
25014;200664;11;8;8010404;2019;10;6;5;2;8;1;1;0;1;0;0;0;0;1;801720,4873;5823052,464;13,44324;52,47405
25015;200665;11;10;10010204;2019;10;1;5;2;5;2;2;1;0;0;0;0;1;1;809577,5151;5832688,883;13,56752;52,55602
25016;200666;11;1;1011204;2019;10;22;5;3;5;2;2;0;1;0;0;0;1;0;797845,19;5826961,291;13,38985;52,51122
25017;200667;11;4;4020311;2019;10;16;4;3;5;3;0;0;1;0;0;0;0;1;789080,5715;5827172,497;13,26125;52,51783
25018;200668;11;10;10010308;2019;10;21;5;2;6;4;2;0;1;1;0;0;0;0;806464,4174;5829702,705;13,51899;52,53101
25019;200669;11;1;1011304;2019;10;20;5;3;0;2;2;1;1;0;0;0;0;0;799609,613;5827987,189;13,4167;52,51945
25020;200670;11;4;4051448;2019;10;20;5;3;1;5;2;1;1;0;0;0;0;0;793480,2728;5824972,062;13,32397;52,49575
25021;200671;11;4;4051445;2019;10;19;5;3;5;2;2;1;1;0;0;0;0;0;792600,2479;5824204,52;13,31037;52,48934
25022;200672;11;4;4030623;2019;10;15;5;3;2;6;0;0;1;0;1;0;0;0;793775,4919;5826584,28;13,32972;52,51005
25023;200673;11;2;2050803;2019;10;14;5;3;3;6;0;0;1;0;1;0;0;0;802748,5924;5826124,566;13,46112;52,50102
25024;200674;11;4;4030931;2019;10;12;5;3;5;7;0;1;1;0;0;0;0;0;793919,6422;5825534,677;13,33092;52,50056
25025;200675;11;8;8010212;2019;10;14;5;3;6;7;0;0;1;1;0;0;0;0;801193,8541;5823546,929;13,43596;52,47878
25026;200676;11;11;11051331;2019;10;7;5;3;5;3;0;1;0;0;0;0;0;1;807349,9054;5825174,202;13,52782;52,48993
25027;200677;11;1;1011103;2019;10;18;5;3;6;4;2;0;1;1;0;0;0;0;795291,2002;5826136,153;13,3516;52,50521
25028;200678;11;5;5020625;2019;10;7;5;3;3;5;0;0;1;0;0;1;0;0;784384,9396;5828696,59;13,19354;52,53396
25029;200679;11;7;7010104;2019;10;18;5;2;5;2;2;1;1;0;0;0;0;0;796000,7501;5824957,171;13,36097;52,49426
25030;200680;11;4;4051654;2019;10;17;5;3;5;2;0;1;1;0;0;0;0;0;793635,0695;5823953,88;13,32534;52,48654
25031;200681;11;2;2020204;2019;10;21;5;2;3;6;2;1;1;0;0;0;0;1;798347,6965;5825310,518;13,39576;52,49615
25032;200682;11;1;1011306;2019;10;14;5;2;6;4;0;0;1;1;0;0;0;0;799920,4924;5826585,652;13,42;52,50672
25033;200683;11;1;1011306;2019;10;17;5;3;5;2;0;1;1;0;0;0;0;0;800044,8568;5827113,457;13,4223;52,51138
25034;200684;11;7;7060604;2019;10;13;5;3;0;4;0;0;0;1;0;0;1;0;796680,3096;5815838,478;13,36285;52,41215
25035;200685;11;11;11030721;2019;10;16;5;2;5;7;0;0;1;0;0;0;1;0;803795,279;5827699,225;13,47793;52,51455
25036;200686;11;6;6040810;2019;10;16;5;3;5;2;0;0;1;0;0;0;0;0;790244,9942;5820069,745;13,27218;52,45353
25037;200687;11;4;4030623;2019;10;15;5;2;5;3;0;1;1;0;0;0;0;0;793796,3756;5826908,208;13,33032;52,51294
25038;200688;11;11;11040925;2019;10;16;4;3;4;5;1;0;1;0;0;1;0;1;803505,9773;5826621,619;13,4727;52,50506
25039;200689;11;9;9030902;2019;10;15;5;2;6;4;0;1;0;1;0;0;0;0;807611,3522;5815414,643;13,52267;52,40232
25040;200690;11;3;3030406;2019;10;13;5;3;5;3;0;1;1;0;0;0;0;0;803225,2649;5838029,16;13,479;52,60745
25041;200691;11;9;9010201;2019;10;15;5;2;6;7;0;0;1;1;0;0;0;0;803509,3058;5824119,129;13,47047;52,48262
25042;200692;11;4;4030828;2019;10;15;5;2;3;6;0;1;1;0;0;0;0;0;792860,5913;5826142,195;13,31589;52,50658
25043;200693;11;10;10010308;2019;10;10;5;3;3;6;0;0;1;0;0;1;0;0;807607,956;5830678,905;13,5367;52,53912
25044;200694;11;4;4041137;2019;10;16;4;3;5;2;0;1;1;0;0;0;0;1;790967,8749;5823011,108;13,28535;52,47952
25045;200695;11;9;9010202;2019;10;6;5;3;5;7;2;0;1;0;0;0;0;1;804667,3622;5823483,469;13,48689;52,47628
25046;200696;11;4;4030623;2019;10;8;2;3;6;4;0;0;1;1;0;0;0;0;793493,862;5826491,535;13,3255;52,50937
25047;200697;11;1;1044102;2019;10;23;5;3;1;5;2;0;1;0;0;1;0;0;794859,4115;5831985,521;13,35044;52,55788
25048;200698;11;12;12103218;2019;11;15;7;3;5;7;0;0;1;0;0;0;0;1;793664,9933;5832607,627;13,33342;52,5641
25049;200699;11;12;12301203;2019;10;21;7;2;4;6;2;0;1;0;0;0;0;0;792945,0578;5835345,391;13,32525;52,58903
25050;200700;11;2;2020203;2019;10;0;3;3;0;3;2;1;0;0;1;0;0;1;797540,6837;5824968,729;13,3836;52,49352
25051;200701;11;3;3050924;2019;11;10;6;3;5;7;0;1;1;0;0;0;0;0;801631,262;5831292,173;13,4494;52,54796
25052;200702;11;2;2020203;2019;10;14;6;3;1;5;0;0;1;0;1;0;0;0;797602,4728;5824020,433;13,38366;52,48499
25053;200703;11;12;12302211;2019;10;17;2;2;6;2;2;0;1;1;0;0;0;1;793556,0295;5836912,148;13,33563;52,60275
25054;200704;11;1;1011102;2019;10;12;5;3;3;6;0;0;1;0;1;0;0;0;795255,2403;5827309,031;13,35211;52,51574
25055;200705;11;2;2010103;2019;10;1;1;2;5;3;2;0;1;0;0;0;0;0;799148,0138;5825786,315;13,40794;52,49997
25056;200706;11;4;4051448;2019;10;16;4;3;1;1;0;1;1;0;0;0;0;1;794187,5407;5824946,116;13,33433;52,49514
25057;200707;11;3;3020307;2019;11;18;6;3;5;2;2;1;1;0;0;0;0;0;800148,8953;5837867,431;13,43356;52,60771
25058;200708;11;3;3071639;2019;10;0;7;2;0;1;2;0;0;0;0;0;1;0;800956,5757;5829213,349;13,4376;52,5297
25059;200709;11;7;7050505;2019;10;10;3;3;2;6;0;0;1;0;0;0;0;0;799152,8495;5819065,035;13,40198;52,43972
25060;200710;11;6;6040806;2019;11;16;6;3;0;6;1;0;0;0;0;0;1;1;789355,3484;5819226,286;13,25839;52,44644
25061;200711;11;4;4030930;2019;10;19;6;3;5;7;2;0;1;0;0;0;0;0;792865,3402;5825527,278;13,31542;52,50106
25062;200712;11;4;4030417;2019;10;11;3;3;5;2;0;0;1;0;1;0;0;0;791783,584;5827061,712;13,30088;52,5154
25063;200713;11;5;5020626;2019;11;9;6;3;2;6;0;0;1;0;1;0;0;0;785065,487;5827598,676;13,2026;52,52376
25064;200714;11;4;4030828;2019;10;23;6;3;1;5;2;1;1;0;0;0;1;0;793192,8007;5826095,453;13,32073;52,50598
25065;200715;11;4;4030622;2019;10;16;2;3;2;6;1;0;1;0;0;0;0;1;792749,4254;5826850,985;13,31488;52,51299
25066;200716;11;4;4020310;2019;10;10;5;3;5;2;0;0;1;0;0;0;0;0;790367,8256;5827304,28;13,28028;52,51833
25067;200717;11;12;12103218;2019;10;18;1;3;1;5;2;0;1;0;0;0;0;0;794080,1111;5832881,644;13,33977;52,56633
25068;200718;11;4;4020311;2019;10;13;4;3;5;3;0;0;1;0;1;0;0;0;789594,7378;5826764,453;13,26845;52,5139
25069;200719;11;1;1022104;2019;11;20;6;2;6;4;2;0;1;1;0;0;0;1;793722,8612;5828499,919;13,33064;52,52725
25070;200720;11;2;2010102;2019;10;13;7;2;1;5;0;1;1;0;0;0;0;0;798291,3152;5825672,62;13,39525;52,49942
25071;200721;11;2;2020203;2019;10;7;3;3;0;7;1;0;0;0;1;0;0;1;797111,4904;5824745,129;13,37709;52,49175
25072;200722;11;8;8010510;2019;10;10;6;3;2;6;0;0;1;0;0;1;0;0;802056,6529;5822123,546;13,44734;52,46554
25073;200723;11;10;10040830;2019;10;18;5;3;5;3;2;1;0;0;0;0;1;1;810639,8182;5826003,194;13,57689;52,4955
25074;200724;11;1;1044102;2019;10;12;6;3;0;2;0;1;1;0;0;0;0;0;795860,551;5832062,544;13,36523;52,55803
25075;200725;11;4;4020209;2019;10;7;2;3;2;6;0;1;1;0;0;0;0;0;789504,5482;5825149,176;13,26572;52,49946
25076;200726;11;10;10010309;2019;10;18;5;3;6;4;2;0;1;1;0;0;0;0;807934,85;5829268,787;13,5402;52,5263
25077;200727;11;8;8041039;2019;11;21;7;3;6;2;2;0;1;1;0;0;0;1;806497,4522;5815419,516;13,50636;52,40299
25078;200728;11;1;1011302;2019;10;16;7;3;6;4;0;1;0;1;0;0;0;0;798016,8831;5828889,664;13,3941;52,52841
25079;200729;11;1;1044103;2019;10;18;2;2;0;1;2;0;0;0;1;0;0;1;794490,3807;5830681,135;13,34386;52,54639
25080;200730;11;8;2020206;2019;10;19;5;3;6;4;2;0;1;1;0;0;0;0;800375,0484;5824520,516;13,42482;52,48795
25081;200731;11;11;11030720;2019;11;8;7;2;3;6;0;0;0;0;1;0;1;1;805018,5994;5829961,172;13,49798;52,53414
25082;200732;11;3;3010102;2019;10;17;7;3;2;4;2;0;1;1;0;0;0;0;805360,0371;5841928,744;13,51403;52,64121
25083;200733;11;1;1033101;2019;10;10;4;3;2;2;0;0;1;0;0;0;0;0;796165,1434;5832275,698;13,3699;52,55977
25084;200734;11;12;12301204;2019;10;8;4;2;5;2;0;0;1;0;0;0;0;0;792646,8471;5835833,999;13,32129;52,59357
25085;200735;11;1;1011201;2019;11;17;6;2;5;3;2;1;1;0;0;0;0;1;796955,3758;5826855,715;13,37668;52,51076
25086;200736;11;2;2010102;2019;10;18;6;3;1;5;2;1;1;0;0;0;0;0;797992,2933;5826474,921;13,39158;52,50678
25087;200737;11;9;9051901;2019;10;11;3;2;6;4;0;0;0;1;0;1;0;0;811007,8645;5821782,643;13,57836;52,45747
25088;200738;11;1;1044201;2019;10;15;5;3;6;7;0;0;1;1;0;0;0;0;795591,1786;5830809,248;13,36016;52,54694
25089;200739;11;3;3020209;2019;10;12;6;3;2;6;0;0;1;0;0;0;0;0;798054,6107;5835828,995;13,40089;52,59059
25090;200740;11;11;11040926;2019;10;8;2;3;6;4;0;0;1;1;0;0;0;0;806440,4184;5826889,92;13,51605;52,50582