;OBJECTID;LAND;BEZ;LOR;UJAHR;UMONAT;USTUNDE;UWOCHENTAG;UKATEGORIE;UART;UTYP1;ULICHTVERH;IstRad;IstPKW;IstFuss;IstKrad;IstGkfz;IstSonstige;USTRZUSTAND;LINREFX;LINREFY;XGCSWGS84;YGCSWGS84
25715;201365;11;9;9020701;2019;11;12;4;3;5;3;0;0;1;0;0;0;0;1;807818,2944;5818416,066;13,52847;52,4291
25716;201366;11;7;7060604;2019;11;11;4;3;9;1;0;0;1;0;0;0;0;1;797581,119;5815565,231;13,37581;52,40921
25717;201367;11;8;8010404;2019;11;10;4;3;2;6;0;1;1;0;0;0;0;1;802439,0736;5823196,956;13,45392;52,47495
25718;201368;11;1;1011202;2019;11;10;4;2;2;6;0;1;1;0;0;0;0;1;797529,2153;5827586,68;13,38577;52,517
25719;201369;11;2;2050802;2019;11;10;4;3;5;7;0;1;1;0;0;0;0;1;802887,7992;5826678,811;13,46367;52,50591
25720;201370;11;8;8010301;2019;11;10;4;3;0;6;0;0;1;0;1;0;0;1;801628,0099;5824130,121;13,44286;52,48376
25721;201371;11;7;7050505;2019;11;9;4;3;4;7;0;1;0;0;0;0;0;0;799073,3551;5818818,691;13,40059;52,43756
25722;201372;11;11;11020514;2019;11;9;4;3;6;4;0;0;1;1;0;0;0;1;804188,8522;5830668,246;13,48643;52,54094
25723;201373;11;5;5010101;2019;11;8;4;3;0;1;0;0;0;0;1;0;0;1;785185,9736;5831351,745;13,2076;52,55735
25724;201374;11;4;4020313;2019;11;8;4;2;6;4;0;0;0;1;1;0;0;1;790335,9028;5826677,885;13,27927;52,51273
25725;201375;11;4;4051446;2019;11;8;4;2;6;2;0;0;0;1;0;1;0;1;792830,7101;5824334,191;13,31386;52,49038
25726;201376;11;4;4030827;2019;11;8;4;3;2;6;0;0;1;0;0;0;0;1;792015,3363;5825978,74;13,30333;52,50556
25727;201377;11;4;4030621;2019;11;6;4;3;6;4;1;0;1;1;0;0;0;1;794162,1609;5827016,237;13,33579;52,51371
25728;201378;11;6;6030610;2019;11;7;4;2;5;2;0;1;1;0;0;0;0;1;792761,353;5817958,289;13,30725;52,43326
25729;201379;11;7;7060604;2019;11;7;4;3;3;6;2;0;1;0;0;1;0;1;797357,2763;5815535,572;13,37251;52,40907
25730;201380;11;4;4030518;2019;11;7;4;3;5;2;0;0;1;0;0;0;1;1;791475,4752;5828279,733;13,29742;52,52648
25731;201381;11;9;9010302;2019;11;16;4;2;5;3;2;1;1;0;0;0;0;0;805033,9719;5820664,822;13,4897;52,45081
25732;201382;11;4;4030931;2019;11;15;4;3;6;4;1;1;0;1;0;0;0;0;793942,3317;5825896,636;13,33157;52,50379
25733;201383;11;12;12214527;2019;11;14;4;3;0;1;0;0;1;0;1;0;0;1;790554,811;5834541,909;13,28936;52,58311
25734;201384;11;11;11020514;2019;11;14;4;3;6;4;0;0;0;1;0;0;1;1;804591,754;5831059,06;13,49271;52,54422
25735;201385;11;8;8020727;2019;11;13;4;3;4;6;0;0;1;0;0;0;0;1;801297,0415;5817483,584;13,432;52,42437
25736;201386;11;5;5020523;2019;11;7;4;3;5;2;0;0;1;0;1;0;0;1;782233,6755;5827613,418;13,16099;52,52537
25737;201387;11;4;4030931;2019;11;7;4;3;0;3;1;1;1;0;0;0;0;1;794552,6692;5826005,746;13,34063;52,50444
25738;201388;11;4;4030415;2019;11;6;4;3;6;2;2;0;1;1;0;0;0;1;790787,13;5827381,817;13,28651;52,5188
25739;201389;11;1;1011302;2019;11;9;4;3;3;6;0;1;1;0;0;0;0;1;798270,6094;5828838,563;13,39778;52,52781
25740;201390;11;5;5030731;2019;11;6;4;3;7;7;2;1;0;0;0;0;0;1;787852,6913;5829367,507;13,2451;52,53816
25741;201391;11;1;1033203;2019;11;5;4;2;5;2;2;1;1;0;0;0;0;1;796624,0888;5829798,597;13,37444;52,53732
25742;201392;11;1;1011402;2019;11;4;4;3;0;1;2;0;0;0;0;0;1;1;798667,9164;5829439,915;13,40416;52,53299
25743;201393;11;3;3071537;2019;11;13;3;3;6;4;0;0;1;1;0;0;0;1;799478,3364;5829106,72;13,41578;52,52956
25744;201394;11;1;1033102;2019;11;22;3;3;5;2;2;0;1;0;0;0;1;1;796989,1207;5831491,733;13,38132;52,5523
25745;201395;11;1;1011302;2019;11;22;3;2;6;4;2;0;0;1;1;0;0;1;798027,7951;5828916,918;13,39429;52,52865
25746;201396;11;4;4030518;2019;11;23;3;3;2;6;2;0;1;0;0;0;0;1;791525,4013;5828059,33;13,29796;52,52448
25747;201397;11;11;11010103;2019;11;21;3;3;5;3;2;1;1;0;0;0;0;1;807997,922;5833894,418;13,54541;52,56772
25748;201398;11;7;7040406;2019;11;19;3;3;1;5;2;0;1;0;0;0;1;0;800203,122;5821228,524;13,41933;52,45854
25749;201399;11;1;1011202;2019;11;19;3;3;6;7;2;0;1;1;0;0;0;1;797677,2795;5827911,846;13,38824;52,51983
25750;201400;11;5;5010206;2019;11;19;3;3;6;2;2;0;1;1;0;0;0;1;781830,8224;5830216,768;13,15727;52,54892
25751;201401;11;7;7020203;2019;11;20;3;2;6;2;2;0;1;1;0;0;0;1;795383,5339;5824017,92;13,35107;52,48617
25752;201402;11;3;3061126;2019;11;18;3;3;6;4;2;0;1;1;0;0;0;1;798431,721;5831801,412;13,40281;52,55428
25753;201403;11;10;10010204;2019;11;17;3;3;2;6;2;0;1;0;0;0;0;0;809333,0434;5832727,959;13,56396;52,55651
25754;201404;11;7;7040403;2019;11;17;3;3;6;2;2;0;1;1;0;0;0;0;797290,3461;5821379,545;13,37672;52,46149
25755;201405;11;8;8020622;2019;11;17;3;2;6;4;1;0;1;1;0;0;0;0;802381,5316;5819176,281;13,44944;52,43895
25756;201406;11;8;8020620;2019;11;16;3;3;2;6;2;0;1;0;0;1;0;0;800566,0819;5820560,307;13,42405;52,45235
25757;201407;11;11;11041022;2019;11;16;3;3;5;2;2;1;1;0;0;0;0;0;806577,5673;5827759,133;13,51886;52,51353
25758;201408;11;4;4020310;2019;11;15;3;3;5;2;0;0;1;0;0;0;1;0;790068,3567;5827332,837;13,27591;52,51874
25759;201409;11;4;4030623;2019;11;14;3;3;5;3;0;1;1;0;0;0;0;0;793687,2508;5826349,208;13,32822;52,50799
25760;201410;11;5;5010314;2019;11;15;3;2;0;4;1;0;0;1;1;0;0;0;785050,8371;5829397,024;13,20393;52,5399
25761;201411;11;7;7070704;2019;11;19;3;2;1;7;2;0;1;0;0;0;0;0;800596,2101;5814147,322;13,41873;52,39485
25762;201412;11;7;7020203;2019;11;14;3;3;5;7;0;0;1;0;0;0;0;0;795878,778;5824525,617;13,3588;52,49046
25763;201413;11;9;9041401;2019;11;14;3;3;2;6;0;0;1;0;0;0;0;0;812035,6125;5820032,99;13,5918;52,4412
25764;201414;11;4;4010102;2019;11;14;3;3;5;2;0;0;1;0;0;0;0;0;793341,4269;5829716,178;13,32611;52,53836
25765;201415;11;4;4010101;2019;11;15;3;3;2;6;0;0;1;0;0;0;0;0;791251,6529;5829731,114;13,2954;52,53961
25766;201416;11;1;1033203;2019;11;11;3;3;1;5;0;0;1;0;0;0;0;0;796436,2411;5830101,442;13,37195;52,54014
25767;201417;11;11;11030720;2019;11;11;3;3;2;6;0;0;1;0;0;0;0;0;804934,7984;5829954,273;13,49674;52,53413
25768;201418;11;7;7040403;2019;11;9;3;3;1;5;0;1;1;0;0;0;0;0;796976,501;5820982,142;13,37176;52,4581
25769;201419;11;9;9020802;2019;11;10;3;2;6;7;0;0;1;1;0;0;0;0;810378,0267;5820333,648;13,56778;52,44484
25770;201420;11;2;2050601;2019;11;6;3;3;5;2;2;1;1;0;0;0;0;0;801950,5779;5829055,516;13,45206;52,52773
25771;201421;11;8;8010510;2019;11;9;3;3;5;3;0;0;1;0;0;0;1;0;802234,4112;5822478,782;13,45027;52,46863
25772;201422;11;8;8010404;2019;11;9;3;3;0;7;0;0;1;0;0;0;0;0;801749,0313;5822595,309;13,44325;52,46994
25773;201423;11;4;4051446;2019;11;8;3;3;5;2;0;1;1;0;0;0;0;0;792948,3233;5825292,443;13,31643;52,49891
25774;201424;11;1;1011402;2019;11;8;3;3;5;3;0;1;1;0;0;0;0;0;798815,7773;5829376,955;13,40628;52,53234
25775;201425;11;7;7040405;2019;11;8;3;3;5;3;0;0;1;0;0;0;0;0;798284,7479;5820981,802;13,39096;52,45738
25776;201426;11;9;9010401;2019;11;7;3;3;2;2;0;1;1;0;0;0;0;1;806152,0595;5820168,516;13,50564;52,44574
25777;201427;11;2;2030402;2019;11;7;3;3;8;1;1;1;0;0;0;0;0;1;801435,8948;5825665,59;13,44143;52,49763
25778;201428;11;3;3030715;2019;11;7;3;2;6;2;0;0;0;1;0;1;0;0;800840,2585;5833477,497;13,43975;52,56798
25779;201429;11;5;5010314;2019;11;8;2;3;5;2;0;1;1;0;0;0;0;0;785043,8548;5829397,788;13,20383;52,53991
25780;201430;11;8;8020625;2019;11;17;2;3;6;2;2;0;1;1;0;0;0;1;801392,3592;5819274,678;13,43502;52,44037
25781;201431;11;9;9031001;2019;11;18;2;3;5;2;2;1;0;0;0;1;0;1;808820,4374;5814861,534;13,53988;52,39668
25782;201432;11;4;4051655;2019;11;18;2;3;2;7;2;0;1;0;0;0;0;1;793897,6156;5823106,64;13,32845;52,47881
25783;201433;11;1;1022206;2019;11;17;2;3;0;1;2;1;0;0;0;0;0;1;795485,3498;5827928,011;13,35604;52,52117
25784;201434;11;6;6040810;2019;11;16;2;3;5;3;2;0;1;0;0;0;0;1;790544,6683;5820806,461;13,27722;52,45998
25785;201435;11;3;3061126;2019;11;17;2;3;5;2;2;1;1;0;0;0;0;1;798652,4323;5831486,952;13,40578;52,55134
25786;201436;11;2;2050802;2019;11;18;2;3;0;7;2;1;0;0;0;0;0;0;802333,6273;5827096,643;13,45591;52,50996
25787;201437;11;1;1011301;2019;11;16;2;3;6;2;1;0;1;1;0;0;0;1;796671,5017;5828256,215;13,37376;52,52347
25788;201438;11;12;12103117;2019;11;16;2;3;6;6;2;0;1;1;0;0;0;1;796680,2267;5832831,898;13,37798;52,56448
25789;201439;11;11;11030618;2019;11;16;2;3;0;3;2;0;1;0;0;0;1;1;802949,8521;5829190,496;13,46687;52,52839
25790;201440;11;4;4051448;2019;11;17;2;3;5;3;2;0;1;0;0;0;0;1;794157,6106;5825333,357;13,33423;52,49863
25791;201441;11;9;9030901;2019;11;17;2;2;6;4;2;0;1;1;0;0;0;1;807558,5802;5815389,046;13,52188;52,40212
25792;201442;11;10;10010309;2019;11;15;2;3;5;2;0;1;1;0;0;0;0;1;807911,9759;5830177,709;13,5407;52,53446
25793;201443;11;1;1011202;2019;11;17;2;3;6;4;2;1;0;1;0;0;0;1;797133,6846;5827775,028;13,38012;52,5189
25794;201444;11;2;2040701;2019;11;15;2;3;5;3;0;1;0;0;0;0;1;1;800580,2547;5827008,28;13,43008;52,51014
25795;201445;11;3;3020209;2019;11;13;2;2;5;3;1;1;1;0;0;0;0;1;798342,175;5834830,075;13,40422;52,58148
25796;201446;11;7;7040401;2019;11;17;2;2;6;2;2;0;1;1;0;0;0;1;798342,1013;5823947,405;13,39445;52,48393
25797;201447;11;12;12304314;2019;11;13;2;3;5;3;0;0;1;0;0;0;0;1;791240,003;5836664,237;13,30131;52,60177
25798;201448;11;4;4051551;2019;11;13;2;3;2;3;0;1;1;0;0;0;0;1;793093,0227;5822997,539;13,31654;52,47826
25799;201449;11;5;5020627;2019;11;17;2;3;2;6;2;0;1;0;0;0;1;1;785139,2184;5828332,419;13,20432;52,5303
25800;201450;11;12;12302211;2019;11;17;2;3;6;2;2;0;0;1;0;0;1;1;792920,4925;5837069,227;13,32642;52,6045
25801;201451;11;12;12214422;2019;11;12;2;2;5;2;0;1;0;0;0;1;0;0;792185,4295;5832956,495;13,31197;52,56803
25802;201452;11;10;10040931;2019;11;19;2;3;1;5;2;0;1;0;1;0;0;1;813204,3675;5828907,529;13,61728;52,52006
25803;201453;11;1;1022106;2019;11;12;2;2;5;2;0;0;1;0;1;0;0;1;794556,4402;5828348,398;13,34276;52,52544
25804;201454;11;1;1011302;2019;11;19;2;3;2;6;2;0;1;0;1;0;0;1;798603,1404;5829069,096;13,40288;52,5297
25805;201455;11;4;4010101;2019;11;10;2;3;5;2;0;0;1;0;0;0;1;1;791287,883;5830670,435;13,29675;52,54801
25806;201456;11;5;5020521;2019;11;9;2;2;5;2;0;0;1;0;0;0;0;0;780070,8961;5827690,35;13,12926;52,52717
25807;201457;11;6;6010207;2019;11;9;2;3;2;2;0;0;1;0;0;0;0;1;794267,9047;5820262,018;13,33138;52,45311
25808;201458;11;3;3040614;2019;11;9;2;3;6;4;0;0;1;1;0;0;0;0;797873,8896;5833063,372;13,39574;52,5659
25809;201459;11;9;9020601;2019;11;8;2;2;6;4;0;0;1;1;0;0;0;1;806506,016;5821467,725;13,51203;52,45719
25810;201460;11;9;9051901;2019;11;8;2;3;5;2;0;1;1;0;0;0;0;1;810475,9952;5821194,308;13,57001;52,4525
25811;201461;11;1;1022104;2019;11;8;2;3;5;2;0;1;0;0;0;0;1;0;794542,7963;5829072,984;13,3432;52,53194
25812;201462;11;1;1011301;2019;11;8;2;3;0;1;0;1;0;0;0;0;0;1;797303,9626;5829025,118;13,38374;52,53001
25813;201463;11;7;7050501;2019;11;7;2;3;2;6;0;0;1;0;1;0;0;1;797121,2908;5819459,109;13,37253;52,44436
25814;201464;11;8;8010301;2019;11;7;2;3;1;5;0;1;1;0;0;0;1;1;800997,5171;5824808,742;13,43422;52,4902
25815;201465;11;6;6020409;2019;11;7;2;3;6;4;0;0;1;1;0;0;0;1;793806,638;5818010,137;13,32263;52,43317
25816;201466;11;12;12214125;2019;11;6;2;2;5;2;2;0;1;0;0;0;1;1;792614,3976;5832068,916;13,31749;52,55984
25817;201467;11;2;2040703;2019;11;16;1;2;6;4;2;0;1;1;0;0;0;1;801413,899;5826411,347;13,44178;52,50433
25818;201468;11;12;12103219;2019;11;15;1;3;0;3;0;0;1;0;1;0;0;1;795225,1057;5832472,284;13,35625;52,56205
25819;201469;11;3;3050925;2019;11;15;1;3;5;3;0;1;1;0;0;0;0;1;802703,2938;5831775,814;13,4656;52,5517
25820;201470;11;9;9020802;2019;11;14;1;3;1;7;0;1;0;0;0;0;1;1;810692,847;5819595,206;13,57171;52,43804
25821;201471;11;9;9051801;2019;11;13;1;3;0;7;0;0;0;0;1;0;0;1;821418,6346;5819147,139;13,72853;52,42783
25822;201472;11;2;2010101;2019;11;10;1;3;5;3;0;0;1;0;0;0;0;1;797592,1078;5825950,103;13,38523;52,50229
25823;201473;11;6;6030504;2019;11;9;1;3;5;3;0;0;1;0;0;0;0;1;789600,3742;5817095,781;13,26014;52,42721
25824;201474;11;12;12231101;2019;11;8;1;3;5;3;0;0;1;0;1;0;0;1;792121,0396;5838486,812;13,3159;52,61764
25825;201475;11;8;8010118;2019;11;17;1;2;6;4;2;0;1;1;0;0;0;1;800517,2792;5822031,778;13,42466;52,46557
25826;201476;11;2;2020203;2019;11;2;1;3;1;5;2;1;1;0;0;0;0;0;797105,5454;5824371,178;13,37667;52,48841
25827;201477;11;1;1033102;2019;11;23;1;3;5;3;2;0;1;0;0;0;0;1;797168,9172;5831918,629;13,38435;52,55603
25828;201478;11;12;12301203;2019;11;6;1;3;8;1;2;0;1;0;0;0;0;1;793155,2306;5835888,465;13,32883;52,59379
25829;201479;11;11;11040925;2019;11;21;1;3;4;1;2;0;1;0;0;0;0;1;803447,7862;5826640,274;13,47186;52,50525
25830;201480;11;3;3061228;2019;11;20;1;3;5;2;2;1;1;0;0;0;0;1;800291,9274;5831596,393;13,42998;52,55142
25831;201481;11;8;8020726;2019;11;20;1;2;6;3;2;0;1;1;0;0;0;1;799592,9784;5816418,451;13,40607;52,41576
25832;201482;11;8;8010117;2019;11;17;1;3;6;4;2;0;1;1;0;0;0;1;800470,4354;5823610,849;13,4254;52,47975
25833;201483;11;9;9010301;2019;11;17;1;2;5;2;2;0;1;0;0;0;0;1;805016,7916;5822703,753;13,49131;52,4691
25834;201484;11;7;7020203;2019;11;15;1;3;1;7;1;0;1;0;0;0;1;1;795507,301;5823842,732;13,35274;52,48454
25835;201485;11;12;12301206;2019;11;7;1;3;9;1;2;0;1;0;0;0;0;1;794727,227;5838578,838;13,35436;52,61705
25836;201486;11;2;2010102;2019;11;5;7;3;5;3;2;0;1;0;0;0;0;1;798213,2961;5826240,774;13,39461;52,50456
25837;201487;11;10;10020412;2019;11;14;7;3;5;2;0;0;1;0;0;0;0;0;811351,1369;5831956,271;13,59291;52,54844
25838;201488;11;8;8010117;2019;11;22;7;3;2;6;2;0;1;0;0;0;0;0;800596,702;5823190,784;13,42687;52,47591
25839;201489;11;6;6030608;2019;11;19;7;3;6;2;2;0;1;1;0;0;0;0;792760,9856;5817474,72;13,30682;52,42893
25840;201490;11;2;2010103;2019;11;18;7;3;2;6;2;0;1;0;0;0;0;0;799704,3009;5825792,791;13,41611;52,49973
25841;201491;11;1;1033203;2019;11;18;7;3;2;6;2;0;1;0;0;0;0;0;796900,6599;5831389,635;13,37993;52,55143
25842;201492;11;1;1044103;2019;11;14;7;3;5;2;0;0;1;0;0;0;0;1;794506,9306;5830649,916;13,34407;52,5461
25843;201493;11;1;1011301;2019;11;0;7;2;1;5;2;0;1;0;0;0;1;0;797534,4732;5828459,259;13,38663;52,52482
25844;201494;11;5;5020419;2019;11;9;7;3;5;2;0;0;1;0;0;0;0;1;781304,426;5828384,764;13,14798;52,53277
25845;201495;11;10;10010308;2019;11;7;7;3;0;1;2;0;0;0;1;0;0;1;806477,2319;5830220,046;13,51966;52,53564
25846;201496;11;6;6020409;2019;11;6;7;3;5;3;2;1;1;0;0;0;0;1;793658,7237;5817265,071;13,31981;52,42657
25847;201497;11;7;7030303;2019;11;20;7;3;2;6;2;0;1;0;0;0;0;0;794662,995;5821785,936;13,33852;52,46655
25848;201498;11;6;6040809;2019;11;5;7;2;9;1;2;0;1;1;0;0;0;0;791275,564;5819857,489;13,28712;52,45108
25849;201499;11;2;2020203;2019;11;20;7;3;5;2;2;0;1;0;0;0;0;0;797824,2355;5824931,06;13,38773;52,49303
25850;201500;11;3;3040614;2019;11;19;7;3;0;3;2;0;1;0;1;0;0;0;797781,008;5832958,85;13,39428;52,56501
25851;201501;11;2;2040703;2019;11;18;7;3;2;6;2;0;1;0;0;0;0;0;801708,1062;5826161,843;13,44588;52,50193
25852;201502;11;9;9010202;2019;11;13;7;3;5;2;0;0;1;0;0;0;0;0;803992,4256;5823070,491;13,47661;52,47296
25853;201503;11;4;4051655;2019;11;13;7;3;5;7;0;0;1;0;0;0;0;0;794159,0114;5824046,89;13,33312;52,48709
25854;201504;11;4;4041238;2019;11;12;7;3;6;7;0;0;1;1;0;0;0;0;791058,023;5823011,514;13,28667;52,47947
25855;201505;11;1;1011303;2019;11;2;7;3;0;2;2;0;1;0;0;0;0;0;799479,819;5828830,293;13,41555;52,52708
25856;201506;11;11;11030619;2019;11;12;7;3;2;6;0;0;1;0;0;0;0;1;804099,477;5829827,462;13,48435;52,53346
25857;201507;11;1;1044103;2019;11;10;7;2;0;5;0;0;1;0;1;0;0;1;795027,6977;5830902,193;13,35195;52,54808
25858;201508;11;1;1022104;2019;11;11;6;3;6;4;0;0;1;1;0;0;0;0;794275,1147;5829266,55;13,33944;52,53382
25859;201509;11;2;2020206;2019;11;22;6;3;0;3;2;1;1;0;0;0;0;0;799611,2535;5824523,314;13,4136;52,4884
25860;201510;11;11;11020515;2019;11;7;6;3;6;4;2;0;1;1;0;0;0;1;804725,5632;5830609,271;13,49427;52,54011
25861;201511;11;7;7030301;2019;11;19;6;3;5;2;2;1;1;0;0;0;0;0;793990,631;5821564,091;13,32846;52,46493
25862;201512;11;4;4051448;2019;11;17;6;3;0;5;2;1;1;0;0;0;0;0;794003,2069;5825127,668;13,33178;52,49687
25863;201513;11;12;12214424;2019;11;17;6;3;2;6;2;0;1;0;0;0;0;0;793510,5798;5832412,683;13,33098;52,56244
25864;201514;11;1;1011201;2019;11;13;1;3;5;3;0;0;1;0;1;0;0;0;796970,231;5826857,932;13,3769;52,51077
25865;201515;11;11;11041027;2019;11;12;1;3;5;3;0;1;1;0;0;0;0;0;807403,6923;5827435,602;13,5307;52,51017
25866;201516;11;7;7040401;2019;11;17;6;3;3;6;2;0;1;0;0;1;0;0;797283,2637;5822715,262;13,37781;52,47346
25867;201517;11;4;4020313;2019;11;12;1;3;3;6;0;0;1;0;0;0;1;0;790466,7463;5826727,737;13,28123;52,5131
25868;201518;11;4;4020310;2019;11;16;6;3;2;6;0;0;1;0;0;0;1;0;789728,3592;5827431,812;13,271;52,51981
25869;201519;11;7;7020203;2019;11;11;1;3;0;5;0;1;1;0;0;0;0;0;795998,9348;5824088,127;13,36017;52,48647
25870;201520;11;3;3030406;2019;11;10;1;3;5;3;0;0;1;0;0;0;0;0;802876,5307;5838280,708;13,47409;52,6099
25871;201521;11;1;1033202;2019;11;16;6;3;0;1;0;1;0;0;0;0;0;1;796973,2246;5830136,228;13,37988;52,54015
25872;201522;11;4;4010101;2019;11;1;1;3;1;1;2;0;1;0;0;0;0;0;790964,5082;5829482,828;13,29096;52,53754
25873;201523;11;4;4041241;2019;11;16;1;3;6;2;2;0;1;1;0;0;0;0;791918,8202;5822381,672;13,29876;52,47337
25874;201524;11;9;9020802;2019;11;2;1;3;0;1;2;1;0;0;0;0;0;1;809832,0395;5820239,525;13,55968;52,44431
25875;201525;11;2;2040701;2019;11;14;6;3;5;3;0;1;1;0;0;0;0;0;801242,6851;5827686,68;13,44042;52,51586
25876;201526;11;3;3050919;2019;11;14;6;3;5;3;0;1;1;0;0;0;0;0;801007,2546;5832192,395;13,44104;52,55637
25877;201527;11;7;7050501;2019;11;19;1;2;6;4;2;0;1;1;0;0;0;0;797232,4115;5818631,57;13,37343;52,43689
25878;201528;11;1;1022204;2019;11;17;1;3;0;1;2;0;0;0;0;0;1;0;795321,1725;5828215,851;13,35388;52,52384
25879;201529;11;10;10030724;2019;11;15;6;2;5;3;0;1;1;0;0;0;0;0;808914,2209;5828162,46;13,55356;52,51583
25880;201530;11;11;11030720;2019;11;17;7;3;2;6;2;0;1;0;0;0;0;0;805990,8302;5830120,47;13,51242;52,53502
25881;201531;11;1;1011301;2019;11;17;7;2;0;1;2;1;0;0;0;0;0;0;796989,6182;5828921,424;13,37903;52,52926
25882;201532;11;7;7060604;2019;11;15;6;3;5;3;1;0;1;0;0;0;0;0;797652,3845;5815482,483;13,37678;52,40843
25883;201533;11;4;4030724;2019;11;14;6;3;5;3;0;0;1;0;0;0;0;0;790793,499;5826011,639;13,28541;52,50651
25884;201534;11;1;1044103;2019;11;15;7;3;6;4;0;0;1;1;0;0;0;0;794839,0343;5830601,188;13,34891;52,54548
25885;201535;11;11;11030619;2019;11;13;7;3;2;6;0;0;1;0;0;0;0;0;804246,8065;5828708,479;13,48549;52,52335
25886;201536;11;3;3061227;2019;11;14;6;3;2;6;0;0;1;0;0;0;0;0;799375,6633;5831789,829;13,41668;52,55366
25887;201537;11;2;2040703;2019;11;14;6;3;2;2;0;0;0;0;1;0;1;0;800925,8289;5826867,148;13,43502;52,50868
25888;201538;11;3;3050925;2019;11;12;7;3;0;5;0;0;1;0;0;0;0;0;802659,8456;5831603,916;13,46481;52,55018
25889;201539;11;7;7060604;2019;11;12;7;3;3;6;0;1;1;0;0;0;0;0;796038,54;5815367,612;13,35303;52,40827
25890;201540;11;11;11030721;2019;11;22;7;3;0;2;2;1;1;0;0;0;0;0;805170,5463;5827714,537;13,49815;52,51392
25891;201541;11;7;7040401;2019;11;12;6;3;6;7;0;0;1;1;0;0;0;0;798742,2845;5823946,892;13,40033;52,48371
25892;201542;11;10;10010311;2019;11;20;7;2;6;4;2;0;1;1;0;0;0;0;810330,6144;5831826,811;13,57779;52,54786
25893;201543;11;4;4030620;2019;11;14;6;3;0;7;0;1;1;0;0;0;0;0;792682,231;5827414,733;13,31439;52,51808
25894;201544;11;1;1033101;2019;11;19;7;3;0;5;2;0;1;0;0;0;0;0;796202,0671;5832318,254;13,37049;52,56013
25895;201545;11;6;6020409;2019;11;20;7;2;4;6;2;0;1;0;0;0;0;0;793509,1143;5817397,784;13,31773;52,42784
25896;201546;11;1;1022102;2019;11;13;6;2;0;6;0;0;1;0;1;0;0;0;793531,5441;5828191,942;13,32756;52,52459
25897;201547;11;10;10020413;2019;11;19;7;3;0;1;2;0;0;0;1;0;0;0;811302,6608;5831243,532;13,59153;52,54208
25898;201548;11;12;12301203;2019;11;10;7;3;2;6;0;0;1;0;0;0;0;0;793455,5948;5836101,883;13,33344;52,59554
25899;201549;11;4;4030415;2019;11;10;7;3;5;2;0;0;1;0;0;0;0;0;791659,4716;5827534,024;13,29947;52,5197
25900;201550;11;11;11020411;2019;11;13;6;3;6;7;0;0;1;1;0;0;0;0;805660,7136;5831946,92;13,50924;52,55158
25901;201551;11;1;1011303;2019;11;13;6;2;0;2;0;1;1;0;0;0;0;0;799108,7869;5828466,04;13,40977;52,52402
25902;201552;11;8;8010211;2019;11;7;7;3;0;1;2;1;0;0;0;0;0;0;800472,7873;5823727,852;13,42554;52,4808
25903;201553;11;11;11020412;2019;11;2;7;3;9;1;2;0;1;0;0;0;0;1;805643,3827;5831768,539;13,50882;52,54999
25904;201554;11;1;1033101;2019;11;12;6;3;0;2;0;1;1;0;0;0;0;0;797709,7892;5832893,588;13,39318;52,56447
25905;201555;11;4;4041241;2019;11;12;6;3;1;5;0;1;1;0;0;0;0;0;792099,5669;5822057,274;13,30113;52,47036
25906;201556;11;12;12302110;2019;11;9;6;3;5;3;0;1;1;0;0;0;0;1;794872,0664;5835831,688;13,35405;52,59235
25907;201557;11;8;8020622;2019;11;17;6;3;6;2;2;0;1;1;0;0;0;0;801265,3413;5819668,016;13,43351;52,44397
25908;201558;11;1;1033203;2019;11;12;6;3;3;6;0;0;1;0;1;0;0;0;796522,5638;5829892,22;13,37303;52,53821
25909;201559;11;12;12214527;2019;11;21;6;3;5;3;2;0;1;0;0;0;0;0;790303,9039;5834952,338;13,28603;52,58693
25910;201560;11;1;1033102;2019;11;20;6;3;6;7;2;0;1;1;0;0;0;0;797722,9681;5831842,192;13,39243;52,55504
25911;201561;11;1;1011305;2019;11;10;6;3;5;5;0;1;0;0;0;0;1;0;799496,9021;5827092,059;13,41424;52,51149
25912;201562;11;5;5010339;2019;11;10;6;3;5;7;0;0;1;0;1;0;0;0;787955,479;5828206,125;13,24561;52,52769
25913;201563;11;8;8020619;2019;11;19;6;3;5;2;2;0;1;0;0;0;0;0;801551,8005;5820650,691;13,4386;52,45262
25914;201564;11;2;2020205;2019;11;23;6;3;0;7;2;1;0;0;0;0;0;0;798827,6493;5824523,636;13,4021;52,48883
25915;201565;11;6;6040809;2019;11;19;6;2;1;7;2;0;1;0;0;0;0;1;791994,4925;5820117,758;13,29789;52,45303
25916;201566;11;3;3071536;2019;11;9;6;3;1;5;0;1;1;0;0;0;0;0;799005,5426;5829155,12;13,40887;52,53025
25917;201567;11;4;4041137;2019;11;19;6;3;3;5;2;0;1;0;1;0;0;1;791369,2041;5823439,941;13,29162;52,48315
25918;201568;11;5;5020417;2019;11;10;6;2;0;7;0;0;1;0;0;0;1;0;782743,611;5828424,266;13,16917;52,53238
25919;201569;11;1;1011202;2019;11;18;6;3;5;2;2;1;1;0;0;0;0;0;797203,928;5827496,81;13,38091;52,51637
25920;201570;11;2;2040701;2019;11;18;6;3;1;5;2;1;1;0;0;0;1;1;800862,6063;5826860,884;13,43409;52,50866
25921;201571;11;9;9010301;2019;11;8;6;3;2;6;0;0;1;0;0;0;0;0;804361,8156;5821762,935;13,48084;52,46103
25922;201572;11;1;1022206;2019;11;8;6;3;5;2;0;0;1;0;0;0;0;0;795953,2321;5828336,411;13,36328;52,52458