;OBJECTID;LAND;BEZ;LOR;UJAHR;UMONAT;USTUNDE;UWOCHENTAG;UKATEGORIE;UART;UTYP1;ULICHTVERH;IstRad;IstPKW;IstFuss;IstKrad;IstGkfz;IstSonstige;USTRZUSTAND;LINREFX;LINREFY;XGCSWGS84;YGCSWGS84
25923;201573;11;3;3050925;2019;11;18;6;3;0;5;2;0;1;0;0;0;0;0;801854,6571;5831260,591;13,45266;52,54755
25924;201574;11;11;11030618;2019;11;6;6;3;0;6;1;0;1;0;1;0;0;0;802728,9727;5829377,741;13,4638;52,53019
25925;201575;11;3;3061131;2019;11;17;6;3;2;6;2;0;1;0;0;0;0;0;799178,028;5830843,983;13,41293;52,54529
25926;201576;11;3;3061126;2019;11;17;6;3;1;5;2;1;1;0;0;0;0;0;799031,2762;5831444,712;13,41131;52,55076
25927;201577;11;3;3050924;2019;11;8;6;3;6;7;0;1;0;1;0;0;0;0;801473,6855;5831873,453;13,44761;52,55325
25928;201578;11;5;5010339;2019;11;6;6;2;6;4;2;0;1;1;0;0;0;0;786377,3654;5828222,617;13,22243;52,52867
25929;201579;11;8;8041035;2019;11;17;6;3;2;6;2;0;1;0;0;0;0;1;804804,0119;5817830,847;13,48374;52,42554
25930;201580;11;5;5020625;2019;11;17;6;2;0;1;2;1;0;0;0;0;0;0;784774,5123;5828598,279;13,19918;52,53288
25931;201581;11;1;1022103;2019;11;8;6;3;3;6;0;0;1;0;0;1;0;0;793636,5507;5829857,457;13,33057;52,53946
25932;201582;11;5;5020522;2019;11;5;6;2;6;4;2;0;0;1;0;0;1;0;781903,2119;5827174,917;13,15576;52,52161
25933;201583;11;9;9010402;2019;11;17;6;3;0;7;2;1;0;0;0;0;0;0;806255,9312;5819251,812;13,50633;52,43747
25934;201584;11;9;9020702;2019;11;17;6;3;6;7;2;0;1;1;0;0;0;0;808265,1386;5819689,981;13,53619;52,44027
25935;201585;11;10;10020413;2019;11;7;6;2;5;3;1;1;1;0;0;0;0;0;811312,7601;5831178,176;13,59162;52,54149
25936;201586;11;10;10030724;2019;11;17;6;3;0;5;2;0;1;0;0;0;0;0;809576,8259;5828347,857;13,56347;52,51711
25937;201587;11;7;7060604;2019;11;16;5;3;6;2;1;0;0;1;0;0;1;0;795802,4421;5816035,174;13,35016;52,41439
25938;201588;11;6;6020411;2019;11;11;6;3;5;3;0;0;1;0;0;0;0;1;794564,577;5816321,257;13,33226;52,41762
25939;201589;11;9;9030901;2019;11;10;6;3;8;7;0;0;1;0;0;0;0;1;809849,657;5816529,373;13,5565;52,41105
25940;201590;11;4;4030931;2019;11;19;5;3;6;7;2;0;0;1;0;0;1;0;794525,9974;5825937,102;13,34018;52,50384
25941;201591;11;12;12103117;2019;11;7;5;3;3;6;2;0;1;0;0;0;0;0;796673,0673;5832743,009;13,37779;52,56369
25942;201592;11;2;2030401;2019;11;16;6;3;1;5;1;1;1;0;0;0;0;0;801092,7663;5824994,766;13,43578;52,49181
25943;201593;11;10;10040932;2019;11;15;6;3;1;5;1;0;1;0;0;0;0;0;813017,5716;5827641,409;13,61334;52,50882
25944;201594;11;12;12231102;2019;11;7;5;3;5;3;0;1;1;0;0;0;0;0;789628,1232;5840182,931;13,28066;52,63418
25945;201595;11;6;6020410;2019;11;9;5;3;6;2;0;0;1;1;0;0;0;0;794979,141;5816232,575;13,33826;52,4166
25946;201596;11;4;4030620;2019;11;15;6;3;5;2;0;0;1;0;0;0;1;0;791859,7009;5827450,362;13,30234;52,51884
25947;201597;11;7;7040401;2019;11;13;6;3;0;6;0;1;1;0;0;0;0;0;797475,6634;5822858,988;13,38076;52,47465
25948;201598;11;4;4030518;2019;11;1;5;3;5;2;2;0;1;0;0;1;0;0;791743,5902;5828604,73;13,30164;52,52925
25949;201599;11;9;9020802;2019;11;19;5;3;4;6;2;0;1;0;0;0;0;0;810694,7062;5819544,714;13,57169;52,43759
25950;201600;11;11;11010310;2019;11;13;6;3;6;4;0;0;1;1;0;0;0;0;805280,5882;5833199,238;13,50481;52,56302
25951;201601;11;2;2050602;2019;11;9;6;3;5;2;0;1;1;0;0;0;0;1;802769,5184;5827688,03;13,46285;52,51502
25952;201602;11;11;11020412;2019;11;9;6;3;5;2;0;0;1;0;0;0;0;0;805836,434;5831865,077;13,51175;52,55075
25953;201603;11;10;10020517;2019;11;19;5;2;1;5;2;0;1;0;0;0;1;0;813072,8657;5830185,282;13,61655;52,53158
25954;201604;11;11;11010310;2019;11;18;5;2;6;4;2;0;0;1;0;0;1;0;805175,1643;5833129,017;13,50319;52,56245
25955;201605;11;3;3061227;2019;11;9;6;3;5;3;0;0;1;0;0;0;0;0;800111,9357;5831694,933;13,42743;52,55241
25956;201606;11;10;10040931;2019;11;13;6;3;5;3;0;0;1;0;0;0;0;0;812925,8633;5828342,647;13,61266;52,51516
25957;201607;11;1;1044201;2019;11;17;5;3;2;6;2;0;1;0;0;0;0;0;796654,216;5831920,005;13,37678;52,55632
25958;201608;11;10;10020413;2019;11;15;5;3;5;3;0;1;1;0;0;0;0;0;811310,0182;5831194,54;13,59159;52,54164
25959;201609;11;1;1033203;2019;11;8;6;3;2;6;0;0;1;0;1;0;0;1;796370,2572;5830089,899;13,37097;52,54007
25960;201610;11;2;2050804;2019;11;7;6;3;0;6;1;0;1;0;1;0;0;1;803168,183;5825761,513;13,46696;52,49753
25961;201611;11;7;7040403;2019;11;15;5;3;5;2;0;1;1;0;0;0;0;0;796845,7709;5821250,566;13,37008;52,46057
25962;201612;11;3;3061227;2019;11;12;6;3;5;3;0;0;1;0;0;0;0;0;800113,2222;5831694,275;13,42744;52,5524
25963;201613;11;8;8041037;2019;11;12;5;2;5;2;0;1;1;0;0;0;0;0;805554,7792;5818554,717;13,49541;52,43161
25964;201614;11;1;1044201;2019;11;6;6;3;2;6;2;0;1;0;0;0;0;1;796460,4982;5831933,819;13,37394;52,55655
25965;201615;11;10;10020414;2019;11;7;6;2;6;2;2;0;1;1;0;0;0;1;812171,1007;5830977,673;13,60404;52,5392
25966;201616;11;7;7070701;2019;11;12;5;2;1;7;0;0;1;0;0;0;0;0;799233,6779;5815020,499;13,39955;52,40343
25967;201617;11;4;4030929;2019;11;12;5;3;2;6;0;0;1;0;0;0;0;0;792712,1887;5825663,112;13,31329;52,50236
25968;201618;11;1;1022103;2019;11;5;6;3;5;2;2;1;0;0;0;1;0;1;793505,2684;5829397,196;13,32824;52,53541
25969;201619;11;8;8010404;2019;11;5;6;3;6;2;2;0;1;1;0;0;0;1;802579,3238;5823086,674;13,45588;52,47389
25970;201620;11;10;10010207;2019;11;11;5;3;3;6;0;0;1;0;0;0;1;0;808426,8021;5831221,625;13,54924;52,54352
25971;201621;11;1;1011304;2019;11;10;5;3;5;7;0;1;1;0;0;0;0;0;799725,6269;5827770,201;13,41821;52,51744
25972;201622;11;9;9041301;2019;11;12;6;2;4;6;0;0;1;0;0;0;0;1;812864,9104;5819328,327;13,60331;52,43441
25973;201623;11;9;9041501;2019;11;11;6;3;2;6;0;0;1;0;0;0;0;1;810813,4393;5820307,475;13,57414;52,44436
25974;201624;11;6;6030609;2019;11;15;5;3;2;6;0;0;1;0;1;0;0;0;792948,5757;5817786,691;13,30985;52,43162
25975;201625;11;5;5020417;2019;11;11;6;3;1;5;0;1;0;0;0;0;1;1;782925,3291;5827993,773;13,17148;52,52842
25976;201626;11;1;1022201;2019;11;14;5;3;5;2;0;1;1;0;0;0;0;0;795426,0218;5829544,372;13,3566;52,53569
25977;201627;11;11;11030721;2019;11;13;5;3;5;2;0;1;1;0;0;0;0;0;805181,6083;5827914,589;13,4985;52,51571
25978;201628;11;1;1011305;2019;11;11;6;3;3;5;0;1;1;0;0;0;0;0;799385,8653;5826385,577;13,41197;52,50522
25979;201629;11;11;11010308;2019;11;13;5;3;6;4;0;0;1;1;0;0;0;0;805199,9087;5833671,479;13,50405;52,56729
25980;201630;11;7;7030303;2019;11;19;6;3;0;7;2;0;0;0;0;0;1;1;795095,3579;5821498,05;13,34461;52,46374
25981;201631;11;1;1033203;2019;11;22;5;3;5;2;2;0;1;0;1;0;0;0;796343,9426;5830061,341;13,37056;52,53983
25982;201632;11;11;11030720;2019;11;19;5;3;3;6;2;1;0;0;0;0;1;0;804254,1378;5829079,332;13,48594;52,52667
25983;201633;11;8;8010404;2019;11;14;5;3;5;2;0;1;1;0;0;0;0;0;802165,856;5823373,547;13,45007;52,47669
25984;201634;11;5;5030833;2019;11;17;5;3;2;6;2;0;1;0;0;0;0;1;789249,7959;5829176,139;13,26548;52,5357
25985;201635;11;12;12224230;2019;11;10;5;3;5;3;0;0;1;0;0;0;0;0;787078,1967;5838222,644;13,24139;52,61796
25986;201636;11;12;12304314;2019;11;17;5;2;6;2;2;0;1;1;0;0;0;1;790612,2107;5835984,775;13,29147;52,59602
25987;201637;11;4;4010102;2019;11;17;5;2;5;2;2;0;1;0;1;0;0;1;791662,481;5830679,232;13,30227;52,54789
25988;201638;11;10;10010308;2019;11;17;5;3;2;6;2;0;1;0;0;0;0;1;806444,1501;5830199,483;13,51915;52,53548
25989;201639;11;10;10010310;2019;11;17;5;3;6;2;2;0;1;1;0;0;0;1;808469,905;5831153,094;13,54981;52,54288
25990;201640;11;7;7020201;2019;11;16;5;3;2;6;2;0;1;0;0;0;0;1;794964,5943;5824287,136;13,34516;52,48881
25991;201641;11;11;11041027;2019;11;19;5;3;6;3;2;0;1;1;0;0;0;0;807388,767;5827384,945;13,53043;52,50972
25992;201642;11;8;8010301;2019;11;9;5;3;5;3;0;0;1;0;1;0;0;0;801317,476;5823998,48;13,43818;52,48276
25993;201643;11;3;3030406;2019;11;16;5;3;1;5;2;1;1;0;0;0;1;1;803421,8046;5838399,315;13,48223;52,61066
25994;201644;11;1;1011303;2019;11;17;5;3;6;4;2;0;1;1;0;0;0;1;799462,9722;5828803,719;13,41528;52,52685
25995;201645;11;4;4030827;2019;11;16;5;3;6;2;2;0;1;1;0;0;0;1;792738,1554;5826094,49;13,31405;52,50621
25996;201646;11;9;9031101;2019;11;8;5;3;5;3;0;0;1;0;1;0;0;0;811065,8492;5818034,549;13,57572;52,42384
25997;201647;11;7;7010101;2019;11;16;5;2;6;4;2;0;1;1;0;0;0;1;794674,3519;5825724,457;13,34217;52,50185
25998;201648;11;7;7050505;2019;11;9;5;2;1;7;0;0;1;0;0;0;1;0;799267,6393;5818637,897;13,40328;52,43583
25999;201649;11;1;1033202;2019;11;16;5;3;5;2;2;1;1;0;0;0;0;1;797894,6426;5829897,107;13,39321;52,53751
26000;201650;11;1;1011203;2019;11;16;5;3;5;2;1;0;1;0;0;0;1;1;797622,5356;5827025,787;13,38664;52,51192
26001;201651;11;2;2010103;2019;11;6;5;3;5;5;2;1;0;0;0;0;1;0;799538,7278;5826248,422;13,41409;52,5039
26002;201652;11;12;12103116;2019;11;15;5;3;6;4;1;0;1;1;0;0;0;1;796206,7482;5833349,934;13,37148;52,56938
26003;201653;11;12;12301205;2019;11;15;5;3;6;4;0;0;1;1;0;0;0;1;792438,4757;5837311,965;13,31953;52,60693
26004;201654;11;3;3061434;2019;11;15;5;3;5;2;1;1;0;0;0;0;1;0;801188,1698;5829489,973;13,44125;52,53205
26005;201655;11;9;9010402;2019;11;9;5;3;6;2;0;0;1;1;0;0;0;0;806169,9694;5819203,404;13,50502;52,43708
26006;201656;11;6;6040810;2019;11;15;5;3;6;4;1;0;0;1;0;0;1;1;790965,4624;5820697,249;13,2833;52,45878
26007;201657;11;9;9051702;2019;11;14;5;3;0;1;0;1;0;0;0;0;0;1;815171,7596;5820955,888;13,63866;52,44767
26008;201658;11;12;12231101;2019;11;9;5;3;5;3;0;1;1;0;0;0;0;0;792528,5647;5839293,144;13,32261;52,62465
26009;201659;11;6;6010206;2019;11;14;5;2;0;7;0;0;1;0;0;0;0;1;795040,7517;5819635,69;13,34217;52,44707
26010;201660;11;1;1011302;2019;11;1;5;3;0;1;2;0;0;0;0;0;1;0;798883,3176;5828579,227;13,40656;52,52515
26011;201661;11;1;1022201;2019;11;12;5;3;6;4;0;0;1;1;0;0;0;1;795965,1709;5828764,359;13,36383;52,52841
26012;201662;11;6;6030609;2019;11;12;5;2;6;2;0;0;1;1;0;0;0;0;793262,0607;5819095,773;13,3156;52,44319
26013;201663;11;1;2030302;2019;11;0;5;3;0;1;2;1;0;0;0;0;0;1;800490,627;5826679,437;13,42846;52,50724
26014;201664;11;2;2010102;2019;11;20;4;3;6;4;2;0;1;1;0;0;0;0;798051,1792;5826470,194;13,39244;52,5067
26015;201665;11;1;1011303;2019;11;12;5;2;3;6;0;1;0;0;0;0;1;0;799164,2779;5827801,867;13,40999;52,51803
26016;201666;11;3;3020210;2019;11;12;5;3;5;3;0;0;1;0;0;0;1;0;798490,9078;5835386,584;13,40691;52,58639
26017;201667;11;9;9051901;2019;11;17;4;3;0;5;2;0;1;1;0;0;1;1;811107,432;5821513,787;13,57957;52,455
26018;201668;11;8;8010115;2019;11;7;4;3;5;3;1;1;0;0;0;0;1;0;799813,3193;5823665,434;13,4158;52,4806
26019;201669;11;4;4030827;2019;11;10;5;3;6;4;0;0;1;1;0;0;0;0;792391,5405;5826050,668;13,30892;52,50601
26020;201670;11;12;12302212;2019;11;11;5;3;1;5;0;0;1;0;0;0;0;1;793108,1013;5837388,382;13,32946;52,60726
26021;201671;11;4;4030623;2019;11;9;5;3;5;2;0;1;1;0;0;0;0;0;793683,7431;5826255,475;13,32809;52,50715
26022;201672;11;2;2030302;2019;11;20;4;3;6;4;2;0;1;1;0;0;0;0;800802,311;5825807,032;13,43225;52,49925
26023;201673;11;2;2030301;2019;11;9;5;3;5;3;0;1;1;0;0;0;0;0;800278,8154;5826092,373;13,42482;52,5021
26024;201674;11;9;9020701;2019;11;19;4;3;5;3;2;1;1;0;0;0;0;0;807405,5729;5818327,239;13,52233;52,42854
26025;201675;11;6;6010207;2019;11;8;5;3;2;2;0;1;1;0;0;0;0;0;794055,3111;5820385,066;13,32837;52,45432
26026;201676;11;2;2010102;2019;11;22;5;3;5;3;2;1;1;0;0;0;0;1;798248,1191;5826087,731;13,39499;52,50317
26027;201677;11;4;4051656;2019;11;18;4;3;5;2;2;1;1;0;0;0;0;0;793676,0495;5823424,209;13,32548;52,48177
26028;201678;11;10;10040931;2019;11;20;5;3;5;2;2;0;1;0;0;0;0;1;813734,0901;5829976,203;13,62607;52,52933
26029;201679;11;2;2050804;2019;11;18;5;3;2;6;2;0;1;0;0;0;0;1;803239,8055;5825943,985;13,46817;52,49913
26030;201680;11;1;1033201;2019;11;20;5;3;6;2;2;0;1;1;0;0;0;1;797708,1289;5830690,61;13,39118;52,54472
26031;201681;11;2;2010103;2019;11;18;4;3;5;2;2;1;1;0;0;0;0;0;799118,3786;5826276,424;13,40794;52,50438
26032;201682;11;12;12103115;2019;11;18;4;2;6;4;2;0;1;1;0;0;0;0;796075,937;5833931,266;13,37007;52,57466
26033;201683;11;1;1044203;2019;11;19;5;2;1;1;2;0;1;0;0;1;0;1;795759,2074;5831905,561;13,3636;52,55668
26034;201684;11;12;12231102;2019;11;19;5;2;1;5;2;1;1;0;0;0;0;1;790020,3979;5840742,453;13,28693;52,63898
26035;201685;11;2;2030401;2019;11;14;4;3;5;3;0;0;1;0;0;0;0;0;800293,4963;5825546,972;13,42454;52,4972
26036;201686;11;4;4020310;2019;12;22;4;3;4;1;2;0;1;0;0;1;0;0;790553,5573;5827351,815;13,28305;52,51865
26037;201687;11;2;2030301;2019;12;22;4;3;5;2;2;0;1;0;1;0;0;0;800166,3415;5825881,189;13,42298;52,50027
26038;201688;11;8;8041035;2019;12;21;4;3;1;1;2;0;1;0;0;0;0;0;803791,3825;5818796,003;13,46977;52,43476
26039;201689;11;2;2050801;2019;12;12;4;2;1;1;0;1;1;0;0;0;0;1;803246,0967;5827429,657;13,46962;52,51244
26040;201690;11;1;1022104;2019;12;11;4;3;2;6;0;0;1;0;0;0;0;0;794574,3626;5828483,41;13,34314;52,52664
26041;201691;11;8;8010405;2019;12;9;4;3;1;5;0;1;1;0;0;0;1;0;802234,6276;5823821,476;13,45149;52,48066
26042;201692;11;4;4051448;2019;12;9;4;3;2;2;0;1;1;0;0;0;0;1;794246,1599;5825423,57;13,33561;52,49939
26043;201693;11;11;10010203;2019;12;9;4;3;5;2;0;1;1;0;0;0;0;0;806911,9213;5832618,356;13,52826;52,55689
26044;201694;11;4;4041240;2019;12;9;4;3;5;3;0;1;1;0;0;0;0;1;790958,4373;5822396,911;13,28468;52,47402
26045;201695;11;2;2040703;2019;12;9;4;2;6;4;0;0;1;1;0;0;0;0;800932,5393;5826836,47;13,43509;52,50841
26046;201696;11;1;1011203;2019;12;9;4;3;1;5;0;1;1;0;0;0;1;0;798315,3498;5827285,54;13,39705;52,51387
26047;201697;11;9;9020502;2019;12;8;4;3;5;3;0;0;1;0;0;0;0;1;806841,583;5822481,778;13,51788;52,46609
26048;201698;11;5;5010311;2019;12;8;4;3;3;6;0;0;1;0;1;0;0;1;785412,4518;5830433,432;13,21014;52,549
26049;201699;11;3;3040614;2019;12;5;4;3;0;3;2;0;0;0;1;0;0;1;797972,8989;5833202,693;13,39733;52,5671
26050;201700;11;6;6040805;2019;12;16;4;3;0;2;2;0;1;1;0;0;0;0;789168,7644;5818564,892;13,25508;52,44061
26051;201701;11;1;1044102;2019;12;16;4;3;1;5;2;1;1;0;0;0;1;1;794651,7923;5831827,951;13,34725;52,55658
26052;201702;11;6;6030609;2019;12;14;4;3;5;2;0;0;1;0;0;0;0;0;793201,6897;5819801,89;13,31533;52,44955
26053;201703;11;9;9010302;2019;12;14;4;3;5;3;0;1;1;0;0;0;0;0;804937,9973;5820711,101;13,48833;52,45128
26054;201704;11;10;10010309;2019;12;15;3;3;4;6;1;1;1;0;0;0;0;1;808277,1321;5828835,513;13,54482;52,52222
26055;201705;11;5;5010314;2019;12;11;3;2;6;4;0;0;1;1;0;0;0;1;784739,7927;5828820,736;13,19886;52,53489
26056;201706;11;6;6030503;2019;12;9;3;3;0;2;0;1;1;0;0;0;0;1;789568,7598;5817313,778;13,25987;52,42918
26057;201707;11;11;11020411;2019;12;9;3;2;6;4;0;0;1;1;0;0;0;1;805683,173;5831896,464;13,50953;52,55111
26058;201708;11;2;2040503;2019;12;10;3;3;2;6;0;0;1;0;0;0;1;1;801408,7892;5828752,465;13,44383;52,52532
26059;201709;11;4;4020311;2019;12;9;3;3;5;3;0;0;1;0;0;0;0;1;789360,5175;5826200,571;13,26452;52,50897
26060;201710;11;7;7040403;2019;12;9;3;2;5;3;0;0;1;0;0;0;0;2;797707,2965;5821054,158;13,38255;52,45834
26061;201711;11;8;8010303;2019;12;8;3;3;3;6;0;1;1;0;0;0;0;0;801243,2645;5823811,382;13,43692;52,48112
26062;201712;11;8;8020621;2019;12;8;3;3;2;6;0;0;1;0;0;0;0;0;800188,4425;5820494,443;13,41845;52,45197
26063;201713;11;11;11030824;2019;12;7;3;3;0;1;0;1;0;0;0;0;0;2;803692,7441;5827471,119;13,47622;52,51257
26064;201714;11;6;6030503;2019;12;8;3;3;6;2;0;0;1;1;0;0;0;0;790649,8461;5817851,95;13,27619;52,43343
26065;201715;11;2;2020203;2019;12;7;3;3;0;2;0;1;0;0;0;0;1;2;797531,4061;5824961,048;13,38345;52,49346
26066;201716;11;9;9020701;2019;12;7;3;3;5;2;1;0;1;0;1;0;0;1;809403,3106;5818447,311;13,55173;52,42849
26067;201717;11;5;5030730;2019;12;5;3;3;1;5;2;0;1;0;0;0;0;2;786430,2162;5830842,156;13,22546;52,55213
26068;201718;11;12;12304314;2019;12;5;3;3;5;2;2;0;1;0;0;0;0;2;790689,5424;5835381,467;13,29208;52,59057
26069;201719;11;1;1011401;2019;12;21;3;3;6;2;2;0;1;1;0;0;0;1;798302,8717;5829372,301;13,39874;52,53258
26070;201720;11;12;12304313;2019;12;20;3;3;5;2;2;0;1;0;0;0;0;0;791488,8413;5834332,164;13,30293;52,58073
26071;201721;11;3;3050925;2019;12;20;3;3;0;1;2;0;0;0;1;0;0;2;802710,52;5831810,309;13,46574;52,552
26072;201722;11;9;9010402;2019;12;20;3;3;5;2;2;1;1;0;0;0;0;1;806734,1903;5820275,783;13,51428;52,44638
26073;201723;11;9;9041501;2019;12;17;3;3;1;1;2;0;1;0;1;0;0;1;811363,1173;5820109,072;13,58201;52,44227
26074;201724;11;3;3061429;2019;12;17;3;3;5;2;2;1;1;0;0;0;0;1;801135,0391;5830741,216;13,44161;52,54329
26075;201725;11;3;3051017;2019;12;17;3;3;2;6;2;0;1;0;0;0;0;1;802217,1832;5832999,726;13,45957;52,56294
26076;201726;11;10;10040931;2019;12;18;3;3;2;2;2;0;1;0;0;0;0;1;813340,0995;5829180,959;13,61953;52,52243
26077;201727;11;1;1011302;2019;12;18;3;3;1;5;2;1;1;0;0;0;0;1;798384,2376;5828507,565;13,39916;52,52479
26078;201728;11;1;1011304;2019;12;16;3;3;2;2;2;0;1;0;0;0;0;1;799594,042;5828009,08;13,41649;52,51965
26079;201729;11;11;11051331;2019;12;7;3;3;0;6;1;1;1;0;0;0;0;2;807529,27;5825486,428;13,53074;52,49263
26080;201730;11;7;7040404;2019;12;17;3;3;6;2;2;0;1;1;0;0;0;1;796142,5559;5820762,982;13,35933;52,45658
26081;201731;11;12;12103117;2019;12;17;3;3;1;5;2;0;1;0;1;0;0;1;796028,1914;5832736,851;13,3683;52,56398
26082;201732;11;3;3050925;2019;12;16;3;2;6;4;2;0;1;1;0;0;0;1;802223,095;5831555,852;13,45834;52,54999
26083;201733;11;3;3061228;2019;12;17;3;3;2;6;2;0;1;0;0;0;0;1;800767,1351;5830597,635;13,43607;52,54221
26084;201734;11;3;3061227;2019;12;16;3;3;5;3;2;0;1;0;0;0;0;1;800086,6489;5831670,999;13,42703;52,55221
26085;201735;11;1;1022101;2019;12;16;3;3;5;2;2;0;1;0;0;0;0;1;792736,6597;5828278,835;13,31595;52,5258
26086;201736;11;3;3061126;2019;12;15;3;3;5;3;0;1;1;0;0;0;0;1;799243,0394;5831804,61;13,41475;52,55387
26087;201737;11;7;7060603;2019;12;15;3;2;1;5;0;0;1;0;0;0;0;1;797634,8192;5817302,655;13,37815;52,42475
26088;201738;11;1;1011203;2019;12;15;3;3;5;3;0;1;1;0;0;0;0;1;798296,6319;5827336,243;13,39682;52,51433
26089;201739;11;4;4051445;2019;12;15;3;3;2;6;0;0;1;0;0;0;0;0;792501,911;5824453,776;13,30914;52,49163
26090;201740;11;4;4031032;2019;12;14;3;3;5;2;0;1;1;0;0;0;0;0;791581,4276;5824876,138;13,29599;52,49591
26091;201741;11;11;11020515;2019;12;7;3;3;6;2;2;0;1;1;0;0;0;1;804635,3764;5830506,75;13,49285;52,53925
26092;201742;11;2;2020204;2019;12;13;3;3;1;5;0;1;1;0;0;0;0;1;797900,4509;5825059,328;13,38896;52,49414
26093;201743;11;9;9051901;2019;12;12;3;3;6;6;0;0;1;1;0;0;0;1;810780,2246;5821272,68;13,57455;52,45303
26094;201744;11;9;9051901;2019;12;11;3;2;5;2;0;1;1;0;0;0;0;0;809946,5136;5821592,918;13,56262;52,45637
26095;201745;11;2;2020203;2019;12;20;2;2;5;2;2;0;1;0;0;0;0;1;797126,7259;5823996,387;13,37665;52,48503
26096;201746;11;1;1022206;2019;12;21;2;2;3;6;2;1;0;0;0;0;0;1;796258,7349;5828528,94;13,36794;52,52614
26097;201747;11;12;12231101;2019;12;16;2;3;1;5;2;1;0;0;0;0;1;0;790545,8243;5837006,397;13,29139;52,60521
26098;201748;11;4;4031032;2019;12;17;2;3;6;2;2;0;1;1;0;0;0;1;791572,9051;5825112,686;13,29607;52,49804
26099;201749;11;4;4010101;2019;12;17;2;3;2;6;2;0;1;0;0;0;0;1;791269,7091;5830705,135;13,29652;52,54833
26100;201750;11;7;7040402;2019;12;17;2;3;6;2;2;0;1;1;0;0;0;1;796816,4224;5821985,236;13,3703;52,46717
26101;201751;11;2;2040502;2019;12;17;2;3;5;3;2;0;1;0;0;0;1;1;801250,8799;5827844,736;13,44068;52,51727
26102;201752;11;7;7060604;2019;12;17;2;2;6;4;2;0;1;1;0;0;0;1;795799,8326;5816024,846;13,35011;52,4143
26103;201753;11;1;1011301;2019;12;16;2;3;2;6;2;1;1;0;0;0;0;1;797052,9126;5829317,609;13,38032;52,53277
26104;201754;11;8;8010509;2019;12;16;2;3;1;5;2;1;1;0;0;0;0;1;803402,1132;5822522,547;13,46744;52,46837
26105;201755;11;12;12214423;2019;12;16;2;3;5;3;2;0;1;0;0;0;0;1;792569,71;5833290,412;13,31791;52,57081
26106;201756;11;2;2040502;2019;12;16;2;3;5;2;2;0;1;0;0;0;1;1;800481,6695;5828454,925;13,42993;52,52316
26107;201757;11;6;6020409;2019;12;16;2;3;5;2;2;1;1;0;0;0;0;1;793123,1977;5817653,075;13,31229;52,43033
26108;201758;11;4;4030519;2019;12;16;2;3;2;6;2;0;1;0;0;0;0;1;792367,4164;5828251,877;13,3105;52,52575
26109;201759;11;2;2050802;2019;12;15;2;3;0;7;1;1;0;0;0;0;0;1;802412,6155;5827071,589;13,45705;52,5097
26110;201760;11;2;2010102;2019;12;16;2;2;6;4;2;0;1;1;0;0;0;1;798346,1787;5825564,03;13,39596;52,49842
26111;201761;11;2;2050602;2019;12;22;2;3;8;1;2;0;1;0;0;0;0;0;802719,9892;5828222,652;13,46261;52,51984
26112;201762;11;8;8010301;2019;12;14;2;3;5;3;0;1;1;0;0;0;0;1;801061,7087;5824921,98;13,43526;52,49118
26113;201763;11;6;6020303;2019;12;14;2;3;2;6;0;0;1;0;0;1;0;0;795506,6153;5818614,509;13,3481;52,43767
26114;201764;11;2;2010104;2019;12;21;2;2;3;6;2;1;1;0;0;0;0;1;799951,1074;5825475,336;13,41945;52,49675
26115;201765;11;3;3061430;2019;12;19;2;3;5;7;2;0;1;0;0;0;1;1;802533,6222;5829303,103;13,46086;52,52963
26116;201766;11;7;7040405;2019;12;13;2;3;2;6;0;0;1;0;0;1;0;0;799415,1315;5821781,445;13,40826;52,46393
26117;201767;11;6;6040810;2019;12;19;2;3;6;2;2;0;1;1;0;0;0;1;792634,0147;5821755,27;13,30871;52,46737
26118;201768;11;1;1033102;2019;12;13;2;3;2;6;0;0;1;0;0;1;0;1;797335,3;5831873,267;13,38675;52,55553
26119;201769;11;12;12301203;2019;12;12;2;3;0;5;0;0;1;0;0;0;1;1;792372,7267;5834073,244;13,31571;52,57794
26120;201770;11;3;3061228;2019;12;18;2;2;6;2;2;0;1;1;0;0;0;1;800957,3686;5831228,115;13,43943;52,54776
26121;201771;11;3;3040512;2019;12;16;2;3;6;4;2;0;1;1;0;0;0;1;796056,2504;5835790,922;13,37144;52,59134
26122;201772;11;9;9010202;2019;12;11;2;3;5;2;0;0;1;0;0;0;0;0;804105,7701;5823594,677;13,47875;52,47759
26123;201773;11;7;7060604;2019;12;17;2;3;1;5;2;0;1;0;0;0;0;1;796023,0255;5815973,188;13,35333;52,41371
26124;201774;11;6;6020411;2019;12;11;2;3;0;3;0;0;0;0;0;0;1;0;794139,5049;5815988,1;13,32573;52,41486
26125;201775;11;4;4030621;2019;12;9;2;3;5;2;0;0;1;0;1;0;0;1;793564,3737;5827768,619;13,32767;52,52078
26126;201776;11;4;4031032;2019;12;5;2;3;5;7;2;0;1;0;0;1;0;0;791452,0004;5825068,603;13,29426;52,49771
26127;201777;11;3;3010101;2019;12;5;2;3;5;3;2;1;1;0;0;0;0;0;803850,8027;5841447,337;13,49135;52,63774
26128;201778;11;8;8010508;2019;12;4;2;3;4;6;2;0;1;0;0;0;0;1;803534,327;5823039,263;13,46985;52,47293
26129;201779;11;2;2050802;2019;12;2;2;3;6;4;2;0;1;1;0;0;0;0;802382,6637;5827300,558;13,45682;52,51176
26130;201780;11;3;3040614;2019;12;17;2;3;5;7;2;1;1;0;0;0;0;1;797760,2694;5832938,574;13,39396;52,56484