;OBJECTID;LAND;BEZ;LOR;UJAHR;UMONAT;USTUNDE;UWOCHENTAG;UKATEGORIE;UART;UTYP1;ULICHTVERH;IstRad;IstPKW;IstFuss;IstKrad;IstGkfz;IstSonstige;USTRZUSTAND;LINREFX;LINREFY;XGCSWGS84;YGCSWGS84
26546;202196;11;4;4051446;2019;12;9;3;2;5;2;0;1;1;0;0;0;0;0;792856,9563;5824324,29;13,31424;52,49028
26547;202197;11;5;5010314;2019;12;10;3;3;2;6;0;0;1;0;0;0;0;1;785279,3079;5829297,45;13,20721;52,53888
26548;202198;11;3;3040513;2019;12;9;3;3;1;5;0;0;1;0;0;0;1;0;796533,8556;5834281,079;13,37712;52,57755
26549;202199;11;10;10040932;2019;12;8;3;3;7;7;0;1;0;0;0;0;0;0;813514,2539;5827712,331;13,62071;52,50917
26550;202200;11;2;2020203;2019;12;22;3;3;5;3;2;1;1;0;0;0;0;1;797274,0707;5824525,628;13,37929;52,4897
26551;202201;11;1;1022101;2019;12;20;3;3;5;2;2;0;1;0;0;0;0;0;793531,2317;5829122,974;13,32838;52,53294
26552;202202;11;9;9020702;2019;12;20;3;3;5;2;2;0;1;0;0;0;0;1;809591,4453;5818925,247;13,55493;52,43266
26553;202203;11;2;2020204;2019;12;19;3;3;6;4;2;0;1;1;0;0;0;0;798579,6693;5825333,125;13,39918;52,49622
26554;202204;11;5;5010312;2019;12;19;3;3;1;5;2;0;1;0;0;0;0;0;785419,7596;5829254,915;13,20923;52,53843
26555;202205;11;7;7040401;2019;12;19;3;3;1;5;2;0;1;0;0;0;0;0;797258,8816;5823155,629;13,37784;52,47743
26556;202206;11;1;1011105;2019;12;19;3;3;5;3;2;0;1;0;1;0;0;0;796638,8341;5826891,645;13,37207;52,51125
26557;202207;11;3;3040818;2019;12;18;3;3;2;6;2;0;1;0;0;0;0;0;799078,8515;5833211,976;13,4136;52,56657
26558;202208;11;4;4030931;2019;12;17;3;3;1;5;2;1;1;0;0;0;0;1;793651,9682;5825790,761;13,32721;52,503
26559;202209;11;6;6030502;2019;12;17;3;3;6;2;2;0;1;1;0;0;0;0;790225,7656;5815099,419;13,26758;52,40898
26560;202210;11;1;1022104;2019;12;17;3;3;1;5;2;1;1;0;0;0;1;0;794555,5099;5828999,789;13,34332;52,53128
26561;202211;11;8;8030829;2019;12;16;3;2;5;3;2;0;1;0;0;0;0;0;803517,2571;5818209,165;13,46521;52,42965
26562;202212;11;6;6020301;2019;12;16;3;3;5;3;1;1;1;0;0;0;0;0;796782,6489;5818442,923;13,36666;52,43544
26563;202213;11;4;4020208;2019;12;7;3;2;0;1;2;1;0;0;0;0;0;2;786899,8174;5825765,393;13,22799;52,50636
26564;202214;11;7;7030301;2019;12;6;3;3;5;2;2;0;1;0;0;0;0;1;794244,893;5822030,269;13,3326;52,46897
26565;202215;11;11;11020412;2019;12;4;3;3;0;2;2;1;0;0;0;0;1;1;806402,5552;5831228,444;13,51949;52,54472
26566;202216;11;2;2040503;2019;12;16;3;3;6;4;2;0;1;1;0;0;0;0;801789,4375;5828403,545;13,4491;52,52198
26567;202217;11;11;11030618;2019;12;0;3;2;9;1;2;0;1;0;0;0;0;1;802421,806;5828884,684;13,45883;52,52594
26568;202218;11;1;1022104;2019;12;8;3;3;0;2;0;0;0;1;0;0;1;0;794587,3054;5828457,314;13,34331;52,5264
26569;202219;11;6;6040810;2019;12;8;3;3;0;1;0;1;0;0;0;0;0;2;791835,7099;5821375,656;13,29666;52,46439
26570;202220;11;4;4041137;2019;12;7;3;3;5;2;0;0;1;0;0;0;0;1;791263,8555;5823331,682;13,28998;52,48223
26571;202221;11;3;3030406;2019;12;7;3;3;6;7;0;1;0;1;0;0;0;0;802771,2616;5837403,236;13,47174;52,6021
26572;202222;11;4;4030415;2019;12;7;3;3;5;2;1;0;1;0;0;0;0;0;791662,2627;5827531,511;13,2995;52,51967
26573;202223;11;12;12214125;2019;12;7;3;2;5;3;2;0;1;0;0;1;0;1;791934,0356;5831490,409;13,30698;52,55502
26574;202224;11;12;12301203;2019;12;20;2;3;2;6;2;0;1;0;0;0;0;1;792879,4304;5835203,895;13,32416;52,5878
26575;202225;11;9;9041402;2019;12;17;2;3;6;6;0;1;0;1;0;0;0;0;812169,7256;5820407,454;13,59412;52,44448
26576;202226;11;1;1011201;2019;12;9;2;3;5;3;0;1;1;0;0;0;0;1;797156,7426;5826452,326;13,37928;52,50703
26577;202227;11;8;8020622;2019;12;12;2;3;5;3;0;1;1;0;0;0;0;0;801498,8549;5820182,099;13,4374;52,44845
26578;202228;11;5;5040936;2019;12;15;2;3;2;6;1;0;1;0;0;0;0;1;780537,6697;5820677,081;13,13021;52,46405
26579;202229;11;12;12214527;2019;12;21;2;3;6;4;2;0;1;1;0;0;0;1;789937,3655;5834933,351;13,28062;52,58695
26580;202230;11;6;6010204;2019;12;20;2;3;0;7;2;1;1;0;0;0;0;1;795771,3135;5820232,715;13,35341;52,45203
26581;202231;11;11;11030720;2019;12;19;2;3;3;6;2;0;1;0;0;0;0;1;805489,7928;5830034,126;13,50497;52,53453
26582;202232;11;2;2020203;2019;12;19;2;3;6;2;2;0;1;1;0;0;0;1;797524,6395;5824016,367;13,38251;52,485
26583;202233;11;7;7040403;2019;12;19;2;3;6;2;2;0;1;1;0;0;0;1;797856,102;5821887,806;13,38548;52,46574
26584;202234;11;5;5030730;2019;12;20;2;3;2;6;0;0;1;0;0;0;0;1;785753,5601;5829284,845;13,21417;52,53852
26585;202235;11;9;9020502;2019;12;19;2;3;5;2;2;0;1;0;1;0;0;1;807093,507;5821912,882;13,52105;52,46085
26586;202236;11;2;2050602;2019;12;5;2;3;0;6;2;0;1;0;1;0;0;1;802215,6652;5827742,066;13,45477;52,51581
26587;202237;11;3;3071537;2019;12;18;4;3;5;3;2;1;1;0;0;0;0;0;799723,33;5830079,385;13,42025;52,53814
26588;202238;11;7;7060601;2019;12;18;2;3;6;2;2;0;1;1;0;0;0;1;797292,8614;5817293,395;13,37312;52,42486
26589;202239;11;12;12214421;2019;12;18;2;2;6;2;2;0;0;1;0;0;1;1;793384,2665;5833150,017;13,32977;52,56912
26590;202240;11;6;6010205;2019;12;17;4;3;5;2;2;0;1;0;0;0;0;0;795329,8552;5819980,902;13,34671;52,45001
26591;202241;11;8;8010301;2019;12;17;4;3;5;2;2;1;1;0;0;0;0;0;800912,8102;5824454,712;13,43265;52,48707
26592;202242;11;12;12302108;2019;12;18;2;2;6;2;2;0;1;1;0;0;0;1;793947,0428;5836638,71;13,34115;52,60009
26593;202243;11;8;8010301;2019;12;18;2;3;6;4;2;0;1;1;0;0;0;1;800788,5364;5824329,815;13,43072;52,48602
26594;202244;11;3;3071536;2019;12;17;4;2;9;1;2;0;1;0;0;0;0;0;799221,0843;5829275,631;13,41215;52,53121
26595;202245;11;7;7030303;2019;12;17;4;3;5;2;2;1;1;0;0;0;0;0;794664,6966;5821802,186;13,33856;52,4667
26596;202246;11;6;6020409;2019;12;17;2;3;5;2;2;0;1;0;0;0;0;1;793834,7012;5817555,716;13,32264;52,42908
26597;202247;11;4;4030931;2019;12;13;4;3;2;6;0;1;1;0;0;0;1;0;794393,8737;5825715,429;13,33804;52,50192
26598;202248;11;8;8030830;2019;12;17;2;3;5;2;2;0;1;0;0;0;1;1;802367,0667;5817759,78;13,44794;52,42626
26599;202249;11;4;4020311;2019;12;11;4;3;2;6;0;0;1;0;0;0;0;0;789033,737;5827002,942;13,26041;52,51633
26600;202250;11;9;9030902;2019;12;10;4;3;5;3;0;0;1;0;0;0;0;0;808171,4997;5815764,214;13,5312;52,40514
26601;202251;11;7;7060603;2019;12;17;2;2;2;2;2;0;1;0;0;1;0;1;798664,0895;5816173,758;13,39223;52,41407
26602;202252;11;7;7010102;2019;12;17;2;3;5;3;2;0;1;0;0;0;1;1;794975,077;5825092,064;13,34603;52,49602
26603;202253;11;9;9051901;2019;12;10;4;3;6;7;0;0;1;1;0;0;0;1;811007,6184;5821782,102;13,57836;52,45746
26604;202254;11;5;5020419;2019;12;9;4;3;0;1;0;0;0;0;1;0;0;0;781822,2934;5828434,944;13,15564;52,53295
26605;202255;11;6;6020409;2019;12;17;2;3;2;6;2;0;1;0;0;0;0;1;794058,7438;5818770,204;13,327;52,43984
26606;202256;11;1;1011101;2019;12;23;3;3;2;6;2;0;1;0;0;0;0;0;795255,9593;5826623,408;13,35151;52,5096
26607;202257;11;8;8010301;2019;12;23;3;2;6;4;2;0;1;1;0;0;0;0;800972,5976;5824759,314;13,43381;52,48977
26608;202258;11;3;3051022;2019;12;16;2;2;5;2;2;0;1;0;1;0;0;1;803000,61;5832007,154;13,47019;52,55361
26609;202259;11;3;3020307;2019;12;16;2;3;5;3;2;0;1;0;0;0;1;1;799473,9816;5837476,866;13,42327;52,60458
26610;202260;11;9;9010401;2019;12;20;3;3;5;2;2;1;1;0;0;0;0;0;806271,103;5820979,265;13,50813;52,45294
26611;202261;11;6;6040808;2019;12;19;3;3;2;2;2;0;1;0;0;0;0;0;790146,4542;5819658,216;13,27037;52,4499
26612;202262;11;5;5020523;2019;12;19;3;3;5;2;2;1;1;0;0;0;0;0;782383,2309;5827031,024;13,16269;52,52007
26613;202263;11;10;10020622;2019;12;17;3;3;2;6;2;1;1;0;0;0;0;0;811181,1966;5829153,071;13,58779;52,52342
26614;202264;11;4;4041137;2019;12;16;3;3;2;6;2;0;1;0;0;0;0;0;791660,1125;5823712,92;13,29613;52,48544
26615;202265;11;4;4030622;2019;12;15;2;3;1;5;1;1;1;0;0;0;0;1;791927,2357;5827194,875;13,3031;52,51651
26616;202266;11;8;8041036;2019;12;16;2;3;6;2;2;0;1;1;0;0;0;1;804868,9026;5817569,233;13,48445;52,42316
26617;202267;11;1;1011305;2019;12;16;3;3;5;3;2;1;1;0;0;0;0;0;799131,1392;5827129,004;13,40889;52,51202
26618;202268;11;10;10020622;2019;12;16;2;3;2;6;2;0;1;0;0;0;0;1;811203,6465;5828909,677;13,58789;52,52122
26619;202269;11;6;6020306;2019;12;16;3;3;5;3;2;0;1;0;0;0;0;1;796880,8037;5817491,449;13,36726;52,42686
26620;202270;11;4;4030725;2019;12;15;2;3;5;3;1;1;1;0;0;0;0;1;791761,8948;5826439,524;13,30001;52,50983
26621;202271;11;4;4051447;2019;12;15;2;3;5;3;0;0;1;0;0;0;0;0;793289,235;5824602,429;13,32083;52,49254
26622;202272;11;5;5010208;2019;12;16;3;2;6;4;2;0;1;1;0;0;0;0;784009,3788;5830505,634;13,18956;52,55038
26623;202273;11;2;2050801;2019;12;13;2;3;5;2;0;0;1;0;1;0;0;0;803426,9667;5826923,135;13,47182;52,5078
26624;202274;11;1;1011302;2019;12;13;2;3;1;5;0;1;0;0;0;1;0;0;798951,1119;5828949,217;13,40789;52,52843
26625;202275;11;1;1022103;2019;12;12;2;3;2;6;0;0;1;0;0;0;1;0;793505,6406;5829361,697;13,32821;52,53509
26626;202276;11;10;10010308;2019;12;10;3;2;0;7;1;1;0;0;0;0;0;0;806554,6955;5830221,092;13,5208;52,53561
26627;202277;11;12;12103218;2019;12;5;3;3;6;2;2;0;1;1;0;0;0;0;794947,1876;5833094,492;13,35272;52,56777
26628;202278;11;8;8030831;2019;12;11;2;3;0;3;0;0;1;0;1;0;0;1;803350,5371;5817401,044;13,46204;52,4225
26629;202279;11;4;4051551;2019;12;11;2;3;2;6;0;0;1;0;1;0;0;0;793349,4737;5823003,373;13,32031;52,47817
26630;202280;11;7;7020201;2019;12;15;3;3;5;2;0;1;1;0;0;0;0;0;794934,4837;5824320,312;13,34475;52,48913
26631;202281;11;10;10040932;2019;12;11;2;2;5;3;0;0;1;0;0;0;0;0;812270,0629;5827748,525;13,60247;52,51021
26632;202282;11;3;3040508;2019;12;9;2;2;4;6;0;0;1;0;0;0;0;0;795926,0107;5836461,342;13,37012;52,59742
26633;202283;11;7;7070704;2019;12;15;3;3;5;2;0;1;1;0;0;0;0;0;799931,2509;5814007,693;13,40887;52,39397
26634;202284;11;7;7070705;2019;12;13;3;3;5;3;0;1;1;0;0;0;0;1;799251,7202;5812641,973;13,39769;52,3821
26635;202285;11;2;2010102;2019;12;9;2;3;5;2;0;1;1;0;0;0;0;0;798401,5808;5826418,732;13,39754;52,50605
26636;202286;11;9;9041302;2019;12;9;2;3;1;5;0;0;1;0;0;0;0;0;812153,7452;5817822,522;13,59147;52,42133
26637;202287;11;6;6040703;2019;12;13;3;3;0;1;0;1;0;0;0;0;0;1;786768,0943;5817058,025;13,21857;52,42837
26638;202288;11;10;10020413;2019;12;13;3;3;5;3;0;1;1;0;0;0;0;0;811113,234;5831265,985;13,58877;52,54239
26639;202289;11;3;3030715;2019;12;7;2;2;5;3;1;1;0;0;0;0;1;1;800812,6694;5833502,985;13,43937;52,56823
26640;202290;11;4;4041344;2019;12;7;2;3;5;3;2;1;1;0;0;0;0;0;793378,2099;5821960,191;13,31982;52,46881
26641;202291;11;8;8010302;2019;12;6;2;3;5;3;1;1;0;0;0;0;1;0;801396,7215;5824766,876;13,44004;52,4896
26642;202292;11;4;4051550;2019;12;13;3;3;5;3;0;1;0;0;0;0;0;0;793018,4882;5824224,464;13,31653;52,4893
26643;202293;11;8;8010405;2019;12;6;2;3;5;3;2;1;1;0;0;0;0;0;802116,7599;5823637,627;13,44959;52,47908
26644;202294;11;4;4031032;2019;12;12;3;3;5;2;0;0;1;0;0;0;0;0;790960,3925;5824830,286;13,28683;52,49583
26645;202295;11;9;9051901;2019;12;6;2;3;5;2;2;1;0;0;0;0;1;1;809660,8491;5821507,81;13,55835;52,45577
26646;202296;11;11;11020412;2019;12;6;2;3;5;3;2;0;1;0;0;0;0;0;805619,8521;5831775,87;13,50849;52,55007
26647;202297;11;2;2010101;2019;12;12;3;3;0;2;0;1;1;0;0;0;0;0;797766,0186;5826038,61;13,38786;52,50299
26648;202298;11;3;3030711;2019;12;15;2;3;5;3;1;0;1;0;0;0;1;1;801612,6072;5836130,641;13,45353;52,59133
26649;202299;11;1;1044203;2019;12;20;1;3;2;6;2;0;1;0;0;0;1;1;795356,2155;5831471,996;13,35729;52,55301
26650;202300;11;1;1044201;2019;12;18;1;3;3;6;2;0;1;0;0;0;0;1;795685,2011;5830919,635;13,36164;52,54788
26651;202301;11;5;5030832;2019;12;11;3;2;6;7;0;0;1;1;0;0;0;0;789557,4838;5829274,423;13,27009;52,53642
26652;202302;11;11;11040926;2019;12;11;3;3;5;3;0;1;1;0;0;0;0;0;806133,5019;5826708,193;13,51137;52,50436
26653;202303;11;7;7010102;2019;12;18;1;3;2;6;2;0;1;0;0;0;0;1;794982,5379;5825666,213;13,34664;52,50117
26654;202304;11;8;8010211;2019;12;18;1;3;5;7;2;0;1;0;0;0;1;0;800427,9307;5823790,276;13,42494;52,48138
26655;202305;11;4;4020312;2019;12;9;3;3;5;3;0;0;1;0;0;0;0;1;789790,5298;5827130,704;13,27165;52,51708
26656;202306;11;8;8020727;2019;12;9;3;3;5;2;0;0;1;0;0;0;0;1;801025,6085;5817070,168;13,42765;52,42082
26657;202307;11;3;3040614;2019;12;17;1;3;6;4;2;0;1;1;0;0;0;1;798075,0079;5833617,85;13,3992;52,57076
26658;202308;11;1;1011104;2019;12;16;1;3;5;3;2;0;1;0;0;0;0;1;796361,2234;5826128,432;13,36731;52,50456
26659;202309;11;9;9030901;2019;12;9;3;3;5;3;0;1;1;0;0;0;0;1;807475,517;5817763,674;13,52284;52,42345
26660;202310;11;5;5010314;2019;12;16;1;3;3;6;2;0;1;0;0;0;0;1;784965,0468;5829420,677;13,20269;52,54015
26661;202311;11;6;6040804;2019;12;16;1;3;1;5;2;0;1;0;0;0;0;1;787545,1608;5817948,633;13,23073;52,43594
26662;202312;11;4;4030929;2019;12;8;3;3;0;2;0;0;1;0;1;0;0;1;792628,7063;5825452,597;13,31188;52,50052
26663;202313;11;8;8010404;2019;12;7;3;3;6;2;2;0;1;1;0;0;0;1;802575,2636;5823075,119;13,45581;52,47378
26664;202314;11;3;3030406;2019;12;15;1;3;5;3;1;0;1;0;0;0;0;1;802746,0143;5839064,296;13,47289;52,617
26665;202315;11;6;6040703;2019;12;15;1;3;3;6;0;0;1;0;0;0;0;1;787136,364;5817205,235;13,2241;52,42949
26666;202316;11;4;4030415;2019;12;13;1;3;5;5;0;0;1;0;0;0;0;1;790894,4118;5827398,827;13,2881;52,51889
26667;202317;11;8;8020727;2019;12;8;3;3;6;4;0;0;1;1;0;0;0;1;801399,6034;5816472,148;13,4326;52,41525
26668;202318;11;7;7040406;2019;12;14;1;3;3;6;0;0;1;0;0;0;0;1;799941,1212;5821288,483;13,41554;52,45922
26669;202319;11;12;12302109;2019;12;7;3;3;2;2;0;0;1;0;1;0;0;1;795748,4464;5837039,458;13,36803;52,6027
26670;202320;11;5;5020626;2019;12;3;1;2;9;1;2;0;1;0;0;0;0;1;783343,6931;5827676,568;13,17736;52,52536
26671;202321;11;8;8010118;2019;12;3;1;3;9;1;2;0;1;0;0;0;0;0;800986,1042;5822152,949;13,43165;52,4664
26672;202322;11;10;10040933;2019;12;7;3;3;5;2;0;0;1;0;0;0;1;1;812367,08;5823889,438;13,60027;52,47557
26673;202323;11;9;9010402;2019;12;7;3;3;6;4;2;0;1;1;0;0;0;1;806310,3664;5819359,833;13,50722;52,43841
26674;202324;11;3;3071638;2019;12;7;1;3;0;7;0;0;0;0;1;0;1;1;799927,4026;5829773,176;13,42298;52,53528
26675;202325;11;10;10040828;2019;12;6;3;3;4;6;2;1;1;0;0;0;0;1;810803,0001;5827999,807;13,58115;52,5133
26676;202326;11;12;12231101;2019;12;0;1;2;6;4;2;0;1;1;0;0;0;1;791323,9478;5838650,71;13,3043;52,61953
26677;202327;11;7;7060604;2019;12;17;7;2;5;2;2;0;1;0;0;0;0;0;796580,0896;5815865,638;13,36141;52,41245
26678;202328;11;7;7040401;2019;12;9;3;2;6;3;0;0;0;1;0;0;1;0;797669,2802;5823706,617;13,38436;52,48214
26679;202329;11;11;11030619;2019;12;16;3;1;6;4;2;0;1;1;0;0;0;0;803670,0861;5829760,393;13,47798;52,5331
26680;202330;11;5;5030730;2019;12;17;7;2;1;5;2;0;1;0;0;0;0;1;786573,5141;5829238,387;13,22618;52,53767
26681;202331;11;7;7070703;2019;12;17;7;3;6;4;2;0;1;1;0;0;0;1;799785,6457;5813184,283;13,406;52,38666
26682;202332;11;12;12224230;2019;12;11;3;1;9;1;0;0;1;0;0;0;0;0;785293,5202;5837213,182;13,21423;52,60985
26683;202333;11;3;3040614;2019;12;17;2;3;4;5;0;0;1;0;0;0;1;0;798159,0104;5833059,991;13,39993;52,56571
26684;202334;11;10;10010203;2019;12;17;7;3;6;4;2;0;0;1;0;0;1;1;807573,7186;5830747,262;13,53626;52,53975
26685;202335;11;12;12231101;2019;12;17;7;2;5;2;2;0;1;0;1;0;0;1;791746,104;5839573,717;13,31133;52,62758
26686;202336;11;3;3030711;2019;12;6;2;3;2;6;2;0;1;0;0;0;0;0;801679,1148;5835903,412;13,4543;52,58926
26687;202337;11;5;5030730;2019;12;16;7;3;2;6;2;0;1;0;0;0;0;0;785679,5196;5829271,477;13,21307;52,53844
26688;202338;11;1;1022102;2019;12;23;2;3;2;6;2;0;1;0;0;0;0;1;793556,3558;5828903,393;13,32855;52,53095
26689;202339;11;7;7070701;2019;12;15;7;3;5;3;0;0;1;0;0;0;0;0;799283,2933;5814284,552;13,39962;52,3968
26690;202340;11;10;10030727;2019;12;21;7;3;2;6;2;0;1;0;0;0;0;1;809546,6322;5826922,748;13,5617;52,50436
26691;202341;11;4;4020311;2019;12;21;2;2;0;1;2;1;0;0;0;0;0;1;788237,1276;5827767,504;13,24937;52,52361
26692;202342;11;1;1044202;2019;12;21;2;3;5;3;2;0;1;0;0;0;0;1;795610,5665;5830517,203;13,36018;52,54431
26693;202343;11;4;4051655;2019;12;20;7;2;6;4;2;0;1;1;0;0;0;1;794032,5483;5823103,229;13,33043;52,4787
26694;202344;11;3;3020210;2019;12;12;7;3;0;5;0;0;1;0;0;0;1;1;798611,5759;5835825,711;13,40908;52,59026
26695;202345;11;12;12304313;2019;12;21;2;3;6;2;2;0;1;1;0;0;0;1;791659,0069;5834473,814;13,30556;52,58191
26696;202346;11;2;2020205;2019;12;20;2;3;0;1;2;1;0;0;0;0;0;1;798763,1928;5824008,528;13,40069;52,48425
26697;202347;11;4;4030931;2019;12;11;7;3;6;4;0;0;1;1;0;0;0;1;794317,8454;5825929,701;13,33711;52,50389
26698;202348;11;12;12214527;2019;12;11;7;3;5;2;0;0;1;0;0;0;0;0;790132,7849;5835779,824;13,28424;52,59443
26699;202349;11;4;4030931;2019;12;19;2;3;5;7;2;1;1;0;0;0;0;1;794367,2447;5825669,281;13,33761;52,50153
26700;202350;11;1;1033201;2019;12;19;2;3;6;2;2;0;1;1;0;0;0;1;797906,4966;5830317,153;13,39376;52,54127
26701;202351;11;4;4030931;2019;12;11;7;3;2;6;0;0;1;0;0;0;0;1;793923,3475;5825761,264;13,33117;52,50259
26702;202352;11;8;8010404;2019;12;6;7;3;6;2;2;0;1;1;0;0;0;1;802023,5427;5823481,873;13,44808;52,47774
26703;202353;11;5;5020524;2019;12;4;7;3;5;3;2;0;1;0;0;0;0;1;783046,096;5826061,55;13,17161;52,51103
26704;202354;11;4;4030623;2019;12;16;2;3;3;6;2;1;1;0;0;0;0;0;793650,0796;5826067,466;13,32743;52,50548
26705;202355;11;6;6030610;2019;12;7;2;3;5;2;1;0;1;0;0;0;1;0;792007,6047;5818957,345;13,29707;52,44262
26706;202356;11;4;4041343;2019;12;9;7;3;5;2;0;1;1;0;0;0;0;1;792667,5784;5823054,809;13,31035;52,479
26707;202357;11;1;1011201;2019;12;1;7;3;8;1;2;0;1;0;0;0;0;1;796974,6614;5826705,424;13,37683;52,5094
26708;202358;11;1;1044201;2019;12;9;2;3;0;3;0;0;1;0;1;0;0;0;796336,7568;5831650,034;13,37187;52,55407
26709;202359;11;2;2010102;2019;12;6;2;3;5;3;2;0;1;0;0;0;1;0;798346,9798;5825549,214;13,39596;52,49829
26710;202360;11;11;11041023;2019;12;19;7;2;6;4;2;0;1;1;0;0;0;1;806840,3518;5827740,414;13,5227;52,51322
26711;202361;11;8;8010118;2019;12;19;7;3;5;3;2;0;1;0;0;0;1;1;801090,3293;5821972,964;13,43302;52,46473
26712;202362;11;9;9020701;2019;12;5;2;3;5;3;2;1;1;0;0;0;0;1;807641,3515;5819358,644;13,52674;52,43765
26713;202363;11;1;1044201;2019;12;19;7;3;5;2;2;0;1;0;0;0;0;1;796693,4257;5831634,478;13,3771;52,55374
26714;202364;11;1;1044101;2019;12;18;2;3;3;6;2;1;1;0;0;0;0;1;794889,2155;5831280,14;13,35025;52,55154
26715;202365;11;2;2010102;2019;12;18;7;3;2;6;2;0;1;0;1;0;0;1;798201,1233;5826382,696;13,39456;52,50584
26716;202366;11;8;8010404;2019;12;18;7;3;1;5;2;1;1;0;0;0;0;1;802070,3494;5823442,089;13,44873;52,47735
26717;202367;11;6;6020305;2019;12;18;2;3;2;6;2;0;1;0;1;0;0;0;795411,998;5817614,535;13,34583;52,42876
26718;202368;11;12;12214424;2019;12;17;2;3;5;3;2;1;1;0;0;0;0;1;792559,8661;5832822,093;13,31736;52,56662
26719;202369;11;11;11040926;2019;12;18;7;3;2;6;2;0;1;0;0;0;0;1;806340,8124;5826853,462;13,51455;52,50555
26720;202370;11;8;8010211;2019;12;18;7;3;2;6;2;0;1;0;0;0;0;0;800897,2038;5823846,951;13,43188;52,48163
26721;202371;11;1;1044102;2019;12;17;2;3;5;7;2;0;1;0;1;0;0;1;795310,281;5832243,637;13,3573;52,55995
26722;202372;11;11;11010310;2019;12;17;2;3;2;6;2;0;1;0;0;0;0;1;805745,3024;5833555,975;13,51197;52,56595
26723;202373;11;5;5010339;2019;12;18;7;3;5;2;2;1;1;0;0;0;0;1;787938,6055;5827887,629;13,24509;52,52484
26724;202374;11;2;2020203;2019;12;20;6;3;6;4;2;0;0;1;0;0;1;0;797505,209;5824003,044;13,38221;52,48489
26725;202375;11;10;10010311;2019;12;16;2;3;2;6;2;0;1;0;0;0;0;2;810356,8533;5831816,03;13,57816;52,54775
26726;202376;11;9;9030901;2019;12;20;6;3;6;4;2;0;0;1;0;0;1;1;807701,3701;5817727,85;13,52612;52,423
26727;202377;11;8;8041037;2019;12;14;2;2;0;3;0;0;0;0;1;0;1;1;805256,4531;5817385,557;13,48996;52,4213
26728;202378;11;2;2020204;2019;12;13;2;3;2;6;0;0;1;0;0;0;0;0;798322,6994;5825114,179;13,39521;52,4944
26729;202379;11;12;12224230;2019;12;20;6;2;4;6;2;1;0;0;0;0;0;0;787228,2787;5836084,627;13,24174;52,59871
26730;202380;11;3;3071639;2019;12;12;2;3;9;1;0;0;1;0;0;0;1;1;800914,6622;5829196,318;13,43697;52,52957
26731;202381;11;7;7010102;2019;12;16;6;3;6;4;2;1;0;1;0;0;0;1;795079,1756;5825806,797;13,34819;52,50237
26732;202382;11;4;4051549;2019;12;9;2;3;2;6;0;0;1;0;0;0;0;0;793311,5968;5823898,701;13,32054;52,48622
26733;202383;11;10;10010308;2019;12;18;1;3;5;3;2;0;1;0;0;0;1;1;806330,9182;5830178,569;13,51747;52,53535
26734;202384;11;6;6030609;2019;12;17;6;3;6;2;2;0;1;1;0;0;0;1;793263,586;5819084,045;13,31561;52,44309
26735;202385;11;12;12302212;2019;12;17;6;3;6;4;2;0;1;1;0;0;0;1;793386,013;5837768,309;13,33389;52,61051
26736;202386;11;4;4051446;2019;12;2;1;3;5;3;2;0;1;0;0;0;0;1;793075,724;5825004,254;13,31805;52,49626
26737;202387;11;9;9052001;2019;12;17;6;3;6;4;2;0;1;1;0;0;0;1;811039,3435;5821968,707;13,579;52,45912
26738;202388;11;1;1011402;2019;12;17;6;3;0;2;2;0;1;1;0;0;0;1;798310,1139;5829387,754;13,39886;52,53272
26739;202389;11;12;12103219;2019;12;17;6;3;6;2;2;0;1;1;0;0;0;1;795612,3387;5833076,894;13,36249;52,56725
26740;202390;11;3;3050924;2019;12;17;6;3;6;4;2;0;1;1;0;0;0;1;801392,584;5831509,618;13,44609;52,55004
26741;202391;11;4;4051551;2019;12;15;6;3;5;2;1;1;1;0;0;0;0;1;793334,31;5823067,532;13,32015;52,47876
26742;202392;11;8;8041040;2019;12;17;1;2;1;5;2;0;1;0;0;1;0;1;805892,7135;5816925,332;13,49887;52,41682
26743;202393;11;4;4041344;2019;12;19;1;3;5;3;2;1;1;0;0;0;0;1;792819,0727;5821879,015;13,31154;52,46838
26744;202394;11;10;10010310;2019;12;16;6;3;5;3;2;1;1;0;0;0;0;1;809874,8432;5831436,647;13,57072;52,54463
26745;202395;11;8;8020727;2019;12;16;6;3;2;6;2;0;1;0;0;0;0;1;801212,7906;5817164,724;13,43048;52,42156
26746;202396;11;6;6030609;2019;12;16;6;3;8;1;2;0;1;0;0;0;0;1;793030,9625;5818150,574;13,31138;52,43484
26747;202397;11;12;12214125;2019;12;19;1;3;2;6;2;0;1;0;0;0;0;0;791176,3407;5830884,699;13,2953;52,54999
26748;202398;11;1;1044201;2019;12;16;6;3;2;6;2;0;1;0;0;0;1;1;796461,0561;5831649,509;13,3737;52,554
26749;202399;11;6;6040807;2019;12;17;1;3;5;3;2;0;1;0;0;0;0;1;789719,2386;5818444,227;13,26305;52,43924
26750;202400;11;6;6030503;2019;12;12;6;2;2;7;0;0;1;0;0;0;0;1;791014,0188;5818627,909;13,28221;52,4402
26751;202401;11;9;9051901;2019;12;22;6;3;6;2;2;0;1;1;0;0;0;1;812066,9852;5821206,835;13,59336;52,4517
26752;202402;11;6;6040804;2019;12;17;1;3;6;7;2;1;0;1;0;0;0;1;787629,3641;5818129,555;13,23212;52,43752
26753;202403;11;2;2010103;2019;12;21;6;3;6;2;2;0;1;1;0;0;0;1;799032,7271;5826075,067;13,4065;52,50263