;OBJECTID;LAND;BEZ;LOR;UJAHR;UMONAT;USTUNDE;UWOCHENTAG;UKATEGORIE;UART;UTYP1;ULICHTVERH;IstRad;IstPKW;IstFuss;IstKrad;IstGkfz;IstSonstige;USTRZUSTAND;LINREFX;LINREFY;XGCSWGS84;YGCSWGS84
26754;202404;11;4;4030519;2019;12;20;6;3;5;7;2;0;1;0;0;0;1;1;792357,4517;5828664,444;13,31072;52,52946
26755;202405;11;10;10010310;2019;12;19;6;3;2;6;2;0;1;0;0;0;0;1;809496,3944;5831430,625;13,56515;52,54479
26756;202406;11;4;4010101;2019;12;16;1;3;5;3;2;0;1;0;0;0;0;0;791209,4445;5829731,007;13,29478;52,53963
26757;202407;11;9;9020701;2019;12;19;6;3;5;3;2;0;1;0;0;0;0;1;807709,5473;5818115,241;13,5266;52,42647
26758;202408;11;6;6010207;2019;12;19;6;3;5;3;2;0;1;0;0;0;0;1;793470,5239;5820167,247;13,31959;52,45268
26759;202409;11;8;8010301;2019;12;14;1;3;5;3;0;1;1;0;0;0;0;1;800548,8694;5824778,16;13,4276;52,49017
26760;202410;11;8;8010214;2019;12;19;6;3;2;6;2;0;1;0;0;0;0;1;801757,9517;5822043,234;13,44288;52,46499
26761;202411;11;8;8041038;2019;12;14;1;2;5;2;0;0;1;0;0;0;0;1;806239,8661;5816367,322;13,50345;52,41162
26762;202412;11;7;7020203;2019;12;19;6;3;0;4;2;1;0;1;0;0;0;1;795024,2116;5823837,194;13,34564;52,48475
26763;202413;11;4;4020310;2019;12;18;6;3;2;6;2;0;1;0;0;0;0;1;790570,5711;5827354,22;13,28331;52,51867
26764;202414;11;4;5030833;2019;12;13;1;3;2;6;0;0;1;0;0;0;0;1;790385,3998;5829032,04;13,28205;52,53381
26765;202415;11;12;12214125;2019;12;11;1;3;5;2;0;0;1;0;0;0;0;1;791167,2519;5834028,102;13,29793;52,57818
26766;202416;11;12;12304314;2019;12;18;6;3;6;4;2;0;1;1;0;0;0;1;791262,756;5836437,614;13,30145;52,59973
26767;202417;11;4;4031032;2019;12;18;6;3;0;7;2;0;1;0;0;0;0;1;791588,2801;5825300,547;13,29646;52,49971
26768;202418;11;9;9010401;2019;12;6;1;3;8;1;2;0;1;0;0;0;0;2;805509,3872;5821509,585;13,49744;52,45812
26769;202419;11;4;4030623;2019;12;5;1;3;9;1;2;0;1;0;0;0;0;1;793516,7098;5826486,229;13,32584;52,50931
26770;202420;11;4;4041241;2019;12;18;6;2;6;4;2;1;0;1;0;0;0;1;791528,3914;5822489,752;13,29312;52,47455
26771;202421;11;5;5030833;2019;12;16;6;2;6;2;2;0;1;1;0;0;0;1;789210,131;5829267,959;13,26498;52,53655
26772;202422;11;4;4030929;2019;12;16;6;2;0;7;2;1;0;0;0;0;0;1;792660,2197;5825767,023;13,31262;52,50332
26773;202423;11;9;9041301;2019;12;5;1;3;9;1;2;0;1;0;0;0;0;1;813786,8915;5818810,987;13,61634;52,42925
26774;202424;11;2;2050801;2019;12;14;6;3;5;3;0;0;1;0;0;0;0;1;802556,1195;5827390,821;13,45945;52,51248
26775;202425;11;1;1011304;2019;12;1;1;2;5;3;2;1;1;0;0;0;0;1;799730,1518;5827539,762;13,41807;52,51537
26776;202426;11;9;9030902;2019;12;14;6;3;5;2;0;1;1;0;0;0;0;1;807990,7561;5815469,408;13,52828;52,40259
26777;202427;11;4;4041134;2019;12;10;6;3;5;3;0;1;1;0;0;0;0;1;790282,5033;5824205,667;13,27633;52,49059
26778;202428;11;3;3030715;2019;12;12;1;3;2;6;0;0;1;0;0;0;0;0;801100,5334;5834663,613;13,44466;52,57847
26779;202429;11;11;11040926;2019;12;9;6;3;5;3;0;0;1;0;0;0;0;1;804690,2383;5826668,96;13,49014;52,50482
26780;202430;11;4;4041136;2019;12;9;6;3;6;4;0;0;1;1;0;0;0;1;790695,9009;5822714,865;13,2811;52,47701
26781;202431;11;8;8010213;2019;12;8;6;3;5;7;0;1;1;0;0;0;0;0;801172,7026;5822731,32;13,43491;52,47148
26782;202432;11;11;11030720;2019;12;0;1;1;6;4;2;0;1;1;0;0;0;1;806129,6254;5830144,447;13,51448;52,53516
26783;202433;11;8;8010302;2019;12;14;7;2;5;7;0;0;1;0;1;0;0;1;801545,281;5824656,689;13,44212;52,48853
26784;202434;11;2;2020206;2019;12;8;6;3;0;1;0;1;0;0;0;0;0;0;800154,1611;5824656,594;13,4217;52,4893
26785;202435;11;8;8041036;2019;12;14;2;3;5;3;0;0;1;0;0;0;0;0;805259,2708;5817236,945;13,48987;52,41997
26786;202436;11;8;8010211;2019;12;13;2;3;1;5;0;1;1;0;0;0;0;0;800712,8859;5823798,449;13,42913;52,4813
26787;202437;11;12;12103117;2019;12;11;2;3;5;3;0;0;1;0;0;0;0;0;796698,9583;5833013,311;13,37842;52,56609
26788;202438;11;8;8010303;2019;12;10;2;3;5;2;0;0;1;0;1;0;0;0;801020,6419;5823900,756;13,43374;52,48204
26789;202439;11;4;4010102;2019;12;8;2;3;6;4;0;0;0;1;1;0;0;0;792767,3422;5830589,59;13,31844;52,54649
26790;202440;11;6;6020410;2019;12;21;2;2;5;3;2;0;1;0;0;1;0;0;794482,9597;5816586,098;13,3313;52,42004
26791;202441;11;9;9020501;2019;12;6;2;2;0;1;2;1;0;0;0;0;0;0;806522,6645;5822605,728;13,51332;52,46738
26792;202442;11;8;8030831;2019;12;16;1;3;6;7;2;0;1;1;0;0;0;0;803392,0594;5817533,829;13,46277;52,42367
26793;202443;11;11;11040925;2019;12;15;1;3;5;3;0;0;1;0;0;0;0;0;803410,3577;5826620,938;13,4713;52,5051
26794;202444;11;4;4041238;2019;12;14;1;3;2;6;0;0;1;0;0;0;0;0;791685,308;5823702,264;13,29649;52,48533
26795;202445;11;6;6020303;2019;12;4;1;3;5;3;2;0;1;0;0;0;0;0;795662,8328;5818244,407;13,35006;52,43427
26796;202446;11;4;4030827;2019;12;2;1;3;1;5;2;0;1;0;0;0;0;0;792139,7349;5826114,513;13,30528;52,50671
26797;202447;11;11;11010205;2019;12;21;7;2;6;4;2;0;1;1;0;0;0;0;806882,0673;5832599,053;13,5278;52,55674
26798;202448;11;1;1011302;2019;12;21;7;3;1;5;2;0;1;0;0;0;1;0;798641,4761;5828885,229;13,40328;52,52803
26799;202449;11;8;8010510;2019;12;20;7;3;2;2;2;0;1;0;0;0;0;1;803172,2454;5821961,847;13,46356;52,46348
26800;202450;11;1;1044201;2019;12;17;7;3;6;7;2;0;1;1;0;0;0;0;796836,9495;5831562,889;13,37915;52,55302
26801;202451;11;1;1022205;2019;12;16;7;3;0;1;2;1;0;0;0;0;0;0;795998,1443;5828687,65;13,36425;52,5277
26802;202452;11;7;7040405;2019;12;17;7;3;6;4;2;0;1;1;0;0;0;0;798020,0347;5821181,453;13,38725;52,45931
26803;202453;11;2;2040502;2019;12;15;7;3;6;3;0;1;0;1;0;0;0;0;800734,159;5828488,312;13,43367;52,52332
26804;202454;11;6;6010205;2019;12;14;7;3;6;4;0;0;1;1;0;0;0;0;795879,6559;5819859,13;13,35467;52,44862
26805;202455;11;8;8020623;2019;12;13;7;3;5;3;0;0;1;0;0;0;1;0;803003,7524;5819891,92;13,45921;52,44502
26806;202456;11;1;1011303;2019;12;12;7;3;5;3;0;0;0;0;0;0;1;0;798668,3023;5828150,346;13,40301;52,52143
26807;202457;11;4;4030417;2019;12;12;7;3;5;7;0;0;1;0;1;0;0;0;791745,9242;5827246,031;13,30048;52,51707
26808;202458;11;8;8010301;2019;12;12;7;3;6;4;0;0;1;1;0;0;0;0;800887,1957;5824280,219;13,43212;52,48552
26809;202459;11;2;2030302;2019;12;7;7;3;5;3;2;1;1;0;0;0;0;0;801155,9098;5825955,241;13,43758;52,50038
26810;202460;11;8;8010301;2019;12;23;7;2;0;1;2;1;0;0;0;0;0;0;800848,2109;5824514,695;13,43176;52,48764
26811;202461;11;1;1011305;2019;12;0;7;2;5;3;2;0;1;0;0;0;1;0;799648,7025;5827039,634;13,41642;52,51093
26812;202462;11;4;4030620;2019;12;0;6;2;8;1;2;0;1;0;0;0;0;1;792747,344;5827036,616;13,31502;52,51465
26813;202463;11;1;1022103;2019;12;16;6;3;5;3;2;1;1;0;0;0;0;0;795130,1952;5829614,96;13,35232;52,53648
26814;202464;11;2;2020206;2019;12;13;6;3;0;7;0;0;1;0;0;0;0;0;799506,9887;5824517,295;13,41207;52,4884
26815;202465;11;9;9052001;2019;12;10;6;3;3;6;0;1;1;0;0;0;0;1;810798,3568;5822472,423;13,57593;52,46377
26816;202466;11;7;7030303;2019;12;10;6;3;0;3;0;0;0;0;1;0;1;1;795069,6735;5821620,117;13,34434;52,46485
26817;202467;11;2;2020204;2019;12;9;6;3;8;1;0;0;1;0;0;0;0;1;798706,7547;5824670,025;13,40045;52,49021
26818;202468;11;4;4041134;2019;12;7;6;3;5;3;1;1;0;0;0;0;1;0;790853,0404;5823648,413;13,28422;52,48529
26819;202469;11;1;1011103;2019;12;21;6;3;2;6;2;0;1;0;0;0;0;1;795841,8159;5826022,823;13,35958;52,5039
26820;202470;11;5;5010311;2019;12;20;6;3;6;2;2;0;1;1;0;0;0;1;785200,787;5830989,067;13,2075;52,55409
26821;202471;11;4;4041344;2019;12;19;6;3;1;5;2;1;1;0;0;0;0;0;792983,1748;5822335,656;13,31435;52,47239
26822;202472;11;8;8020622;2019;12;17;6;3;2;6;2;0;1;0;0;0;0;1;801367,4298;5819295,065;13,43467;52,44057
26823;202473;11;7;7020204;2019;12;17;6;3;5;3;2;1;1;0;0;0;0;1;796273,1528;5823229,024;13,36344;52,47862
26824;202474;11;11;11030720;2019;12;16;6;3;5;3;2;0;1;0;0;0;0;1;805141,3927;5829994,533;13,49982;52,53437
26825;202475;11;9;9051702;2019;12;19;6;2;6;4;2;0;1;1;0;0;0;1;814202,1797;5821282,295;13,62475;52,45116
26826;202476;11;3;3040513;2019;12;14;6;2;0;1;0;1;0;0;0;0;0;1;798043,3684;5833591,008;13,39871;52,57054
26827;202477;11;6;6040807;2019;12;9;6;2;5;3;0;1;1;0;0;0;0;1;789992,8808;5819150,955;13,26768;52,44543
26828;202478;11;12;12103116;2019;12;17;5;3;2;2;2;1;1;0;0;0;0;1;795892,0684;5833185,194;13,3667;52,56807
26829;202479;11;8;8010404;2019;12;20;5;3;5;3;2;0;1;0;0;0;0;1;802483,9387;5823139,997;13,45453;52,47442
26830;202480;11;10;10020622;2019;12;17;5;3;5;2;2;0;1;0;0;0;0;1;811142,72;5829166,158;13,58723;52,52356
26831;202481;11;11;11020514;2019;12;17;5;3;5;3;2;0;1;0;0;0;0;1;804684,0909;5830729,188;13,49377;52,54121
26832;202482;11;11;11051229;2019;12;17;5;3;2;6;2;0;1;0;1;0;0;1;803731,8712;5826229,116;13,47566;52,50141
26833;202483;11;8;8010303;2019;12;16;5;3;5;3;2;0;1;0;0;0;0;1;800670,1395;5824245,421;13,4289;52,48533
26834;202484;11;1;1033201;2019;12;11;5;3;0;1;0;0;1;0;1;0;0;1;798304,308;5830113,415;13,39942;52,53922
26835;202485;11;9;9051702;2019;12;9;5;3;0;1;0;1;0;0;0;0;0;1;814202,7415;5821334,285;13,62481;52,45162
26836;202486;11;5;5020625;2019;12;2;5;3;8;1;2;0;1;0;0;0;0;1;784570,7211;5828185,06;13,19583;52,52928
26837;202487;11;4;4030518;2019;12;0;5;3;0;1;2;0;0;0;0;0;1;1;791718,4076;5828239,882;13,30095;52,52599
26838;202488;11;11;11030720;2019;12;15;5;2;5;1;0;0;1;0;0;0;0;1;806107,755;5830140,718;13,51415;52,53514
26839;202489;11;9;9010301;2019;12;14;5;2;5;2;0;0;1;0;0;0;0;1;805016,5854;5822703,432;13,4913;52,4691
26840;202490;11;1;1033203;2019;12;6;5;2;3;6;2;1;1;0;0;0;0;1;796971,2726;5831449,963;13,38102;52,55193
26841;202491;11;4;4051655;2019;12;12;4;3;5;2;0;0;1;0;0;0;0;1;793891,2195;5823091,498;13,32834;52,47867
26842;202492;11;1;1033201;2019;12;23;4;3;5;7;2;0;1;0;1;0;0;1;798024,2269;5830081,595;13,39528;52,53909
26843;202493;11;4;4030929;2019;12;19;4;3;2;7;2;0;1;0;0;0;0;1;792340,1211;5825392,822;13,30759;52,50014
26844;202494;11;7;7030303;2019;12;16;4;3;1;1;2;0;1;0;0;0;1;1;795440,3527;5820986,3;13,34922;52,45897
26845;202495;11;8;8020728;2019;12;13;4;3;5;3;0;0;1;0;0;0;1;1;801895,1904;5816959,605;13,4403;52,41935
26846;202496;11;4;4020208;2019;12;23;3;3;6;2;2;0;1;1;0;0;0;1;788803,6302;5825929,404;13,2561;52,50683
26847;202497;11;9;9010301;2019;12;21;3;3;5;2;2;0;1;0;0;0;0;1;805015,8246;5822702,247;13,49129;52,46909
26848;202498;11;5;5010101;2019;12;20;3;3;6;2;2;0;1;1;0;0;0;1;785231,4041;5831827,239;13,20867;52,56159
26849;202499;11;10;10040931;2019;12;19;3;3;5;3;2;0;1;0;0;0;0;1;813483,5662;5829447,401;13,62189;52,52474
26850;202500;11;11;11010308;2019;12;18;3;3;1;5;2;0;1;0;0;0;0;1;805221,9394;5833906;13,50459;52,56938
26851;202501;11;6;6020304;2019;12;18;3;3;8;1;2;0;1;0;0;0;0;1;794540,3614;5817690,445;13,33311;52,42991
26852;202502;11;1;1022201;2019;12;14;3;3;0;1;0;0;1;0;1;0;0;0;795150,2521;5829394,983;13,35242;52,5345
26853;202503;11;5;5010339;2019;12;13;3;3;0;6;0;0;1;0;0;0;1;1;787566,1842;5828029,729;13,23973;52,52631
26854;202504;11;8;8010404;2019;12;13;3;3;6;4;0;0;1;1;0;0;0;0;801395,2479;5823748,119;13,4391;52,48047
26855;202505;11;3;3040818;2019;12;11;3;3;5;2;0;1;1;0;0;0;0;0;799011,1789;5833158,611;13,41256;52,56613
26856;202506;11;2;2040502;2019;12;10;3;3;5;3;0;1;0;0;0;0;0;0;801001,8472;5828043,538;13,4372;52,51919
26857;202507;11;10;10010204;2019;12;9;3;3;2;2;0;0;1;0;0;0;0;0;810050,6804;5832619,397;13,57441;52,55512
26858;202508;11;3;3050923;2019;12;20;2;3;6;4;2;0;1;1;0;0;0;0;801224,9799;5831966,173;13,44404;52,55422
26859;202509;11;2;2010104;2019;12;17;2;3;2;2;1;0;1;0;1;0;0;0;799878,064;5825706,142;13,41859;52,49886
26860;202510;11;10;10010206;2019;12;7;2;3;6;7;2;1;0;1;0;0;0;0;809823,0105;5831966,078;13,57045;52,5494
26861;202511;11;10;10030724;2019;12;13;2;3;2;6;0;0;1;0;0;0;1;1;809598,9592;5828501,584;13,56393;52,51848
26862;202512;11;4;4020311;2019;12;12;2;3;6;7;0;0;1;1;0;0;0;1;788511,841;5827506,54;13,25318;52,52112
26863;202513;11;9;9052001;2019;12;12;2;3;1;5;0;0;1;0;0;0;0;0;811341,7761;5822688,556;13,58411;52,46539
26864;202514;11;2;2030302;2019;12;19;2;3;1;5;2;1;1;0;0;0;0;0;801337,2438;5826132,526;13,4404;52,50187
26865;202515;11;4;4030931;2019;12;20;2;3;6;4;2;0;1;1;0;0;0;0;793929,439;5826192,219;13,33164;52,50645
26866;202516;11;2;2050803;2019;12;18;2;3;5;7;2;0;1;0;0;0;0;0;803046,3058;5825837,441;13,46524;52,49828
26867;202517;11;11;11020514;2019;12;12;2;2;6;4;0;0;1;1;0;0;0;1;804577,4705;5831044,969;13,49249;52,5441
26868;202518;11;9;9010302;2019;12;17;2;3;2;6;2;0;1;0;0;0;0;0;804359,5413;5819755,693;13,47897;52,44304
26869;202519;11;6;6020306;2019;12;16;2;2;9;1;2;0;1;0;0;0;0;0;795695,3719;5816868,965;13,34932;52,42192
26870;202520;11;12;12214527;2019;12;16;2;3;2;6;1;0;1;0;0;0;0;0;790284,504;5835028,245;13,28581;52,58762
26871;202521;11;6;6020301;2019;12;16;2;3;5;3;2;0;1;0;0;0;0;1;796232,1508;5818607,697;13,35873;52,43721
26872;202522;11;8;8030831;2019;12;16;2;3;0;5;1;1;1;0;0;0;0;1;804713,2176;5817702,841;13,48229;52,42445
26873;202523;11;12;12214125;2019;12;15;2;2;5;2;0;1;1;0;0;0;0;0;791159,7564;5833450,469;13,29731;52,573
26874;202524;11;4;4041136;2019;12;11;2;2;9;7;0;0;1;0;0;0;0;1;790669,5364;5822718,619;13,28071;52,47705
26875;202525;11;8;8020620;2019;12;11;2;3;5;3;0;1;1;0;0;0;0;1;801398,334;5820277,006;13,43601;52,44936
26876;202526;11;6;6010210;2019;12;9;2;3;6;4;0;1;0;1;0;0;0;1;795146,1467;5821243,049;13,34513;52,46143
26877;202527;11;4;4030931;2019;12;9;2;2;6;2;0;0;1;1;0;0;0;1;793991,4962;5826149,26;13,33251;52,50603
26878;202528;11;2;2030402;2019;12;8;2;3;1;5;0;1;0;0;0;0;1;1;801242,7675;5825903,778;13,43881;52,49988
26879;202529;11;1;1044101;2019;12;7;2;3;5;3;1;0;1;0;0;0;0;1;793761,8788;5831852,412;13,33418;52,55728
26880;202530;11;8;8010404;2019;12;7;2;3;6;2;2;0;1;1;0;0;0;1;802031,1427;5823470,226;13,44818;52,47763
26881;202531;11;5;5020625;2019;12;18;2;3;5;3;2;0;1;0;0;0;1;0;784712,0728;5828600,636;13,19827;52,53293
26882;202532;11;2;2020205;2019;12;14;1;3;0;1;0;1;0;0;0;0;0;1;798297,5239;5824513,238;13,3943;52,48903
26883;202533;11;3;3071639;2019;12;14;1;3;0;5;0;0;1;0;0;0;0;0;800646,7225;5829381,082;13,4332;52,53137
26884;202534;11;12;12103218;2019;12;12;1;2;5;2;0;1;1;0;0;0;0;0;794852,9766;5833077,829;13,35132;52,56768
26885;202535;11;8;8020619;2019;12;12;1;3;5;2;0;0;1;0;0;0;0;1;801546,2909;5820647,214;13,43851;52,45259
26886;202536;11;12;12214422;2019;12;9;1;3;2;2;0;0;1;0;1;0;0;1;791876,4015;5833393,416;13,3078;52,57211
26887;202537;11;4;4030931;2019;12;8;1;3;5;3;0;0;1;0;0;0;0;1;793518,3704;5825716,438;13,32518;52,50241
26888;202538;11;2;2020206;2019;12;7;1;3;5;3;2;0;1;0;0;0;0;1;799206,6449;5824557,178;13,40769;52,48893
26889;202539;11;11;11041128;2019;12;18;1;3;1;5;2;0;1;0;0;0;0;1;806964,0104;5825765,942;13,5227;52,49545
26890;202540;11;12;12214424;2019;12;21;1;3;2;6;2;0;1;0;0;0;0;0;792879,1337;5832146,888;13,32146;52,5604
26891;202541;11;4;4030930;2019;12;18;1;3;5;3;2;0;1;0;1;0;0;0;793133,7691;5825598,992;13,31943;52,50156
26892;202542;11;1;1011402;2019;12;16;1;3;3;6;2;1;0;0;0;0;0;1;798798,6482;5829226,53;13,40589;52,531
26893;202543;11;8;8030831;2019;12;14;1;3;1;5;0;0;1;0;0;0;0;0;804644,1134;5817817,277;13,48138;52,42551
26894;202544;11;6;6040703;2019;12;13;1;3;5;3;0;0;1;0;0;0;0;0;785895,658;5816551,608;13,20534;52,42428
26895;202545;11;7;7040403;2019;12;21;7;3;2;2;2;0;1;0;0;0;0;0;796892,9932;5822307,718;13,37172;52,47002
26896;202546;11;2;2030401;2019;12;20;7;2;0;3;2;0;1;0;0;0;0;1;800637,657;5825688,154;13,42973;52,49828
26897;202547;11;5;5020419;2019;12;19;7;3;2;6;2;0;1;0;0;0;1;1;781059,6923;5828357,043;13,14436;52,53264
26898;202548;11;12;12103117;2019;12;17;7;2;0;4;2;0;0;1;0;0;1;0;796689,1357;5832921,149;13,37819;52,56527
26899;202549;11;8;8010404;2019;12;16;7;3;0;1;2;0;0;0;1;0;0;1;801380,9501;5823760,684;13,4389;52,48059
26900;202550;11;6;6040807;2019;12;14;7;3;2;2;0;0;1;0;0;0;0;1;790008,4255;5819157,343;13,26791;52,44548
26901;202551;11;5;5020625;2019;12;13;7;3;2;7;0;0;1;0;0;0;0;0;784679,6554;5828253,279;13,19749;52,52983
26902;202552;11;9;9051702;2019;12;13;7;3;6;4;0;0;1;1;0;0;0;0;814202,3817;5821303,064;13,62477;52,45134
26903;202553;11;8;8041036;2019;12;13;7;2;5;2;0;0;1;0;0;0;0;0;805266,59;5817242,529;13,48998;52,42001
26904;202554;11;6;6030607;2019;12;12;7;3;1;1;0;0;1;0;0;0;1;1;791698,5181;5816269,301;13,29019;52,41869
26905;202555;11;7;7060601;2019;12;12;7;3;0;3;0;1;1;0;0;0;0;1;796513,9714;5816378,545;13,36089;52,41708
26906;202556;11;7;7060604;2019;12;11;7;2;8;1;0;0;1;0;0;0;0;1;797597,6635;5815556,259;13,37605;52,40912
26907;202557;11;12;12214422;2019;12;11;7;3;5;7;0;0;1;0;0;0;0;1;791744,3498;5832948,39;13,30547;52,56819
26908;202558;11;12;12304314;2019;12;10;7;3;2;6;0;0;1;0;0;0;0;1;790131,067;5835996,025;13,2844;52,59637
26909;202559;11;1;1011301;2019;12;10;7;3;2;6;0;0;1;0;0;0;0;0;797469,77;5828832,257;13,38601;52,5282
26910;202560;11;2;2050801;2019;12;9;7;3;2;6;0;0;1;0;0;0;1;1;803653,2134;5827411,32;13,47558;52,51205
26911;202561;11;8;8010301;2019;12;8;7;3;0;3;0;0;1;0;0;0;1;1;801459,2692;5823878,319;13,44016;52,4816
26912;202562;11;2;2010104;2019;12;3;7;3;5;2;2;0;1;0;0;0;0;1;798586,5209;5825563,989;13,39949;52,49829
26913;202563;11;10;10010204;2019;12;16;6;3;2;6;1;0;1;0;0;0;0;1;809183,9225;5833279,012;13,56228;52,56153
26914;202564;11;1;1033102;2019;12;15;6;3;0;3;0;1;1;0;0;0;0;1;797415,0029;5831909,822;13,38796;52,55581
26915;202565;11;6;6010103;2019;12;17;6;3;0;7;2;0;1;1;0;0;0;1;793422,8659;5821329,349;13,31992;52,46313
26916;202566;11;4;4030415;2019;12;16;6;3;5;3;2;0;1;0;0;0;0;0;791182,2225;5827451,083;13,29238;52,51921
26917;202567;11;8;8010301;2019;12;16;6;3;1;5;2;1;1;0;0;0;0;1;801496,5233;5823944,778;13,44076;52,48218
26918;202568;11;7;7040403;2019;12;20;6;3;5;2;2;0;1;0;0;0;0;1;797234,007;5820691,627;13,37528;52,45535
26919;202569;11;3;3030406;2019;12;19;6;2;5;2;2;0;1;0;1;0;0;1;802803,8578;5838577,183;13,4733;52,6126
26920;202570;11;4;4030929;2019;12;19;6;3;2;6;2;0;1;0;0;0;0;0;792721,2796;5825952,552;13,31368;52,50495
26921;202571;11;11;11040926;2019;12;19;6;3;6;2;2;0;1;1;0;0;0;0;804494,162;5826390,566;13,487;52,50243
26922;202572;11;12;12231102;2019;12;18;6;3;5;3;2;0;1;0;0;0;0;1;789631,4625;5839732,353;13,28032;52,63014
26923;202573;11;1;1011102;2019;12;18;6;3;5;3;2;0;1;0;0;0;0;0;795163,6964;5827238,424;13,3507;52,51516
26924;202574;11;7;7040401;2019;12;17;6;2;6;4;2;0;1;1;0;0;0;1;796543,0958;5822753,464;13,36698;52,47421
26925;202575;11;10;10030725;2019;12;10;6;2;6;4;0;0;1;1;0;0;0;1;809709,2047;5829684,884;13,56666;52,52902
26926;202576;11;1;1022206;2019;12;16;6;3;6;2;2;0;1;1;0;0;0;1;795523,6547;5828187,929;13,35683;52,52348
26927;202577;11;5;5010206;2019;12;17;6;3;6;4;2;0;1;1;0;0;0;0;781316,8346;5830754,249;13,15017;52,55401
26928;202578;11;12;12214125;2019;12;10;6;3;0;5;0;1;1;0;0;0;0;1;790265,5247;5833690,775;13,28436;52,57564
26929;202579;11;4;4030929;2019;12;9;6;3;5;3;0;1;1;0;0;0;0;1;792707,3579;5825893,924;13,31342;52,50443
26930;202580;11;4;4030519;2019;12;9;6;3;5;3;0;0;1;0;0;0;0;0;792078,3737;5828571,927;13,30653;52,52878
26931;202581;11;10;10020412;2019;12;8;6;2;6;4;0;0;1;1;0;0;0;1;811315,4022;5831727,134;13,59217;52,54641
26932;202582;11;1;1011204;2019;12;7;6;3;2;2;1;1;1;0;0;0;0;0;798562,0174;5826812,285;13,40025;52,50949
26933;202583;11;11;11041023;2019;12;7;6;3;6;4;2;0;1;1;0;0;0;1;807525,8117;5827573,555;13,53262;52,51134
26934;202586;11;2;2010102;2019;12;6;6;3;1;5;2;1;1;0;0;0;0;1;797727,5887;5826432,594;13,38765;52,50654
26935;202587;11;11;11030721;2019;12;6;6;3;6;2;2;0;1;1;0;0;0;0;804850,8573;5827939,154;13,49366;52,51611
26936;202590;11;12;12103218;2019;12;16;6;3;5;2;1;1;1;0;0;0;0;0;794864,7235;5833056,278;13,35147;52,56748
26937;202591;11;2;2030302;2019;12;15;6;3;0;3;1;1;1;0;0;0;0;1;801323,7911;5826142,315;13,44021;52,50197
26938;202593;11;6;6040804;2019;12;15;6;3;6;4;1;0;1;1;0;0;0;1;788737,633;5820190,241;13,25016;52,45541
26939;202595;11;8;8041036;2019;12;14;6;2;6;4;0;0;1;1;0;0;0;1;805264,0064;5817256,129;13,48996;52,42014
26940;202596;11;7;7050501;2019;12;14;6;3;5;3;0;1;0;0;0;1;0;0;797737,4511;5819125,384;13,38127;52,44104
26941;202599;11;4;4030931;2019;12;14;6;3;0;6;0;0;1;0;0;0;1;0;793514,6942;5825734,58;13,32514;52,50257
26942;202600;11;2;2050802;2019;12;23;6;3;5;3;2;0;1;0;0;0;0;1;802542,7287;5826734,524;13,45866;52,5066
26943;202602;11;10;10010311;2019;12;22;6;2;0;1;2;1;0;0;0;0;0;1;810571,4618;5831924,011;13,58142;52,5486
26944;202603;11;3;3061227;2019;12;22;6;3;0;5;2;0;1;1;0;0;0;0;799528,5415;5831576,537;13,41874;52,55167
26945;202606;11;4;4030417;2019;12;21;6;3;5;3;2;0;1;0;0;0;1;0;791443,2581;5827203,24;13,296;52,51685
26946;202607;11;10;10030727;2019;12;14;6;3;5;2;0;1;0;0;0;0;1;0;809937,9325;5827049,218;13,56756;52,50527
26947;202608;11;7;7010101;2019;12;14;6;3;3;6;0;1;0;0;0;0;0;0;794681,6155;5825212,528;13,34182;52,49726
26948;202609;11;10;10020414;2019;12;17;6;2;5;2;2;1;1;0;0;0;0;1;812466,0383;5830966,552;13,60837;52,53893
26949;202610;11;10;10010310;2019;12;16;6;3;5;2;2;1;1;0;0;0;0;0;809778,0769;5830711,003;13,56862;52,53818
26950;202613;11;6;6040804;2019;12;14;6;3;3;6;0;0;1;0;0;0;0;0;787683,0527;5818215,425;13,23298;52,43826
26951;202615;11;6;6020301;2019;12;16;6;2;6;2;2;0;1;1;0;0;0;0;796475,5125;5818331,595;13,36206;52,43461
26952;202618;11;8;8010211;2019;12;13;6;3;5;7;0;0;1;0;0;0;0;0;800359,6322;5824203,507;13,4243;52,48512
26953;202622;11;6;6030609;2019;12;7;6;3;5;2;0;1;1;0;0;0;0;0;793169,8212;5818223,831;13,31348;52,43542
26954;202623;11;1;1033201;2019;12;21;6;3;5;2;2;1;1;0;0;0;0;1;798080,9829;5830001,892;13,39604;52,53835
26955;202626;11;5;5030833;2019;12;20;6;3;6;2;2;0;1;1;0;0;0;1;789209,6786;5829269,007;13,26497;52,53656
26956;202629;11;1;1022201;2019;12;13;6;3;5;3;0;1;1;0;0;0;0;1;795617,6085;5829351,107;13,35925;52,53385
26957;202630;11;3;3020307;2019;12;20;6;3;6;2;2;0;1;1;0;0;0;0;799700,1862;5837335,777;13,42647;52,60319
26958;202633;11;5;5010311;2019;12;13;6;3;5;7;0;0;1;0;1;0;0;1;785405,5361;5830528,228;13,21012;52,54985
26959;202634;11;6;6010102;2019;12;13;6;3;3;6;0;1;1;0;0;0;0;0;793726,7381;5821058,062;13,32414;52,46053
26960;202638;11;5;5010102;2019;12;12;6;3;6;4;0;0;1;1;0;0;0;0;785254,7249;5832225,929;13,20936;52,56515