;OBJECTID;LAND;BEZ;LOR;UJAHR;UMONAT;USTUNDE;UWOCHENTAG;UKATEGORIE;UART;UTYP1;ULICHTVERH;IstRad;IstPKW;IstFuss;IstKrad;IstGkfz;IstSonstige;USTRZUSTAND;LINREFX;LINREFY;XGCSWGS84;YGCSWGS84
26961;202640;11;7;7040401;2019;12;12;6;3;6;7;0;0;1;1;0;0;0;0;799124,5191;5823861,678;13,40586;52,48274
26962;202643;11;1;1011101;2019;12;12;6;3;0;7;0;1;1;0;0;0;0;1;794906,6495;5826168,799;13,34598;52,50571
26963;202647;11;11;11041128;2019;12;10;6;3;6;4;0;0;1;1;0;0;0;0;806412,4054;5825656,288;13,5145;52,49478
26964;202648;11;1;1044203;2019;12;12;5;3;0;2;0;1;1;0;0;0;0;0;795446,5216;5831606,442;13,35874;52,55416
26965;202651;11;7;7070701;2019;12;18;5;3;6;2;2;0;1;1;0;0;0;0;799752,6487;5814503,761;13,40669;52,39851
26966;202652;11;8;8010301;2019;12;17;5;3;0;7;2;0;0;1;0;0;1;0;800679,2286;5824383,816;13,42916;52,48656
26967;202655;11;7;7050503;2019;12;17;5;2;6;4;2;0;1;1;0;0;0;0;798008,9772;5820465,225;13,38645;52,4529
26968;202658;11;7;7070703;2019;12;17;5;2;6;4;2;0;1;1;0;0;0;1;799805,2749;5813185,601;13,40628;52,38667
26969;202659;11;4;4051655;2019;12;17;5;3;5;2;2;1;1;0;0;0;0;0;794019,3743;5823818,355;13,33087;52,48512
26970;202663;11;3;3020307;2019;12;17;5;2;6;2;2;0;1;1;0;0;0;1;799228,1698;5837643,901;13,4198;52,60622
26971;202665;11;5;5010314;2019;12;16;5;3;3;6;2;0;1;0;0;0;0;0;785196,9627;5829358,546;13,20605;52,53947
26972;202668;11;10;10040931;2019;12;16;5;3;0;3;2;0;1;0;1;0;0;1;813775,5459;5830050,202;13,62675;52,52997
26973;202669;11;4;4030417;2019;12;22;5;3;5;2;2;0;1;0;0;0;0;0;791791,9324;5827049,89;13,30099;52,51529
26974;202671;11;6;6030502;2019;12;21;5;3;5;3;2;0;1;0;1;0;0;1;789359,2079;5815364,944;13,25511;52,41182
26975;202674;11;7;7010102;2019;12;22;5;3;5;3;2;1;1;0;0;0;0;0;795698,2392;5825435,054;13,35695;52,49871
26976;202675;11;2;2020203;2019;12;20;5;3;5;3;2;0;1;0;0;0;1;0;796877,9557;5823982,643;13,37299;52,48505
26977;202678;11;2;2030301;2019;12;18;5;3;5;3;2;1;0;0;0;0;0;1;800385,6397;5826384,876;13,42665;52,50466
26978;202679;11;7;7020202;2019;12;18;5;3;2;6;2;0;1;0;0;0;1;1;795226,4046;5823507,114;13,34831;52,48168
26979;202682;11;6;6030504;2019;12;17;5;3;0;2;2;1;1;0;0;0;0;1;789088,9412;5816841,247;13,25242;52,4252
26980;202684;11;4;4030931;2019;12;15;5;3;6;4;0;0;1;1;0;0;0;0;794480,2203;5825879,665;13,33945;52,50335
26981;202687;11;8;8041037;2019;12;13;5;3;5;3;0;0;1;0;0;0;0;0;806729,1754;5817710,246;13,51185;52,42339
26982;202688;11;11;11040926;2019;12;12;5;3;5;3;0;1;0;0;0;0;0;0;806201,2823;5827036,765;13,51267;52,50727
26983;202691;11;4;4030417;2019;12;12;5;3;5;2;0;1;1;0;0;0;0;0;791508,965;5826852,059;13,29666;52,51366
26984;202692;11;11;11020411;2019;12;9;5;3;2;7;0;0;1;0;0;0;1;0;805812,8724;5832288,034;13,5118;52,55455
26985;202695;11;7;7050502;2019;12;8;5;3;2;6;0;0;1;0;0;0;1;1;798470,6582;5818152,322;13,39116;52,43192
26986;202696;11;1;1011305;2019;12;8;5;3;5;7;0;1;1;0;0;0;0;0;799403,3193;5826428,732;13,41226;52,50559
26987;202700;11;12;12304314;2019;12;8;5;3;0;2;0;0;1;0;0;0;1;0;790508,5159;5835338,454;13,28938;52,59028
26988;202701;11;6;6030503;2019;12;8;5;3;2;6;0;0;1;0;0;0;0;0;789533,7319;5817451,424;13,25947;52,43044
26989;202704;11;12;12214125;2019;12;16;5;3;5;3;2;1;1;0;0;0;0;0;788036,1204;5831023,949;13,24924;52,55291
26990;202705;11;11;11020412;2019;12;6;5;3;5;3;2;0;1;0;0;0;0;0;805179,1149;5831384,162;13,50165;52,54681
26991;202708;11;2;2010103;2019;12;14;5;3;2;6;0;0;1;0;0;0;0;0;799337,2537;5826210,177;13,4111;52,50367
26992;202710;11;8;8010510;2019;12;14;5;3;1;5;0;1;1;0;0;0;0;0;802726,605;5822557,634;13,45756;52,46906
26993;202713;11;9;9010402;2019;12;15;5;3;2;6;0;0;1;0;0;0;0;0;805719,7929;5818813,548;13,49806;52,43384
26994;202714;11;1;1011303;2019;12;15;5;3;6;2;0;0;1;1;0;0;0;0;799494,9735;5828789,439;13,41573;52,5267
26995;202717;11;11;11020515;2019;12;15;5;3;5;3;0;1;1;0;0;0;0;1;804587,2354;5829994,485;13,49167;52,53468
26996;202718;11;7;7070701;2019;12;13;5;3;2;2;0;0;1;0;0;0;1;0;799141,2534;5816519,639;13,39953;52,41691
26997;202721;11;5;5010314;2019;12;12;4;3;2;6;0;0;1;0;0;0;0;0;784788,5711;5828836,941;13,19959;52,53501
26998;202723;11;10;10020415;2019;12;18;4;3;1;6;2;1;1;0;0;0;0;0;812159,8255;5831065,612;13,60396;52,54
26999;202724;11;10;10010310;2019;12;4;4;3;0;6;2;0;1;0;1;0;0;1;809601,7489;5831209,999;13,5665;52,54275
27000;202726;11;7;7010102;2019;12;18;4;3;1;7;2;0;1;0;0;0;0;0;795566,8185;5825474,4;13,35506;52,49913
27001;202728;11;4;4010102;2019;12;6;4;3;5;7;2;0;1;0;0;1;0;0;792252,3099;5830683,095;13,31095;52,54761
27002;202729;11;12;12214422;2019;12;9;4;3;5;3;0;0;1;0;0;0;0;0;792211,8279;5833720,763;13,31303;52,57486
27003;202732;11;6;6030608;2019;12;8;4;2;5;2;0;1;1;0;0;0;0;0;792236,7665;5816667,465;13,29843;52,42197
27004;202738;11;3;3050923;2019;12;8;4;3;5;3;0;1;1;0;0;0;0;0;800906,2398;5832083,89;13,43946;52,55545
27005;202739;11;8;8041037;2019;12;7;4;3;6;4;2;0;1;1;0;0;0;0;805535,56;5818566,533;13,49513;52,43173
27006;202743;11;3;3010101;2019;12;23;4;3;8;1;2;0;1;0;0;0;0;0;802339,397;5840967,591;13,46864;52,63428
27007;202744;11;2;2050802;2019;12;21;3;3;6;4;2;0;1;1;0;0;0;0;802613,0923;5826990,027;13,45992;52,50885
27008;202745;11;12;12302212;2019;12;21;4;3;1;5;2;1;1;0;0;0;0;0;793100,8011;5837640,864;13,32958;52,60953
27009;202746;11;4;4030725;2019;12;15;3;3;5;5;0;0;1;0;0;0;0;0;791330,2241;5826067,202;13,29334;52,50672
27010;202747;11;12;12301204;2019;12;15;3;3;1;7;1;0;1;0;0;0;0;0;792685,3585;5835983,58;13,32199;52,59489
27011;202748;11;9;9010101;2019;12;17;4;3;5;3;2;1;1;0;0;0;0;0;801690,4766;5824865,363;13,44444;52,49032
27012;202749;11;1;1044101;2019;12;13;3;3;5;3;0;1;1;0;0;0;0;0;793850,568;5830086,21;13,33392;52,5414
27013;202750;11;6;6010207;2019;12;12;3;3;0;6;0;0;1;0;0;0;1;0;793889,28;5820480,458;13,32602;52,45527
27014;202751;11;4;4030931;2019;12;12;3;3;1;5;0;1;1;0;0;0;0;0;794383,7469;5825697,879;13,33788;52,50177
27015;202752;11;8;8020620;2019;12;21;4;3;3;6;2;1;1;0;0;0;0;0;801007,0621;5819751,59;13,4298;52,44486
27016;202753;11;1;1011306;2019;12;2;3;3;2;7;2;1;1;0;0;0;0;1;799673,3953;5827039,882;13,41678;52,51092
27017;202754;11;8;8010406;2019;12;18;3;2;5;2;2;0;1;0;0;0;0;0;802025,9825;5824301,472;13,44886;52,48508
27018;202755;11;1;1033101;2019;12;21;4;3;5;2;2;0;1;0;0;0;0;0;796164,1226;5832274,726;13,36989;52,55976
27019;202756;11;3;3050923;2019;12;15;3;2;5;2;0;0;1;0;0;0;0;0;800201,7114;5832140,317;13,42915;52,55635
27020;202757;11;7;7010102;2019;12;14;4;3;3;6;0;0;1;0;0;0;0;0;794951,6046;5825651,056;13,34618;52,50105
27021;202758;11;11;11010103;2019;12;11;3;2;6;4;0;0;1;1;0;0;0;0;809013,4431;5834371,029;13,56079;52,57141
27022;202759;11;2;2020203;2019;12;19;2;3;6;7;2;1;0;1;0;0;0;0;797271,938;5824653,506;13,37937;52,49085
27023;202760;11;4;4030725;2019;12;8;4;3;2;6;0;1;1;0;0;0;0;0;791908,7878;5826103,953;13,30188;52,50674
27024;202761;11;10;10040828;2019;12;16;4;3;5;3;2;0;1;0;0;0;0;0;811967,2765;5829297,116;13,59947;52,52426
27025;202762;11;6;6020411;2019;12;22;2;3;0;3;2;0;0;0;0;0;1;0;793994,109;5815486,816;13,32316;52,41044
27026;202763;11;4;4030931;2019;12;19;2;3;2;2;2;0;1;0;0;0;0;0;794097,2636;5826438,565;13,33432;52,50857
27027;202764;11;6;6020304;2019;12;18;4;3;0;7;2;0;1;0;0;0;0;0;794784,898;5818004,459;13,33697;52,43259
27028;202765;11;11;11030721;2019;12;15;4;3;2;6;1;0;1;0;0;0;0;0;804847,4075;5827901,212;13,49358;52,51578
27029;202766;11;1;1044203;2019;12;18;2;3;5;2;2;0;1;0;0;0;0;0;795898,1436;5831931,162;13,36567;52,55683
27030;202767;11;1;1011304;2019;12;18;2;3;6;7;2;1;1;1;0;0;0;0;799730,6024;5827747,763;13,41826;52,51724
27031;202768;11;1;1022206;2019;12;17;2;3;5;3;2;0;1;0;1;0;0;0;795718,4454;5828196,983;13,3597;52,52345
27032;202769;11;1;1044202;2019;12;15;4;3;5;2;0;0;1;0;0;0;0;0;794907,6025;5830231,589;13,34959;52,54213
27033;202770;11;3;3061430;2019;12;17;2;3;2;6;2;0;1;0;0;0;0;0;802278,0935;5829275,946;13,45708;52,52953
27034;202771;11;7;7040405;2019;12;18;4;3;0;7;2;1;0;0;0;0;0;1;798433,8284;5821074,703;13,39323;52,45813
27035;202772;11;11;11030720;2019;12;16;2;3;5;3;2;1;1;0;0;0;0;0;805846,8473;5830095,538;13,51028;52,53488
27036;202773;11;10;10030727;2019;12;16;2;3;2;6;1;0;1;0;1;0;0;0;809642,6371;5825781,83;13,56205;52,49408
27037;202774;11;2;2020204;2019;12;18;4;3;1;5;2;1;1;0;0;0;0;1;798351,9431;5825293,431;13,3958;52,49599
27038;202775;11;1;1011303;2019;12;15;2;3;3;6;0;0;1;1;0;0;0;0;799498,019;5828344,449;13,41538;52,52271
27039;202776;11;1;1011201;2019;12;14;2;3;1;5;0;1;1;0;0;0;0;0;797455,1835;5827060,276;13,38421;52,51232
27040;202777;11;1;1011304;2019;12;14;2;3;2;2;0;0;1;0;0;0;1;0;799730,882;5827547,138;13,41808;52,51544
27041;202778;11;11;11030721;2019;12;18;4;2;5;2;2;0;1;0;1;0;0;0;805189,971;5827912,648;13,49862;52,51569
27042;202779;11;1;1011202;2019;12;14;4;3;2;2;0;1;1;0;0;0;0;0;797197,6797;5827499,898;13,38082;52,5164
27043;3187;11;8;8010510;2020;1;11;4;2;3;6;0;0;1;0;0;1;0;1;802599,5332;5821795,373;13,45500598;52,4623009
27044;3198;11;4;4041137;2020;1;2;3;2;9;1;2;0;0;0;0;1;0;1;791264,2064;5824629,955;13,29111618;52,49387309
27045;3215;11;4;4041239;2020;1;7;1;3;0;1;1;0;0;0;0;0;1;1;792294,8083;5823598,115;13,30534822;52,48407191
27046;3224;11;2;2040502;2020;1;22;6;2;1;5;2;0;1;0;0;0;0;0;801024,2746;5827862,923;13,43737099;52,517556
27047;3241;11;4;4041137;2020;1;17;1;3;0;1;2;0;0;0;1;0;0;1;791889,2861;5824003,006;13,29974796;52,48791866
27048;3252;11;7;4051655;2020;1;14;6;3;2;6;0;0;1;0;0;0;0;0;794432,645;5823090,628;13,33629164;52,47837396
27049;3274;11;7;7010104;2020;1;13;2;3;0;4;0;0;0;1;0;0;1;0;796076,5121;5825501,675;13,36256795;52,49909824
27050;3290;11;7;7040401;2020;1;15;7;2;1;1;0;0;1;0;0;0;0;0;797817,4941;5822978,17;13,38588423;52,47553062
27051;3299;11;3;3020209;2020;1;13;5;3;2;6;0;0;1;0;0;0;0;0;797966,8713;5834349,85;13,39826708;52,57738163
27052;3303;11;1;1044102;2020;1;9;1;3;5;3;0;0;1;0;0;0;0;0;795861,6732;5832069,458;13,36525689;52,55808889
27053;3317;11;9;9010101;2020;2;12;7;3;2;2;0;0;0;0;1;0;1;1;802583,1096;5825087,422;13,4577519;52,4918167
27054;3319;11;4;4051656;2020;1;17;5;3;2;1;2;0;1;0;0;0;0;0;793807,1471;5822990,931;13,32702026;52,47781709
27055;3331;11;4;4030417;2020;1;11;5;3;0;1;0;1;0;0;0;0;0;0;790874,0987;5826433,469;13,28696175;52,51024968
27056;3355;11;4;4041134;2020;1;15;2;3;5;3;0;0;1;0;0;1;0;0;791232,2324;5824618,511;13,29063655;52,49378756
27057;3359;11;1;1011102;2020;1;15;5;3;5;2;0;0;1;0;0;0;0;1;796455,757;5827391,142;13,369821;52,51582959
27058;3375;11;2;2040503;2020;1;18;4;3;3;6;1;1;0;0;0;0;0;0;801378,4835;5827810,514;13,44252783;52,51689063
27059;3379;11;12;12214125;2020;1;14;5;2;3;7;0;0;1;0;0;1;0;1;792044,2355;5831732,822;13,30881102;52,55713178
27060;3391;11;1;1011303;2020;1;10;6;3;5;2;0;0;1;0;0;0;0;0;799768,5723;5828638,757;13,41961997;52,52520178
27061;3407;11;2;2050803;2020;1;21;4;3;6;7;2;1;0;1;0;0;0;0;802187,5376;5826095,955;13,45285824;52,50107535
27062;3435;11;5;5020629;2020;1;15;4;3;2;6;0;0;1;0;0;0;1;1;785178,3964;5826270,143;13,20312525;52,5117929
27063;3446;11;3;3061435;2020;1;7;3;3;0;7;0;0;1;0;0;0;1;1;801405,1689;5829211,406;13,44418945;52,52943224
27064;3468;11;6;6040701;2020;1;11;4;3;5;2;0;0;1;0;0;0;0;0;783890,4577;5815953,473;13,17542061;52,41996231
27065;3483;11;7;7060601;2020;1;9;3;2;6;2;0;0;0;1;0;1;0;0;796608,1696;5815999,343;13,36193572;52,41362926
27066;3511;11;3;3050925;2020;1;7;3;3;3;6;0;1;1;0;0;0;0;0;801552,2215;5831199,582;13,44815487;52,54717101
27067;3522;11;3;3051017;2020;1;17;3;3;5;3;2;0;1;0;0;0;0;1;802859,8699;5833044,121;13,46906298;52,56297781
27068;3539;11;1;1011303;2020;1;13;1;3;5;3;0;0;1;0;0;0;0;0;799118,0977;5827655,463;13,4091764;52,51674525
27069;3548;11;1;1011201;2020;1;18;5;3;4;6;2;1;0;0;0;0;1;0;797028,3594;5826728,597;13,37764319;52,50957906
27070;3561;11;4;4020310;2020;1;6;3;3;3;6;2;0;1;0;0;1;0;1;790458,6486;5828436,725;13,28260654;52,52843034
27071;3586;11;11;11030721;2020;1;4;2;3;6;2;2;0;1;1;0;0;0;1;803722,92;5827570,012;13,47675274;52,51343456
27072;3597;11;6;6030503;2020;1;3;1;3;3;6;2;0;1;0;0;0;1;1;789808,7132;5818015,711;13,26399353;52,43534916
27073;3621;11;7;7040405;2020;1;9;4;3;3;6;0;0;1;0;0;1;0;0;798049,1699;5822320,881;13,3886979;52,4695124
27074;3625;11;4;4030417;2020;1;15;7;3;1;5;0;0;1;0;1;0;0;0;791597,6109;5826550,18;13,29769472;52,51090969
27075;3637;11;12;12301203;2020;1;15;6;3;3;6;0;0;1;0;0;0;0;0;794257,3212;5834723,198;13,34401431;52,58274696
27076;3639;11;1;1011303;2020;1;3;4;2;6;4;2;0;1;1;0;0;0;0;799335,348;5827943,997;13,41262809;52,51921233
27077;3659;11;1;1011303;2020;1;16;6;3;2;6;2;0;1;0;0;0;0;1;799595,725;5828279,342;13,41675606;52,52207519
27078;3670;11;4;4051551;2020;1;22;5;3;2;6;2;0;1;0;0;0;0;0;792594,6389;5823376,737;13,30955669;52,48192672
27079;3694;11;3;3061332;2020;1;6;4;3;5;2;2;0;1;0;0;0;0;0;799987,5251;5830197,245;13,4242441;52,53905061
27080;3698;11;12;12231101;2020;1;11;5;3;5;3;0;1;1;0;0;0;0;1;792115,943;5837984,848;13,31537724;52,61314013
27081;3710;11;3;3020209;2020;1;16;5;2;0;7;0;1;0;0;0;0;0;0;798320,8847;5834768,94;13,40385303;52,5809442
27082;3725;11;4;4010101;2020;1;17;3;3;2;6;2;0;1;0;0;0;0;0;791223,0602;5829667,258;13,29492109;52,53905409
27083;3750;11;1;1011201;2020;1;8;5;3;2;6;0;0;1;0;0;0;0;0;797171,9247;5826753,41;13,37977451;52,50972329
27084;3775;11;4;4010102;2020;1;14;1;2;2;6;0;0;1;0;0;0;0;0;793319,9606;5829675,824;13,32575802;52,53800624
27085;3779;11;12;12302211;2020;1;13;5;3;5;3;0;0;1;0;0;0;0;1;793276,0149;5836659,131;13,33128678;52,60063121
27086;3790;11;1;1011304;2020;1;17;4;3;0;5;2;1;1;0;0;0;0;1;800034,9887;5828061,909;13,42301478;52,51988474
27087;3807;11;1;1044203;2020;1;7;3;3;1;5;1;1;1;0;0;0;0;0;795973,3359;5831518,403;13,36640787;52,55308856
27088;3833;11;3;3020209;2020;1;12;3;3;1;5;0;1;1;0;0;0;0;1;798188,6638;5835349,635;13,40242993;52,58622174
27089;3845;11;7;7050501;2020;1;16;3;3;6;2;1;0;0;1;0;0;1;1;797710,9623;5818790,6;13,38058644;52,43805153
27090;3853;11;10;10010309;2020;1;12;4;3;1;5;0;0;1;0;0;0;1;1;807986,6474;5828789,724;13,54051453;52,52197488
27091;3865;11;1;1011201;2020;1;18;3;3;0;1;2;0;1;0;1;0;0;1;797119,5843;5826744,285;13,37899741;52,50967
27092;3882;11;4;4030724;2020;1;17;2;3;3;6;2;0;1;0;0;1;0;0;790764,2708;5826359,639;13,2852835;52,50964634
27093;3891;11;10;10010308;2020;1;6;6;2;0;1;2;0;0;0;1;0;0;2;808088,4889;5827457,435;13,54077723;52,5099775
27094;3908;11;4;4020314;2020;1;19;1;3;5;3;2;0;1;0;0;1;0;0;790519,1768;5825545,669;13,28097194;52,50247963
27095;3920;11;4;4041239;2020;1;15;6;3;2;6;0;0;1;0;0;1;0;0;792209,9302;5823675,634;13,3041698;52,48481229
27096;3943;11;2;2050602;2020;1;22;4;3;5;3;2;0;1;0;0;0;0;0;802148,0354;5827738,762;13,45376921;52,51582173
27097;3956;11;4;4030622;2020;1;15;7;3;5;7;0;0;1;0;0;0;0;0;792127,1536;5826660,657;13,3055724;52,51161677
27098;3965;11;4;4020313;2020;1;18;5;3;3;6;0;0;1;0;0;0;1;0;790590,2974;5826406,083;13,28276782;52,51015542
27099;3983;11;3;3020203;2020;1;13;6;3;5;2;0;1;1;0;0;0;0;1;797167,5465;5838892,976;13,39058326;52,61854174
27100;3996;11;9;9010402;2020;1;12;5;3;2;6;0;0;1;0;0;0;1;0;806703,7493;5818241,336;13,51196554;52,42816033
27101;4020;11;4;4010101;2020;1;5;3;3;2;6;2;0;1;0;0;0;0;0;791154,8865;5829495,492;13,29376824;52,53755066
27102;4024;11;5;5040935;2020;1;15;5;3;2;6;0;0;1;0;0;0;0;1;781786,9022;5824489,172;13,15177549;52,49758644
27103;4036;11;7;7040402;2020;1;14;4;2;2;6;0;0;1;0;0;0;0;0;796528,5854;5822533,066;13,36656709;52,47224193
27104;4046;11;7;7060604;2020;1;7;6;3;5;3;2;1;1;0;0;0;0;1;796302,5404;5815089,353;13,35664989;52,40563733
27105;4058;11;4;4020313;2020;1;11;6;3;2;6;0;0;1;0;0;0;0;0;790730,6163;5826868,431;13,2852335;52,51422561
27106;4074;11;3;3020209;2020;1;17;5;3;2;6;1;0;1;0;0;0;0;0;798242,5456;5834740,87;13,40267503;52,58073554
27107;4102;11;4;4051551;2020;1;16;4;3;3;6;2;0;1;0;0;1;0;0;792914,251;5823111,335;13,31401653;52,47937611
27108;4114;11;7;7050501;2020;1;5;3;3;5;2;2;0;1;0;0;0;0;1;797882,9324;5820434,632;13,38457459;52,45269491
27109;4131;11;4;4010101;2020;1;6;3;3;2;6;2;0;1;0;0;0;0;0;791221,506;5829708,595;13,29493447;52,5394255
27110;4150;11;7;7050501;2020;1;10;3;2;5;3;0;0;1;0;0;0;0;0;797936,838;5820057,136;13,38502877;52,44928169
27111;4178;11;11;11041022;2020;1;9;4;3;5;3;0;1;1;0;0;0;0;0;805652,1458;5827389,902;13,50492813;52,51074273
27112;4189;11;9;9010201;2020;1;7;3;3;5;3;1;1;1;0;0;0;0;1;803111,5605;5824551,75;13,46502433;52,48672236
27113;4206;11;4;4020310;2020;1;18;1;3;2;6;2;0;1;0;0;0;0;0;790506,4651;5827523,263;13,28251145;52,52021565
27114;4215;11;5;5020628;2020;1;16;5;3;3;6;2;0;0;0;1;0;1;0;784056,7082;5826570,292;13,18689744;52,5150694
27115;4232;11;6;6030503;2020;1;16;6;2;6;2;2;0;1;1;0;0;0;1;789697,6317;5817950,679;13,26230773;52,43482496
27116;4253;11;9;9010202;2020;1;18;2;3;5;3;2;0;1;0;0;0;0;0;804104,3833;5824364,861;13,47943026;52,48449525
27117;4264;11;9;9010202;2020;1;12;2;3;5;3;0;1;1;0;0;0;0;0;804103,5957;5824364,164;13,47941806;52,48448944
27118;4280;11;10;10030726;2020;1;12;6;2;5;2;0;0;1;0;0;0;0;0;809494,243;5827393,043;13,56136496;52,50860475
27119;4289;11;1;1033203;2020;1;10;5;3;3;6;0;0;1;0;0;1;0;0;796268,0308;5830274,135;13,36963169;52,54177478
27120;4293;11;5;5020524;2020;1;0;1;3;5;2;2;1;1;0;0;0;0;0;783509,2175;5826705,609;13,17896627;52,51656757
27121;4306;11;1;1011303;2020;2;0;7;3;5;2;2;0;1;0;0;0;0;0;799577,585;5828291,2;13,41650018;52,52219145
27122;4308;11;1;1044102;2020;1;22;5;3;0;1;2;0;0;0;1;0;0;1;795879,5083;5832054,846;13,36550618;52,55794822
27123;4320;11;7;7010104;2020;1;11;5;3;2;6;0;0;1;0;0;0;0;0;796007,5869;5824799,517;13,36093162;52,49284138
27124;4340;11;6;6030605;2020;1;22;6;3;1;7;2;1;1;0;0;0;0;0;791476,1743;5819079,501;13,28938045;52,44400008
27125;4364;11;2;2020201;2020;1;18;4;3;2;6;2;0;1;0;0;0;0;0;797146,8341;5825586,831;13,37836475;52,49927984
27126;4368;11;7;7050502;2020;1;20;5;3;5;3;2;0;1;0;0;0;0;1;798153,95;5819054,333;13,3873192;52,4401743
27127;4380;11;7;7050501;2020;1;6;6;3;6;2;2;0;1;1;0;0;0;1;797789,6512;5818931,35;13,38186602;52,43927037
27128;4396;11;10;10010204;2020;1;18;4;3;5;2;2;0;1;0;0;0;0;1;808900,4403;5833405,518;13,55823167;52,56282336
27129;4424;11;3;3061434;2020;1;7;4;2;5;3;2;1;0;0;0;0;1;1;800847,9871;5830332,43;13,43701537;52,53978795
27130;4443;11;1;1044102;2020;1;17;1;3;5;3;2;1;1;0;0;0;0;0;795877,1448;5832069,085;13,36548411;52,55807714
27131;4447;11;12;12103218;2020;1;14;5;3;2;6;0;0;1;0;0;0;0;1;794473,9187;5834325,969;13,34684894;52,57906894
27132;4458;11;4;4010101;2020;1;10;4;3;5;3;0;0;1;0;0;1;0;0;791137,5948;5829407,026;13,2934365;52,53676681
27133;4474;11;9;9010202;2020;1;8;3;3;5;3;0;1;1;0;0;0;0;1;804104,6469;5824365,095;13,47943434;52,4844972
27134;4501;11;7;7030303;2020;1;16;3;3;2;2;2;0;1;0;0;0;0;1;796051,7141;5822750,978;13,35976037;52,474454
27135;4512;11;2;2050602;2020;1;13;3;2;0;2;0;1;1;0;0;0;0;1;802985,8678;5827645,633;13,46599365;52,51452225
27136;4528;11;4;4020313;2020;1;12;1;3;2;6;0;0;1;0;0;0;0;1;790551,987;5826399,65;13,28219929;52,51011815
27137;4534;11;10;10030726;2020;1;11;3;3;3;6;0;0;1;0;0;1;0;1;809639,0283;5827328,981;13,56343189;52,5079485
27138;4551;11;2;2040703;2020;1;6;2;3;6;4;1;0;1;1;0;0;0;0;801817,6203;5826368,503;13,44767223;52,50372295
27139;4560;11;6;6040701;2020;1;11;6;3;5;7;0;0;1;0;0;0;0;0;778605,6235;5814904,392;13,0970364;52,4132711
27140;4577;11;7;7040405;2020;1;0;2;3;9;1;2;0;1;0;0;0;0;0;799446,9796;5821501,14;13,40847871;52,46140018
27141;4588;11;1;1044201;2020;1;19;1;3;5;2;1;0;1;0;0;0;0;0;796044,9982;5831344,676;13,36730684;52,55149233
27142;4612;11;4;4020314;2020;1;8;4;3;2;6;0;0;1;0;0;0;0;0;790489,327;5825306,224;13,28032454;52,50034887
27143;4616;11;3;3040614;2020;1;16;7;3;6;2;2;0;1;1;0;0;0;0;798381,4425;5833466,281;13,40357185;52,5692346
27144;4632;11;4;4010102;2020;1;15;5;3;5;3;0;0;1;0;0;0;1;0;793134,0819;5829626,783;13,32298198;52,53766662
27145;4649;11;12;12103117;2020;1;22;6;3;5;7;2;0;1;0;0;0;0;1;795812,508;5832344,089;13,36477857;52,56057739
27146;4661;11;12;12301204;2020;1;12;5;3;3;6;0;0;1;0;1;0;0;0;793378,9984;5836342,536;13,33252244;52,5977376
27147;4685;11;10;10040830;2020;1;5;4;3;2;6;2;0;1;0;0;0;0;0;810999,3697;5827105,308;13,58320199;52,50517035
27148;4689;11;7;7040402;2020;1;17;5;3;2;6;2;0;1;0;0;0;0;1;796560,8915;5822517,871;13,36702781;52,47208819
27149;4701;11;6;6010209;2020;1;8;5;2;9;1;0;0;1;0;0;0;0;1;794128,4526;5821299,813;13,33024664;52,46248404
27150;4716;11;4;4020209;2020;1;20;3;3;6;4;2;0;1;1;0;0;0;0;788954,0554;5826128,354;13,25848409;52,5085347
27151;4725;11;4;4010101;2020;1;14;6;3;3;6;0;0;1;0;1;0;0;0;791468,7552;5830484,124;13,29925021;52,54624577
27152;4741;11;10;10010309;2020;1;7;5;2;1;1;2;0;1;0;0;1;0;0;807957,9969;5828826,832;13,54012794;52,52232363
27153;4769;11;1;1011303;2020;1;12;5;3;2;1;0;0;1;0;0;1;0;1;799545,6875;5828285,532;13,41602635;52,52215817
27154;4781;11;2;2010101;2020;1;20;4;3;6;2;2;0;1;1;0;0;0;1;796879,0593;5825995,515;13,37479602;52,50308901
27155;4798;11;5;5020524;2020;1;7;3;3;2;6;2;0;1;0;0;0;1;0;783495,7136;5826690,339;13,17875479;52,51643767
27156;4823;11;1;1044201;2020;1;17;3;3;6;3;2;0;1;1;0;0;0;1;796065,3622;5831323,519;13,36758744;52,5512916
27157;4824;11;2;3061435;2020;10;1;7;2;5;2;2;1;1;0;0;0;0;1;801664,1866;5828909,908;13,4477226;52,52658663
27158;4826;11;2;2040503;2020;4;22;4;3;1;5;2;0;1;0;0;0;1;1;801518,2306;5827796,149;13,44456805;52,51668464
27159;4827;11;7;7050502;2020;9;13;5;3;2;7;0;0;1;0;0;0;0;0;797431,8874;5817774,374;13,37558903;52,42909385
27160;4828;11;3;3010101;2020;11;6;2;3;2;6;2;0;1;0;0;0;1;1;803121,4027;5840228,356;13,47948482;52,62722172
27161;4829;11;12;12302212;2020;5;15;1;3;2;6;0;0;1;0;0;0;0;0;792750,5672;5837395,425;13,32420191;52,60751483
27162;4830;11;3;3061434;2020;8;7;3;3;5;3;0;1;1;0;0;0;0;0;800711,1136;5829858,845;13,43457473;52,53561866
27163;4831;11;1;1033203;2020;6;16;4;3;3;6;0;1;1;0;0;0;0;0;796294,8156;5830120,543;13,36988851;52,54038342
27164;4832;11;5;5020628;2020;5;19;5;2;6;7;0;0;1;1;0;0;0;0;783962,5979;5826593,704;13,18553429;52,51532832