;OBJECTID;LAND;BEZ;LOR;UJAHR;UMONAT;USTUNDE;UWOCHENTAG;UKATEGORIE;UART;UTYP1;ULICHTVERH;IstRad;IstPKW;IstFuss;IstKrad;IstGkfz;IstSonstige;USTRZUSTAND;LINREFX;LINREFY;XGCSWGS84;YGCSWGS84
27165;4833;11;4;4030417;2020;4;19;4;3;3;5;1;1;1;0;0;0;0;1;791674,8849;5826584,541;13,29886025;52,51117642
27166;4834;11;7;7050506;2020;9;14;4;3;3;6;0;0;0;0;1;0;1;0;798889,8107;5817201,792;13,39645684;52,4231668
27167;4835;11;2;2040701;2020;12;14;6;3;3;6;0;0;1;0;1;0;0;0;800433,56;5827896,455;13,4287219;52,51818229
27168;4836;11;7;7010104;2020;8;14;4;3;0;7;0;0;0;0;1;0;1;0;796034,0047;5825281,231;13,36174766;52,4971452
27169;4837;11;7;7050501;2020;6;22;6;3;2;7;2;0;1;0;0;0;0;0;797917,4477;5820162,427;13,38483821;52,45023607
27170;4838;11;4;4030623;2020;10;14;1;3;0;6;0;0;1;0;0;0;0;1;792816,1339;5826754,96;13,31577878;52,51209274
27171;4840;11;2;2050602;2020;4;16;4;3;6;4;0;1;0;1;0;0;0;0;802168,4432;5827780,757;13,45410718;52,51618682
27172;4841;11;4;4020310;2020;11;17;4;3;2;6;2;0;1;0;0;0;0;0;790554,7874;5827382,761;13,2830989;52,51893029
27173;4842;11;1;1011105;2020;9;17;3;3;5;2;0;1;1;0;0;0;0;0;796419,84;5826326,476;13,36834502;52,50630542
27174;4843;11;12;12103115;2020;8;17;2;3;2;6;0;0;1;0;1;0;0;0;795498,4918;5833358,547;13,36106337;52,56984154
27175;4844;11;4;4030417;2020;4;9;4;3;5;3;0;0;1;0;0;0;0;1;791566,7284;5826544,984;13,2972364;52,51087962
27176;4845;11;3;3040818;2020;10;11;6;2;5;7;0;1;1;0;0;0;0;1;800030,4804;5833375,779;13,42774802;52,56751703
27177;4846;11;4;4030621;2020;8;16;4;3;5;2;0;1;1;0;0;0;0;0;793992,2395;5826975,018;13,3332539;52,51343282
27178;4847;11;1;1011303;2020;7;23;4;3;2;6;2;0;1;0;0;0;1;1;799810,2834;5828641,433;13,42023536;52,52520283
27179;4848;11;4;4051551;2020;6;10;6;2;8;1;0;0;0;0;1;0;0;0;792602,834;5823387,031;13,30968606;52,48201461
27180;4849;11;10;10010309;2020;11;5;5;2;3;6;2;1;0;0;1;0;0;0;807731,0944;5829357,301;13,53728504;52,52720576
27181;4850;11;1;1011202;2020;4;7;4;3;3;6;0;1;1;0;0;0;0;0;797704,1638;5827610,702;13,38836072;52,51711768
27182;4851;11;7;7060601;2020;9;15;5;3;6;4;0;0;1;1;0;0;0;0;796604,0224;5816011,462;13,36188566;52,41374014
27183;4852;11;2;2020202;2020;12;20;3;3;5;2;2;1;1;0;0;0;0;0;797898,3103;5825432,668;13,38926438;52,49748826
27184;4853;11;12;12103218;2020;6;19;2;3;6;2;0;0;1;1;0;0;0;0;794572,1055;5833820,832;13,34784496;52,57448766
27185;4855;11;4;4041134;2020;4;13;3;3;2;7;0;0;1;0;0;0;1;0;790822,4315;5824757,232;13,28473853;52,49524971
27186;4856;11;3;3061435;2020;9;20;5;3;5;2;2;1;1;0;0;0;0;0;801479,8672;5829153,473;13,44523473;52,52887167
27187;4857;11;12;12304314;2020;7;11;7;2;0;7;0;0;1;0;0;0;0;0;790337,4307;5835576,266;13,28707127;52,59250061
27188;4858;11;2;2020201;2020;4;23;3;3;3;6;2;0;1;0;0;0;0;1;796862,6714;5826007,712;13,37456616;52,50320726
27189;4859;11;7;7050502;2020;10;18;5;3;0;3;1;1;1;0;0;0;0;1;798226,7859;5818766,709;13,38813093;52,43755635
27190;4860;11;7;7040405;2020;12;12;4;3;2;6;0;0;1;0;0;0;0;0;798511,3101;5822073,036;13,39525933;52,46703845
27191;4861;11;3;3020209;2020;5;15;7;3;1;5;0;0;1;0;0;0;1;0;798176,2051;5836287,163;13,40309044;52,59463211
27192;4862;11;5;5020628;2020;8;11;7;3;6;4;0;0;0;1;1;0;0;0;784241,603;5826521,15;13,18957283;52,51453246
27193;4863;11;6;6030503;2020;7;16;4;3;2;6;0;0;1;0;0;0;0;0;789839,2649;5818030,566;13,26445457;52,43546614
27194;4864;11;3;3010104;2020;5;15;1;2;3;6;0;0;1;0;1;0;0;0;799542,7308;5840751,491;13,42724663;52,63389582
27195;4865;11;12;12103218;2020;10;14;4;3;5;3;0;0;1;0;0;0;0;0;794559,2369;5833818,208;13,34765328;52,5744711
27196;4866;11;3;3040513;2020;4;10;3;3;2;6;0;0;1;0;0;0;0;0;798049,319;5833886,563;13,39906373;52,57318377
27197;4867;11;3;3050925;2020;9;6;2;3;2;6;1;0;1;0;0;0;0;0;801713,067;5831309,7;13,45061974;52,54806894
27198;4868;11;7;7030303;2020;11;10;2;3;2;6;0;0;1;0;0;0;1;0;795885,8648;5822668,164;13,35725223;52,47380151
27199;4869;11;2;2010101;2020;5;18;7;3;5;3;0;1;1;0;0;0;0;0;797886,2514;5825492,013;13,38914034;52,4980268
27200;4870;11;12;12103115;2020;8;18;6;3;5;2;0;1;1;0;0;0;0;0;795412,2399;5833586,44;13,35999744;52,5719312
27201;4871;11;7;7040401;2020;6;3;1;3;3;6;2;0;1;0;0;0;0;1;797777,0961;5823831,916;13,38605362;52,48320552
27202;4872;11;1;1033203;2020;4;8;3;3;5;2;0;1;1;0;0;0;0;0;796184,661;5830195,038;13,36833544;52,54111107
27203;4873;11;6;6040701;2020;10;11;7;3;2;2;0;0;1;0;1;0;0;0;783805,6945;5815979,597;13,17419967;52,42024051
27204;4874;11;6;6030503;2020;12;6;5;3;5;3;2;1;1;0;0;0;0;0;789689,9835;5817964,239;13,26220729;52,43495058
27205;4875;11;7;7040405;2020;8;15;2;3;2;6;0;0;1;0;0;0;0;0;799037,7212;5821760,718;13,40270548;52,46395107
27206;4876;11;7;7050501;2020;7;8;5;3;2;6;0;0;1;0;0;0;0;0;798102,2202;5819257,932;13,38674203;52,44202754
27207;4877;11;2;2050602;2020;4;7;3;3;5;3;0;1;1;0;0;0;0;0;802119,8959;5828034,867;13,45362467;52,5184913
27208;4878;11;1;1011204;2020;10;10;5;3;3;6;0;0;1;0;1;0;0;0;798793,7675;5827185,551;13,40398898;52,51271094
27209;4880;11;12;12231101;2020;4;12;2;3;2;2;0;0;1;0;0;0;0;0;792115,585;5837979,881;13,31536758;52,6130958
27210;4881;11;10;10040933;2020;9;9;3;3;5;2;0;1;1;0;0;0;0;0;813060,6141;5827191,634;13,61355311;52,50476522
27211;4882;11;4;4020313;2020;11;11;2;2;8;1;0;1;0;0;0;0;0;0;790521,6501;5826375,946;13,28173285;52,5099218
27212;4883;11;7;7020203;2020;9;0;7;3;1;5;2;1;1;0;0;0;0;0;795946,0422;5824441,309;13,35970961;52,48966372
27213;4884;11;8;8020620;2020;5;19;7;3;2;6;0;0;1;0;0;0;0;0;800961,9432;5821652,102;13,43084597;52,46192107
27214;4885;11;7;7040401;2020;8;16;1;3;2;6;0;0;1;0;0;0;0;0;797776,4448;5823843,88;13,38605474;52,48331311
27215;4886;11;1;1011102;2020;6;18;3;3;2;6;0;0;1;0;1;0;0;0;795871,3875;5827292,821;13,36114698;52,51526557
27216;4887;11;6;6040701;2020;4;18;1;2;0;1;0;1;0;0;0;0;0;0;782907,67;5815862,932;13,1609308;52,41965943
27217;4888;11;1;1011303;2020;9;12;2;3;2;6;0;0;1;0;0;0;0;0;799813,3778;5828646,296;13,42028521;52,52524472
27218;4889;11;7;7050501;2020;12;6;4;3;2;6;2;0;1;0;1;0;0;1;797990,941;5819808,341;13,38560059;52,44702202
27219;4890;11;1;1044203;2020;8;13;3;3;3;6;0;1;1;0;0;0;0;0;795975,9951;5831511,31;13,36644065;52,55302354
27220;4891;11;3;3071639;2020;6;12;4;3;1;5;0;1;1;0;0;0;0;0;800300,8807;5829451,868;13,42817699;52,53219701
27221;4893;11;6;6040804;2020;4;10;6;3;2;6;0;0;1;0;1;0;0;0;787208,2162;5817237,592;13,22517713;52,42974441
27222;4894;11;4;4030417;2020;11;6;2;3;5;2;0;0;1;0;0;0;0;0;791027,762;5826458,485;13,28924145;52,51039198
27223;4895;11;4;4010101;2020;9;14;1;3;2;6;0;0;1;0;0;0;0;0;790800,3186;5828918,243;13,28805012;52,53256497
27224;4896;11;3;3061126;2020;8;15;7;2;5;2;0;1;1;0;0;0;0;0;799238,4705;5831932,292;13,41479592;52,55501441
27225;4897;11;7;7030303;2020;4;15;5;2;5;7;0;0;1;0;0;0;0;0;795625,5644;5823228,334;13,35392759;52,47896396
27226;4898;11;6;6040702;2020;10;16;4;3;9;1;1;0;1;0;0;0;0;1;785430,6999;5816070,112;13,19810794;52,42020694
27227;4899;11;3;3020209;2020;8;9;3;3;0;7;0;1;0;0;0;0;0;1;798166,0935;5836125,754;13,4027963;52,59319086
27228;4900;11;3;3040513;2020;7;7;2;3;5;2;0;0;1;0;0;0;1;0;798027,9132;5833803,497;13,39867415;52,57245093
27229;4901;11;7;7040403;2020;6;8;4;3;2;6;0;0;1;0;0;0;0;0;797813,2154;5821021,354;13,38407497;52,45799223
27230;4902;11;4;4030416;2020;11;8;3;3;2;6;0;0;1;0;1;0;0;0;790708,8282;5827081,864;13,2850998;52,51615065
27231;4903;11;7;7070701;2020;4;15;5;3;5;7;0;1;1;0;0;0;0;0;799185,7661;5816433,13;13,40010893;52,41611495
27232;4904;11;2;2040503;2020;9;16;4;3;5;3;0;1;0;0;1;0;0;0;801911,1492;5827755,762;13,4503043;52,51610528
27233;4905;11;1;1011104;2020;11;17;1;3;4;6;2;0;1;0;0;0;0;0;796280,4701;5825998,857;13,36600606;52,50344432
27234;4906;11;7;7040406;2020;6;19;6;3;2;6;2;0;1;0;0;0;0;0;800243,6561;5821544,799;13,42020885;52,46135439
27235;4907;11;1;1011303;2020;4;17;5;3;5;2;0;1;1;0;0;0;0;0;799099,778;5827681,45;13,40893058;52,51698823
27236;4908;11;2;2020202;2020;9;18;3;3;4;6;0;1;0;0;0;0;1;0;797910,4423;5825127,833;13,38916994;52,49474915
27237;4909;11;4;4020209;2020;7;15;5;3;2;6;0;0;1;0;0;0;0;0;789749,0155;5824741,154;13,26895749;52,49567649
27238;4910;11;3;3040513;2020;4;17;5;3;5;7;0;0;1;0;0;0;1;0;798063,6913;5833983,399;13,39936222;52,5740439
27239;4911;11;11;11030721;2020;10;5;4;3;0;1;2;0;0;0;1;0;0;1;805117,031;5827447,799;13,49712071;52,5115612
27240;4912;11;10;10030726;2020;12;0;5;3;5;3;2;0;1;0;0;0;0;1;808929,5855;5827407,186;13,55308467;52,50905153
27241;4913;11;4;4020313;2020;8;15;5;3;0;2;0;0;1;0;1;0;0;0;790530,7681;5826396,087;13,2818844;52,51009751
27242;4914;11;4;4030622;2020;7;17;2;3;5;2;0;1;1;0;0;0;0;0;792378,221;5826681,148;13,30927944;52,51166594
27243;4915;11;6;6040701;2020;5;15;6;2;2;3;0;0;1;0;1;0;0;0;782830,0016;5815854,421;13,15978455;52,41962326
27244;4916;11;5;5020629;2020;10;20;3;3;0;7;2;1;0;0;0;0;0;0;784986,0898;5826321,216;13,20034294;52,51235134
27245;4917;11;2;2040703;2020;4;18;4;3;5;7;0;0;1;0;1;0;0;0;801801,3015;5826330,903;13,44739846;52,50339496
27246;4918;11;7;7040401;2020;9;12;7;3;2;6;0;0;1;0;0;0;0;0;797812,9946;5822727,974;13,38559478;52,47329034
27247;4919;11;4;4020313;2020;11;18;5;2;6;4;2;0;1;1;0;0;0;1;790508,0805;5826373,672;13,28153148;52,50990864
27248;4920;11;7;7050501;2020;8;10;4;3;2;6;0;0;0;0;1;0;1;1;797732,8122;5818834,278;13,38094583;52,43843117
27249;4921;11;6;6010101;2020;7;15;3;3;5;2;0;1;1;0;0;0;0;0;793132,0097;5820203,789;13,31465963;52,45319391
27250;4922;11;10;10040830;2020;6;19;5;3;0;1;0;0;0;0;0;0;1;1;811315,9437;5827107,379;13,58785304;52,50500838
27251;4923;11;11;11030721;2020;11;7;4;3;5;3;0;1;1;0;0;0;0;0;804235,0771;5827533,276;13,48424305;52,51281989
27252;4924;11;3;3061429;2020;4;14;4;3;2;6;0;0;1;0;1;0;0;0;800962,4272;5830468,003;13,43882048;52,54093992
27253;4925;11;2;2050802;2020;9;13;5;2;2;6;0;1;0;0;0;1;0;0;802036,6746;5827031,083;13,45149083;52,50954047
27254;4926;11;3;3061131;2020;11;12;2;2;5;3;0;0;1;0;1;0;0;0;799141,8035;5830374,657;13,41197129;52,54110574
27255;4927;11;1;1033203;2020;6;13;1;3;0;7;0;1;0;0;0;0;0;0;796211,9228;5830192,462;13,36873395;52,54107316
27256;4929;11;3;3020209;2020;4;14;4;3;0;6;0;0;0;0;1;0;1;0;798323,2023;5834769,764;13,40388787;52,58095031
27257;4930;11;2;2050602;2020;9;17;4;3;6;7;0;0;1;1;0;0;0;1;803561,0312;5827585,724;13,47438881;52,5136655
27258;4931;11;6;6030503;2020;7;16;5;3;5;2;0;1;1;0;0;0;0;0;789775,5592;5817982,909;13,26347876;52,43507264
27259;4932;11;9;9010202;2020;4;12;4;2;6;4;0;0;1;1;0;0;0;0;804422,5271;5823273,38;13,48310444;52,47453537
27260;4933;11;12;12103117;2020;10;17;5;3;5;2;0;1;1;0;0;0;0;1;795829,0655;5832337,8;13,3650165;52,56051202
27261;4934;11;3;3050923;2020;12;18;2;3;1;5;2;0;1;0;0;0;0;1;800271,6193;5831869,605;13,42993228;52,55388392
27262;4935;11;11;11010101;2020;8;14;5;3;5;3;0;1;1;0;0;0;0;0;803733,6791;5834634,746;13,48337084;52,57674715
27263;4936;11;2;2050602;2020;7;18;3;3;4;6;0;1;0;0;0;0;0;0;802123,913;5828068,175;13,45371394;52,51878762
27264;4937;11;10;10040830;2020;5;1;7;2;0;1;2;1;0;0;0;0;0;0;810887,4831;5827100,486;13,58155435;52,5051909
27265;4938;11;1;1011102;2020;10;11;3;3;5;2;0;1;1;0;0;0;0;0;796554,4228;5827804,421;13,37163915;52,51948058
27266;4939;11;3;3061131;2020;4;7;4;3;2;2;0;1;1;0;0;0;0;0;799165,6292;5830377,762;13,41232436;52,5411205
27267;4940;11;4;4030417;2020;9;10;1;2;5;7;0;1;1;0;0;0;0;0;791475,122;5826529,307;13,29587666;52,51078804
27268;4941;11;4;4020208;2020;11;15;2;2;1;5;0;1;1;0;0;0;0;0;788825,8932;5826107,406;13,25658277;52,50841475
27269;4942;11;9;9010202;2020;5;9;6;3;5;3;0;1;1;0;0;0;0;0;804105,0611;5824365,462;13,47944076;52,48450025
27270;4943;11;1;1011202;2020;8;16;5;3;3;6;0;1;1;0;0;0;0;0;797247,4025;5827534,211;13,38158082;52,51668117
27271;4944;11;4;4020311;2020;6;11;7;3;2;6;0;0;1;0;0;0;0;0;789252,3742;5826174,315;13,26290731;52,50878865
27272;4945;11;11;11030721;2020;4;21;3;3;5;3;1;1;1;0;0;0;0;0;804499,3537;5827506,282;13,48810065;52,5124305
27273;4946;11;4;4041239;2020;10;23;6;3;2;6;2;0;1;0;0;0;0;0;791989,6745;5823915,437;13,30114551;52,48707993
27274;4947;11;7;7060601;2020;12;8;4;3;5;3;0;1;1;0;0;0;0;0;796857,9004;5816355,135;13,36591227;52,41668328
27275;4948;11;7;7070701;2020;8;16;2;3;5;3;0;1;1;0;0;0;0;0;799685,1504;5815193,536;13,4063202;52,40473038
27276;4949;11;2;2050602;2020;6;10;3;3;1;7;0;1;1;0;0;0;0;0;802612,8963;5827683,567;13,46054868;52,5150693
27277;4950;11;1;1011303;2020;4;16;3;3;2;6;0;0;1;0;0;0;0;0;799111,3633;5827700,607;13,40911803;52,51715359
27278;4951;11;4;4020314;2020;10;14;5;3;3;6;0;0;1;0;0;1;0;0;790502,547;5825470,677;13,28066221;52,50181617
27279;4953;11;1;1011105;2020;4;9;3;3;5;3;0;0;1;0;0;0;0;0;796676,764;5826211,163;13,37201659;52,5051321
27280;4954;11;12;12103117;2020;9;17;2;3;5;3;0;1;1;0;0;0;0;0;795803,1069;5832486,771;13,36476748;52,5618615
27281;4955;11;3;3030711;2020;11;12;1;3;2;6;0;0;1;0;0;0;0;0;800153,1141;5835100,333;13,43111307;52,58290693
27282;4956;11;7;7030303;2020;9;16;6;3;3;6;0;0;1;0;1;0;1;0;795720,215;5823044,777;13,35515444;52,47726727
27283;4957;11;4;4051551;2020;4;19;3;3;3;6;0;0;1;0;0;1;0;0;793134,6252;5823018,831;13,31717086;52,4784286
27284;4958;11;2;2020203;2020;5;10;5;3;3;6;0;0;1;0;0;0;0;0;797786,2565;5824809,438;13,38706153;52,49196288
27285;4959;11;7;7020203;2020;8;1;7;3;1;5;2;1;1;0;0;0;0;0;795590,9815;5823887,068;13,35400391;52,48488774
27286;4960;11;9;9010301;2020;7;23;3;3;5;3;2;1;1;0;0;0;0;0;805153,6362;5822563,103;13,49318558;52,46776151
27287;4961;11;4;4020314;2020;6;14;3;3;3;6;0;0;1;0;0;0;0;0;790518,5802;5825631,169;13,28103777;52,50324646
27288;4962;11;7;7050502;2020;4;13;2;2;3;6;0;0;1;0;1;0;0;0;797656,0112;5818651,173;13,37965629;52,43683161
27289;4963;11;1;1011104;2020;9;12;7;3;2;6;0;0;0;0;1;0;1;1;796197,2806;5825815,545;13,36462098;52,50184626
27290;4964;11;2;2040703;2020;12;7;2;3;5;2;1;1;1;0;0;0;0;1;801840,3171;5826427,623;13,4480592;52,50424029
27291;4965;11;7;7040401;2020;6;15;4;2;5;2;0;1;1;0;0;0;0;0;797775,4346;5823548,946;13,38577648;52,48066991
27292;4967;11;10;10040830;2020;4;18;2;3;2;6;0;1;1;0;0;0;0;0;811544,2679;5827130,547;13,59122779;52,50508568
27293;4968;11;2;2040503;2020;11;18;1;3;5;3;2;1;0;0;0;0;1;0;801632,7924;5827784,374;13,44624057;52,51651575
27294;4969;11;2;2050602;2020;9;21;7;3;2;6;2;0;1;0;0;0;0;0;802119,169;5827844,116;13,45344077;52,51678201
27295;4970;11;7;7040402;2020;7;13;6;3;2;6;0;0;1;0;0;0;0;0;796477,815;5822590,107;13,36587252;52,47278082
27296;4971;11;3;3061429;2020;4;23;1;3;5;2;2;0;1;0;0;0;0;0;801343,2412;5830998,643;13,44490001;52,54548562
27297;4972;11;6;6010101;2020;10;13;3;3;5;2;0;0;1;0;0;0;0;0;793110,666;5820191,107;13,31433531;52,45309167
27298;4973;11;1;1011202;2020;8;18;2;3;6;4;0;1;0;1;0;0;0;0;798078,8288;5827663,49;13,39391319;52,51738622
27299;4974;11;1;1011303;2020;7;5;1;3;0;1;1;0;0;0;0;0;1;0;798895,6698;5828078,134;13,40628797;52,52065584
27300;4975;11;2;2050602;2020;6;16;4;3;5;2;0;1;1;0;0;0;0;0;803078,8308;5827635,245;13,46734993;52,51437749
27301;4976;11;4;4041137;2020;11;5;2;3;0;1;2;0;0;0;1;0;0;1;791263,3086;5824601,264;13,29107791;52,49361636
27302;4977;11;2;2050602;2020;4;15;1;3;5;2;0;0;1;0;1;0;0;0;802589,4702;5827701,802;13,4602211;52,51524574
27303;4978;11;1;1011201;2020;9;3;4;3;0;1;2;1;0;0;0;0;0;0;797223,1087;5826762,092;13,38053423;52,50977323
27304;4979;11;4;4041134;2020;11;14;7;3;2;6;0;0;1;0;0;0;0;0;790670,437;5825008,856;13,28272554;52,4975865
27305;4980;11;1;1033203;2020;6;20;5;2;3;6;0;1;0;0;0;0;0;0;796267,0314;5830144,649;13,36950152;52,54061461
27306;4981;11;9;9010102;2020;4;14;1;3;4;6;0;1;1;0;0;0;0;0;803971,673;5824574,932;13,4776735;52,48645195
27307;4982;11;2;2040703;2020;8;18;2;2;8;1;0;1;0;0;1;0;0;0;801872,8585;5826521,777;13,44862254;52,5050662
27308;4983;11;7;7030303;2020;7;16;4;2;2;6;0;0;1;0;0;0;0;0;796012,9753;5822712,911;13,3591579;52,47413376
27309;4984;11;3;3020209;2020;4;18;1;2;5;2;0;1;1;0;0;0;0;0;798153,948;5836016,099;13,40251882;52,59221462
27310;4985;11;6;6010208;2020;10;15;4;3;2;6;0;0;1;0;0;0;0;0;793839,3181;5820843,42;13,32560134;52,45854821
27311;4986;11;12;12214125;2020;12;19;3;3;2;6;1;0;1;0;0;0;1;1;791070,4272;5834062,704;13,29653196;52,57854009
27312;4987;11;4;4030623;2020;8;17;4;3;0;5;0;0;1;0;1;0;0;0;793402,5672;5826858,662;13,32448685;52,51270726
27313;4988;11;2;2050602;2020;7;1;2;3;0;1;2;1;0;0;0;0;0;0;802044,0798;5828031,873;13,45250799;52,51850647
27314;4989;11;4;4030623;2020;5;21;5;3;5;2;2;0;1;0;0;0;1;0;793298,7697;5826822,901;13,32293018;52,5124425
27315;4990;11;2;2050602;2020;10;9;2;3;2;6;0;0;1;0;0;0;0;1;803107,8064;5827649,154;13,46778829;52,51448606
27316;4992;11;5;5020524;2020;4;13;1;3;7;7;0;0;1;0;0;0;0;0;782234,3644;5825039,862;13,15881615;52,50229296
27317;4993;11;6;6030503;2020;9;16;6;3;5;2;0;1;0;0;0;0;1;0;790946,562;5818773,475;13,28134383;52,44153857
27318;4994;11;9;9010101;2020;11;6;4;3;5;2;1;1;1;0;0;0;0;1;802580,7007;5825075,569;13,45770576;52,4917118
27319;4995;11;6;6030503;2020;5;14;5;3;6;4;0;0;1;1;0;0;0;0;789552,552;5817982,139;13,26020684;52,43518383
27320;4996;11;7;7060604;2020;8;14;3;3;0;6;0;0;1;0;1;0;0;0;796429,9592;5815414,705;13,35880551;52,40848492
27321;4997;11;3;3061126;2020;6;8;5;3;2;6;0;0;1;0;0;1;0;1;799218,7807;5831416,86;13,41404184;52,5504052
27322;4998;11;12;12214424;2020;5;18;5;3;2;6;0;0;1;0;0;0;0;0;792537,5792;5832480,319;13,31672631;52,56356798
27323;4999;11;11;11030721;2020;4;18;7;2;5;2;0;1;1;0;0;0;0;0;804236,0589;5827533,175;13,48425738;52,51281844
27324;5000;11;4;4020314;2020;10;17;5;2;0;1;0;0;0;0;1;0;0;0;790276,3821;5825477,477;13,2773456;52,5019975
27325;5001;11;4;4020311;2020;12;14;2;3;3;6;0;0;1;0;0;0;1;0;789291,9496;5826180,737;13,26349438;52,50882524
27326;5002;11;12;12103219;2020;8;17;5;3;5;2;0;1;1;0;0;0;0;0;795766,4058;5832694,689;13,36441297;52,56374521
27327;5003;11;7;7040401;2020;6;17;2;3;3;1;0;1;1;0;0;0;0;1;797777,3164;5823508,969;13,38576841;52,48031053
27328;5004;11;2;2050601;2020;4;19;7;3;0;1;0;1;0;0;0;0;0;0;802032,1136;5828101,201;13,45239512;52,51913448
27329;5005;11;3;3061131;2020;10;23;2;3;1;5;2;1;0;0;1;0;0;1;799179,7632;5830861,321;13,41296765;52,5454471
27330;5007;11;2;2050601;2020;4;19;7;3;5;7;0;0;1;0;0;0;1;0;802063,957;5828101,286;13,45286307;52,51911761
27331;5008;11;3;3040614;2020;11;18;6;3;3;6;2;0;1;0;0;0;0;0;798336,674;5833473,712;13,40291995;52,56932574
27332;5009;11;4;4030724;2020;9;15;5;3;2;6;0;0;1;0;0;0;0;0;790701,8009;5826177,718;13,28420673;52,50804871
27333;5010;11;9;9010401;2020;4;17;7;2;2;6;0;0;1;0;0;0;0;0;805535,4163;5818918,073;13,4954539;52,43487933
27334;5011;11;12;12103218;2020;5;14;5;3;5;2;0;1;1;0;0;0;0;0;794455,9891;5834358,683;13,34661417;52,5793719
27335;5012;11;12;12214422;2020;8;22;5;3;0;1;2;0;0;0;1;0;0;0;792088,319;5832651,256;13,31026786;52,56534157
27336;5013;11;11;11030721;2020;7;17;7;3;2;6;0;0;1;0;0;0;0;0;804267,5776;5827530,053;13,48471754;52,51277287
27337;5014;11;9;9020601;2020;6;13;7;3;4;6;0;1;0;0;0;0;0;0;805546,2395;5822171,783;13,49858878;52,46403488
27338;5015;11;2;2050602;2020;5;7;5;3;5;2;0;1;0;0;0;1;0;0;802178,5288;5827741,531;13,45421973;52,51582966
27339;5016;11;2;2040503;2020;8;19;4;3;5;3;1;1;1;0;0;0;0;1;801816,5595;5827765,484;13,44892339;52,51624478
27340;5017;11;6;6030503;2020;6;12;6;3;5;3;0;0;1;0;0;0;0;0;790942,728;5818771,219;13,28128562;52,44152039
27341;5018;11;3;3020209;2020;4;14;6;2;1;5;0;1;1;0;0;0;0;0;798256,6651;5834745,938;13,40288736;52,58077322
27342;5019;11;2;2020203;2020;10;13;6;3;0;7;0;1;1;0;0;0;0;0;797785,0059;5824803,352;13,38703773;52,49190901
27343;5020;11;4;4010101;2020;12;15;3;3;2;6;0;0;1;0;0;0;0;0;790815,3674;5828925,646;13,28827783;52,53262331
27344;5021;11;6;6030605;2020;8;0;1;2;0;1;2;1;0;0;0;0;0;0;792505,3022;5819787,725;13,30509893;52,44979968
27345;5022;11;12;12231101;2020;6;10;2;3;5;2;0;1;1;0;0;0;0;0;791744,7587;5839579,084;13,31131723;52,62763112
27346;5023;11;1;1022202;2020;4;21;6;3;3;6;2;0;1;0;0;0;0;0;796015,6776;5829360,041;13,3651072;52,53371796
27347;5024;11;3;3061126;2020;10;9;4;3;0;7;0;1;0;0;0;0;1;1;799221,6515;5831470,468;13,41413236;52,55088414
27348;5026;11;1;1011105;2020;4;18;6;3;2;6;0;0;1;0;0;0;0;0;796430,3657;5826362,011;13,36853129;52,50661824
27349;5027;11;3;3061126;2020;9;20;1;3;0;6;2;0;1;0;1;0;0;0;799217,4334;5831384,622;13,41399298;52,55011698
27350;5028;11;7;7070701;2020;11;10;6;3;0;7;0;0;1;0;0;0;0;0;799133,0666;5816617,418;13,39950108;52,41779567
27351;5029;11;6;6030501;2020;9;15;6;3;2;3;0;1;1;0;0;0;0;0;787907,8859;5817573,467;13,23572881;52,43238801
27352;5030;11;1;1033203;2020;4;19;5;3;2;3;0;0;1;0;0;0;0;0;796276,4491;5830298,658;13,36977732;52,54199003
27353;5031;11;2;2050602;2020;5;15;4;3;5;2;0;1;1;0;0;0;0;0;802576,0683;5827687,261;13,46001098;52,51512284
27354;5032;11;7;7040403;2020;8;8;6;3;5;2;0;1;1;0;0;0;0;0;797848,686;5822305,299;13,38574131;52,46948207
27355;5033;11;3;3071639;2020;7;16;3;3;0;1;0;0;0;0;1;0;0;0;800385,869;5829539,511;13,42950534;52,53293574
27356;5034;11;12;12231101;2020;6;3;1;3;6;7;2;1;0;1;0;0;0;0;791906,8023;5838918,388;13,3131211;52,62162125
27357;5035;11;7;7040405;2020;4;14;5;3;0;6;0;0;0;0;1;0;1;0;799012,3206;5821809,377;13,4023763;52,46440113
27358;5036;11;12;12301205;2020;9;11;6;3;0;1;0;0;0;0;1;0;0;1;792380,978;5837729,812;13,31905507;52,61071135
27359;5037;11;2;2010101;2020;12;18;1;3;0;1;2;0;0;0;1;0;0;1;797292,245;5825592,558;13,38050565;52,49925198
27360;5038;11;4;4020313;2020;6;14;4;3;2;6;0;0;1;0;0;0;0;0;790694,9074;5826336,16;13,28424382;52,50947282
27361;5040;11;12;12103219;2020;4;10;5;2;5;2;0;1;1;0;0;0;0;0;795681,592;5832885,339;13,36333529;52,56550027
27362;5041;11;7;7020202;2020;11;8;5;3;5;2;0;1;1;0;0;0;0;0;795241,9043;5823528,273;13,34856039;52,48186026
27363;5042;11;4;4010101;2020;9;14;7;3;2;6;0;0;1;0;0;0;0;0;791083,0339;5829201,32;13,29245416;52,53495182
27364;5043;11;4;4020310;2020;7;14;5;3;2;6;0;0;1;0;0;0;1;0;790428,0902;5827723,185;13,28153415;52,52204971
27365;5044;11;2;2050602;2020;4;8;5;3;5;2;0;1;1;0;0;0;0;0;802987,1844;5827645,509;13,46601288;52,51452041
27366;5045;11;4;4010101;2020;10;21;7;2;0;1;2;0;0;0;1;0;0;0;791539,925;5830633,145;13,30042759;52,54754364