;OBJECTID;LAND;BEZ;LOR;UJAHR;UMONAT;USTUNDE;UWOCHENTAG;UKATEGORIE;UART;UTYP1;ULICHTVERH;IstRad;IstPKW;IstFuss;IstKrad;IstGkfz;IstSonstige;USTRZUSTAND;LINREFX;LINREFY;XGCSWGS84;YGCSWGS84
27367;5046;11;7;7050502;2020;8;11;2;2;0;6;0;1;0;0;0;0;1;0;798456,4409;5818180,549;13,39097603;52,43217681
27368;5047;11;7;7020202;2020;7;14;6;3;0;4;0;0;0;1;0;0;1;0;795243,0042;5823529,745;13,34857785;52,48187286
27369;5048;11;7;7050501;2020;6;11;3;3;5;3;0;0;1;0;0;0;0;0;797884,0724;5820428,218;13,3845856;52,4526368
27370;5049;11;7;7010104;2020;10;15;7;3;6;7;0;0;0;1;0;0;1;1;796003,2008;5824574,813;13,36066758;52,49082948
27371;5050;11;7;7020202;2020;4;22;4;3;3;6;2;0;1;0;0;0;1;0;795399,6961;5823424,016;13,35078483;52,48084033
27372;5051;11;3;3061131;2020;9;13;3;3;4;6;0;1;0;0;0;0;1;0;799165,0458;5830940,645;13,41282271;52,54616619
27373;5052;11;9;9010201;2020;11;16;6;3;5;3;2;1;1;0;0;0;0;0;803268,9338;5824397,53;13,46719457;52,48525271
27374;5053;11;11;11010101;2020;6;7;5;3;5;7;0;0;1;0;1;0;0;0;803724,4793;5834374,441;13,48299705;52,57441929
27375;5054;11;3;3030716;2020;4;18;4;2;3;6;0;0;1;0;1;0;0;0;803321,222;5833644,665;13,47639728;52,56810347
27376;5055;11;10;10010308;2020;8;13;2;3;3;6;0;0;1;0;0;0;0;0;808340,0204;5828034,955;13,54500683;52,51501105
27377;5056;11;4;4041134;2020;7;7;4;3;3;6;0;0;1;0;0;1;0;0;790869,128;5824710,147;13,28538331;52,4948027
27378;5057;11;7;7070703;2020;6;18;3;3;6;7;0;1;0;1;0;0;0;0;799802,2438;5813900,872;13,40687955;52,39307919
27379;5058;11;3;3061332;2020;4;10;4;3;5;2;0;0;1;0;0;0;1;0;799984,4071;5830223,911;13,42422234;52,53929135
27380;5059;11;9;9020601;2020;10;16;2;3;2;6;0;0;1;0;0;0;1;1;806095,1049;5821638,59;13,50615373;52,458949
27381;5060;11;6;6040701;2020;12;8;2;3;1;5;0;1;0;0;0;1;0;1;781158,349;5815419,302;13,13490246;52,416583
27382;5061;11;1;1011303;2020;8;9;4;2;5;3;0;1;0;0;0;0;0;0;798701,6594;5827896,885;13,40327432;52,5191375
27383;5062;11;3;3061332;2020;7;8;1;2;0;7;0;1;0;0;0;0;0;0;799468,9149;5830322,14;13,41673288;52,54045533
27384;5063;11;3;3061131;2020;5;10;4;3;5;3;0;1;0;0;0;0;1;0;799165,6915;5830372,818;13,41232082;52,54107614
27385;5064;11;7;7050502;2020;10;5;2;3;5;2;2;0;1;0;1;0;0;0;798004,3966;5819004,887;13,38508144;52,43981258
27386;5066;11;4;4030623;2020;4;16;4;3;5;2;0;0;1;0;1;0;0;0;793301,222;5826821,011;13,32296455;52,51242424
27387;5067;11;1;1011204;2020;9;8;5;3;5;2;0;1;1;0;0;0;0;0;798637,7066;5827034,516;13,40156061;52,51144258
27388;5068;11;7;7050501;2020;11;14;3;3;5;2;0;0;1;0;0;0;0;0;797869,8206;5820428,498;13,38437674;52,45264707
27389;5069;11;3;3061332;2020;5;14;4;3;5;2;0;0;1;0;0;0;1;0;799816,6255;5830255,23;13,42178414;52,5396644
27390;5070;11;10;10030726;2020;8;19;3;2;2;6;0;0;1;0;1;0;0;0;809468,7458;5827395,574;13,56099283;52,5086419
27391;5071;11;10;10010206;2020;6;13;5;3;2;6;0;0;1;0;0;0;0;0;808322,6809;5832066,247;13,54849132;52,55114859
27392;5072;11;6;6040703;2020;5;16;5;3;1;5;0;0;1;0;0;0;0;0;784739,4784;5815918,779;13,1878422;52,41921014
27393;5073;11;7;7020202;2020;4;11;3;2;6;2;0;0;0;1;0;0;1;0;795493,9963;5823365,291;13,35211733;52,48026289
27394;5074;11;1;1011102;2020;9;15;4;3;2;6;0;0;1;0;0;0;0;0;796423,9633;5827372,469;13,3693372;52,51567949
27395;5075;11;6;6040703;2020;12;10;7;3;5;3;0;0;1;0;0;0;0;0;786189,8159;5816768,274;13,20983761;52,42607022
27396;5076;11;4;4020313;2020;8;14;5;3;2;6;0;0;1;0;0;0;0;0;790653,9629;5827102,777;13,28431181;52,51636738
27397;5077;11;1;1011102;2020;6;13;1;3;0;2;0;0;1;0;1;0;0;1;796453,881;5827390,807;13,36979314;52,51582761
27398;5078;11;1;1033203;2020;10;21;1;3;6;2;2;0;1;1;0;0;0;1;796287,0826;5830281,195;13,36991809;52,54182771
27399;5080;11;4;4020310;2020;4;11;3;2;3;6;0;0;1;0;0;1;0;0;790462,5492;5828450,171;13,28267563;52,5285488
27400;5081;11;7;7040403;2020;11;11;4;3;2;6;0;0;1;0;0;0;0;0;797821,463;5820715,309;13,38392301;52,45524437
27401;5082;11;2;2050602;2020;9;20;3;3;0;1;2;1;0;0;0;0;0;0;802177,8878;5827744,579;13,45421308;52,51585733
27402;5083;11;1;1011303;2020;4;7;3;3;2;6;0;0;1;0;1;0;0;0;799131,8556;5827676,885;13,4093978;52,51692973
27403;5084;11;11;11030721;2020;10;9;6;3;5;2;0;1;1;0;0;0;0;0;803767,0845;5827581,92;13,47741242;52,5135167
27404;5085;11;1;1033203;2020;8;17;4;3;0;7;0;0;1;0;0;0;0;0;796231,7364;5830175,271;13,36900992;52,5409083
27405;5086;11;2;2050602;2020;7;8;5;3;6;4;0;1;0;1;0;0;0;0;803079,5382;5827651,972;13,46737556;52,51452703
27406;5087;11;1;1011104;2020;6;15;6;3;5;2;0;0;1;0;1;0;0;0;796180,2591;5825777,959;13,36433752;52,50151857
27407;5088;11;10;10030726;2020;4;7;3;3;3;6;0;0;1;0;0;1;0;0;808658,5377;5827425,33;13,54912041;52,50936755
27408;5089;11;9;9010101;2020;9;19;5;3;2;6;2;0;1;0;0;0;0;0;802630,9606;5825131,751;13,4584948;52,4921875
27409;5090;11;7;7040403;2020;12;6;4;3;2;6;2;0;1;0;0;0;0;1;797845,9615;5822378,276;13,38576647;52,47013771
27410;5091;11;1;1033203;2020;6;14;3;3;2;6;0;0;1;0;0;0;0;0;796299,4715;5830036,227;13,36988176;52,53962508
27411;5093;11;3;3010104;2020;4;22;3;3;7;7;2;0;0;0;1;0;0;0;801042,0534;5838445,027;13,44723418;52,61239422
27412;5094;11;1;1011303;2020;9;20;6;3;5;3;1;0;1;0;0;0;1;0;798780,909;5827996,633;13,40452841;52,51998819
27413;5095;11;12;12103115;2020;7;19;1;3;0;1;0;0;1;0;0;0;0;1;795363,0194;5833705,363;13,3593792;52,57302394
27414;5096;11;4;4020208;2020;4;14;3;3;2;6;0;0;1;0;0;0;1;0;788470,2005;5826050,17;13,25130682;52,50808982
27415;5097;11;12;12304314;2020;10;9;6;3;2;6;0;0;1;0;0;0;0;0;790281,5202;5835683,842;13,2863425;52,59349486
27416;5098;11;4;4041134;2020;12;14;4;3;2;6;0;0;1;0;0;0;1;0;790761,6891;5824870,33;13,28394504;52,496296
27417;5099;11;3;3061332;2020;5;12;3;2;3;6;0;1;1;0;0;0;0;1;799501,9227;5830294,046;13,4171928;52,54018538
27418;5100;11;3;3071638;2020;8;19;1;3;5;2;0;1;1;0;0;0;0;0;800016,3277;5828989,415;13,42357729;52,52820858
27419;5101;11;12;12301203;2020;7;15;5;3;6;4;0;0;1;1;0;0;0;1;794063,6871;5835081,249;13,34148242;52,58606131
27420;5102;11;7;7050502;2020;6;13;2;3;2;6;0;0;1;0;0;0;0;0;798192,196;5818900,192;13,38774267;52,43877174
27421;5103;11;6;6030503;2020;10;14;4;3;2;6;0;0;1;0;0;0;0;0;790695,5904;5818604,131;13,2775146;52,44015384
27422;5104;11;4;4030417;2020;4;13;1;3;5;2;0;1;1;0;0;0;0;0;791029,0934;5826477,361;13,28927752;52,5105605
27423;5105;11;6;6030605;2020;9;17;2;3;3;6;0;0;1;0;1;0;0;0;791180,398;5818909,026;13,28489245;52,44262935
27424;5106;11;5;5020629;2020;11;18;3;3;2;6;2;0;1;0;0;0;1;0;784982,7569;5826322,114;13,20029473;52,51236113
27425;5107;11;3;3061332;2020;4;16;1;3;0;6;0;0;1;0;1;0;0;0;799771,3692;5830242,146;13,42110704;52,53957202
27426;5108;11;10;10010308;2020;9;6;5;3;2;6;0;0;1;0;0;0;0;0;808075,3716;5827457,506;13,54058463;52,50998554
27427;5109;11;7;7040403;2020;12;20;6;3;3;6;2;0;1;0;0;1;0;0;797346,2275;5822340,611;13,3783977;52,47007231
27428;5110;11;7;7060601;2020;6;17;3;3;5;2;0;1;0;0;0;1;0;0;796608,831;5815997,411;13,3619437;52,41361158
27429;5112;11;4;4020208;2020;4;14;1;3;2;6;0;0;1;0;0;0;0;0;787892,6623;5825956,738;13,24273997;52,50755724
27430;5113;11;7;7020203;2020;9;15;6;2;1;5;0;0;1;0;1;0;0;0;795679,8609;5823971,726;13,35538408;52,48559851
27431;5114;11;6;6040703;2020;7;11;3;3;1;5;0;0;1;0;0;0;0;0;786369,745;5816863,197;13,21255787;52,42682716
27432;5115;11;7;7040403;2020;4;22;7;3;6;2;2;0;1;1;0;0;0;0;797829,1107;5822373,143;13,38551455;52,47010089
27433;5116;11;4;4020313;2020;10;16;6;3;2;6;0;0;1;0;0;0;0;0;790723,5053;5826860,77;13,28512231;52,51416072
27434;5117;11;2;2010101;2020;8;18;1;3;3;6;0;1;1;0;0;0;0;0;797885,713;5825496,206;13,38913618;52,49806467
27435;5118;11;12;12103115;2020;7;11;6;3;2;1;0;1;1;0;0;0;0;1;795540,2929;5833283,95;13,36161187;52,56915016
27436;5119;11;6;6040701;2020;6;12;3;3;5;7;0;1;1;0;0;0;0;0;784015,5113;5815895,148;13,17720506;52,41937446
27437;5120;11;4;4030622;2020;10;10;5;3;0;2;0;1;0;0;0;0;1;1;792372,6009;5826680,211;13,30919604;52,51166055
27438;5121;11;12;12231102;2020;4;14;7;3;3;6;0;0;1;0;1;0;0;0;791098,9517;5841100,119;13,30314311;52,64161311
27439;5122;11;7;7050502;2020;9;11;2;3;8;7;0;0;0;0;0;0;1;0;797515,5846;5818151,035;13,37715154;52,43242476
27440;5123;11;1;1022202;2020;11;16;5;3;2;6;2;0;1;0;1;0;0;1;795883,496;5829597,455;13,36337553;52,53591793
27441;5124;11;12;12302211;2020;6;14;4;3;2;2;0;0;1;0;1;0;0;0;793360,9208;5836429,386;13,33233326;52,5985259
27442;5125;11;4;4020311;2020;8;11;1;2;5;2;0;1;1;0;0;0;0;0;790120,8322;5826328,907;13,27580244;52,50971341
27443;5126;11;2;2050602;2020;6;15;3;3;6;4;0;0;0;1;0;0;1;0;803299,147;5827613,373;13,4705667;52,51405899
27444;5127;11;6;6040703;2020;4;19;6;3;0;1;1;0;0;0;1;0;0;0;785114,6868;5816159,42;13,19354965;52,42117243
27445;5128;11;3;3071639;2020;10;16;2;3;3;6;0;0;1;0;1;0;0;1;800513,3896;5829746,429;13,43156674;52,53472011
27446;5129;11;9;9020601;2020;12;12;7;3;2;6;0;0;1;0;0;0;0;0;806498,7025;5821235,217;13,51170499;52,45510763
27447;5130;11;4;4041137;2020;8;13;3;3;2;6;0;0;1;0;0;0;0;0;791888,3426;5824041,256;13,2997676;52,48826207
27448;5131;11;4;4030417;2020;7;9;5;3;0;7;0;1;0;1;0;0;0;0;791359,2845;5826531,544;13,29417657;52,51086998
27449;5132;11;11;11030721;2020;5;14;3;3;6;7;0;0;0;1;0;0;1;0;803906,7711;5827567,212;13,47945108;52,51330707
27450;5133;11;7;7020202;2020;10;0;6;2;9;1;2;0;1;0;0;0;0;0;794926,7556;5823123,665;13,34357523;52,4784035
27451;5135;11;1;1011303;2020;4;17;6;3;2;6;0;0;1;0;0;0;0;0;798863,8858;5828074,895;13,40581801;52,52064422
27452;5136;11;4;4041133;2020;9;19;4;3;2;6;1;0;1;0;0;0;0;0;790584,4555;5825130,265;13,28156846;52,49872074
27453;5137;11;7;7050502;2020;11;18;2;3;2;6;2;0;1;0;0;0;0;1;798151,723;5818914,51;13,3871618;52,43892215
27454;5138;11;11;11030721;2020;5;11;2;3;2;6;0;0;1;0;0;0;0;1;803876,8997;5827570,57;13,47901532;52,5133538
27455;5139;11;7;7010104;2020;8;14;2;3;1;5;0;1;1;0;0;0;0;0;796006,2553;5825033,303;13,36111978;52,49493779
27456;5140;11;2;2040503;2020;6;15;4;2;6;4;0;0;1;1;0;0;0;0;801378,9701;5827810,464;13,44253494;52,51688992
27457;5141;11;4;4010101;2020;5;15;5;3;2;6;0;0;1;0;0;0;0;0;790663,9861;5828845,525;13,28598233;52,53198577
27458;5142;11;6;6030503;2020;4;15;6;2;5;2;0;0;1;0;0;0;0;0;791033;5818801,4;13,28263625;52,44174293
27459;5143;11;3;3071633;2020;9;9;4;3;2;6;0;1;1;0;0;0;0;0;800539,9597;5829931,977;13,43212507;52,53636857
27460;5144;11;2;2050602;2020;12;19;5;3;5;2;2;1;1;0;0;0;0;1;802146,3043;5827747,522;13,45375173;52,51590121
27461;5145;11;12;12301205;2020;8;8;4;3;5;2;0;1;1;0;0;0;0;0;792368,9851;5837740,45;13,31888786;52,61081317
27462;5146;11;6;6040701;2020;6;16;6;3;0;5;0;1;1;0;0;0;0;1;782483,3777;5815759,564;13,15462097;52,41895174
27463;5147;11;1;1011201;2020;10;17;7;3;2;6;0;0;1;0;0;0;0;0;797090,583;5826739,298;13,37856689;52,50964109
27464;5149;11;2;2050602;2020;4;13;5;2;3;6;0;1;0;0;0;0;0;0;802358,3348;5827709,56;13,45683238;52,51544346
27465;5150;11;7;7050501;2020;11;12;4;2;3;6;0;1;1;0;0;0;0;0;798130,7746;5819113,443;13,38703199;52,44071678
27466;5151;11;6;6030605;2020;9;15;3;3;5;3;0;0;1;0;1;0;0;0;792499,0842;5819784,197;13,3050046;52,44977138
27467;5152;11;1;1011104;2020;8;14;2;2;2;6;0;0;0;0;1;0;1;0;796182,6867;5825783,319;13,36437795;52,50156531
27468;5153;11;1;1033203;2020;4;17;5;3;2;6;0;0;1;0;0;0;0;0;796207,8096;5829939,111;13,36844761;52,53880436
27469;5154;11;2;2050602;2020;10;21;6;3;5;2;2;1;1;0;0;0;0;1;802576,2311;5827687,245;13,46001336;52,51512261
27470;5155;11;1;1011201;2020;8;12;4;3;3;6;0;1;0;0;0;1;0;0;797600,4456;5826824,75;13,38613382;52,51012917
27471;5156;11;7;7040403;2020;7;12;4;3;3;6;0;0;1;0;1;0;0;1;797293,4515;5822327,918;13,37761173;52,46998726
27472;5157;11;2;2050602;2020;6;6;6;3;5;2;0;1;0;0;0;0;1;1;802380,2359;5827724,419;13,45716764;52,51556449
27473;5158;11;9;9010302;2020;11;13;5;3;3;6;0;0;1;0;1;0;0;0;804466,0356;5819686,806;13,48047226;52,4423656
27474;5159;11;3;3061429;2020;4;16;5;3;5;2;0;1;1;0;0;0;0;0;800973,866;5830486,269;13,43900519;52,54109732
27475;5160;11;1;1011303;2020;9;14;5;3;5;3;0;1;1;0;0;0;0;0;799326,7992;5827936,222;13,41249547;52,51914733
27476;5161;11;1;1011105;2020;11;11;2;3;5;3;0;0;1;0;0;0;0;0;796676,764;5826211,163;13,37201659;52,5051321
27477;5162;11;7;7040401;2020;6;16;2;3;2;6;0;0;1;0;0;0;0;0;797815,25;5822679,143;13,38558429;52,4728514
27478;5164;11;10;10030726;2020;4;15;5;3;2;2;0;0;1;0;0;0;0;0;809650,084;5827341,153;13,56360558;52,5080513
27479;5165;11;3;3071639;2020;9;8;5;2;5;2;0;1;0;0;0;0;0;0;800269,8281;5829354,748;13,42763285;52,53134359
27480;5166;11;9;9010101;2020;7;12;6;3;0;6;0;0;0;0;0;0;1;0;802634,5918;5825167,859;13,45858092;52,49250912
27481;5167;11;12;12231101;2020;4;12;5;3;0;1;0;1;0;0;0;0;0;0;792227,2171;5838319,969;13,31731205;52,6160845
27482;5168;11;3;3071633;2020;10;13;5;3;5;2;0;1;1;0;0;0;0;0;800291,0583;5830052,565;13,42857536;52,53758663
27483;5169;11;7;7070701;2020;12;14;3;3;1;5;0;0;1;0;0;0;1;1;799356,9158;5816020,878;13,40224926;52,41232604
27484;5170;11;3;3020209;2020;5;9;2;3;5;2;0;1;1;0;0;0;0;0;798250,3928;5835077,053;13,40309303;52,58374461
27485;5171;11;2;2050802;2020;8;20;6;2;3;6;1;1;0;0;0;0;0;0;802054,9105;5827113,06;13,4518331;52,51026513
27486;5172;11;12;12103218;2020;7;18;3;3;2;2;0;0;1;0;0;0;0;0;795328,2941;5833730,576;13,35889074;52,5732688
27487;5173;11;1;1044201;2020;5;15;1;3;0;7;0;1;1;0;0;0;0;0;796072,3835;5831280,272;13,36765213;52,55090012
27488;5174;11;4;4041239;2020;10;17;4;3;2;6;1;0;1;0;0;0;0;0;792084,8491;5823813,101;13,30245349;52,48611159
27489;5175;11;4;4020209;2020;4;14;4;3;2;6;0;0;1;0;0;0;1;0;789743,0081;5824732,394;13,26886163;52,49560114
27490;5176;11;10;10010308;2020;9;16;1;3;3;6;0;0;1;0;1;0;0;0;808117,6425;5827457,156;13,54120519;52,50995853
27491;5177;11;4;4020314;2020;11;20;2;3;3;6;2;0;1;0;0;1;0;0;790535,1058;5825733,412;13,28136977;52,50415427
27492;5178;11;7;7050501;2020;5;8;2;3;3;6;0;1;0;0;0;0;1;1;798066,8834;5819387,21;13,386339;52,44320565
27493;5179;11;4;4020313;2020;8;10;6;2;6;4;0;1;0;1;0;0;0;0;790360,0934;5826367,625;13,27935177;52,50993322
27494;5180;11;7;7050501;2020;6;13;7;3;5;3;0;1;1;0;0;0;0;0;797749,8282;5818868,293;13,38122572;52,43872681
27495;5181;11;8;8020619;2020;4;8;4;3;5;3;0;0;1;0;0;1;0;0;802349,183;5821930,503;13,45145471;52,46365066
27496;5182;11;3;3061434;2020;10;20;7;3;0;1;2;1;0;0;0;0;0;0;800691,9104;5830081,971;13,43449435;52,53762918
27497;5183;11;12;12103115;2020;12;18;5;3;3;6;2;0;1;0;1;0;0;0;795552,2695;5833252,991;13,36176048;52,56886614
27498;5184;11;2;2050602;2020;8;9;2;3;5;2;0;0;1;0;0;0;1;0;802043,3189;5828025,584;13,4524911;52,51845052
27499;5185;11;2;2050602;2020;7;14;4;3;6;4;0;0;0;1;0;0;1;1;803122,3301;5827630,838;13,46798497;52,51431383
27500;5186;11;1;1022202;2020;4;16;3;3;2;6;0;0;1;0;0;0;0;0;795886,8016;5829547,515;13,36337967;52,53546847
27501;5187;11;4;4020311;2020;10;11;5;3;2;6;0;0;1;0;0;0;0;0;789060,8138;5826144,572;13,26006681;52,50862354
27502;5189;11;3;3020209;2020;4;13;3;3;5;3;0;0;1;0;1;0;0;0;798165,7503;5836122,447;13,40278827;52,5931614
27503;5190;11;4;4051656;2020;9;16;3;3;2;6;0;0;1;0;0;0;0;0;793758,3164;5823001,444;13,3263126;52,4779376
27504;5191;11;12;12231101;2020;11;14;1;3;0;1;0;1;0;0;0;0;0;0;791842,3566;5839180,645;13,3124033;52,62400688
27505;5192;11;9;9010102;2020;9;19;6;2;8;1;0;0;1;0;0;0;0;0;804091,7624;5824390,086;13,47926798;52,48472836
27506;5193;11;1;1011201;2020;5;17;2;3;0;1;0;0;0;0;1;0;0;1;797562,694;5826818,643;13,38557374;52,51009501
27507;5194;11;12;12103219;2020;8;19;7;3;5;2;0;1;1;0;0;0;0;1;795732,7841;5832788,42;13,36400195;52,56460368
27508;5195;11;7;7070701;2020;6;16;3;3;2;6;0;0;1;0;0;0;0;0;799317,064;5816170,3;13,4017987;52,41368722
27509;5196;11;3;3071633;2020;4;19;3;3;5;2;0;1;1;0;0;0;0;0;800295,0826;5830050,664;13,4286328;52,53756737
27510;5197;11;12;12103218;2020;9;18;2;3;5;2;1;1;1;0;0;0;0;0;794559,1815;5833820,741;13,34765472;52,57449384
27511;5198;11;7;7040403;2020;12;20;2;3;5;2;2;0;1;0;0;0;0;0;797848,5289;5822307,378;13,38574086;52,46950079
27512;5199;11;7;7030303;2020;5;15;2;3;2;6;0;0;1;0;0;0;0;1;796272,6777;5822709,172;13,36296698;52,47395944
27513;5200;11;12;12103218;2020;8;20;7;3;5;3;1;0;1;0;0;0;0;0;794559,322;5833814,317;13,34765108;52,57443618
27514;5201;11;9;9020601;2020;6;13;2;2;3;6;0;0;0;0;1;1;0;0;806057,5994;5821695,611;13,50565572;52,45948105
27515;5202;11;10;10010308;2020;4;20;3;2;0;1;2;1;0;0;0;0;0;0;808309,4067;5827600,658;13,54415478;52,51113624
27516;5203;11;3;3061332;2020;10;14;7;2;0;1;0;1;0;0;0;0;0;0;799251,4581;5830357,694;13,41356807;52,54089349
27517;5204;11;2;2020202;2020;12;14;6;3;2;6;0;0;1;0;0;0;0;0;797833,1679;5824977,145;13,38790036;52,49344058
27518;5205;11;4;4020208;2020;8;17;3;2;5;3;0;0;0;0;1;0;1;0;787113,1156;5825830,927;13,23117719;52,5068401
27519;5206;11;4;4030417;2020;7;16;5;3;3;6;0;1;0;0;0;0;0;0;791712,9516;5826590,977;13,29942522;52,51121376
27520;5207;11;12;12301203;2020;10;11;6;2;2;6;0;0;1;0;1;0;0;0;794226,1154;5834780,872;13,34360627;52,58328084
27521;5209;11;3;3040818;2020;4;10;3;3;5;7;0;1;1;0;0;0;0;0;800085,8158;5833969,823;13,42909947;52,57281108
27522;5210;11;9;9010301;2020;9;15;4;3;5;2;0;0;1;0;1;0;0;0;805149,8214;5822566,832;13,49313301;52,46779706
27523;5211;11;11;11030721;2020;11;8;2;3;0;6;0;0;1;0;1;0;0;1;804918,3638;5827463,898;13,49421709;52,51181657
27524;5212;11;4;4010102;2020;5;14;2;3;2;6;0;0;1;0;0;1;0;1;792370,7153;5829393,398;13,31155362;52,53598449
27525;5213;11;12;12214125;2020;8;22;1;3;3;6;2;0;1;0;0;1;0;0;792107,794;5831889,605;13,30988386;52,55850319
27526;5214;11;7;7040403;2020;6;11;3;3;5;3;0;1;0;0;0;0;1;0;797861,462;5821608,932;13,38530725;52,46323295
27527;5215;11;12;12231101;2020;4;11;2;3;5;3;0;1;1;0;0;0;0;0;792115,6621;5837980,951;13,31536966;52,61310535
27528;5216;11;7;7020202;2020;9;9;2;2;0;2;0;1;0;0;0;0;1;0;795233,6302;5823511,61;13,34842415;52,48171536
27529;5217;11;3;3010102;2020;12;14;4;3;2;6;0;0;0;0;0;1;1;1;804544,2398;5839617,204;13,49987798;52,62094862
27530;5218;11;2;2020201;2020;8;14;3;3;0;3;0;1;0;0;1;0;0;0;797140,3808;5825591,659;13,37827427;52,49932662
27531;5219;11;4;4051551;2020;6;16;5;3;2;6;0;0;1;0;1;0;0;0;792860,2401;5823151,839;13,31325909;52,47976819
27532;5221;11;4;4020314;2020;4;7;2;3;2;6;0;0;1;0;0;1;0;0;790456,4591;5825311,08;13,27984594;52,5004099
27533;5222;11;2;2050602;2020;11;15;2;3;5;2;0;1;1;0;0;0;0;0;802125,1005;5828061,45;13,45372528;52,51872669
27534;5223;11;1;1011202;2020;9;23;2;2;9;1;2;0;1;0;0;0;0;0;797618,4672;5827596,311;13,38708864;52,51703545
27535;5224;11;7;7040403;2020;8;18;7;3;1;5;0;0;1;0;0;0;1;0;797845,8602;5822072,498;13,38549202;52,46739681
27536;5225;11;4;4030622;2020;4;15;2;3;3;6;0;1;0;0;0;0;0;0;791898,5128;5826622,168;13,3021791;52,51139412
27537;5226;11;2;2020203;2020;10;6;5;3;0;6;2;0;0;0;1;0;1;1;797808,569;5824831,829;13,38740921;52,49215141
27538;5227;11;3;3040513;2020;8;19;3;3;5;2;0;0;1;0;0;0;1;0;798031,9282;5833762,167;13,39869608;52,57207826
27539;5228;11;6;6010209;2020;7;0;3;3;8;1;2;0;1;0;0;0;0;0;794278,587;5821475,235;13,33260477;52,46397578
27540;5229;11;12;12214125;2020;6;17;5;3;2;6;0;0;1;0;0;0;0;1;791679,3406;5830979,923;13,30278237;52,55057779
27541;5230;11;7;7040403;2020;11;0;4;3;5;2;2;0;1;0;0;0;0;0;797848,78;5822303,232;13,38574085;52,46946349
27542;5231;11;1;1011204;2020;4;15;2;3;2;6;0;0;1;0;0;0;0;0;798767,4221;5827151,987;13,40357178;52,51242451
27543;5232;11;1;1011303;2020;9;8;5;3;2;6;0;0;1;0;1;0;0;0;799104,8333;5827634,873;13,40896299;52,51656797
27544;5233;11;7;7070706;2020;11;7;2;3;6;3;0;0;1;1;0;0;0;0;800643,4645;5812139,258;13,41762551;52,37682772
27545;5234;11;2;2050602;2020;6;1;7;3;0;1;2;1;0;0;0;0;0;1;802180,849;5827729,145;13,45424257;52,51571735
27546;5235;11;8;8010510;2020;4;15;7;2;0;1;0;0;0;0;1;0;0;0;802416,68;5821956,132;13,45246843;52,46384301
27547;5236;11;7;7030303;2020;9;14;4;2;5;3;0;0;1;0;0;0;1;0;795630,8869;5823222,743;13,35400078;52,47891096
27548;5237;11;3;3061332;2020;7;20;5;3;5;2;1;1;1;0;0;0;0;0;799888,6943;5830243,131;13,42283267;52,5395163
27549;5238;11;2;2050801;2020;4;11;7;3;0;7;0;1;0;1;0;0;0;0;802128,7444;5827620,652;13,45337855;52,5147738
27550;5239;11;10;10010204;2020;10;12;4;3;5;3;0;0;1;0;0;0;1;1;808904,0158;5833413,882;13,55829203;52,56289627
27551;5240;11;4;4041134;2020;12;0;6;3;9;1;2;0;1;0;0;0;0;0;791096,3732;5824656,279;13,28867407;52,49419863
27552;5241;11;2;2010101;2020;8;8;5;3;5;2;0;1;1;0;0;0;0;0;797029,1577;5825878,536;13,3768965;52,50195873
27553;5242;11;3;3020209;2020;7;17;3;3;5;2;0;1;1;0;0;0;0;0;798222,0842;5834733,439;13,40236726;52,58068014
27554;5243;11;10;10010309;2020;5;9;7;3;5;3;0;1;1;0;0;0;0;0;807669,2171;5829997,589;13,53696835;52,53297892
27555;5244;11;2;2020202;2020;10;14;3;3;0;1;0;1;0;0;0;0;0;1;797796,3316;5825468,817;13,38779892;52,49786794
27556;5245;11;3;3051017;2020;4;12;6;3;2;6;0;0;1;0;0;0;0;0;802854,35;5833028,576;13,46896761;52,56284156
27557;5246;11;4;4041133;2020;9;18;1;3;2;6;0;0;1;0;0;0;0;0;790519,154;5825242,498;13,28070711;52,49976168
27558;5247;11;3;3061131;2020;11;13;2;2;5;3;0;0;1;0;1;0;0;0;799141,7723;5830376,508;13,4119725;52,54112235
27559;5248;11;3;3040614;2020;5;18;1;2;0;1;0;0;0;0;1;0;0;1;798543,1421;5833170,761;13,40568461;52,56649705
27560;5249;11;9;9010101;2020;8;15;5;3;0;1;0;1;0;0;0;0;0;0;802742,6708;5825316,786;13,46030328;52,49378402
27561;5250;11;12;12231101;2020;6;15;6;3;5;7;0;0;0;0;1;0;1;0;791911,3178;5838900,027;13,31317141;52,62145423
27562;5251;11;2;2020203;2020;4;11;5;3;3;6;0;1;0;0;0;1;0;0;797762,8627;5824066,651;13,38605432;52,48531741
27563;5252;11;2;2050803;2020;10;16;6;3;2;7;0;0;1;0;0;0;1;0;802466,004;5825981,085;13,45684375;52,4998915
27564;5253;11;2;2050802;2020;12;17;3;3;1;5;2;1;1;0;0;0;0;0;802006,6651;5827032,411;13,45105119;52,50956898
27565;5254;11;4;4041133;2020;8;14;1;3;0;6;0;0;1;0;1;0;0;0;790536,2988;5825180,94;13,28090526;52,49920068
27566;5255;11;9;9010101;2020;6;10;3;3;5;2;0;0;1;0;1;0;0;0;802683,1852;5825207,128;13,45933014;52,49283415
27567;5256;11;3;3061332;2020;3;5;3;2;6;2;2;0;1;1;0;0;0;1;799997,3959;5830192,605;13,42438501;52,53900358