;OBJECTID;LAND;BEZ;LOR;UJAHR;UMONAT;USTUNDE;UWOCHENTAG;UKATEGORIE;UART;UTYP1;ULICHTVERH;IstRad;IstPKW;IstFuss;IstKrad;IstGkfz;IstSonstige;USTRZUSTAND;LINREFX;LINREFY;XGCSWGS84;YGCSWGS84
27568;5257;11;4;4030417;2020;10;7;4;3;3;6;0;0;1;0;1;0;0;1;791680,0488;5826563,967;13,29891809;52,51098922
27569;5259;11;1;1022202;2020;3;12;3;3;2;6;0;0;1;0;0;0;1;0;795884,5283;5829550,771;13,36334915;52,53549889
27570;5260;11;11;11030721;2020;9;15;2;3;5;3;0;1;1;0;0;0;0;0;804510,5505;5827505,12;13,48826407;52,51241383
27571;5261;11;3;3061126;2020;11;11;7;3;3;6;0;1;1;0;0;0;0;0;799209,4132;5831663,024;13,41412593;52,55261682
27572;5262;11;12;12103219;2020;9;16;6;2;5;3;0;1;1;0;0;0;0;0;795751,6918;5832690,776;13,36419305;52,56371813
27573;5263;11;4;4010101;2020;3;12;3;3;2;6;0;0;1;0;0;0;0;0;790675,6816;5828835,548;13,28614554;52,53189009
27574;5264;11;6;6040703;2020;5;12;7;2;0;7;0;0;1;0;0;0;0;0;787007,2973;5820599,843;13,22511843;52,45999526
27575;5265;11;3;3061332;2020;8;1;7;3;2;2;2;0;1;0;0;0;1;0;800004,984;5830217,76;13,42451927;52,53922488
27576;5266;11;9;9010401;2020;7;22;3;2;2;6;2;0;1;0;0;0;0;0;805380,4819;5819038;13,49329145;52,43604071
27577;5267;11;5;5020524;2020;6;11;2;3;2;6;0;0;1;0;0;0;1;0;783507,4181;5826703,455;13,17893799;52,51654919
27578;5268;11;9;9020601;2020;3;19;2;3;5;3;2;1;1;0;0;0;0;0;806600,7737;5821135,5;13,51311088;52,45415669
27579;5269;11;1;1044201;2020;9;19;7;3;2;6;1;0;1;0;0;0;0;1;796161,5049;5831072,384;13,36877727;52,54898818
27580;5270;11;1;1044201;2020;12;15;2;3;0;2;1;0;1;0;1;0;0;1;796044,7175;5831345,272;13,36730324;52,55149782
27581;5271;11;7;7070701;2020;6;15;4;3;3;6;0;0;1;0;1;0;0;0;799658,6114;5815335,163;13,40605797;52,40601441
27582;5273;11;3;3020209;2020;3;9;2;3;2;6;0;0;1;0;0;0;0;0;798208,5725;5834728,532;13,40216403;52,58064356
27583;5274;11;4;4041134;2020;11;14;6;3;2;6;0;0;1;0;0;0;0;0;790767,48;5824834,789;13,28399908;52,49597429
27584;5275;11;11;11041027;2020;9;17;7;3;9;1;0;0;1;0;0;0;0;0;807075,0478;5827400,608;13,52583887;52,51003959
27585;5276;11;6;6030503;2020;7;23;5;2;5;3;2;0;1;0;0;0;0;0;790291,3535;5818366,527;13,27137794;52,43823838
27586;5277;11;6;6040701;2020;3;16;7;3;0;4;0;0;0;1;1;0;0;0;784026,0782;5815892,53;13,1773578;52,4193455
27587;5278;11;7;7040401;2020;10;14;2;2;5;3;0;0;1;0;1;0;0;0;797778,9057;5823470,168;13,38575709;52,47996186
27588;5279;11;3;3061131;2020;8;13;2;3;2;6;0;1;1;0;0;0;0;0;799177,6707;5830361,824;13,41248703;52,54097102
27589;5280;11;1;1044102;2020;7;1;1;2;2;3;2;0;1;0;0;0;0;0;795880,0291;5832052,049;13,36551135;52,55792286
27590;5281;11;2;2040503;2020;6;19;3;3;3;6;0;1;1;0;0;0;0;0;801579,7252;5827805,816;13,44548032;52,51673729
27591;5282;11;7;7050502;2020;11;17;1;3;5;2;2;0;1;0;0;0;0;1;798467,8761;5818152,713;13,39111888;52,43192105
27592;5283;11;9;9010102;2020;3;13;7;3;2;6;0;1;1;0;0;0;0;0;803920,4879;5824654,232;13,47699432;52,4871912
27593;5284;11;3;3061434;2020;9;14;3;3;9;1;0;0;0;0;0;0;1;0;800806,2764;5829792,692;13,43591365;52,53497321
27594;5285;11;6;6040701;2020;11;16;7;3;2;6;2;0;1;0;0;0;0;0;782392,588;5815749,774;13,15328123;52,41891081
27595;5286;11;2;2050602;2020;6;14;5;2;2;6;0;0;1;0;0;0;0;0;802933,6262;5827650,548;13,46523063;52,51459532
27596;5287;11;10;10040933;2020;3;18;7;3;5;2;1;0;1;0;0;0;0;0;812048,4426;5827139,696;13,59864041;52,50487957
27597;5288;11;7;7060601;2020;8;16;2;3;6;4;0;0;1;1;0;0;0;1;797215,3278;5817174,839;13,3718805;52,42383725
27598;5289;11;3;3061131;2020;7;11;4;3;6;4;0;1;1;1;0;0;0;0;799163,4941;5830565,571;13,41246209;52,54280509
27599;5290;11;2;2050602;2020;6;11;4;3;0;3;0;1;0;0;0;0;1;0;802149,1902;5827728,655;13,453777;52,5157305
27600;5291;11;3;3061131;2020;6;12;4;3;2;6;0;0;1;0;0;0;0;0;799174,598;5830362,789;13,41244273;52,54098136
27601;5293;11;1;1011304;2020;3;14;6;3;3;6;0;0;1;0;1;0;0;0;799858,6185;5828166,59;13,42051756;52,52092005
27602;5294;11;10;10030727;2020;11;10;2;3;2;6;0;0;1;0;0;0;0;0;809849,5993;5827249,31;13,5664504;52,50711497
27603;5295;11;6;6030503;2020;9;13;1;3;9;1;0;0;0;0;1;0;0;0;788294,3649;5817720,102;13,24152427;52,43349913
27604;5296;11;2;3071638;2020;7;8;6;3;5;3;0;1;1;0;0;0;0;0;799862,8331;5828782,152;13,42113451;52,52643525
27605;5297;11;4;4041134;2020;3;17;6;3;3;6;0;0;1;0;1;0;0;0;790871,7813;5824707,914;13,28542034;52,49478127
27606;5298;11;4;4041134;2020;10;20;4;3;2;6;2;0;1;0;0;0;1;1;790910,4399;5824693,686;13,28597574;52,49463311
27607;5299;11;2;2050602;2020;8;13;3;3;5;2;0;1;1;0;0;0;0;1;802179,6053;5827722,84;13,45421857;52,51566153
27608;5300;11;10;10040933;2020;7;13;2;3;2;6;0;0;1;0;0;0;0;0;812598,975;5827182,681;13,60676547;52,50494965
27609;5301;11;8;8020619;2020;6;18;4;3;2;6;0;0;1;0;0;0;0;0;802309,4444;5821931,695;13,45087264;52,46368332
27610;5302;11;7;7050502;2020;11;14;2;3;5;7;0;0;1;0;0;0;1;0;797654,6569;5818647,831;13,37963345;52,43680239
27611;5303;11;12;12231101;2020;3;15;6;3;5;3;0;0;1;0;1;0;0;0;792121,7674;5838481,004;13,31590119;52,61758479
27612;5304;11;6;6030503;2020;9;12;4;3;3;6;0;0;1;0;1;0;0;0;788649,4123;5817850,76;13,24684513;52,43448331
27613;5305;11;11;11030721;2020;11;0;7;3;2;6;2;1;0;0;0;0;0;0;804001,8185;5827542,207;13,48082454;52,51302999
27614;5306;11;12;12103218;2020;6;14;6;3;6;4;0;1;0;1;0;0;0;0;794494,0222;5834289,288;13,34711218;52,57872925
27615;5307;11;4;4030622;2020;3;15;5;3;5;3;0;0;1;0;0;0;0;0;792270,8433;5826684,669;13,30770479;52,51175505
27616;5308;11;7;7050502;2020;9;7;3;2;5;3;0;0;1;0;0;0;0;0;798153,95;5819054,333;13,3873192;52,4401743
27617;5309;11;4;4030417;2020;7;12;5;3;6;4;0;1;0;1;0;0;0;0;791776,8435;5826601,761;13,30037347;52,51127627
27618;5310;11;10;10010204;2020;3;19;5;2;5;2;2;0;1;0;0;0;0;0;809041,239;5833329,004;13,56023093;52,56205777
27619;5311;11;1;1033203;2020;10;16;4;3;2;6;0;0;1;0;0;0;0;1;796215,8117;5830221,943;13,36881741;52,54133532
27620;5312;11;2;2020202;2020;12;21;4;3;9;1;2;0;1;0;0;0;0;1;797836,4395;5824987,037;13,38795725;52,49352747
27621;5313;11;10;10010308;2020;8;11;5;2;0;1;0;0;1;0;1;0;0;0;808063,4611;5827457,57;13,54040974;52,50999284
27622;5314;11;12;12103219;2020;7;14;2;3;5;2;0;1;1;0;0;0;0;0;795562,8194;5833196,053;13,36186495;52,56835001
27623;5315;11;2;2040703;2020;5;12;6;3;4;7;0;1;0;1;0;0;0;0;801814,3361;5826360,936;13,44761714;52,50365694
27624;5316;11;7;7070701;2020;10;15;2;2;2;6;1;0;1;0;0;1;0;0;799399,7242;5815918,378;13,4027851;52,41138385
27625;5318;11;3;3061332;2020;3;19;4;3;5;2;2;1;1;0;0;0;0;0;799993,8231;5830221,194;13,4243583;52,5392618
27626;5319;11;9;9020601;2020;9;13;6;3;5;3;0;1;0;0;0;1;0;0;805460,8753;5822255,877;13,49741312;52,4648363
27627;5320;11;3;3061429;2020;11;21;4;3;6;4;2;0;0;1;1;0;0;0;800953,2457;5830453,341;13,43867223;52,54081357
27628;5321;11;7;7060601;2020;5;12;7;3;1;5;0;0;1;0;0;0;1;0;797126,1878;5816972,422;13,37039367;52,42207116
27629;5322;11;1;1011102;2020;8;8;4;3;2;6;0;0;1;0;0;0;0;0;796899,627;5827451,313;13,37639671;52,51612752
27630;5323;11;3;3071638;2020;6;8;6;3;5;3;0;1;1;0;0;0;0;0;800041,477;5828989,918;13,42394736;52,52819924
27631;5324;11;6;6040703;2020;3;12;4;3;5;2;0;0;1;0;0;0;0;0;786511,831;5816926,317;13,21469592;52,4273187
27632;5325;11;7;7040403;2020;10;14;5;3;2;6;0;0;1;0;0;0;0;0;797858,1501;5822115,414;13,38571071;52,4677748
27633;5326;11;4;4041137;2020;12;14;3;3;2;6;0;0;1;0;0;0;0;0;791496,2073;5824409,816;13,29433116;52,49177571
27634;5327;11;1;1011303;2020;8;20;7;3;5;3;0;1;1;0;0;0;0;0;799763,4005;5828629,872;13,41953595;52,52512499
27635;5328;11;2;2050602;2020;6;11;2;3;5;2;0;1;1;0;0;0;0;0;802387,8967;5827706,299;13,45726373;52,51539783
27636;5329;11;4;4030417;2020;3;18;3;2;0;1;1;1;0;0;0;0;0;0;791587,9172;5826548,558;13,29755086;52,51090034
27637;5330;11;4;4020310;2020;10;19;3;3;2;6;2;0;1;0;0;0;0;0;790497,3028;5828505,81;13,28323511;52,52902909
27638;5332;11;3;3061429;2020;3;16;3;3;2;6;0;0;1;0;0;1;0;0;800975,9466;5830489,534;13,43903873;52,54112544
27639;5333;11;4;4010101;2020;9;18;1;3;2;6;0;0;1;0;0;0;0;0;791261,9065;5829862,537;13,29566343;52,54078397
27640;5334;11;11;11010101;2020;11;8;6;3;5;2;0;1;0;0;0;1;0;0;803685,497;5835335,153;13,48330367;52,58305147
27641;5335;11;1;1011104;2020;9;9;5;3;2;6;0;0;1;0;1;0;0;0;796157,6305;5825727,989;13,36396069;52,50108293
27642;5336;11;10;10010204;2020;3;7;3;3;2;6;0;0;1;0;0;0;0;0;809048,162;5833349,062;13,56035141;52,56223359
27643;5337;11;3;3071639;2020;5;10;7;3;6;4;0;0;1;1;0;0;0;0;800052,708;5829007,857;13,4241286;52,52835386
27644;5338;11;8;8020619;2020;8;18;5;3;3;6;0;0;1;0;0;1;0;0;801929,6871;5821832,805;13,44521034;52,46300692
27645;5339;11;1;1011303;2020;7;7;1;2;9;1;0;0;0;0;1;0;0;0;799359,9016;5827978,03;13,4130195;52,51950391
27646;5340;11;4;4030621;2020;6;18;1;2;5;3;0;0;0;0;1;0;1;0;793992,8987;5826975,133;13,33326368;52,5134335
27647;5341;11;6;6030503;2020;3;15;2;2;2;6;0;0;1;0;0;0;0;0;790584,4191;5818560,34;13,27584562;52,43982033
27648;5342;11;3;3071639;2020;9;8;6;3;1;5;0;1;1;0;0;0;0;1;800436,1635;5829668,417;13,43036109;52,53406344
27649;5343;11;9;9010101;2020;12;14;1;3;2;6;0;0;1;0;0;0;0;0;802852,4094;5825454,129;13,46203958;52,49495413
27650;5344;11;1;1011104;2020;6;12;4;3;0;6;0;0;0;0;1;0;1;0;796123,7781;5825652,998;13,36339675;52,50042907
27651;5346;11;4;4030417;2020;3;13;2;3;0;2;0;1;1;0;0;0;0;0;791231,7103;5826510,527;13,29228367;52,51074969
27652;5347;11;1;1011303;2020;9;13;7;3;5;2;0;1;1;0;0;0;0;0;799762,4411;5828628,19;13,41952034;52,52511044
27653;5348;11;7;7050502;2020;7;11;4;3;2;6;0;0;1;0;0;0;1;0;798192,196;5818900,192;13,38774267;52,43877174
27654;5349;11;12;12103218;2020;3;17;1;3;5;3;0;0;1;0;0;0;0;0;794559,3062;5833815,04;13,34765149;52,57444267
27655;5350;11;2;2040701;2020;10;20;7;3;5;3;2;1;1;0;0;0;0;0;800962,234;5827853,092;13,43645054;52,51750213
27656;5351;11;10;10040933;2020;8;8;2;3;5;7;0;0;1;0;0;0;0;0;813220,2686;5827192,26;13,61589822;52,50467921
27657;5352;11;12;12103219;2020;7;14;6;2;5;2;0;1;1;0;0;0;0;1;795766,232;5832695,668;13,36441129;52,56375409
27658;5353;11;7;7040403;2020;6;10;3;3;5;2;0;1;0;0;0;0;1;0;797880,3873;5820449,327;13,38455036;52,45282802
27659;5354;11;4;4030417;2020;10;19;6;3;6;2;2;0;1;1;0;0;0;1;791028,4986;5826477,264;13,28926869;52,51055994
27660;5355;11;11;11041027;2020;3;17;7;2;2;6;0;0;1;0;0;0;0;0;807427,3188;5827459,832;13,5310679;52,51037197
27661;5356;11;2;2050602;2020;9;16;3;3;2;6;0;0;1;0;0;0;0;0;802784,2877;5827666,38;13,46305105;52,51482014
27662;5357;11;1;1044102;2020;11;9;5;3;5;2;0;1;1;0;0;0;0;1;795862,1071;5832067,04;13,36526112;52,55806697
27663;5358;11;7;7040403;2020;6;7;4;2;5;2;0;0;1;0;0;0;1;0;797848,686;5822305,299;13,38574131;52,46948207
27664;5359;11;4;4051656;2020;8;11;2;3;3;6;0;0;1;0;0;1;0;0;793763,182;5822988,615;13,32637274;52,47781998
27665;5360;11;10;10040830;2020;6;17;3;3;0;2;0;1;1;0;0;0;0;0;811482,3167;5827127,436;13,59031509;52,50509317
27666;5361;11;11;11030721;2020;3;10;6;3;2;6;0;0;1;0;0;0;0;0;803637,1323;5827577,823;13,47549959;52,51355233
27667;5362;11;4;4061757;2020;10;18;2;2;2;6;1;0;1;0;0;0;0;1;787751,2652;5821756,058;13,23703511;52,46997025
27668;5363;11;2;2010101;2020;12;17;7;3;5;3;2;1;1;0;0;0;0;1;797856,9888;5825503,342;13,38872068;52,49814432
27669;5364;11;2;2050602;2020;8;0;3;3;5;3;2;0;0;0;1;0;1;0;802141,9378;5827763,599;13,45370218;52,51604772
27670;5365;11;6;6040703;2020;7;15;6;3;2;7;0;1;1;0;0;0;0;0;786083,4569;5816689,736;13,20821048;52,42542167
27671;5366;11;12;12103115;2020;5;13;3;2;5;2;0;0;1;0;0;0;0;0;795336,5269;5833744,859;13,35902459;52,57339236
27672;5367;11;3;3061435;2020;10;19;1;3;2;6;2;0;1;0;0;0;0;0;801342,6352;5829335,751;13,44338312;52,53058132
27673;5369;11;4;4030724;2020;3;16;4;3;2;6;0;0;1;0;0;0;0;0;790680,136;5826115,005;13,28383365;52,50749802
27674;5370;11;3;3061126;2020;9;13;5;3;6;4;0;1;0;1;0;0;0;0;799215,2698;5831332,817;13,41391449;52,54965382
27675;5371;11;12;12214422;2020;11;7;3;3;2;6;2;0;1;0;0;0;0;1;791725,8289;5833267,448;13,30547706;52,57105991
27676;5372;11;4;4010101;2020;5;16;7;3;2;6;0;0;1;0;0;0;0;0;790678,9267;5828867,108;13,28622084;52,5321713
27677;5373;11;5;5020629;2020;8;17;3;3;2;6;0;0;1;0;1;0;0;0;785242,341;5826252,871;13,20405014;52,51160461
27678;5374;11;2;2010101;2020;6;8;4;3;0;1;0;1;0;0;0;0;0;0;797689,8588;5825559,076;13,38631579;52,4987351
27679;5375;11;2;2050602;2020;5;9;5;3;0;2;0;0;1;0;1;0;0;0;802180,2986;5827726,355;13,45423195;52,51569265
27680;5376;11;2;2040703;2020;3;20;4;3;3;6;2;1;0;0;0;0;0;0;801871,7092;5826518,022;13,44860225;52,50503317
27681;5377;11;3;3071638;2020;9;6;4;3;5;2;1;1;1;0;0;0;0;0;800018,6726;5828992,582;13,42361461;52,52823567
27682;5378;11;7;7060601;2020;12;18;6;3;2;5;2;0;1;0;0;0;1;0;796742,8711;5816080,7;13,36398254;52,41428555
27683;5379;11;8;8010510;2020;8;15;4;3;2;6;0;0;0;0;0;0;1;0;802665,8989;5821711,32;13,45590363;52,46151077
27684;5380;11;6;6030605;2020;6;18;7;3;1;1;0;1;1;0;0;0;0;0;791644,2145;5819189,791;13,29194208;52,44489924
27685;5381;11;4;4020310;2020;3;16;4;3;2;6;0;0;1;0;0;0;0;0;790470,8588;5828475,319;13,28281975;52,52876983
27686;5382;11;12;12103219;2020;10;13;3;3;2;6;0;0;1;0;0;0;0;0;795665,5678;5832925,98;13,36313579;52,56587328
27687;5383;11;7;7030303;2020;12;12;3;3;5;3;0;1;1;0;0;0;0;1;795625,0117;5823228,937;13,35392001;52,47896967
27688;5384;11;7;7050502;2020;8;16;4;3;5;3;0;1;1;0;0;0;0;0;798254,5318;5818709,699;13,38848701;52,43703019
27689;5385;11;6;6040701;2020;7;19;1;3;8;1;0;1;0;0;0;0;0;1;783513,9903;5816018,877;13,16995493;52,42074393
27690;5386;11;3;3071633;2020;5;5;5;3;5;2;1;1;1;0;0;0;0;0;800294,4596;5830050,958;13,42862391;52,53757035
27691;5387;11;4;4030623;2020;10;8;2;3;2;6;0;0;1;0;0;0;1;1;793395,5021;5826857,496;13,32438201;52,51270061
27692;5389;11;7;7070703;2020;3;8;4;3;6;2;0;0;1;1;0;0;0;0;799954,5303;5813355,39;13,40862271;52,38810627
27693;5390;11;4;4030622;2020;9;13;5;3;3;6;0;1;0;0;0;0;0;0;792136,1005;5826640,813;13,30568644;52,51143408
27694;5391;11;1;1011105;2020;11;17;3;3;2;2;2;0;1;0;0;0;0;1;796683,7223;5826213,568;13,37212095;52,50514988
27695;5392;11;5;5020629;2020;5;16;7;3;0;7;0;1;0;0;0;0;0;0;785119,3211;5826286,152;13,20227083;52,51196733
27696;5393;11;6;6030605;2020;8;14;3;3;5;3;0;1;1;0;0;0;0;0;792817,1102;5820000,843;13,30986088;52,45154332
27697;5394;11;3;3020209;2020;6;18;5;3;5;5;0;0;1;0;1;0;0;1;798052,0947;5834056,436;13,39925726;52,57470493
27698;5395;11;2;2050803;2020;5;18;5;3;0;3;0;1;0;0;0;0;1;0;802891,5189;5825793,621;13,46292259;52,49797527
27699;5396;11;3;3061332;2020;3;15;3;3;5;2;0;0;1;0;0;0;1;0;799985,4857;5830223,66;13,42423797;52,5392885
27700;5397;11;7;7040403;2020;10;5;5;2;5;2;2;0;1;0;1;0;0;0;797832,147;5822304,915;13,38549821;52,46948764
27701;5398;11;6;6040703;2020;12;5;7;3;3;6;2;0;1;0;0;0;0;0;785987,4972;5819138,193;13,20889791;52,44742478
27702;5399;11;4;4020314;2020;8;17;5;3;2;6;0;0;1;0;0;0;0;0;790516,8416;5825626,018;13,28100774;52,5032012
27703;5400;11;12;12103218;2020;6;13;1;3;0;1;0;0;0;0;1;0;0;1;794558,8443;5833836,157;13,34766345;52,57463222
27704;5401;11;7;7070701;2020;3;18;3;2;5;7;1;0;1;0;1;0;0;0;799188,5199;5816482,563;13,40019349;52,41655655
27705;5402;11;12;12103117;2020;10;16;2;3;0;3;0;0;1;0;1;0;0;0;795798,2838;5832425,552;13,36464196;52,56131535
27706;5404;11;6;6040703;2020;3;16;3;2;0;1;0;1;0;0;0;0;0;0;786755,8688;5817035,522;13,21836888;52,42816997
27707;5405;11;7;7020202;2020;11;14;5;3;6;4;0;1;0;1;0;0;0;0;795225,438;5823516,568;13,34830826;52,48176423
27708;5406;11;1;1011303;2020;9;10;4;3;3;6;0;1;1;0;0;0;0;0;799363,1747;5828007,154;13,4130938;52,51976316
27709;5407;11;4;4041133;2020;3;9;3;3;5;3;0;0;1;0;0;1;0;0;790655,6435;5825027,395;13,28252441;52,49776059
27710;5408;11;4;4020311;2020;10;16;7;3;2;6;0;0;1;0;0;0;0;0;789032,0204;5826140,458;13,25964016;52,5086019
27711;5409;11;2;2040503;2020;8;14;5;3;2;6;0;0;1;0;0;0;0;0;801634,2608;5827784,223;13,446262;52,51651358
27712;5410;11;6;6030503;2020;7;16;6;3;2;6;0;0;1;0;0;0;1;1;790177,3122;5818303,864;13,26965058;52,43773711
27713;5411;11;7;7070701;2020;6;8;6;3;2;6;0;0;1;0;0;0;0;0;799225,4524;5816338,779;13,40060638;52,41524751
27714;5412;11;4;4030416;2020;3;5;3;3;2;6;1;0;1;0;0;0;0;0;790817,5152;5826888,055;13,2865276;52,51435521
27715;5413;11;7;7020203;2020;9;17;5;2;2;6;0;0;1;0;0;0;0;0;795925,4475;5824398,251;13,35936894;52,4892889
27716;5414;11;7;7040406;2020;12;16;6;3;2;6;2;0;1;0;0;0;0;0;799851,1849;5821460,522;13,41437379;52,46081446
27717;5415;11;1;1033203;2020;6;17;3;3;2;6;0;0;1;0;0;0;0;0;796196,345;5830204,339;13,36851551;52,5411881
27718;5417;11;4;4030622;2020;3;14;3;3;5;2;0;1;1;0;0;0;0;0;792758,6973;5826766,759;13,31494522;52,51222935
27719;5418;11;4;4030417;2020;9;9;6;3;0;6;0;0;1;0;1;0;0;1;791443,1333;5826545,357;13,29542069;52,51094902
27720;5419;11;3;3061131;2020;7;23;2;2;1;5;2;1;1;0;0;0;0;1;799164,7186;5830455,02;13,41238054;52,5418135
27721;5420;11;2;2040503;2020;3;12;2;3;2;6;0;0;1;0;0;0;0;0;802020,3683;5827761,395;13,45191407;52,5160953
27722;5421;11;2;2040703;2020;10;19;6;3;6;7;2;1;0;1;0;0;0;1;801874,6782;5826527,725;13,44865466;52,5051185
27723;5422;11;3;3040818;2020;12;11;5;2;5;3;0;0;1;0;0;0;1;0;799049,284;5832404,896;13,41243957;52,55935448
27724;5423;11;1;1033203;2020;8;12;1;2;5;2;0;0;1;0;0;0;0;0;796187,1139;5830196,959;13,36837322;52,54112697
27725;5424;11;12;12103219;2020;7;17;5;2;0;6;0;0;0;0;1;0;1;1;795755,9863;5832667,488;13,36423546;52,56350704
27726;5425;11;7;7050501;2020;5;16;2;3;5;2;0;0;1;0;0;0;0;1;797948,1958;5820051,818;13,38519066;52,44922783
27727;5426;11;7;7040403;2020;6;16;2;3;3;2;0;0;1;0;1;0;0;0;797829,5236;5822365,307;13,38551362;52,47003042
27728;5427;11;9;9010301;2020;10;9;5;3;0;1;0;1;1;0;0;0;0;1;805162,7091;5822576,49;13,49333097;52,46787643
27729;5428;11;7;7050506;2020;3;11;2;2;2;6;0;0;1;0;1;0;0;0;798768,3728;5817492,3;13,39493575;52,42583719
27730;5429;11;4;4051656;2020;9;9;2;3;2;6;0;0;1;0;0;0;0;0;793412,1195;5822974,432;13,321206;52,47788156
27731;5430;11;1;1033203;2020;11;19;4;3;2;6;2;0;1;0;0;0;0;0;796219,9323;5829952,071;13,36863738;52,53891395
27732;5431;11;7;7050502;2020;6;12;4;3;0;2;0;1;1;0;0;0;0;0;798430,7914;5818242,896;13,39065551;52,43274967
27733;5432;11;9;9020601;2020;8;15;7;3;1;5;0;1;0;0;0;0;1;0;806343,7355;5821386,349;13,50957018;52,45654901
27734;5433;11;12;12231101;2020;6;7;3;3;5;2;0;0;1;0;1;0;0;0;791798,7421;5839360,805;13,31191984;52,62564536
27735;5434;11;1;1011102;2020;3;18;2;3;2;6;2;0;1;0;0;0;0;0;794794,6074;5827097,579;13,34515195;52,51409843
27736;5435;11;12;12103219;2020;10;18;2;2;0;1;2;0;0;0;1;0;0;1;795762,9844;5832709,67;13,364376;52,56388136
27737;5436;11;7;7050502;2020;12;7;6;3;1;5;1;0;1;0;0;0;0;1;798246,3968;5818692,859;13,38835267;52,43688367
27738;5437;11;6;6040703;2020;8;8;3;3;5;3;0;0;1;0;0;0;0;0;786183,8856;5816793,014;13,2097718;52,42629515
27739;5438;11;12;12301205;2020;7;17;5;3;5;2;0;1;1;0;0;0;0;0;792370,672;5837738,954;13,31891138;52,61079885
27740;5439;11;3;3061126;2020;10;19;6;3;5;2;2;1;1;0;0;0;0;1;799219,3103;5831429,53;13,41406105;52,55051848
27741;5441;11;6;6030605;2020;3;13;2;3;3;6;0;1;0;0;0;0;0;0;792714,8746;5819930,24;13,30829885;52,45096513
27742;5442;11;5;5020628;2020;9;9;4;3;2;6;0;0;1;0;0;0;0;0;784328,2519;5826498,107;13,19082659;52,51428068
27743;5443;11;4;4020313;2020;11;6;2;2;6;4;1;0;1;1;0;0;0;1;790685,5264;5826403,201;13,28416454;52,51007884
27744;5444;11;2;2040703;2020;5;14;7;3;6;7;0;1;0;1;0;0;0;0;801830,4663;5826400,033;13,4478895;52,50399845
27745;5445;11;2;2050602;2020;8;8;2;2;6;7;0;1;0;1;0;0;0;0;803457,9122;5827597,199;13,47288437;52,51382573
27746;5446;11;6;6040701;2020;6;18;4;3;5;2;0;1;1;0;0;0;0;0;782718,3493;5815827,749;13,15812455;52,41944179
27747;5447;11;2;2050602;2020;5;23;4;3;5;2;2;1;1;0;0;0;0;0;802178,9333;5827719,434;13,45420561;52,51563137
27748;5448;11;3;3061332;2020;3;17;1;3;0;4;1;0;0;1;0;0;1;0;799625,271;5830292,559;13,41900477;52,54010424
27749;5449;11;12;4010101;2020;9;5;3;3;2;6;2;0;1;0;0;0;0;0;791565,2712;5830711,502;13,30086912;52,54823253
27750;5450;11;9;9010101;2020;12;20;5;3;2;6;2;0;1;0;1;0;0;1;802683,7818;5825234,869;13,4593641;52,49308246
27751;5451;11;3;3071638;2020;8;18;3;3;5;2;0;1;1;0;0;0;0;0;800046,9688;5828998,688;13,42403598;52,52827483
27752;5452;11;7;7040402;2020;6;12;6;3;2;6;0;0;1;0;0;0;0;0;796532,0158;5822536,615;13,3666206;52,47227189
27753;5453;11;4;4041134;2020;10;13;7;3;2;6;0;0;1;0;0;0;0;0;790723,4039;5824939,208;13,28344279;52,49693389
27754;5455;11;9;9010402;2020;3;16;1;3;2;6;0;0;1;0;1;0;0;0;806699,7592;5818276,797;13,51193956;52,42848038
27755;5456;11;9;9010302;2020;11;5;4;2;0;6;2;0;1;0;1;0;0;0;802865,2233;5821342,539;13,4584939;52,45809494
27756;5457;11;3;3061131;2020;9;15;2;3;3;6;0;1;1;0;0;0;0;0;799173,8358;5830797,374;13,4128229;52,54487716
27757;5458;11;12;12103115;2020;8;12;1;3;5;2;0;0;1;0;1;0;0;1;795336,5269;5833744,859;13,35902459;52,57339236
27758;5459;11;9;9010101;2020;3;15;1;3;3;6;0;0;1;0;0;0;0;0;802580,269;5825073,445;13,4576975;52,491693
27759;5460;11;4;4020313;2020;10;19;5;3;2;6;2;0;1;0;0;0;0;1;790500,097;5826372,339;13,28141301;52,50990095
27760;5461;11;7;7040403;2020;8;11;4;3;1;5;0;1;1;0;0;0;0;0;797811,4113;5821000,893;13,38403025;52,4578098
27761;5462;11;3;3061429;2020;7;15;3;3;5;2;0;1;1;0;0;0;0;0;801540,6894;5831165,736;13,44795459;52,54687403
27762;5463;11;12;12302212;2020;5;15;2;3;2;6;0;0;1;0;1;0;0;1;792775,206;5837356,278;13,32453008;52,60715063
27763;5464;11;3;3071639;2020;6;14;5;3;2;6;0;1;1;0;0;0;0;0;800231,1892;5829293,015;13,4270092;52,53081155
27764;5465;11;9;9010201;2020;11;12;4;3;3;6;0;1;0;0;0;0;0;0;802926,702;5824730,496;13,46247268;52,48842705
27765;5466;11;12;12103218;2020;3;18;1;3;5;2;2;0;1;0;0;0;0;0;794559,2206;5833818,954;13,34765371;52,5744778
27766;5467;11;10;10010207;2020;9;6;5;2;2;6;2;0;1;0;0;0;1;0;807853,1692;5830964,695;13,54056759;52,54154216
27767;5468;11;2;2040701;2020;11;9;2;3;6;4;0;1;1;1;0;0;0;0;800832,1188;5827883,871;13,43456661;52,51784979
27768;5469;11;1;1011105;2020;6;12;1;3;5;3;0;0;1;0;0;0;0;0;796438,4076;5826319,87;13,36861191;52,50623611
27769;5471;11;7;7040401;2020;3;16;7;3;2;6;0;0;1;0;0;0;0;0;797783,3196;5823714,098;13,38603976;52,48214601