;OBJECTID;LAND;BEZ;LOR;UJAHR;UMONAT;USTUNDE;UWOCHENTAG;UKATEGORIE;UART;UTYP1;ULICHTVERH;IstRad;IstPKW;IstFuss;IstKrad;IstGkfz;IstSonstige;USTRZUSTAND;LINREFX;LINREFY;XGCSWGS84;YGCSWGS84
27770;5472;11;7;7040403;2020;9;21;4;3;6;2;2;0;1;1;0;0;0;0;797829,2129;5822371,157;13,38551428;52,47008303
27771;5473;11;4;4020311;2020;7;7;6;3;3;6;0;1;0;0;0;0;1;0;789166,4265;5826160,368;13,26163233;52,50870918
27772;5474;11;2;2020202;2020;3;17;6;3;2;6;0;0;1;0;0;0;0;0;797907,133;5825155,775;13,38914633;52,49500143
27773;5475;11;8;8020620;2020;10;17;5;3;2;6;1;0;1;0;0;0;0;1;801014,9199;5821648,618;13,43162024;52,46186067
27774;5476;11;7;7040406;2020;12;20;2;3;9;1;2;0;1;0;0;0;0;2;799978,2159;5821444,726;13,4162237;52,46060315
27775;5477;11;4;4030417;2020;10;14;1;3;3;6;0;0;1;0;0;0;0;1;791328,3472;5826506,544;13,29370011;52,51066238
27776;5479;11;7;7070701;2020;3;13;6;3;2;6;0;0;1;0;1;0;0;0;799195,6058;5816409,738;13,40023227;52,41589989
27777;5480;11;3;3071633;2020;11;17;4;3;3;6;2;0;1;0;1;0;0;0;800009,6328;5830266,721;13,42463182;52,53966118
27778;5481;11;1;1011104;2020;9;18;3;3;5;2;0;0;1;0;0;0;0;0;796423,3627;5826270,059;13,36834654;52,50579778
27779;5482;11;1;1033203;2020;8;8;2;3;1;5;0;1;1;0;0;0;0;0;796270,8345;5830435,107;13,36981647;52,5432162
27780;5483;11;10;10010204;2020;3;14;6;3;6;4;0;0;1;1;0;0;0;1;808799,6372;5833130,785;13,55649365;52,56041847
27781;5484;11;6;6030503;2020;10;13;6;3;2;2;0;0;1;1;0;0;0;0;791054,4653;5818813,518;13,28296171;52,44184014
27782;5485;11;4;4041134;2020;8;17;4;3;2;6;0;0;1;0;0;0;1;0;790745,0243;5824901,428;13,2837274;52,49658367
27783;5486;11;1;1011201;2020;7;18;4;3;0;1;0;0;0;0;1;0;0;1;797086,3099;5826738,563;13,37850345;52,50963683
27784;5487;11;4;4030623;2020;5;14;2;2;0;7;0;1;0;0;0;0;0;1;793135,518;5826836,391;13,32054333;52,5126512
27785;5488;11;6;6040701;2020;6;14;6;3;5;3;0;0;1;0;0;0;0;0;782482,1336;5815771,194;13,15461255;52,41905667
27786;5489;11;4;4020209;2020;3;12;5;3;2;6;0;0;1;0;0;0;0;0;788986,6656;5826133,685;13,25896787;52,50856521
27787;5490;11;12;12231102;2020;9;15;5;3;2;6;0;0;1;0;0;0;0;0;791305,7933;5840659,981;13,30580316;52,63755653
27788;5491;11;4;4030417;2020;12;18;3;2;5;2;2;0;1;0;0;0;0;0;791024,9246;5826458,023;13,28919935;52,51038935
27789;5492;11;10;10010308;2020;6;14;2;3;2;6;0;0;1;0;1;0;0;0;808327,882;5828003,616;13,54479948;52,51473705
27790;5494;11;7;7040403;2020;3;12;5;3;0;6;0;0;1;0;1;0;0;1;797826,786;5820683,716;13,38397294;52,45495828
27791;5495;11;7;7020203;2020;9;21;5;3;1;5;1;1;1;0;0;0;0;0;795808,487;5824189,001;13,35746564;52,48747654
27792;5496;11;4;4061757;2020;7;12;7;3;2;6;0;0;1;0;0;0;1;0;787945,9115;5822004,643;13,24010726;52,4720964
27793;5497;11;1;1044102;2020;3;10;5;3;5;3;0;0;1;0;0;0;0;1;795878,8312;5832058,483;13,36549947;52,55798118
27794;5498;11;7;7070703;2020;10;16;5;3;1;7;0;0;1;0;0;0;0;1;799806,607;5813854,206;13,40690173;52,39265849
27795;5499;11;9;9010202;2020;12;13;4;3;5;3;0;0;1;0;0;0;1;0;804103,2535;5824372,042;13,47942022;52,48456024
27796;5500;11;2;2050602;2020;5;19;7;3;0;1;0;1;0;0;0;0;0;0;802176,046;5827751,82;13,4541926;52,51592325
27797;5501;11;7;7040403;2020;8;21;7;3;2;6;2;0;1;0;0;0;0;0;797844,7499;5820661,628;13,38421683;52,45475049
27798;5502;11;7;7030303;2020;7;9;5;3;5;3;0;0;1;0;0;0;0;0;795631,6944;5823221,925;13,35401191;52,47890319
27799;5503;11;4;4020208;2020;6;17;2;3;2;6;0;0;1;0;0;0;0;0;787256,6821;5825854,379;13,23330688;52,50697479
27800;5504;11;4;4030417;2020;10;8;4;3;2;6;0;0;1;0;0;0;1;0;791700,6676;5826567,415;13,29922407;52,51100911
27801;5505;11;7;7040401;2020;3;10;5;3;2;6;0;0;1;0;0;0;1;1;797789,1214;5823244,072;13,38570515;52,47792959
27802;5506;11;10;10030726;2020;9;16;2;3;5;2;0;1;1;0;0;0;0;0;809513,506;5827403,925;13,561658;52,50869134
27803;5507;11;7;7010104;2020;11;9;3;3;2;6;0;0;1;0;0;0;0;0;796007,4182;5824837,654;13,36096302;52,49318334
27804;5508;11;3;3020209;2020;5;19;6;3;2;6;0;0;1;0;0;0;0;0;797969,9236;5834306,93;13,39827342;52,57699524
27805;5509;11;3;3061435;2020;8;18;7;3;1;5;0;1;1;0;0;0;0;0;801368,2701;5829260,241;13,44369143;52,52989035
27806;5510;11;3;3061332;2020;6;9;1;3;2;6;0;0;1;0;0;0;0;0;799461,5338;5830323,525;13,41662561;52,54047181
27807;5511;11;3;3061332;2020;3;15;4;3;2;6;0;1;1;0;0;0;0;0;799998,5546;5830219,719;13,42442653;52,53924598
27808;5512;11;4;4030724;2020;10;16;7;3;3;6;0;0;1;0;0;1;0;0;790625,5804;5825848,612;13,28279953;52,50513887
27809;5513;11;6;6030503;2020;12;16;5;3;5;2;2;0;1;0;0;0;1;0;790292,9051;5818367,486;13,27140153;52,43824616
27810;5514;11;10;10010206;2020;8;14;3;3;2;6;0;0;1;0;0;0;0;0;808334,894;5832093,672;13,54869634;52,55138746
27811;5515;11;10;10040830;2020;7;13;5;3;2;6;0;0;1;0;0;0;1;0;811381,1694;5827109,68;13,58881308;52,50499179
27812;5516;11;3;3020209;2020;3;18;3;3;5;3;2;1;1;0;0;0;0;1;798167,8393;5835384,181;13,40215455;52,5865428
27813;5517;11;4;4041133;2020;10;18;6;3;2;6;1;0;1;0;0;0;0;1;790560,974;5825169,64;13,28125788;52,49908624
27814;5519;11;10;10040933;2020;3;17;3;3;5;2;1;0;1;0;0;0;0;1;813548,7558;5827159,583;13,62069124;52,50419773
27815;5520;11;7;7040401;2020;9;17;4;3;2;6;0;0;1;0;1;0;0;0;797783,0557;5823719,094;13,38604034;52,48219094
27816;5521;11;5;5020524;2020;11;8;2;3;5;2;0;1;1;0;0;0;0;1;783510,0927;5826706,657;13,17898003;52,51657651
27817;5522;11;4;4041137;2020;9;12;7;3;2;6;0;0;1;0;0;0;0;0;791247,6753;5824610,264;13,29085616;52,49370539
27818;5523;11;7;7040401;2020;5;12;6;3;2;6;0;0;1;0;0;0;0;0;797825,78;5822442,527;13,38552761;52,47072465
27819;5524;11;2;3061435;2020;8;16;1;3;3;5;0;1;0;0;0;0;1;0;801637,9779;5828942,694;13,44736719;52,52689499
27820;5525;11;7;7020203;2020;6;20;3;3;0;6;1;0;0;0;0;0;1;0;795933,7505;5824415,61;13,35950628;52,48944001
27821;5526;11;3;3061429;2020;3;16;3;2;6;4;0;0;1;1;0;0;0;1;801369,8512;5831051,578;13,44533926;52,54594536
27822;5527;11;7;7070701;2020;9;0;2;3;3;6;2;0;1;0;0;0;0;0;799782,0117;5814110,482;13,40677061;52,39496915
27823;5528;11;4;4030623;2020;12;15;4;3;3;6;0;0;1;0;0;0;0;1;793159,0758;5826861,22;13,32091135;52,51286111
27824;5529;11;6;6030503;2020;8;9;3;3;5;2;0;0;1;0;0;0;0;0;790293,3053;5818367,733;13,27140762;52,43824816
27825;5530;11;12;12302212;2020;6;11;5;3;5;3;0;0;1;0;0;0;0;0;792805,6455;5837303,524;13,32493163;52,60666133
27826;5532;11;3;3061332;2020;3;16;3;3;5;3;0;1;1;0;0;0;0;1;799553,6545;5830284,17;13,41794439;52,54006842
27827;5533;11;4;4030417;2020;11;8;2;3;3;6;0;1;0;0;0;0;0;0;791526,2611;5826559,259;13,2966543;52,51102923
27828;5534;11;1;1011105;2020;9;12;2;3;5;2;0;1;1;0;0;0;0;0;796419,84;5826326,476;13,36834502;52,50630542
27829;5535;11;7;7040403;2020;8;12;7;3;0;6;0;0;1;0;1;0;0;0;797837,8884;5820703,184;13,38415321;52,45512674
27830;5536;11;4;4020209;2020;3;16;3;2;6;4;0;0;0;1;1;0;0;1;788953,3224;5826128,228;13,25847321;52,50853395
27831;5537;11;3;3040513;2020;10;16;4;3;3;6;0;1;1;0;0;0;0;1;798016,8751;5833737,496;13,39845245;52,57186536
27832;5538;11;7;7070706;2020;8;10;3;3;2;6;0;0;1;0;0;0;0;0;800656,3005;5812092,05;13,4177712;52,37639752
27833;5539;11;9;9010301;2020;7;13;2;3;5;3;0;1;1;0;0;0;0;0;805149,4068;5822567,237;13,49312729;52,46780092
27834;5540;11;5;5020524;2020;5;14;2;3;5;2;0;1;1;0;0;0;0;0;783517,187;5826715,15;13,17909154;52,51664897
27835;5541;11;1;1011105;2020;6;18;5;3;5;2;0;1;1;0;0;0;0;1;796451,853;5826452,307;13,36892736;52,50741598
27836;5542;11;3;3071639;2020;11;14;3;3;1;5;0;1;0;0;0;0;1;0;800425,5667;5829651,444;13,43018999;52,53391715
27837;5543;11;7;7040403;2020;3;13;3;3;2;6;0;0;1;0;0;0;1;1;797858,9136;5822101,444;13,38570945;52,46764916
27838;5544;11;9;9010201;2020;9;16;4;3;0;6;0;0;1;0;0;0;1;0;803015,0469;5824644,743;13,46369185;52,48760942
27839;5545;11;7;7020203;2020;11;17;2;3;1;5;2;1;1;0;0;0;0;0;795571,2493;5823897,703;13,3537236;52,48499376
27840;5546;11;4;4030417;2020;6;10;7;3;1;5;0;0;1;0;0;0;0;0;791813,8689;5826607,999;13,30092297;52,51131239
27841;5547;11;2;2040503;2020;3;12;3;3;0;6;0;0;1;0;1;0;0;1;802046,0139;5827741,9;13,45227316;52,51590636
27842;5548;11;1;1033203;2020;9;9;4;3;5;2;0;1;1;0;0;0;0;0;796315,8491;5830076,52;13,37015847;52,53997736
27843;5549;11;1;1044102;2020;7;16;5;3;0;2;0;0;1;0;1;0;0;0;795862,836;5832062,978;13,36526822;52,55803017
27844;5550;11;10;10010207;2020;3;12;3;3;2;6;0;0;1;0;0;0;0;1;807952,3466;5831223,763;13,54226552;52,54380786
27845;5551;11;1;1011105;2020;10;8;4;3;5;2;0;1;1;0;0;0;0;0;796902,0524;5826694,82;13,37575743;52,50934504
27846;5552;11;12;12103218;2020;12;13;5;3;0;2;0;0;1;0;1;0;0;1;794559,2539;5833804,455;13,34764132;52,57434782
27847;5553;11;10;10040830;2020;8;16;5;2;5;3;0;1;1;0;0;0;0;0;810877,082;5827088,088;13,58139002;52,50508572
27848;5554;11;6;6030503;2020;7;20;2;2;6;2;0;1;0;1;0;0;0;1;789587,6602;5817958,761;13,26070158;52,43495566
27849;5555;11;7;7050502;2020;5;16;6;3;2;2;0;0;1;0;1;0;0;0;797516,481;5818155,24;13,37716843;52,43246196
27850;5556;11;1;1011304;2020;10;8;3;3;3;6;0;1;1;0;1;0;0;0;799823,7859;5828181,646;13,42001929;52,52107415
27851;5557;11;4;4020313;2020;3;16;2;2;3;6;0;0;1;0;1;0;0;0;790707,8971;5826371,002;13,28446512;52,50977825
27852;5558;11;7;7040401;2020;9;17;7;3;2;6;0;0;1;0;0;0;0;0;797815,3885;5822676,145;13,38558364;52,47282444
27853;5559;11;3;3071633;2020;11;11;6;3;5;3;0;1;1;0;0;0;0;0;800278,4118;5830087,399;13,42842094;52,53790583
27854;5560;11;9;9020601;2020;5;13;5;2;3;6;0;0;0;0;1;0;1;0;806754,0377;5820985,214;13,51522125;52,45272378
27855;5561;11;7;7050502;2020;8;14;5;3;5;3;0;0;1;0;1;0;0;0;797545,3729;5818283,287;13,3777061;52,43359407
27856;5562;11;3;3061429;2020;6;13;6;3;2;6;0;0;0;0;0;1;0;0;801343,6804;5831029,214;13,4449342;52,54575938
27857;5563;11;3;3040818;2020;3;16;2;3;5;3;0;1;1;0;0;0;0;1;800067,642;5833958,523;13,42882188;52,57271981
27858;5564;11;2;2050602;2020;10;12;6;3;5;2;0;1;1;0;0;0;0;0;802117,4446;5828026,557;13,45358111;52,51841818
27859;5565;11;7;7020202;2020;12;15;3;3;2;6;1;0;1;0;0;0;0;0;794669,1279;5823126,751;13,33979554;52,47857024
27860;5566;11;7;7010104;2020;8;17;1;3;2;6;0;0;1;0;0;0;0;0;796070,4383;5825469,379;13,36245003;52,49881203
27861;5567;11;7;7030303;2020;6;23;2;2;9;1;2;0;1;0;0;0;0;0;795017,9933;5823088,559;13,34488369;52,47803952
27862;5568;11;7;7020202;2020;3;10;2;3;5;2;0;1;0;0;0;0;1;1;795242,0545;5823528,474;13,34856278;52,48186198
27863;5569;11;9;9010101;2020;10;10;4;3;2;6;0;0;1;0;0;0;1;1;802729,1127;5825297,927;13,46008705;52,4936225
27864;5571;11;1;1011104;2020;3;7;2;3;6;4;0;0;0;1;0;0;1;1;796395,2302;5826242,27;13,36790852;52,50556396
27865;5572;11;1;1044102;2020;9;13;2;3;5;3;0;1;1;0;0;0;0;0;795861,683;5832069,404;13,36525699;52,55808839
27866;5573;11;2;2050602;2020;11;12;6;3;5;2;0;1;0;0;0;0;1;0;802149,0607;5827726,81;13,45377342;52,51571404
27867;5574;11;1;1011202;2020;9;10;6;3;2;6;0;1;0;0;0;0;1;0;797242,7973;5827533,442;13,38151246;52,51667678
27868;5575;11;1;1011102;2020;8;18;6;3;3;6;0;1;0;0;0;0;1;0;796074,7495;5827327,104;13,3641656;52,51546252
27869;5576;11;1;1044201;2020;7;22;3;3;2;3;2;0;1;0;0;0;0;1;796086,3468;5831247,219;13,36782799;52,55059625
27870;5577;11;2;2040701;2020;5;17;7;3;2;6;0;0;1;0;0;0;0;0;800349,3276;5827946,943;13,42752983;52,51868123
27871;5578;11;9;9010302;2020;10;7;3;3;2;6;0;0;1;0;0;0;1;0;803136,19;5820817,443;13,46199299;52,4532383
27872;5579;11;4;4020311;2020;3;3;1;2;0;1;2;0;0;0;1;0;0;1;789769,5318;5826257,045;13,27057805;52,50925588
27873;5580;11;4;4041137;2020;9;15;1;3;2;6;0;0;1;0;0;0;0;0;791783,272;5824152,625;13,29832207;52,48931665
27874;5581;11;3;3020209;2020;11;10;2;3;5;2;0;1;1;0;0;0;0;0;798114,2865;5835771,823;13,40171523;52,5900468
27875;5582;11;3;3061332;2020;5;18;5;3;5;2;0;1;1;0;0;0;0;0;799974,1977;5830201,231;13,42405178;52,53909367
27876;5583;11;7;7050501;2020;8;18;5;3;5;3;0;0;1;0;1;0;0;0;798086,1076;5819271,889;13,38651813;52,44216143
27877;5584;11;2;2050602;2020;6;12;7;3;3;1;0;0;1;0;1;0;0;0;803541,9216;5827603,491;13,47412428;52,51383538
27878;5585;11;1;1011303;2020;3;14;7;3;3;2;0;0;1;0;0;0;1;0;799803,9741;5828631,37;13,42013356;52,5251161
27879;5586;11;4;4020310;2020;10;19;6;3;2;6;2;0;1;0;0;0;0;0;790464,5729;5828404,441;13,28266542;52,52813775
27880;5587;11;4;4030416;2020;12;11;5;3;2;6;0;0;1;0;0;0;0;0;790840,2962;5826796,616;13,28678244;52,51352331
27881;5588;11;3;3061126;2020;8;9;2;2;5;2;0;1;1;0;0;0;0;0;799238,2341;5831933,914;13,41479391;52,55502908
27882;5589;11;3;3071633;2020;7;0;4;1;9;1;2;0;0;0;1;0;0;0;800009,0324;5830186,996;13,42455101;52,5389469
27883;5590;11;3;3071639;2020;3;1;7;3;2;2;2;1;1;0;0;0;0;1;800310,1381;5829419,15;13,4282835;52,53189865
27884;5591;11;4;4041133;2020;10;16;5;3;2;6;0;0;1;0;0;0;0;0;790606,6129;5825064,144;13,28183625;52,49811615
27885;5593;11;12;12302211;2020;3;18;6;3;2;6;2;0;1;0;0;0;0;1;792887,7309;5837158,136;13,32601167;52,60531379
27886;5594;11;10;10040933;2020;9;15;3;3;2;6;0;0;1;0;1;0;0;0;813799,7014;5827127,923;13,62434645;52,50376978
27887;5595;11;12;12231101;2020;11;14;1;3;2;7;0;0;1;0;0;0;1;0;791839,018;5839194,928;13,31236673;52,62413672
27888;5596;11;1;1044201;2020;9;17;6;3;2;6;0;0;1;0;1;0;0;0;796212,4666;5830866,103;13,36934266;52,54711138
27889;5597;11;1;1011303;2020;5;18;5;3;2;6;0;0;1;0;1;0;0;0;799764,147;5828631,181;13,4195481;52,52513631
27890;5598;11;1;1011104;2020;8;11;7;3;0;2;0;0;1;0;1;0;0;1;796213,8893;5825852,223;13,36489757;52,50216603
27891;5599;11;4;4020313;2020;7;18;3;3;6;7;0;0;0;1;0;0;1;0;790549,4766;5826380,634;13,2821458;52,50994901
27892;5600;11;4;4020209;2020;6;10;3;3;3;6;0;0;1;0;0;1;0;0;789357,6086;5824194,509;13,26273335;52,4909833
27893;5601;11;9;9020601;2020;3;17;6;3;5;3;1;1;1;0;0;0;0;1;805589,1525;5822144,357;13,49919336;52,46376508
27894;5602;11;4;4041134;2020;9;21;7;3;9;1;2;0;1;0;0;0;0;1;791198,3971;5824644,553;13,29016234;52,49403908
27895;5603;11;4;4061757;2020;12;8;2;3;0;6;0;0;1;0;0;0;0;0;787873,4177;5821897,816;13,23895074;52,47117684
27896;5604;11;2;2040703;2020;6;8;4;2;6;4;0;1;0;1;0;0;0;0;801874,5708;5826527,374;13,44865276;52,50511541
27897;5606;11;6;6030503;2020;3;15;6;3;8;1;0;1;1;0;0;0;0;1;790280,8148;5818381,892;13,27123669;52,43838173
27898;5607;11;9;9010202;2020;11;8;2;3;5;3;0;1;0;0;0;1;0;0;804105,5735;5824365,915;13,47944869;52,48450403
27899;5608;11;1;1011102;2020;9;23;7;2;0;1;2;0;0;0;0;0;1;0;795620,523;5827239,519;13,35741351;52,51492379
27900;5609;11;6;6040703;2020;7;17;6;2;0;1;0;1;0;0;0;0;0;0;784996,3911;5815991,142;13,19167144;52,41972523
27901;5610;11;4;4041134;2020;3;15;6;3;2;6;0;0;1;0;0;0;0;1;790770,5685;5824853,761;13,284061;52,49614273
27902;5611;11;7;7040403;2020;10;7;4;3;0;2;1;0;0;0;0;1;1;1;797848,686;5822305,299;13,38574131;52,46948207
27903;5612;11;5;5040936;2020;8;16;3;3;5;3;0;0;1;0;0;0;0;0;780170,4869;5822272,31;13,12616314;52,47854039
27904;5613;11;3;3061429;2020;7;2;1;3;0;1;2;0;0;0;0;0;1;0;801367,1037;5831018,875;13,44526919;52,54565376
27905;5614;11;2;2050602;2020;5;12;2;3;0;6;0;0;1;0;1;0;0;1;802356,5394;5827726,981;13,45682183;52,51560059
27906;5615;11;11;11040926;2020;6;16;4;2;3;6;0;0;1;0;1;0;0;0;806313,1021;5827339,894;13,51459095;52,50992382
27907;5616;11;2;2040703;2020;11;10;2;3;0;1;0;1;0;0;0;0;0;0;801865,0329;5826496,847;13,44848499;52,50484708
27908;5617;11;3;3040818;2020;3;8;6;3;5;2;0;1;1;0;0;0;0;1;799174,303;5832231,369;13,41412184;52,55773042
27909;5618;11;12;12214422;2020;9;19;4;2;2;6;1;0;0;0;1;0;1;0;791971,5637;5832691,46;13,30858562;52,56576462
27910;5619;11;2;2050601;2020;11;14;7;3;3;6;0;1;1;0;0;0;0;0;801660,3062;5828859,883;13,44762019;52,52614039
27911;5620;11;4;4010101;2020;6;12;6;3;2;6;0;0;1;0;0;0;0;0;791007,0484;5829084,203;13,29123451;52,53394245
27912;5621;11;2;2050602;2020;3;14;6;3;5;2;0;1;0;0;0;0;1;1;802144,15;5827755,655;13,45372747;52,51597529
27913;5622;11;9;9020601;2020;9;7;3;3;2;6;0;0;1;0;0;0;1;0;806295,2779;5821456,865;13,50892394;52,45720816
27914;5623;11;4;4030623;2020;7;18;4;3;4;6;0;1;0;0;0;0;0;0;793202,9814;5826772,107;13,32147797;52,51203865
27915;5624;11;2;2020202;2020;3;18;5;3;3;6;2;1;0;0;0;0;0;0;797886,4605;5825401,63;13,38906258;52,4972165
27916;5625;11;4;4030417;2020;10;15;4;3;2;6;0;0;1;0;0;0;0;1;790805,5827;5826507,96;13,2860201;52,51095402
27917;5626;11;1;1011303;2020;12;10;4;3;3;6;0;1;1;0;0;0;0;1;799313,2436;5827964,863;13,41232206;52,5194115
27918;5627;11;1;1022202;2020;8;18;4;3;3;6;0;0;1;0;1;0;0;0;795929,6153;5829485,393;13,36395372;52,53488836
27919;5628;11;6;6030503;2020;7;11;2;2;6;4;0;1;0;1;0;0;0;0;789552,9137;5817967,285;13,26019928;52,43505047
27920;5629;11;12;12214125;2020;5;16;5;3;2;6;0;0;1;0;0;0;0;0;792050,1008;5831744,286;13,30890738;52,5572314
27921;5630;11;2;2040503;2020;10;0;2;3;0;6;2;0;1;0;0;0;0;0;802025,4431;5827760,893;13,45198817;52,51608799
27922;5632;11;3;3071638;2020;3;15;5;3;5;3;0;1;0;0;0;0;1;0;800023,9561;5828964,881;13,42366726;52,52798447
27923;5633;11;3;3061429;2020;9;16;6;3;2;6;0;0;1;0;0;1;0;0;801345,0489;5831030,383;13,44495538;52,54576911
27924;5634;11;7;7040401;2020;11;18;4;3;5;2;2;1;1;0;0;0;0;0;797777,0943;5823831,95;13,38605362;52,48320582
27925;5635;11;4;4020208;2020;5;8;5;3;2;6;0;0;1;0;0;0;0;0;786093,7461;5826025,634;13,21636639;52,50912134
27926;5636;11;12;12103115;2020;8;6;4;3;5;2;0;1;1;0;0;0;0;1;795339,7947;5833743,681;13,35907162;52,57338003
27927;5637;11;3;3050925;2020;6;10;5;3;0;7;0;0;1;0;1;0;0;1;801924,5561;5831427,246;13,45383608;52,54900534
27928;5638;11;9;9010101;2020;5;14;3;2;5;2;0;1;0;0;0;0;1;0;802664,8392;5825208,804;13,45906227;52,49285934
27929;5639;11;2;2020202;2020;3;12;5;3;2;6;0;0;1;0;0;0;0;0;797901,105;5825142,671;13,38904608;52,49488726
27930;5640;11;3;3020209;2020;10;8;5;3;5;3;0;1;1;0;0;0;0;0;798011,2647;5834153,517;13,39874379;52,57559747
27931;5641;11;3;3050925;2020;12;13;2;3;3;6;0;1;0;0;0;1;0;1;801552,9247;5831176,024;13,44814382;52,54695947
27932;5642;11;6;6040703;2020;8;17;6;3;2;6;0;0;1;0;0;0;0;0;785256,1018;5818066,998;13,19725083;52,43820241
27933;5643;11;12;12103219;2020;6;14;2;3;6;4;0;1;0;1;0;0;0;0;795746,4534;5832719,182;13,36414131;52,56397561
27934;5644;11;1;1044102;2020;3;11;5;2;5;3;0;0;1;0;1;0;0;0;795862,0515;5832067,35;13,36526058;52,55806978
27935;5645;11;4;4030417;2020;10;15;2;3;0;7;0;1;1;0;0;0;0;0;790854,655;5826430,304;13,28667329;52,51023167
27936;5647;11;3;3040818;2020;3;9;5;3;5;3;0;1;1;0;0;0;0;0;800091,022;5834034,025;13,42923416;52,57338366
27937;5648;11;2;2050602;2020;11;18;6;3;5;3;2;1;1;0;0;0;0;0;802118,835;5828030,345;13,45360497;52,51845136
27938;5649;11;12;12214125;2020;9;20;5;3;3;6;1;0;1;0;0;1;0;0;791507,8786;5833717,459;13,30266588;52,5752109
27939;5650;11;3;3061126;2020;3;9;5;3;5;3;0;1;0;0;0;0;0;0;799196,197;5831434,082;13,41372528;52,55057197
27940;5651;11;3;3061429;2020;5;0;5;3;5;2;2;1;1;0;0;0;0;0;801324,399;5831012,737;13,44463578;52,54562236
27941;5652;11;1;1011303;2020;8;18;5;3;5;2;0;1;1;0;0;0;0;0;799792,0181;5828612,266;13,41994064;52,52495144
27942;5653;11;5;5020629;2020;7;21;7;3;0;1;2;1;0;0;0;0;0;0;785966,6124;5826059,914;13,2145277;52,50949535
27943;5654;11;4;4041137;2020;6;21;7;3;3;6;1;0;1;0;0;0;0;0;791858,7168;5824072,658;13,29936002;52,48855942
27944;5655;11;7;7010104;2020;3;8;5;3;3;6;0;1;1;0;0;0;0;0;796060,853;5825418,411;13,36226393;52,49836034
27945;5656;11;12;12301203;2020;9;5;5;2;5;3;2;0;1;0;1;0;0;0;794232,9129;5834767,472;13,34369441;52,58315704
27946;5657;11;10;10010309;2020;12;12;7;3;5;7;0;0;1;0;0;0;0;0;807684,683;5829681,539;13,53690312;52,53013776
27947;5658;11;4;4041134;2020;6;10;3;3;3;6;0;0;1;0;0;0;0;0;790822,2974;5824785,182;13,28476096;52,49550036
27948;5660;11;4;4041133;2020;3;12;4;3;2;6;0;0;0;0;0;1;1;1;790488,6125;5825269,894;13,28028235;52,50002355
27949;5661;11;1;1011102;2020;9;15;6;3;1;7;0;0;1;0;0;0;1;0;794486,1209;5827043,783;13,34057156;52,51378283
27950;5662;11;9;9010202;2020;7;13;3;3;5;3;0;1;1;0;0;0;0;0;804106,561;5824366,79;13,47946399;52,48451132
27951;5663;11;3;3061429;2020;3;9;4;3;5;2;0;0;1;0;0;0;1;0;801347,7155;5831002,472;13,44496926;52,54551746
27952;5664;11;7;7040402;2020;10;17;6;3;2;6;0;0;1;0;0;0;0;0;796455,0592;5822587,502;13,36553616;52,47276982
27953;5665;11;7;7070701;2020;8;18;1;3;5;7;0;0;1;0;0;0;0;0;799153,4964;5816566,684;13,39975524;52,41732974
27954;5666;11;9;9010101;2020;7;14;6;3;2;6;0;0;1;0;0;1;0;1;802662,1022;5824994,716;13,45882761;52,490942
27955;5667;11;10;10010308;2020;6;3;3;2;1;5;2;0;1;0;0;0;1;0;808050,9067;5827445,888;13,54021453;52,50989523
27956;5668;11;7;7020203;2020;3;9;4;3;2;6;0;0;1;0;0;1;0;0;795893,2492;5824330,977;13,35883637;52,4887033
27957;5669;11;1;1033203;2020;5;15;4;3;5;2;0;1;1;0;0;0;0;0;796198,7247;5830206,491;13,36855242;52,54120609
27958;5670;11;7;7010104;2020;8;14;6;2;5;3;0;1;0;0;0;0;1;0;796008,4446;5824726,12;13,36087901;52,49218297
27959;5671;11;1;1011105;2020;7;12;3;3;0;1;0;0;0;0;1;0;0;0;796577,6725;5826628,967;13,37093315;52,50893118
27960;5672;11;2;2010101;2020;6;13;1;3;5;3;0;0;1;0;0;0;0;0;797854,8473;5825504,056;13,38868987;52,49815189
27961;5673;11;12;12231101;2020;3;9;4;3;5;3;0;0;1;0;0;0;0;0;792179,9501;5838088,151;13,31641112;52,61403178
27962;5674;11;7;7030303;2020;9;15;6;3;2;6;0;0;1;0;0;0;0;0;796232,1702;5822707,166;13,36237055;52,47396342
27963;5675;11;7;7050501;2020;12;14;2;3;1;5;0;1;1;0;0;0;0;1;798098,4818;5819227,93;13,38666043;52,44176064
27964;5676;11;7;7020202;2020;6;15;4;3;6;4;0;0;1;1;0;0;0;0;795225,438;5823516,568;13,34830826;52,48176423
27965;5678;11;11;11030721;2020;3;8;4;2;1;7;0;1;0;0;1;0;0;0;804863,6127;5827469,036;13,49341751;52,51189322
27966;5679;11;3;3061429;2020;11;13;5;2;6;4;0;0;1;1;0;0;0;0;801365,7419;5831048,066;13,44527566;52,54591616
27967;5680;11;4;4010101;2020;9;16;7;2;2;6;0;0;1;0;0;0;0;0;790681,0088;5828870,115;13,28625408;52,53219715
27968;5681;11;2;2020202;2020;7;15;5;3;5;2;0;1;1;0;0;0;0;0;797897,2104;5825437,794;13,38925281;52,49753481
27969;5682;11;4;4020313;2020;3;7;4;3;2;6;0;0;1;0;1;0;0;0;790499,7977;5826372,289;13,28140857;52,50990066
27970;5683;11;10;10030726;2020;10;20;1;3;5;2;2;0;1;0;0;0;0;0;809503,0564;5827391,216;13,56149271;52,50858338