;OBJECTID;LAND;BEZ;LOR;UJAHR;UMONAT;USTUNDE;UWOCHENTAG;UKATEGORIE;UART;UTYP1;ULICHTVERH;IstRad;IstPKW;IstFuss;IstKrad;IstGkfz;IstSonstige;USTRZUSTAND;LINREFX;LINREFY;XGCSWGS84;YGCSWGS84
27971;5684;11;3;3050923;2020;8;10;2;2;3;6;0;0;0;0;1;1;0;0;800242,9227;5831997,698;13,42962614;52,55504787
27972;5685;11;7;7070703;2020;7;14;7;3;5;7;0;1;1;0;0;0;0;0;799928,253;5813387,299;13,40826629;52,38840667
27973;5686;11;2;2050602;2020;6;17;3;3;0;7;0;1;0;0;0;0;0;0;802563,0675;5827704,648;13,45983579;52,5152859
27974;5687;11;10;10010206;2020;10;18;7;3;0;1;2;1;0;0;0;0;0;1;808460,362;5832335,209;13,55076535;52,55348101
27975;5688;11;12;12103219;2020;3;17;3;2;5;2;1;1;0;0;0;0;1;0;795751,2956;5832692,924;13,36418913;52,5637376
27976;5689;11;7;7020203;2020;9;14;3;3;2;6;0;0;1;0;1;0;0;0;795824,5785;5824223,563;13,35773261;52,48777763
27977;5690;11;4;4020310;2020;11;17;6;3;2;6;2;0;1;0;0;0;0;1;790555,6432;5827380,273;13,28310931;52,51890753
27978;5691;11;11;11010101;2020;6;13;5;3;5;2;0;1;1;0;0;0;0;0;803725,4507;5834401,123;13,48303578;52,57465789
27979;5692;11;9;9010201;2020;3;15;3;2;0;2;0;0;1;0;0;0;1;1;803109,8816;5824553,349;13,46500113;52,48673762
27980;5693;11;7;7040401;2020;8;14;2;3;2;6;0;0;1;0;0;0;1;0;797775,658;5823858,007;13,38605581;52,48344017
27981;5694;11;2;2050601;2020;7;9;4;3;6;7;0;1;0;1;0;0;0;0;801848,3807;5828541,084;13,45009468;52,5231789
27982;5695;11;7;7020203;2020;6;19;3;3;1;5;0;1;1;0;0;0;0;0;795575,2156;5823901,077;13,35378484;52,48502186
27983;5696;11;7;7050502;2020;3;5;2;3;6;2;2;0;1;1;0;0;0;1;798141,1925;5819049,892;13,38712811;52,44014144
27984;5697;11;5;5040936;2020;10;14;3;3;5;2;0;1;1;0;0;0;0;0;780168,1478;5822271,364;13,126128;52,4785331
27985;5698;11;4;4041134;2020;12;15;3;3;2;6;0;0;1;0;0;1;0;1;791093,1573;5824642,745;13,28861501;52,49407901
27986;5699;11;9;9020601;2020;8;18;4;3;2;6;0;1;0;0;0;0;0;0;806418,3763;5821331,871;13,51061525;52,45601892
27987;5700;11;10;10010207;2020;7;8;1;3;5;3;0;1;0;0;0;0;1;0;808294,865;5832002,821;13,54802349;52,55059592
27988;5701;11;2;2010101;2020;5;9;4;3;5;2;0;1;1;0;0;0;0;0;797296,3242;5825591,955;13,38056502;52,49924435
27989;5702;11;7;7050501;2020;10;7;2;3;2;6;0;0;1;0;0;1;0;1;797715,1908;5818799,053;13,38065599;52,438125
27990;5704;11;11;11030721;2020;3;7;2;2;8;1;0;0;0;0;1;0;0;0;803769,7679;5827581,66;13,4774516;52,51351287
27991;5705;11;4;4030623;2020;9;17;5;3;2;6;0;0;1;0;0;0;0;0;793298,5259;5826821,984;13,32292579;52,51243441
27992;5706;11;12;12103117;2020;11;14;3;2;6;7;0;0;1;1;0;0;0;1;795828,037;5832343,686;13,36500662;52,56056534
27993;5707;11;6;6040702;2020;5;11;4;3;2;6;0;0;1;0;0;0;0;0;785372,3744;5815683,769;13,1969231;52,41677333
27994;5708;11;6;6040701;2020;8;13;3;3;0;1;0;0;0;0;1;0;0;0;782315,5552;5815732,585;13,152137;52,41879643
27995;5709;11;3;3061126;2020;6;17;5;3;1;1;0;1;0;0;1;0;0;1;799200,7913;5831522,163;13,41387221;52,55135896
27996;5710;11;11;11030721;2020;5;12;3;3;3;6;0;0;1;0;1;0;0;0;803951,8053;5827562,48;13,48010834;52,51323956
27997;5711;11;3;3010102;2020;3;7;2;2;2;6;0;0;1;0;0;1;1;1;803654,0129;5839964,269;13,48708686;52,6245574
27998;5712;11;3;3071633;2020;9;16;4;3;5;2;0;1;0;0;1;0;0;0;800292,438;5830051,913;13,42859505;52,53758003
27999;5713;11;1;1011102;2020;12;1;7;2;0;1;2;1;0;0;0;0;0;0;795748,0382;5827260,533;13,35930584;52,51504303
28000;5714;11;5;5040936;2020;8;15;5;3;5;3;0;1;1;0;0;0;0;0;780179,0425;5822276,637;13,12629243;52,47857479
28001;5715;11;1;1011303;2020;6;2;1;3;0;1;2;0;0;0;0;0;1;0;799032,2418;5828232,044;13,4084332;52,52196054
28002;5716;11;4;4020314;2020;10;17;2;3;5;3;1;0;1;0;0;1;0;0;790529,7775;5825563,587;13,28114331;52,50263462
28003;5718;11;1;1011303;2020;3;13;2;3;2;6;0;0;1;0;0;0;0;0;799813,3778;5828646,296;13,42028521;52,52524472
28004;5719;11;12;12103218;2020;11;8;5;3;5;2;0;0;1;0;0;0;1;0;794559,3241;5833811,359;13,34764848;52,57440967
28005;5720;11;2;2040701;2020;9;15;3;3;0;7;0;1;0;0;0;0;0;0;800591,3581;5827894,055;13,43103829;52,51807383
28006;5721;11;11;11041027;2020;3;0;1;2;1;6;2;0;1;0;0;1;0;1;807035,0835;5827381,894;13,52523459;52,50989437
28007;5722;11;11;11030721;2020;10;11;7;3;4;6;0;1;0;0;0;0;0;0;804511,036;5827505,072;13,48827115;52,51241312
28008;5723;11;12;12301203;2020;8;13;5;3;5;3;0;1;1;0;0;0;0;0;793993,9107;5835207,35;13,34056736;52,58722942
28009;5724;11;1;1011104;2020;7;13;5;3;5;5;0;1;1;0;0;0;0;1;796120,297;5825645,266;13,36333875;52,50036165
28010;5725;11;2;2050602;2020;5;11;1;3;5;3;0;1;1;0;0;0;0;0;802147,69;5827740,299;13,45376553;52,5158357
28011;5726;11;7;7040403;2020;6;18;6;3;2;6;0;0;1;0;0;0;0;0;797052,1422;5822378,877;13,37411511;52,47057532
28012;5727;11;2;2010101;2020;2;5;7;3;5;3;2;0;1;0;0;0;0;1;797295,6315;5825592,058;13,38055494;52,49924565
28013;5728;11;3;3061429;2020;9;16;5;3;2;6;0;0;1;0;1;0;0;0;801342,6154;5831028,304;13,44491772;52,54575182
28014;5729;11;3;3061429;2020;12;5;4;3;0;1;2;1;0;0;0;0;0;1;800948,4934;5830495,653;13,43864069;52,54119544
28015;5730;11;3;3061332;2020;6;15;3;3;5;2;0;1;1;0;0;0;0;0;799972,748;5830201,544;13,42403075;52,53909728
28016;5732;11;1;1011303;2020;2;19;7;2;3;6;2;1;1;0;0;0;0;1;799176,9866;5828378,887;13,41069229;52,52319738
28017;5733;11;3;3061429;2020;9;7;6;3;5;2;0;1;1;0;0;0;0;0;800984,7475;5830503,045;13,43918035;52,54124168
28018;5734;11;7;7070706;2020;7;0;1;3;0;1;2;1;0;0;0;0;0;0;800130,1792;5813132,299;13,41099632;52,38601036
28019;5735;11;1;1044102;2020;2;16;7;2;5;3;1;0;1;0;0;0;0;0;795879,035;5832057,388;13,36550149;52,55797126
28020;5736;11;7;7050501;2020;10;15;6;3;6;7;0;1;0;1;0;0;0;0;798044,3087;5819505,579;13,38611343;52,444279
28021;5737;11;12;12103218;2020;12;12;4;3;5;3;0;0;1;0;0;0;1;0;794565,602;5833812,13;13,34774154;52,57441318
28022;5738;11;7;7040406;2020;8;10;1;3;3;6;0;0;1;0;0;0;0;0;800045,8616;5821466,457;13,41723589;52,46076081
28023;5739;11;12;12231101;2020;7;16;5;3;5;3;0;1;1;0;0;0;0;1;792072,2872;5838552,292;13,31523537;52,61825045
28024;5740;11;4;4020313;2020;5;13;1;3;0;3;0;1;1;0;0;0;0;1;790387,106;5826353,478;13,27973633;52,50979201
28025;5741;11;4;4041134;2020;6;14;2;3;2;6;0;0;1;0;0;0;0;0;790740,5278;5824909,818;13,28366867;52,49666129
28026;5742;11;3;3061429;2020;10;16;4;3;2;6;2;0;1;0;0;0;0;1;801349,708;5831004,158;13,44500009;52,54553147
28027;5743;11;1;1011304;2020;2;16;7;3;4;6;0;1;0;0;0;0;1;0;800004,1806;5828075,227;13,4225741;52,52002106
28028;5744;11;7;7030303;2020;9;13;2;3;5;3;0;0;1;0;0;1;0;0;795835,5498;5822644,859;13,35649294;52,47361985
28029;5745;11;2;2010101;2020;11;11;3;3;0;7;0;1;0;0;0;0;0;0;797146,0759;5825669,744;13,37842759;52,50002348
28030;5746;11;3;3061126;2020;6;8;4;3;5;2;0;1;1;0;0;0;0;0;799196,982;5831452,869;13,41375375;52,55073994
28031;5747;11;8;8020619;2020;8;22;7;3;3;6;2;0;1;0;0;1;0;0;802014,1618;5821854,887;13,44646995;52,46315817
28032;5748;11;12;12231101;2020;6;8;2;3;0;3;0;1;1;0;0;0;0;0;792075,123;5838548,202;13,31527352;52,61821226
28033;5749;11;3;3061332;2020;2;13;7;3;6;4;0;0;0;1;0;0;1;0;799615,7433;5830294,437;13,4188664;52,54012631
28034;5750;11;4;4010101;2020;10;13;1;3;2;6;0;0;1;0;0;0;0;0;790511,7125;5828545,369;13,28348149;52,52937606
28035;5751;11;10;10040933;2020;12;14;6;3;5;2;0;0;1;0;0;0;1;0;812575,0424;5827181,471;13,60641287;52,50495252
28036;5752;11;7;7020203;2020;8;18;3;2;1;5;0;1;1;0;0;0;0;0;795930,4446;5824446,28;13,35948497;52,48971673
28037;5753;11;12;12103219;2020;7;16;5;3;5;2;0;1;1;0;0;0;0;0;795709,843;5832847,181;13,36371686;52,56514288
28038;5754;11;2;2010101;2020;10;11;6;3;5;3;0;1;1;0;0;0;0;0;797876,9817;5825498,034;13,38900958;52,49808583
28039;5756;11;12;12103219;2020;2;15;6;3;5;2;0;1;1;0;0;0;0;0;795766,0386;5832696,757;13,36440942;52,56376395
28040;5757;11;12;12214528;2020;9;14;4;3;2;6;0;0;1;0;0;0;0;0;788466,3946;5837200,631;13,26094258;52,60805893
28041;5758;11;7;7050502;2020;11;6;2;3;0;6;2;0;1;0;1;0;0;1;797577,0905;5818422,546;13,37829523;52,43482513
28042;5759;11;3;3040614;2020;10;11;6;3;2;6;0;0;1;0;0;0;0;1;798550,5757;5833156,984;13,40578156;52,56636948
28043;5760;11;4;4020313;2020;2;13;6;3;5;2;0;0;1;0;0;0;0;0;790532,2148;5826377,75;13,28188965;52,50993235
28044;5761;11;4;4020313;2020;9;18;3;3;5;2;0;0;1;0;0;0;0;0;790731,1079;5826410,569;13,28484072;52,51012061
28045;5762;11;1;1044102;2020;11;17;5;3;5;3;2;0;1;0;0;0;1;1;795861,8559;5832068,44;13,36525867;52,55807966
28046;5763;11;1;1011303;2020;6;15;4;3;5;2;0;1;0;0;0;0;1;0;799557,908;5828277,886;13,41619904;52,52208292
28047;5764;11;4;4010103;2020;8;21;1;3;8;1;2;0;1;0;0;0;0;1;791505,94;5829136,929;13,298615;52,53414853
28048;5765;11;12;12103218;2020;6;16;3;3;5;3;0;0;1;0;1;0;0;0;794455,1506;5834360,213;13,34660319;52,57938607
28049;5766;11;4;4020310;2020;2;12;6;3;3;6;0;0;1;0;0;1;0;0;790468,8517;5828469,63;13,28278527;52,5287199
28050;5767;11;5;5020629;2020;10;16;2;3;2;6;0;0;1;0;0;0;1;1;785929,7361;5826070,082;13,21399455;52,50960585
28051;5768;11;10;10010204;2020;12;13;7;2;0;1;0;0;0;0;1;0;0;1;808676,5492;5832816,74;13,55439159;52,55767388
28052;5769;11;4;4041133;2020;8;19;3;3;0;4;0;0;1;1;0;0;0;0;790635,5078;5825027,453;13,28222869;52,49777183
28053;5770;11;7;7050502;2020;7;6;6;3;5;2;0;0;0;0;1;0;1;0;797840,0419;5818948,551;13,38262047;52,43939712
28054;5771;11;4;4030417;2020;5;14;3;3;5;2;0;1;0;0;0;0;1;0;791751,2225;5826597,445;13,29999322;52,51125128
28055;5772;11;2;2050802;2020;10;15;7;2;2;6;0;1;1;0;0;0;0;0;802118,3661;5827419,871;13,45304379;52,51297994
28056;5774;11;4;4030417;2020;2;9;6;2;6;7;0;0;1;1;0;0;0;0;790825,1256;5826425,505;13,28623521;52,51020439
28057;5775;11;7;7020203;2020;9;10;4;3;1;5;0;1;1;0;0;0;0;0;795835,487;5824210,502;13,3578812;52,48765464
28058;5776;11;4;4020208;2020;11;14;2;3;1;5;0;1;1;0;0;0;0;0;787198,5409;5825844,921;13,23244444;52,5069206
28059;5777;11;4;4030724;2020;5;16;4;3;2;6;0;0;1;0;0;0;0;0;790680,136;5826115,005;13,28383365;52,50749802
28060;5778;11;4;4030622;2020;8;7;3;3;5;2;0;1;0;0;0;0;1;0;792275,7456;5826685,437;13,30777749;52,51175932
28061;5779;11;7;7040402;2020;6;15;4;3;2;6;0;0;1;0;0;0;0;0;796446,2113;5822593,33;13,36541146;52,47282686
28062;5780;11;4;4030417;2020;5;8;3;3;5;2;0;0;1;1;0;0;0;0;791840,4714;5826612,481;13,30131778;52,51133833
28063;5781;11;3;3020209;2020;2;8;6;3;5;3;0;1;1;0;0;0;0;0;798153,948;5836016,099;13,40251882;52,59221462
28064;5782;11;10;10040933;2020;9;13;4;3;0;1;0;1;0;0;0;0;0;0;812425,0065;5827173,531;13,60420211;52,50496729
28065;5783;11;7;7050506;2020;12;18;6;3;6;7;2;0;1;1;0;0;0;0;799074,9554;5816695,334;13,39871878;52,41852586
28066;5784;11;11;11030721;2020;8;9;4;2;5;2;0;1;1;0;0;0;0;0;804235,0844;5827518,748;13,48422987;52,51268968
28067;5785;11;4;4020314;2020;6;8;6;3;3;6;0;0;1;0;0;1;0;0;790533,9186;5825820,824;13,28142861;52,50493857
28068;5786;11;1;1033203;2020;10;14;7;3;5;7;0;0;1;0;0;0;0;0;796213,0496;5829944,713;13,36852964;52,53885173
28069;5788;11;7;7040401;2020;2;11;5;3;2;6;0;0;1;0;0;1;0;1;797817,4205;5822632,151;13,38557419;52,47242898
28070;5789;11;1;1011303;2020;11;16;4;2;1;5;2;1;1;0;0;0;0;0;799636,3278;5828412,173;13,41747238;52,5232435
28071;5790;11;1;1011104;2020;9;16;3;3;5;3;0;0;1;0;1;0;0;0;796405,6911;5826273,091;13,36808964;52,50583456
28072;5791;11;11;11010101;2020;8;15;2;3;5;2;0;1;0;0;0;0;1;0;803685,497;5835335,153;13,48330367;52,58305147
28073;5792;11;1;1011104;2020;2;17;4;3;4;6;0;1;0;0;0;0;1;0;796362,4347;5826164,231;13,36735728;52,50488224
28074;5793;11;4;4010101;2020;10;10;6;3;0;6;0;0;0;0;0;0;1;0;791181,16;5829468,456;13,29413083;52,53729424
28075;5794;11;2;2050602;2020;8;15;4;2;2;2;0;1;0;0;0;0;0;0;802996,8352;5827660,373;13,46616819;52,51464826
28076;5795;11;7;7030303;2020;7;12;4;3;2;6;0;0;1;0;0;0;0;1;795898,0848;5822672,702;13,35743564;52,47383557
28077;5796;11;1;1011303;2020;6;9;6;3;5;3;0;1;1;0;0;0;0;0;799781,125;5828660,425;13,41982397;52,5253891
28078;5797;11;3;3061131;2020;11;13;5;3;2;7;0;0;1;0;0;0;1;0;799141,102;5830416,296;13,41199847;52,54147936
28079;5798;11;1;1033203;2020;2;18;4;3;6;2;2;0;1;1;0;0;0;1;796213,3788;5830201,449;13,36876337;52,54115293
28080;5799;11;4;4030417;2020;9;22;5;3;6;4;2;1;0;1;0;0;0;0;790971,5804;5826449,339;13,28840795;52,51033996
28081;5800;11;12;12103218;2020;12;10;3;3;2;6;0;0;1;0;0;0;1;0;794558,8726;5833834,861;13,34766272;52,57462059
28082;5801;11;6;6040701;2020;6;17;2;3;8;1;0;1;0;0;0;0;0;0;782539,069;5815784,582;13,15545884;52,41914731
28083;5803;11;1;1033203;2020;2;15;4;3;0;2;0;1;0;0;0;0;1;0;796316,7184;5830075,734;13,37017055;52,53996984
28084;5804;11;5;5020629;2020;9;17;5;3;5;3;0;0;1;0;0;0;0;0;785301,195;5826237,338;13,20490171;52,51143456
28085;5805;11;12;12231101;2020;7;16;6;3;5;3;0;1;1;0;0;0;0;0;792228,7783;5838308,859;13,31732523;52,61598406
28086;5806;11;9;9010301;2020;2;14;4;2;5;3;0;1;1;0;0;0;0;0;805152,8011;5822563,919;13,49317407;52,46776929
28087;5807;11;3;3061434;2020;10;13;5;3;3;6;0;1;0;0;0;0;1;0;800780,6479;5829810,508;13,43555306;52,53514704
28088;5808;11;6;6040701;2020;12;14;3;3;0;5;0;1;1;0;0;0;0;0;783126,1752;5815920,142;13,16418371;52,4200594
28089;5809;11;1;1011105;2020;5;18;4;3;5;3;0;1;1;0;0;0;0;0;796682,9175;5826209,937;13,37210589;52,50511777
28090;5810;11;3;3071638;2020;8;15;7;3;5;3;0;0;1;0;0;0;1;0;800014,1872;5828986,525;13,42354322;52,52818385
28091;5811;11;11;11041022;2020;7;14;4;3;3;1;0;0;1;0;0;1;0;0;805513,23;5827401,32;13,50289804;52,51092289
28092;5812;11;4;4041137;2020;5;23;1;2;0;1;2;1;0;0;0;0;0;0;791928,9798;5824014,492;13,30034095;52,4880004
28093;5813;11;11;11041027;2020;10;8;4;3;8;1;0;0;0;0;1;0;0;1;807233,0059;5827431,918;13,52818794;52,51023126
28094;5814;11;2;2020203;2020;2;21;4;3;9;1;2;0;1;0;0;0;0;1;797755,2445;5824470,756;13,38630348;52,4889439
28095;5815;11;12;12214125;2020;9;13;1;3;8;1;0;0;1;0;0;0;0;0;791653,0322;5830951,275;13,3023703;52,55033506
28096;5816;11;3;3061126;2020;11;7;2;3;6;4;0;0;1;1;0;0;0;0;799245,5134;5831883,958;13,41485593;52,55457731
28097;5817;11;1;1011204;2020;5;17;4;2;5;3;0;1;1;0;0;0;0;0;798646,1727;5827021,723;13,40167351;52,51132327
28098;5818;11;7;7040403;2020;8;20;6;3;6;7;1;0;1;1;0;0;0;0;797853,0239;5821967,741;13,38550366;52,46645387
28099;5819;11;9;9010201;2020;6;18;7;3;5;3;1;1;1;0;0;0;0;1;803379,8583;5824289,227;13,46872454;52,48422039
28100;5820;11;7;7040401;2020;2;20;4;3;5;3;2;0;1;0;0;0;0;0;797778,2711;5823485,424;13,3857614;52,48009897
28101;5821;11;2;2040503;2020;10;22;7;3;4;6;2;1;0;0;0;0;1;0;801639,1862;5827783,716;13,44633391;52,51650632
28102;5822;11;12;12214422;2020;12;6;5;3;2;6;2;0;1;0;0;0;0;0;791724,2904;5833234,005;13,30542501;52,57076092
28103;5823;11;2;2020202;2020;8;10;2;3;5;2;0;1;0;0;0;0;1;0;797899,0648;5825429,151;13,38927231;52,49745632
28104;5824;11;1;1022202;2020;7;8;5;3;0;6;0;0;0;0;1;0;1;1;796139,9204;5829179,077;13,3667723;52,53202831
28105;5825;11;1;1011105;2020;2;19;4;3;2;6;2;0;1;0;0;0;0;1;796690,8341;5826201,909;13,37221503;52,5050415
28106;5826;11;6;6010101;2020;10;0;5;3;2;6;2;0;1;0;0;0;1;0;793138,1879;5820207,459;13,31475351;52,4532235
28107;5828;11;10;10030726;2020;2;18;4;3;5;2;2;1;1;0;0;0;0;1;808945,3427;5827441,082;13,55334756;52,50934638
28108;5829;11;10;10010204;2020;9;12;3;2;5;3;0;0;1;0;0;1;0;0;808903,356;5833412,582;13,55828112;52,562885
28109;5830;11;3;3061332;2020;11;13;1;3;2;6;0;1;1;0;0;0;0;0;799868,9054;5830247,062;13,42254531;52,53956242
28110;5831;11;7;7050501;2020;9;0;6;3;3;2;2;0;1;0;0;0;0;0;797773,184;5818919,567;13,38161398;52,43917372
28111;5832;11;7;7040402;2020;5;17;4;3;2;6;0;0;1;0;0;0;0;0;796555,052;5822539,267;13,36696111;52,47228315
28112;5833;11;3;3061435;2020;8;1;7;3;2;6;2;1;1;0;0;0;0;0;801322,5889;5829320,695;13,44307485;52,53045746
28113;5834;11;1;1033203;2020;6;16;3;3;5;2;0;1;1;0;0;0;0;0;796320,9005;5830071,95;13,37022866;52,53993364
28114;5835;11;1;1011202;2020;2;22;3;3;2;6;2;0;1;0;0;0;0;0;797908,6525;5827613,147;13,39136759;52,51702793
28115;5836;11;12;12103115;2020;9;20;2;3;5;2;2;0;1;0;0;0;1;0;795339,492;5833743,79;13,35906727;52,57338117
28116;5837;11;4;4041239;2020;12;9;3;3;2;6;0;0;1;0;0;0;1;0;792230,1654;5823674,5;13,30446595;52,4847913
28117;5838;11;2;2050601;2020;6;12;4;3;5;3;0;1;1;1;0;0;0;0;801654,0281;5828872,732;13,44753959;52,52625903
28118;5840;11;9;9010101;2020;2;21;3;3;2;6;2;0;1;0;0;0;0;0;802661,0833;5824995,697;13,45881354;52,49095135
28119;5841;11;2;2050602;2020;11;18;2;2;5;2;2;1;1;0;0;0;0;0;802146,06;5827748,796;13,4537493;52,51591276
28120;5842;11;6;6040701;2020;9;17;1;3;1;5;0;1;1;0;0;0;0;0;783410,0167;5816003,735;13,16841724;52,42066201
28121;5843;11;7;7040403;2020;7;11;6;3;2;6;0;0;1;0;0;0;0;0;797869,6102;5820511,727;13,38444789;52,45339325
28122;5844;11;2;2020202;2020;2;11;3;2;6;7;0;0;1;1;0;0;0;1;797903,7552;5825113,091;13,38905855;52,49462065
28123;5845;11;12;12302211;2020;10;14;4;3;5;3;0;0;1;0;0;0;0;1;793293,9872;5836637,325;13,33153206;52,60042605
28124;5846;11;7;7040403;2020;8;14;3;2;1;5;0;1;1;0;0;0;0;0;797863,6466;5821803,909;13,38551333;52,4649795
28125;5847;11;4;4020310;2020;7;15;2;3;2;6;0;0;1;0;0;0;0;0;790481,4354;5828460,96;13,28296267;52,52863546
28126;5848;11;2;2040503;2020;5;23;7;3;5;3;2;1;1;0;0;0;0;0;801933,6122;5827769,975;13,45064723;52,51622024
28127;5849;11;6;6030503;2020;6;19;4;3;5;3;0;1;0;0;0;0;0;0;789577,61;5817961,573;13,26055659;52,43498619
28128;5850;11;4;4020310;2020;11;20;2;2;3;6;2;0;1;0;1;0;0;0;790466,389;5828462,65;13,28274297;52,52865863
28129;5851;11;3;3071633;2020;2;18;3;3;6;4;2;1;0;1;0;0;0;0;800572,3221;5829917,009;13,43258724;52,53621656
28130;5852;11;6;6030605;2020;9;13;4;3;1;5;0;1;1;0;0;0;0;0;791916,3333;5819376,893;13,29609794;52,44643139
28131;5853;11;7;7040403;2020;11;12;7;3;3;6;0;0;1;0;0;0;0;0;797830,9599;5822333,226;13,38550606;52,46974207
28132;5854;11;3;3071639;2020;5;16;4;3;3;6;0;1;0;0;0;0;0;0;800153,6158;5829169,076;13,42575716;52,52974337
28133;5855;11;10;10030726;2020;8;16;2;3;0;2;0;1;1;0;0;0;0;0;808924,1716;5827407,719;13,55300565;52,50905938
28134;5856;11;7;7070701;2020;6;11;4;3;3;6;0;0;1;0;1;0;0;0;799195,5488;5816465,577;13,40028135;52,41640045
28135;5857;11;9;9020601;2020;2;17;3;3;5;2;1;1;1;0;0;0;0;1;806103,7585;5821629,73;13,50627257;52,45886474
28136;5858;11;3;3040818;2020;9;8;3;3;2;6;0;0;1;0;0;0;1;0;800072,4366;5832754,369;13,42780316;52,56192406
28137;5859;11;4;4030623;2020;12;17;4;3;5;2;1;0;1;0;0;0;0;1;793298,1982;5826820,752;13,32291989;52,51242355
28138;5860;11;7;7040402;2020;8;16;3;3;0;1;0;0;1;0;1;0;0;0;796797,4006;5822401,79;13,37039626;52,47091918
28139;5861;11;3;3061429;2020;6;16;5;3;6;7;0;1;0;1;0;0;0;0;801183,4584;5830869,287;13,44243358;52,54441454
28140;5862;11;7;7050502;2020;10;17;7;3;2;6;0;0;1;0;0;0;0;0;798181,752;5818924,81;13,38761144;52,4389981
28141;5864;11;10;10010309;2020;2;5;2;2;6;6;1;0;1;1;0;0;0;1;807669,4635;5829957,151;13,53693454;52,53261638
28142;5865;11;3;3061429;2020;11;10;3;2;0;2;0;0;0;0;0;1;1;0;801347,6459;5831002,413;13,44496819;52,54551697
28143;5866;11;3;3050925;2020;9;14;2;3;3;6;0;1;1;0;0;0;0;0;801549,9786;5831173,576;13,44809828;52,54693916
28144;5867;11;2;2020203;2020;8;1;1;3;2;6;2;0;1;0;1;0;0;0;797760,152;5824110,59;13,38605377;52,48571275
28145;5868;11;7;7050502;2020;2;7;2;3;5;2;0;0;0;0;1;0;1;0;797838,327;5818947,963;13,38259479;52,43939278
28146;5869;11;3;3061434;2020;10;15;5;3;2;6;0;0;1;0;0;1;0;1;800657,1246;5829977,86;13,43388882;52,53671521
28147;5870;11;3;3061332;2020;8;14;3;3;2;6;0;1;0;0;0;0;1;0;799490,6339;5830296,202;13,41702878;52,5402109
28148;5871;11;3;3061435;2020;7;13;3;3;1;5;0;1;1;0;0;0;0;0;801626,9249;5828957,003;13,44721773;52,52702935
28149;5872;11;7;7050501;2020;6;18;5;3;1;1;0;0;1;0;0;0;0;1;797937,4307;5820116,662;13,38509056;52,44981495
28150;5873;11;7;7060601;2020;11;6;4;3;6;4;2;0;1;1;0;0;0;0;796869,1494;5816382,674;13,36610162;52,41692405
28151;5874;11;2;2050602;2020;2;20;2;3;5;3;1;1;1;0;0;0;0;1;802584,8438;5827702,294;13,46015358;52,51525271
28152;5875;11;2;2010101;2020;9;11;5;3;5;2;0;1;1;0;0;0;0;0;797850,612;5825505,469;13,38862893;52,49816686
28153;5876;11;12;12214422;2020;11;8;2;3;3;6;0;0;1;0;0;1;0;0;791643,4671;5833574,434;13,30453523;52,57385609
28154;5877;11;6;6040703;2020;6;9;1;2;4;6;0;1;0;0;0;0;0;0;785570,6561;5816300,955;13,20035745;52,4222037
28155;5878;11;6;6040703;2020;2;19;2;3;2;6;2;0;1;0;0;0;0;1;784945,4833;5817253,936;13,19200066;52,43107425
28156;5879;11;3;3061131;2020;9;15;4;3;1;5;0;1;1;0;0;0;0;1;799164,6309;5830694,843;13,41259523;52,54396318
28157;5880;11;2;2050602;2020;7;21;5;3;1;5;1;0;1;0;1;0;0;0;803281,1339;5827631,546;13,47031863;52,5142319
28158;5881;11;4;4041134;2020;2;15;2;3;3;6;0;0;1;0;0;1;0;0;790887,4181;5824694,754;13,28563852;52,49465496
28159;5882;11;5;5040935;2020;10;10;4;3;0;7;0;0;1;0;0;0;1;0;781746,0285;5824440,37;13,1511337;52,49716995
28160;5883;11;11;11030721;2020;12;17;6;3;6;4;2;1;0;1;0;0;0;1;803738,829;5827584,971;13,47700011;52,51355977
28161;5884;11;12;12302212;2020;8;11;5;3;2;6;0;0;1;0;0;0;0;0;792722,246;5837431,684;13,32381694;52,60785512
28162;5885;11;10;10040830;2020;7;18;3;2;2;6;0;0;1;0;0;0;0;0;811692,3051;5827137,18;13,59340801;52,50506058
28163;5886;11;7;7030303;2020;5;13;7;3;8;1;0;0;1;0;0;0;0;0;795684,4417;5822631,171;13,35426256;52,47357897
28164;5887;11;4;4020314;2020;10;17;3;3;3;6;2;0;1;0;0;0;1;0;790509,9654;5825605,642;13,28088894;52,50302219
28165;5888;11;2;2020202;2020;2;16;1;3;2;6;2;0;1;0;0;0;0;1;797854,1512;5825450,778;13,388632;52,49767469
28166;5889;11;1;1011204;2020;9;20;1;3;2;6;1;0;1;0;0;0;0;0;798796,7611;5827189,428;13,40403644;52,51274405
28167;5890;11;9;9020601;2020;11;15;2;3;2;6;0;0;1;0;0;0;0;0;806045,9329;5821707,093;13,50549508;52,45959049
28168;5891;11;4;4020208;2020;5;15;4;2;1;1;0;1;0;0;0;1;0;0;786767,3872;5825846,509;13,22611069;52,50716165
28169;5892;11;1;1011102;2020;8;16;5;3;2;6;0;0;1;0;0;0;0;0;794906,0532;5827116,807;13,34680652;52,51421055
28170;5893;11;10;10030727;2020;6;10;6;3;2;6;0;0;1;0;0;1;0;0;809897,3554;5827216,94;13,56712165;52,50679776
28171;5894;11;1;1011303;2020;2;17;1;3;5;3;2;0;1;0;0;0;0;1;799119,1189;5827657,048;13,40919283;52,5167589
28172;5895;11;7;7050506;2020;10;16;6;3;5;3;0;1;1;0;0;0;0;0;798959,7037;5817033,558;13,3973313;52,4216206