;OBJECTID;LAND;BEZ;LOR;UJAHR;UMONAT;USTUNDE;UWOCHENTAG;UKATEGORIE;UART;UTYP1;ULICHTVERH;IstRad;IstPKW;IstFuss;IstKrad;IstGkfz;IstSonstige;USTRZUSTAND;LINREFX;LINREFY;XGCSWGS84;YGCSWGS84
28374;6108;11;7;7040402;2020;9;18;5;3;2;6;0;0;1;0;0;0;0;0;796519,7262;5822543,151;13,36644601;52,47233715
28375;6109;11;10;10010206;2020;11;10;2;3;3;6;0;0;1;0;0;1;0;0;808653,6259;5832803,798;13,5540425;52,55757088
28376;6110;11;1;1011105;2020;6;12;2;3;2;3;0;1;1;0;0;0;0;0;796423,3916;5826338,466;13,36840787;52,50641097
28377;6112;11;3;3061429;2020;2;16;6;2;6;7;1;0;1;1;0;0;0;1;801032,9215;5830581,12;13,43995929;52,54191486
28378;6113;11;3;3020209;2020;9;6;5;3;0;1;0;1;0;0;0;1;0;1;798255,044;5835061,364;13,40314735;52,58360143
28379;6114;11;9;9010101;2020;7;10;6;3;6;2;0;0;1;1;0;0;0;0;802597,8971;5825088,009;13,45796957;52,49181377
28380;6115;11;4;4020310;2020;2;14;6;3;2;6;0;0;1;0;0;0;0;0;790463,5411;5827587,468;13,28193667;52,52081411
28381;6116;11;4;4030623;2020;10;8;5;3;5;2;0;1;1;0;0;0;0;0;792843,2516;5826759,567;13,31618129;52,51211948
28382;6117;11;3;3061332;2020;12;13;3;3;5;2;0;1;1;0;0;0;0;1;799993,027;5830194,711;13,42432269;52,53902487
28383;6118;11;12;12103218;2020;8;19;6;3;0;6;0;0;0;0;1;0;1;0;794593,7733;5833807,091;13,34815156;52,57435276
28384;6119;11;7;7020202;2020;7;15;3;3;2;6;0;0;1;0;0;0;0;0;794647,3326;5823129,352;13,33947784;52,47860531
28385;6120;11;1;1011102;2020;5;15;1;3;6;4;0;1;0;1;0;0;0;0;794652,1879;5827072,834;13,34303739;52,51395356
28386;6121;11;8;8010510;2020;10;6;4;3;3;6;2;0;1;0;0;1;0;1;802556,15;5821897,595;13,45446203;52,46324114
28387;6122;11;4;4020310;2020;2;14;6;3;2;6;0;0;1;0;0;1;0;0;790485,1438;5827585,257;13,28225223;52,52078278
28388;6123;11;2;2050602;2020;9;16;1;3;5;2;0;1;1;0;0;0;0;0;802593,0379;5827701,426;13,46027317;52,51524039
28389;6124;11;1;1011303;2020;11;18;2;3;2;6;2;0;1;0;1;0;0;0;799762,8545;5828628,915;13,41952707;52,5251167
28390;6125;11;7;7030303;2020;5;7;3;2;3;6;0;0;1;0;1;0;0;0;795200,6941;5822904,058;13,34740269;52,47628688
28391;6126;11;12;12103115;2020;8;11;5;3;1;7;0;1;1;0;0;0;0;0;795406,7897;5833600,274;13,35992957;52,57205816
28392;6127;11;3;3061332;2020;6;16;7;3;3;6;0;1;0;0;0;0;0;1;799504,0076;5830293,648;13,41722309;52,54018067
28393;6128;11;4;4010101;2020;2;9;6;2;2;6;0;0;1;0;0;0;0;0;791234,2949;5829709,128;13,29512297;52,53942345
28394;6129;11;9;9010302;2020;10;15;6;3;2;6;0;0;1;0;0;0;0;0;802804,1813;5821449,978;13,4576957;52,45909175
28395;6130;11;5;5040936;2020;12;12;5;3;5;3;0;1;1;0;0;0;0;0;780171,337;5822272,627;13,1261759;52,4785428
28396;6132;11;2;2050602;2020;2;7;6;3;6;4;1;0;0;1;0;1;0;0;803458,5652;5827597,133;13,4728939;52,51382477
28397;6133;11;7;7040403;2020;9;21;5;3;0;1;2;1;0;0;0;0;0;0;797836,1418;5822229,156;13,38548922;52,46880637
28398;6134;11;7;7020203;2020;7;20;7;3;2;6;0;0;1;0;0;0;0;0;795590,3354;5823886,453;13,35399388;52,48488257
28399;6135;11;3;3061434;2020;2;8;5;3;0;1;0;1;0;0;0;0;0;0;800733,9399;5829842,977;13,43489589;52,53546384
28400;6136;11;7;7050501;2020;10;16;5;3;3;2;0;0;1;0;0;1;0;1;797772,7774;5818918,291;13,38160688;52,43916249
28401;6137;11;3;3061131;2020;12;13;4;3;0;2;0;1;1;0;0;0;0;1;799165,6644;5830374,971;13,41232236;52,54109545
28402;6138;11;3;3061332;2020;5;10;2;3;2;6;0;0;1;0;0;0;1;1;799586,4703;5830277,842;13,4184211;52,53999366
28403;6139;11;4;4041137;2020;8;22;7;3;3;6;2;0;1;0;1;0;0;0;791343,2243;5824556,019;13,29221212;52,49316809
28404;6140;11;6;6010102;2020;7;9;5;3;2;6;0;0;1;0;0;1;0;0;793582,7693;5820439,5;13,32148119;52,45506508
28405;6141;11;10;10010204;2020;6;17;2;3;8;7;0;0;1;0;0;0;0;0;808860,1315;5833292,602;13,55753381;52,5618343
28406;6142;11;6;6030503;2020;10;12;4;3;5;3;0;0;1;0;1;0;0;0;790159,606;5818288,656;13,26937764;52,43761016
28407;6143;11;7;7050501;2020;2;22;5;3;3;6;2;0;1;0;0;0;0;1;797699,285;5818766,986;13,38039414;52,43784621
28408;6144;11;11;11030721;2020;9;17;2;3;2;6;0;0;1;0;1;0;0;0;804220,3564;5827520,229;13,48401487;52,51271117
28409;6145;11;3;3061332;2020;11;17;3;3;3;6;2;1;0;0;0;0;0;1;799997,7962;5830192,412;13,42439072;52,53900163
28410;6146;11;12;12214125;2020;5;17;2;3;2;6;0;0;1;0;0;0;0;0;792115,5098;5832453,562;13,31049381;52,56355473
28411;6147;11;7;7050502;2020;8;20;7;3;5;2;2;0;1;0;0;0;1;0;797649,9287;5818636,165;13,37955371;52,43670039
28412;6148;11;12;12103115;2020;6;12;1;3;5;2;0;0;1;0;0;0;0;0;795336,5269;5833744,859;13,35902459;52,57339236
28413;6149;11;11;11041022;2020;2;19;5;3;2;6;2;0;1;0;0;0;0;1;805652,6283;5827389,882;13,5049352;52,51074229
28414;6150;11;1;1011104;2020;10;7;7;3;0;7;1;0;0;0;0;0;1;0;796299,6408;5826040,51;13,36632474;52,50380729
28415;6151;11;3;3020307;2020;12;12;6;3;2;6;0;0;1;0;0;0;0;0;801129,8059;5837227,466;13,44741844;52,60143269
28416;6152;11;1;1011102;2020;8;16;3;3;5;3;0;1;0;0;0;0;0;0;794756,7142;5827091,029;13,34458936;52,51406019
28417;6153;11;3;3061131;2020;7;15;5;3;6;4;0;0;1;1;0;0;0;0;799141,7968;5830375,055;13,41197156;52,54110932
28418;6154;11;9;9010402;2020;2;14;5;3;2;7;0;0;1;0;0;0;1;0;807005,3803;5818242,375;13,51638888;52,42800047
28419;6155;11;3;3020209;2020;10;14;6;3;5;3;0;1;1;0;0;0;0;0;798165,5959;5836120,966;13,40278466;52,59314822
28420;6157;11;6;6040703;2020;2;7;5;3;1;5;0;0;1;0;0;0;0;0;786141,6976;5816761,895;13,20912641;52,4260382
28421;6158;11;7;7040403;2020;9;15;4;3;0;1;0;1;1;0;0;0;0;0;797860,6941;5821848,842;13,3855101;52,46538389
28422;6159;11;3;3020209;2020;11;8;2;3;5;2;0;1;1;0;0;0;0;1;798174,9363;5836311,752;13,40309391;52,5948532
28423;6160;11;11;11041022;2020;9;16;1;3;1;5;0;1;1;0;0;0;0;0;805916,9889;5827366,286;13,50879675;52,51038263
28424;6161;11;2;2010101;2020;5;14;2;3;2;6;0;0;1;0;0;0;0;1;797042,2341;5825857,957;13,37707022;52,50176714
28425;6162;11;3;3040513;2020;8;19;1;2;2;6;0;0;1;0;0;0;0;0;798038,4809;5833884,859;13,39890275;52,57317443
28426;6163;11;4;4020209;2020;6;8;3;3;2;6;0;0;1;0;0;0;1;0;789286,7458;5824063,708;13,261579;52,48984819
28427;6164;11;11;11030721;2020;2;15;5;3;0;7;0;1;0;0;0;0;0;1;804462,5519;5827510,153;13,48756356;52,51248573
28428;6165;11;3;3020203;2020;9;14;2;2;5;2;0;0;1;0;0;0;0;0;797157,558;5838898,209;13,39044086;52,61859411
28429;6166;11;4;7030303;2020;12;14;4;3;2;6;0;0;1;0;0;0;0;1;795122,709;5823001,337;13,34634389;52,47720106
28430;6167;11;3;3061434;2020;8;9;3;3;3;6;0;1;1;0;0;0;0;0;800794,634;5829800,785;13,43574984;52,53505218
28431;6168;11;1;1011304;2020;6;12;5;3;5;3;0;1;1;0;0;0;0;0;800018,771;5828097,368;13,42280846;52,5202115
28432;6170;11;7;7020203;2020;2;18;4;3;3;6;1;1;1;0;0;0;0;0;795489,622;5823826,685;13,35246206;52,48440131
28433;6171;11;11;11030721;2020;11;18;2;3;1;5;2;1;1;0;0;0;0;0;804939,4011;5827462,089;13,49452447;52,51178859
28434;6172;11;3;3020209;2020;9;5;2;3;5;3;1;0;1;0;1;0;0;0;798007,4719;5834166,159;13,39869935;52,57571287
28435;6173;11;10;10030726;2020;8;14;7;3;5;3;0;1;1;0;0;0;0;0;809483,6705;5827409,673;13,56122514;52,50875978
28436;6174;11;6;6030503;2020;2;10;4;3;2;6;0;0;1;0;0;1;0;0;790347,6449;5818399,577;13,27223243;52,43850481
28437;6175;11;7;7030301;2020;10;5;5;3;0;1;2;0;0;0;0;0;1;1;794863,3884;5823136,33;13,3426561;52,47855126
28438;6176;11;7;7040402;2020;8;19;3;2;2;6;0;0;1;0;1;0;0;0;796433,3362;5822601,81;13,36523;52,47290986
28439;6177;11;2;2040703;2020;7;22;3;3;5;3;2;0;1;0;0;0;1;0;801880,6568;5826547,263;13,44876019;52,50529032
28440;6178;11;3;3061131;2020;6;16;5;3;3;6;0;1;1;0;0;0;0;1;799184,3172;5830906,828;13,4130756;52,54585249
28441;6179;11;7;7050502;2020;11;12;3;3;5;3;0;0;1;0;0;0;0;0;798178,1237;5818923,565;13,38755712;52,43898893
28442;6180;11;7;7050502;2020;2;13;4;3;3;6;0;1;1;0;0;0;0;0;798120,923;5818903,946;13,38670061;52,43884424
28443;6181;11;4;4030417;2020;9;18;4;3;2;6;1;0;1;0;0;0;0;0;791830,2511;5826610,759;13,3011661;52,51132837
28444;6182;11;4;4030622;2020;11;19;2;3;2;6;2;0;1;0;0;0;1;0;792724,2198;5826739,378;13,31441454;52,51200239
28445;6183;11;7;7040401;2020;6;11;7;3;5;2;0;1;1;0;0;0;0;0;797777,1999;5823829,952;13,38605339;52,48318785
28446;6184;11;1;1033203;2020;2;20;4;3;2;6;2;0;1;0;0;0;0;0;796309,9266;5830046,514;13,37004464;52,53971161
28447;6185;11;12;12214528;2020;9;9;4;3;2;6;0;0;1;0;0;0;0;0;789661,6267;5836598,48;13,27801696;52,60202508
28448;6186;11;11;11030721;2020;7;7;5;3;0;2;0;1;1;0;0;0;0;0;804512,3422;5827504,942;13,48829022;52,51241123
28449;6187;11;10;10040933;2020;2;12;3;3;5;2;0;0;1;0;1;0;0;0;813052,6664;5827191,03;13,61343583;52,50476436
28450;6188;11;1;1011303;2020;10;19;4;3;5;3;2;1;1;0;0;0;0;1;799785,7236;5828602,171;13,41983904;52,52486441
28451;6189;11;7;7020202;2020;12;3;6;3;8;1;2;0;1;0;0;0;0;1;794871,6267;5823147,091;13,34278656;52,47864327
28452;6190;11;9;9010101;2020;8;17;5;2;5;2;0;1;1;0;0;0;0;0;802598,713;5825089,018;13,45798247;52,49182236
28453;6191;11;4;4020208;2020;7;17;3;3;2;6;0;0;1;0;0;0;0;0;787898,8461;5825957,738;13,2428317;52,50756294
28454;6192;11;12;12103115;2020;5;11;6;3;5;2;0;1;0;0;0;1;0;0;795337,0886;5833744,657;13,35903268;52,57339024
28455;6193;11;7;7030303;2020;10;8;3;3;5;2;0;1;1;0;0;0;0;0;795573,439;5823307,799;13,35323275;52,47970452
28456;6194;11;10;10030727;2020;2;7;2;3;2;6;1;0;1;0;0;0;0;1;810152,0584;5827135,281;13,5707863;52,50592124
28457;6195;11;2;2040703;2020;9;18;1;2;6;4;0;1;0;1;0;0;0;0;801870,4238;5826513,821;13,44857956;52,50499623
28458;6196;11;5;5040936;2020;11;13;1;3;5;3;0;1;1;0;0;0;0;0;780179,2404;5822276,784;13,12629546;52,47857601
28459;6197;11;9;9020601;2020;5;15;2;3;2;6;0;0;1;0;0;1;0;0;806320,1538;5821431,556;13,50926568;52,45696739
28460;6198;11;12;12231101;2020;8;15;5;3;2;6;0;0;1;0;0;0;0;0;791801,1619;5839350,791;13,31194665;52,62555429
28461;6199;11;1;1022202;2020;6;14;6;3;2;6;0;0;1;0;0;0;0;0;796302,0915;5828817,728;13,368834;52,52870104
28462;6200;11;3;3010104;2020;2;5;2;3;3;6;2;0;1;0;0;1;0;1;800804,6586;5838727,149;13,44399519;52,6150543
28463;6201;11;11;11030721;2020;10;13;6;3;5;3;0;1;1;0;0;0;0;0;804101,3411;5827532,199;13,48227743;52,51288481
28464;6202;11;7;7030303;2020;12;16;3;3;2;6;2;0;0;0;1;0;1;0;796012,1208;5822728,448;13,35915914;52,4742735
28465;6203;11;12;12224230;2020;8;18;1;3;2;6;0;0;0;0;1;0;0;0;787565,2655;5837746,069;13,2481459;52,61342643
28466;6204;11;6;6030605;2020;6;6;2;3;0;6;0;1;1;0;0;0;0;0;792453,367;5819747,623;13,30430178;52,44946795
28467;6205;11;2;2050602;2020;2;23;1;3;5;3;2;0;1;0;0;0;0;1;802178,9385;5827719,46;13,45420571;52,51563161
28468;6206;11;12;12103218;2020;10;9;4;3;5;3;0;0;1;0;0;0;0;1;794481,3824;5834312,351;13,34694668;52,57894283
28469;6208;11;3;3071633;2020;2;1;1;2;0;1;2;1;0;0;0;0;0;0;800005,2537;5830251,989;13,42455414;52,53953153
28470;6209;11;6;6040703;2020;9;11;2;3;0;6;0;0;1;0;0;0;0;0;784937,7779;5816719,012;13,19143185;52,42628202
28471;6210;11;4;4030417;2020;11;16;7;3;6;2;1;0;1;1;0;0;0;0;791035,0475;5826459,682;13,28934954;52,51039883
28472;6211;11;7;7040403;2020;9;11;6;3;2;6;0;0;1;0;0;0;1;0;796843,8267;5822390,422;13,37106762;52,47079205
28473;6212;11;7;7020203;2020;2;18;1;3;0;5;2;1;1;0;0;0;0;1;795922,7651;5824392,642;13,35932457;52,48924008
28474;6213;11;7;7010104;2020;5;11;2;3;1;5;0;1;1;0;0;0;0;1;796017,8934;5825198,593;13,36143759;52,49641317
28475;6214;11;12;12103115;2020;8;18;6;3;0;1;1;1;0;0;0;0;0;0;795466,1523;5833442,144;13,36066207;52,57060846
28476;6215;11;1;1011303;2020;7;13;3;3;5;3;0;1;0;0;0;0;1;0;799785,4281;5828601,697;13,41983427;52,52486033
28477;6216;11;3;3061131;2020;6;18;2;2;1;1;0;1;1;0;0;0;0;0;799138,0654;5830659,432;13,41217277;52,54366036
28478;6217;11;9;9020601;2020;2;13;7;3;0;7;0;1;0;0;0;0;0;0;806285,0091;5821467,267;13,50878282;52,45730714
28479;6218;11;1;1011303;2020;9;20;6;3;1;5;2;1;1;0;0;0;0;0;799625,6178;5828394,317;13,41729891;52,52308934
28480;6219;11;12;12103115;2020;12;15;2;3;3;6;0;0;1;0;0;0;0;1;795353,5761;5833716,872;13,35925051;52,57313223
28481;6220;11;7;7020203;2020;6;15;4;3;6;7;0;0;1;1;0;0;0;0;795834,2565;5824244,668;13,35789346;52,48796158
28482;6222;11;2;2050602;2020;2;20;7;3;2;6;2;0;1;0;0;0;0;0;802057,5819;5827999,899;13,45267735;52,51821241
28483;6223;11;3;3040818;2020;11;11;6;3;5;2;0;1;0;0;0;0;1;0;800073,648;5833830,777;13,42879465;52,57157148
28484;6224;11;2;2050601;2020;9;10;7;3;2;6;0;0;1;0;0;0;0;1;801657,1478;5828866,352;13,44757965;52,52620013
28485;6225;11;2;2050802;2020;7;18;5;3;3;6;0;1;1;0;0;0;0;0;802117,3446;5827414,993;13,45302435;52,51293679
28486;6226;11;7;7040406;2020;8;9;2;3;2;6;0;0;1;0;0;0;0;0;799715,6309;5821476,136;13,41239863;52,46102878
28487;6227;11;1;1044102;2020;7;7;4;2;5;3;0;1;1;0;0;0;0;0;795861,6203;5832069,753;13,36525638;52,55809156
28488;6228;11;4;4030417;2020;2;19;7;3;2;6;2;0;1;0;0;0;0;0;790797,8333;5826467,156;13,28587058;52,51059234
28489;6229;11;7;7030303;2020;10;16;5;3;5;2;0;0;1;0;1;0;0;0;795623,0338;5823231,095;13,35389289;52,47899009
28490;6231;11;7;7050506;2020;2;18;7;3;0;5;2;0;1;0;0;0;1;0;799071,1636;5816704,394;13,39867129;52,41860914
28491;6232;11;7;7050502;2020;9;16;3;3;6;2;0;0;1;1;0;0;0;0;798473,3995;5818139,65;13,39118822;52,43180095
28492;6233;11;10;10030726;2020;11;15;1;2;9;1;0;0;1;0;0;0;0;0;808757,9014;5827439,61;13,55059309;52,5094393
28493;6234;11;7;7020202;2020;9;17;6;3;6;4;0;0;1;1;0;0;0;0;795290,8113;5823490,822;13,34924531;52,48149809
28494;6235;11;2;2010101;2020;5;14;1;3;2;6;0;0;1;0;0;0;0;0;797886,6192;5825489,149;13,38914318;52,49800092
28495;6236;11;10;10040830;2020;8;18;7;2;6;3;0;0;1;1;0;0;0;0;811376,5325;5827109,535;13,58874484;52,50499313
28496;6237;11;1;1011303;2020;6;16;3;3;2;2;0;0;1;0;1;0;0;0;799098,801;5827679,767;13,40891472;52,51697369
28497;6238;11;4;4020314;2020;2;15;7;3;2;6;0;0;1;0;0;0;0;0;790000,5673;5825132,42;13,27299315;52,49905066
28498;6239;11;4;4020208;2020;9;16;1;3;5;2;0;1;1;0;0;0;0;0;788942,2603;5826126,323;13,25830901;52,50852274
28499;6240;11;4;4020311;2020;12;7;2;3;3;6;0;1;1;0;0;0;0;0;789288,6906;5826180,208;13,26344604;52,50882222
28500;6241;11;12;12103218;2020;6;10;4;3;2;7;0;0;1;0;1;0;0;0;794393,6104;5834473,057;13,34579782;52,58043092
28501;6243;11;12;12301203;2020;2;14;7;3;6;4;0;0;1;1;0;0;0;0;793540,9093;5835849,624;13,33446914;52,5932316
28502;6244;11;3;3020307;2020;11;9;2;2;2;6;0;0;1;0;0;0;1;0;801215,1119;5837821,463;13,44921473;52,60670939
28503;6245;11;10;10010308;2020;9;21;1;3;0;1;1;1;0;0;0;0;0;0;808319,5137;5827572,416;13,54427708;52,51087742
28504;6246;11;1;1011204;2020;7;18;6;3;2;6;0;0;1;0;1;0;0;0;798628,4904;5827030,193;13,40142133;52,51140887
28505;6247;11;1;1011303;2020;2;19;6;3;5;3;2;1;0;0;0;0;1;0;799042,763;5827538,306;13,40796419;52,51573643
28506;6248;11;1;1033203;2020;10;7;4;3;6;2;0;0;1;1;0;0;0;1;796287,1623;5830281,426;13,36991946;52,54182973
28507;6249;11;2;2040703;2020;8;10;3;2;0;1;0;1;0;0;0;0;0;1;801870,6806;5826514,66;13,4485841;52,50500361
28508;6250;11;6;6040701;2020;7;11;1;3;8;1;0;1;0;0;0;0;0;0;783529,4653;5816031,259;13,17019237;52,42084693
28509;6251;11;4;4020313;2020;6;17;4;3;2;6;0;0;1;0;0;0;0;0;790514,5807;5826393,373;13,28164418;52,5100818
28510;6252;11;3;3061434;2020;11;11;2;3;2;2;0;0;1;0;0;0;0;0;800604,1277;5829900,842;13,43304013;52,53605411
28511;6253;11;4;4010101;2020;2;21;6;3;2;6;2;0;1;0;0;0;0;0;791243,6923;5829792,724;13,29533442;52,54016785
28512;6254;11;1;1011105;2020;9;11;4;3;2;6;0;0;1;0;0;0;0;0;796794,958;5826674,512;13,37416596;52,50922127
28513;6255;11;2;2040503;2020;11;1;7;2;0;1;2;1;0;0;0;0;0;0;801994,215;5827747,224;13,45151696;52,51598277
28514;6256;11;3;3061228;2020;6;6;6;3;0;5;0;1;1;0;0;0;0;0;800261,5555;5831396,339;13,4293563;52,54964748
28515;6257;11;2;2040703;2020;2;15;6;3;0;2;0;1;1;0;0;0;0;0;801844,5579;5826439,501;13,44813226;52,5043444
28516;6258;11;2;2050602;2020;9;7;3;3;5;3;0;1;1;0;0;0;0;0;803086,6172;5827634,376;13,46746353;52,51436538
28517;6259;11;3;3050925;2020;7;9;5;3;2;6;0;0;1;0;0;0;0;0;802349,0785;5831608,831;13,46024313;52,55039741
28518;6260;11;4;4020313;2020;2;20;5;2;6;4;2;0;0;1;0;0;1;0;790526,7086;5826376,81;13,28180793;52,50992685
28519;6261;11;1;1011303;2020;10;15;4;2;2;2;0;0;1;0;0;1;0;1;799762,9284;5828629,045;13,41952827;52,52511783
28520;6262;11;4;4020314;2020;12;19;4;3;3;6;2;0;1;0;0;0;0;1;790130,959;5825295,222;13,27505042;52,5004409
28521;6263;11;7;7020203;2020;8;18;4;3;0;5;0;1;1;0;0;0;0;0;795657,4296;5823972,894;13,35505574;52,48562113
28522;6264;11;9;9020601;2020;7;11;2;3;5;3;0;1;0;0;0;0;1;0;805470,8934;5822245,701;13,49755082;52,4647395
28523;6265;11;3;3050920;2020;5;16;5;3;0;6;0;0;1;0;1;0;0;0;802827,4357;5832111,083;13,46773464;52,55463327
28524;6266;11;10;10010204;2020;10;9;2;3;5;3;0;0;1;0;0;0;0;1;808903,356;5833412,582;13,55828112;52,562885
28525;6268;11;7;7040403;2020;2;19;5;3;6;4;2;0;0;1;1;0;0;0;797867,7196;5820522,673;13,38442991;52,4534924
28526;6269;11;9;9010301;2020;9;13;6;3;5;3;0;1;1;0;0;0;0;0;805153,8118;5822562,931;13,493188;52,46775987
28527;6270;11;1;1011102;2020;11;18;4;3;6;4;2;1;0;1;0;0;0;0;795303,6978;5827198,697;13,35272196;52,51472948
28528;6271;11;10;10030726;2020;5;15;7;3;0;1;0;0;0;0;1;0;0;1;808943,2414;5827441,019;13,55331664;52,509347
28529;6272;11;9;9010101;2020;8;16;4;3;2;6;0;0;1;0;0;0;0;1;802588,936;5825103,428;13,45785199;52,49195694
28530;6273;11;11;11030721;2020;6;7;6;3;3;6;0;0;1;0;0;1;0;0;804463,723;5827510,03;13,48758066;52,51248397
28531;6274;11;4;4020209;2020;2;18;5;3;2;6;2;0;1;0;0;0;0;0;789290,9525;5824069,89;13,26164615;52,48990138
28532;6275;11;11;11030721;2020;10;8;5;3;5;3;0;1;1;0;0;0;0;0;804101,3411;5827532,199;13,48227743;52,51288481
28533;6276;11;1;1033203;2020;12;14;3;3;3;6;0;0;1;0;0;0;0;0;796172,047;5829900,93;13,36788782;52,53848155
28534;6277;11;7;7030303;2020;8;9;6;3;9;1;0;0;0;0;1;0;0;0;795690,544;5823002,656;13,35468149;52,47690575
28535;6278;11;6;6040703;2020;6;16;2;2;1;1;0;0;1;0;0;0;0;0;784373,463;5815852,831;13,18241851;52,41880914
28536;6279;11;2;2050601;2020;2;11;5;3;1;5;0;1;1;0;0;0;0;0;802004,3829;5828158,157;13,45203937;52,51966034
28537;6280;11;2;2050802;2020;10;18;2;3;6;7;1;1;0;1;0;0;0;0;802001,5321;5827007,525;13,45095321;52,50934877
28538;6282;11;2;2010101;2020;2;14;4;3;5;3;0;0;1;0;0;1;0;0;797032,1399;5825874,043;13,3769363;52,50191683
28539;6283;11;7;7050502;2020;11;4;6;3;0;6;2;0;1;0;1;0;0;0;798406,2138;5818362,342;13,39040167;52,43383378
28540;6284;11;3;3020209;2020;9;2;5;3;6;2;2;0;1;1;0;0;0;1;797966,8243;5834632,587;13,39852053;52,57991599
28541;6285;11;4;4030623;2020;2;15;4;3;2;6;0;1;0;0;0;0;0;0;793567,0537;5826903,085;13,32694291;52,51301699
28542;6286;11;3;3020209;2020;5;15;6;3;5;3;0;1;1;0;0;0;0;0;798142,399;5836680,173;13,40294667;52,59817338
28543;6287;11;2;2010101;2020;8;18;5;3;1;5;0;1;1;0;0;0;0;0;797797,6293;5825523,137;13,38786655;52,49835415
28544;6288;11;1;1033203;2020;7;18;1;3;2;6;0;0;1;0;1;0;0;0;796184,661;5830195,038;13,36833544;52,54111107
28545;6289;11;1;1033203;2020;6;17;1;3;5;3;0;0;1;0;0;1;0;0;796061,1652;5829783,884;13,36615343;52,5374926
28546;6290;11;3;3051017;2020;2;4;4;3;4;7;2;0;1;0;0;0;0;1;802851,164;5833019,604;13,46891256;52,56276292
28547;6291;11;3;3061332;2020;9;11;5;3;6;2;0;0;1;1;0;0;0;0;799800,2615;5830236,568;13,42152674;52,53950613
28548;6292;11;12;12214125;2020;12;6;7;3;0;1;2;0;0;0;0;0;1;0;792077,6809;5832565,842;13,31003616;52,56458158
28549;6293;11;7;7010104;2020;6;20;3;3;1;5;0;1;1;0;0;0;0;0;796008,3116;5824687,167;13,36084245;52,49183387
28550;6295;11;8;8020620;2020;2;19;4;3;3;6;2;0;1;0;0;1;0;0;800683,1641;5821573,745;13,42668443;52,46137219
28551;6296;11;2;2050602;2020;9;15;6;3;0;6;0;1;0;0;0;0;0;0;802347,2142;5827710,788;13,45667011;52,51546062
28552;6297;11;2;2050602;2020;7;14;3;3;5;2;0;0;1;0;0;0;0;0;802584,4144;5827702,34;13,46014731;52,51525337
28553;6298;11;11;11030721;2020;2;20;4;2;5;2;2;1;1;0;0;0;0;0;804509,3945;5827505,235;13,48824719;52,5124155
28554;6299;11;1;1033203;2020;10;13;6;3;5;3;0;1;0;0;0;0;1;0;796272,1631;5830254,398;13,36967484;52,5415956
28555;6300;11;7;7050502;2020;8;8;2;3;2;6;0;0;1;0;0;0;0;0;798183,1228;5818974,615;13,38767599;52,43944381
28556;6301;11;4;4010101;2020;7;14;6;3;2;6;0;0;1;0;0;0;0;1;791083,298;5829202,063;13,29245869;52,53495834
28557;6302;11;4;4020311;2020;6;10;3;3;4;6;0;1;0;0;0;0;0;0;789827,6942;5826250,958;13,27142735;52,50917041
28558;6303;11;12;12301205;2020;10;9;6;3;5;3;0;0;1;0;0;0;0;1;792365,1173;5837743,881;13,31883393;52,610846
28559;6304;11;2;2040503;2020;2;17;4;3;2;6;1;0;1;0;0;1;0;0;801532,956;5827794,636;13,44478303;52,51666293
28560;6305;11;3;3020209;2020;9;18;3;3;0;1;0;1;1;0;0;0;0;0;797961,1846;5834625,478;13,39843115;52,57985536
28561;6306;11;1;1044201;2020;11;19;5;3;2;6;2;1;0;0;0;0;1;1;796078,2235;5831266,448;13,36772568;52,55077303
28562;6307;11;6;6030605;2020;6;16;4;3;1;1;0;1;1;0;0;0;0;0;791796,3365;5819328,684;13,29429524;52,44606325
28563;6308;11;5;5020524;2020;8;17;1;3;5;2;1;1;1;0;0;0;0;1;783517,187;5826715,15;13,17909154;52,51664897
28564;6309;11;11;11030721;2020;6;16;3;3;5;3;0;1;1;0;0;0;0;0;804234,7474;5827533,31;13,48423823;52,51282038
28565;6310;11;2;2020202;2020;2;10;4;3;2;2;0;1;0;0;0;1;0;0;797898,7256;5825430,732;13,38926875;52,49747068
28566;6311;11;9;9010201;2020;10;14;2;3;5;3;0;1;0;0;1;0;0;0;803365,9677;5824302,803;13,46853296;52,48434978
28567;6312;11;4;4020313;2020;12;14;7;3;2;6;0;0;1;0;0;0;1;0;790696,8215;5826341,294;13,28427643;52,50951783
28568;6313;11;12;12103219;2020;8;19;3;3;0;4;0;1;0;1;0;0;0;0;795719,9281;5832788,106;13,36381256;52,56460785
28569;6314;11;4;4041134;2020;7;13;6;3;2;6;0;0;1;0;0;0;0;0;790787,6775;5824828,243;13,28429004;52,49590485
28570;6315;11;7;7040401;2020;5;11;3;3;5;2;0;1;1;0;0;0;0;0;797766,6571;5824009,731;13,38605918;52,48480511
28571;6316;11;1;1022202;2020;2;6;4;3;0;7;2;1;0;0;0;0;0;1;796342,3335;5828861,678;13,36946465;52,52907314
28572;6317;11;7;7050502;2020;10;11;1;3;5;3;0;0;1;0;0;0;0;1;798180,5311;5818924,391;13,38759316;52,43899502
28573;6318;11;3;3020209;2020;8;7;2;3;0;1;0;1;0;0;0;0;0;0;798298,5211;5834946,965;13,40368418;52,58255218
28574;6319;11;8;8020619;2020;7;16;7;3;2;6;0;0;1;0;0;0;0;0;801437,184;5821746,619;13,43790518;52,46250632