;OBJECTID;LAND;BEZ;LOR;UJAHR;UMONAT;USTUNDE;UWOCHENTAG;UKATEGORIE;UART;UTYP1;ULICHTVERH;IstRad;IstPKW;IstFuss;IstKrad;IstGkfz;IstSonstige;USTRZUSTAND;LINREFX;LINREFY;XGCSWGS84;YGCSWGS84
28575;6320;11;6;6040703;2020;6;18;3;3;2;6;0;0;1;0;1;0;0;0;785277,9733;5816278,933;13,19604624;52,42215891
28576;6321;11;2;2040701;2020;11;12;1;3;2;6;0;0;1;0;0;0;0;0;800479,9979;5827931,523;13,42943589;52,51847103
28577;6322;11;7;7050501;2020;2;6;4;3;0;1;1;0;0;0;1;0;0;1;797867,4354;5820441,986;13,38435378;52,45276928
28578;6323;11;4;4030622;2020;9;14;3;3;0;6;0;0;1;0;1;0;0;0;792170,5746;5826668,036;13,30621689;52,51165966
28579;6324;11;2;2010101;2020;11;21;6;3;5;3;2;0;1;0;0;0;0;0;797858,9566;5825502,686;13,388749;52,49813736
28580;6325;11;1;1011104;2020;6;15;5;3;2;6;0;0;1;0;0;0;0;0;796190,5324;5825800,644;13,3645086;52,50171635
28581;6326;11;7;7040403;2020;2;5;4;3;2;6;2;0;1;0;0;0;0;1;797607,1003;5822356,951;13,38224141;52,47007673
28582;6327;11;7;7010104;2020;8;15;2;3;2;6;0;0;1;0;0;0;0;0;796007,3343;5824856,638;13,36097866;52,49335356
28583;6328;11;6;6030605;2020;7;11;4;2;5;5;0;1;0;0;0;0;1;0;792432,4516;5819756,104;13,30400231;52,44955517
28584;6329;11;6;6040703;2020;6;22;3;3;3;6;1;0;1;0;0;0;0;0;784951,2952;5817461,446;13,19226276;52,4329318
28585;6330;11;7;7040401;2020;2;15;3;3;2;6;0;0;1;0;0;0;1;1;797833,1696;5822637,226;13,3858099;52,47246588
28586;6331;11;4;4041137;2020;10;14;3;3;2;6;0;0;1;0;0;0;0;0;791905,837;5824022,713;13,30000828;52,48808647
28587;6332;11;6;6030503;2020;12;18;3;3;1;5;2;0;1;0;0;0;0;1;790652,195;5818578,468;13,27685566;52,43994683
28588;6333;11;1;1011204;2020;8;6;4;3;2;6;0;0;1;0;0;0;1;0;798626,9428;5827029,467;13,40139794;52,51140321
28589;6334;11;3;3061131;2020;7;14;1;3;4;6;0;1;0;0;0;0;0;0;799151,6475;5830812,179;13,41251001;52,54502205
28590;6335;11;1;1011303;2020;5;13;5;3;2;6;0;0;1;0;1;0;0;0;799337,1806;5827958,131;13,41266773;52,51933802
28591;6336;11;9;9010101;2020;10;7;2;3;0;5;0;1;0;0;0;0;1;1;802774,499;5825363,329;13,46081296;52,49418352
28592;6338;11;4;4020311;2020;2;18;3;2;6;4;2;0;1;1;0;0;0;1;790146,7213;5826312,946;13,27616893;52,50955655
28593;6339;11;10;10030726;2020;9;18;5;3;5;2;0;1;1;0;0;0;0;0;808948,2401;5827441,17;13,5533902;52,50934552
28594;6340;11;7;7040402;2020;11;16;3;3;0;1;1;0;0;0;1;0;0;1;796593,3637;5822514,127;13,36750114;52,472037
28595;6341;11;3;3040614;2020;4;13;5;2;6;7;0;1;0;1;0;0;0;0;798136,2134;5833533,477;13,40002472;52,56997128
28596;6342;11;10;10010206;2020;8;22;3;2;6;4;2;0;1;1;0;0;0;0;808383,1703;5832162,35;13,54946988;52,5519756
28597;6343;11;4;4030417;2020;6;17;5;3;2;3;0;0;1;0;0;0;0;1;791564,5093;5826544,604;13,29720346;52,5108774
28598;6344;11;3;3061429;2020;5;17;1;3;5;2;0;1;1;0;0;0;0;0;801354,3753;5831008,106;13,44507229;52,54556428
28599;6345;11;11;11010101;2020;2;7;2;3;2;6;1;0;1;0;0;0;0;1;803721,9183;5834304,096;13,48289495;52,57379026
28600;6346;11;8;8020620;2020;9;23;4;3;3;6;2;0;1;0;0;1;0;0;801082,7556;5821681,712;13,43264554;52,46211993
28601;6347;11;7;7020203;2020;12;13;7;3;1;5;0;1;1;0;0;0;0;0;795955,2236;5824460,505;13,35986149;52,48983082
28602;6348;11;4;4030622;2020;8;16;5;3;2;6;0;0;1;0;1;0;0;0;792037,7833;5826645,36;13,30424582;52,51152749
28603;6349;11;4;4041134;2020;6;15;1;3;2;6;0;0;1;0;0;0;0;1;790877,5162;5824717,992;13,28551337;52,49486857
28604;6350;11;7;7070703;2020;10;16;2;3;0;7;0;1;0;0;0;0;0;0;799797,837;5813702,568;13,40663759;52,39130405
28605;6352;11;12;12103218;2020;2;11;2;3;2;7;0;0;1;0;0;0;0;1;794559,2233;5833801,451;13,3476382;52,5743209
28606;6353;11;1;1011102;2020;11;11;5;3;2;6;0;0;1;0;0;0;1;0;794924,311;5827119,957;13,34707758;52,51422892
28607;6354;11;1;1011201;2020;9;9;4;3;3;6;0;0;1;0;1;0;0;0;797628,254;5826829,25;13,38654639;52,51015433
28608;6355;11;1;1044102;2020;2;23;2;3;5;3;2;0;1;0;0;0;0;1;795879,0131;5832057,506;13,36550127;52,55797233
28609;6356;11;4;4010101;2020;10;10;7;3;3;6;0;0;1;0;0;1;0;1;790554,7849;5828682,347;13,28423437;52,53058111
28610;6357;11;12;12103115;2020;8;14;5;3;2;6;0;0;1;0;0;0;1;0;795407,8162;5833597,668;13,35994235;52,57203425
28611;6358;11;1;2040501;2020;7;14;5;3;2;6;0;0;1;0;0;0;0;0;799792,8707;5828678,848;13,42001319;52,52554777
28612;6359;11;7;7050501;2020;5;12;7;3;0;7;0;1;0;0;0;0;0;0;797781,5952;5818928,601;13,3817454;52,43925011
28613;6360;11;10;10010206;2020;6;13;6;3;5;3;0;1;1;0;0;0;0;1;808393,0949;5832184,52;13,54963639;52,55216867
28614;6361;11;7;7040405;2020;2;21;2;3;0;6;2;0;1;0;0;0;0;1;799358,6651;5821536,626;13,40721454;52,46176665
28615;6362;11;7;7050502;2020;9;16;5;2;2;6;0;0;1;0;0;0;0;0;798181,752;5818924,81;13,38761144;52,4389981
28616;6363;11;1;1011105;2020;12;8;5;3;2;6;0;0;1;0;0;0;0;0;796423,3916;5826338,466;13,36840787;52,50641097
28617;6364;11;7;7060604;2020;6;15;3;2;5;3;0;1;1;0;0;0;0;0;796367,8401;5815263,718;13,35776132;52,40716506
28618;6366;11;7;7030303;2020;2;18;2;2;0;6;2;0;1;0;1;0;0;1;795277,0708;5822464,107;13,34813448;52,47230172
28619;6367;11;3;3061126;2020;9;8;6;3;5;2;0;1;1;0;0;0;0;1;799220,6468;5831452,765;13,41410164;52,55072601
28620;6368;11;10;10030726;2020;7;19;2;3;0;1;0;0;0;0;1;0;0;1;809586,5456;5827356,392;13,56268656;52,50822393
28621;6369;11;2;2050602;2020;2;17;2;3;5;2;2;0;1;0;0;0;0;1;802149,2652;5827729,723;13,45377907;52,51574004
28622;6370;11;12;12103115;2020;10;19;6;3;5;3;2;0;1;0;1;0;0;1;795338,478;5833744,156;13,35905267;52,573385
28623;6371;11;12;12103115;2020;12;13;4;3;5;3;0;0;1;0;0;0;0;0;795337,7656;5833744,413;13,35904242;52,57338769
28624;6372;11;1;1033203;2020;8;21;1;2;0;1;2;1;0;0;0;0;0;0;796241,4174;5830245,098;13,36921452;52,54152896
28625;6373;11;7;7020202;2020;7;18;5;3;5;2;0;1;1;0;0;0;0;1;795242,2032;5823528,673;13,34856514;52,48186368
28626;6374;11;4;4020208;2020;5;17;6;2;6;2;0;0;1;1;0;0;0;0;786912,2364;5825812,397;13,22820963;52,50677964
28627;6375;11;4;4020311;2020;6;14;2;2;0;7;0;1;0;0;0;0;0;0;789557,6091;5826223,502;13,267435;52,50906769
28628;6376;11;6;6040703;2020;10;21;4;3;3;6;2;0;0;0;1;0;1;0;786174,488;5816756,933;13,20960309;52,42597656
28629;6377;11;12;12231101;2020;2;17;2;3;2;6;2;0;1;0;0;0;0;1;791740,5618;5839595,826;13,31127018;52,62778346
28630;6378;11;12;12301203;2020;9;16;2;3;5;7;0;0;1;0;1;0;0;0;794044,6095;5835115,755;13,34123226;52,58638094
28631;6379;11;4;4030622;2020;11;13;4;3;5;3;0;0;1;0;0;0;1;0;792738,7715;5826741,83;13,31463051;52,51201656
28632;6380;11;6;6040703;2020;6;10;4;3;2;6;0;0;1;0;0;0;0;0;787021,3993;5817178,488;13,2223862;52,42931254
28633;6381;11;9;9020601;2020;8;13;7;3;3;5;0;0;1;0;0;0;0;0;805510,0894;5822222,223;13,49810449;52,46450716
28634;6382;11;9;9020601;2020;6;10;3;3;5;2;0;1;1;0;0;0;0;0;806172,4542;5821581,029;13,50723581;52,45838978
28635;6383;11;4;4020310;2020;2;13;2;3;2;6;0;0;1;0;0;0;0;1;790461,9977;5828448,242;13,28266584;52,52853181
28636;6384;11;4;4020311;2020;10;15;1;3;1;5;0;1;1;0;0;0;0;0;789577,467;5826226,69;13,26772955;52,50908573
28637;6385;11;1;1011303;2020;12;9;6;3;0;6;0;1;1;0;0;0;0;0;799321,3535;5827971,732;13,41244741;52,51946862
28638;6386;11;12;12103219;2020;8;10;3;3;6;7;0;1;0;1;0;0;0;0;795638,3236;5833034,078;13,36283135;52,56685707
28639;6387;11;7;7040403;2020;7;16;5;3;2;6;0;0;1;0;0;0;0;0;797353,8468;5822327,451;13,37849781;52,46995021
28640;6388;11;7;7020202;2020;10;19;6;3;2;2;2;1;1;0;0;0;0;1;795342,8182;5823459,437;13,3499811;52,48118862
28641;6390;11;4;4030623;2020;2;12;2;3;2;6;0;0;1;0;0;0;0;1;793332,7363;5826863,522;13,32346507;52,51278839
28642;6391;11;4;4020314;2020;9;7;4;3;2;6;0;0;1;0;0;0;0;0;790534,4491;5825724,656;13,28135248;52,50407613
28643;6392;11;4;4020310;2020;11;5;2;3;3;6;2;0;1;0;1;0;0;1;790514,2054;5827426,214;13,28254045;52,51934148
28644;6393;11;1;1022202;2020;4;17;5;3;2;6;0;0;1;0;0;0;1;0;796309,4843;5828822,677;13,36894707;52,52874139
28645;6394;11;4;4020313;2020;8;17;2;3;2;6;0;0;1;0;1;0;0;1;790552,2891;5826399,701;13,28220377;52,51011845
28646;6395;11;9;9010202;2020;6;7;4;3;5;3;0;1;1;0;0;0;0;0;804106,561;5824366,79;13,47946399;52,48451132
28647;6396;11;4;4041133;2020;2;22;7;3;2;6;2;0;1;0;0;0;0;0;790572,3012;5825150,353;13,28140745;52,4989073
28648;6397;11;2;2050602;2020;9;16;3;3;5;3;0;1;1;0;0;0;0;0;802149,209;5827728,922;13,45377752;52,51573288
28649;6398;11;4;4020208;2020;12;18;5;3;6;2;2;0;1;1;0;0;0;0;788944,745;5826126,751;13,25834589;52,50852526
28650;6399;11;3;3061131;2020;8;17;3;3;3;6;0;1;0;0;0;0;0;0;799188,5827;5831268,203;13,41346386;52,54908931
28651;6400;11;2;2040503;2020;6;19;5;3;0;6;0;1;0;0;0;0;0;0;801765,1983;5827770,763;13,44817357;52,51632051
28652;6401;11;7;7020203;2020;10;12;7;3;2;2;0;0;1;0;0;0;0;0;795843,382;5824264,568;13,35804513;52,48813502
28653;6403;11;10;10040933;2020;2;17;7;3;5;3;2;0;1;0;0;0;0;1;812565,6565;5827167,065;13,60626152;52,5048288
28654;6404;11;2;2020203;2020;11;6;3;3;7;7;2;1;0;0;0;0;0;0;797763,3073;5824684,451;13,38661282;52,49085504
28655;6405;11;6;6040702;2020;2;12;7;3;2;6;0;0;1;0;0;0;0;1;785377,5745;5815877,384;13,19716447;52,41850661
28656;6406;11;1;1011303;2020;9;15;2;3;5;2;0;1;1;0;0;0;0;0;799792,1473;5828612,473;13,41994272;52,52495323
28657;6407;11;3;3061126;2020;8;1;1;3;6;4;2;1;0;1;0;0;0;0;799215,814;5831345,847;13,41393423;52,54977031
28658;6408;11;4;4010101;2020;10;16;5;3;3;6;0;0;1;0;0;1;0;1;790822,0257;5828970,763;13,28841519;52,53302423
28659;135646;11;6;6010103;2020;1;17;2;3;0;3;2;0;1;0;1;0;0;1;793524,4099;5821563,565;13,32161321;52,4651733
28660;135648;11;12;12302212;2020;1;15;3;3;2;6;0;0;1;0;0;0;0;1;792766,5415;5837456,155;13,32449086;52,60805063
28661;135649;11;11;11020411;2020;1;16;2;3;6;4;2;0;1;1;0;0;0;0;804924,1997;5832959,849;13,49934546;52,56107042
28662;135650;11;6;6040810;2020;1;13;4;3;6;4;0;0;1;1;0;0;0;1;792251,4489;5820900,22;13,30234785;52,45990886
28663;135651;11;8;8010301;2020;1;11;2;2;5;3;0;1;1;0;0;0;0;0;800556,3019;5825147,631;13,42804383;52,4934761
28664;135653;11;8;8010118;2020;1;9;2;3;0;5;0;1;1;0;0;0;0;0;800808,0187;5822107,184;13,42899738;52,4660849
28665;135655;11;12;12231101;2020;1;16;2;3;2;6;0;0;1;0;0;0;0;1;790719,2567;5837601,769;13,29447081;52,61045484
28666;135656;11;8;8010303;2020;1;17;2;3;6;7;2;1;0;1;0;0;0;0;801136,2378;5824078,346;13,43559394;52,4835722
28667;135658;11;8;8010404;2020;1;15;2;3;5;7;0;0;1;0;0;0;0;0;802490,4374;5823144,147;13,45462786;52,47445045
28668;135659;11;4;4041133;2020;1;9;4;2;0;7;0;0;1;0;0;0;0;1;790577,9879;5825065,937;13,28141733;52,49814748
28669;135660;11;1;1033102;2020;1;15;2;3;1;5;1;1;1;0;0;0;0;1;797524,623;5831282,019;13,38900893;52,55012451
28670;135661;11;9;9010401;2020;1;12;4;3;0;2;0;0;0;0;0;1;1;1;806287,1484;5820685,11;13,50809686;52,45029592
28671;135662;11;3;3030405;2020;1;15;2;3;5;2;0;0;1;0;0;0;0;0;803638,4592;5838997,091;13,48596975;52,61589783
28672;135663;11;10;10030724;2020;1;14;2;3;5;3;0;1;1;0;0;0;0;1;809638,4843;5828928,408;13,56491218;52,52228229
28673;135665;11;4;4030725;2020;1;14;2;3;0;6;0;0;1;0;0;0;1;0;791906,0562;5826103,825;13,30183536;52,50674323
28674;135666;11;10;10010308;2020;1;14;2;3;6;4;0;0;1;1;0;0;0;0;806489,0148;5829470,911;13,51913818;52,52892362
28675;135668;11;10;10010310;2020;1;14;2;3;5;3;0;0;1;0;0;0;0;0;809512,2422;5831408,743;13,56536699;52,54458174
28676;135669;11;1;1011304;2020;1;20;3;3;5;2;2;1;1;0;0;0;0;1;799584,3804;5828041,414;13,41637506;52,51994877
28677;135670;11;1;1022104;2020;1;12;2;3;2;6;0;0;1;0;0;0;0;1;793814,7599;5828491,555;13,33198564;52,52712339
28678;135671;11;3;3071633;2020;1;12;2;3;0;7;0;1;0;0;0;0;0;1;800363,892;5830255,116;13,42982909;52,53936201
28679;135673;11;6;6010206;2020;1;14;3;3;5;2;0;1;1;0;0;0;0;1;794736,452;5819893,244;13,33792833;52,44954729
28680;135674;11;8;8020620;2020;1;10;2;3;5;3;0;0;1;0;0;0;0;0;801116,217;5819585,725;13,43124676;52,44331442
28681;135676;11;6;6020303;2020;1;9;2;3;2;2;0;0;1;0;0;0;0;0;795353,4373;5818446,57;13,34570208;52,43624574
28682;135678;11;12;12224230;2020;1;9;2;2;5;2;0;1;1;0;0;0;0;1;787064,3837;5837764,214;13,24078429;52,61385391
28683;135680;11;4;4030417;2020;1;8;2;3;5;2;0;1;1;0;0;0;0;0;791183,6666;5826476,677;13,29154812;52,51047188
28684;135681;11;6;6040809;2020;1;8;2;3;6;2;1;0;1;1;0;0;0;0;791638,3098;5819636,553;13,29224547;52,44890762
28685;135682;11;2;2020204;2020;1;8;3;3;2;6;0;0;1;0;0;0;0;1;798309,959;5825486,366;13,39535837;52,49774474
28686;135683;11;6;6030504;2020;1;7;2;3;1;5;0;0;1;0;0;0;0;1;789905,0652;5816457,54;13,26405618;52,42132849
28687;135684;11;2;2020203;2020;1;19;1;3;4;7;2;0;1;0;0;0;1;1;797583,5959;5824019,429;13,38337995;52,48499184
28688;135686;11;9;9020601;2020;1;14;3;3;6;4;0;0;1;1;0;0;0;0;806432,5567;5821495,429;13,51097339;52,45747683
28689;135687;11;1;1011302;2020;1;23;1;3;0;1;2;1;0;0;0;0;0;1;798567,3088;5828386,852;13,40173997;52,52360296
28690;135688;11;1;2010101;2020;1;16;4;2;0;3;2;1;1;0;0;0;0;1;797047,1777;5826539,363;13,37775078;52,50787253
28691;135689;11;7;7050505;2020;1;12;1;2;0;1;0;1;0;0;0;0;0;1;798478,6565;5819036,329;13,39206592;52,43983579
28692;135691;11;2;2020203;2020;1;5;1;2;6;2;1;0;1;1;0;0;0;0;797837,9376;5824900,711;13,38790208;52,49275283
28693;135692;11;1;1011203;2020;1;2;1;3;5;3;2;0;1;0;0;0;0;1;797753,8523;5827446,858;13,3889442;52,51562189
28694;135693;11;4;4030725;2020;1;20;4;2;5;7;2;0;1;0;1;0;0;1;791874,9102;5826442,716;13,30167493;52,50979799
28695;135694;11;1;1044102;2020;1;0;1;3;5;3;2;0;1;0;0;0;0;0;794375,0942;5831806,539;13,34315883;52,55653765
28696;135695;11;1;1011301;2020;1;23;1;3;5;3;2;0;1;0;0;0;0;1;797545,738;5828727,833;13,38703224;52,52721788
28697;135696;11;1;1044103;2020;1;20;1;3;2;6;2;0;1;0;0;0;0;1;794667,9957;5830853,761;13,34662112;52,54783832
28698;135697;11;8;8010213;2020;1;18;1;3;5;3;1;1;1;0;0;0;0;0;801637,7356;5822641,53;13,4416571;52,47041694
28699;135698;11;4;4010102;2020;1;15;1;3;2;6;2;0;1;0;0;0;0;1;793093,7295;5830242,562;13,32293196;52,5432085
28700;135700;11;5;5010310;2020;1;13;3;3;6;7;0;0;1;1;0;0;0;0;784661,7819;5830711,042;13,19933651;52,5518799
28701;135701;11;4;4030931;2020;1;22;7;3;6;7;2;0;1;1;0;0;0;0;794317,5983;5826061,138;13,33722646;52,50506496
28702;135702;11;9;9020701;2020;1;6;4;3;5;2;2;0;1;0;0;0;1;1;808461,3969;5819063,976;13,53849359;52,43454484
28703;135703;11;5;5020627;2020;1;18;7;3;2;2;2;0;1;0;0;0;0;0;785957,4825;5828011,63;13,21607124;52,52699888
28704;135705;11;11;11030619;2020;1;18;7;3;2;6;2;0;1;0;0;0;0;1;803536,9935;5829748,635;13,47600965;52,53306446
28705;135707;11;6;6020301;2020;1;17;7;3;5;3;2;0;1;0;0;0;0;1;795874,8985;5818149,348;13,35308756;52,43329951
28706;135708;11;1;1044201;2020;1;17;7;3;5;3;2;1;1;0;0;0;0;1;796791,7665;5831445,735;13,37837871;52,55199183
28707;135711;11;4;4030623;2020;1;17;7;3;5;2;2;0;1;0;0;0;0;1;793814,8632;5826695,908;13,33040118;52,51102632
28708;135712;11;12;12214421;2020;1;16;7;3;6;2;2;0;1;1;0;0;0;1;793403,5558;5833188,578;13,3300916;52,56945112
28709;135714;11;1;1011401;2020;1;16;7;3;2;6;2;0;1;0;0;0;0;1;797446,749;5829211,685;13,38601028;52,53160905
28710;135715;11;12;12302107;2020;1;11;4;3;5;2;0;0;1;0;0;0;0;1;794403,3426;5836235,91;13,34750754;52,59622818
28711;135716;11;3;3040818;2020;1;14;7;3;2;6;0;0;1;0;0;0;0;1;799290,7807;5833423,253;13,41690993;52,56834972
28712;135717;11;1;1011301;2020;1;13;7;3;5;2;0;1;1;0;0;0;0;1;796861,9547;5828111,81;13,37643259;52,52206867
28713;135719;11;3;3030715;2020;1;13;7;3;5;2;0;0;1;0;0;0;0;1;800620,8601;5833656,705;13,43668688;52,56970931
28714;135721;11;1;1022101;2020;1;13;7;2;5;2;0;1;1;0;0;0;0;1;792741,964;5828277,876;13,31602915;52,52578496
28715;135722;11;7;7060604;2020;1;10;3;3;5;2;0;0;1;0;0;0;0;0;797986,4167;5815145,759;13,38138041;52,40522918
28716;135723;11;4;4051654;2020;1;11;7;3;0;4;0;1;0;1;0;0;0;1;793453,2439;5823892,525;13,32261791;52,48608982
28717;135724;11;7;7060604;2020;1;14;3;3;2;6;0;0;1;0;0;0;0;1;797299,9018;5815555,119;13,37168176;52,40927192
28718;135725;11;5;5030833;2020;1;7;7;3;0;2;1;0;1;0;1;0;0;1;789404,7597;5828682,434;13,26732852;52,53119369
28719;135726;11;1;1011303;2020;1;3;7;3;5;3;2;0;1;0;0;0;0;1;799503,9356;5828831,548;13,41590455;52,52707528
28720;135728;11;4;4030726;2020;1;0;7;2;5;2;2;0;1;0;0;0;1;1;792295,0628;5825364,356;13,30690143;52,49990578
28721;135730;11;10;10030727;2020;1;12;5;3;5;3;0;1;0;0;0;0;1;1;809603,3418;5825667,561;13,56136328;52,49307963
28722;135731;11;6;6010209;2020;1;13;6;3;2;6;0;0;1;0;0;0;0;1;794199,3142;5820914,39;13,33094695;52,45899075
28723;135732;11;8;8010509;2020;1;19;6;3;2;6;2;0;1;0;0;0;0;1;803936,7867;5822005,527;13,47481993;52,46344235
28724;135733;11;6;6020409;2020;1;12;6;3;0;1;0;1;0;0;0;0;0;1;793800,9423;5818453,863;13,32293653;52,43714727
28725;135734;11;1;1044101;2020;1;16;6;3;0;3;2;0;1;0;1;0;0;1;794828,6646;5831329,215;13,34940586;52,55201347
28726;135736;11;3;3040818;2020;1;14;3;3;1;5;0;1;1;0;0;0;0;1;798971,639;5832602,469;13,41147561;52,56116805
28727;135737;11;8;8010303;2020;1;15;6;3;5;3;1;0;1;0;0;0;0;1;801175,9623;5823929,034;13,43604226;52,48221197
28728;135738;11;3;3040508;2020;1;15;6;3;1;5;1;0;1;0;1;0;0;1;796518,086;5836937,007;13,37926536;52,60136373
28729;135740;11;3;3030715;2020;1;14;3;3;2;6;0;0;1;0;0;0;1;1;800497,4472;5832614,415;13,43392739;52,56043525
28730;135741;11;9;9051901;2020;1;15;6;3;5;2;0;0;1;0;0;0;1;1;810754,6052;5821389,62;13,57428085;52,45408851
28731;135742;11;4;4030623;2020;1;17;4;3;0;3;2;1;0;0;1;0;0;1;793134,3237;5827447,474;13,32106415;52,51812994
28732;135743;11;7;7010104;2020;1;14;6;3;5;3;0;0;1;0;0;0;0;1;796355,7063;5825090,36;13,36630284;52,49525963
28733;135744;11;5;5010312;2020;1;7;3;3;5;3;1;0;1;0;0;0;0;0;784832,6751;5830264,447;13,20146706;52,54778642
28734;135745;11;5;5010209;2020;1;13;6;2;2;6;0;0;1;0;0;0;0;1;783235,7987;5830277,76;13,17799172;52,54873843
28735;135746;11;4;4030620;2020;1;14;6;3;2;6;0;0;1;0;0;0;0;0;792471,613;5827178,727;13,31108903;52,51607653
28736;135747;11;9;9010401;2020;1;20;6;2;6;2;2;0;0;1;0;0;1;1;806317,2315;5820957,859;13,50878829;52,45272356
28737;135748;11;4;4030827;2020;1;19;6;2;6;2;2;0;1;1;0;0;0;1;792282,5712;5826503,087;13,30771764;52,51012094
28738;135750;11;6;6010206;2020;1;12;3;2;6;4;0;0;1;1;0;0;0;1;795051,9623;5819627,632;13,34232293;52,44699603
28739;135751;11;12;12214422;2020;1;20;6;2;5;3;2;0;1;0;0;0;1;1;792335,6222;5833919,748;13,31502415;52,57658034
28740;135752;11;7;7030301;2020;1;19;3;2;5;3;2;0;1;0;1;0;0;1;793501,7607;5822495,25;13,3221004;52,47353769
28741;135753;11;4;4020311;2020;1;5;4;3;5;3;2;0;1;0;0;0;0;1;789699,6057;5826756,691;13,26998554;52,51377245
28742;135754;11;2;2010104;2020;1;18;6;3;5;3;2;1;1;0;0;0;0;1;799574,9589;5825633,971;13,41406992;52,49837489
28743;135755;11;4;4041134;2020;1;18;6;3;5;3;2;1;1;0;0;0;0;1;790852,6642;5823648,673;13,28421498;52,4852953
28744;135756;11;5;5020523;2020;1;19;3;2;5;3;2;0;1;0;1;0;0;0;782546,4312;5827711,65;13,16567014;52,5260878
28745;135757;11;4;4051446;2020;1;14;4;3;2;6;0;0;1;0;0;0;0;1;792836,5727;5824337,555;13,31395329;52,49041049
28746;135758;11;8;8010214;2020;1;16;6;3;6;2;1;0;1;1;0;0;0;1;801808,5402;5821970,111;13,44355672;52,46430454
28747;135760;11;6;6020303;2020;1;17;6;3;2;2;2;0;1;0;0;0;0;1;795349,841;5818442,785;13,34564598;52,43621375
28748;135761;11;4;4020310;2020;1;17;6;3;6;2;2;0;1;1;0;0;0;1;789195,1732;5827534,69;13,26324921;52,52101512
28749;135763;11;2;2030302;2020;1;17;6;2;6;2;2;0;1;1;0;0;0;1;801155,4762;5825945,326;13,43756381;52,50029578
28750;135764;11;5;5010206;2020;1;17;6;3;6;4;2;0;1;1;0;0;0;1;782610,6427;5831004,979;13,1694157;52,5555836
28751;135766;11;11;11040925;2020;1;16;6;3;2;2;2;1;1;0;0;0;0;1;803410,4884;5826629,225;13,47130533;52,50517636
28752;135767;11;1;1011301;2020;1;18;3;3;0;1;2;1;0;0;0;0;0;1;797565,0545;5828635,257;13,38723329;52,52637751
28753;135768;11;1;1011305;2020;1;7;4;3;5;3;1;1;1;0;0;0;0;1;799130,3326;5827128,65;13,40888259;52,51201644
28754;135769;11;11;11020412;2020;1;23;6;3;5;2;2;0;1;0;0;0;0;1;805620,2672;5831776,594;13,50849248;52,55007556
28755;135770;11;8;8010213;2020;1;22;6;3;6;4;2;1;0;1;0;0;0;1;801227,0844;5822527,678;13,4355271;52,46962304
28756;135772;11;12;12214422;2020;1;22;6;2;6;4;2;0;1;1;0;0;0;1;792026,9163;5832941,126;13,30961972;52,56797309
28757;135774;11;8;8020619;2020;1;21;6;3;0;2;2;0;1;1;0;0;0;1;801548,2891;5820665,824;13,43855944;52,45275757
28758;135775;11;6;6030607;2020;1;20;6;2;5;3;2;1;1;0;0;0;0;1;791479,2838;5816159,202;13,28688045;52,41781763
28759;135777;11;1;1033101;2020;1;20;6;2;5;3;2;1;1;0;0;0;0;1;797416,7572;5831914,516;13,38798941;52,55585295
28760;135778;11;7;7030302;2020;1;17;3;3;5;3;2;1;1;0;0;0;0;1;794754,8266;5822325,191;13,34034536;52,47133847
28761;135779;11;2;2050802;2020;1;21;3;3;6;4;2;0;1;1;0;0;0;1;802509,9019;5827230,74;13,4586239;52,51106778
28762;135780;11;4;4051551;2020;1;13;6;3;5;2;0;0;1;0;0;0;0;0;793340,8062;5823072,392;13,32024515;52,47879804
28763;135781;11;3;3061430;2020;1;13;6;3;5;3;0;0;1;0;0;0;0;0;802655,8191;5829608,088;13,46293064;52,53229475
28764;135783;11;1;1033101;2020;1;15;2;3;5;2;0;0;1;0;0;0;0;1;796160,2119;5832270,463;13,3698271;52,5597284
28765;135784;11;5;5020417;2020;1;12;6;3;2;6;0;0;1;0;0;0;0;1;782756,8546;5828563,323;13,16948797;52,53361509
28766;135786;11;12;12214424;2020;1;18;4;3;5;7;2;0;1;0;1;0;0;1;793330,9425;5832799,935;13,32867961;52,5660063
28767;135787;11;3;3061332;2020;1;12;6;3;2;1;0;0;1;0;1;0;0;0;799330,3295;5831097,361;13,4153941;52,54748012
28768;135788;11;9;9051702;2020;1;11;6;3;5;2;0;1;1;0;0;0;0;1;814202,7274;5821333,061;13,62480513;52,45161072
28769;135790;11;3;3040614;2020;1;10;6;3;5;3;0;1;1;0;0;0;0;1;797971,2527;5833203,942;13,39730193;52,56710778
28770;135791;11;7;7040403;2020;1;8;3;3;6;2;0;0;1;1;0;0;0;1;797315,1229;5821550,368;13,37723705;52,46300552
28771;135792;11;7;7030301;2020;1;1;6;3;0;1;2;1;0;0;0;0;0;0;794162,8009;5822098,505;13,33145482;52,46962546
28772;135793;11;6;6040809;2020;1;15;5;3;6;4;1;0;1;1;0;0;0;0;791558,958;5820644,59;13,29196126;52,45798703
28773;135795;11;3;3061126;2020;1;18;2;3;0;1;2;0;0;0;1;0;0;1;798664,7952;5831793,72;13,40623481;52,55408722
28774;135796;11;8;8010211;2020;1;3;5;2;5;3;2;0;1;0;0;0;0;2;800439,8294;5823729,365;13,42505495;52,48082777