;OBJECTID;LAND;BEZ;LOR;UJAHR;UMONAT;USTUNDE;UWOCHENTAG;UKATEGORIE;UART;UTYP1;ULICHTVERH;IstRad;IstPKW;IstFuss;IstKrad;IstGkfz;IstSonstige;USTRZUSTAND;LINREFX;LINREFY;XGCSWGS84;YGCSWGS84
28775;135797;11;2;2020204;2020;1;17;3;3;5;3;2;1;1;0;0;0;0;1;798311,2811;5825326,64;13,39523474;52,49631228
28776;135798;11;6;6020409;2020;1;16;4;3;2;6;2;0;1;0;0;0;0;1;793820,9915;5817565,975;13,32245034;52,42917686
28777;135799;11;4;4030620;2020;1;14;5;2;3;6;0;0;1;0;1;1;0;0;792891,8214;5827366,141;13,31742888;52,51753112
28778;135800;11;10;10040933;2020;1;16;3;3;5;3;1;1;1;0;0;0;0;1;812641,2466;5825270,688;13,60559185;52,48779182
28779;135801;11;1;1033101;2020;1;13;5;3;5;2;0;0;1;0;0;0;0;0;796160,2119;5832270,463;13,3698271;52,5597284
28780;135802;11;9;9031202;2020;1;13;5;3;2;6;0;1;1;0;0;0;0;0;816867,7964;5811956,379;13,65501965;52,36605197
28781;135803;11;4;4041342;2020;1;12;5;3;6;2;0;0;1;1;0;0;0;0;792043,7518;5822453,91;13,30065945;52,4739486
28782;135804;11;3;3020307;2020;1;12;5;3;0;7;0;1;1;0;0;0;0;0;799960,5046;5838381,371;13,43125103;52,61242163
28783;135805;11;2;2050601;2020;1;11;5;3;3;2;0;1;1;0;0;0;0;0;801921,8004;5828874,732;13,45147645;52,52612874
28784;135806;11;4;4030726;2020;1;11;5;3;5;2;0;0;1;0;0;0;0;0;792285,3249;5825459,621;13,306842;52,50076503
28785;135807;11;12;12214421;2020;1;8;5;3;0;7;0;0;1;0;0;0;0;0;793426,2185;5833335,292;13,33055482;52,57075411
28786;135808;11;7;7070705;2020;1;8;5;3;5;3;0;0;1;0;0;0;0;0;798889,4013;5813352,802;13,39301555;52,38866514
28787;135810;11;3;3071536;2020;1;21;2;3;8;1;2;0;0;0;1;0;0;0;798785,6901;5830200,828;13,40657964;52,539743
28788;135811;11;7;7040401;2020;1;6;5;3;5;3;2;0;1;0;0;0;0;2;796838,3559;5822802,99;13,37135445;52,47449331
28789;135812;11;5;5010312;2020;1;7;4;3;2;6;0;0;1;0;0;0;0;1;785097,34;5830319,76;13,2054071;52,54814389
28790;135813;11;8;8020619;2020;1;3;5;3;5;3;2;0;1;0;0;0;0;1;801547,338;5820659,248;13,43853955;52,45269914
28791;135815;11;7;7040403;2020;1;22;5;2;0;1;2;0;1;0;0;0;0;1;797841,4059;5822205,097;13,38554501;52,46858784
28792;135817;11;7;7070702;2020;1;19;5;2;1;5;2;0;1;0;0;0;0;0;800451,3016;5815906,739;13,41818868;52,41070341
28793;135818;11;2;1011304;2020;1;18;5;2;6;4;2;0;1;1;0;0;0;0;800244,091;5828415,186;13,42640619;52,52293619
28794;135820;11;11;11040926;2020;1;18;5;3;5;3;2;0;1;0;0;0;1;0;805038,8293;5826225,467;13,49485202;52,50064978
28795;135821;11;6;6020306;2020;1;15;3;3;5;3;1;1;1;0;0;0;0;1;795683,0819;5816891,395;13,34916213;52,42212646
28796;135823;11;6;6010102;2020;1;17;5;2;0;6;2;0;1;0;0;0;1;0;793527,8876;5820672,535;13,3208807;52,45718363
28797;135824;11;3;3040614;2020;1;11;4;3;5;3;0;0;1;0;0;0;0;1;800030,692;5834667,93;13,42892024;52,57909874
28798;135825;11;1;1011105;2020;1;17;5;3;5;2;2;1;1;0;0;0;0;0;796635,518;5826670,283;13,37181979;52,50927008
28799;135826;11;1;1033102;2020;1;15;5;3;5;3;1;1;1;0;0;0;0;0;797176,5206;5831922,721;13,38446367;52,55605764
28800;135828;11;1;1022101;2020;1;15;5;3;2;2;0;0;1;0;0;0;0;0;793533,2148;5828161,605;13,32755617;52,52431722
28801;135829;11;2;2030301;2020;1;7;5;1;6;4;1;0;0;1;0;0;1;0;799933,6153;5826044,674;13,41970733;52,50185921
28802;135831;11;3;3071639;2020;1;13;4;3;6;4;0;0;1;1;0;0;0;0;800387,6409;5829060,801;13,42909883;52,52864396
28803;135832;11;3;3040512;2020;1;11;3;2;5;3;0;1;1;0;0;0;0;1;795720,354;5834977,34;13,36577131;52,58423188
28804;135833;11;11;11030721;2020;1;18;4;2;5;2;2;0;1;0;1;0;0;0;803688,9436;5828633,703;13,47722457;52,52298703
28805;135834;11;6;6040806;2020;1;21;4;3;5;2;2;1;1;0;0;0;0;0;789038,304;5819709,176;13,25415726;52,45093957
28806;135836;11;2;2010104;2020;1;13;4;1;5;2;0;1;0;0;0;1;0;1;799880,5362;5825708,867;13,41862533;52,4988784
28807;135837;11;8;8010211;2020;1;11;4;2;5;3;0;0;1;0;0;0;0;0;800445,2321;5823706,936;13,42511406;52,48062375
28808;135838;11;1;1044101;2020;1;3;4;3;5;2;2;0;1;0;0;0;0;1;794021,9633;5830177,867;13,33652295;52,54212844
28809;135840;11;8;8010211;2020;1;3;4;3;5;3;2;0;1;0;0;0;0;0;800440,3061;5823727,283;13,42506007;52,48080885
28810;135842;11;8;8020619;2020;1;2;4;3;5;3;2;0;1;0;0;0;0;0;801549,2591;5820662,845;13,43857098;52,45273033
28811;135843;11;4;4051446;2020;1;15;3;3;6;4;1;1;0;1;0;0;0;1;792678,673;5825314,625;13,31249276;52,49925435
28812;135844;11;3;3061332;2020;1;1;4;2;0;1;2;1;0;0;0;0;0;0;799283,2427;5830570,509;13,41422706;52,54278359
28813;135845;11;4;4030931;2020;1;7;3;3;1;5;0;1;1;0;0;0;0;1;794437,6929;5825791,426;13,33875222;52,50258237
28814;135849;11;1;1011302;2020;1;20;2;3;6;2;2;0;1;1;0;0;0;0;798654,8063;5828509,754;13,40313616;52,52465668
28815;135851;11;8;8010301;2020;1;19;2;3;1;5;2;1;1;0;0;0;0;0;800829,4615;5824291,893;13,43128267;52,48565539
28816;135853;11;6;6030503;2020;1;19;4;3;5;2;2;1;1;0;0;0;0;1;789520,39;5817749,822;13,25953386;52,43311804
28817;135860;11;6;6020305;2020;1;18;2;2;6;4;2;0;1;1;0;0;0;1;795476,6805;5817669,862;13,34682336;52,42921645
28818;135862;11;2;2020203;2020;1;6;4;3;5;2;2;1;1;0;0;0;0;1;797842,0201;5824926,67;13,38798524;52,49298331
28819;135867;11;7;7040402;2020;1;15;4;3;6;4;0;0;1;1;0;0;0;0;796462,2699;5821140,583;13,36435654;52,45979551
28820;135877;11;5;5010314;2020;1;8;4;3;0;5;0;0;0;0;0;0;1;1;784805,4172;5828910,932;13,19990576;52,53566511
28821;135886;11;1;1011402;2020;1;8;3;3;1;5;1;1;0;0;0;0;1;1;798765,6993;5829638,008;13,40577975;52,5347091
28822;135892;11;10;10010310;2020;1;21;5;2;9;1;2;0;0;0;0;0;1;1;808882,1525;5830203,666;13,55498479;52,53413976
28823;135897;11;6;6030609;2020;1;9;3;2;5;2;0;0;1;0;0;0;0;1;793162,5634;5818217,988;13,3133656;52,43537526
28824;135901;11;8;8041036;2020;1;18;2;2;5;2;2;0;1;0;1;0;0;1;804513,3181;5816073,297;13,47787614;52,40995205
28825;135903;11;8;8041037;2020;1;15;3;3;3;6;1;0;1;0;0;0;1;1;805535,0167;5818534,205;13,49509726;52,4314391
28826;135904;11;1;1011101;2020;1;17;4;3;1;5;2;1;1;0;0;0;0;1;794982,8128;5825966,883;13,34691531;52,5038608
28827;135906;11;12;12103117;2020;1;15;3;3;5;2;0;0;1;0;0;0;0;0;795782,2648;5832578,061;13,36454229;52,56269115
28828;135912;11;4;4010101;2020;1;7;3;3;6;2;2;0;1;1;0;0;0;1;790430,9832;5829171,923;13,28284224;52,53503614
28829;135913;11;1;1044202;2020;1;18;7;3;6;2;2;0;1;1;0;0;0;0;795619,638;5830518,501;13,36031619;52,54431746
28830;135914;11;12;12103117;2020;1;16;2;3;2;3;2;0;1;0;0;0;0;0;796376,9872;5832568,252;13,37328144;52,56227981
28831;135915;11;9;9020602;2020;1;12;6;3;1;5;0;0;1;0;0;0;0;1;807576,8675;5820205,128;13,52657352;52,44527016
28832;135916;11;6;6030608;2020;1;15;7;3;5;3;0;0;1;0;0;0;0;0;791788,6071;5817352,728;13,29245694;52,42835286
28833;135917;11;11;11030618;2020;1;10;6;3;5;2;0;1;1;0;0;0;0;0;803026,08;5829186,293;13,46798797;52,52830857
28834;135918;11;8;8010117;2020;1;7;5;3;5;2;2;1;1;0;0;0;0;0;800368,1483;5823327,176;13,42364032;52,47726221
28835;135919;11;9;9020602;2020;1;7;2;3;5;3;2;1;1;0;0;0;0;0;808401,501;5820867,075;13,53927934;52,4507381
28836;135920;11;2;2050802;2020;1;10;6;3;5;3;0;0;1;0;0;1;0;1;802790,3932;5827227,091;13,46274106;52,51087945
28837;135921;11;2;2030401;2020;1;18;3;3;1;5;2;1;1;0;0;0;0;0;800370,0857;5825520,382;13,42564532;52,49691971
28838;135922;11;6;6020410;2020;1;10;6;3;5;3;0;0;1;0;0;1;0;1;794328,9374;5816907,203;13,32931998;52,42299819
28839;135923;11;4;4051551;2020;1;18;7;3;8;1;2;0;1;0;0;0;0;0;793112,1776;5822994,043;13,31681949;52,47821843
28840;135924;11;2;2030301;2020;1;13;2;3;5;3;0;1;1;0;0;0;0;1;800392,9347;5826406,275;13,42677997;52,50484771
28841;135925;11;4;4051549;2020;1;10;6;2;0;1;0;1;0;0;0;0;0;1;792364,3482;5823728,465;13,30648369;52,48520324
28842;135926;11;5;5010314;2020;1;10;5;3;6;4;0;0;1;1;0;0;0;0;784786,7277;5828828,907;13,19956066;52,53493944
28843;135927;11;4;4051653;2020;1;18;4;3;6;4;2;1;0;1;0;0;0;0;794032,6535;5824450,598;13,33161864;52,49078094
28844;135928;11;6;6030610;2020;1;14;1;3;5;2;0;0;1;0;1;0;0;0;792582,617;5818208,848;13,3048509;52,43560385
28845;135929;11;3;3061131;2020;1;9;4;3;5;2;0;1;1;0;0;0;0;0;799171,1548;5830744,106;13,41273551;52,54440117
28846;135930;11;1;1011202;2020;1;15;2;2;5;2;0;0;1;0;1;0;0;0;798162,78;5827665,14;13,39514822;52,51735511
28847;135931;11;5;5020419;2020;1;7;3;3;5;2;2;0;1;0;0;0;0;0;780873,2543;5828322,877;13,14158863;52,53243309
28848;135932;11;9;9020702;2020;1;9;6;2;5;3;0;1;1;0;0;0;0;1;809600,4707;5820547,71;13,55657019;52,44719834
28849;135933;11;9;9041401;2020;1;8;6;3;3;6;1;1;0;0;0;0;1;0;812028,5193;5820707,623;13,59233039;52,44725121
28850;135934;11;8;8010303;2020;1;9;2;3;2;2;0;0;1;0;0;0;1;0;800363,8701;5824348,563;13,42449771;52,48641968
28851;135935;11;6;6010101;2020;1;8;6;2;5;2;0;1;1;0;0;0;0;1;793249,8608;5820259,403;13,31643779;52,45362927
28852;135936;11;3;3061131;2020;1;18;5;3;1;5;2;1;1;0;0;0;0;0;798311,1345;5830927,066;13,40025536;52,5465127
28853;135937;11;4;4041344;2020;1;16;4;3;5;2;2;0;1;0;1;0;0;0;792990,1186;5822304,455;13,3144216;52,47210196
28854;135938;11;9;9010402;2020;1;12;1;1;5;2;0;1;0;0;0;0;1;0;806625,6971;5820411,017;13,51281143;52,44764962
28855;135939;11;8;8010301;2020;1;12;2;3;5;3;0;1;1;0;0;0;0;1;800500,1081;5824564,783;13,426693;52,48828277
28856;135940;11;2;2010101;2020;1;8;6;3;0;1;1;0;0;0;0;0;1;1;797326,5962;5826146,106;13,38150444;52,50419521
28857;135941;11;4;4030931;2020;1;5;7;3;0;1;2;0;0;0;0;0;1;1;794078,464;5825725,577;13,33341703;52,50218579
28858;135942;11;10;10010310;2020;1;14;6;3;0;7;0;0;1;0;0;0;1;0;809026,4291;5830230,719;13,55713023;52,53430042
28859;135943;11;4;4051446;2020;1;15;1;3;2;6;0;0;1;0;0;0;1;0;792832,4337;5824314,382;13,31387214;52,49020498
28860;135944;11;1;1011202;2020;1;8;6;3;5;3;0;0;1;0;0;0;0;0;797884,3063;5828175,692;13,3915136;52,52208375
28861;135945;11;3;3030406;2020;1;10;3;3;4;7;0;0;1;0;0;0;0;0;802111,6357;5838881;13,46338099;52,61570827
28862;135946;11;4;4030623;2020;1;8;6;2;5;2;0;1;1;0;0;0;0;1;793857,2465;5826829,121;13,33114153;52,51219768
28863;135947;11;8;8020625;2020;1;7;6;2;6;2;1;0;1;1;0;0;0;2;802256,3365;5818945,269;13,44739085;52,4369449
28864;135948;11;9;9010302;2020;1;7;2;3;6;2;2;0;1;1;0;0;0;0;804023,4275;5821200,635;13,47535829;52,45618006
28865;135949;11;6;6040804;2020;1;7;6;2;6;2;0;0;1;1;0;0;0;1;787586,1851;5818055,882;13,23142494;52,43688245
28866;135950;11;1;1022204;2020;1;18;5;3;6;4;1;1;0;1;0;0;0;0;794563,462;5828297,32;13,34281798;52,52497819
28867;135951;11;7;7020202;2020;1;13;4;3;5;5;0;1;1;0;0;0;0;0;794924,5642;5823594,408;13,34395946;52,48262461
28868;135952;11;4;4051448;2020;1;18;7;3;5;3;2;1;1;0;0;0;0;0;793964,6671;5824920,625;13,3310349;52,49503112
28869;135953;11;3;3040818;2020;1;17;2;3;5;3;2;1;1;0;0;0;0;0;799993,567;5833017,497;13,42688105;52,564326
28870;135954;11;9;9010401;2020;1;7;6;3;5;3;2;1;1;0;0;0;0;1;806115,7098;5820081,818;13,50502921;52,44498496
28871;135955;11;1;1033102;2020;1;3;7;3;5;2;2;0;1;0;0;0;0;1;797366,4373;5831201,912;13,38661112;52,54949283
28872;135956;11;1;1033203;2020;1;13;6;3;2;6;0;0;1;0;0;0;1;0;796510,4633;5830919,441;13,37377203;52,54742738
28873;135957;11;9;9020501;2020;1;10;5;3;2;6;0;0;1;0;0;0;0;0;806153,6139;5823335,015;13,50856853;52,47412027
28874;135958;11;9;9010402;2020;1;9;2;3;5;3;0;1;1;0;0;0;0;0;807493,2277;5819514,65;13,52471144;52,43912898
28875;135959;11;8;8010301;2020;1;20;6;3;5;3;2;1;1;0;0;0;0;1;801251,573;5824241,068;13,43743429;52,4849671
28876;135960;11;5;5010312;2020;1;17;5;3;6;4;2;0;1;1;0;0;0;0;784977,8936;5830028,054;13,20340001;52,54559098
28877;135961;11;12;12214422;2020;1;11;2;2;0;2;0;0;1;0;0;0;1;0;791885,6043;5833393,523;13,30793885;52,57210447
28878;135962;11;11;11020412;2020;1;7;4;2;5;3;2;1;1;0;0;0;0;0;805842,3047;5831853,978;13,5118282;52,55064448
28879;135963;11;6;6010206;2020;1;13;7;3;5;3;0;1;1;0;0;0;0;0;794255,7361;5819376,404;13,33041987;52,44517299
28880;135964;11;7;7010104;2020;1;16;2;2;3;6;0;0;1;0;0;0;0;0;796376,7248;5825232,341;13,36673786;52,49652095
28881;135965;11;2;2030302;2020;1;19;6;3;5;3;1;1;1;0;0;0;0;1;800678,7425;5825793,301;13,43042467;52,49919601
28882;135966;11;6;6020410;2020;1;1;7;2;1;1;2;0;1;0;0;0;0;1;794274,9137;5816381,751;13,32806566;52,41831674
28883;135967;11;4;4010103;2020;1;11;6;3;0;2;0;1;1;0;0;0;0;0;791563,1785;5829736,048;13,29998213;52,5394889
28884;135968;11;9;9051701;2020;1;7;5;3;5;3;1;1;1;0;0;0;0;0;812810,9413;5821337,579;13,6043954;52,45244934
28885;135969;11;9;9041301;2020;1;17;2;3;1;5;2;0;1;0;0;0;0;0;812181,3231;5818247,635;13,59227432;52,42511909
28886;135970;11;2;2040701;2020;1;19;6;3;3;6;2;1;1;0;0;0;0;1;800588,2032;5827034,371;13,43021537;52,51036998
28887;135971;11;9;9020501;2020;1;17;3;3;2;2;2;0;1;0;0;0;0;0;806235,4627;5823199,34;13,50964526;52,47285843
28888;135972;11;6;6020303;2020;1;19;6;2;6;2;2;0;1;1;0;0;0;0;795369,8398;5818454,923;13,34595004;52,43631176
28889;135973;11;1;1011303;2020;1;18;7;3;2;2;2;0;1;0;0;0;0;0;798674,6269;5828137,506;13,40309315;52,52130914
28890;135974;11;12;12214421;2020;1;11;2;3;5;3;0;0;1;0;0;0;0;0;793032,7203;5833869,127;13,3252371;52,57575163
28891;135975;11;4;4041137;2020;1;18;6;3;6;4;2;0;1;1;0;0;0;1;791476,625;5824361,952;13,29400168;52,49135707
28892;135976;11;3;11030618;2020;1;20;3;3;2;6;2;0;1;0;0;0;0;0;802583,2057;5829304,524;13,46158711;52,52961425
28893;135977;11;6;6020301;2020;1;17;6;3;5;3;2;0;1;0;0;0;0;1;796245,6984;5818262,04;13,35862571;52,43410903
28894;135978;11;6;6020409;2020;1;10;7;3;5;2;0;1;1;0;0;0;0;1;793305,2417;5816955,203;13,31435083;52,42397816
28895;135979;11;3;3040614;2020;1;15;2;3;5;7;0;0;1;0;1;0;0;1;799216,4929;5833730,875;13,41609465;52,57114789
28896;135980;11;1;1044201;2020;1;17;6;3;2;2;2;0;1;0;0;0;0;1;796460,955;5831928,059;13,37394465;52,55649548
28897;135981;11;3;3061126;2020;1;8;5;3;2;7;0;0;1;0;0;0;0;0;798464,0065;5831646,883;13,40315005;52,5528811
28898;135982;11;2;2050601;2020;1;8;4;3;5;3;0;0;1;0;0;0;0;0;801967,8834;5828239,785;13,45157718;52,52041218
28899;135983;11;2;2050803;2020;1;19;1;3;6;2;2;0;1;1;0;0;0;0;803061,1402;5825880,023;13,46549222;52,49865552
28900;135984;11;2;2020204;2020;1;16;3;3;5;2;0;1;1;0;0;0;0;0;798843,5331;5825088,206;13,40283777;52,49388386
28901;135985;11;1;1011306;2020;1;17;6;3;5;2;2;0;0;0;1;0;1;1;800435,5519;5826709,838;13,42767991;52,50754518
28902;135986;11;2;2040502;2020;1;7;6;3;1;5;0;1;1;0;0;0;0;0;800462,5901;5828369,996;13,42957617;52,52241078
28903;135987;11;3;3020307;2020;1;8;2;3;5;2;0;1;1;0;0;0;0;0;800465,2899;5836192,497;13,43669709;52,59252381
28904;135988;11;3;3061332;2020;1;16;6;3;0;1;2;0;0;0;1;0;0;1;799728,5248;5830567,24;13,42077049;52,54250952
28905;135989;11;2;2010103;2020;1;16;5;2;6;4;2;0;1;1;0;0;0;0;799049,6506;5826308,016;13,40696;52,50470486
28906;135990;11;9;9020802;2020;1;16;4;3;5;2;0;1;1;0;0;0;0;0;810385,8703;5819843,046;13,567435;52,44043809
28907;135991;11;9;9010202;2020;1;10;7;3;6;4;0;0;1;1;0;0;0;0;804233,6332;5824169,466;13,48114945;52,48267198
28908;135992;11;4;4020311;2020;1;21;5;2;8;1;2;0;1;0;0;0;0;0;789778,1601;5826392,399;13,27082267;52,51046477
28909;135993;11;6;6020302;2020;1;17;4;2;5;3;2;0;1;0;1;0;0;0;794324,7905;5819194,066;13,33127234;52,44350124
28910;135994;11;8;8010303;2020;1;5;1;3;0;7;2;0;1;0;0;0;0;0;800340,8922;5824353,607;13,42416487;52,48647752
28911;135995;11;2;2020203;2020;1;8;3;3;0;2;0;1;0;0;0;1;0;1;796952,5644;5824408,38;13,37446091;52,48882197
28912;135996;11;7;7010101;2020;1;15;6;2;0;3;1;1;0;0;0;0;1;1;794662,6116;5825731,763;13,34200343;52,50192611
28913;135997;11;6;6010209;2020;1;18;6;3;6;2;1;0;1;1;0;0;0;0;794086,3175;5821511,762;13,329815;52,46440675
28914;135998;11;1;1033203;2020;1;0;2;3;1;1;2;0;1;0;0;0;0;1;796733,2271;5830178,076;13,37638529;52,54066058
28915;135999;11;4;4041238;2020;1;15;6;3;6;2;1;0;1;1;0;0;0;1;791308,6539;5822786,417;13,29015778;52,47732207
28916;136000;11;6;6020304;2020;1;17;5;3;5;2;2;0;1;0;1;0;0;0;794602,8566;5817724,394;13,33405637;52,43017655
28917;136001;11;5;5010339;2020;1;13;4;2;2;6;0;0;1;0;0;0;0;0;787094,262;5828151,607;13,23290284;52,52765638
28918;136002;11;3;3061430;2020;1;16;2;3;5;2;2;0;1;0;0;0;0;1;802340,4991;5829200,996;13,45792604;52,528821
28919;136003;11;7;7040404;2020;1;15;6;3;6;7;0;1;0;1;0;0;0;0;797155,8697;5820588,895;13,37404404;52,45447345
28920;136004;11;2;2010104;2020;1;17;6;3;6;7;2;1;0;1;0;0;0;0;799054,6495;5825612,719;13,40640902;52,49846977
28921;136005;11;5;5030730;2020;1;23;2;3;0;3;2;1;1;0;0;0;0;0;786812,2934;5829822,078;13,23019949;52,54278164
28922;136006;11;7;7010103;2020;1;14;6;3;5;7;0;0;1;0;1;0;0;1;795506,9158;5824806,629;13,35358494;52,49317642
28923;136007;11;4;4051446;2020;1;12;6;3;1;5;0;0;1;0;1;0;0;1;792827,1092;5824377,125;13,31384908;52,49077031
28924;136008;11;7;7060603;2020;1;14;6;3;2;2;0;0;1;0;0;0;0;0;798400,949;5815916,793;13,38814316;52,41191495
28925;136009;11;9;9051901;2020;1;13;1;2;4;1;0;0;1;0;0;0;0;0;811047,8635;5821228,618;13,57843267;52,45247889
28926;136010;11;12;12214527;2020;1;17;5;3;6;4;2;0;1;1;0;0;0;0;789888,6312;5835039,993;13,2799952;52,58793234
28927;136011;11;5;5010101;2020;1;8;2;3;5;3;0;0;1;0;0;1;0;0;785812,1559;5831736,054;13,21713961;52,56046746
28928;136012;11;6;6020305;2020;1;9;1;2;6;2;0;0;1;1;0;0;0;0;795413,8103;5817968,747;13,3461654;52,43192974
28929;136013;11;10;10010310;2020;1;5;4;3;6;2;2;0;1;1;0;0;0;0;809379,8149;5830478,201;13,56255394;52,53631779
28930;136014;11;2;2020202;2020;1;23;7;3;5;2;2;1;1;0;0;0;0;1;797919,5382;5825262,968;13,38942438;52,49595551
28931;136015;11;7;7070705;2020;1;15;2;3;6;5;0;0;1;1;0;0;0;0;798651,935;5813760,035;13,38989929;52,39244506
28932;136016;11;7;7040401;2020;1;5;6;3;6;2;2;0;1;1;0;0;0;0;798736,6701;5823954,346;13,400252;52,4837788
28933;136017;11;7;7050501;2020;1;14;6;3;0;3;0;0;1;0;0;0;1;0;797856,7805;5819621,784;13,38346607;52,44542284
28934;136018;11;4;4020310;2020;1;10;6;2;5;2;0;1;1;0;0;0;0;0;790271,5977;5827896,794;13,27938564;52,52368945
28935;136019;11;12;12214125;2020;1;9;1;3;5;2;0;0;1;0;0;0;0;1;791165,8241;5834026,556;13,29790407;52,578165
28936;136020;11;8;8010404;2020;1;11;4;3;6;4;0;0;1;1;0;0;0;0;801840,5851;5823067,363;13,44501963;52,47412171
28937;136021;11;12;12214125;2020;1;15;2;3;2;6;1;0;1;0;0;0;0;1;788064,1649;5831084,439;13,24970333;52,55343876
28938;136022;11;11;11040925;2020;1;12;6;3;0;1;0;0;0;0;1;0;0;1;803874,8608;5826396,989;13,47791407;52,50283647
28939;136023;11;3;3030715;2020;1;14;7;3;5;3;0;0;1;0;0;0;0;0;800991,5392;5834481,403;13,4428882;52,57689629
28940;136024;11;12;12103218;2020;1;8;5;2;1;7;0;0;1;0;0;1;0;0;795563,5912;5834514,54;13,36305157;52,58016852
28941;136025;11;7;7050501;2020;1;7;2;3;5;5;1;1;1;0;0;0;0;0;797806,3876;5820416,268;13,38343513;52,452572
28942;136026;11;8;8030829;2020;1;4;6;3;6;2;2;0;0;1;0;1;0;1;803136,0604;5818434,848;13,45982977;52,43188312
28943;136027;11;11;11030721;2020;1;19;3;3;2;6;2;0;1;0;0;0;0;1;805215,6323;5828207,916;13,49926633;52,51831855
28944;136028;11;12;12302110;2020;1;7;6;3;6;2;2;0;1;1;0;0;0;1;794634,948;5836270,01;13,35094732;52,59640843
28945;136029;11;1;1044202;2020;1;10;7;3;2;6;0;0;1;0;0;0;0;0;795756,1675;5830568,063;13,36236775;52,54468764
28946;136030;11;1;1044101;2020;1;14;2;3;2;6;0;0;1;0;0;1;0;1;793796,9675;5832176,797;13,33498357;52,56016897
28947;136031;11;10;10010308;2020;1;7;6;3;4;6;2;0;1;0;0;0;1;1;806987,9076;5829860,308;13,52682892;52,53213273
28948;136032;11;2;2020205;2020;1;12;5;3;5;3;0;1;1;0;0;0;0;0;798050,8638;5824556,298;13,39072094;52,48954937
28949;136033;11;9;9020701;2020;1;14;7;3;2;6;0;0;1;0;0;0;0;0;807854,1635;5818113,842;13,52871483;52,42637163
28950;136034;11;5;5030730;2020;1;18;4;2;2;6;2;0;1;0;0;0;0;0;785818,8744;5829269,511;13,21511533;52,53834949
28951;136035;11;4;4020207;2020;1;17;1;2;5;5;0;0;1;0;1;0;0;0;788541,0633;5826923,084;13,25310489;52,51587836
28952;136036;11;7;7040401;2020;1;11;3;3;0;6;0;0;0;1;0;0;1;0;797893,8766;5823969,172;13,38789089;52,48437216
28953;136037;11;5;5010206;2020;1;7;6;2;6;2;2;0;1;1;0;0;0;1;781553,8063;5830707,693;13,15361643;52,55346541
28954;136038;11;7;7070704;2020;1;7;6;3;0;1;0;1;0;0;0;0;0;1;800176,6034;5814055,565;13,41250323;52,3942608
28955;136039;11;5;5010209;2020;1;7;3;3;2;6;1;0;1;0;0;0;0;0;781738,3826;5829623,469;13,1554117;52,54364832
28956;136040;11;9;9051901;2020;1;6;6;3;6;2;2;0;1;1;0;0;0;1;812169,203;5821695,365;13,59531686;52,45602241
28957;136041;11;3;3040614;2020;1;18;7;3;0;2;2;0;1;0;0;0;1;0;798225,2328;5833454,859;13,40126361;52,56921782
28958;136042;11;6;6030504;2020;1;9;2;3;6;2;0;0;0;1;0;0;1;0;790158,941;5815449,692;13,26690523;52,4121582
28959;136043;11;5;5030731;2020;1;6;6;3;6;2;2;0;1;1;0;0;0;1;786983,4755;5829586,869;13,23251359;52,54058271
28960;136044;11;10;10020416;2020;1;16;5;2;6;4;1;0;1;1;0;0;0;0;813585,4896;5831224,746;13,62506314;52,54060406
28961;136045;11;7;7040405;2020;1;15;7;3;5;2;0;0;1;0;0;0;0;0;798894,931;5821213,993;13,40012036;52,4591285
28962;136046;11;1;1011401;2020;1;18;4;3;1;5;2;0;1;0;0;0;0;0;798196,2527;5829354,534;13,39715493;52,53248
28963;136047;11;1;1011402;2020;1;1;1;3;0;1;2;1;0;0;0;0;0;1;798695,7;5829495,683;13,40462291;52,53347173
28964;136048;11;1;1011102;2020;1;9;2;3;3;6;0;0;1;0;0;0;0;0;795077,6226;5827224,642;13,3494231;52,51508442
28965;136049;11;7;7060604;2020;1;7;5;3;5;2;1;1;1;0;0;0;0;1;797597,05;5815556,108;13,37603827;52,40911934
28966;136050;11;11;11041128;2020;1;13;6;3;5;2;0;1;1;0;0;0;0;0;807090,7417;5825836,071;13,52462655;52,49600917
28967;136051;11;7;7010104;2020;1;15;6;3;0;7;0;1;0;0;0;0;0;0;796693,2404;5824321,015;13,37057507;52,48817982
28968;136052;11;7;7050503;2020;1;16;1;3;5;3;2;0;1;0;0;0;1;0;799111,1945;5819836,732;13,4020603;52,44666481
28969;136053;11;7;7040406;2020;1;14;5;3;4;6;0;1;1;0;0;0;0;0;800213,0226;5821775,104;13,41996646;52,46343555
28970;136054;11;5;5010311;2020;1;13;5;3;2;6;0;0;0;0;1;0;1;0;785333,0908;5830089,269;13,20867638;52,54595392
28971;136055;11;5;5010206;2020;1;12;2;3;5;2;0;0;1;0;0;0;0;0;781546,9549;5830700,132;13,15350924;52,55340116
28972;136056;11;11;11030619;2020;1;7;2;3;2;6;0;0;1;0;0;0;0;0;803881,8203;5829567,773;13,4809123;52,53125132