;OBJECTID;LAND;BEZ;LOR;UJAHR;UMONAT;USTUNDE;UWOCHENTAG;UKATEGORIE;UART;UTYP1;ULICHTVERH;IstRad;IstPKW;IstFuss;IstKrad;IstGkfz;IstSonstige;USTRZUSTAND;LINREFX;LINREFY;XGCSWGS84;YGCSWGS84
28973;136057;11;3;3030715;2020;1;17;5;3;0;1;2;0;1;0;1;0;0;1;801146,1901;5833194,919;13,44399536;52,56527994
28974;136058;11;4;4030519;2020;1;16;5;3;2;6;0;0;1;0;0;0;0;0;791334,3098;5828695,025;13,29570452;52,5302787
28975;136059;11;1;1044201;2020;1;15;4;3;5;3;0;1;1;0;0;0;0;0;796201,0721;5830765,617;13,3690855;52,54621681
28976;136060;11;3;3071537;2020;1;18;7;3;3;2;2;1;1;0;0;0;0;0;799812,324;5829573,699;13,42110605;52,53355796
28977;136061;11;12;12214527;2020;1;18;2;3;1;1;2;1;1;0;0;0;0;0;789620,3324;5834578,626;13,27564269;52,58393909
28978;136062;11;1;1044101;2020;1;21;5;3;6;4;2;0;1;1;0;0;0;1;794234,4398;5831183,405;13,34053783;52,55102771
28979;136063;11;1;1011102;2020;1;13;6;3;5;3;0;0;1;0;0;0;0;1;795050,5368;5827188,868;13,34899339;52,51477839
28980;136064;11;3;3061131;2020;1;14;6;3;2;7;0;1;1;0;0;0;0;0;798826,1601;5830362,167;13,40731969;52,54116697
28981;136065;11;7;7050501;2020;1;15;7;3;5;3;0;1;1;0;0;0;0;0;797593,2916;5819553,856;13,37954019;52,4449574
28982;136066;11;5;5020625;2020;1;11;5;2;2;6;0;0;1;0;0;0;1;0;784210,8821;5828728,452;13,19100786;52,53433936
28983;136067;11;12;12214527;2020;1;9;2;3;0;6;0;1;0;0;0;0;1;0;790139,5385;5835309,759;13,28392467;52,590217
28984;136068;11;6;6040703;2020;1;15;7;3;5;2;0;1;1;0;0;0;0;0;787067,7071;5817276,23;13,22314934;52,43016459
28985;136069;11;3;3061227;2020;1;11;3;3;5;3;0;1;1;0;0;0;0;0;800085,204;5831661,07;13,42700252;52,55211751
28986;136070;11;3;3061227;2020;1;23;7;3;5;2;2;0;1;0;0;0;1;0;799492,9518;5831755,402;13,41837869;52,55328901
28987;136071;11;1;1011201;2020;1;8;4;3;5;3;0;1;1;0;0;0;0;0;796957,9387;5826728,578;13,37660859;52,50961722
28988;136072;11;12;12214421;2020;1;17;7;2;6;2;2;0;1;1;0;0;0;0;793384,3713;5833150,693;13,32977584;52,56912185
28989;136073;11;11;11030619;2020;1;16;2;3;5;3;2;0;1;0;0;0;0;1;804212,2582;5829085,58;13,48532739;52,52674532
28990;136074;11;1;1044101;2020;1;20;5;2;6;2;2;0;1;1;0;0;0;1;794518,0799;5831557,676;13,34504102;52,55422947
28991;136075;11;12;12214125;2020;1;13;6;3;2;6;0;0;1;0;0;0;1;0;790711,0807;5834292,764;13,29144555;52,58079465
28992;136076;11;3;3010101;2020;1;10;6;2;5;3;0;1;1;0;0;0;0;0;804133,0014;5842099,595;13,49610655;52,64342693
28993;136077;11;11;11051229;2020;1;7;5;3;5;2;2;1;1;0;0;0;0;0;805625,1711;5824264,921;13,50166478;52,48275046
28994;136078;11;11;11040926;2020;1;5;2;3;5;3;2;0;1;0;0;0;0;0;804116,7749;5826326,352;13,48140258;52,50206861
28995;136079;11;7;7040405;2020;1;20;5;3;6;4;2;0;1;1;0;0;0;1;797983,3047;5820842,923;13,38641163;52,45630009
28996;136080;11;2;2020204;2020;1;18;3;3;5;2;2;1;1;0;0;0;0;0;798295,5895;5825329,038;13,39500643;52,49634235
28997;136081;11;8;8010213;2020;1;19;5;2;6;4;2;0;1;1;0;0;0;1;801184,0429;5822690,1;13,43504201;52,4711026
28998;136082;11;4;4030725;2020;1;5;7;3;5;3;2;0;1;0;0;0;0;0;791732,7787;5826094,986;13,29928183;52,50675667
28999;136083;11;6;6010101;2020;1;12;2;3;2;6;0;0;1;0;0;0;1;0;793395,4517;5820344,215;13,3186487;52,45431145
29000;136084;11;1;1011305;2020;1;19;5;3;5;3;2;0;1;0;0;0;0;1;798855,1466;5826652,387;13,40441202;52,50789824
29001;136085;11;9;9051901;2020;1;22;5;3;5;2;2;0;1;0;0;0;0;0;809936,9981;5821612,131;13,56249375;52,45654678
29002;136086;11;8;8010118;2020;1;12;7;3;2;2;0;0;1;0;0;0;0;0;800764,4126;5822750,798;13,4289376;52,47187786
29003;136087;11;1;1033101;2020;1;15;2;3;6;4;1;0;1;1;0;0;0;1;797320,7342;5832319,716;13,38694021;52,55953749
29004;136088;11;12;12302211;2020;1;9;5;3;5;3;0;0;1;0;0;0;0;1;793331,9233;5836936,804;13,33235595;52,60309021
29005;136089;11;5;5020626;2020;1;18;6;3;6;2;2;0;1;1;0;0;0;0;784739,451;5827473,367;13,19770454;52,52281037
29006;136090;11;3;3040818;2020;1;8;4;3;5;3;0;1;1;0;0;0;0;0;799635,2837;5832787,967;13,42140386;52,56246595
29007;136091;11;8;8010303;2020;1;12;1;3;6;7;0;1;0;1;0;0;0;0;800937,1148;5824090,532;13,43268149;52,4837912
29008;136092;11;12;12103218;2020;1;16;3;3;5;2;2;1;1;0;0;0;0;0;793789,8323;5832730,662;13,33536903;52,56513786
29009;136093;11;7;7040406;2020;1;10;5;3;2;7;0;1;1;0;0;0;0;0;800304,9319;5821958,469;13,42148024;52,46502864
29010;136094;11;1;1033203;2020;1;10;6;3;6;7;0;0;1;1;0;0;0;0;797001,7484;5831123,371;13,38117826;52,54898776
29011;136095;11;1;1011302;2020;1;8;2;3;5;3;0;0;1;0;0;0;1;0;798545,1648;5828975,799;13,40194331;52,52889417
29012;136096;11;5;5010314;2020;1;9;5;3;6;2;0;0;0;1;0;0;1;1;784115,8612;5829153,934;13,18997452;52,53820382
29013;136097;11;4;4020313;2020;1;16;5;3;5;2;0;1;1;0;0;0;0;0;790360,1852;5827277,389;13,28014698;52,51808928
29014;136098;11;11;11040925;2020;1;16;4;3;1;5;1;0;1;0;0;0;0;0;803620,9719;5826550,588;13,47432521;52,50435448
29015;136099;11;2;2020205;2020;1;13;7;3;1;5;0;1;0;0;0;0;1;0;798045,2508;5824263,437;13,39037661;52,48692728
29016;136100;11;3;3030405;2020;1;16;2;3;3;6;1;1;0;0;1;0;0;0;803891,7627;5839593,642;13,49024771;52,62110277
29017;136101;11;12;12214424;2020;1;7;5;3;5;2;1;0;1;0;0;1;0;1;792893,7759;5832164,54;13,32168741;52,56054567
29018;136102;11;2;2040502;2020;1;18;4;3;5;2;2;1;1;0;0;0;0;0;800452,7714;5828446,372;13,42950089;52,52310078
29019;136103;11;4;4020314;2020;1;10;1;3;2;6;0;0;1;0;0;0;0;1;790395,0537;5825625,079;13,27921771;52,50325761
29020;136104;11;9;9010402;2020;1;10;3;3;2;6;0;0;1;0;0;0;0;0;806345,9245;5820913,051;13,50916811;52,45230589
29021;136105;11;12;12224230;2020;1;7;5;3;6;4;1;0;1;1;0;0;0;1;787315,6923;5837836,947;13,24454895;52,61437318
29022;136106;11;3;3061435;2020;1;6;6;3;5;3;1;0;1;0;0;0;0;0;801739,5829;5829153,989;13,4490521;52,52873261
29023;136107;11;7;7020203;2020;1;3;2;3;5;3;2;0;1;0;0;0;1;0;795285,2908;5824141,129;13,34974032;52,48733062
29024;136108;11;3;3010102;2020;1;7;5;2;6;4;2;0;1;1;0;0;0;1;804216,4262;5840138,935;13,49553054;52,62580819
29025;136109;11;10;10030727;2020;1;15;5;3;2;6;0;0;1;0;0;0;0;0;809552,482;5826707,686;13,56158314;52,50242976
29026;136110;11;12;12103218;2020;1;11;7;2;0;6;0;0;1;0;0;0;1;1;794540,2763;5833109,747;13,34674509;52,56813059
29027;136111;11;9;9010302;2020;1;13;4;3;2;6;0;0;1;0;0;0;0;0;804888,143;5820631,917;13,48752574;52,45060117
29028;136112;11;5;5020524;2020;1;16;2;3;5;2;2;0;1;0;0;0;0;0;783641,9548;5825880,493;13,18021387;52,50910037
29029;136113;11;1;1011306;2020;1;6;5;3;5;3;2;1;1;0;0;0;0;1;799474,0357;5826561,679;13,413422;52,50674581
29030;136114;11;12;12304313;2020;1;12;6;2;6;4;0;0;1;1;0;0;0;0;791709,797;5834535,693;13,30635711;52,58243791
29031;136115;11;8;8020727;2020;1;12;6;3;6;2;0;0;1;1;0;0;0;0;801032,3776;5817056,126;13,42773962;52,42068671
29032;136116;11;4;4030519;2020;1;12;6;3;2;6;0;0;1;0;0;0;1;0;791250,3297;5828963,759;13,29470548;52,53273274
29033;136117;11;8;8010118;2020;1;14;6;3;2;6;0;0;1;0;1;0;0;0;800960,551;5822263,555;13,43137695;52,46740251
29034;136118;11;6;6020301;2020;1;14;1;3;5;2;0;1;1;0;0;0;0;0;795869,4749;5818142,534;13,35300198;52,43324136
29035;136119;11;8;8010404;2020;1;17;5;3;2;6;2;0;1;0;0;0;0;0;801936,4188;5823537,863;13,44685226;52,4782859
29036;136120;11;10;10010308;2020;1;10;2;3;5;3;0;0;1;0;0;0;0;0;806678,2557;5829128,093;13,52160289;52,52574481
29037;136121;11;11;11030721;2020;1;5;4;2;5;3;2;0;1;0;1;0;0;0;805212,2276;5828386,571;13,49938022;52,51992164
29038;136122;11;10;10020413;2020;1;13;7;3;5;3;0;0;1;0;0;0;0;0;811990,4124;5830702,916;13,60113012;52,53684342
29039;136123;11;8;8010406;2020;1;16;2;3;6;7;0;0;1;1;0;0;0;0;802514,5914;5823755,609;13,45553706;52,47991763
29040;136124;11;4;4020310;2020;1;19;5;3;5;2;2;1;1;0;0;0;0;1;790348,2216;5827301,289;13,27999202;52,51830992
29041;136125;11;4;4041342;2020;1;12;6;3;5;3;0;0;1;0;0;0;0;0;792053,4399;5822457,807;13,3008051;52,47397834
29042;136126;11;10;10030725;2020;1;10;6;3;5;3;0;1;1;0;0;0;0;0;809906,7322;5829665,554;13,56954016;52,52873587
29043;136127;11;7;7050501;2020;1;6;4;1;5;3;2;0;1;0;1;0;0;0;797683,6525;5819327,605;13,3806642;52,4428801
29044;136128;11;2;2010104;2020;1;16;2;3;2;6;0;0;1;0;0;0;0;0;799058,7141;5825577,883;13,40643744;52,49815529
29045;136129;11;2;2010101;2020;1;17;3;3;5;2;2;0;1;0;0;0;0;0;797376,6936;5826179,935;13,38227056;52,50447115
29046;136130;11;5;5010101;2020;1;19;5;2;6;4;2;0;1;1;0;0;0;1;785599,6305;5831994,002;13,21423506;52,56289168
29047;136131;11;1;1011203;2020;1;9;5;3;1;5;0;1;1;0;0;0;0;0;797921,4333;5827074,28;13,39107292;52,51219068
29048;136132;11;6;6020409;2020;1;7;2;3;5;2;0;1;1;0;0;0;0;0;793474,2094;5817728,162;13,31750684;52,43081696
29049;136133;11;6;6010206;2020;1;18;5;3;1;5;2;1;1;0;0;0;0;1;794960,0946;5819491,137;13,3408546;52,445822
29050;136134;11;1;1011102;2020;1;19;3;2;0;6;2;0;1;0;1;0;0;1;795312,0358;5827353,936;13,35298226;52,51611656
29051;136135;11;1;1011306;2020;1;18;5;3;5;3;2;1;0;0;0;0;1;1;800433,2982;5826715,147;13,4276516;52,507594
29052;136136;11;6;6040701;2020;1;10;7;2;0;1;0;1;0;0;0;0;0;2;781873,4693;5813347,647;13,14364568;52,39763905
29053;136137;11;12;12214527;2020;1;15;2;3;5;2;1;0;1;0;0;0;0;0;789903,6446;5835694,006;13,28078857;52,59378754
29054;136138;11;4;4041134;2020;1;17;5;3;2;6;2;0;1;0;0;0;0;1;790858,6323;5824494,382;13,28504077;52,49287396
29055;136139;11;3;3040513;2020;1;14;5;3;6;2;0;0;1;1;0;0;0;0;797007,7075;5833777,86;13,3836417;52,57277879
29056;136140;11;3;3061332;2020;1;20;4;3;1;5;2;1;1;0;0;0;0;0;799455,236;5830872,095;13,41702753;52,54539233
29057;136141;11;10;10010310;2020;1;22;1;3;2;6;2;0;1;0;0;0;0;0;808464,0839;5831133,855;13,54970427;52,54271267
29058;136142;11;5;5010205;2020;1;13;3;2;5;2;0;0;1;0;0;0;0;0;780184,0432;5830672,273;13,13343644;52,55385423
29059;136143;11;6;6030610;2020;1;17;5;3;6;4;2;0;1;1;0;0;0;1;792775,9022;5817956,262;13,30746483;52,43323602
29060;136144;11;9;9020701;2020;1;8;6;3;5;3;0;1;1;0;0;0;0;0;808199,9963;5818699,518;13,53432466;52,43142586
29061;136145;11;6;6020303;2020;1;8;2;3;5;2;0;1;1;0;0;0;0;0;795367,5083;5818452,202;13,34591344;52,43628863
29062;136146;11;11;11030824;2020;1;17;5;3;2;6;2;0;1;0;0;0;0;1;804747,5924;5827422,622;13,49167069;52,51154206
29063;136147;11;1;1011202;2020;1;16;5;3;6;4;1;0;1;1;0;0;0;0;797709,3044;5827712,684;13,38852751;52,51802903
29064;136148;11;5;5010103;2020;1;3;7;3;1;1;2;0;1;0;0;0;0;1;784522,5394;5831094,982;13,19761746;52,55539506
29065;136149;11;1;1011202;2020;1;10;2;3;5;2;0;1;1;0;0;0;0;0;797203,0885;5827496,692;13,38089617;52,51636901
29066;136150;11;2;2030301;2020;1;16;5;3;2;7;2;1;0;0;0;0;1;1;799860,5956;5825845,945;13,41845588;52,50011805
29067;136151;11;8;8010301;2020;1;19;5;3;5;3;2;1;1;0;0;0;0;0;800386,8003;5825107,221;13,42551825;52,4932072
29068;136152;11;7;7050505;2020;1;17;4;3;5;2;2;0;1;0;0;0;1;0;798477,3675;5819035,868;13,39204661;52,43983237
29069;136153;11;1;1033101;2020;1;2;1;3;5;3;2;0;1;0;0;0;0;0;797363,9148;5832422,455;13,38766736;52,56043484
29070;136154;11;9;9010402;2020;1;10;3;3;5;3;0;1;1;0;0;0;0;0;806718,9757;5820292,276;13,51407063;52,44653311
29071;136155;11;3;3020307;2020;1;16;5;3;1;5;2;0;1;0;0;0;0;1;799766,2249;5837679,164;13,42775417;52,60623482
29072;136156;11;2;2020203;2020;1;17;6;2;5;3;1;0;1;1;0;0;0;0;797113,8104;5823995,625;13,37646078;52,48503432
29073;136157;11;8;8010118;2020;1;18;1;3;1;5;2;1;1;0;0;0;0;0;801096,1246;5821938,984;13,43307381;52,46441857
29074;136158;11;10;10010102;2020;1;14;5;3;2;6;0;0;1;0;0;0;0;1;809475,3677;5834637,53;13,56783558;52,57353759
29075;136159;11;2;2040701;2020;1;14;5;3;1;5;0;1;1;0;0;0;0;0;800885,1281;5827541,242;13,43503563;52,5147495
29076;136160;11;1;1022102;2020;1;12;4;2;5;2;0;0;1;0;0;0;0;0;793323,8037;5828538,52;13,32481088;52,52780879
29077;136161;11;8;8020727;2020;1;15;4;3;2;6;0;0;1;0;0;0;0;0;801493,6521;5817767,549;13,43514339;52,42680953
29078;136162;11;6;6040701;2020;1;10;7;3;0;1;0;1;0;0;0;0;0;2;780981,908;5812430,409;13,12980729;52,38987233
29079;136163;11;8;8010508;2020;1;23;2;3;9;1;2;0;1;0;0;0;1;0;803285,0385;5822651,08;13,46584273;52,46959051
29080;136164;11;5;5030730;2020;1;13;5;3;2;6;0;0;1;0;0;0;0;1;786731,6169;5829284,556;13,22854921;52,53800488
29081;136165;11;2;2010102;2020;1;12;6;3;3;6;0;0;1;0;0;1;0;1;798330,099;5825553,993;13,39571474;52,49833993
29082;136166;11;9;9020501;2020;1;14;6;2;2;6;0;0;1;0;1;0;0;0;805770,7535;5822851,113;13,50250572;52,46999777
29083;136167;11;3;3010104;2020;1;10;1;3;5;3;0;0;1;0;0;0;0;0;800850,42;5838757,109;13,44469629;52,6152975
29084;136168;11;5;5030832;2020;1;21;7;3;2;6;2;0;1;0;0;0;0;0;789711,7255;5829286,368;13,27236756;52,53644497
29085;136169;11;3;3040512;2020;1;12;5;3;6;2;0;0;1;1;0;0;0;0;795859,2395;5835312,053;13,36811407;52,58715671
29086;136170;11;1;1033203;2020;1;9;2;3;2;2;0;1;0;0;0;0;1;0;795875,526;5830598,383;13,36414973;52,54489462
29087;136171;11;2;2050601;2020;1;17;7;3;5;3;2;1;0;0;0;0;1;0;801941,3384;5829046,387;13,45191944;52,52765646
29088;136172;11;12;12103219;2020;1;11;3;3;6;7;0;1;0;1;0;0;0;0;795531,1422;5833114,713;13,36132646;52,56763807
29089;136173;11;6;6030610;2020;1;13;7;3;5;2;0;1;1;0;0;0;0;0;792934,5377;5817746,974;13,30960823;52,43127486
29090;136174;11;7;7020201;2020;1;15;2;2;5;3;0;0;1;0;0;0;0;1;794954,1844;5824065,353;13,3448111;52,48683032
29091;136175;11;10;10020414;2020;1;14;5;3;1;5;0;0;1;0;0;0;1;1;812198,9685;5830869,44;13,60435148;52,53821624
29092;136176;11;5;5010313;2020;1;8;6;2;5;2;1;0;1;0;0;0;0;0;784666,8941;5829708,815;13,19855259;52,54289129
29093;136177;11;2;2010103;2020;1;15;3;3;5;2;1;1;1;0;0;0;0;1;799223,5486;5825984,595;13,40922378;52,50171052
29094;136178;11;10;10010207;2020;1;15;3;3;2;6;0;0;1;0;0;0;0;1;808517,4964;5831941,928;13,55123996;52,54992418
29095;136179;11;6;6030609;2020;1;16;5;3;6;7;0;1;0;1;0;0;0;0;792620,2805;5818408,965;13,30557854;52,43737773
29096;136180;11;8;8020728;2020;1;14;3;2;3;6;0;0;1;0;0;1;0;1;801725,1962;5817466,558;13,43826695;52,42398402
29097;136181;11;1;1033203;2020;1;19;3;3;1;5;2;0;1;0;0;0;0;1;796748,3543;5830490,495;13,37688676;52,54345283
29098;136182;11;5;5010314;2020;1;22;5;3;2;6;2;0;1;0;0;0;0;0;783652,1061;5829328,213;13,18330395;52,54000803
29099;136183;11;11;11040925;2020;1;19;3;3;5;2;2;1;1;0;0;0;0;1;803582,9026;5826402,658;13,47363118;52,5030498
29100;136184;11;4;4030931;2020;1;18;4;2;0;3;2;0;1;0;1;0;0;1;793928,991;5825908,366;13,33138266;52,50390494
29101;136185;11;4;4030726;2020;1;15;5;3;5;2;0;1;1;0;0;0;0;0;792286,9243;5825359,285;13,30677743;52,49986468
29102;136186;11;2;2010101;2020;1;19;3;3;5;2;2;1;1;0;0;0;0;1;797749,5059;5826080,379;13,38765796;52,50337543
29103;136187;11;8;8010301;2020;1;17;5;1;6;4;2;0;1;1;0;0;0;0;800633,9486;5824794,365;13,42886533;52,4902669
29104;136188;11;5;5010209;2020;1;7;3;3;6;2;0;0;1;1;0;0;0;1;783250,2043;5830274,205;13,17820057;52,54869907
29105;136189;11;9;9020502;2020;1;15;3;2;6;4;0;0;0;1;0;0;1;1;809078,6501;5821557,096;13,54985064;52,4565396
29106;136190;11;2;2030302;2020;1;21;4;3;0;1;2;1;0;0;0;0;0;1;801638,6858;5826058,817;13,4447635;52,50104614
29107;136191;11;9;9051702;2020;1;7;3;3;6;2;1;0;1;1;0;0;0;1;814207,5596;5821209,311;13,62475959;52,45049902
29108;136192;11;1;1033102;2020;1;8;5;2;6;4;0;0;1;1;0;0;0;1;798002,4879;5831849,665;13,39654524;52,55495147
29109;136193;11;7;7020201;2020;1;7;3;3;1;5;0;1;1;0;0;0;0;1;794948,5053;5824271,106;13,3449098;52,48867784
29110;136194;11;9;9020701;2020;1;7;3;3;5;2;1;1;0;0;0;0;1;1;807714,0595;5818294,768;13,52682725;52,42807194
29111;136195;11;4;4041137;2020;1;17;4;3;5;2;2;0;1;0;0;0;0;1;791257,7722;5823328,976;13,28988467;52,48221326
29112;136196;11;11;11040926;2020;1;7;3;2;6;4;2;0;1;1;0;0;0;1;805561,7307;5826420,397;13,50271018;52,50210429
29113;136197;11;1;1011202;2020;1;19;4;3;5;2;2;1;1;0;0;0;0;0;797146,4981;5827767,307;13,38030635;52,5188256
29114;136198;11;4;4030725;2020;1;19;3;3;6;2;2;0;1;1;0;0;0;1;791943,586;5826124,216;13,30240463;52,50690595
29115;136199;11;4;4030929;2020;1;7;6;3;6;4;0;1;0;1;0;0;0;1;792713,4859;5825711,652;13,31335311;52,50279491
29116;136200;11;6;6010205;2020;1;14;3;2;6;7;0;1;0;1;0;0;0;1;795190,5023;5819998,718;13,34468341;52,45024783
29117;136201;11;3;3020307;2020;1;17;4;3;6;4;2;0;0;1;0;0;1;0;800186,4401;5836567,261;13,43293265;52,59603684
29118;136202;11;6;6020409;2020;1;18;3;2;5;2;2;0;1;0;0;0;0;1;793216,8719;5816443,676;13,31260665;52,41943977
29119;136203;11;10;10020621;2020;1;6;5;3;5;3;2;0;1;0;0;0;0;1;811848,0314;5830026,727;13,5984033;52,53086546
29120;136204;11;7;7010101;2020;1;18;3;3;5;3;2;1;1;0;0;0;0;1;794894,883;5825166,391;13,34491477;52,49673245
29121;136205;11;12;12103116;2020;1;7;3;2;6;2;2;0;1;1;0;0;0;1;796500,9593;5833283,615;13,3757443;52,56862474
29122;136206;11;4;4051448;2020;1;18;4;3;5;3;2;1;1;0;0;0;0;1;794169,2042;5825308,455;13,33438153;52,49839761
29123;136207;11;9;9020701;2020;1;11;3;3;5;2;0;1;1;0;0;0;0;1;809049,0665;5818768,904;13,5468379;52,43156871
29124;136208;11;1;1022202;2020;1;7;3;3;5;2;1;1;1;0;0;0;0;1;795668,9128;5829732,336;13,36034106;52,53724347
29125;136209;11;9;9020501;2020;1;17;5;3;5;2;2;1;1;0;0;0;0;0;806503,0121;5822091,162;13,51255403;52,4627765
29126;136210;11;10;10030727;2020;1;6;3;2;6;2;2;0;1;1;0;0;0;1;809625,8603;5825758,241;13,56177817;52,49387951
29127;136211;11;1;1011302;2020;1;17;4;3;1;5;2;1;1;0;0;0;0;0;798950,1318;5828742,878;13,4076858;52,52658445
29128;136212;11;2;2030402;2020;1;18;3;3;2;6;2;0;1;0;1;0;0;1;801586,0228;5825942,589;13,44388478;52,50003348
29129;136213;11;4;4051652;2020;1;16;4;3;2;6;2;0;1;0;0;0;0;1;793442,7039;5824164,878;13,32270294;52,48853703
29130;136214;11;10;10020621;2020;1;5;3;3;9;1;2;0;1;0;0;0;0;1;811369,43;5829826,604;13,59118323;52,52934567
29131;136215;11;12;12214125;2020;1;12;6;1;5;2;0;1;0;0;0;1;0;0;791170,4823;5834031,6;13,29797705;52,57820772
29132;136216;11;9;9030901;2020;1;17;3;3;5;2;2;1;1;0;0;0;0;1;807710,662;5817912,829;13,52642609;52,42465081
29133;136217;11;4;4030828;2020;1;16;4;3;6;7;1;0;1;1;0;0;0;1;793189,0228;5826258,735;13,32082066;52,50744398
29134;136218;11;4;4051445;2020;1;17;3;3;6;2;2;0;1;1;0;0;0;1;792199,5889;5825023,233;13,30519969;52,49689881
29135;136219;11;3;3020210;2020;1;14;4;3;2;7;0;0;1;0;0;0;1;0;798250,7886;5835820,129;13,40376773;52,59040495
29136;136220;11;11;11030721;2020;1;16;3;2;6;4;2;0;1;1;0;0;0;1;804292,8701;5828446,361;13,48592712;52,52097128
29137;136221;11;5;5010311;2020;1;14;3;3;2;6;0;0;1;0;0;0;0;0;785399,8333;5830327,128;13,20986236;52,54805156
29138;136222;11;5;5010314;2020;1;15;4;3;0;6;0;0;1;0;1;0;0;1;785063,7376;5829469,782;13,20418341;52,54054066
29139;136223;11;4;4041343;2020;1;10;3;3;2;2;0;0;1;0;0;0;1;0;792653,387;5823049,018;13,31013167;52,47895731
29140;136224;11;3;3061227;2020;1;16;3;3;3;6;2;0;1;0;0;0;0;1;799779,0152;5831708,782;13,42254319;52,55271377
29141;136225;11;10;10030724;2020;1;22;5;3;1;5;2;0;1;0;0;0;0;0;809162,5836;5830018,476;13,55893376;52,53232115
29142;136226;11;1;1011302;2020;1;17;3;2;6;4;2;0;1;1;0;0;0;1;797931,3786;5828403,601;13,3924095;52,52410094
29143;136227;11;11;11040926;2020;1;6;4;3;1;5;1;0;1;0;0;0;0;0;804435,3292;5826409,358;13,48615699;52,50263493
29144;136228;11;4;4010103;2020;1;15;4;3;0;2;0;0;0;0;1;0;1;0;791179,4866;5829186,341;13,29385903;52,53476601
29145;136229;11;1;1033203;2020;1;14;3;3;5;2;0;1;1;0;0;0;0;0;796344,6768;5830580,206;13,3710316;52,5444767
29146;136230;11;11;11030618;2020;1;11;4;2;6;7;0;0;0;1;0;1;0;0;803409,7403;5829695,489;13,47409086;52,53265897
29147;136231;11;7;7070704;2020;1;16;3;3;1;5;2;0;1;0;0;0;1;1;800696,3771;5813853,534;13,41993782;52,39216481
29148;136232;11;4;4030827;2020;1;16;3;3;5;7;2;1;1;0;0;0;0;1;792263,1315;5826253,504;13,30721287;52,5078939
29149;136233;11;9;9020701;2020;1;10;3;1;5;3;0;0;1;0;1;0;0;1;807405,7189;5818326,253;13,52233549;52,42852743
29150;136234;11;7;7060604;2020;1;14;4;3;5;3;0;1;1;0;0;0;0;0;798076,1936;5814895,794;13,38247377;52,40293962
29151;136235;11;1;1011402;2020;1;10;3;3;4;6;0;1;0;0;1;0;0;1;798667,1454;5829568,126;13,40426828;52,53413673
29152;136236;11;2;2010102;2020;1;18;2;3;0;4;2;0;0;1;0;0;1;0;798085,3095;5825496,518;13,39206799;52,49795849
29153;136237;11;3;3030405;2020;1;6;5;2;5;3;2;1;0;0;0;0;0;1;803759,1527;5839300,513;13,48802559;52,61854977
29154;136238;11;3;3061227;2020;1;14;2;3;5;3;0;1;1;0;0;0;0;0;800216,3178;5831588,303;13,4288647;52,55139303
29155;136239;11;6;6040809;2020;1;18;4;2;0;3;2;0;1;0;1;0;0;1;791619,0675;5820662,713;13,29285925;52,45811743
29156;136240;11;4;4020310;2020;1;13;4;3;2;6;0;0;1;0;0;0;0;0;789332,2704;5827522,269;13,26525338;52,52083103
29157;136241;11;2;2030301;2020;1;13;2;3;5;3;0;0;1;0;0;0;0;0;799718,5267;5826304,694;13,41678215;52,50430807
29158;136242;11;7;7040404;2020;1;12;4;3;2;6;0;0;1;0;0;0;0;1;796370,8394;5819727,497;13,36176069;52,44717793
29159;136243;11;9;9041601;2020;1;13;2;2;9;1;0;0;1;0;0;0;0;1;819495,43;5816446,902;13,69775997;52,40476328
29160;136244;11;4;4031032;2020;1;12;2;3;6;3;0;0;1;1;0;0;0;0;791222,6333;5824683,756;13,29055259;52,49437761
29161;136245;11;8;8010211;2020;1;22;4;3;0;3;2;1;0;0;0;0;1;0;800885,5044;5823831,811;13,43169026;52,48150065
29162;136246;11;7;7060604;2020;1;12;2;3;0;1;0;1;0;0;0;0;0;0;797593,3235;5815555,19;13,37598283;52,40911315
29163;136247;11;12;12103115;2020;1;7;4;3;0;2;0;1;1;0;0;0;0;0;795344,3929;5833841,037;13,35922599;52,57425024
29164;136248;11;4;4030931;2020;1;12;2;3;2;6;0;1;1;0;0;0;0;0;793527,1685;5825874,783;13,32545008;52,50382019
29165;136249;11;6;6020303;2020;1;11;2;3;2;6;0;0;1;0;0;0;0;0;795424,9802;5818399,232;13,34670961;52,43578275
29166;136250;11;1;1011202;2020;1;18;4;3;1;5;2;1;1;0;0;0;0;1;797669,0485;5828008,416;13,38820062;52,52070188
29167;136251;11;11;11040925;2020;1;11;2;3;0;2;0;1;1;0;0;0;0;0;803416,2458;5826627,523;13,47138835;52,50515791
29168;136252;11;11;11030721;2020;1;9;5;3;5;3;0;0;1;0;0;0;0;1;805220,3978;5828190,367;13,49932025;52,5181586
29169;136253;11;9;9051702;2020;1;11;2;3;5;2;0;1;1;0;0;0;0;0;814193,3883;5821209,314;13,62455175;52,4505072
29170;136254;11;8;8010214;2020;1;16;4;3;6;4;1;0;0;1;0;0;1;0;801405,3112;5822051,056;13,4377124;52,46525265