;OBJECTID;LAND;BEZ;LOR;UJAHR;UMONAT;USTUNDE;UWOCHENTAG;UKATEGORIE;UART;UTYP1;ULICHTVERH;IstRad;IstPKW;IstFuss;IstKrad;IstGkfz;IstSonstige;USTRZUSTAND;LINREFX;LINREFY;XGCSWGS84;YGCSWGS84
29171;136255;11;4;4030623;2020;1;11;2;3;5;2;0;0;1;0;0;0;0;0;793903,0826;5826229,233;13,33128531;52,5067953
29172;136256;11;6;6030503;2020;1;20;4;3;1;5;2;1;1;0;0;0;0;0;789558,4438;5817360,343;13,25975476;52,42960604
29173;136257;11;1;1044201;2020;1;11;2;3;0;6;0;0;1;0;1;0;0;0;796840,291;5831941,79;13,37953584;52,55641194
29174;136258;11;7;7040406;2020;1;23;6;3;5;2;2;1;1;0;0;0;0;0;800302,5767;5821981,744;13,42146662;52,46523856
29175;136259;11;4;4051655;2020;1;10;2;3;2;2;0;0;1;0;0;0;0;1;794193,1731;5823096,535;13,33278095;52,47855597
29176;136260;11;9;9020701;2020;1;8;4;3;5;3;0;1;0;0;0;0;0;0;808498,9288;5819028,645;13,53901133;52,43420703
29177;136261;11;9;9010402;2020;1;8;2;3;5;2;0;1;1;0;0;0;0;0;806528,0955;5820097,473;13,51109213;52,44489424
29178;136262;11;11;11040926;2020;1;10;5;2;6;4;0;0;0;1;0;0;1;1;805348,0474;5827368,921;13,50044189;52,51072499
29179;136263;11;1;1044103;2020;1;8;2;3;2;6;0;0;1;0;0;0;0;0;794873,8751;5830253,019;13,3491152;52,54234175
29180;136264;11;1;1011303;2020;1;8;2;3;5;2;0;1;0;0;0;1;0;1;799097,7229;5828458,174;13,40959879;52,52395155
29181;136265;11;9;9041301;2020;1;7;5;2;6;4;2;0;1;1;0;0;0;1;811675,2585;5818510,387;13,58510068;52,42776221
29182;136266;11;6;6010102;2020;1;8;2;3;6;4;0;0;1;1;0;0;0;0;793591,6949;5820615,349;13,32176679;52,45663671
29183;136267;11;3;3030716;2020;1;7;2;3;0;6;1;0;1;0;0;0;1;1;803406,6539;5833517,555;13,47753763;52,56691662
29184;136268;11;2;2050801;2020;1;16;4;3;3;6;1;1;1;0;0;0;0;0;803344,3092;5826756,422;13,47044918;52,50635321
29185;136269;11;3;3050923;2020;1;19;2;3;5;3;2;1;1;0;0;0;0;1;800443,1325;5832252,389;13,43280084;52,55722031
29186;136270;11;2;2020204;2020;1;18;5;3;6;4;2;1;0;1;0;0;0;0;798607,1749;5825321,055;13,39957539;52,49610041
29187;136271;11;12;12214527;2020;1;18;2;3;5;3;2;1;1;0;0;0;0;0;790145,2876;5835787,286;13,28442761;52,59449492
29188;136272;11;10;10010310;2020;1;9;4;3;5;3;0;0;1;0;0;0;0;1;808050,8081;5830430,283;13,54297721;52,53664114
29189;136273;11;1;1011401;2020;1;18;2;3;0;6;2;0;1;0;1;0;0;0;797457,1459;5829356,569;13,38629275;52,53290208
29190;136274;11;1;1022204;2020;1;13;4;3;1;5;0;1;0;0;0;0;1;0;794625,8921;5828333,535;13,34376761;52,5252691
29191;136275;11;1;1011202;2020;1;18;2;3;6;7;2;0;0;1;1;0;0;0;797687,8853;5827890,145;13,38837158;52,51963144
29192;136276;11;8;8010303;2020;1;16;2;3;2;6;1;0;1;0;0;0;0;0;801163,6867;5823785,404;13,4357323;52,48093135
29193;136277;11;1;1044101;2020;1;9;4;3;6;4;0;0;1;1;0;0;0;1;794448,1219;5831006,618;13,34352345;52,54932747
29194;136278;11;11;11030618;2020;1;9;3;3;2;6;0;0;1;0;0;0;0;0;802598,1924;5829337,83;13,46183768;52,52990445
29195;136279;11;7;7050502;2020;1;16;2;3;2;6;1;0;1;0;0;0;0;0;798343,5971;5818407,631;13,38952376;52,43427391
29196;136280;11;1;1011402;2020;1;9;4;3;1;5;0;1;1;0;0;0;0;1;798844,1413;5829700,428;13,40698891;52,53522561
29197;136281;11;3;3020307;2020;1;8;3;3;5;2;0;1;1;0;0;0;0;1;799870,2004;5836930,157;13,42860647;52,59946401
29198;136282;11;9;9020701;2020;1;15;2;3;5;3;0;0;1;0;0;0;0;0;807659,9559;5819358,94;13,52701319;52,43763971
29199;136283;11;9;9051702;2020;1;15;5;2;0;3;0;1;0;0;1;0;0;1;814580,9873;5821242,076;13,63026738;52,45057789
29200;136284;11;4;4020205;2020;1;15;2;3;1;5;0;0;1;0;0;0;0;0;787955,3419;5827645,63;13,24512258;52,52266591
29201;136285;11;3;3030405;2020;1;14;2;3;6;4;0;0;1;1;0;0;0;0;804070,0809;5839042,684;13,49236716;52,61606513
29202;136286;11;6;6010101;2020;1;22;4;3;6;2;2;0;1;1;0;0;0;0;793503,4789;5820627,187;13,32048264;52,45679021
29203;136287;11;11;11030720;2020;1;14;4;3;2;6;0;0;1;0;0;0;0;0;804702,5676;5828701,882;13,49218086;52,52303262
29204;136288;11;9;9020701;2020;1;7;2;3;2;6;1;0;1;0;0;0;0;1;808489,8427;5819335,154;13,53916093;52,43695911
29205;136289;11;8;8010404;2020;1;7;2;3;5;3;1;1;0;0;0;0;1;0;801912,0563;5822865,709;13,44588619;52,47227476
29206;136290;11;3;3040614;2020;1;7;2;3;5;2;1;1;1;0;0;0;0;1;798342,9644;5833055,519;13,40263638;52,56557381
29207;136291;11;12;12214424;2020;1;7;4;3;5;2;1;0;1;0;0;0;0;1;793478,7045;5832418,937;13,33051634;52,56251124
29208;136292;11;4;4010101;2020;1;8;3;3;2;6;0;0;1;0;0;0;0;1;791209,6813;5829707,127;13,29475933;52,53941866
29209;136293;11;3;3050923;2020;1;7;2;3;5;3;1;1;1;0;0;0;0;1;800427,6725;5832285,954;13,43260387;52,55752969
29210;136294;11;2;2030302;2020;1;13;5;3;1;5;0;1;1;0;0;0;0;0;800225,7961;5825857,875;13,42383046;52,50002419
29211;136295;11;2;2020202;2020;1;15;4;3;5;7;0;0;1;0;0;0;1;0;797393,2797;5825360,595;13,38178252;52,49711764
29212;136296;11;8;8040933;2020;1;6;2;3;5;2;2;0;1;0;0;0;0;1;803023,8306;5819374,068;13,45903539;52,44036358
29213;136297;11;8;8020620;2020;1;17;4;2;5;3;2;0;1;0;0;0;0;1;801173,8878;5820603,56;13,43301032;52,45240588
29214;136298;11;5;5030731;2020;1;6;2;3;5;2;2;1;1;0;0;0;0;0;787944,744;5830021,895;13,24702546;52,54397578
29215;136299;11;1;1033102;2020;1;21;5;3;5;7;2;0;1;0;0;0;0;0;797135,1225;5831805,007;13,38374947;52,55502506
29216;136300;11;11;11010205;2020;1;18;4;3;6;4;2;0;1;1;0;0;0;0;806529,1475;5833581,626;13,52352184;52,56574176
29217;136301;11;1;1011201;2020;1;6;2;3;5;3;2;0;1;0;1;0;0;0;796996,2285;5826615,614;13,37707033;52,50858378
29218;136302;11;2;2020206;2020;1;18;4;3;2;7;2;1;1;0;0;0;0;1;799211,7632;5825016,779;13,40818129;52,4930419
29219;136303;11;6;6020302;2020;1;1;4;1;8;7;2;0;0;0;1;0;0;0;794953,5181;5819242,646;13,34053875;52,44359796
29220;136304;11;8;8010302;2020;1;4;2;2;5;3;2;0;1;0;1;0;0;0;801840,1779;5824430,254;13,44624742;52,48633773
29221;136305;11;6;6010207;2020;1;8;3;3;5;2;0;1;1;0;0;0;0;0;793193,3821;5820012,907;13,31539262;52,45144979
29222;136306;11;11;11010205;2020;1;4;2;3;5;2;2;1;1;0;0;0;0;0;806851,0487;5832568,279;13,5273191;52,55647879
29223;136307;11;1;1022205;2020;1;4;2;3;8;1;2;0;1;0;0;0;0;1;795997,4301;5828681,135;13,36423448;52,52764212
29224;136308;11;1;1011202;2020;1;8;3;3;5;2;0;1;1;0;0;0;0;0;797160,2016;5827687,336;13,38043628;52,51810128
29225;136309;11;4;4020314;2020;1;2;1;3;8;1;2;0;1;0;0;0;0;1;789935,4672;5825099,118;13,27200785;52,49878669
29226;136310;11;8;8010404;2020;1;8;5;3;5;3;0;1;1;0;0;0;0;1;802011,9778;5823509,341;13,4479356;52,47798848
29227;136311;11;11;11010205;2020;1;6;4;3;2;6;2;0;1;0;0;1;0;1;806918,2666;5832635,863;13,52836997;52,55704661
29228;136312;11;4;4030828;2020;1;19;1;3;6;7;2;0;1;1;0;0;0;0;792985,8852;5826101,625;13,31769792;52,50614468
29229;136313;11;2;2050803;2020;1;3;1;3;9;1;2;0;1;1;0;0;0;1;803104,6402;5826264,68;13,46648115;52,50207899
29230;136314;11;8;8020622;2020;1;11;3;3;6;4;0;0;1;1;0;0;0;0;801446,8783;5820311,797;13,43675209;52,44964025
29231;136315;11;2;2030402;2020;1;0;1;3;6;4;2;0;1;1;0;0;0;0;801599,441;5825935,832;13,44407573;52,49996549
29232;136316;11;5;5010101;2020;1;22;1;3;2;6;2;0;1;0;0;0;0;1;785904,3744;5831721,077;13,21848337;52,56028477
29233;136317;11;10;10040933;2020;1;15;3;3;6;4;0;0;1;1;0;0;0;0;812394,9318;5824672,004;13,601415;52,48256787
29234;136318;11;8;8020619;2020;1;20;1;3;5;5;2;0;1;0;0;0;0;0;801394,2471;5821141,955;13,43672919;52,45711022
29235;136319;11;11;11020514;2020;1;20;1;3;6;7;2;0;1;1;0;0;0;0;804604,9324;5830490,983;13,49238555;52,53912201
29236;136320;11;2;2030401;2020;1;14;3;3;1;5;0;1;1;0;0;0;0;0;801160,6513;5825125,21;13,43689836;52,49294204
29237;136321;11;4;4010101;2020;1;19;1;3;2;6;2;0;1;0;0;0;0;0;791263,6253;5830718,333;13,29643915;52,54845513
29238;136322;11;3;3020307;2020;1;6;5;2;6;4;2;0;1;1;0;0;0;1;799920,8697;5838171,968;13,43047759;52,6105666
29239;136323;11;1;1011302;2020;1;15;3;3;6;2;0;0;0;1;0;0;1;0;797914,2215;5828868,747;13,3925741;52,52827975
29240;136324;11;3;3061227;2020;1;19;1;3;5;3;2;0;1;0;0;0;1;0;799493,143;5831756,906;13,41838286;52,55330239
29241;136325;11;1;1044201;2020;1;18;1;3;1;5;2;0;1;0;0;0;0;0;796613,4342;5831735,497;13,37601511;52,55468636
29242;136326;11;9;9020802;2020;1;14;3;3;6;7;0;1;0;1;0;0;0;0;810489,716;5820162,167;13,56925434;52,443239
29243;136327;11;4;4041137;2020;1;8;3;3;5;3;0;0;1;0;0;0;0;1;790964,7037;5823389,14;13,28563375;52,48290888
29244;136328;11;8;8010405;2020;1;17;1;3;1;5;1;1;1;0;0;0;0;0;801670,3406;5823796,408;13,44318023;52,48075032
29245;136329;11;4;4051448;2020;1;17;5;3;6;4;2;0;1;1;0;0;0;0;793500,4365;5825216,776;13,32447744;52,49793583
29246;136330;11;4;4020313;2020;1;12;1;3;5;2;0;0;1;0;0;0;0;0;790213,3058;5826038,984;13,27690842;52,50706503
29247;136331;11;5;5040935;2020;1;14;3;3;5;3;0;1;1;0;0;0;0;0;782723,5119;5820878,683;13,16247388;52,46472868
29248;136332;11;12;12302108;2020;1;21;7;3;5;3;2;0;1;0;0;0;0;1;794612,5106;5837104,597;13,35135969;52,60390191
29249;136333;11;4;4030725;2020;1;8;4;3;3;6;0;0;1;0;0;0;0;0;791931,8596;5826194,014;13,30229356;52,50753795
29250;136334;11;12;12214424;2020;1;23;6;3;5;3;2;0;1;0;1;0;0;0;793295,6996;5832587,74;13,32797355;52,56412308
29251;136335;11;10;10020621;2020;1;19;7;3;2;6;2;0;1;0;0;0;0;1;811672,1666;5829776,72;13,59558476;52,52872567
29252;136336;11;9;9030902;2020;1;12;3;3;5;3;0;1;1;0;0;0;0;0;807979,057;5815458,353;13,5281026;52,40250226
29253;136337;11;8;8010211;2020;1;19;7;3;6;7;2;0;1;1;0;0;0;1;800425,367;5823807,954;13,42491345;52,48154015
29254;136338;11;4;4041137;2020;1;14;4;3;1;5;0;1;1;0;0;0;0;0;791280,9347;5824368,817;13,29113358;52,49152307
29255;136339;11;12;12214423;2020;1;17;7;3;5;3;2;0;1;0;0;0;0;1;792602,6004;5833644,865;13,31871013;52,57397266
29256;136340;11;4;4030623;2020;1;18;7;3;6;4;2;0;1;1;0;0;0;1;793804,6082;5826890,126;13,33042197;52,51277291
29257;136341;11;1;1044203;2020;1;11;3;2;0;4;0;0;0;1;0;0;1;0;796352,6704;5831941,681;13,37236425;52,55667653
29258;136342;11;5;5010311;2020;1;8;3;3;2;6;0;0;1;0;0;0;0;1;785387,2348;5830617,981;13,20992705;52,5506659
29259;136343;11;8;8041036;2020;1;18;7;3;5;3;2;0;1;0;0;0;0;1;804921,4698;5816911,735;13,48462182;52,41723963
29260;136344;11;2;2030302;2020;1;23;5;3;5;3;2;0;1;0;0;0;1;1;800408,0334;5825799,552;13,42645441;52,49940113
29261;136345;11;4;4030518;2020;1;14;3;3;5;3;0;0;1;0;0;0;0;1;791917,8327;5828209,159;13,30385558;52,52561083
29262;136346;11;4;4051653;2020;1;16;7;3;2;6;2;0;1;0;0;0;0;1;793993,3193;5824432,354;13,33102488;52,49063858
29263;136347;11;10;10010311;2020;1;7;4;3;6;4;1;0;0;1;1;0;0;1;809954,665;5830999,027;13,571488;52,54065857
29264;136348;11;4;4030417;2020;1;11;3;3;5;2;0;0;1;0;1;0;0;1;791014,4337;5826510,265;13,28909089;52,5108633
29265;136349;11;7;7020203;2020;1;15;7;3;2;6;0;1;1;0;0;0;0;0;795509,8256;5824411,042;13,35327684;52,4896287
29266;136350;11;9;9051901;2020;1;16;7;3;0;1;1;1;0;0;0;0;0;1;810740,7615;5821392,79;13,57408072;52,45412479
29267;136351;11;1;1011302;2020;1;14;7;2;5;3;0;1;0;0;0;0;0;1;798760,3319;5828975,092;13,40510505;52,52876996
29268;136352;11;8;8030831;2020;1;13;7;3;8;1;0;0;1;0;0;0;0;1;803345,0735;5817353,001;13,46191356;52,42207064
29269;136353;11;3;3030406;2020;1;13;7;3;0;7;0;1;0;0;0;0;0;1;802080,8124;5838488,475;13,46256869;52,6122073
29270;136354;11;8;8020622;2020;1;11;3;3;5;3;0;1;1;0;0;0;0;0;802555,6276;5819065,285;13,45188881;52,43785515
29271;136355;11;7;7050501;2020;1;16;3;2;5;2;2;0;1;0;1;0;0;1;797594,9514;5818740,09;13,37883988;52,43766189
29272;136356;11;6;6040701;2020;1;12;7;2;2;7;0;0;0;0;1;1;0;1;784020,037;5816109,883;13,17745372;52,42129751
29273;136357;11;10;10040828;2020;1;19;5;3;1;5;2;0;1;0;0;0;0;0;812100,0524;5829730,811;13,60182872;52,52806949
29274;136358;11;1;1011303;2020;1;7;7;2;6;4;2;0;1;1;0;0;0;1;798707,9417;5828099,962;13,40354899;52,52095437
29275;136359;11;1;1011203;2020;1;18;4;3;5;3;2;0;1;0;0;0;0;1;797765,4327;5827448,796;13,38911608;52,51563295
29276;136360;11;11;11020515;2020;1;21;3;3;3;6;2;0;1;0;1;0;0;0;803457,3282;5829880,826;13,47495947;52,5342936
29277;136361;11;8;8010117;2020;1;22;7;3;6;4;2;0;0;1;0;0;1;1;800546,839;5823338,665;13,4262738;52,47726689
29278;136362;11;5;5010204;2020;1;20;3;2;0;2;2;0;1;0;1;0;0;0;781785,7672;5831582,572;13,15777144;52,56118999
29279;136363;11;6;6020409;2020;1;16;6;3;6;7;1;0;1;0;0;0;1;0;793057,6843;5817678,212;13,31135411;52,43059246
29280;136364;11;2;2040503;2020;1;17;6;3;3;6;1;1;0;0;0;0;0;0;801391,3999;5828724,848;13,44354607;52,52507877
29281;136365;11;2;2010102;2020;1;19;3;3;0;2;2;1;1;0;0;0;0;0;798405,2443;5825759,8;13,39700281;52,50014364
29282;136366;11;11;11030721;2020;1;7;6;3;6;4;1;0;1;1;0;0;0;0;804074,3165;5828684,168;13,4829333;52,52322456
29283;136367;11;8;8010118;2020;1;8;5;3;5;2;0;1;1;0;0;0;0;1;800766,0158;5822752,913;13,42896304;52,47189593
29284;136368;11;11;11020514;2020;1;16;3;3;0;6;1;1;1;0;0;0;0;0;804733,694;5831195,905;13,4949248;52,54536785
29285;136369;11;1;1011303;2020;1;16;6;3;0;2;1;0;1;0;0;0;1;0;799097,439;5828268,255;13,40942383;52,52224936
29286;136370;11;8;8010118;2020;1;17;3;3;6;7;2;0;0;1;0;0;1;0;801014,7217;5822160,328;13,43207886;52,46644741
29287;136371;11;1;1011202;2020;1;11;6;3;6;2;0;0;1;1;0;0;0;0;797732,7697;5827625,28;13,38879409;52,51723274
29288;136372;11;6;6030608;2020;1;13;5;2;5;3;0;0;1;0;0;0;0;1;792513,2109;5817326,846;13,30306124;52,42773389
29289;136373;11;8;8010213;2020;1;11;6;3;2;6;0;0;1;0;0;0;0;0;801594,6114;5822836,429;13,44120036;52,47218767
29290;136374;11;1;1011103;2020;1;18;4;3;3;6;1;0;1;0;0;0;0;0;795285,2655;5826118,901;13,35149316;52,50505992
29291;136375;11;7;7010101;2020;1;11;6;3;6;4;0;0;1;1;0;0;0;0;794697,2239;5825759,303;13,34253624;52,5021543
29292;136376;11;1;1033203;2020;1;19;3;3;5;3;2;1;1;0;0;0;0;0;796661,8715;5830359,522;13,37549826;52,5423259
29293;136377;11;3;3040818;2020;1;10;6;3;5;3;0;0;1;0;0;0;1;0;799446,6473;5832479,617;13,4183511;52,55980587
29294;136378;11;11;11010309;2020;1;7;6;2;6;4;1;0;1;1;0;0;0;1;804533,7684;5833370,76;13,4939808;52,56497168
29295;136379;11;10;10010310;2020;1;10;6;3;2;2;0;0;1;0;0;0;0;0;808345,417;5831002,187;13,54783778;52,54159985
29296;136380;11;3;3061228;2020;1;18;3;2;6;4;2;0;1;1;0;0;0;0;800166,8489;5830965,876;13,4275747;52,54584132
29297;136381;11;5;5010101;2020;1;11;6;3;5;3;0;1;1;0;0;0;0;0;784402,3162;5831928,34;13,19656314;52,56292973
29298;136382;11;11;11010204;2020;1;5;5;3;5;2;2;1;1;0;0;0;0;1;807655,433;5833603,323;13,54010619;52,56530093
29299;136383;11;9;9020802;2020;1;17;6;2;6;4;2;0;0;1;0;0;1;0;810369,4624;5820335,885;13,56765211;52,44486407
29300;136384;11;11;11041128;2020;1;17;6;2;6;4;2;0;1;1;0;0;0;0;806033,0786;5825655,68;13,50892991;52,4949865
29301;136385;11;11;11030618;2020;1;17;3;3;2;6;2;0;1;0;0;0;0;0;803373,6529;5829679,62;13,473546;52,53253683
29302;136386;11;3;3030711;2020;1;17;6;2;5;2;2;0;1;0;1;0;0;0;801597,1326;5835967,818;13,45315063;52,58988361
29303;136387;11;12;12214423;2020;1;15;6;3;2;7;0;0;0;0;1;0;1;0;792427,6545;5833306,658;13,31583772;52,57103481
29304;136388;11;4;4041136;2020;1;10;3;2;6;4;0;0;1;1;0;0;0;0;790667,291;5823307,004;13,28119482;52,48233093
29305;136389;11;5;5010101;2020;1;15;6;3;5;3;0;0;1;0;0;0;0;0;785336,4881;5832488,478;13,21078891;52,56746303
29306;136390;11;8;8010404;2020;1;14;5;3;2;6;0;0;1;0;0;0;0;0;801909,3378;5823557,239;13,44647226;52,47847455
29307;136391;11;4;4051551;2020;1;13;6;2;5;2;0;0;1;0;1;0;0;0;792838,3744;5823217,375;13,3129956;52,48036743
29308;136392;11;10;10020622;2020;1;9;3;3;6;2;0;0;1;1;0;0;0;1;811144,5129;5829135,485;13,58723171;52,52328075
29309;136393;11;3;3061131;2020;1;12;6;2;6;4;0;0;1;1;0;0;0;0;799184,9761;5831110,083;13,41326838;52,547674
29310;136394;11;12;12302211;2020;1;13;4;3;6;2;0;0;0;1;0;0;1;0;792920,7903;5837070,006;13,32642045;52,60450594
29311;136395;11;1;1022104;2020;1;17;3;3;6;2;1;0;1;1;0;0;0;1;794569,3908;5828430,19;13,34302281;52,52616607
29312;136396;11;1;1022101;2020;1;12;6;3;5;7;0;0;1;0;1;0;0;0;793456,9028;5829097,41;13,32726059;52,53274733
29313;136397;11;10;10010207;2020;1;11;6;2;5;3;0;1;1;0;0;0;0;0;808694,5418;5831863,161;13,55376954;52,54911799
29314;136398;11;2;2050801;2020;1;8;3;3;5;3;0;1;1;0;0;0;0;0;803051,8001;5826997,603;13,46637221;52,50867743
29315;136399;11;12;12103218;2020;1;16;3;3;1;5;1;0;1;0;0;0;0;1;795180,4816;5834187,286;13,35712256;52,57744296
29316;136400;11;1;1011303;2020;1;23;6;3;6;7;2;1;1;1;0;0;0;1;799324,0008;5828901,139;13,41332279;52,52779789
29317;136401;11;12;12214125;2020;1;21;5;2;6;4;2;0;1;1;0;0;0;0;790913,0884;5833901,151;13,29407478;52,57717594
29318;136402;11;5;5040936;2020;1;20;3;2;6;2;2;0;1;1;0;0;0;1;781551,5995;5819649,157;13,14423214;52,45430903
29319;136403;11;1;1011402;2020;1;22;6;3;6;4;2;0;1;1;0;0;0;0;798522,8473;5829138,833;13,4017617;52,53036777
29320;136404;11;6;6030504;2020;1;13;5;2;1;1;0;0;1;0;0;1;0;1;790626,8953;5817092,018;13,27519238;52,42663388
29321;136405;11;12;12214125;2020;1;20;6;3;5;3;2;0;1;0;0;0;0;0;791759,7861;5833980,904;13,30660447;52,57743761
29322;136406;11;1;1022206;2020;1;19;6;3;3;6;2;1;1;0;0;0;0;0;795687,5499;5828180,04;13,35923436;52,52331841
29323;136407;11;2;2020204;2020;1;9;4;3;3;6;0;1;0;0;0;0;1;0;798249,8241;5825465,011;13,39445604;52,49758619
29324;136408;11;1;1011103;2020;1;18;6;3;5;5;2;0;1;0;0;0;0;0;795692,043;5825724,556;13,35711865;52,50130464
29325;136409;11;1;1011301;2020;1;17;6;3;5;2;2;0;1;0;1;0;0;0;797130,4131;5827865,617;13,3801578;52,51971561
29326;136410;11;12;12224230;2020;1;7;6;3;6;4;1;0;1;1;0;0;0;1;786310,0793;5838913,068;13,23066875;52,62455188
29327;136411;11;1;1011401;2020;1;8;3;3;6;4;0;0;0;1;1;0;0;0;797481,4695;5829376,631;13,38666824;52,53306864
29328;136412;11;3;3061227;2020;1;16;3;3;6;2;1;0;1;1;0;0;0;1;799685,0361;5831275,273;13,42076997;52,5488798
29329;136413;11;11;11020411;2020;1;7;6;3;2;6;0;0;1;0;0;0;0;1;806678,124;5832418,165;13,52463772;52,55523086
29330;136414;11;1;1044202;2020;1;13;5;3;5;2;0;1;1;0;0;0;0;1;794623,9213;5829871,433;13,34510175;52,53905633
29331;136415;11;11;11030618;2020;1;6;6;3;2;6;2;0;1;0;0;0;0;0;802585,8491;5829332,29;13,46165123;52,52986165
29332;136416;11;4;4030931;2020;1;18;4;3;2;6;2;0;1;0;0;0;0;1;793601,4898;5825472,658;13,32618733;52,50017534
29333;136417;11;11;11030721;2020;1;6;6;3;2;2;2;0;1;0;0;0;1;0;805211,424;5828423,566;13,49940235;52,52025365
29334;136418;11;2;2010101;2020;1;7;3;3;2;6;1;0;1;0;0;0;0;0;797865,225;5825572,193;13,38890322;52,49875699
29335;136419;11;7;7010102;2020;1;4;6;3;5;3;2;1;1;0;0;0;0;0;795425,3519;5825488,236;13,35299156;52,49933066
29336;136420;11;5;5010206;2020;1;6;4;3;5;2;1;0;1;0;0;0;0;1;782366,7017;5830502,201;13,16539948;52,55120206
29337;136421;11;6;6010102;2020;1;6;3;3;2;6;1;0;1;0;0;0;0;1;793442,1496;5820275,772;13,31927381;52,45367281
29338;136422;11;5;5010339;2020;1;13;6;3;6;7;0;1;0;1;0;0;0;0;787976,0948;5827883,376;13,24563349;52,52478645
29339;136423;11;10;10030725;2020;1;5;3;3;0;1;2;0;1;0;0;0;0;0;810278,5479;5829916,471;13,57523773;52,53077298
29340;136424;11;10;10010310;2020;1;2;5;3;0;1;2;1;0;0;0;0;0;1;808521,013;5831165,932;13,55057086;52,5429679
29341;136425;11;2;2010102;2020;1;21;5;3;6;4;2;0;0;1;0;0;1;0;798260,451;5825789,235;13,39490247;52,50048664
29342;136426;11;12;12214125;2020;1;13;3;1;4;5;0;0;1;0;0;1;0;0;789832,0439;5833675,505;13,27796902;52,57572987
29343;136427;11;1;1011102;2020;1;7;5;3;0;2;2;0;1;0;1;0;0;0;795417,411;5827468,589;13,35463245;52,51708727
29344;136428;11;8;8040933;2020;1;8;5;3;5;3;0;0;1;0;0;0;1;1;803024,7338;5819379,284;13,45905337;52,44040983
29345;136429;11;9;9052001;2020;1;7;5;3;5;2;0;0;1;0;0;0;0;1;809215,9384;5823033,132;13,5532321;52,46968997
29346;136430;11;1;1022106;2020;1;14;5;3;5;3;0;1;0;0;0;0;1;0;793707,5111;5828113,591;13,33007545;52,52379294
29347;136431;11;7;7030301;2020;1;13;2;3;6;2;0;0;1;1;0;0;0;0;793941,3574;5822512,839;13,32856934;52,47345899
29348;136432;11;3;3061126;2020;1;14;5;3;2;6;0;0;1;0;0;0;0;0;799186,1259;5831775,211;13,41388459;52,55363519
29349;136433;11;7;7010104;2020;1;13;6;3;5;3;0;1;1;0;0;0;0;0;796286,1008;5825322,839;13,36548733;52,49738139
29350;136434;11;9;9051901;2020;1;14;5;3;5;2;0;1;1;0;0;0;0;0;810929,9183;5821589,509;13,57703862;52,45578013
29351;136435;11;12;12231101;2020;1;13;2;3;5;3;0;0;1;0;0;0;0;0;791224,4146;5838481,632;13,30268469;52,61807209
29352;136436;11;1;1022101;2020;1;15;5;3;5;3;0;1;1;0;0;0;0;0;792993,1602;5828924,836;13,32029135;52,53144975
29353;136437;11;4;4010102;2020;1;14;5;3;3;6;0;0;1;0;0;0;0;1;793338,4467;5829736,547;13,32608341;52,53854064
29354;136438;11;7;7040406;2020;1;12;5;3;3;6;0;1;1;0;0;0;0;0;800296,249;5822029,176;13,42141644;52,46566719
29355;136439;11;1;1011101;2020;1;9;2;3;5;2;0;0;1;0;1;0;0;1;794925,7169;5825982,347;13,34609026;52,50403028
29356;136440;11;1;1022104;2020;1;12;5;3;2;2;0;0;1;0;0;0;0;0;794046,1467;5828459,279;13,33535804;52,52670931
29357;136441;11;5;5010101;2020;1;7;5;2;6;2;1;0;1;1;0;0;0;1;785230,3619;5831827,397;13,208659;52,56159151
29358;136442;11;1;1011303;2020;1;12;5;2;6;4;0;0;0;1;0;0;1;0;799498,019;5828344,449;13,41537892;52,52271245
29359;136443;11;8;8010510;2020;1;10;5;3;5;2;0;0;1;0;0;0;0;0;803480,2827;5821653,31;13,46780086;52,46053919
29360;136444;11;1;1011302;2020;1;12;2;3;0;2;0;0;0;0;0;1;1;0;797756,6467;5828570,565;13,38999114;52,52569301
29361;136445;11;1;1011204;2020;1;9;5;3;2;6;0;1;1;0;0;0;0;0;797987,7045;5826863,512;13,39185787;52,51026521
29362;136446;11;1;1011304;2020;1;18;5;3;6;4;2;0;1;1;0;0;0;0;800056,4647;5827394,582;13,42272851;52,51389143
29363;136447;11;11;11030720;2020;1;8;5;3;2;2;0;0;1;0;0;0;0;0;805194,393;5829104,166;13,49977666;52,526363
29364;136448;11;1;1044101;2020;1;14;2;3;5;2;0;1;1;0;0;0;0;0;794425,8677;5831447,292;13,34358696;52,55328982
29365;136449;11;9;9041501;2020;1;8;5;3;1;6;0;1;1;0;0;0;0;0;811022,9902;5820295,038;13,57719865;52,4441267
29366;136450;11;4;4051448;2020;1;13;4;3;5;3;0;1;1;0;0;0;0;0;793494,8139;5825202,803;13,32438254;52,49781359
29367;136451;11;7;7070701;2020;1;7;5;3;2;2;1;0;1;0;1;0;0;1;799734,4294;5814500,256;13,40642207;52,39848902
29368;136452;11;3;3040513;2020;1;17;4;3;1;5;2;0;1;0;0;0;1;1;797381,4603;5833409,166;13,38880986;52,56926985