;OBJECTID;LAND;BEZ;LOR;UJAHR;UMONAT;USTUNDE;UWOCHENTAG;UKATEGORIE;UART;UTYP1;ULICHTVERH;IstRad;IstPKW;IstFuss;IstKrad;IstGkfz;IstSonstige;USTRZUSTAND;LINREFX;LINREFY;XGCSWGS84;YGCSWGS84
29369;136453;11;5;5010313;2020;1;6;5;2;6;2;2;0;1;1;0;0;0;0;784285,0646;5830352,287;13,19348819;52,54886006
29370;136454;11;1;1044202;2020;1;6;5;3;5;2;2;0;1;0;0;0;0;0;795524,5012;5830751,609;13,35912477;52,54645867
29371;136455;11;6;6010206;2020;1;13;2;3;0;6;0;0;1;0;0;0;1;0;794418,4291;5820159,806;13,3334972;52,45210826
29372;136456;11;8;8010118;2020;1;20;3;3;9;1;2;0;1;0;0;0;0;1;800576,6987;5821828,146;13,42535122;52,46371107
29373;136457;11;11;11020513;2020;1;18;5;2;6;3;2;0;1;1;0;0;0;0;803208,8651;5830269,886;13,47166258;52,53791892
29374;136458;11;1;1011301;2020;1;14;5;3;1;5;0;1;1;0;0;0;0;0;796887,9509;5828905,788;13,37752348;52,52917166
29375;136459;11;1;1011402;2020;1;18;5;3;5;3;2;1;1;0;0;0;0;0;798813,0279;5829357,519;13,40622328;52,53216898
29376;136460;11;1;1033203;2020;1;22;3;3;6;2;2;0;0;1;0;0;1;1;796301,3906;5830595,966;13,37040921;52,54464152
29377;136461;11;2;2030401;2020;1;7;5;3;5;2;1;1;1;0;0;0;0;1;800798,6886;5825592,976;13,43200539;52,49733435
29378;136462;11;1;1044103;2020;1;9;4;3;2;6;0;0;1;0;0;0;0;0;794646,7716;5830833,087;13,34629068;52,54766448
29379;136463;11;3;3040614;2020;1;7;3;3;6;2;0;0;1;1;0;0;0;1;799612,2912;5835393,688;13,42342011;52,58583443
29380;136464;11;6;6030608;2020;1;20;5;3;1;5;2;1;1;0;0;0;0;0;791659,6968;5817467,426;13,29066637;52,42944987
29381;136465;11;12;12224230;2020;1;17;5;3;6;4;2;0;1;1;0;0;0;0;785216,5676;5837073,527;13,21297172;52,60863435
29382;136466;11;11;11030720;2020;1;7;5;3;5;3;1;1;0;0;0;0;1;0;805193,8755;5828716,451;13,49941325;52,52288843
29383;136467;11;5;5010314;2020;1;13;2;3;5;3;0;1;1;0;0;0;0;0;785279,4019;5828765,717;13,20675029;52,53411522
29384;136468;11;8;8020727;2020;1;15;4;2;6;4;0;0;1;1;0;0;0;0;800782,043;5817429,31;13,424405;52,42416938
29385;136469;11;7;7060604;2020;1;13;5;3;5;2;0;0;1;0;0;0;0;1;795804,0329;5816023,804;13,35016871;52,41428367
29386;136470;11;1;1011402;2020;2;4;2;3;5;3;2;0;1;0;0;0;0;1;798511,4563;5830042,583;13,40240597;52,53847485
29387;136471;11;9;9020702;2020;2;17;1;3;0;7;2;0;1;0;1;0;0;0;809292,268;5819618,859;13,55119004;52,4390485
29388;136472;11;1;1044203;2020;2;13;2;3;2;2;0;0;1;0;0;0;1;1;795462,7781;5831573,483;13,3589485;52,55385951
29389;136473;11;1;1022104;2020;2;6;2;3;6;4;1;0;0;1;1;0;0;0;794542,5382;5829083,018;13,34320651;52,53203274
29390;136474;11;4;4030931;2020;2;15;1;3;2;6;0;0;1;0;0;0;0;1;793893,0078;5826058,673;13,33098673;52,50527175
29391;136475;11;8;8020727;2020;2;15;4;3;0;3;0;1;0;0;0;0;1;0;801636,2899;5817396,46;13,43690022;52,42340472
29392;136476;11;2;2030302;2020;2;20;1;3;5;3;2;0;1;0;1;0;0;1;800399,1006;5825791,316;13,42631579;52,49933222
29393;136477;11;2;2040502;2020;2;17;1;3;5;3;2;1;1;0;0;0;0;0;801216,0722;5828645,513;13,44089772;52,52446458
29394;136478;11;8;8010213;2020;2;18;2;3;1;5;2;1;1;0;0;0;0;1;800954,5567;5822557,57;13,43155418;52,47004117
29395;136479;11;2;2040703;2020;2;16;1;3;0;7;0;0;1;0;0;0;1;0;801010,1097;5826751,88;13,43615794;52,50760531
29396;136480;11;7;7030301;2020;2;8;3;3;4;6;0;1;0;0;0;0;0;0;794778,9683;5822871,613;13,34118266;52,47622379
29397;136481;11;12;12214422;2020;2;4;1;2;1;1;2;0;1;0;0;0;1;0;792297,7563;5833651,634;13,31423059;52,57419715
29398;136482;11;1;1011105;2020;2;13;1;3;2;6;0;0;1;0;0;0;0;0;796100,9105;5826711,343;13,36400212;52,50992859
29399;136483;11;11;11040926;2020;2;20;1;3;6;2;2;0;1;1;0;0;0;1;806688,5339;5826892,794;13,51969365;52,50570589
29400;136484;11;4;4010103;2020;2;15;3;3;5;2;0;1;1;0;0;0;0;1;791701,775;5829739,312;13,30202276;52,53944399
29401;136485;11;3;3061429;2020;2;8;4;3;5;3;0;1;1;0;0;0;0;1;801199,9911;5830697,93;13,44252127;52,54286951
29402;136486;11;2;2020206;2020;2;19;1;3;0;7;2;0;1;1;0;0;0;1;800159,1852;5825045,261;13,42211989;52,49277704
29403;136487;11;4;4051445;2020;2;17;2;3;5;2;2;0;1;0;0;0;0;1;792060,1663;5824057,561;13,30230525;52,48831634
29404;136488;11;7;7050501;2020;2;14;1;3;2;6;0;1;1;0;0;0;0;0;797524,8722;5819592,862;13,37857122;52,44534429
29405;136489;11;1;1044201;2020;2;19;3;3;2;6;2;0;1;0;0;0;0;1;796999,3263;5831896,742;13,38183446;52,55592143
29406;136490;11;4;4031032;2020;2;19;1;2;5;3;2;1;1;0;0;0;0;1;791847,511;5825217,256;13,30019815;52,49882659
29407;136491;11;1;1011303;2020;2;13;1;3;5;2;0;0;1;0;0;0;0;0;799245,7316;5828468,891;13,4117835;52,52396641
29408;136492;11;4;4010101;2020;2;8;5;3;5;2;0;1;0;0;0;0;1;0;790398,7703;5829029,519;13,28224422;52,53377665
29409;136493;11;1;1011304;2020;2;19;1;3;2;6;2;1;0;0;0;0;1;1;799797,3249;5827534,754;13,41904752;52,51529034
29410;136494;11;9;9020502;2020;2;10;3;3;5;7;0;0;1;0;0;0;1;0;809396,7948;5821505,1;13,55446971;52,45589363
29411;136495;11;1;1011101;2020;2;10;2;3;5;3;0;0;1;0;0;0;0;1;795116,9408;5826082,499;13,34898813;52,50482467
29412;136496;11;5;5020524;2020;2;12;7;3;2;6;0;0;1;0;0;0;0;0;783416,4945;5826742,282;13,17763471;52,51694458
29413;136497;11;1;1033102;2020;2;11;2;2;5;3;0;0;1;0;0;0;1;1;797506,7427;5831285,723;13,38874933;52,55016747
29414;136498;11;1;1044102;2020;2;13;3;3;1;5;0;0;1;0;0;0;0;0;794858,0233;5831983,659;13,35041892;52,55786413
29415;136499;11;6;6010206;2020;2;19;1;3;6;2;2;0;1;1;0;0;0;1;794726,2283;5820048,791;13,33791558;52,4509472
29416;136500;11;4;4051445;2020;2;12;7;3;0;5;0;0;0;0;0;0;1;0;792023,9273;5824052,329;13,30176847;52,48828882
29417;136501;11;4;4051551;2020;2;15;2;3;1;5;0;0;1;0;0;0;0;1;793006,4387;5823296,113;13,31553246;52,48098314
29418;136502;11;2;2040701;2020;2;12;7;3;2;6;0;0;1;0;0;0;0;0;800595,2543;5827067,585;13,43034896;52,5106638
29419;136503;11;1;1033102;2020;2;18;3;3;6;2;2;0;0;1;0;0;1;0;797152,714;5831394,508;13,38364076;52,55133584
29420;136504;11;8;8030829;2020;2;18;1;3;6;2;2;0;1;1;0;0;0;1;803167,6002;5818439,633;13,4602966;52,43190853
29421;136505;11;4;4051655;2020;2;11;7;3;5;2;0;1;1;0;0;0;0;0;794154,6741;5824098,81;13,33310011;52,48756161
29422;136506;11;10;10010205;2020;2;14;4;3;8;1;0;0;0;0;0;1;0;0;810062,0124;5833193,066;13,57511439;52,56025929
29423;136507;11;12;12302110;2020;2;17;1;2;6;2;2;0;1;1;0;0;0;1;795277,3677;5836378,055;13,36050058;52,59702851
29424;136508;11;4;4031032;2020;2;21;3;3;6;7;2;0;1;1;0;0;0;1;791374,1918;5825030,636;13,2930821;52,49740648
29425;136509;11;4;4031032;2020;2;8;2;3;5;2;0;1;1;0;0;0;0;1;791577,8306;5824872,149;13,2959346;52,49587689
29426;136510;11;12;12103116;2020;2;11;7;3;1;1;0;0;1;0;0;0;0;0;796282,5554;5833252,686;13,37250369;52,56846641
29427;136511;11;1;1011402;2020;2;11;2;3;5;3;0;1;1;0;0;0;0;1;798870,0514;5829488,903;13,40717956;52,53331539
29428;136512;11;1;1011204;2020;2;6;2;3;5;2;2;1;1;0;0;0;0;0;798616,4368;5827000,201;13,40121733;52,51114663
29429;136513;11;1;1033201;2020;2;17;1;3;5;2;2;1;0;0;0;0;1;1;798081,4206;5830001,1;13,39604695;52,53833841
29430;136514;11;9;9031001;2020;2;16;4;2;5;3;0;1;1;0;0;0;0;0;811034,39;5816248,822;13,57360358;52,40785954
29431;136515;11;5;5010311;2020;2;16;1;3;6;4;1;0;1;1;0;0;0;1;785381,3206;5830228,074;13,20950496;52,54717315
29432;136516;11;1;1011401;2020;2;2;7;2;3;6;2;0;1;0;0;0;0;0;798476,311;5829093,165;13,40103671;52,5299839
29433;136517;11;10;10010309;2020;2;20;2;2;5;2;2;0;1;0;0;0;0;1;808345,982;5828203,626;13,54525071;52,51651929
29434;136518;11;7;7030301;2020;2;22;4;3;5;7;2;0;1;0;0;0;0;0;794293,5791;5822129,64;13,33340198;52,46983414
29435;136519;11;5;5010311;2020;2;16;1;3;5;7;1;0;1;0;1;0;0;1;785405,3398;5830348,241;13,20996149;52,54823797
29436;136520;11;6;6030605;2020;2;18;2;3;5;3;2;1;1;0;0;0;0;1;792100,2783;5820284,106;13,29959017;52,45446627
29437;136521;11;5;5010206;2020;2;13;3;2;5;2;0;0;1;0;0;0;0;0;781547,642;5830703,526;13,15352222;52,55343124
29438;136522;11;4;4031032;2020;2;15;2;3;5;3;0;0;1;0;0;0;0;1;790959,5119;5824829,512;13,28681515;52,49582464
29439;136523;11;4;4030929;2020;2;1;7;3;0;2;2;1;1;0;0;0;0;0;792699,7419;5825401,313;13,31287843;52,50002018
29440;136524;11;1;1044203;2020;2;8;2;3;0;5;0;1;0;0;0;0;1;1;795711,8579;5831247,156;13,36232094;52,55079911
29441;136525;11;3;3061227;2020;2;5;2;3;5;3;2;1;1;0;0;0;0;1;800107,8412;5831704,331;13,42737449;52,5524928
29442;136526;11;3;3061228;2020;2;16;1;3;5;2;1;0;1;0;1;0;0;1;800940,572;5831180,806;13,43914497;52,54734094
29443;136527;11;10;10010309;2020;2;15;4;3;6;2;0;0;1;1;0;0;0;0;807921,5425;5829228,077;13,53996384;52,52594014
29444;136528;11;6;6020306;2020;2;16;1;2;5;7;1;0;1;0;0;0;0;1;796285,4776;5816895,038;13,35799812;52,4218333
29445;136529;11;1;1022206;2020;2;21;7;3;0;2;2;1;0;0;0;0;1;0;795546,8284;5828216,376;13,35719856;52,52372043
29446;136530;11;12;12103115;2020;2;18;2;2;6;2;2;0;1;1;0;0;0;1;795339,2407;5833836,364;13,35914602;52,57421114
29447;136531;11;6;6030610;2020;2;21;7;2;5;2;2;0;1;0;0;0;0;0;792936,4908;5817750,071;13,30963959;52,43130158
29448;136532;11;1;1033202;2020;2;23;3;3;1;5;2;0;1;0;0;1;0;1;797353,2735;5830495,744;13,38578532;52,54317009
29449;136533;11;7;7010102;2020;2;22;1;2;5;2;2;0;1;0;0;0;0;1;794956,4184;5825652,197;13,34624882;52,50105412
29450;136534;11;1;1033102;2020;2;19;7;3;5;2;2;0;1;0;0;0;0;0;797173,7368;5831915,054;13,38441586;52,55599044
29451;136535;11;7;7010104;2020;2;17;7;3;5;3;2;0;1;0;1;0;0;0;796693,3819;5824308,46;13,37056597;52,4880672
29452;136536;11;4;4030726;2020;2;10;3;3;0;7;0;1;0;0;0;0;0;0;791854,8256;5825626,851;13,30066457;52,50249464
29453;136537;11;6;6020302;2020;2;12;2;3;2;6;0;0;1;0;0;0;0;0;794989,0832;5819176,474;13,34100208;52,44298558
29454;136538;11;3;3061126;2020;2;17;7;3;5;3;1;1;1;0;0;0;0;0;798388,44;5831802,944;13,40217908;52,55432137
29455;136539;11;3;3020209;2020;2;14;1;3;5;3;0;1;1;0;0;0;0;1;798077,6114;5834697,3;13,40020889;52,58043537
29456;136540;11;9;9031001;2020;2;6;4;3;6;2;1;0;1;1;0;0;0;1;808822,736;5814873,864;13,53992591;52,39678891
29457;136541;11;2;2020204;2020;2;14;1;3;5;2;0;0;1;0;0;0;0;1;798304,0577;5825320,297;13,39512297;52,49625937
29458;136542;11;2;2040701;2020;2;17;2;3;5;3;2;1;1;0;0;0;0;1;800312,2126;5827612,829;13,4266829;52,5157069
29459;136543;11;8;8010117;2020;2;15;7;3;1;5;0;1;0;0;0;0;1;0;800411,6072;5823338,629;13,4242886;52,47734097
29460;136544;11;12;12103219;2020;2;18;3;3;6;2;2;0;0;1;0;1;0;1;795065,7466;5832479,998;13,35391542;52,56220087
29461;136545;11;7;7050502;2020;2;13;1;3;5;3;0;0;1;0;0;0;0;1;797834,8081;5818564,35;13,38220137;52,435956
29462;136546;11;7;7050501;2020;2;14;7;2;5;3;0;0;1;0;1;0;0;0;797671,3773;5819324,802;13,38048164;52,44286166
29463;136547;11;7;7030303;2020;2;23;5;3;6;2;2;0;1;1;0;0;0;0;795814,9043;5820978,975;13,35471309;52,45869761
29464;136548;11;4;4020313;2020;2;13;1;3;2;6;0;0;1;0;0;0;0;1;790451,7535;5826011,962;13,28038822;52,50669587
29465;136549;11;6;6020410;2020;2;8;3;3;2;7;0;1;0;0;0;1;0;1;794286,3094;5817569,633;13,32927773;52,42895955
29466;136550;11;2;2020204;2020;2;5;5;3;5;3;2;0;1;0;1;0;0;0;798160,4691;5824813,705;13,39256076;52,49179685
29467;136551;11;1;1011101;2020;2;0;1;3;2;6;2;0;1;0;0;0;0;0;794999,7532;5825947,685;13,34714715;52,50367953
29468;136552;11;10;10010309;2020;2;15;3;2;5;3;0;0;1;0;0;0;1;0;807995,8431;5829212,578;13,54104122;52,52575927
29469;136553;11;9;9020701;2020;2;11;2;3;0;4;0;0;0;1;0;0;1;1;808107,3701;5818934,094;13,5331827;52,43358034
29470;136554;11;9;9052001;2020;2;13;7;3;2;6;0;0;1;0;0;0;0;0;809876,5828;5821819,251;13,56179968;52,45843719
29471;136555;11;12;12301203;2020;2;14;3;3;6;7;0;1;0;1;0;0;0;0;793233,8626;5835958,875;13,33004606;52,5943766
29472;136556;11;1;1022206;2020;2;3;7;3;0;1;2;0;0;0;0;0;1;0;795662,9015;5828182,817;13,35887459;52,52335667
29473;136557;11;2;2040502;2020;2;13;7;3;2;6;0;0;1;0;0;0;0;0;800515,4322;5828472,563;13,43044534;52,523301
29474;136558;11;3;3050925;2020;2;14;4;2;5;3;0;1;1;0;0;0;0;0;802772,2647;5831659,994;13,46651201;52,55062092
29475;136559;11;1;1011102;2020;2;16;7;3;5;2;1;0;1;0;1;0;0;1;795188,7859;5827212,117;13,3510454;52,51491199
29476;136560;11;1;1022104;2020;2;18;3;3;6;7;2;0;1;1;0;0;0;1;794061,5528;5828457,889;13,33558325;52,52668853
29477;136561;11;1;1044202;2020;2;6;2;3;6;2;2;0;0;1;0;0;1;1;794606,8673;5829879,6;13,34485827;52,53913875
29478;136562;11;5;5030730;2020;2;20;6;3;1;5;2;0;1;0;1;0;0;0;786392,7216;5829168,626;13,22346623;52,5371437
29479;136563;11;7;7050503;2020;2;8;2;3;2;6;0;0;1;0;0;0;0;1;799432,3905;5820429,77;13,40730381;52,45180479
29480;136564;11;9;9020802;2020;2;7;2;3;0;1;2;0;0;0;1;0;0;1;810535,869;5820314,371;13,57007264;52,4445768
29481;136565;11;8;8020727;2020;2;9;2;3;6;2;0;0;0;1;0;1;0;1;800643,4516;5816184,048;13,42125419;52,4130836
29482;136566;11;1;1011302;2020;2;21;6;3;0;7;2;0;1;0;1;0;0;0;797910,7041;5828867,317;13,39252112;52,52826886
29483;136567;11;9;9051801;2020;2;8;2;3;5;3;0;0;1;0;0;0;0;1;820416,3114;5819656,775;13,71432386;52,43298538
29484;136568;11;4;4041240;2020;2;13;3;2;5;3;0;0;1;0;0;0;0;0;791139,0984;5822585,31;13,28749273;52,47560956
29485;136569;11;2;2020203;2020;2;20;7;3;5;2;2;1;0;0;1;0;0;1;797749,362;5824034,295;13,38582718;52,48503473
29486;136570;11;1;1011301;2020;2;18;4;3;3;6;2;1;0;0;0;0;0;0;797553,1275;5828340,706;13,38679444;52,52374372
29487;136571;11;12;12214125;2020;2;19;7;3;2;6;2;0;1;0;0;0;0;1;791279,6322;5834123,448;13,29966399;52,5789727
29488;136572;11;9;9010101;2020;2;22;2;3;0;1;2;0;0;0;1;0;0;1;801664,0144;5825149,341;13,44431187;52,49288038
29489;136573;11;2;2050801;2020;2;12;2;3;1;5;0;1;0;0;0;1;0;0;802452,1327;5827414,169;13,45794195;52,51274387
29490;136574;11;3;3040513;2020;2;18;3;3;6;4;1;0;1;1;0;0;0;0;797934,4733;5833660,41;13,39717091;52,57121951
29491;136575;11;1;1011201;2020;2;15;2;2;2;6;0;0;1;0;0;0;1;1;797452,6481;5826843,866;13,38397955;52,51038113
29492;136576;11;2;2040502;2020;2;19;6;2;6;4;2;0;1;1;0;0;0;0;800617,991;5828482,39;13,43196132;52,52333255
29493;136577;11;1;1022206;2020;2;8;2;3;5;2;0;1;1;0;0;0;0;1;795453,3529;5827716,745;13,35538098;52,51929231
29494;136578;11;4;4030415;2020;2;19;7;3;6;2;2;0;1;1;0;0;0;1;790798,8862;5827374,111;13,28667869;52,51872263
29495;136579;11;3;3020307;2020;2;14;2;2;0;7;0;0;0;1;0;1;0;1;800149,1047;5837870,007;13,43356425;52,60773411
29496;136580;11;7;7010102;2020;2;8;4;3;0;1;0;0;0;0;1;0;0;1;795532,209;5825531,636;13,35459964;52,49966185
29497;136581;11;1;1011303;2020;2;19;7;3;0;6;2;0;1;0;1;0;0;1;799409,0247;5828885,241;13,41455804;52,5276087
29498;136582;11;11;11051332;2020;2;18;7;3;6;4;2;0;1;1;0;0;0;1;807239,4738;5824069,78;13,52518227;52,4800957
29499;136583;11;3;3050920;2020;2;17;2;3;6;4;2;0;1;1;0;0;0;1;802262,5207;5832657,232;13,45992503;52,55984212
29500;136584;11;6;6010204;2020;2;15;4;3;2;6;0;1;1;0;0;0;0;0;795433,744;5820414,724;13,3486203;52,45384565
29501;136585;11;9;9052001;2020;2;17;7;2;6;4;1;0;1;1;0;0;0;1;810618,7449;5822956,914;13,57374628;52,46821119
29502;136586;11;8;8030830;2020;2;19;6;3;5;5;2;0;1;0;0;0;0;0;802383,9165;5817902,972;13,44831933;52,42753208
29503;136587;11;12;12302212;2020;2;19;2;3;5;3;2;0;1;0;0;0;0;1;792972,8392;5837567,031;13,32762682;52,60893342
29504;136588;11;4;4030726;2020;2;19;6;3;2;6;2;0;1;0;0;0;0;0;792330,1735;5825390,521;13,30744016;52,50012154
29505;136589;11;7;7070704;2020;2;8;3;3;3;6;0;1;1;0;0;0;0;0;799919,1529;5814005,007;13,4086857;52,39394863
29506;136590;11;9;9051702;2020;2;22;1;1;0;7;2;1;0;0;0;0;0;1;814259,7621;5821456,815;13,6257581;52,45268689
29507;136591;11;9;9020701;2020;2;6;6;3;1;5;2;0;1;0;0;0;1;0;807867,5087;5818113,704;13,52891035;52,42636288
29508;136592;11;12;12214528;2020;2;16;7;3;8;1;1;0;1;0;0;0;0;1;788625,5881;5836143,97;13,26236558;52,59850131
29509;136593;11;1;1011301;2020;2;18;2;2;6;4;2;0;1;1;0;0;0;1;796982,1435;5828748,352;13,37876729;52,52770911
29510;136594;11;6;6020301;2020;2;12;3;3;5;3;0;0;1;0;0;0;0;0;795778,2637;5818991,353;13,35241532;52,44089979
29511;136595;11;5;4020310;2020;2;16;2;3;2;6;0;0;1;0;0;0;1;1;788134,3102;5827852,749;13,24793256;52,52442828
29512;136596;11;7;7050501;2020;2;18;6;3;2;6;2;0;1;0;0;0;0;0;797675,6134;5819325,874;13,38054473;52,44286897
29513;136597;11;2;2040701;2020;2;16;3;3;2;6;0;1;1;0;0;0;0;1;801117,3163;5827530,155;13,43843689;52,51452198
29514;136598;11;3;3040614;2020;2;17;2;3;6;2;2;0;1;1;0;0;0;1;799612,8985;5835394,046;13,42342937;52,58583731
29515;136599;11;1;1044201;2020;2;17;6;2;0;3;2;1;1;0;0;0;0;0;796868,5824;5831556,672;13,37960752;52,55294439
29516;136600;11;1;1011302;2020;2;19;3;2;0;6;2;1;0;0;0;0;1;1;798719,1424;5829060,994;13,40457686;52,52956252
29517;136601;11;4;4030931;2020;2;15;1;3;6;7;0;0;1;1;0;0;0;1;793666,9435;5825760,595;13,32740272;52,50272134
29518;136602;11;6;6020303;2020;2;17;6;3;5;2;2;0;1;0;1;0;0;0;795522,573;5818639,566;13,34835351;52,43788447
29519;136603;11;12;12301203;2020;2;8;5;3;5;2;0;0;1;0;0;0;0;0;792355,2734;5834061,023;13,3154379;52,57783625
29520;136604;11;3;3061435;2020;2;12;7;3;5;3;0;0;1;0;0;0;0;1;801670,6305;5829261,132;13,44813596;52,52973109
29521;136605;11;3;3071536;2020;2;17;2;2;0;1;2;0;1;0;1;0;0;1;799251,8721;5829427,819;13,41273681;52,53255837
29522;136606;11;1;1022201;2020;2;10;3;3;1;5;0;1;1;0;0;0;0;0;795498,1301;5829555,476;13,35767312;52,53575071
29523;136607;11;6;6010205;2020;2;10;2;3;4;6;0;0;1;0;0;0;0;1;795879,5489;5819858,856;13,3546693;52,44862156
29524;136608;11;5;5010206;2020;2;16;6;3;2;6;1;0;1;0;0;0;0;0;781280,1191;5830763,38;13,14963757;52,55410616
29525;136609;11;8;8020727;2020;2;7;2;3;5;3;0;1;1;0;0;0;0;1;801520,5751;5817350,706;13,43516242;52,42305838
29526;136610;11;12;12231101;2020;2;14;3;2;5;3;0;0;1;0;0;0;1;1;791631,9596;5838910,036;13,30906525;52,62169397
29527;136611;11;3;3040614;2020;2;15;7;3;6;4;0;0;1;1;0;0;0;1;799992,588;5835307,039;13,42893807;52,58484822
29528;136612;11;6;6020301;2020;2;15;6;3;2;2;0;0;1;0;0;0;1;1;795765,7413;5818179,046;13,35151288;52,43362477
29529;136613;11;6;6020306;2020;2;16;4;3;5;3;0;0;1;0;0;0;0;0;796753,5904;5817160,119;13,36509695;52,42395589
29530;136614;11;3;3061441;2020;2;15;7;3;5;2;0;0;1;0;0;0;0;1;802375,6823;5828833,217;13,45810865;52,52550511
29531;136615;11;1;1011303;2020;2;14;7;3;0;1;0;1;0;0;0;0;0;1;799582,9315;5828469,918;13,41673973;52,52379044
29532;136616;11;3;3061430;2020;2;14;6;3;2;6;0;0;1;0;0;0;0;0;802310,5323;5829188,201;13,45747401;52,52872293
29533;136617;11;9;9010402;2020;2;14;4;3;2;6;0;0;1;0;0;0;1;0;806478,2638;5820028,797;13,51029825;52,44430667
29534;136618;11;7;7050506;2020;2;12;7;3;5;2;0;0;1;0;0;0;0;1;799049,5416;5816808,241;13,3984471;52,41955182
29535;136619;11;7;7050501;2020;2;6;3;3;5;3;2;0;0;0;1;0;1;0;797605,3552;5818743,24;13,37899528;52,43768447
29536;136620;11;4;4051447;2020;2;9;2;3;5;2;0;1;1;0;0;0;0;1;793204,8874;5825203,109;13,3201242;52,49797218
29537;136621;11;5;5010101;2020;2;14;6;3;2;6;0;0;1;0;0;0;0;0;785206,235;5831325,13;13,20787238;52,5571009
29538;136622;11;1;1033101;2020;2;16;1;3;0;5;1;0;1;0;0;0;1;0;797546,4462;5832727,124;13,39062525;52,56306609
29539;136623;11;2;2010103;2020;2;10;3;3;5;7;0;1;1;0;0;0;0;1;799598,3592;5825842,267;13,41460097;52,50022911
29540;136624;11;9;9010301;2020;2;12;7;3;5;3;0;1;1;0;0;0;0;1;804574,5358;5822013,022;13,48418507;52,46315443
29541;136625;11;3;3050925;2020;2;17;2;3;0;2;1;0;0;1;0;0;1;1;802263,0652;5831576,99;13,45894946;52,55015975
29542;136626;11;2;2040701;2020;2;16;4;3;5;3;1;1;1;0;0;0;0;0;800632,8359;5827313,23;13,43112295;52,51284488
29543;136627;11;6;6020409;2020;2;4;7;2;1;1;2;0;1;0;0;0;0;1;793408,8381;5817213,309;13,31609638;52,42623649
29544;136628;11;3;3010102;2020;2;16;2;3;6;4;0;0;1;1;0;0;0;1;803978,4962;5841306,875;13,49310058;52,63640885
29545;136629;11;4;4030620;2020;2;19;2;3;9;1;2;0;1;1;0;0;0;1;792752,7192;5827024,532;13,31508416;52,5145434
29546;136630;11;7;7030301;2020;2;11;3;3;2;2;0;0;1;0;1;0;0;0;794529,3324;5822868,42;13,33751492;52,47632985
29547;136631;11;3;3020203;2020;2;12;2;2;5;2;0;0;1;0;0;0;0;1;798051,4139;5837196,458;13,40207211;52,60285098
29548;136632;11;6;6010101;2020;2;8;2;3;6;4;0;0;1;1;0;0;0;1;793189,1804;5820234,657;13,31552565;52,45343997
29549;136633;11;2;2010104;2020;2;1;2;3;5;2;2;0;1;0;0;0;0;1;798593,1238;5825576,109;13,39959767;52,49839432
29550;136634;11;12;12103117;2020;2;14;6;3;5;3;0;0;1;0;1;0;0;0;796662,7136;5832733,877;13,37763228;52,56360886
29551;136635;11;1;1033202;2020;2;10;1;2;6;7;0;0;1;1;0;0;0;0;797448,1952;5829554,241;13,38633808;52,53467885
29552;136636;11;3;3040614;2020;2;7;2;2;6;4;1;0;1;1;0;0;0;1;798834,3803;5834949,285;13,41157151;52,58227894
29553;136637;11;3;3040513;2020;2;12;7;2;5;2;0;0;1;0;0;0;0;1;796794,6224;5833966,136;13,38067521;52,57458269
29554;136638;11;4;4051654;2020;2;15;4;3;5;3;0;1;1;0;0;0;0;0;793450,0124;5823804,797;13,32249322;52,48530511
29555;136639;11;10;10010205;2020;1;5;6;3;6;2;2;0;1;1;0;0;0;1;810594,699;5832138,654;13,58196063;52,55050678
29556;136640;11;11;11020514;2020;2;14;6;3;5;2;0;1;1;0;0;0;0;0;803850,3473;5830392,455;13,48120369;52,53866019
29557;136641;11;6;6020409;2020;2;18;2;3;6;2;2;0;1;1;0;0;0;1;793117,0104;5817663,929;13,31221169;52,43043263
29558;136642;11;5;5020626;2020;2;12;6;3;0;5;0;0;1;0;0;0;1;0;784652,2177;5827812,998;13,196713;52,52590106
29559;136643;11;9;9010301;2020;2;8;3;2;6;4;0;0;0;1;0;0;1;0;805058,7261;5822768,935;13,49198094;52,4696593
29560;136644;11;2;2050801;2020;2;23;1;3;5;2;2;0;1;0;1;0;0;1;803233,6471;5826799,942;13,46886336;52,50680478
29561;136645;11;4;4010102;2020;2;13;6;3;5;2;0;0;1;0;0;0;0;0;791660,9183;5830679,191;13,3022473;52,54789166
29562;136646;11;12;12304314;2020;1;23;6;3;1;5;2;1;1;0;0;0;0;0;791166,5499;5835495,131;13,29920514;52,59133002
29563;136647;11;10;10010309;2020;2;15;2;2;5;3;0;1;1;0;0;0;0;1;807841,8572;5829091,13;13,5386662;52,52475783
29564;136648;11;4;4030725;2020;2;12;6;3;0;3;0;0;1;0;1;0;0;0;791379,1737;5825908,147;13,29392311;52,50527065
29565;136649;11;7;7050501;2020;1;21;6;3;5;3;2;1;1;0;0;0;0;0;797540,515;5819898,226;13,37907267;52,44807306
29566;136650;11;11;11030721;2020;2;7;4;3;5;2;0;1;0;0;0;0;1;1;803583,7872;5828338,443;13,47540993;52,52039926