;OBJECTID;LAND;BEZ;LOR;UJAHR;UMONAT;USTUNDE;UWOCHENTAG;UKATEGORIE;UART;UTYP1;ULICHTVERH;IstRad;IstPKW;IstFuss;IstKrad;IstGkfz;IstSonstige;USTRZUSTAND;LINREFX;LINREFY;XGCSWGS84;YGCSWGS84
29567;136651;11;4;4030518;2020;1;19;6;3;5;2;0;0;1;0;0;0;0;0;791390,2083;5828586,634;13,29643122;52,52927711
29568;136652;11;11;11020411;2020;2;17;2;3;5;3;2;1;1;0;0;0;0;1;804568,7515;5832750,517;13,49392604;52,55939323
29569;136653;11;9;9020502;2020;2;12;6;3;5;7;0;0;1;0;0;0;1;0;806666,393;5822041,966;13,51490613;52,46224393
29570;136654;11;1;1033102;2020;2;15;3;3;5;3;0;0;1;0;0;0;0;1;797843,0045;5831342,824;13,39374515;52,55049556
29571;136655;11;4;4051655;2020;1;18;6;3;5;7;2;0;1;0;0;0;0;0;794083,4513;5824090,503;13,33204688;52,48752551
29572;136656;11;7;7050501;2020;2;12;6;3;5;3;0;0;1;0;0;0;0;0;796930,0226;5818524,543;13,3688955;52,4360911
29573;136657;11;2;2020202;2020;2;19;5;3;5;2;2;1;1;0;0;0;0;0;797263,9266;5825187,826;13,3797285;52,49563942
29574;136658;11;4;4051448;2020;1;17;6;3;5;3;2;1;1;0;0;0;0;0;793506,4923;5825218,408;13,32456783;52,4979472
29575;136659;11;1;1044101;2020;2;10;3;3;5;2;0;0;1;0;0;1;0;0;794497,9342;5829896,33;13,34327157;52,53934761
29576;136660;11;2;2010104;2020;2;10;2;3;0;7;0;0;0;0;0;1;0;1;798699,3274;5825586,329;13,40116667;52,49842781
29577;136661;11;9;9010401;2020;2;6;6;3;1;5;1;0;1;0;0;0;0;0;805839,2754;5819669,01;13,5005968;52,44143983
29578;136662;11;5;5010314;2020;2;15;3;2;0;6;0;0;1;0;0;0;1;0;785168,1794;5828946,591;13,20527021;52,53579512
29579;136663;11;11;11020515;2020;2;12;2;3;2;6;0;0;1;0;0;0;0;1;803525,2128;5829764,873;13,47585134;52,53321655
29580;136664;11;4;4030828;2020;2;15;6;1;3;1;0;1;1;0;0;0;0;0;793325,5639;5826091,078;13,32267896;52,50586761
29581;136665;11;7;7070703;2020;2;14;3;3;5;5;0;1;1;0;0;0;0;0;799347,0595;5813158,673;13,39954727;52,38667515
29582;136666;11;4;4041344;2020;1;15;6;3;6;4;0;0;1;1;0;0;0;0;793355,3692;5822858,356;13,32027068;52,47687146
29583;136667;11;4;4051551;2020;2;15;5;3;6;2;0;0;1;1;0;0;0;0;792958,2281;5823358,287;13,31487921;52,48156637
29584;136668;11;1;1044103;2020;2;14;4;3;2;2;0;0;1;0;0;0;0;0;794830,4752;5830304,995;13,34852322;52,54283116
29585;136669;11;12;12224230;2020;1;12;6;3;1;5;0;1;1;0;0;0;1;0;787388,8037;5837426,696;13,24526942;52,61065649
29586;136670;11;1;1011305;2020;2;14;2;3;2;6;0;0;1;0;0;0;0;1;799164,372;5826955,726;13,40922725;52,51044776
29587;136671;11;1;1033101;2020;2;18;3;3;6;2;2;0;1;1;0;0;0;1;796152,3564;5832262,349;13,36970432;52,55965994
29588;136672;11;8;8010115;2020;2;7;2;3;5;3;0;1;1;0;0;0;0;1;799793,3994;5823671,116;13,41551232;52,48066091
29589;136673;11;9;9020802;2020;2;20;5;3;5;2;2;0;1;0;0;0;1;0;810273,7896;5820375,226;13,5662855;52,44527094
29590;136674;11;1;1011202;2020;2;9;1;3;2;6;0;1;1;0;0;0;0;0;797654,6887;5828093,501;13,38806574;52,5214724
29591;136675;11;12;12304314;2020;2;7;2;3;2;6;1;0;1;0;0;0;0;1;790205,6547;5835859,996;13,28538002;52,59511454
29592;136676;11;9;9031201;2020;1;12;6;3;5;3;0;1;1;0;0;0;0;1;815342,685;5814647,609;13,63522428;52,3910471
29593;136677;11;4;4030930;2020;2;16;4;3;2;6;0;0;1;0;0;0;0;0;792823,3921;5825513,766;13,31479366;52,50096195
29594;136678;11;3;3061228;2020;2;4;1;2;9;1;2;0;0;0;1;0;0;0;800301,7963;5831590,779;13,43012384;52,5513681
29595;136679;11;5;5010204;2020;2;13;3;3;6;4;0;0;1;1;0;0;0;0;781816,1636;5831683,325;13,15830423;52,56207765
29596;136680;11;9;9020601;2020;1;14;6;3;0;1;0;1;0;0;0;0;0;0;805829,3329;5821881,626;13,50247696;52,46127599
29597;136681;11;4;4020314;2020;2;18;4;3;3;6;2;0;1;0;0;0;0;0;790129,4571;5825369,678;13,27509323;52,5011092
29598;136682;11;5;5020626;2020;1;12;6;3;0;1;0;1;0;0;0;0;0;0;784797,3564;5826499,032;13,19772155;52,51404422
29599;136683;11;8;8020727;2020;2;18;2;2;6;2;2;0;1;1;0;0;0;1;800315,8401;5816727,453;13,41693948;52,41813429
29600;136684;11;1;1022203;2020;2;17;3;3;6;4;2;0;1;1;0;0;0;1;794693,6044;5828454,708;13,34487018;52,52631874
29601;136685;11;2;2040701;2020;2;15;2;3;5;2;0;0;1;0;0;0;0;1;800672,4999;5827569,817;13,43193751;52,51512287
29602;136686;11;1;1011303;2020;2;19;5;3;5;2;2;1;1;0;0;0;0;0;799508,7688;5828114,94;13,41533022;52,52064936
29603;136687;11;4;4030929;2020;2;22;1;3;6;2;2;0;1;1;0;0;0;1;792692,122;5825473,117;13,31282961;52,50066797
29604;136688;11;9;9020601;2020;1;14;6;3;0;1;0;1;0;0;0;0;0;0;806964,3318;5821080,357;13,51839364;52,45345844
29605;136689;11;1;1044202;2020;2;8;4;3;5;2;0;1;0;0;0;0;1;1;794896,7303;5830252,009;13,34945034;52,54232033
29606;136690;11;1;1022104;2020;1;11;6;3;3;6;0;1;1;0;0;0;0;0;794252,1086;5828450,585;13,33837755;52,52652024
29607;136691;11;4;4051655;2020;2;17;2;3;2;6;2;1;1;0;0;0;0;1;794193,4733;5823088,538;13,33277831;52,47848412
29608;136692;11;5;5030730;2020;2;18;5;3;2;6;2;0;1;0;1;0;0;0;786342,3769;5829170,891;13,22272793;52,53719046
29609;136693;11;5;5020626;2020;1;11;6;3;5;7;0;0;1;0;0;0;0;0;784673,6225;5827761,308;13,1969834;52,52542643
29610;136694;11;5;5010339;2020;2;18;5;3;4;2;2;0;1;0;0;0;0;0;785655,9223;5828061,06;13,21168066;52,52760016
29611;136695;11;1;1011301;2020;2;20;2;3;5;2;2;1;1;0;0;0;0;1;797543,9776;5828719,017;13,38699847;52,52713981
29612;136696;11;1;1011303;2020;2;17;5;3;4;2;2;1;0;0;0;0;0;0;799633,5976;5828546,811;13,41755356;52,52445182
29613;136697;11;12;12103218;2020;2;9;3;3;1;1;0;0;1;0;0;0;1;1;795626,8356;5834132,749;13,36364175;52,5767118
29614;136698;11;9;9020701;2020;2;8;2;2;5;3;0;1;0;0;0;0;1;1;808989,7705;5818121,187;13,5453701;52,42579737
29615;136699;11;2;2030402;2020;2;17;5;3;6;4;2;0;1;1;0;0;0;0;801898,5454;5825692,667;13,44824821;52,4976206
29616;136700;11;9;9041401;2020;1;11;6;2;1;5;0;1;1;0;0;0;0;0;811990,0647;5820468,351;13,59154297;52,44512895
29617;136701;11;3;3051017;2020;2;5;4;3;6;2;2;0;1;1;0;0;0;1;803450,6001;5832817,539;13,47754381;52,56061815
29618;136702;11;7;7050501;2020;2;16;2;3;2;6;1;0;1;0;0;0;0;1;797041,9932;5819740,965;13,37161902;52,44693444
29619;136703;11;1;1044102;2020;2;17;5;3;6;2;2;0;1;1;0;0;0;0;794901,4261;5832030,808;13,35109918;52,55826328
29620;136704;11;7;7070703;2020;2;16;3;3;5;2;0;0;1;0;0;0;0;1;799792,641;5813977,232;13,40680715;52,39376891
29621;136705;11;8;8041037;2020;1;10;6;3;0;7;0;0;1;0;1;0;0;1;805749,5338;5817084,652;13,49691786;52,41832749
29622;136706;11;7;7020201;2020;2;17;5;3;0;1;2;1;0;0;0;0;0;0;794711,789;5824738,044;13,34184658;52,49299149
29623;136707;11;9;9041301;2020;2;14;4;3;0;7;0;1;1;0;0;0;0;0;812328,3261;5818436,3;13,59460538;52,4267259
29624;136708;11;12;12214421;2020;2;6;3;3;6;2;2;0;1;1;0;0;0;1;793384,2216;5833149,728;13,32977278;52,56911327
29625;136709;11;1;1022201;2020;2;22;1;3;5;3;2;0;1;0;0;0;0;1;795477,2216;5829575,932;13,35738394;52,53594541
29626;136710;11;1;1011401;2020;2;16;5;3;5;2;1;1;0;0;1;0;0;0;797699,467;5829242,858;13,38975277;52,53175051
29627;136711;11;4;4030931;2020;2;9;5;3;2;7;0;1;1;0;0;0;0;0;794113,0425;5825713,005;13,33391388;52,50205445
29628;136712;11;8;8010117;2020;1;9;6;3;5;3;0;1;1;0;0;0;0;0;800479,7258;5822980,97;13,42496634;52,47409765
29629;136713;11;5;5030730;2020;2;13;3;3;0;2;0;0;1;0;0;0;1;0;786751,2135;5829272,486;13,22882694;52,53788635
29630;136714;11;1;1033102;2020;2;11;2;3;2;6;0;0;1;0;0;0;0;1;797327,7337;5831907,023;13,38667346;52,5558344
29631;136715;11;7;7040403;2020;2;16;5;3;2;2;0;0;1;0;0;0;0;0;796919,8602;5822284,942;13,3720898;52,4698052
29632;136716;11;3;3050923;2020;2;18;3;3;2;2;2;0;1;0;0;0;0;1;800324,457;5831637,07;13,43049892;52,55177053
29633;136717;11;10;10020414;2020;1;9;6;3;0;1;0;0;0;0;1;0;0;0;812247,7769;5830713,759;13,60492252;52,5367932
29634;136718;11;5;5010312;2020;2;12;5;3;5;3;0;1;1;0;0;0;0;0;785408,5467;5830432,785;13,21008132;52,5489943
29635;136719;11;2;2050801;2020;2;14;4;2;5;3;0;0;1;0;0;0;1;0;802694,7539;5827361,829;13,46145865;52,51214017
29636;136720;11;2;2040502;2020;1;9;6;3;5;3;0;1;1;0;0;0;0;1;801273,4159;5827949,813;13,44111026;52,51819724
29637;136721;11;7;7020201;2020;2;17;3;3;3;6;2;0;1;0;0;0;0;0;794970,3972;5823978,663;13,34497245;52,48604445
29638;136722;11;10;10030727;2020;1;9;6;3;6;4;0;0;1;1;0;0;0;0;809822,9781;5826941,922;13,56577338;52,5043754
29639;136723;11;1;1011203;2020;2;8;3;3;5;2;0;1;0;0;0;0;1;0;797901,7933;5827373,023;13,39105181;52,51487927
29640;136724;11;3;3020307;2020;2;9;2;3;0;5;0;1;1;0;0;0;0;1;800065,5503;5837446,133;13,43194978;52,60398101
29641;136725;11;9;9051901;2020;2;9;5;2;0;1;0;1;0;0;0;0;0;0;812011,5088;5821478,835;13,59280129;52,45417204
29642;136726;11;3;3061227;2020;2;18;1;3;0;1;2;0;1;0;0;0;0;0;799797,6889;5831183,969;13,42234395;52,54799942
29643;136727;11;8;8020619;2020;2;12;3;3;2;6;0;0;1;0;0;0;0;0;801408,6823;5821098,843;13,43690208;52,45671584
29644;136728;11;12;12214125;2020;1;8;6;3;2;6;0;0;1;0;0;0;0;0;791191,5784;5830904,403;13,2955428;52,55016173
29645;136729;11;7;7040405;2020;2;14;2;3;5;3;0;0;1;0;0;0;1;1;799051,2405;5821322,968;13,40251168;52,46001981
29646;136730;11;11;11030721;2020;2;16;4;3;5;2;1;1;1;0;0;0;0;0;804141,7587;5828688,27;13,48392803;52,52322371
29647;136731;11;11;11020411;2020;1;8;6;3;6;4;0;0;1;1;0;0;0;0;804977,3164;5832995,357;13,50015923;52,56135891
29648;136732;11;6;6040809;2020;2;13;2;3;6;4;0;0;1;1;0;0;0;1;791645,3352;5820657,497;13,29324019;52,45805665
29649;136733;11;5;5040934;2020;2;20;2;3;4;6;2;0;1;0;0;0;0;1;783954,7041;5823335,063;13,18263959;52,48611478
29650;136734;11;1;1022104;2020;2;18;3;3;6;2;2;0;1;1;0;0;0;0;794554,637;5829073,303;13,34337575;52,53193911
29651;136735;11;12;12214125;2020;2;14;2;3;5;3;0;0;1;0;0;0;0;1;791081,5662;5834252,37;13,29686243;52,58023445
29652;136736;11;9;9010302;2020;2;9;5;3;5;3;0;0;1;0;0;0;0;0;803056,9843;5820923,174;13,46092691;52,45422989
29653;136737;11;8;8041038;2020;1;8;6;3;3;6;0;0;0;0;0;0;1;0;805919,4365;5816201,791;13,49860153;52,41031983
29654;136738;11;2;2020204;2020;2;8;4;3;5;2;0;1;1;0;0;0;0;1;798008,8196;5825271,083;13,39074288;52,49597951
29655;136739;11;1;1033101;2020;2;16;6;2;1;5;1;0;1;0;1;0;0;1;797578,5668;5832108,764;13,39054322;52,55750575
29656;136740;11;6;6020409;2020;2;13;4;3;0;3;0;0;1;0;1;0;0;1;793223,8142;5816822,838;13,31304074;52,42283517
29657;136741;11;6;6020302;2020;2;9;7;3;2;6;0;0;1;0;0;0;0;0;795038,9063;5819072,658;13,34164132;52,44202804
29658;136742;11;11;11010205;2020;2;18;7;3;6;4;2;0;1;1;0;0;0;0;806455,6208;5833664,693;13,52251719;52,5665276
29659;136743;11;4;4030518;2020;2;9;3;3;2;2;0;0;1;0;0;0;0;1;791978,9818;5828554,724;13,30505782;52,528676
29660;136744;11;1;1011204;2020;2;20;2;3;5;5;2;1;0;0;0;0;1;0;798190,2117;5826617,157;13,39461227;52,5079463
29661;136745;11;1;1011202;2020;2;13;5;3;2;7;0;0;1;0;1;0;0;1;797672,0015;5827990,919;13,38822835;52,52054342
29662;136746;11;12;12214125;2020;2;16;6;3;2;6;0;0;1;0;0;0;0;0;791205,129;5830900,086;13,29573829;52,55011579
29663;136747;11;9;9020802;2020;2;14;6;3;0;7;0;0;0;1;0;0;1;0;810477,235;5820235,997;13,56913989;52,44390773
29664;136748;11;11;11030720;2020;2;18;4;3;2;6;2;0;0;0;1;0;1;1;805165,321;5829998,349;13,50017024;52,53439331
29665;136749;11;8;8010118;2020;2;18;3;3;5;2;1;1;1;0;0;0;0;1;800876,1365;5822459,71;13,43031494;52,46920721
29666;136750;11;4;4051655;2020;2;14;6;3;5;2;0;1;1;0;0;0;0;1;793947,0625;5823413,631;13,32944712;52,48153112
29667;136751;11;12;12301205;2020;2;9;3;2;2;6;0;0;1;0;1;0;0;1;792264,3994;5837213,984;13,3168827;52,60614991
29668;136752;11;1;1011301;2020;2;6;6;1;0;7;2;0;0;0;0;0;1;0;797059,3246;5829310,125;13,38040363;52,53270273
29669;136753;11;9;9010101;2020;2;7;2;3;2;7;0;0;1;0;0;1;0;1;802377,9467;5825334,889;13,45496389;52,49414844
29670;136754;11;9;9020701;2020;2;14;2;3;3;6;0;0;1;0;0;0;1;0;808472,7085;5819035,85;13,5386335;52,43428639
29671;136755;11;5;5010101;2020;2;7;5;3;6;4;0;0;1;1;0;0;0;0;785560,1265;5831777,362;13,21346742;52,56097005
29672;136756;11;2;2050802;2020;2;10;2;3;5;2;0;0;1;0;0;0;0;0;802554,365;5826728,542;13,45882062;52,50654194
29673;136757;11;2;2010103;2020;2;16;2;3;5;2;0;1;1;0;0;0;0;0;799334,248;5826190,024;13,41103441;52,50349118
29674;136758;11;5;5010314;2020;2;11;5;3;6;7;0;0;1;1;0;0;0;0;784977,7914;5829172,958;13,20266497;52,53792431
29675;136759;11;4;4051654;2020;2;13;6;3;5;7;0;0;1;0;0;0;0;1;793333,3875;5823935,258;13,32089547;52,48653732
29676;136760;11;6;6020302;2020;2;17;4;3;5;2;1;0;1;0;0;0;0;1;794829,4269;5819322,511;13,33878878;52,44438083
29677;136761;11;10;10010204;2020;2;15;3;3;6;4;0;0;1;1;0;0;0;1;809345,8215;5832842,688;13,56425658;52,55752668
29678;136762;11;7;7060604;2020;2;13;6;3;5;2;0;1;0;0;0;0;1;1;798081,5177;5814495,163;13,38219529;52,39934546
29679;136763;11;11;11030721;2020;2;17;3;3;2;2;2;1;1;0;0;0;0;1;803437,3306;5828618,052;13,47351311;52,52298683
29680;136764;11;1;1022104;2020;2;23;6;3;0;1;2;0;0;0;0;0;1;1;794220,7398;5828669,123;13,33810988;52,52849623
29681;136765;11;4;4030931;2020;2;20;2;3;6;4;2;0;1;1;0;0;0;1;793802,5469;5825496,468;13,32916171;52,50028057
29682;136766;11;7;7050503;2020;2;19;5;2;5;5;2;0;1;0;1;0;0;1;798595,0824;5820505,578;13,3950868;52,45294232
29683;136767;11;5;5030832;2020;2;18;4;3;6;2;2;0;1;1;0;0;0;1;788720,0881;5830529,031;13,25886793;52,54811207
29684;136768;11;6;6020306;2020;2;18;6;2;5;2;2;1;1;0;0;0;0;1;796389,0934;5816726,381;13,35936799;52,4202653
29685;136769;11;3;3040818;2020;2;14;4;3;5;3;0;1;1;0;0;0;0;0;799652,362;5832791,362;13,42165812;52,56248698
29686;136770;11;5;5010101;2020;2;9;7;3;2;6;0;0;1;0;0;0;0;0;785708,1446;5831753,98;13,21562488;52,56068277
29687;136771;11;2;2030302;2020;2;14;1;3;5;3;0;1;1;0;0;0;0;1;800731,9838;5825817,767;13,43122871;52,49938597
29688;136772;11;6;6010210;2020;2;13;3;3;5;2;0;0;1;0;1;0;0;1;794973,561;5821413,045;13,34274989;52,46304356
29689;136773;11;3;3020307;2020;2;17;6;3;5;3;2;0;1;0;0;0;0;1;800079,139;5837500,045;13,4321987;52,60445673
29690;136774;11;3;3071537;2020;2;14;4;3;5;2;0;1;0;0;0;0;1;0;799965,5065;5830114,258;13,4238455;52,53831889
29691;136775;11;4;4030623;2020;2;6;6;3;5;3;2;0;1;0;0;0;0;1;793789,655;5826940,67;13,33024688;52,51323406
29692;136776;11;9;9051702;2020;2;8;4;3;5;3;0;1;0;0;0;0;0;0;814596,2574;5821243,721;13,63049289;52,45058384
29693;136777;11;4;4030417;2020;2;20;1;3;6;4;2;0;1;1;0;0;0;1;791412,0462;5827465,059;13,2957694;52,51921065
29694;136778;11;12;12301203;2020;2;15;3;3;3;6;0;0;0;0;0;0;1;0;793602,5658;5836126,558;13,33562224;52,59568084
29695;136779;11;5;5030730;2020;2;5;6;3;2;6;2;0;1;0;1;0;0;1;785888,9288;5829248,53;13,21612737;52,53812463
29696;136780;11;2;2020206;2020;2;12;3;3;1;5;0;1;0;0;0;1;0;1;799449,4987;5824828,8;13,41150355;52,49122657
29697;136781;11;11;11020412;2020;2;14;6;3;5;2;0;1;1;0;0;0;0;0;805980,3081;5831932,646;13,51392967;52,55127203
29698;136782;11;1;1011301;2020;2;18;2;3;0;1;2;0;1;0;1;0;0;1;797456,8968;5828847,208;13,38583332;52,52833641
29699;136783;11;7;7030301;2020;2;20;4;1;6;4;2;0;0;1;0;0;1;1;794415,3653;5822339,284;13,33537469;52,47164787
29700;136784;11;3;3061228;2020;2;9;4;3;0;1;0;1;0;0;0;0;0;1;800381,3869;5831546,015;13,43125367;52,550923
29701;136785;11;1;1044201;2020;2;5;6;3;5;3;2;0;1;0;0;0;0;1;795767,156;5830792,598;13,36272927;52,54669442
29702;136786;11;1;1022101;2020;2;14;4;3;0;1;0;0;0;0;1;0;0;0;793113,2593;5828562,553;13,32173737;52,52813748
29703;136787;11;2;2030301;2020;2;1;7;3;2;6;2;0;1;0;0;0;0;0;799622,633;5826097,256;13,41518692;52,50250137
29704;136788;11;4;4030623;2020;2;20;7;3;6;2;2;0;1;1;0;0;0;1;793526,6171;5826070,62;13,32561463;52,50557609
29705;136789;11;1;1011301;2020;2;9;3;2;6;4;0;0;0;1;0;0;1;0;797595,9178;5828452,018;13,38752289;52,52471814
29706;136790;11;11;11010205;2020;2;7;2;3;2;2;0;1;1;0;0;0;0;0;805957,7813;5833680,61;13,51520983;52,56695025
29707;136791;11;5;5020522;2020;2;7;6;3;6;4;0;1;0;1;0;0;0;0;781906,5576;5827186,41;13,15581803;52,52170951
29708;136792;11;10;10010309;2020;2;5;5;2;0;7;2;0;1;0;0;0;0;0;808467,783;5830161,514;13,54885605;52,53399666
29709;136793;11;1;1044201;2020;2;12;2;2;6;7;0;0;1;1;0;0;0;0;796885,0109;5831552,905;13,37984575;52,55290166
29710;136794;11;5;5020522;2020;2;8;6;2;6;4;0;0;1;1;0;0;0;1;781903,357;5827175,415;13,15576166;52,52161257
29711;136795;11;7;7070701;2020;2;11;2;2;5;2;0;0;1;0;0;0;0;0;799271,4069;5816270,866;13,40121932;52,41461363
29712;136796;11;2;2040503;2020;2;21;4;3;3;6;2;1;1;0;0;0;0;1;801787,6196;5828004,686;13,44871518;52,51840477
29713;136797;11;7;7030301;2020;2;8;4;2;5;3;0;1;1;0;0;0;0;1;793971,6116;5821795,922;13,32838175;52,46701586
29714;136798;11;1;1044203;2020;2;22;5;3;5;3;2;1;1;0;0;0;0;1;796003,6902;5831415,418;13,36676245;52,55214891
29715;136799;11;6;6020302;2020;2;13;4;3;5;7;0;1;1;0;0;0;0;1;794830,0861;5818657,382;13,33821165;52,43841793
29716;136800;11;10;10040830;2020;2;13;7;3;5;3;0;0;1;0;0;0;0;0;811198,4449;5824708,475;13,58388679;52,48357785
29717;136801;11;11;11030721;2020;2;18;7;3;5;2;2;1;1;0;0;0;0;0;804251,9228;5827626,37;13,48457563;52,51364487
29718;136802;11;9;9020601;2020;2;6;2;3;2;7;2;0;1;0;0;0;0;1;806909,1749;5821181,525;13,51767747;52,45439611
29719;136803;11;4;4030930;2020;2;19;2;3;2;6;2;0;1;0;0;0;0;0;793273,5956;5825638,842;13,32151714;52,50184143
29720;136804;11;8;8020727;2020;2;14;5;3;5;2;0;0;1;0;0;0;1;1;801018,3842;5817062,591;13,42754028;52,42075235
29721;136805;11;7;7070703;2020;2;22;5;3;5;3;2;0;1;0;0;0;0;1;800030,1262;5813280,46;13,40966316;52,38739322
29722;136806;11;7;7030302;2020;2;21;5;3;5;3;2;1;1;0;0;0;0;1;794497,9889;5821872,984;13,33617596;52,4674232
29723;136807;11;4;4041343;2020;2;18;4;3;5;2;2;1;1;0;0;0;0;1;792669,4829;5823056,695;13,31037473;52,47901751
29724;136808;11;1;1011303;2020;2;17;3;3;5;2;0;1;1;0;0;0;0;0;799508,7688;5828114,94;13,41533022;52,52064936
29725;136809;11;6;6020304;2020;2;19;5;2;6;4;2;0;0;1;0;0;1;1;794973,874;5818045,863;13,3397812;52,43285844
29726;136810;11;1;1011305;2020;2;6;3;3;5;3;1;1;1;0;0;0;0;1;799470,84;5826749,447;13,41354397;52,50843062
29727;136811;11;6;6030504;2020;2;19;5;3;2;6;2;0;1;0;0;0;0;1;789688,3183;5816923,269;13,26128105;52,42561874
29728;136812;11;12;12301203;2020;2;19;4;3;5;2;2;0;1;0;0;0;0;1;793943,2857;5835294,749;13,3398998;52,58804025
29729;136813;11;1;1011101;2020;2;11;3;3;0;6;0;0;1;0;1;0;0;1;794492,6139;5826106,459;13,33983764;52,5053768
29730;136814;11;9;9020602;2020;2;19;5;2;6;4;2;0;1;1;0;0;0;1;808418,573;5820877,047;13,53953897;52,45081783
29731;136815;11;7;7040403;2020;2;19;3;3;5;3;2;1;1;0;0;0;0;0;796910,0048;5822270,508;13,3719323;52,46968117
29732;136816;11;3;3040513;2020;2;11;7;3;1;5;0;0;1;0;0;0;0;0;797542,8623;5833667,437;13,39141596;52,57149671
29733;136817;11;6;6040810;2020;2;9;2;3;5;2;0;1;1;0;0;0;0;1;790143,9316;5819770,687;13,27043468;52,45090533
29734;136818;11;4;4051447;2020;2;15;2;3;5;3;0;0;1;0;0;0;0;0;793217,2854;5825213,499;13,32031545;52,49805865
29735;136819;11;2;2010104;2020;2;11;5;3;2;6;0;0;1;0;0;0;0;0;798846,999;5825597,489;13,40334556;52,498447
29736;136820;11;3;3040614;2020;2;18;5;3;2;6;1;0;1;0;0;0;0;1;797790,7796;5832968,779;13,39443603;52,56509862
29737;136821;11;7;7050501;2020;2;16;4;3;2;6;0;0;1;0;0;0;0;1;797630,7214;5819452,695;13,37999917;52,44403022
29738;136822;11;10;10020413;2020;2;16;3;3;0;3;0;0;1;0;0;0;1;0;810975,1745;5830923,649;13,58641651;52,5394017
29739;136823;11;5;5020417;2020;2;18;5;3;0;3;2;0;1;0;1;0;0;1;783414,6219;5828395,337;13,17901605;52,53176724
29740;136824;11;11;11030721;2020;2;14;3;2;5;3;0;1;1;0;0;0;0;0;804307,8712;5828425,021;13,48612801;52,52077164
29741;136825;11;10;10010206;2020;2;17;6;2;6;4;2;0;1;1;0;0;0;0;809976,4452;5832069,39;13,57280697;52,55023823
29742;136826;11;7;7050501;2020;2;19;2;3;2;2;2;0;1;0;0;0;0;1;797095,3997;5818592,297;13,37138132;52,43660865
29743;136827;11;4;4051655;2020;2;8;6;2;2;6;0;0;1;0;0;0;0;1;793942,6086;5823401,945;13,32937142;52,48142875
29744;136828;11;7;7010102;2020;2;21;2;3;2;6;2;0;1;0;0;0;0;1;794961,1392;5825556,849;13,34623372;52,50019684
29745;136829;11;9;9020802;2020;2;15;1;3;5;2;0;1;1;0;0;0;0;1;810524,6156;5820012,13;13,56962674;52,4418746
29746;136830;11;10;10020413;2020;2;7;5;3;6;4;0;0;1;1;0;0;0;0;811278,2691;5831453,914;13,59136791;52,5439805
29747;136831;11;3;3030715;2020;2;13;4;3;0;1;0;1;0;0;0;0;0;1;800859,357;5833421,497;13,43998189;52,56746936
29748;136832;11;8;8020619;2020;2;18;5;3;2;6;2;0;1;0;0;0;0;1;801248,0449;5821602,893;13,43499993;52,46132236
29749;136833;11;3;3040614;2020;2;15;4;3;1;5;0;1;0;0;0;0;1;1;798553,2666;5834879,199;13,40737177;52,58180505
29750;136834;11;4;4030931;2020;2;17;1;3;5;2;2;0;1;0;0;0;0;1;793926,9947;5825895,55;13,33134202;52,50379112
29751;136835;11;1;1011302;2020;2;14;3;3;2;7;0;1;1;0;0;0;0;1;798445,4277;5829047,851;13,40054212;52,52959463
29752;136836;11;2;2020206;2020;2;16;5;3;6;4;1;0;1;1;0;0;0;0;800289,7356;5824789,547;13,42380656;52,49041317
29753;136837;11;2;2020204;2020;2;11;3;3;5;2;0;0;1;0;0;0;0;0;798690,4507;5824665,139;13,40021039;52,49017543
29754;136838;11;12;12231101;2020;2;13;6;3;5;3;0;0;1;0;0;0;0;0;790402,5105;5839286,741;13,29128572;52,6257296
29755;136839;11;3;3061126;2020;2;14;2;3;0;6;0;1;1;0;0;0;0;0;799094,9338;5831440,609;13,41224215;52,55068609
29756;136840;11;7;7040403;2020;2;22;4;3;6;2;2;0;1;1;0;0;0;1;797313,3994;5821758,69;13,37739733;52,46487385
29757;136841;11;3;3061429;2020;2;8;4;3;5;2;0;0;1;0;0;0;0;1;801712,6702;5830099,27;13,44951459;52,53722008
29758;136842;11;8;NA;2020;2;16;5;3;5;3;1;1;1;0;0;0;0;0;802536,39;5816812,157;13,4495686;52,41767062
29759;136843;11;11;11020411;2020;2;14;4;3;5;2;0;1;1;0;0;0;0;1;805295,7606;5832055,932;13,50397829;52,55276105
29760;136844;11;10;10010308;2020;2;22;6;1;6;4;2;0;0;1;0;0;1;1;807655,6965;5829196,093;13,53602799;52,52580357
29761;136845;11;6;6010210;2020;2;16;5;3;5;3;0;0;1;0;1;0;0;1;794961,9187;5821412,655;13,34257867;52,46304634
29762;136846;11;1;1033102;2020;2;11;4;3;5;3;0;1;0;0;0;0;0;1;797430,342;5831262,665;13,38760522;52,55000251
29763;136847;11;4;4030827;2020;2;9;5;3;3;6;0;1;0;0;0;0;0;0;792189,1543;5826485,448;13,30632959;52,51001285
29764;136848;11;8;8020622;2020;2;7;4;3;6;4;0;0;1;1;0;0;0;1;801748,37;5820092,85;13,44097726;52,44751145
29765;136849;11;4;4041136;2020;2;14;6;3;2;6;0;0;1;0;0;0;0;1;790057,1197;5822984,169;13,27195399;52,47976111