;OBJECTID;LAND;BEZ;LOR;UJAHR;UMONAT;USTUNDE;UWOCHENTAG;UKATEGORIE;UART;UTYP1;ULICHTVERH;IstRad;IstPKW;IstFuss;IstKrad;IstGkfz;IstSonstige;USTRZUSTAND;LINREFX;LINREFY;XGCSWGS84;YGCSWGS84
29766;136850;11;9;9051901;2020;2;9;1;2;6;4;0;0;1;1;0;0;0;1;810641,1721;5821056,469;13,57230703;52,4511674
29767;136851;11;5;5010207;2020;2;12;3;3;2;6;0;0;1;0;0;0;0;0;783688,5836;5829978,972;13,18439613;52,54582384
29768;136852;11;12;12301203;2020;2;11;2;3;2;6;0;0;1;0;0;0;1;0;793293,0025;5835187,711;13,33023384;52,58743172
29769;136853;11;5;5010204;2020;2;9;6;3;5;5;0;0;1;0;1;0;0;1;781795,1095;5831613,013;13,15793475;52,5614581
29770;136854;11;9;9010302;2020;2;22;1;3;2;6;2;0;1;0;0;0;0;0;804359,5414;5819755,693;13,47897305;52,44304231
29771;136855;11;1;1011303;2020;2;16;7;3;5;3;1;1;1;0;0;0;0;0;799217,4536;5828933,451;13,41178596;52,528146
29772;136856;11;10;10010102;2020;2;19;4;3;5;2;2;0;1;0;0;0;0;1;809348,2542;5834283,176;13,56563535;52,57043429
29773;136857;11;1;1011102;2020;2;7;4;3;8;1;0;0;1;0;0;0;0;1;795138,6584;5827074,189;13,3501865;52,5137027
29774;136858;11;1;1011201;2020;2;15;5;3;5;3;0;1;1;0;0;0;0;0;797159,0747;5826452,695;13,37931727;52,5070347
29775;136859;11;2;2010102;2020;2;8;4;3;2;2;0;0;1;0;1;0;0;1;798687,2196;5826444,453;13,40175855;52,50612636
29776;136860;11;2;2020204;2020;2;23;6;3;6;4;2;0;1;1;0;0;0;1;799098,128;5825192,211;13,40667002;52,49467668
29777;136861;11;1;1022206;2020;2;15;7;3;1;5;0;1;1;0;0;0;0;0;796529,7748;5828673,116;13,37205149;52,52728095
29778;136862;11;4;4030620;2020;2;21;2;3;5;3;2;0;1;0;0;0;0;1;792756,4732;5827039,817;13,31515277;52,51467841
29779;136863;11;9;9020802;2020;2;15;7;3;2;6;0;0;1;0;0;0;0;0;810163,0665;5819563,881;13,56390862;52,43806269
29780;136864;11;11;11030720;2020;2;16;2;3;0;2;0;0;1;0;0;0;1;0;805139,3627;5829967,036;13,49975998;52,53412721
29781;136865;11;4;4010102;2020;2;13;5;2;2;7;0;0;1;0;0;0;0;1;791892,4028;5830698,073;13,30566802;52,54793695
29782;136866;11;1;1011302;2020;2;19;7;3;0;5;2;1;1;0;0;0;0;1;798580,3518;5828916,082;13,40240684;52,52833963
29783;136867;11;2;2020206;2020;2;9;3;3;5;3;0;1;1;0;0;0;0;1;799611,2692;5824523,474;13,41360456;52,48840101
29784;136868;11;2;2050801;2020;2;20;7;3;1;5;2;1;1;0;0;0;0;0;802486,6529;5827501,121;13,45852812;52,51350408
29785;136869;11;12;12214423;2020;2;5;2;3;2;6;2;0;1;0;0;0;0;0;792362,8794;5833915,454;13,31542146;52,5765272
29786;136870;11;9;9020502;2020;2;16;5;3;0;5;0;1;1;0;0;0;0;0;807047,5521;5821926,945;13,520393;52,46099905
29787;136871;11;11;11040926;2020;2;15;5;3;6;6;0;1;0;1;0;0;0;0;806110,4506;5826675,206;13,51100306;52,50408044
29788;136872;11;5;5010314;2020;2;14;5;3;5;2;0;0;1;0;0;0;0;0;785063,3149;5829467,4;13,20417515;52,54051952
29789;136873;11;1;1011102;2020;2;18;4;3;5;3;2;0;1;0;1;0;0;1;795160,5273;5827237,822;13,35065297;52,51515771
29790;136874;11;9;9020802;2020;2;7;3;3;2;6;0;0;1;0;0;0;0;1;810406,0322;5819867,842;13,5677537;52,44064886
29791;136875;11;12;12231102;2020;2;12;5;3;5;3;0;1;1;0;0;0;0;0;790200,5179;5840453,231;13,28933432;52,63629489
29792;136876;11;1;3061126;2020;2;11;3;2;6;6;0;1;0;1;0;0;0;0;798144,0487;5831822,37;13,39860254;52,55462933
29793;136877;11;4;4051448;2020;2;3;7;3;9;1;2;0;1;0;0;0;0;0;793966,3638;5824933,846;13,33107149;52,49514873
29794;136878;11;4;4051446;2020;2;9;2;2;6;4;0;0;1;1;0;0;0;0;792602,89;5824918,832;13,31103186;52,4957468
29795;136879;11;9;9041501;2020;2;18;7;3;2;7;2;1;1;0;0;0;0;0;810842,2732;5820491,004;13,57473063;52,44598563
29796;136880;11;6;6040804;2020;2;15;2;3;5;3;0;0;1;0;1;0;0;0;787739,4655;5818259,826;13,23384913;52,43863034
29797;136881;11;6;6020306;2020;2;8;5;3;5;2;0;1;1;0;0;0;0;0;796227,1644;5817019,053;13,3572529;52,42297658
29798;136882;11;1;2040502;2020;2;14;4;3;1;5;0;1;0;0;0;0;1;1;800329,5233;5828050,794;13,42733259;52,51962298
29799;136883;11;2;2040502;2020;2;12;5;3;5;2;0;1;1;0;0;0;0;0;801247,6592;5827817,435;13,44061195;52,51702494
29800;136884;11;12;12214125;2020;2;15;4;3;2;6;1;0;1;0;0;0;0;1;788064,5581;5831086,197;13,24971064;52,55345432
29801;136885;11;2;2050802;2020;2;9;5;3;5;2;0;1;0;0;0;1;0;0;802551,7081;5826717,062;13,45877116;52,50644052
29802;136886;11;1;1011401;2020;2;18;4;3;5;2;2;1;1;0;0;0;0;1;798323,1742;5829380,771;13,39904404;52,53264572
29803;136887;11;4;4030623;2020;2;17;3;3;2;6;0;0;1;0;0;0;0;0;793276,4087;5826749,855;13,32253725;52,5117997
29804;136888;11;1;1044102;2020;2;9;5;2;5;3;0;1;1;0;0;0;0;0;795288,7065;5832243,695;13,35698475;52,55996176
29805;136889;11;4;4030930;2020;2;17;3;3;5;2;2;0;0;0;0;1;1;1;793283,7827;5825642,066;13,32166963;52,50186486
29806;136890;11;4;4051551;2020;2;23;6;3;5;2;2;0;1;0;0;0;0;0;792833,922;5823213,415;13,31292675;52,48033431
29807;136891;11;1;1011306;2020;2;20;2;3;1;5;2;1;1;0;0;0;0;1;800103,5248;5826883,942;13,42295946;52,50928848
29808;136892;11;4;4031032;2020;2;16;7;3;5;3;0;0;1;0;1;0;0;0;791837,1211;5824755,573;13,29964103;52,49469322
29809;136893;11;3;3030715;2020;2;2;1;3;1;1;2;0;1;0;0;0;0;0;800476,349;5832377,001;13,43340214;52,5583189
29810;136894;11;4;4030828;2020;2;7;5;3;6;4;0;1;0;1;0;0;0;0;792979,5223;5826233,318;13,31772034;52,50732867
29811;136895;11;1;1011301;2020;2;22;4;3;5;2;2;0;1;0;1;0;0;1;797532,5312;5828716,446;13,38682794;52,52712301
29812;136896;11;10;10030724;2020;2;9;5;3;5;3;0;0;1;0;0;0;0;0;809114,572;5829717,07;13,55794796;52,52964728
29813;136897;11;1;1044203;2020;2;14;4;2;5;2;0;1;0;0;0;0;1;0;795297,3351;5831410,269;13,35637022;52,55248615
29814;136898;11;1;1033101;2020;2;23;6;2;6;4;2;0;1;1;0;0;0;0;797260,6048;5832181,086;13,38593166;52,55832767
29815;136899;11;3;3050920;2020;2;15;1;3;1;5;0;0;1;0;0;0;0;1;801772,4137;5831761,452;13,45190284;52,55208511
29816;136900;11;10;10040931;2020;2;13;3;3;5;3;0;0;1;0;0;0;0;1;812869,4905;5828229,337;13,61172178;52,51417374
29817;136901;11;3;3040512;2020;2;8;5;3;5;3;0;1;1;0;0;0;0;0;795718,0231;5834971,45;13,36573175;52,58418034
29818;136902;11;5;5010339;2020;2;14;2;3;2;6;0;0;1;0;0;0;0;0;787003,5529;5828154,705;13,23157206;52,52773192
29819;136903;11;9;9010202;2020;2;7;6;3;0;7;0;1;1;0;1;1;0;1;804112,7604;5823601,596;13,47885706;52,47764964
29820;136904;11;9;9010301;2020;2;14;2;3;6;7;0;1;0;1;0;0;0;0;804798,9681;5822364,29;13,48779914;52,46617759
29821;136905;11;1;1011201;2020;2;20;1;3;1;5;2;0;1;0;0;0;0;1;797339,4661;5826481,987;13,38199347;52,50719899
29822;136906;11;2;2040502;2020;2;16;3;2;6;4;0;0;1;1;0;0;0;0;800457,2111;5828224,689;13,42936587;52,52111132
29823;136907;11;6;6030503;2020;2;8;5;3;5;2;0;1;1;0;0;0;0;0;790720,7125;5817908,498;13,27727813;52,43390398
29824;136908;11;3;3040614;2020;2;12;3;3;5;3;0;1;1;0;0;0;0;1;799019,8094;5835053,115;13,41439377;52,58310773
29825;136909;11;2;2020206;2020;2;15;6;3;2;6;0;0;1;0;0;0;0;0;799812,2844;5824470,706;13,41650872;52,48781767
29826;136910;11;8;8010404;2020;2;18;2;3;5;3;2;0;1;0;0;0;0;1;801998,4675;5823295,841;13,44754394;52,47608232
29827;136911;11;1;1011306;2020;2;14;5;3;0;2;0;1;1;0;0;0;0;1;800072,9676;5826415,94;13,42208871;52,5051104
29828;136912;11;5;5010314;2020;2;11;4;2;8;1;0;0;0;0;1;0;0;1;785257,678;5828842,623;13,2064969;52,53481612
29829;136913;11;12;12103219;2020;2;7;5;3;1;1;0;0;1;0;0;0;1;0;794914,1722;5832901,656;13,35206065;52,56606279
29830;136914;11;4;4051446;2020;2;5;4;3;5;3;2;1;1;0;0;0;0;0;792912,1779;5824395,731;13,31511478;52,49089147
29831;136915;11;3;3050923;2020;2;21;6;3;0;3;2;0;1;0;1;0;0;1;801280,335;5831868,844;13,44476466;52,55332007
29832;136916;11;6;6020409;2020;2;9;1;3;2;6;0;0;1;0;0;0;0;1;793452,9884;5817722,463;13,3171906;52,43077726
29833;136917;11;2;2050802;2020;2;11;3;3;6;2;0;0;0;1;0;0;1;1;802614,9171;5826997,982;13,45995499;52,50892334
29834;136918;11;9;9020802;2020;2;15;7;3;2;7;0;1;1;0;0;0;0;0;810493,4517;5820140,273;13,56928878;52,44304067
29835;136919;11;6;6030503;2020;2;9;2;3;5;3;0;1;1;0;0;0;0;0;789401,5627;5817532,485;13,25760276;52,43123239
29836;136920;11;1;1011303;2020;2;7;6;3;1;7;0;1;1;0;0;0;0;1;798949,7136;5827814,113;13,40684485;52,51825965
29837;136921;11;1;1011203;2020;2;13;7;3;5;3;0;0;1;0;0;0;1;0;797596,1838;5827122,918;13,38633783;52,51280421
29838;136922;11;12;12302110;2020;2;19;4;2;6;2;2;0;1;1;0;0;0;1;795277,8562;5836374,769;13,36050484;52,59699879
29839;136923;11;12;12304314;2020;2;21;4;2;6;4;2;1;0;1;0;0;0;1;791213,0555;5836732,537;13,30097794;52,60239811
29840;136924;11;11;11020515;2020;2;8;4;3;5;2;0;1;1;0;0;0;0;1;805113,7332;5830256,409;13,49964895;52,53673503
29841;136925;11;11;11010310;2020;2;15;5;3;6;7;0;1;0;1;0;0;0;0;805400,6641;5833282,154;13,506649;52,56369199
29842;136926;11;4;4010102;2020;2;13;4;3;2;6;0;0;1;0;0;0;0;1;791875,3172;5830697,802;13,30541653;52,54794367
29843;136927;11;1;1044203;2020;2;20;6;3;5;2;2;0;1;0;0;0;0;0;795199,6744;5831321,467;13,35485505;52,55174306
29844;136928;11;1;1022104;2020;2;18;7;3;0;6;2;1;1;0;0;0;0;1;793920,2313;5828481,984;13,33352741;52,52698074
29845;136929;11;5;5030730;2020;2;8;3;3;2;6;0;0;1;0;0;0;0;1;785453,5624;5829250,995;13,2097278;52,53837496
29846;136930;11;2;2020202;2020;2;19;2;3;2;6;2;0;1;0;0;0;0;0;797922,339;5825277,612;13,38947861;52,49608525
29847;136931;11;1;1033201;2020;2;14;5;3;3;6;0;0;1;0;0;0;1;1;797699,4144;5830695,726;13,39105363;52,54477365
29848;136932;11;6;6020304;2020;2;12;4;3;5;3;0;0;1;0;0;0;0;0;794691,4755;5818080,017;13,33566946;52,43331682
29849;136933;11;8;8010406;2020;2;18;4;2;6;4;2;0;1;1;0;0;0;0;802017,6769;5824307,742;13,4487425;52,48514149
29850;136934;11;7;7050501;2020;2;18;4;3;1;5;2;1;1;0;0;0;0;0;797644,092;5819416,154;13,38016276;52,44369539
29851;136935;11;2;2030302;2020;2;20;3;2;5;7;1;0;1;0;1;0;0;0;800640,8391;5826588,454;13,4305859;52,5063441
29852;136936;11;1;1011202;2020;2;16;4;3;5;2;0;1;0;0;0;0;0;0;797156,5882;5827708,505;13,3804021;52,51829301
29853;136937;11;9;9051901;2020;2;7;3;3;4;6;0;1;0;0;0;0;0;0;812069,2933;5821168,002;13,59335848;52,45135357
29854;136938;11;4;4030725;2020;2;9;6;3;5;3;0;1;1;0;0;0;0;0;791861,712;5826237,052;13,30130067;52,50796131
29855;136939;11;8;8041036;2020;2;0;2;3;1;5;2;0;1;0;0;0;1;0;805150,3707;5816470,086;13,48757452;52,41315367
29856;136940;11;6;6040701;2020;2;13;7;3;5;3;0;1;1;0;0;0;0;0;782210,6964;5815684,906;13,15055898;52,41842298
29857;136941;11;4;4031032;2020;2;14;2;3;5;2;0;0;1;0;0;0;1;0;791017,0481;5824861,022;13,28768781;52,49607645
29858;136942;11;1;1011302;2020;2;0;4;3;5;2;2;1;0;0;0;0;1;1;798680,6721;5828665,963;13,40365659;52,52604271
29859;136943;11;11;11020412;2020;2;16;4;3;6;4;0;0;1;1;0;0;0;0;805046,3984;5831201,444;13,49952693;52,54524251
29860;136944;11;7;7010104;2020;2;22;4;3;5;3;2;0;1;0;0;0;1;1;796358,7308;5825091,379;13,36634817;52,49526713
29861;136945;11;1;1044202;2020;2;11;7;3;5;2;0;1;1;0;0;0;0;0;795217,665;5830192,81;13,35411637;52,54161587
29862;136946;11;8;8020727;2020;2;10;2;3;5;3;0;0;1;0;0;0;0;1;801638,424;5817393,295;13,43692866;52,42337517
29863;136947;11;3;3040614;2020;2;15;2;3;5;2;0;1;1;0;0;0;0;0;800025,0379;5834654,564;13,42882495;52,57898206
29864;136948;11;1;1033202;2020;2;11;5;3;0;1;0;0;0;0;1;0;0;0;797905,4607;5829883,006;13,39335435;52,53737607
29865;136949;11;7;7040404;2020;2;16;4;3;2;6;0;0;1;0;0;0;1;0;797326,9167;5820572,089;13,37653887;52,45422979
29866;136950;11;3;3050923;2020;2;17;4;3;6;2;2;0;1;1;0;0;0;1;800218,2567;5832151,178;13,42940222;52,55643715
29867;136951;11;5;5010101;2020;2;16;3;2;2;6;0;0;1;0;1;0;0;0;786021,542;5831716,06;13,22020275;52,56017826
29868;136952;11;8;8030830;2020;2;14;4;3;5;2;0;0;1;0;0;0;0;0;802293,0607;5817847,003;13,44693655;52,42708062
29869;136953;11;1;1044203;2020;2;15;3;3;5;2;0;1;1;0;0;0;0;1;795309,3485;5831237,275;13,35639303;52,55092891
29870;136954;11;3;3071537;2020;2;20;6;3;6;2;2;0;1;1;0;0;0;0;799881,7164;5829796,242;13,42232681;52,53551452
29871;136955;11;6;6030608;2020;2;19;2;3;6;2;2;0;1;1;0;0;0;1;792759,0886;5817474,695;13,3067966;52,42892783
29872;136956;11;8;8010211;2020;2;18;5;2;6;4;2;0;1;1;0;0;0;1;800389,5746;5824098,733;13,42464998;52,4841662
29873;136957;11;12;12214424;2020;2;18;4;3;5;3;2;0;1;0;0;0;1;1;792897,799;5832158,918;13,32174163;52,56049311
29874;136958;11;9;9052001;2020;2;11;4;3;5;3;0;1;1;0;0;0;0;0;811283,928;5822337,524;13,58292915;52,46228197
29875;136959;11;1;1011203;2020;2;8;5;3;5;3;0;1;1;0;0;0;0;0;798287,305;5827428,688;13,39676596;52,51516753
29876;136960;11;4;4020313;2020;2;13;4;2;1;5;0;0;1;0;0;0;0;0;790729,8176;5826716,458;13,28508898;52,5128636
29877;136961;11;8;8010303;2020;2;9;4;3;0;2;0;1;1;1;0;0;0;0;800357,4265;5824319,791;13,42437717;52,48616533
29878;136962;11;1;1033203;2020;2;16;4;3;3;6;0;0;1;0;0;0;0;0;796557,7875;5829858,301;13,3735206;52,53788965
29879;136963;11;7;7040403;2020;2;19;1;3;2;6;2;0;1;0;0;0;0;1;796898,0413;5822303,436;13,371786;52,46998284
29880;136964;11;4;4030620;2020;2;15;3;3;5;3;0;1;1;0;0;0;0;0;792661,8947;5827418,093;13,31409574;52,51812029
29881;136965;11;5;5010101;2020;2;9;4;2;4;6;0;0;1;0;0;0;0;0;781321,115;5835411,706;13,1541848;52,59576401
29882;136966;11;3;3050923;2020;2;11;3;3;5;3;0;0;1;0;0;0;1;1;800773,5521;5831768,596;13,43722171;52,55270162
29883;136967;11;12;12301203;2020;2;13;6;3;0;1;0;0;0;0;1;0;0;0;792422,7806;5834189,417;13,31654456;52,57895097
29884;136968;11;5;5020625;2020;2;18;2;3;6;2;2;0;1;1;0;0;0;1;784704,9786;5828612,154;13,198173;52,53303875
29885;136969;11;11;11040926;2020;2;13;7;3;5;3;0;0;1;0;0;0;0;0;805129,282;5826547,869;13,49647582;52,50348874
29886;136970;11;10;10040829;2020;2;21;4;3;6;2;2;0;0;1;0;0;1;1;811541,5039;5827289,681;13,59133611;52,50651331
29887;136971;11;11;11030720;2020;2;9;4;3;6;4;0;0;1;1;0;0;0;1;804333,5342;5829881,919;13,48783851;52,53381487
29888;136972;11;12;12103116;2020;2;9;4;3;5;3;0;0;1;0;0;0;1;0;796595,8293;5833589,05;13,37741308;52,57131093
29889;136973;11;8;8010213;2020;2;14;4;2;6;4;0;0;1;1;0;0;0;1;801051,0945;5822583,189;13,43299419;52,47021761
29890;136974;11;12;12214422;2020;2;19;6;3;9;1;2;0;1;0;0;0;0;0;791486,7581;5833058,004;13,30177544;52,56931039
29891;136975;11;1;1011303;2020;2;19;7;3;2;2;2;0;1;0;0;0;1;1;799143,9429;5828308,178;13,41014311;52,5225817
29892;136976;11;2;2020203;2020;2;9;3;3;1;5;0;1;1;0;0;0;0;1;797359,6662;5824532,277;13,38054953;52,48971098
29893;136977;11;3;3040818;2020;2;7;2;3;2;2;0;0;1;0;0;0;0;0;800078,4241;5832605,614;13,42775671;52,56058743
29894;136978;11;3;3040614;2020;2;7;4;3;1;5;0;1;1;0;0;0;0;1;799169,4038;5834958,429;13,41650961;52,58217679
29895;136979;11;10;10010207;2020;2;17;6;3;6;7;1;0;1;1;0;0;0;1;807959,847;5831092,856;13,54225442;52,54263044
29896;136980;11;9;9020701;2020;2;10;1;3;5;2;0;0;1;0;0;1;0;1;808329,9227;5818869,307;13,53638623;52,43287431
29897;136981;11;4;4030518;2020;2;12;3;3;5;3;0;1;1;0;0;0;0;1;791391,2055;5828583,944;13,29644352;52,52925245
29898;136982;11;4;4051655;2020;2;11;2;2;6;4;0;1;0;1;0;0;0;0;794038,8687;5823909,917;13,33123286;52,48593065
29899;136983;11;1;1011303;2020;2;9;6;3;5;7;0;1;0;0;0;0;1;0;799121,6619;5828465,676;13,40995734;52,52400567
29900;136984;11;1;1022104;2020;2;23;1;3;2;6;2;0;1;0;0;0;0;1;793637,4965;5828496,545;13,3293846;52,52726363
29901;136985;11;1;2040701;2020;2;18;4;3;6;2;2;0;1;1;0;0;0;1;800173,3183;5827364,388;13,42441808;52,51355649
29902;136986;11;7;7030301;2020;2;7;4;3;1;7;0;0;1;1;0;0;0;1;793561,7329;5821970,069;13,32251866;52,46879741
29903;136987;11;10;10020622;2020;2;8;4;3;5;3;0;1;1;0;0;0;0;0;811250,068;5828683,144;13,58835925;52,51916694
29904;136988;11;11;11010310;2020;2;11;4;3;5;2;0;1;1;0;0;0;0;1;805555,0054;5833392,957;13,50902091;52,56459844
29905;136989;11;12;12224229;2020;2;16;6;3;0;7;0;0;1;0;0;0;0;0;786051,8677;5834454,344;13,22301101;52,58471286
29906;136990;11;12;12231102;2020;2;16;7;3;3;6;0;1;0;0;0;0;1;0;789336,3857;5840770,864;13,27687893;52,63960356
29907;136991;11;6;6020302;2020;2;6;2;3;0;7;0;0;0;0;1;0;1;1;794839,3626;5819323,954;13,33893582;52,4443884
29908;136992;11;12;12103116;2020;2;18;2;2;6;4;2;0;1;1;0;0;0;0;796599,2661;5833576,372;13,3774523;52,57119541
29909;136993;11;4;4020311;2020;2;14;5;3;2;6;0;0;1;0;0;0;0;1;789870,9476;5826222,676;13,27203825;52,50889388
29910;136994;11;2;2020202;2020;2;8;4;3;5;2;0;1;1;0;0;0;0;1;797929,6243;5825276,066;13,38958422;52,49606741
29911;136995;11;6;6030503;2020;2;18;4;3;6;4;2;0;1;1;0;0;0;1;790656,1217;5817842,636;13,27627344;52,43334783
29912;136996;11;5;5030730;2020;2;5;6;3;5;2;2;0;1;0;0;0;0;1;785967,9086;5829212,235;13,21725745;52,53775778
29913;136997;11;11;11020514;2020;2;7;4;3;0;3;0;0;0;0;0;0;1;0;803852,5143;5830390,635;13,48123388;52,53864267
29914;136998;11;11;11051331;2020;2;20;4;3;5;3;2;1;1;0;0;0;0;0;807231,5188;5824302,705;13,52528013;52,48218769
29915;136999;11;1;1044202;2020;2;18;4;3;6;4;2;0;1;1;0;0;0;1;794607,8388;5829879,466;13,34487243;52,53913703
29916;137000;11;9;9052001;2020;2;5;3;2;5;3;2;1;1;0;0;0;0;1;810990,9797;5821975,558;13,57829392;52,45920499
29917;137001;11;1;1022106;2020;2;20;4;3;5;2;2;1;1;0;0;0;0;0;794119,5952;5828273,794;13,33627352;52,52500692
29918;137002;11;9;9020802;2020;2;18;3;3;4;6;2;1;0;0;0;0;0;0;810524,9657;5820037,879;13,5696558;52,44210516
29919;137003;11;2;2020204;2020;2;10;7;3;5;3;0;1;1;0;0;0;0;0;798532,8013;5825353,458;13,39851215;52,49643154
29920;137004;11;7;7040403;2020;2;9;2;2;0;5;0;0;0;0;0;0;1;0;797588,332;5820788,694;13,38056763;52,45602918
29921;137005;11;4;4031032;2020;2;15;2;3;5;2;0;1;1;0;0;0;0;0;790986,1887;5824832,941;13,28720999;52,49584116
29922;137006;11;1;1011305;2020;2;8;5;3;5;3;0;1;0;0;0;0;0;0;799367,6125;5827008,491;13,41226051;52,51080922
29923;137007;11;12;12224230;2020;2;19;4;3;5;2;2;0;1;0;0;0;0;0;787343,0709;5837844,722;13,24495896;52,61442841
29924;137008;11;5;5010312;2020;2;15;4;2;5;3;0;1;1;0;0;0;0;1;785149,692;5829617,849;13,20557446;52,54182324
29925;137009;11;2;2040701;2020;2;16;3;3;2;6;0;0;1;0;1;0;0;0;800746,4084;5826923,331;13,43243917;52,50928751
29926;137010;11;1;1033102;2020;2;19;4;3;5;3;2;1;1;0;0;0;0;0;797694,5759;5831556,744;13,39175434;52,5524942
29927;137011;11;2;2050801;2020;2;12;3;3;0;1;0;0;0;0;1;0;0;1;802442,4198;5827419,364;13,45780398;52,51279582
29928;137012;11;4;4051446;2020;2;17;3;3;5;3;1;1;1;0;0;0;0;0;792912,1768;5824395,734;13,31511477;52,49089149
29929;137013;11;10;10020416;2020;2;5;4;3;5;3;2;1;1;0;0;0;0;0;813245,4968;5831083,708;13,61993336;52,53953577
29930;137014;11;2;2040702;2020;2;1;3;3;0;1;2;0;0;0;0;0;1;1;801801,3413;5827211,328;13,44819722;52,51128626
29931;137015;11;10;10040828;2020;2;22;6;3;5;3;2;0;1;0;0;0;0;0;811845,7288;5829302,099;13,59768989;52,52437324
29932;137016;11;4;4020310;2020;2;21;2;2;6;2;2;0;1;1;0;0;0;1;790378,7921;5827305,93;13,28044534;52,51833525
29933;137017;11;5;5010101;2020;2;12;1;3;6;4;0;0;1;1;0;0;0;1;785911,4608;5831427,697;13,21833487;52,55765068
29934;137018;11;3;3030405;2020;2;7;5;3;5;3;1;1;1;0;0;0;0;1;803590,0428;5839579,772;13,48579169;52,62114713
29935;137019;11;10;10010310;2020;2;13;4;3;6;4;0;0;1;1;0;0;0;1;809875,3428;5831240,173;13,57054704;52,54286472
29936;137020;11;7;7050502;2020;2;18;3;3;2;6;2;0;1;0;0;0;0;1;797341,2797;5818559,359;13,37495838;52,43617977
29937;137021;11;1;1011103;2020;2;15;4;3;1;5;0;1;1;0;0;0;0;1;795489,7327;5825791,835;13,3542066;52,50201733
29938;137022;11;9;9041501;2020;2;15;1;3;6;2;0;0;1;1;0;0;0;1;810980,752;5820467,815;13,57674001;52,44569908
29939;137023;11;12;12214527;2020;2;14;3;3;6;4;0;0;0;1;0;0;1;0;790352,1244;5835362,312;13,28710002;52,59057469
29940;137024;11;3;3061332;2020;2;20;3;3;0;1;1;1;0;0;0;0;0;1;799369,8062;5830724,693;13,41563864;52,54411805
29941;137025;11;9;9010301;2020;2;10;3;3;5;3;0;1;1;0;0;0;0;0;804562,4952;5822021,77;13,48401637;52,46323955
29942;137026;11;7;7040401;2020;2;11;6;3;1;7;0;0;1;0;0;0;0;0;797945,849;5823970,883;13,38865552;52,48435913
29943;137027;11;10;10010311;2020;2;14;2;2;5;2;0;1;1;0;0;0;0;0;810690,9509;5832009,971;13,58325523;52,54929873
29944;137028;11;8;8010117;2020;2;23;4;2;6;4;2;1;0;1;0;0;0;1;800482,2271;5823565,576;13,42552978;52,47933634
29945;137029;11;12;12224230;2020;2;16;6;3;2;2;0;0;1;0;1;0;0;0;786430,0489;5837355,444;13,23108721;52,61052379
29946;137030;11;10;10020413;2020;2;18;2;3;6;4;2;0;0;1;1;0;0;1;811294,3192;5831303,023;13,59146243;52,54261916
29947;137031;11;6;6030503;2020;2;16;5;3;2;6;0;0;1;0;0;0;1;1;789979,7408;5817563,513;13,2661101;52,43120439
29948;137032;11;5;5010208;2020;2;11;4;3;5;3;0;0;1;0;0;0;0;1;783711,593;5830379,735;13,18507692;52,54940514
29949;137033;11;2;2010104;2020;2;19;3;3;3;6;2;1;1;0;0;0;0;0;798961,7729;5825589,948;13,40502449;52,49831655
29950;137034;11;6;6020305;2020;2;7;4;3;5;2;0;1;1;0;0;0;0;1;795520,0309;5817419,594;13,34723796;52,42694953
29951;137035;11;4;4020313;2020;2;16;6;3;2;6;0;0;1;0;0;0;0;1;790539,3852;5826347,351;13,28196847;52,509656
29952;137036;11;1;1033102;2020;2;2;1;3;5;3;2;0;1;0;0;0;0;0;797803,2489;5831334,509;13,3931531;52,55044276
29953;137037;11;5;5010314;2020;2;11;3;2;6;4;0;0;1;1;0;0;0;1;784835,8428;5829055,502;13,20047704;52,53694542
29954;137038;11;4;4051549;2020;2;12;7;3;5;7;0;0;1;0;1;0;0;0;793295,6889;5823919,061;13,32032762;52,48641237
29955;137039;11;11;11040925;2020;2;10;2;3;0;4;0;0;0;1;1;0;0;0;803955,7074;5826407,59;13,47911115;52,50288646
29956;137040;11;10;10040931;2020;2;8;6;2;2;2;0;0;1;0;1;0;0;1;813135,8026;5828767,317;13,61613969;52,51884176
29957;137041;11;9;9010301;2020;2;10;7;3;5;7;0;0;1;0;0;0;0;0;804649,0489;5822133,988;13,48538887;52,46419708
29958;137042;11;8;8010214;2020;2;19;4;3;5;3;2;0;1;0;0;0;0;1;801307,184;5822227,79;13,43643191;52,46689089
29959;137043;11;7;7040402;2020;2;7;4;3;5;3;0;0;1;0;0;0;0;0;796835,6235;5820808,148;13,36953992;52,45661287
29960;137044;11;4;4010103;2020;2;15;3;3;5;2;0;0;1;0;0;0;0;0;791187,2298;5829177,765;13,29396536;52,53468499
29961;137045;11;11;11051331;2020;2;0;4;3;5;3;2;0;1;0;0;0;1;0;807549,7858;5824823,687;13,5304327;52,48667764
29962;137046;11;5;5010314;2020;2;13;7;3;2;6;0;0;1;0;0;0;0;0;784080,1522;5829015,568;13,18933114;52,53698184
29963;137047;11;3;3010102;2020;3;9;5;3;2;2;0;1;1;0;0;0;0;0;804000,8705;5840809,724;13,49297279;52,63194069