;OBJECTID;LAND;BEZ;LOR;UJAHR;UMONAT;USTUNDE;UWOCHENTAG;UKATEGORIE;UART;UTYP1;ULICHTVERH;IstRad;IstPKW;IstFuss;IstKrad;IstGkfz;IstSonstige;USTRZUSTAND;LINREFX;LINREFY;XGCSWGS84;YGCSWGS84
29964;137048;11;6;6020409;2020;3;14;3;3;2;6;0;0;1;0;0;0;0;1;793478,0236;5817690,294;13,31752954;52,43047544
29965;137049;11;9;9020802;2020;3;16;5;3;5;2;0;0;1;0;0;0;0;0;810055,548;5819465,414;13,56224065;52,4372412
29966;137050;11;3;3050919;2020;3;14;3;3;0;1;0;1;0;0;0;0;0;0;800998,6581;5832185,234;13,44090955;52,55631164
29967;137051;11;11;11020514;2020;3;8;2;3;5;3;0;0;1;0;0;0;0;1;804671,5631;5830737,609;13,49359109;52,54129514
29968;137052;11;2;2010103;2020;3;13;3;3;5;2;0;1;1;0;0;0;0;0;799447,117;5825676,005;13,4122301;52,49882183
29969;137053;11;10;10020413;2020;3;13;3;3;5;2;0;0;1;0;0;0;0;0;811288,6729;5831561,272;13,59162143;52,54493661
29970;137054;11;1;1011204;2020;3;8;5;3;0;3;0;0;1;0;1;0;0;0;798557,8897;5826814,406;13,40019053;52,50951328
29971;137055;11;6;6040810;2020;3;18;6;3;6;2;2;0;1;1;0;0;0;1;790350,6475;5820665,929;13,27424646;52,45882163
29972;137056;11;4;4030931;2020;3;1;5;2;0;1;2;0;0;0;0;0;1;0;793904,6976;5825880,77;13,33100142;52,50367064
29973;137057;11;3;3040614;2020;3;13;3;3;3;6;0;0;1;0;0;0;1;0;799320,149;5833878,37;13,41775268;52,57241295
29974;137058;11;1;1011302;2020;3;13;4;3;5;3;0;1;1;0;0;0;0;0;798625,6117;5828980,599;13,40312998;52,52889313
29975;137059;11;4;4020311;2020;3;13;3;3;5;7;0;0;1;0;0;0;0;1;789333,2712;5826174,938;13,2640965;52,50875133
29976;137060;11;8;8010404;2020;3;13;2;2;3;6;0;1;1;0;1;0;1;0;801923,3103;5823547,242;13,44666832;52,47837722
29977;137061;11;9;9041301;2020;3;15;1;3;2;7;0;0;1;0;0;0;1;0;814685,4083;5818278,317;13,62900898;52,42395979
29978;137062;11;3;3010102;2020;3;16;2;3;5;3;0;1;1;0;0;0;0;0;804372,7006;5840423,98;13,49809459;52,62827531
29979;137063;11;1;1011303;2020;3;13;2;3;0;1;0;1;0;0;0;0;0;1;799179,5855;5828190,953;13,41056143;52,5215114
29980;137064;11;1;1011302;2020;3;6;6;3;5;7;1;0;1;0;1;0;0;1;798351,227;5829034,335;13,39914546;52,52952504
29981;137065;11;12;12214125;2020;3;0;1;3;0;7;2;0;1;0;0;0;0;1;788116,0597;5831269,464;13,25062721;52,55507013
29982;137066;11;8;8010118;2020;3;20;2;3;6;4;2;0;0;1;1;0;0;0;801002,4877;5822165,268;13,43190377;52,46649843
29983;137067;11;4;4041240;2020;3;17;2;3;1;5;1;1;1;0;0;0;0;0;791265,3319;5822075,812;13,28890116;52,47097459
29984;137068;11;5;5010311;2020;3;11;6;3;0;2;0;1;1;0;0;0;0;1;785394,5915;5830307,229;13,20976816;52,54787589
29985;137069;11;1;1011202;2020;3;19;4;3;0;6;2;1;1;0;0;0;0;0;797735,449;5827609,131;13,388819;52,51708652
29986;137070;11;1;1011303;2020;3;15;2;3;6;4;0;0;0;1;0;0;1;0;798715,4034;5828091,554;13,40365109;52,52087491
29987;137071;11;3;3071536;2020;3;17;4;3;0;1;0;1;0;0;0;0;0;0;798980,3667;5830035,138;13,40929246;52,53815107
29988;137072;11;6;6010205;2020;3;7;2;3;2;6;0;0;1;0;0;0;0;1;796286,539;5819657,812;13,36046212;52,44659894
29989;137073;11;7;7040405;2020;3;5;2;3;5;7;2;0;1;0;0;0;1;1;798212,4723;5820948,185;13,38986831;52,45711866
29990;137074;11;1;1011303;2020;3;9;1;3;5;2;0;1;1;0;0;0;0;0;799240,7186;5828468,318;13,41170932;52,52396402
29991;137075;11;1;1044202;2020;3;15;2;3;5;2;0;1;0;0;0;0;1;0;794896,4033;5830222,132;13,34941901;52,54205268
29992;137076;11;3;3071537;2020;3;13;6;3;5;3;0;1;1;0;0;0;0;1;799816,8619;5829571,492;13,42117076;52,53353569
29993;137077;11;4;4030931;2020;3;19;4;3;1;5;2;1;1;0;0;0;0;0;794344,9099;5825630,574;13,33724707;52,50119048
29994;137078;11;6;6030503;2020;3;15;2;3;5;3;0;1;0;0;0;0;0;0;789525,6492;5817501,326;13,25939583;52,43088737
29995;137079;11;3;3040614;2020;3;16;5;3;2;6;0;0;1;0;0;0;0;0;799533,023;5833959,757;13,42095789;52,57302534
29996;137080;11;1;1033203;2020;3;14;2;2;8;1;0;0;1;0;0;0;0;0;796306,0923;5830691,283;13,37056337;52,54549338
29997;137081;11;2;2020206;2020;3;18;4;3;0;7;1;1;1;0;0;0;0;1;799836,4561;5824990,557;13,41733139;52,49246407
29998;137082;11;4;4030620;2020;3;15;4;3;6;7;0;0;0;1;0;0;1;0;792254,4867;5827275,635;13,3079835;52,51706168
29999;137083;11;8;8020728;2020;3;13;2;3;1;5;0;0;1;0;0;0;0;0;802459,3667;5817072,217;13,44867454;52,42004416
30000;137084;11;2;2020203;2020;3;12;2;3;6;4;0;1;0;1;0;0;0;0;797779,2784;5824942,213;13,38707772;52,49315686
30001;137085;11;2;2050803;2020;3;8;4;3;5;2;0;1;1;0;0;0;0;0;803104,9216;5826095,522;13,46633132;52,50056269
30002;137086;11;4;4020311;2020;3;11;2;3;2;6;0;0;1;0;0;1;0;1;789206,2087;5826856,332;13,26282168;52,5149276
30003;137087;11;7;7050505;2020;3;10;2;2;6;2;0;0;1;1;0;0;0;0;798464,8385;5818380,01;13,39127723;52,43396017
30004;137088;11;9;9020601;2020;3;14;7;3;5;3;0;1;1;0;0;0;0;0;807693,0624;5820976,497;13,52898824;52,45211794
30005;137089;11;4;4020310;2020;3;10;2;3;2;6;0;0;1;0;0;0;0;1;789692,4845;5827440,048;13,27047592;52,51990266
30006;137090;11;4;4020311;2020;3;11;6;3;5;7;0;1;1;0;0;0;0;0;789149,3626;5826923,386;13,26204457;52,5155589
30007;137091;11;3;3040614;2020;3;16;4;3;2;6;0;0;1;0;0;0;0;0;799404,0562;5833909,666;13,41901534;52,57264732
30008;137092;11;2;2020202;2020;3;9;2;3;0;1;0;1;0;0;0;0;0;1;797265,9189;5825057,993;13,37964191;52,49447452
30009;137093;11;7;7020204;2020;3;16;5;3;2;6;0;1;1;0;0;0;0;0;796554,1391;5823965,994;13,36821656;52,48507297
30010;137094;11;1;1022103;2020;3;8;2;3;2;6;0;0;1;0;0;1;0;1;793800,7237;5829984,161;13,33309874;52,54051132
30011;137095;11;5;5020625;2020;3;10;2;3;6;4;0;0;1;1;0;0;0;1;784519,9322;5828164,26;13,19506895;52,52911955
30012;137096;11;9;9030901;2020;3;7;2;3;3;6;0;1;1;0;0;0;0;1;809516,0476;5817193,934;13,5522276;52,41718997
30013;137097;11;6;6030502;2020;3;13;1;3;7;7;0;1;0;0;0;0;0;0;789616,7347;5814985,386;13,25855413;52,40828261
30014;137098;11;4;4051550;2020;3;16;4;3;2;6;0;1;0;0;0;0;0;0;793040,9639;5824147,284;13,31678769;52,48859509
30015;137099;11;7;7040401;2020;3;12;6;3;2;2;0;0;1;0;0;0;0;1;798319,8972;5823949,937;13,39412881;52,48396714
30016;137100;11;5;5040934;2020;3;14;1;3;0;6;0;1;0;0;0;0;0;1;783849,5391;5823541,949;13,1812712;52,48802446
30017;137101;11;7;7030303;2020;3;21;1;2;5;7;2;0;1;0;0;0;0;0;795266,1867;5821870,957;13,34744976;52,46699041
30018;137102;11;11;10010203;2020;3;9;7;3;2;6;0;0;1;0;0;0;0;1;806922,0211;5832609,482;13,52840078;52,55680806
30019;137103;11;2;2020205;2020;3;20;1;3;1;5;2;1;1;0;0;0;0;0;798333,6031;5824027,196;13,39439919;52,48465219
30020;137104;11;5;5010312;2020;3;19;6;2;1;3;2;0;1;0;0;0;0;1;785075,074;5829873,962;13,20469697;52,54415857
30021;137105;11;3;3040818;2020;3;15;4;3;2;6;0;0;1;0;0;0;1;0;800223,1224;5834911,195;13,43197191;52,58117304
30022;137106;11;3;3061131;2020;3;19;1;3;3;6;2;1;0;0;0;0;0;0;799212,6776;5831107,785;13,41367362;52,54763818
30023;137107;11;2;2010103;2020;3;15;5;3;5;3;0;1;1;0;0;0;0;0;799281,7464;5826219,656;13,41028986;52,50378559
30024;137108;11;1;1011303;2020;3;18;1;3;0;7;2;0;0;0;1;0;0;1;798763,3206;5828212,639;13,40446398;52,52193402
30025;137109;11;11;11051330;2020;3;8;2;3;2;6;0;0;1;0;0;0;0;1;807292,2968;5825400,409;13,52718434;52,49199128
30026;137110;11;8;8020622;2020;3;17;1;3;2;6;0;0;1;0;0;0;0;0;801429,1767;5820264,736;13,43644994;52,44922819
30027;137111;11;7;7070701;2020;3;16;1;3;6;4;0;0;1;1;0;0;0;0;799566,6073;5815106,946;13,40450538;52,40401907
30028;137112;11;12;12214527;2020;3;12;4;2;3;6;0;0;1;0;1;0;0;0;790596,9478;5834496,568;13,28994457;52,58268268
30029;137113;11;12;12103117;2020;3;18;6;3;5;2;2;1;1;0;0;0;0;1;795768,1799;5832571,431;13,3643292;52,56263937
30030;137114;11;10;10010204;2020;3;12;4;3;5;2;0;0;0;0;0;0;1;0;809671,8478;5833230,198;13,56941189;52,56081406
30031;137115;11;1;1011301;2020;3;15;1;2;0;1;0;0;0;0;1;0;0;1;797116,1783;5829010,934;13,38097191;52,52998984
30032;137116;11;7;7010104;2020;3;12;4;3;1;5;0;1;1;0;0;0;0;0;796378,236;5825074,653;13,36661975;52,4951066
30033;137117;11;3;3040512;2020;3;19;1;3;5;3;2;1;1;0;0;0;0;0;796982,1187;5835832,359;13,38510617;52,59120874
30034;137118;11;8;8020727;2020;3;16;4;3;5;3;0;0;1;0;1;0;0;0;801030,4378;5817060,144;13,4277148;52,42072379
30035;137119;11;3;3020203;2020;3;14;1;3;6;4;0;0;1;1;0;0;0;1;798546,2853;5841328,77;13,41308843;52,63961884
30036;137120;11;8;8010406;2020;3;22;4;3;5;3;2;0;1;0;0;0;0;0;802277,792;5823880,668;13,45217422;52,48116966
30037;137121;11;5;5010313;2020;3;14;1;2;6;4;0;0;1;1;0;0;0;1;784376,3177;5830006,242;13,19453402;52,54570978
30038;137122;11;1;1022206;2020;3;13;1;3;0;1;0;0;0;0;1;0;0;1;796219,7558;5828478,147;13,36732131;52,52570178
30039;137123;11;11;11020514;2020;3;19;1;2;0;1;2;1;0;0;0;0;0;0;804571,1957;5831031,571;13,49238523;52,54398588
30040;137124;11;9;9041301;2020;3;11;1;3;4;6;0;1;1;0;0;0;0;0;811652,6265;5818573,839;13,58482802;52,42834373
30041;137125;11;8;8030831;2020;3;11;1;3;5;2;0;1;1;0;0;0;0;1;803793,1035;5818069,202;13,46913233;52,42824139
30042;137126;11;5;5020625;2020;3;16;6;2;6;4;0;0;1;1;0;0;0;1;783941,3002;5828705,338;13,18702437;52,53427264
30043;137127;11;4;4051652;2020;3;22;4;3;5;7;2;0;1;0;1;0;0;0;793457,7154;5824496,026;13,32321502;52,49149757
30044;137128;11;8;8020620;2020;3;9;1;3;3;6;0;0;1;0;1;0;0;1;801247,087;5819676,23;13,43324799;52,44405356
30045;137129;11;2;2040703;2020;3;22;4;3;2;6;2;0;1;0;0;0;0;0;801356,1045;5826455,272;13,44097195;52,50475576
30046;137130;11;1;1011203;2020;3;6;1;2;5;3;2;0;1;0;0;0;0;0;798027,6565;5827394,273;13,39292014;52,51500099
30047;137131;11;2;2020206;2020;3;0;1;2;0;1;2;1;0;0;0;0;0;1;799737,4912;5824839,436;13,41574215;52,49116385
30048;137132;11;9;9020601;2020;3;0;1;3;5;2;2;1;1;0;0;0;0;1;805902,0688;5821817,938;13,50348584;52,46066448
30049;137133;11;11;11030720;2020;2;18;7;3;2;2;2;0;1;0;1;0;0;1;805532,163;5830048,844;13,50560819;52,53464035
30050;137134;11;6;6010209;2020;3;14;1;3;0;5;0;0;1;0;0;0;0;0;794157,3157;5821049,443;13,33044961;52,46022405
30051;137135;11;1;1022201;2020;2;2;7;3;0;2;2;1;1;0;0;0;0;0;795444,8802;5829545,542;13,35688148;52,53569052
30052;137136;11;6;6030610;2020;2;17;7;2;6;4;1;0;1;1;0;0;0;1;792147,652;5818773,398;13,29896417;52,44089753
30053;137137;11;5;5010101;2020;3;6;6;2;5;3;2;0;1;0;1;0;0;1;786008,992;5831716,146;13,22001819;52,56018561
30054;137138;11;8;8010211;2020;3;21;4;3;1;5;2;1;1;0;0;0;0;0;800355,7245;5824299,625;13,42433401;52,4859855
30055;137139;11;4;4030931;2020;2;5;7;3;5;3;2;0;1;0;0;0;0;1;793915,8181;5825885,632;13,33116907;52,50370823
30056;137140;11;1;1033203;2020;2;15;7;3;5;3;0;0;1;0;1;0;0;1;796674,6283;5830136,489;13,37548665;52,5403197
30057;137141;11;3;3061228;2020;3;19;4;3;6;2;2;0;0;1;0;0;1;0;800242,9228;5831180,657;13,42888733;52,54772453
30058;137142;11;1;1022106;2020;2;16;7;3;6;4;0;0;1;1;0;0;0;0;793815,8978;5828153,133;13,33170334;52,52408901
30059;137143;11;6;6030607;2020;2;6;7;2;4;6;2;0;0;0;0;0;1;1;792530,7954;5816448,742;13,30255125;52,41985234
30060;137144;11;5;5010314;2020;3;13;7;3;0;6;0;0;1;0;0;0;1;0;784996,511;5829394,324;13,2031301;52,53989927
30061;137145;11;2;2040703;2020;2;2;7;2;6;7;2;0;1;1;0;0;0;1;801954,5283;5826797,626;13,45007233;52,50749345
30062;137146;11;1;1011301;2020;3;8;6;3;5;3;0;0;1;0;0;0;0;1;797431,5965;5828891,147;13,38550078;52,52874408
30063;137147;11;3;3040614;2020;3;15;4;3;4;6;0;1;0;0;0;0;0;0;798724,7487;5833679,04;13,40881376;52,57095337
30064;137148;11;2;2010104;2020;2;23;7;3;5;2;2;0;1;0;0;0;0;1;799071,3188;5825609,358;13,40665083;52,49843051
30065;137149;11;7;7010102;2020;3;14;5;3;1;5;0;0;1;0;1;0;0;0;795195,3184;5825556,309;13,34967305;52,50006537
30066;137150;11;2;2050801;2020;2;19;7;3;1;5;2;1;1;0;0;0;0;1;802776,5998;5827586,332;13,46286527;52,51410695
30067;137151;11;5;5030730;2020;3;13;6;3;4;6;0;0;1;0;0;0;0;1;786987,9457;5829773,075;13,23274018;52,54224981
30068;137152;11;8;8010301;2020;3;13;4;3;5;5;0;1;1;0;0;0;0;0;800783,551;5824389,159;13,43069637;52,4865525
30069;137153;11;1;1033203;2020;2;19;7;3;5;3;2;0;1;0;0;0;0;1;796798,9292;5831281,122;13,37833689;52,55051236
30070;137154;11;8;8010214;2020;3;14;5;3;5;2;0;1;1;0;0;0;0;0;801751,0484;5822053,831;13,44278873;52,4650867
30071;137155;11;4;4051551;2020;2;19;7;3;1;5;2;1;1;0;0;0;0;1;792863,6803;5823415,443;13,31354115;52,48212948
30072;137156;11;8;8010301;2020;3;11;2;3;2;6;0;0;1;0;0;0;0;0;800939,8477;5824235,704;13,43285267;52,48509091
30073;137157;11;2;2040701;2020;2;19;7;3;5;3;2;1;1;0;0;0;0;1;800910,81;5827525,819;13,435399;52,51459709
30074;137158;11;12;12301205;2020;2;18;7;3;5;3;2;0;1;0;0;0;0;1;792606,403;5837531,674;13,32219953;52,60881384
30075;137159;11;3;3061228;2020;3;0;7;3;1;5;2;1;1;0;0;0;0;1;800376,9622;5831115,464;13,43079916;52,54706631
30076;137160;11;9;9041501;2020;3;11;6;1;6;4;0;0;0;1;0;0;1;1;811246,5802;5820207,446;13,58039614;52,44321453
30077;137161;11;1;1022206;2020;2;17;7;3;5;2;0;0;1;0;0;0;1;0;795546,8284;5828216,376;13,35719856;52,52372043
30078;137162;11;7;7050501;2020;3;13;4;3;6;4;0;0;1;1;0;0;0;0;797688,4566;5819291,973;13,38070293;52,44255808
30079;137163;11;7;7030301;2020;2;18;7;3;1;5;2;1;1;0;0;0;0;1;794355,1996;5822212,575;13,33437968;52,47054441
30080;137164;11;7;7040403;2020;3;13;5;3;5;3;0;0;1;0;1;0;0;0;797420,3655;5820802,891;13,37811561;52,45624786
30081;137165;11;2;2020206;2020;2;16;7;3;6;7;0;0;1;1;0;0;0;0;799302,2312;5824547,917;13,4090887;52,48878962
30082;137166;11;8;8010117;2020;3;7;2;3;2;7;0;1;1;0;0;0;0;1;800446,5567;5822964,019;13,42446419;52,47396396
30083;137167;11;1;1022104;2020;3;16;5;3;1;5;0;1;1;0;0;0;0;0;794571,6896;5828585,616;13,3431943;52,52755812
30084;137168;11;8;8041037;2020;2;15;7;3;6;2;0;0;1;1;0;0;0;0;805309,7713;5817681,145;13,49101576;52,42391915
30085;137169;11;5;5020523;2020;2;15;7;3;6;4;0;0;1;1;0;0;0;0;783252,2968;5827083,603;13,17551202;52,52009028
30086;137170;11;12;12214125;2020;2;15;7;3;5;5;0;0;1;0;1;0;0;0;790257,278;5833690,475;13,28423958;52,57563744
30087;137171;11;1;1011303;2020;3;5;2;3;5;2;1;0;1;0;0;0;0;1;799246,0295;5828468,925;13,41178791;52,52396655
30088;137172;11;7;7070704;2020;3;20;5;2;8;1;2;0;1;0;0;0;0;0;800884,178;5814178,367;13,42298102;52,39497335
30089;137173;11;1;1044101;2020;2;14;7;3;2;6;0;0;1;0;0;0;0;0;794034,2583;5830236,936;13,33675601;52,54265132
30090;137174;11;10;10020519;2020;2;14;7;3;6;6;0;0;1;1;0;0;0;0;812279,0471;5830166,291;13,60486771;52,53186937
30091;137175;11;12;12224230;2020;3;11;4;3;5;3;0;0;1;0;0;0;0;0;787033,2;5838266,915;13,24076124;52,61837729
30092;137176;11;6;6010207;2020;3;18;6;3;2;6;2;0;1;0;0;0;0;1;794197,0058;5820123,6;13,33021632;52,4519029
30093;137177;11;7;7020203;2020;3;11;4;3;5;2;0;1;1;0;0;0;0;0;795813,5359;5824322,812;13,35765855;52,48867331
30094;137178;11;5;5010314;2020;2;13;7;3;6;7;0;0;1;1;0;0;0;0;783576,6398;5829033,201;13,18194241;52,53740218
30095;137179;11;6;6010210;2020;3;10;4;3;5;3;0;0;1;0;0;0;0;1;794920,1093;5820931,03;13,34153952;52,45875142
30096;137180;11;11;11040926;2020;2;13;7;3;6;4;0;0;1;1;0;0;0;0;805741,986;5827188,011;13,50606237;52,50888297
30097;137181;11;8;8041039;2020;2;12;7;3;5;2;0;1;1;0;0;0;0;0;806487,4381;5815412,163;13,50620341;52,4029251
30098;137182;11;5;5010207;2020;3;16;1;3;5;2;0;0;1;0;0;0;0;0;783688,4146;5830164,872;13,18455244;52,54749072
30099;137183;11;9;9020702;2020;3;19;5;3;5;2;2;1;1;0;0;0;0;0;809667,9513;5819039,947;13,55616294;52,43364781
30100;137184;11;2;2030302;2020;2;11;7;3;2;6;0;0;1;0;0;0;0;0;801454,4037;5826034,465;13,44203486;52,5009297
30101;137185;11;4;4030827;2020;2;19;6;3;1;5;1;1;1;0;0;0;0;0;792434,2268;5826118,301;13,30960785;52,50659015
30102;137186;11;11;11051229;2020;3;7;6;3;6;2;0;0;1;1;0;0;0;1;804091,3779;5825979,091;13,48071249;52,49897037
30103;137187;11;3;3050925;2020;3;10;4;3;6;4;0;0;1;1;0;0;0;0;802703,3895;5831822,417;13,46564739;52,55211497
30104;137188;11;6;6020304;2020;2;11;6;2;6;6;0;0;1;1;0;0;0;0;794568,9159;5817704,314;13,33354091;52,43001482
30105;137189;11;5;5020626;2020;3;16;6;3;2;7;0;0;1;0;0;0;0;1;785065,8846;5826959,496;13,20206245;52,51803245
30106;137190;11;1;1022207;2020;3;10;4;3;5;2;0;1;0;0;0;0;1;0;794491,5596;5827830,442;13,34134781;52,52083178
30107;137191;11;12;12214424;2020;2;13;6;2;2;6;0;0;1;0;0;0;0;0;793465,2304;5832406,494;13,33030713;52,56240696
30108;137192;11;8;8030831;2020;3;8;4;3;5;3;0;1;1;0;0;0;0;0;804171,4635;5817808,932;13,47444332;52,42569841
30109;137193;11;7;7010102;2020;2;8;6;3;2;6;0;0;1;0;0;0;0;0;795164,7489;5825818,168;13,34945613;52,50242928
30110;137194;11;4;4010103;2020;2;7;6;3;5;3;0;1;0;0;0;1;0;1;791215,249;5829174,16;13,29437412;52,5346377
30111;137195;11;1;1022201;2020;3;13;1;2;1;1;0;0;1;0;0;0;0;0;794978,8308;5829109,032;13,34964286;52,53203
30112;137196;11;2;2040701;2020;3;18;5;3;2;7;2;1;1;0;0;0;0;0;800646,1581;5827576,465;13,4315565;52,51519698
30113;137197;11;5;5020625;2020;2;18;6;3;5;3;2;1;1;0;0;0;0;0;784655,0363;5828500,863;13,1973434;52,532067
30114;137198;11;5;5030731;2020;2;19;6;3;2;6;2;0;1;0;0;0;0;0;786807,4854;5830247,992;13,23049657;52,54660275
30115;137199;11;5;5010209;2020;3;14;6;3;5;2;0;0;1;0;0;0;0;1;783240,9729;5830279,141;13,178069;52,54874812
30116;137200;11;1;1044101;2020;3;7;4;3;6;2;0;0;1;1;0;0;0;0;793687,2687;5832241,586;13,33342734;52,56080894
30117;137201;11;3;3071536;2020;2;21;6;3;5;3;2;1;1;0;0;0;0;0;799002,0178;5830073,755;13,40964548;52,53848533
30118;137202;11;1;1033102;2020;3;12;5;3;6;7;0;0;1;1;0;0;0;0;797048,1274;5831562,854;13,3822534;52,55290191
30119;137203;11;8;8020620;2020;2;19;6;2;6;4;2;0;1;1;0;0;0;0;801253,9807;5820511,117;13,434102;52,45153314
30120;137204;11;4;4051445;2020;3;7;4;3;5;2;0;1;1;0;0;0;0;0;792519,5917;5824139,557;13,30912419;52,48880545
30121;137205;11;7;7020204;2020;2;18;6;3;5;7;2;0;1;0;1;0;0;0;796408,8313;5823958,567;13,36607634;52,48508529
30122;137206;11;12;12302110;2020;2;18;6;3;5;2;2;1;1;0;0;0;0;0;795265,0323;5836363,339;13,36030587;52,59690329
30123;137207;11;1;1011402;2020;3;9;7;3;0;1;0;1;0;0;0;0;0;1;798505,0098;5829462,72;13,40179037;52,53328073
30124;137208;11;4;4030931;2020;2;18;6;3;2;6;2;0;1;0;0;0;0;0;793590,9276;5825470,533;13,32603031;52,50016197
30125;137209;11;6;6010101;2020;3;4;4;2;0;7;2;1;0;0;0;0;0;1;793303,7751;5820750,369;13,31766021;52,45800171
30126;137210;11;10;10010203;2020;2;17;6;2;0;3;1;1;1;0;0;0;0;0;807561,1947;5831667,137;13,53692629;52,54800227
30127;137211;11;2;2050804;2020;2;16;6;3;5;3;0;1;1;0;0;0;0;0;803160,0609;5825614,872;13,46670365;52,49622406
30128;137212;11;2;2030302;2020;3;19;7;2;6;4;2;0;1;1;0;0;0;0;801234,2872;5826210,73;13,43896139;52,50263115
30129;137213;11;6;6030609;2020;2;16;6;3;5;2;0;0;1;0;0;0;1;0;793267,2978;5819089,621;13,31566667;52,44313311
30130;137214;11;2;2020204;2020;3;12;6;3;5;3;0;1;1;0;0;0;0;1;798489,4079;5825229,441;13,39776372;52,49534362
30131;137215;11;8;8020620;2020;3;5;4;3;5;2;0;0;1;0;0;0;0;0;800912,2985;5820572,86;13,42914479;52,45227476
30132;137216;11;12;12304314;2020;2;16;6;3;5;3;0;0;1;0;1;0;0;0;790213,1729;5835830,219;13,28546461;52,59484358
30133;137217;11;8;8020625;2020;3;11;5;3;0;2;0;1;0;0;0;0;1;0;802239,1798;5818943,633;13,44713775;52,43693972
30134;137218;11;12;12214422;2020;2;16;6;3;6;2;0;0;1;1;0;0;0;0;792281,4027;5833929,043;13,31423451;52,57669279
30135;137219;11;2;2040701;2020;3;11;2;2;5;2;0;0;1;0;0;0;0;1;801206,534;5827468,607;13,43969195;52,51392105
30136;137220;11;1;1033202;2020;3;18;5;3;5;7;2;0;1;0;0;0;1;0;797030,8872;5830053,861;13,38065036;52,53938496
30137;137221;11;1;1022203;2020;2;15;6;3;2;6;0;0;1;0;0;0;0;0;795136,6564;5828485,33;13,35140912;52,52635357
30138;137222;11;4;4030930;2020;2;15;6;3;3;6;0;1;1;0;0;0;0;0;793121,4892;5825608,56;13,31925605;52,5016517
30139;137223;11;11;11030721;2020;3;9;6;3;5;2;0;1;1;0;0;0;0;1;804247,2996;5828697,465;13,48548724;52,52324724
30140;137224;11;10;10040933;2020;3;18;5;3;5;3;2;1;1;0;0;0;0;0;812394,4545;5824148,915;13,60091793;52,47788062
30141;137225;11;3;3061126;2020;2;15;6;3;5;3;0;1;1;0;0;0;0;0;798985,6439;5831782,963;13,41094339;52,55381476
30142;137226;11;12;12301205;2020;2;15;6;3;5;3;0;1;1;0;0;0;0;0;792098,93;5837670,938;13,31484954;52,61033523
30143;137227;11;3;3071536;2020;3;20;6;3;5;3;2;1;1;0;0;0;0;1;798907,9425;5829087,901;13,40737594;52,52970022
30144;137228;11;4;4030827;2020;3;1;4;3;0;1;2;0;0;0;0;0;1;1;792237,7427;5826104,237;13,30670881;52,50656935
30145;137229;11;1;1033203;2020;2;14;6;3;2;6;0;0;1;0;1;0;0;0;796829,6884;5830327,076;13,37793657;52,54194366
30146;137230;11;4;4030519;2020;3;11;5;3;5;2;0;1;1;0;0;0;0;0;792079,9733;5828579,776;13,30656432;52,52884649
30147;137231;11;4;4030931;2020;2;14;6;3;2;6;0;0;1;0;0;0;0;0;793719,0155;5825480,646;13,32792074;52,5001837
30148;137232;11;2;2030302;2020;3;8;2;3;5;3;0;1;1;0;0;0;0;1;800810,2367;5826166,846;13,43269331;52,50247174
30149;137233;11;3;3030715;2020;2;13;6;3;5;3;0;0;1;0;0;0;0;0;800279,6117;5832680,853;13,43078373;52,56115091
30150;137234;11;2;2020203;2020;2;13;6;3;3;6;0;0;1;0;0;0;0;0;797102,3773;5824454,433;13,3767019;52,48915327
30151;137235;11;12;12214125;2020;3;7;4;3;2;6;0;0;0;0;0;1;1;1;791889,6042;5831400,479;13,30624436;52,55423532
30152;137236;11;4;4020313;2020;3;18;6;3;6;4;2;0;1;1;0;0;0;1;790470,9709;5826075,76;13,28072624;52,5072576
30153;137237;11;1;2040701;2020;3;9;3;3;5;2;0;1;1;0;0;0;0;0;800241,3807;5827541,841;13,42557815;52,5151096
30154;137238;11;10;10010102;2020;2;11;6;2;6;4;0;0;1;1;0;0;0;0;809972,0393;5834019,632;13,57456357;52,56771773
30155;137239;11;1;1022206;2020;3;12;3;3;0;1;0;1;0;0;0;0;0;1;795964,7801;5828343,197;13,36345381;52,52463055
30156;137240;11;7;7070701;2020;2;4;6;1;5;3;2;0;1;0;0;0;0;2;799739,2021;5814500,687;13,4064924;52,39849028
30157;137241;11;1;1011203;2020;2;10;6;3;5;3;0;0;1;0;0;0;0;0;797753,8523;5827446,858;13,3889442;52,51562189
30158;137242;11;1;1033102;2020;3;15;1;3;1;5;0;0;1;0;1;0;0;0;797968,2279;5831369,016;13,39561003;52,55066185
30159;137243;11;2;2020203;2020;3;17;5;3;5;2;1;1;1;0;0;0;0;0;797758,1969;5824293,766;13,3861887;52,48735578
30160;137244;11;6;6010205;2020;2;9;6;3;0;3;0;0;1;0;1;0;0;1;794878,0198;5820039,851;13,34013487;52,4507852
30161;137245;11;10;10010308;2020;3;8;3;3;5;2;0;1;1;0;0;0;0;0;806458,4641;5829755,431;13,51895151;52,53149072