;OBJECTID;LAND;BEZ;LOR;UJAHR;UMONAT;USTUNDE;UWOCHENTAG;UKATEGORIE;UART;UTYP1;ULICHTVERH;IstRad;IstPKW;IstFuss;IstKrad;IstGkfz;IstSonstige;USTRZUSTAND;LINREFX;LINREFY;XGCSWGS84;YGCSWGS84
30162;137246;11;5;5010314;2020;2;9;6;3;1;5;0;1;1;0;0;0;0;1;784912,1243;5829054,133;13,2015975;52,53689327
30163;137247;11;4;4051446;2020;2;9;6;3;5;3;0;0;1;0;0;0;0;1;792845,0819;5824342,747;13,31408282;52,49045248
30164;137248;11;11;11030721;2020;3;21;1;2;1;5;2;0;1;0;0;0;0;0;804969,0255;5828429,094;13,49584596;52,5204388
30165;137249;11;6;6040804;2020;2;8;6;3;2;2;0;0;1;0;0;0;0;1;788143,5885;5818729,474;13,24018275;52,44262827
30166;137250;11;12;12214421;2020;2;7;6;3;6;4;0;0;0;1;0;0;1;0;792961,92;5833869,672;13,32419578;52,57579464
30167;137251;11;2;2020203;2020;3;15;6;3;3;6;0;1;0;0;0;1;0;1;797101,4224;5824479,527;13,37671025;52,48937874
30168;137252;11;4;4031032;2020;3;10;3;3;8;7;0;0;1;1;0;0;0;0;791594,2519;5825101,075;13,29637621;52,49792042
30169;137253;11;1;1011201;2020;2;0;6;3;2;2;2;0;1;0;0;0;0;1;796959,6469;5826713,234;13,37662;52,50947875
30170;137254;11;9;9051901;2020;3;17;3;3;4;6;0;1;0;0;0;0;0;1;812163,95;5821353,275;13,59492003;52,45295983
30171;137255;11;7;7030303;2020;2;18;5;3;0;3;2;0;1;0;1;0;0;0;795994,2214;5822772,059;13,35893508;52,47467414
30172;137256;11;11;11010205;2020;2;6;5;2;6;7;1;1;0;1;0;0;0;1;806778,6555;5832764,555;13,52643603;52,55827861
30173;137257;11;1;1011203;2020;3;9;1;3;5;3;0;0;1;0;0;0;0;0;797757,2717;5827447,434;13,38899495;52,51562519
30174;137258;11;4;4030827;2020;2;22;5;3;6;2;2;0;1;1;0;0;0;1;792408,7753;5826097,503;13,30921566;52,50641734
30175;137259;11;4;4030621;2020;3;13;6;2;5;2;0;0;1;0;1;0;0;1;793873,935;5827158,862;13,33167794;52,51514463
30176;137260;11;2;2040701;2020;3;21;3;3;5;3;2;1;1;0;0;0;0;0;800373,5034;5827886,97;13,42783091;52,51813036
30177;137261;11;1;1022104;2020;2;21;5;3;1;5;2;0;1;0;0;0;0;1;794564,0502;5828710,48;13,34319264;52,52868157
30178;137262;11;12;12301203;2020;3;6;6;3;0;3;1;0;1;0;1;0;0;1;793282,7854;5835536,766;13,33039247;52,59056629
30179;137263;11;9;9010201;2020;3;8;3;3;5;2;1;1;1;0;0;0;0;0;802663,941;5824424,8;13,45833704;52,48583283
30180;137264;11;7;7020204;2020;2;20;5;3;4;6;2;0;1;0;0;0;1;1;796112,2423;5823619,937;13,36142056;52,48221069
30181;137265;11;8;8010118;2020;2;20;5;3;5;2;2;1;1;0;0;0;0;0;800909,6267;5822381,269;13,43073573;52,46848567
30182;137266;11;7;7070701;2020;3;19;3;3;5;2;2;1;1;0;0;0;0;0;799600,862;5815437,609;13,40530322;52,40696431
30183;137267;11;8;8010509;2020;2;19;5;2;6;4;2;0;1;1;0;0;0;0;803432,9203;5822492,954;13,46786928;52,46809113
30184;137268;11;1;1011203;2020;2;19;5;3;5;2;2;1;1;0;0;0;0;0;797953,9358;5827083,846;13,39155901;52,51225868
30185;137269;11;10;10030724;2020;3;13;7;3;5;3;0;0;1;0;0;0;0;0;808604,4309;5829259,021;13,55002653;52,52583137
30186;137270;11;3;3061131;2020;3;17;5;3;6;4;1;0;1;1;0;0;0;0;798661,3083;5830299,394;13,40483971;52,54069469
30187;137271;11;5;5020420;2020;2;16;5;2;8;1;1;0;1;0;0;0;0;0;779842,4645;5828616,773;13,12667962;52,53559863
30188;137272;11;1;1044102;2020;3;9;6;3;2;6;0;0;1;0;0;0;0;1;795549,7168;5831983,589;13,3605922;52,55748855
30189;137273;11;1;1011402;2020;3;19;3;3;5;3;2;0;1;0;0;0;1;0;798581,2584;5829514,171;13,40295735;52,53370015
30190;137274;11;5;5010206;2020;2;19;5;3;2;6;2;0;1;0;0;0;0;1;782050,5551;5829780,858;13,16013646;52,54489801
30191;137275;11;12;12214424;2020;3;11;5;3;2;6;0;0;1;0;0;0;0;0;793564,0668;5832367,389;13,33172641;52,56200313
30192;137276;11;8;8010118;2020;2;18;5;3;2;7;2;1;1;0;0;0;0;0;800977,1631;5822150,651;13,43151892;52,46638136
30193;137277;11;12;12301203;2020;3;5;2;3;5;2;1;1;1;0;0;0;0;0;793046,0072;5835171,452;13,32658409;52,58741908
30194;137278;11;5;5010312;2020;2;17;5;3;1;5;2;0;1;0;0;0;0;0;784890,6081;5830147,009;13,20221837;52,54670318
30195;137279;11;5;5010101;2020;2;18;5;2;5;2;2;1;1;0;0;0;0;0;785203,4084;5831168,48;13,20769619;52,55569788
30196;137280;11;1;1044101;2020;3;10;5;3;2;6;0;0;1;0;0;1;1;0;794687,9;5831444,601;13,34743818;52,55312399
30197;137281;11;12;12214527;2020;2;16;5;3;6;4;0;0;1;1;0;0;0;0;790254,6382;5835043,187;13,2853854;52,5877658
30198;137282;11;1;1011204;2020;2;15;5;3;6;4;0;1;0;1;0;0;0;0;798589,4846;5826885,657;13,4007186;52,51013466
30199;137283;11;8;8010213;2020;2;14;5;3;2;6;0;0;1;0;0;0;1;0;801645,9587;5822540,67;13,4416866;52,46950837
30200;137284;11;5;5010339;2020;3;7;7;3;1;7;0;0;1;0;0;0;0;1;786554,4681;5828429,989;13,22520763;52,53043628
30201;137285;11;6;6010101;2020;2;14;5;3;5;3;0;0;1;0;0;0;0;1;793367,5043;5820717,44;13,31856652;52,45767231
30202;137286;11;12;12301205;2020;3;19;6;3;5;3;2;1;1;0;0;0;0;1;791772,11;5836891,786;13,30934971;52,60352598
30203;137287;11;2;2010103;2020;3;19;3;3;5;3;2;1;1;0;0;0;0;0;799342,757;5826192,543;13,41116166;52,50350909
30204;137288;11;4;4030931;2020;2;13;5;3;5;3;0;1;1;0;0;0;0;0;793979,5059;5825546,185;13,33180498;52,50063096
30205;137289;11;11;11010310;2020;3;9;5;3;6;4;0;0;1;1;0;0;0;0;805347,2675;5833154,55;13,50574627;52,56257832
30206;137290;11;1;1011101;2020;2;13;5;3;0;2;0;0;1;0;0;0;1;0;795236,7484;5826633,437;13,35123677;52,5096986
30207;137291;11;3;3030406;2020;3;8;2;3;5;3;0;0;1;0;0;0;0;1;802657,1773;5838314,548;13,47089592;52,61032782
30208;137292;11;4;4030930;2020;2;13;5;3;0;6;0;0;1;0;0;0;1;0;792754,005;5825491,619;13,31375491;52,50080064
30209;137293;11;9;9041302;2020;2;13;5;3;5;3;0;1;1;0;0;0;0;0;811900,6508;5817885,613;13,58782242;52,42203488
30210;137294;11;4;4041241;2020;3;18;6;2;6;4;2;0;1;1;0;0;0;1;791521,1635;5822493,245;13,29302164;52,4745804
30211;137295;11;7;7040403;2020;3;19;3;3;5;3;2;1;1;0;0;0;0;0;797766,5649;5821863,504;13,38414169;52,46556662
30212;137296;11;3;3020209;2020;2;11;5;3;5;3;0;0;1;0;0;0;0;0;797870,7131;5836018,822;13,39835246;52,59239422
30213;137297;11;7;7020203;2020;2;12;5;3;0;2;0;0;1;0;0;0;1;1;795972,024;5824531,103;13,36017091;52,49045456
30214;137298;11;1;1011303;2020;3;18;3;3;5;3;2;1;1;0;0;0;0;1;798765,179;5828215,771;13,4044941;52,52196107
30215;137299;11;5;5020628;2020;3;19;6;3;5;2;2;0;1;0;0;0;0;1;783904,1212;5826604,134;13,18468376;52,51545229
30216;137300;11;8;8010510;2020;3;10;3;3;5;3;0;1;1;0;0;0;0;1;802481,0908;5822560,694;13,45396164;52,4692261
30217;137301;11;1;1044203;2020;2;11;5;3;2;6;0;0;1;0;0;0;0;0;796107,8622;5831991,115;13,36880789;52,55725282
30218;137302;11;11;11020513;2020;3;11;3;2;5;7;0;0;1;0;0;0;1;0;803007,7179;5830841,394;13,46922712;52,5431531
30219;137303;11;11;11051331;2020;2;11;5;2;6;4;0;0;0;1;0;0;1;1;807252,0411;5824394,214;13,52566572;52,48299627
30220;137304;11;1;1044203;2020;2;11;5;3;5;3;0;1;1;0;0;0;0;1;796345,0097;5831942,189;13,37225204;52,55668525
30221;137305;11;2;2040502;2020;3;17;1;3;2;2;1;0;1;0;0;0;0;0;800461,4472;5828433,352;13,42961661;52,52297929
30222;137306;11;11;11051229;2020;2;10;5;3;2;6;0;0;1;0;0;0;1;1;804787,6485;5825410,169;13,49041715;52,49348296
30223;137307;11;5;5010339;2020;2;10;5;2;5;2;0;0;1;0;0;1;0;1;785771,4881;5828529,555;13,21378227;52,53174004
30224;137308;11;3;3030711;2020;3;15;6;3;5;3;0;0;1;0;1;0;0;1;801917,4592;5836361,734;13,45822379;52,59323652
30225;137309;11;12;12214527;2020;3;11;3;3;1;5;0;1;1;0;0;0;0;0;790215,4993;5835102,993;13,28486169;52,58832284
30226;137310;11;6;6010208;2020;2;9;5;3;5;3;0;1;1;0;0;0;0;1;794589,6046;5820289,503;13,33612327;52,45317871
30227;137311;11;12;12302211;2020;3;10;3;3;5;3;0;0;1;0;0;0;0;0;792922,4003;5837074,215;13,32644788;52,60454281
30228;137312;11;7;7070701;2020;2;7;5;3;6;2;0;0;0;1;0;0;1;1;799254,0945;5816248,661;13,40094568;52,41442405
30229;137313;11;4;4020314;2020;3;9;3;3;3;6;0;0;1;0;0;1;0;0;790415,0103;5825817,944;13,27967913;52,50497605
30230;137314;11;8;8010211;2020;2;7;5;3;2;6;0;0;1;0;0;0;0;0;800410,5414;5823954,989;13,42482828;52,48286623
30231;137315;11;9;9051901;2020;2;6;5;3;2;6;2;0;1;0;0;0;0;1;809658,0676;5821532,545;13,55832801;52,45599163
30232;137316;11;9;9041501;2020;3;14;1;2;5;3;0;1;1;0;0;0;0;0;810885,5554;5820660,769;13,57552338;52,44748238
30233;137317;11;7;7050503;2020;2;6;5;3;5;2;2;1;1;0;0;0;0;1;799473,4766;5820522,344;13,40798962;52,45261209
30234;137318;11;11;11030720;2020;2;5;5;3;2;6;2;0;1;0;0;1;0;1;806134,3608;5830159,363;13,51456052;52,53529296
30235;137319;11;3;3040818;2020;3;6;6;2;5;3;1;0;1;0;0;0;0;1;799243,6452;5832841,193;13,41569153;52,56315841
30236;137320;11;4;4020311;2020;3;16;3;3;5;3;0;0;1;0;1;0;0;1;789920,1553;5826701,194;13,27317812;52,51315772
30237;137321;11;4;4030827;2020;2;12;4;3;1;5;0;1;1;0;0;0;0;1;792285,2517;5826122,302;13,30742266;52,50670585
30238;137322;11;5;5010314;2020;2;14;4;3;6;7;0;0;0;1;0;0;1;1;784808,5562;5828931,739;13,19996974;52,53585003
30239;137323;11;4;4030929;2020;3;15;3;3;1;5;0;0;0;0;0;0;1;1;792516,6003;5825433,518;13,31021646;52,50040709
30240;137324;11;10;10030725;2020;2;15;4;3;2;7;0;0;1;0;0;0;1;1;810211,183;5829516,731;13,57387488;52,52722905
30241;137325;11;3;3030715;2020;2;8;4;1;4;6;0;0;1;0;1;0;0;0;801092,8815;5833982,63;13,4439263;52,57236971
30242;137326;11;3;3040512;2020;3;12;7;3;5;3;0;0;1;0;0;0;0;0;795415,6856;5835069,341;13,36136963;52,58522208
30243;137327;11;4;4010101;2020;2;18;4;3;2;6;2;0;1;0;0;0;0;1;791234,302;5829730,885;13,29514215;52,53961849
30244;137328;11;3;3061227;2020;3;22;6;3;6;6;2;0;1;1;0;0;0;1;800155,4047;5830954,708;13,42739634;52,54574753
30245;137329;11;12;12302211;2020;2;17;4;3;2;6;1;0;1;0;0;0;0;1;792900,0604;5837015,804;13,32606726;52,60403123
30246;137330;11;6;6010209;2020;3;20;7;3;6;6;2;0;1;1;0;0;0;0;794448,8104;5821493,195;13,33511899;52,46404508
30247;137331;11;11;11051331;2020;2;16;4;3;5;3;0;0;1;0;0;0;0;1;807670,2733;5824549,442;13,53194841;52,48415195
30248;137332;11;6;6020304;2020;3;13;6;3;5;3;0;0;1;0;0;0;0;1;794679,5324;5817421,917;13,33491436;52,42742368
30249;137333;11;6;6030608;2020;3;15;3;3;5;3;0;1;1;0;0;0;0;1;791944,0173;5816876,739;13,29432072;52,42400269
30250;137334;11;2;2030302;2020;2;15;4;3;5;3;0;1;1;0;0;0;1;1;801413,3972;5826077,113;13,44147119;52,50133462
30251;137335;11;7;7030301;2020;3;9;5;3;5;3;0;1;1;0;0;0;0;0;794764,3867;5822873,28;13,34097006;52,47624662
30252;137336;11;3;3050920;2020;2;15;4;3;0;1;0;0;0;0;1;0;0;1;802305,0779;5832622,33;13,46051911;52,55950568
30253;137337;11;9;9020701;2020;3;11;2;3;5;3;0;1;1;0;0;0;0;1;808810,4513;5819001,108;13,54355375;52,43378448
30254;137338;11;1;1011303;2020;3;17;5;3;6;4;0;0;1;1;0;0;0;0;799093,2789;5828926,629;13,40995484;52,52815299
30255;137339;11;1;1011102;2020;2;15;4;3;0;6;0;0;1;0;1;0;1;0;795118,986;5827086,923;13,34990874;52,51382749
30256;137340;11;4;4051447;2020;2;17;4;3;5;7;0;0;1;0;0;0;0;1;793363,119;5824939,228;13,32221599;52,49552155
30257;137341;11;3;3061429;2020;3;0;7;3;0;1;2;0;0;0;0;0;1;1;801679,7126;5830132,351;13,44906018;52,53753483
30258;137342;11;4;4020209;2020;3;16;5;3;0;4;0;0;1;1;0;0;0;0;789596,4472;5824993,4;13,26693575;52,49801891
30259;137343;11;1;1011305;2020;2;8;4;3;5;3;0;1;1;0;0;0;0;1;799454,1937;5827065,24;13,41358355;52,51127037
30260;137344;11;8;8010118;2020;3;14;3;3;2;6;0;0;1;0;0;0;0;0;800767,7437;5822753,372;13,42898881;52,4718991
30261;137345;11;6;6020408;2020;2;20;4;3;4;1;2;0;1;0;0;0;0;1;792640,122;5816351,314;13,30406909;52,41892045
30262;137346;11;9;9051801;2020;3;19;6;3;2;6;2;0;1;0;0;0;0;1;818451,7858;5820557,535;13,68638291;52,44220346
30263;137347;11;7;7010102;2020;3;10;5;3;1;5;0;1;1;0;0;0;0;1;795713,6127;5825491,406;13,35722847;52,49920295
30264;137348;11;4;4030725;2020;3;12;4;2;1;5;0;1;1;0;0;0;0;0;791898,0294;5826400,258;13,30197738;52,509405
30265;137349;11;1;1044201;2020;3;17;4;3;1;5;0;1;1;0;0;0;0;0;796823,2996;5831552,519;13,37893789;52,55293184
30266;137350;11;7;7060604;2020;3;11;7;2;5;3;0;1;1;0;0;0;0;0;797858,4983;5815725,629;13,38002138;52,41049676
30267;137351;11;1;1011302;2020;3;12;2;3;5;3;0;1;1;0;0;0;0;0;798737,3973;5828832,29;13,40463967;52,52750251
30268;137352;11;3;3030711;2020;3;11;5;3;5;3;0;1;1;0;0;0;0;0;801691,5229;5836355,105;13,45489247;52,59330248
30269;137353;11;8;8010117;2020;3;0;7;3;5;3;2;1;1;0;0;0;0;0;800528,8138;5823369,789;13,42603724;52,47755578
30270;137354;11;8;8020622;2020;3;11;4;3;2;6;0;0;1;0;0;0;0;0;801310,471;5819584,452;13,43409498;52,443196
30271;137355;11;1;1011304;2020;3;9;4;3;5;2;0;1;0;0;0;0;1;0;799572,1947;5828037,814;13,41619276;52,5199232
30272;137356;11;11;11030720;2020;3;12;6;3;5;2;0;1;1;0;0;0;0;1;805161,996;5829817,325;13,49995518;52,53277276
30273;137357;11;5;5010101;2020;3;11;4;2;1;5;0;0;1;0;0;0;0;0;785193,6908;5831438,917;13,20778562;52,55812767
30274;137358;11;6;6020305;2020;3;17;2;3;2;6;0;0;1;0;0;0;0;0;795905,8973;5818059,572;13,35346275;52,43247796
30275;137359;11;2;2050802;2020;3;18;3;3;0;3;2;0;1;0;0;0;1;0;802674,7971;5827249,847;13,46106363;52,51114756
30276;137360;11;11;11030721;2020;3;10;4;2;5;3;0;0;1;0;0;0;1;0;804241,9988;5828690,621;13,48540309;52,52318887
30277;137361;11;2;2010101;2020;3;14;7;3;5;2;0;0;1;0;0;0;0;0;797765,6945;5826033,166;13,38785354;52,50294338
30278;137362;11;3;3020209;2020;3;8;2;3;5;3;0;1;1;0;0;0;0;0;798342,175;5834830,075;13,40422134;52,5814805
30279;137363;11;1;1044102;2020;3;15;7;3;5;2;0;0;1;0;1;0;0;0;795117,8433;5831553,112;13,35385756;52,5538639
30280;137364;11;7;7040401;2020;3;15;4;3;2;6;0;0;1;0;0;0;0;0;797300,9236;5823180,662;13,37848148;52,47762717
30281;137365;11;2;2010103;2020;3;20;4;3;5;3;2;1;1;0;0;0;0;0;799340,2377;5826193,546;13,41112556;52,50351947
30282;137366;11;1;1033102;2020;3;18;7;3;1;5;2;1;1;0;0;0;0;0;797150,2723;5831847,422;13,38401023;52,555397
30283;137367;11;11;11030619;2020;3;15;4;3;6;7;0;0;1;1;0;0;0;0;803902,1535;5829320,046;13,48098468;52,5290197
30284;137368;11;12;12214421;2020;3;21;4;3;0;3;2;1;1;0;0;0;0;0;793417,5641;5833278,693;13,33037742;52,5702514
30285;137369;11;9;9030902;2020;3;10;6;3;5;2;0;1;1;0;0;0;0;1;808174,659;5815763,159;13,53124915;52,40512397
30286;137370;11;3;3061126;2020;3;8;4;3;5;3;0;1;1;0;0;0;0;0;799236,1725;5831603,815;13,41446606;52,55207141
30287;137371;11;4;4041344;2020;3;13;2;3;2;6;0;0;1;0;0;0;0;0;793300,8639;5822276,146;13,31895847;52,47168141
30288;137372;11;2;2040701;2020;3;22;3;3;5;2;2;1;1;0;0;0;0;0;800580,6025;5827051,576;13,43011925;52,51052839
30289;137373;11;8;8010211;2020;3;8;4;2;6;4;0;0;1;1;0;0;0;0;800523,4175;5823752,281;13,42630275;52,48098718
30290;137374;11;12;12301206;2020;3;13;6;2;6;4;0;0;1;1;0;0;0;0;793857,9784;5837618,046;13,34070614;52,60891294
30291;137375;11;3;3050920;2020;3;17;2;3;5;3;0;1;1;0;0;0;0;0;802257,9273;5831625,674;13,45891823;52,55059896
30292;137376;11;12;12302212;2020;3;13;7;3;0;3;0;0;1;0;1;0;0;0;793028,1628;5837599,159;13,32846994;52,60919161
30293;137377;11;12;12214424;2020;3;12;4;3;3;6;0;0;1;0;0;1;0;0;792913,6399;5832170,225;13,32198462;52,56058594
30294;137378;11;1;1011401;2020;3;17;4;2;0;1;0;1;0;0;0;0;0;0;798102,6025;5829340,476;13,39576579;52,53240521
30295;137379;11;4;4030929;2020;3;15;5;3;5;2;0;1;1;0;0;0;0;0;792721,5773;5825389,746;13,31318901;52,49990477
30296;137380;11;12;12224230;2020;3;17;3;3;5;2;1;0;1;0;1;0;0;1;786982,2465;5838304,779;13,24004353;52,61874367
30297;137381;11;11;11051332;2020;3;17;4;3;2;6;1;0;1;0;0;0;0;0;807208,713;5823952,66;13,52462284;52,47906336
30298;137382;11;7;7060601;2020;3;16;1;3;5;3;0;1;1;0;0;0;0;0;796643,1816;5816439,607;13,3628392;52,41755692
30299;137383;11;11;11041128;2020;3;7;3;3;5;3;0;1;1;0;0;0;0;0;805968,0252;5825367,958;13,50771044;52,4924443
30300;137384;11;6;6010209;2020;3;23;3;2;0;7;2;0;1;0;0;0;0;1;794697,5607;5821464,825;13,33874485;52,46365666
30301;137385;11;1;1011103;2020;3;19;5;3;5;2;2;0;1;0;0;0;1;0;795183,589;5825907,034;13,34981166;52,50321571
30302;137386;11;9;9020801;2020;3;12;3;3;3;3;0;0;1;0;0;0;0;1;809752,1562;5820707,248;13,55894288;52,44854219
30303;137387;11;5;5020524;2020;3;7;2;3;2;6;0;0;1;0;0;1;0;0;783220,7378;5826795,955;13,17480323;52,51752754
30304;137388;11;12;12214424;2020;3;8;3;3;1;5;0;0;1;0;0;0;1;0;793250,3102;5832487,27;13,32721704;52,56324687
30305;137389;11;2;2050802;2020;3;23;3;3;5;3;2;0;1;0;0;0;0;1;802106,9986;5827356,045;13,45281885;52,51241417
30306;137390;11;7;7070703;2020;3;19;6;2;1;5;2;0;1;0;0;1;0;0;799695,9742;5813971,753;13,40538586;52,39377269
30307;137391;11;6;6030609;2020;3;7;2;3;2;6;0;0;1;0;0;1;0;0;793281,4062;5819049,458;13,31583839;52,44276549
30308;137392;11;1;1044202;2020;3;12;7;3;5;2;0;1;1;0;0;0;0;0;795267,0716;5830465,711;13,35508534;52,54403542
30309;137393;11;11;11030618;2020;3;16;3;2;6;4;0;0;1;1;0;0;0;0;803852,3748;5828731,54;13,47971539;52,52377286
30310;137394;11;5;5030731;2020;3;15;4;3;5;2;0;0;1;0;1;0;0;0;786960,7659;5829591,675;13,2321838;52,54063776
30311;137395;11;7;7010102;2020;3;13;5;3;5;2;0;0;1;0;0;0;1;0;794949,5228;5825651,645;13,34614704;52,5010529
30312;137396;11;1;1033101;2020;3;20;3;3;6;4;2;1;0;1;0;0;0;1;797532,6783;5832712,69;13,39040979;52,56294423
30313;137397;11;7;7020201;2020;3;17;4;3;1;5;0;1;1;0;0;0;0;0;794472,7057;5824208,933;13,33786766;52,48837734
30314;137398;11;11;11041027;2020;3;11;1;3;0;1;0;0;0;0;1;0;0;0;807401,011;5827363,243;13,53059227;52,50952115
30315;137399;11;7;7060604;2020;3;13;2;3;5;3;0;0;1;0;1;0;0;0;795754,8241;5815161,925;13,34868591;52,40658401
30316;137400;11;11;11020411;2020;3;14;5;2;5;2;0;0;1;0;1;0;0;0;806489,4545;5832269,3;13,52172614;52,55400292
30317;137401;11;8;8020619;2020;3;2;1;3;5;2;2;0;1;0;0;0;0;0;801551,6022;5820651,874;13,43859545;52,4526307
30318;137402;11;1;1044203;2020;3;20;3;3;2;5;2;0;1;0;0;0;0;1;795511,1453;5831620,398;13,35970157;52,55425381
30319;137403;11;8;8020625;2020;3;16;5;2;5;3;0;0;0;0;1;0;1;0;801780,0771;5817619,464;13,43920954;52,42532429
30320;137404;11;8;8010404;2020;3;15;6;3;2;6;0;0;1;0;1;0;0;0;802545,5245;5823106,522;13,45540231;52,4740827
30321;137405;11;10;10030725;2020;3;15;5;3;5;3;0;1;1;0;0;0;0;0;810227,7928;5830024,343;13,57459257;52,53176856
30322;137406;11;6;6030610;2020;3;12;2;2;3;6;0;1;0;0;0;1;0;0;792242,4229;5818650,971;13,3002474;52,43974934
30323;137407;11;1;1033203;2020;3;11;5;3;2;2;0;0;1;0;1;0;0;0;796723,6497;5830454,925;13,37649176;52,54314744
30324;137408;11;11;11040925;2020;3;17;6;2;6;4;1;0;1;1;0;0;0;1;803636,1529;5826592,147;13,47458608;52,50471851
30325;137409;11;2;2040701;2020;3;12;3;2;6;4;0;1;0;1;0;0;0;0;800846,4521;5826869,566;13,43386024;52,50875043
30326;137410;11;7;7040402;2020;3;11;4;2;5;3;0;1;1;0;0;0;0;0;796816,8427;5822121,563;13,37043234;52,46839664
30327;137411;11;9;9020501;2020;3;10;5;3;2;6;0;0;1;0;0;0;0;0;805687,744;5824093,449;13,50242613;52,48117862
30328;137412;11;1;1033102;2020;3;16;3;3;5;2;0;1;1;0;0;0;0;1;797133,7645;5831801,166;13,38372606;52,55499138
30329;137413;11;4;4051448;2020;3;16;4;3;6;4;0;0;1;1;0;0;0;0;793470,248;5824758,842;13,32363057;52,49384687
30330;137414;11;3;3061430;2020;3;5;7;3;0;1;2;1;0;0;0;0;0;0;801747,7084;5830049,919;13,44998482;52,53675835
30331;137415;11;2;2020204;2020;3;11;2;3;6;4;0;1;0;1;0;0;0;0;798157,5258;5824846,933;13,39254727;52,49209631
30332;137416;11;6;6020303;2020;3;17;7;3;3;6;0;1;1;0;0;0;0;0;795251,3292;5818338,475;13,34410892;52,43533186
30333;137417;11;1;1022103;2020;3;22;3;3;0;6;2;0;0;0;0;0;1;1;793396,507;5829565,286;13,3267858;52,53697411
30334;137418;11;7;7040405;2020;3;6;4;3;5;2;0;1;0;0;0;1;0;0;798894,8336;5821207,589;13,40011319;52,45907115
30335;137419;11;7;7040406;2020;3;5;6;2;1;5;2;0;1;0;0;0;1;0;800305,0077;5821957,625;13,4214806;52,46502104
30336;137420;11;7;7050501;2020;3;9;3;3;0;1;0;1;0;0;0;0;0;1;797755,0889;5819434,288;13,38180717;52,44379752
30337;137421;11;2;2040502;2020;3;17;2;3;5;3;0;1;1;0;0;0;0;0;801273,4159;5827949,813;13,44111026;52,51819724
30338;137422;11;11;11040926;2020;3;15;3;3;2;6;0;0;1;0;0;0;0;0;806127,4644;5826692,276;13,51126864;52,50422388
30339;137423;11;5;5020626;2020;3;19;3;2;5;2;2;1;1;0;0;0;0;1;784137,7606;5827307,537;13,18871837;52,52163742
30340;137424;11;12;12302211;2020;3;19;3;2;6;2;2;0;1;1;0;0;0;1;792920,4107;5837069,013;13,32641398;52,60449725
30341;137425;11;7;7040406;2020;3;5;2;2;5;3;2;0;1;0;1;0;0;0;800051,1214;5821914,104;13,41771549;52,46477041
30342;137426;11;8;8020620;2020;3;4;4;3;5;2;2;0;0;0;1;0;1;0;801354,3631;5820632,995;13,43568467;52,45257025
30343;137427;11;4;4041136;2020;3;14;4;3;2;2;0;0;1;0;0;0;0;1;790688,312;5822694,722;13,28096969;52,47683055
30344;137428;11;12;12103219;2020;3;19;3;3;6;4;2;0;1;1;0;0;0;1;795053,6082;5832514,433;13,35376749;52,56251613
30345;137429;11;10;10020414;2020;3;17;7;3;6;4;0;0;1;1;0;0;0;0;812379,7322;5830947,912;13,60708181;52,53881585
30346;137430;11;12;12103218;2020;3;9;2;3;3;6;0;0;1;0;0;0;0;0;793790,8371;5832731,653;13,33538469;52,56514621
30347;137431;11;4;4030930;2020;3;16;7;3;2;6;0;0;1;0;1;0;0;0;792982,5129;5825546,734;13,3171601;52,50117208
30348;137432;11;2;2020202;2020;3;19;4;3;5;2;2;1;1;0;0;0;0;0;797916,269;5825263,65;13,38937697;52,49596341
30349;137433;11;4;4020311;2020;3;11;4;3;5;2;0;1;1;0;0;0;0;0;789869,9651;5826217,188;13,27201904;52,50884519
30350;137434;11;4;4031032;2020;3;1;6;3;2;6;2;0;1;0;0;0;0;0;791283,6138;5825017,535;13,29174014;52,49733738
30351;137435;11;2;2020204;2020;3;19;3;3;5;3;2;1;1;0;0;0;0;1;798308,4696;5825463,866;13,39531634;52,49754387
30352;137436;11;3;3040512;2020;3;10;2;3;5;2;0;1;1;0;0;0;0;0;796659,8412;5835658,288;13,3802068;52,58982428
30353;137437;11;10;10040931;2020;3;19;3;3;2;2;2;0;1;0;1;0;0;0;813468,0592;5829438,918;13,62165329;52,52466904
30354;137438;11;1;1011204;2020;3;19;3;2;5;3;2;1;1;0;0;0;0;1;797872,0582;5826759,217;13,39006553;52,5093935
30355;137439;11;12;12214421;2020;3;13;6;3;3;6;0;0;1;0;1;0;0;0;793391,017;5833193,154;13,32991117;52,5694989
30356;137440;11;6;6010206;2020;3;16;2;3;6;4;0;0;1;1;0;0;0;0;795018,0105;5819652,035;13,34184636;52,44723312
30357;137441;11;3;3010102;2020;3;12;7;3;5;2;0;1;1;0;0;0;0;0;804241,9563;5840164,125;13,49592973;52,62601965
30358;137442;11;3;3061228;2020;3;23;6;3;5;2;2;0;1;0;0;0;0;0;800322,4504;5831579,032;13,43041692;52,55125143
30359;137443;11;9;9041501;2020;3;8;2;3;1;5;0;1;1;0;0;0;0;0;810878,4205;5820616,347;13,5753774;52,44708835