;OBJECTID;LAND;BEZ;LOR;UJAHR;UMONAT;USTUNDE;UWOCHENTAG;UKATEGORIE;UART;UTYP1;ULICHTVERH;IstRad;IstPKW;IstFuss;IstKrad;IstGkfz;IstSonstige;USTRZUSTAND;LINREFX;LINREFY;XGCSWGS84;YGCSWGS84
30360;137444;11;12;12231102;2020;3;15;7;3;5;3;0;0;1;0;1;0;0;0;789631,0457;5839732,306;13,28031085;52,63013591
30361;137445;11;6;6020306;2020;3;14;4;3;1;5;0;1;1;0;0;0;0;0;796833,9587;5817510,732;13,36658654;52,42705526
30362;137446;11;9;9020502;2020;3;19;4;3;6;2;2;0;1;1;0;0;0;0;806943,8306;5822307,618;13,51922122;52,46446902
30363;137447;11;4;4030620;2020;3;18;5;2;6;4;2;0;1;1;0;0;0;0;792751,4159;5827016,851;13,31505825;52,51447525
30364;137448;11;7;7060601;2020;3;19;3;2;6;2;2;0;1;1;0;0;0;1;797295,6125;5817291,136;13,37316107;52,42483613
30365;137449;11;5;5040934;2020;3;16;2;3;0;1;0;0;0;0;1;0;0;0;783880,8477;5822782,659;13,18108438;52,48120018
30366;137450;11;5;5010313;2020;3;15;3;3;1;5;0;0;1;0;0;0;0;0;784674,1942;5830338,992;13,1992001;52,54853763
30367;137451;11;12;12301205;2020;3;18;3;2;6;2;2;0;1;1;0;0;0;1;792457,105;5837313,747;13,31980842;52,60694059
30368;137452;11;7;7030301;2020;3;8;5;3;3;6;0;1;1;0;0;0;0;0;793442,3675;5822420,653;13,32116285;52,47290087
30369;137453;11;10;10010102;2020;3;14;2;3;5;2;0;0;1;0;0;0;0;0;809785,5214;5834077,33;13,57187435;52,56834095
30370;137454;11;1;1011201;2020;3;14;5;3;0;1;0;1;0;0;0;0;0;0;796971,7454;5826719,956;13,37680374;52,50953242
30371;137455;11;3;3061332;2020;3;20;6;2;5;3;2;0;1;0;0;0;0;1;799864,1236;5830464,394;13,42267116;52,54151307
30372;137456;11;9;9010402;2020;3;14;3;2;0;7;0;0;1;0;0;0;0;0;806321,7908;5819664,288;13,50766912;52,44112746
30373;137457;11;7;7050505;2020;3;13;4;2;6;4;0;0;1;1;0;0;0;0;798782,4669;5819086,751;13,39656724;52,44012187
30374;137458;11;7;7060604;2020;3;12;5;3;3;6;0;0;1;0;0;0;0;1;797050,8661;5815619,393;13,36808837;52,40998326
30375;137459;11;1;1033202;2020;3;18;3;3;5;3;2;1;1;0;0;0;0;1;796972,1168;5830137,81;13,37986139;52,5401695
30376;137460;11;6;6020411;2020;3;16;4;3;0;7;0;0;1;0;0;0;0;0;793633,9903;5815854,94;13,31820612;52,41393824
30377;137461;11;3;3010102;2020;3;11;7;3;5;2;0;1;1;0;0;0;0;0;804405,4338;5841212,507;13,49930303;52,63532395
30378;137462;11;3;3050923;2020;3;12;2;3;5;3;0;1;1;0;0;0;0;0;801247,1316;5831802,494;13,44421621;52,55274374
30379;137463;11;1;1044101;2020;3;12;3;3;5;2;0;1;1;0;0;0;0;0;793673,6741;5832254,885;13,33323914;52,5609355
30380;137464;11;5;5030832;2020;3;15;4;2;5;2;0;0;1;0;1;0;0;0;787972,1496;5830556,249;13,2478918;52,54875199
30381;137465;11;6;6010207;2020;3;13;5;2;5;2;0;0;0;0;1;0;1;0;793946,967;5820447,158;13,32683226;52,45493799
30382;137466;11;1;1011204;2020;3;18;3;3;5;2;2;1;1;0;0;0;0;1;798909,592;5827335,546;13,40582539;52,51399197
30383;137467;11;7;7040405;2020;3;15;4;2;1;5;0;0;0;0;1;0;1;0;798877,9776;5821755,482;13,40035643;52,46399153
30384;137468;11;9;9020702;2020;3;14;1;3;2;6;0;1;0;0;0;0;0;0;809186,1761;5820663,647;13,55060097;52,44847179
30385;137469;11;12;12301203;2020;3;13;3;3;6;7;0;1;0;1;0;0;0;0;792428,3134;5834201,7;13,31663682;52,57905811
30386;137470;11;9;9010101;2020;3;15;5;3;5;3;0;1;0;0;0;0;0;0;801922,949;5824816,989;13,44781304;52,48975832
30387;137471;11;12;12214126;2020;3;16;1;3;5;3;0;1;0;0;0;0;0;0;789587,1744;5833856,741;13,27452395;52,57748502
30388;137472;11;6;6040804;2020;3;8;5;3;5;3;0;0;1;0;0;0;1;0;788760,2352;5820003,211;13,25033103;52,45372271
30389;137473;11;4;4020311;2020;3;8;4;3;2;6;0;0;1;0;0;0;1;0;790015,2792;5826150,812;13,27409633;52,50817289
30390;137474;11;7;7050503;2020;3;15;6;3;2;6;0;0;1;0;0;0;0;0;799349,6491;5820301,391;13,4059748;52,45069936
30391;137475;11;4;4030827;2020;3;11;3;3;2;6;0;0;1;0;0;0;0;0;792736,3254;5826368,345;13,31426607;52,5086697
30392;137476;11;11;11051330;2020;3;12;4;3;1;5;0;1;1;0;0;0;0;0;807069,069;5824698,34;13,5232599;52,48582483
30393;137477;11;3;3030406;2020;3;9;5;3;1;5;0;1;1;0;0;0;0;0;803585,4861;5839028,382;13,48521845;52,61620787
30394;137478;11;1;1022101;2020;3;20;3;3;5;5;2;0;1;0;0;0;1;1;792848,2667;5828604;13,31787882;52,52865145
30395;137479;11;1;2040501;2020;3;14;4;3;6;4;0;0;1;0;0;0;1;0;800251,3571;5828410,737;13,42650895;52,52289232
30396;137480;11;12;12103116;2020;3;20;7;3;5;3;2;0;1;0;0;0;0;0;796352,9454;5833575,02;13,37382722;52,57131746
30397;137481;11;4;4051445;2020;3;11;2;3;2;6;0;0;0;0;1;0;1;0;791952,2756;5824022,351;13,30068995;52,4880584
30398;137482;11;2;2010104;2020;3;8;4;3;5;3;0;1;1;0;0;0;0;0;799443,664;5825666,774;13,41217109;52,49874098
30399;137483;11;1;1022101;2020;3;20;7;3;2;2;2;0;1;0;0;0;0;0;792625,6904;5828695,478;13,31468769;52,52959104
30400;137484;11;3;3030711;2020;3;7;4;3;5;3;0;1;1;0;0;0;0;1;801691,7222;5836312,062;13,4548562;52,59291657
30401;137485;11;6;6020411;2020;3;14;5;3;5;3;0;0;1;0;1;0;0;0;793931,5598;5815476,061;13,32223602;52,41038199
30402;137486;11;1;1044101;2020;3;11;7;3;5;2;0;0;1;0;0;0;0;0;794524,8629;5831566,536;13,34514864;52,55430523
30403;137487;11;1;1011101;2020;3;16;3;3;2;6;1;0;1;0;0;0;0;1;794865,0577;5825984,974;13,34520149;52,50408661
30404;137488;11;3;3050925;2020;3;9;4;3;3;5;0;0;1;0;0;0;0;0;802768,6047;5831610,518;13,46641308;52,55017952
30405;137489;11;8;8020622;2020;3;11;6;3;2;7;0;0;1;0;0;0;0;1;802642,2787;5819297,487;13,45336989;52,43988846
30406;137490;11;5;5010314;2020;3;16;3;3;6;7;1;0;1;1;0;0;0;1;784983,2923;5829170,048;13,20274336;52,53789534
30407;137491;11;11;11020412;2020;3;17;2;3;5;3;0;1;1;0;0;0;0;0;805602,2011;5831347,334;13,50783186;52,54623855
30408;137492;11;4;4020311;2020;3;15;3;3;5;2;0;1;1;0;0;0;0;0;789439,0147;5826653,861;13,26606673;52,51298891
30409;137493;11;1;1011303;2020;3;8;4;3;0;5;0;1;1;0;0;0;0;0;799597,4365;5828491,667;13,41697247;52,52397742
30410;137494;11;3;3061227;2020;3;15;3;3;8;1;0;0;1;0;0;0;0;1;799716,1053;5831330,233;13,42127641;52,54935533
30411;137495;11;6;6020306;2020;3;15;7;2;0;1;0;1;0;0;0;0;0;0;796813,36;5818278,238;13,36696572;52,43394649
30412;137496;11;3;3061332;2020;3;18;2;3;2;6;1;0;1;0;0;0;0;0;799777,0898;5830844,709;13,42173487;52,54496986
30413;137497;11;10;10010206;2020;3;7;4;2;5;3;0;1;1;0;0;0;0;0;809719,749;5832415,204;13,56935582;52,55348325
30414;137498;11;5;5030833;2020;3;15;7;3;4;1;0;0;1;0;1;0;0;0;788070,8776;5829181,433;13,24815157;52,53637402
30415;137499;11;7;7010104;2020;3;16;4;3;0;1;0;0;0;0;1;0;0;0;796020,7577;5824500,488;13,36085938;52,4901537
30416;137500;11;12;12103115;2020;3;19;4;2;0;1;2;1;0;0;0;0;0;0;795981,206;5833906,912;13,36865436;52,5744948
30417;137501;11;2;2030302;2020;3;15;5;3;0;7;0;1;0;0;0;0;0;0;801409,1835;5826080,179;13,44141207;52,50136442
30418;137502;11;4;4010101;2020;3;15;3;3;0;7;0;0;1;0;1;1;0;1;790446,2161;5829039,86;13,28295078;52,53384408
30419;137503;11;5;5010314;2020;3;8;2;3;5;7;0;0;1;0;1;0;0;0;784308,425;5828924,651;13,1926099;52,53604762
30420;137504;11;1;1011402;2020;3;9;3;3;5;3;0;1;1;0;0;0;0;0;798604,1404;5829555,351;13,40333069;52,53405674
30421;137505;11;9;9010301;2020;3;6;4;2;5;3;0;1;1;0;0;0;0;0;805018,4646;5822706,357;13,49133287;52,46912092
30422;137506;11;10;10030724;2020;3;10;5;3;5;2;0;0;1;0;0;0;0;0;809590,8787;5830265,562;13,56545778;52,53429236
30423;137507;11;8;8010404;2020;3;9;6;3;2;5;0;0;1;0;0;0;1;0;802559,0774;5823097,265;13,45559284;52,47399222
30424;137508;11;4;4041238;2020;3;7;3;3;5;3;0;1;1;0;0;0;0;1;791317,8255;5822608;13,29013659;52,47571767
30425;137509;11;9;9020802;2020;3;14;2;3;3;6;0;0;1;0;0;1;0;0;809879,5382;5820467,053;13,56058845;52,44631743
30426;137510;11;8;8030829;2020;3;15;3;3;0;7;0;0;0;0;0;0;1;0;802770,9128;5818189,259;13,45425288;52,42988409
30427;137511;11;9;9051701;2020;3;15;3;3;2;7;0;0;1;0;0;0;0;1;813045,8226;5821426,969;13,60792437;52,45311593
30428;137512;11;2;2010101;2020;3;16;6;3;6;4;0;0;0;1;1;0;0;0;796933,527;5826148,677;13,3757327;52,50443231
30429;137513;11;6;6010103;2020;3;18;2;3;6;7;1;1;0;1;0;0;0;0;793799,8666;5821179,466;13,32531814;52,46158195
30430;137514;11;6;6020305;2020;3;7;4;3;2;6;0;0;1;0;0;0;0;1;795504,8497;5817510,751;13,34709588;52,4277749
30431;137515;11;12;12304313;2020;3;14;7;3;5;2;0;1;1;0;0;0;0;0;791275,384;5834585,386;13,30000742;52,58311613
30432;137516;11;3;3040818;2020;3;13;4;3;0;7;0;1;0;0;0;0;0;0;799542,6854;5833309,142;13,42051245;52,56718836
30433;137517;11;9;9052001;2020;3;18;4;3;5;3;1;1;1;0;0;0;0;0;809220,1068;5823019,439;13,55328058;52,4695649
30434;137518;11;11;11030721;2020;3;16;5;3;5;3;0;1;1;0;0;0;0;0;804447,2559;5828170,586;13,48794313;52,51841345
30435;137519;11;8;8041037;2020;3;14;3;2;0;7;0;1;0;0;0;0;0;1;805488,25;5818467,356;13,49435045;52,43086607
30436;137520;11;12;12214424;2020;3;14;4;3;6;4;0;0;1;1;0;0;0;0;792255,9517;5832930,648;13,3129801;52,56775625
30437;137521;11;1;1011303;2020;3;19;1;2;0;7;2;0;1;0;0;0;0;0;799179,4522;5828955,418;13,41124723;52,52836376
30438;137522;11;12;12301203;2020;3;7;3;3;2;6;0;0;1;0;0;0;1;0;793228,5175;5835172,19;13,32927099;52,58732735
30439;137523;11;1;1044201;2020;3;14;3;3;3;6;0;0;1;0;0;0;1;1;796476,0548;5831929,453;13,37416797;52,55649976
30440;137524;11;9;9031101;2020;3;17;5;3;1;5;0;0;1;0;0;0;0;0;811398,3624;5817406,289;13,58001373;52,41802542
30441;137525;11;3;3061430;2020;3;1;2;3;7;7;2;1;0;0;0;0;0;0;802410,1873;5829230,742;13,45897725;52,52904895
30442;137526;11;1;1022102;2020;3;12;5;3;6;4;0;0;1;1;0;0;0;0;793293,1946;5829011,943;13,32477864;52,53206927
30443;137527;11;5;5030833;2020;3;12;3;3;5;2;0;0;1;0;0;0;0;1;789200,167;5829290;13,26484952;52,53674924
30444;137528;11;3;3061126;2020;3;13;6;3;5;3;0;1;1;0;0;0;0;0;798990,7686;5831821,616;13,41105357;52,55415842
30445;137529;11;7;7050506;2020;3;16;2;3;6;4;0;0;0;1;0;0;1;0;798815,1232;5817335,042;13,39548078;52,42440202
30446;137530;11;10;10010308;2020;3;12;7;3;5;2;0;0;1;0;0;0;1;0;806476,025;5829746,49;13,51920133;52,53140071
30447;137531;11;1;1011103;2020;3;20;3;3;5;3;2;1;1;0;0;0;0;0;795285,6945;5826173,841;13,35154819;52,50555219
30448;137532;11;1;1033102;2020;3;16;4;3;5;2;0;0;1;0;0;0;0;0;797150,7031;5831889,163;13,38405393;52,55577092
30449;137533;11;5;5010206;2020;3;13;5;3;1;5;0;0;1;0;0;0;1;0;781835,1058;5830216,158;13,15733718;52,5489126
30450;137534;11;6;6010102;2020;3;12;3;3;0;4;0;0;0;1;0;0;1;1;793589,5663;5820615,806;13,32173596;52,45664195
30451;137535;11;11;11010310;2020;3;14;4;2;2;6;0;0;1;0;0;0;0;0;805509,5428;5833360,416;13,50832232;52,56433231
30452;137536;11;9;9010201;2020;3;13;1;3;9;1;0;0;0;0;1;0;0;0;803608,8778;5823462,193;13,47133373;52,47668053
30453;137537;11;3;3051017;2020;3;11;3;3;1;5;0;1;1;0;0;0;0;0;804408,5522;5832640,823;13,49146958;52,55849967
30454;137538;11;5;5010314;2020;3;6;4;3;2;6;0;0;1;0;0;0;0;0;784843,701;5829218,062;13,20073194;52,53839882
30455;137539;11;5;5010314;2020;3;0;5;2;2;2;2;0;1;0;0;0;0;0;783600,185;5829149,122;13,18238756;52,53842929
30456;137540;11;6;6040701;2020;3;12;1;2;4;6;0;0;1;0;1;0;0;0;784272,0118;5816250,654;13,18126875;52,42242888
30457;137541;11;5;5010312;2020;3;15;5;2;0;1;0;1;0;0;0;0;0;0;785182,9195;5829714,12;13,20614574;52,54266901
30458;137542;11;12;12214527;2020;3;14;4;3;0;7;0;1;0;0;0;0;0;0;790226,7717;5835035,723;13,28496869;52,58771375
30459;137543;11;7;7050504;2020;3;14;6;3;6;4;0;0;1;1;0;0;0;0;799462,1275;5819628,645;13,40702193;52,44460749
30460;137544;11;6;6020411;2020;3;18;3;3;1;7;1;0;1;0;1;0;0;0;793606,0827;5815893,934;13,31783118;52,41430279
30461;137545;11;6;6010208;2020;3;10;4;3;0;4;0;0;1;1;0;0;0;0;793943,4322;5820787,078;13,32707965;52,45798713
30462;137546;11;2;2010101;2020;3;5;5;3;5;3;2;1;1;0;0;0;0;1;797465,3617;5826062,606;13,38346823;52,50337109
30463;137547;11;3;3030715;2020;3;18;6;3;0;1;2;0;0;0;1;0;0;1;800097,714;5833877,294;13,42919078;52,57197516
30464;137548;11;3;3061332;2020;3;12;3;3;5;7;0;0;1;0;0;0;1;0;799552,2732;5831042,657;13,41860805;52,54686779
30465;137549;11;2;2020204;2020;3;12;4;3;5;2;0;0;1;0;0;1;0;0;798336,1096;5825502,424;13,39575683;52,49787439
30466;137550;11;4;4020313;2020;3;10;5;2;4;5;0;0;1;0;0;0;0;1;790585,4152;5826703,762;13,282956;52,51282672
30467;137551;11;2;2030401;2020;3;12;3;3;5;3;0;0;1;0;0;0;0;1;800626,311;5825680,277;13,4295526;52,49821183
30468;137552;11;8;8030831;2020;3;14;4;3;6;4;0;0;1;1;0;0;0;0;803428,2057;5817612,307;13,46336751;52,42434872
30469;137553;11;6;6040702;2020;3;11;7;3;6;4;0;0;1;1;0;0;0;0;787499,1225;5816814,604;13,22908044;52,42579919
30470;137554;11;8;8020620;2020;3;12;2;3;5;2;0;0;1;0;0;0;0;0;801172,086;5820605,64;13,43298576;52,45242551
30471;137555;11;6;6010209;2020;3;11;5;3;1;7;0;0;1;0;0;0;0;0;794728,2724;5821402,915;13,33914093;52,46308511
30472;137556;11;2;2050804;2020;3;0;7;3;0;1;2;0;0;0;0;0;1;0;803342,4538;5825732,549;13,46948928;52,49717745
30473;137557;11;3;3040614;2020;3;11;3;3;5;3;0;0;1;0;0;0;0;1;799747,481;5835480,123;13,42548774;52,5865347
30474;137558;11;8;8010510;2020;3;9;4;3;5;7;0;0;1;0;1;0;0;0;803252,0746;5822216,478;13,46496397;52,46571351
30475;137559;11;9;9051702;2020;3;11;6;3;6;2;0;0;1;1;0;0;0;0;814202,1824;5821282,718;13,62474978;52,45115991
30476;137560;11;4;4010101;2020;3;11;3;3;5;2;0;0;1;0;0;0;1;1;791290,9444;5830682,872;13,29680979;52,54812262
30477;137561;11;2;2030302;2020;3;17;2;3;0;6;0;0;1;0;1;0;0;0;801464,8413;5826036,38;13,44218989;52,5009411
30478;137562;11;3;3061227;2020;3;16;3;3;6;4;0;1;0;1;0;0;0;0;800041,3368;5831024,28;13,42578211;52,54643395
30479;137563;11;2;2040503;2020;3;7;3;3;3;6;1;1;1;0;0;0;0;0;801946,4904;5828229,372;13,45125338;52,5203307
30480;137564;11;7;7010102;2020;3;12;7;2;5;3;0;1;1;0;0;0;0;0;795424,593;5825487,83;13,35298006;52,49932744
30481;137565;11;6;6020409;2020;3;8;2;3;2;6;0;0;1;0;0;0;0;0;793324,7899;5817699,437;13,31529019;52,43063959
30482;137566;11;4;4030622;2020;3;20;4;3;1;5;2;1;1;0;0;0;0;0;791839,3769;5827274,978;13,30188275;52,51727809
30483;137567;11;4;4020311;2020;3;10;3;3;2;6;0;0;1;0;1;0;1;1;789642,1991;5826507,52;13,26892508;52,51156907
30484;137568;11;12;12301206;2020;3;18;7;2;5;3;1;0;1;0;1;0;0;0;795039,2114;5838046,933;13,3584823;52,61211762
30485;137569;11;4;4030827;2020;3;10;2;3;0;7;0;1;0;0;0;0;0;0;792575,3728;5826099,097;13,31166465;52,50634232
30486;137570;11;5;5020625;2020;3;17;7;3;5;3;0;0;1;0;0;0;0;0;784558,33;5828204,605;13,19566798;52,52946124
30487;137571;11;1;1011301;2020;3;21;4;3;9;1;2;0;0;0;1;0;0;0;796827,5702;5828845,855;13,3765825;52,52866731
30488;137572;11;1;1033203;2020;3;18;4;3;0;7;2;0;0;0;1;0;1;1;797091,635;5831101,654;13,38248056;52,54874408
30489;137573;11;1;1011102;2020;3;2;6;3;8;1;2;0;1;0;0;0;0;0;795248,5648;5826648,657;13,35142387;52,50982864
30490;137574;11;5;5030833;2020;3;9;3;3;5;7;0;0;1;0;1;0;0;1;788802,09;5829028,295;13,25876927;52,53461409
30491;137575;11;4;4030621;2020;3;11;2;2;5;7;0;0;1;0;0;1;0;0;793522,4149;5827667,77;13,32696163;52,51989605
30492;137576;11;8;8020726;2020;3;21;3;3;1;5;2;0;1;0;1;0;0;0;799536,8059;5817709,952;13,40639821;52,42736804
30493;137577;11;12;12214125;2020;3;8;3;3;6;4;0;0;1;1;0;0;0;0;790945,0586;5833820,47;13,29447443;52,57643556
30494;137578;11;4;4030827;2020;3;13;6;3;2;7;0;0;0;0;1;0;1;0;792152,1232;5826248,785;13,30557777;52,50791105
30495;137579;11;10;10010311;2020;3;16;2;3;2;6;0;0;1;0;0;0;0;0;809866,4222;5831001,173;13,57019301;52,54072799
30496;137580;11;3;3050923;2020;3;13;7;3;5;3;0;1;1;0;0;0;0;0;801059,3701;5831434,371;13,44112149;52,54954803
30497;137581;11;1;1011101;2020;3;10;4;3;5;3;0;0;1;0;0;0;0;0;795322,1767;5826266,39;13,35216623;52,50636207
30498;137582;11;7;7010102;2020;3;15;4;3;5;3;0;0;1;0;0;0;1;0;794934,3732;5825541,553;13,34582701;52,50007418
30499;137583;11;2;2050602;2020;3;14;5;3;5;5;0;0;1;0;0;0;0;0;803339,0425;5827671,076;13,4712054;52,51455399
30500;137584;11;4;4030724;2020;3;8;3;3;0;5;0;1;1;0;0;0;0;0;791254,1552;5826386,628;13,29250504;52,50962696
30501;137585;11;12;12214125;2020;3;15;7;3;5;2;0;1;1;0;0;0;0;0;790702,102;5834317,861;13,29133542;52,58102443
30502;137586;11;6;6040806;2020;3;15;4;3;8;1;0;0;1;0;0;0;0;0;789108,2243;5818886,882;13,25447164;52,44353035
30503;137587;11;5;5010209;2020;3;19;4;3;2;6;2;0;1;0;1;0;0;0;781909,0182;5829575,238;13,1578803;52,54312759
30504;137588;11;4;4030621;2020;3;18;5;3;1;5;2;1;0;0;0;0;1;0;793066,2843;5827662,893;13,32025407;52,52009766
30505;137589;11;3;3010102;2020;3;7;3;3;5;3;0;1;1;0;0;0;0;0;804063,4457;5839912,218;13,49306894;52,62386191
30506;137590;11;7;7050502;2020;3;5;2;2;0;1;1;0;0;0;1;0;0;0;798029,721;5818529,513;13,38502905;52,43553756
30507;137591;11;4;4041238;2020;3;14;3;2;1;5;0;1;1;0;0;0;0;0;791003,4173;5822969,046;13,28583555;52,47912208
30508;137592;11;5;5030833;2020;3;9;2;3;2;6;0;0;1;0;0;0;0;1;788053,8438;5829196,338;13,24791404;52,53651665
30509;137593;11;7;7030303;2020;3;16;5;3;3;6;0;0;1;0;1;0;0;0;795818,8591;5820971,913;13,35476487;52,45863217
30510;137594;11;1;1033203;2020;3;15;2;3;5;3;0;0;1;0;0;0;0;0;796503,1389;5830111,444;13,37294311;52,54018854
30511;137595;11;3;3061228;2020;3;19;4;3;5;2;2;0;1;0;0;0;0;0;800217,0195;5831193,713;13,42851828;52,54785584
30512;137596;11;10;10010102;2020;3;22;6;2;6;4;2;0;1;1;0;0;0;0;809922,5721;5833883,772;13,57370914;52,56652839
30513;137597;11;1;1044203;2020;3;15;3;3;2;6;0;0;1;0;0;0;0;0;795799,2362;5831895,904;13,36418391;52,55656707
30514;137598;11;9;9020802;2020;3;14;4;3;5;7;0;1;0;0;0;0;1;0;809963,9537;5820288,247;13,56166067;52,44466716
30515;137599;11;1;1011102;2020;3;11;5;3;0;7;0;1;0;0;0;0;0;1;796694,8409;5827977,641;13,37385706;52,52095694
30516;137600;11;7;7010102;2020;3;20;2;3;5;2;2;0;1;0;0;0;0;0;794958,1529;5825654,926;13,34627672;52,50107765
30517;137601;11;4;4051655;2020;3;14;4;3;2;2;0;0;1;0;0;0;0;0;793921,6567;5823111,696;13,32880792;52,47883808
30518;137602;11;12;12224230;2020;3;0;1;3;8;1;2;0;1;0;0;0;0;0;786039,1865;5839163,144;13,22689414;52,62693664
30519;137603;11;5;5020625;2020;3;11;2;3;0;3;0;0;1;0;1;0;0;0;784603,9967;5828317,343;13,19643587;52,53044821
30520;137604;11;10;10030726;2020;3;14;5;3;2;6;0;0;1;0;0;0;0;0;809534,9475;5827682,673;13,56223213;52,51117723
30521;137605;11;7;7060601;2020;3;11;7;3;1;5;0;0;1;0;0;0;0;0;796500,4592;5816408,435;13,36071912;52,41735482
30522;137606;11;9;9010301;2020;3;13;4;3;5;2;0;0;1;0;0;0;0;0;804391,9703;5821738,482;13,48125577;52,46079553
30523;137607;11;11;11030824;2020;3;16;1;2;6;7;0;0;1;1;0;0;0;0;803750,8167;5827398,713;13,47700622;52,51188372
30524;137608;11;9;9020502;2020;3;5;3;3;5;2;0;1;1;0;0;0;0;0;807437,1397;5821700,444;13,52590055;52,45875008
30525;137609;11;3;3051017;2020;3;16;5;2;5;3;0;0;1;0;1;0;0;0;803392,1714;5833107,435;13,47694958;52,56324894
30526;137610;11;2;2030301;2020;3;17;1;3;2;1;0;1;1;0;0;0;0;0;800388,6825;5826393,844;13,4267063;52,50473863
30527;137611;11;10;10040933;2020;3;10;5;3;5;2;0;1;1;0;0;0;0;0;812386,6406;5824459,633;13,60109433;52,48066951
30528;137612;11;3;3051017;2020;3;15;6;3;2;6;0;0;1;0;0;0;0;0;803716,51;5832069,709;13,48077012;52,5537674
30529;137613;11;6;6010102;2020;3;12;3;3;5;3;0;1;1;0;0;0;0;0;793425,7249;5820370,611;13,31911613;52,45453183
30530;137614;11;1;7010101;2020;3;10;4;3;3;2;0;0;1;0;1;0;0;0;794697,6489;5826029,082;13,34278126;52,50457246
30531;137615;11;4;4020310;2020;3;9;5;3;5;2;0;0;1;0;0;0;0;1;790216,0465;5827302,897;13,27805095;52,51839469
30532;137616;11;3;3071633;2020;3;18;2;2;0;1;2;0;0;0;0;0;1;0;800031,6281;5830415,886;13,42508986;52,54098607
30533;137617;11;7;7010101;2020;3;13;4;3;2;6;0;1;1;0;0;0;0;0;794938,0563;5825192,402;13,34557192;52,49694229
30534;137618;11;12;1033101;2020;3;20;7;3;2;6;2;0;1;0;0;0;0;0;796639,3052;5832394,671;13,37698471;52,56058102
30535;137619;11;7;7030302;2020;3;11;2;3;1;5;0;1;1;0;0;0;0;0;794562,2817;5822039,415;13,33726659;52,46888051
30536;137620;11;1;1011301;2020;3;22;7;3;5;3;2;0;1;0;0;0;0;0;796644,7692;5829046,689;13,37407493;52,53056708
30537;137621;11;10;10010308;2020;3;8;4;3;2;6;0;0;0;0;0;0;1;0;807012,6054;5830269,596;13,52756992;52,53578688
30538;137622;11;9;9031202;2020;3;7;6;3;4;6;0;0;1;0;0;0;0;0;816797,9569;5812909,498;13,65489701;52,37463295
30539;137623;11;10;10030725;2020;3;16;2;3;3;6;1;0;1;0;0;0;0;1;809951,3556;5827922,956;13,56857216;52,51309411
30540;137624;11;7;7020204;2020;3;15;2;2;5;3;0;1;0;0;0;0;1;0;796260,6261;5822940,825;13,36299584;52,47604254
30541;137625;11;1;1011301;2020;3;16;4;3;0;3;0;1;1;0;0;0;0;0;797084,5406;5828042,429;13,37964163;52,52132552
30542;137626;11;8;8010214;2020;3;13;6;3;6;2;0;0;0;1;0;0;1;0;801856,4708;5822385,409;13,44463576;52,46800047
30543;137627;11;9;9010301;2020;3;15;2;3;6;4;0;0;1;1;0;0;0;0;804720,2834;5822243,581;13,48653424;52,4651396
30544;137628;11;7;7050505;2020;3;17;2;3;2;6;1;0;1;0;0;0;0;0;798498,0337;5819042,825;13,39235595;52,43988344
30545;137629;11;8;8020726;2020;3;12;3;3;1;5;0;0;1;0;0;0;0;0;799954,0548;5817489,77;13,41231903;52,42516582
30546;137630;11;4;4030620;2020;3;12;4;3;0;6;0;0;1;0;1;0;0;0;792802,3136;5827148,904;13,31592235;52,51563173
30547;137631;11;12;12301204;2020;3;15;2;3;1;5;0;0;1;0;1;0;0;1;793282,2405;5836370,618;13,33112287;52,59804153
30548;137632;11;4;4051654;2020;3;21;7;3;6;7;2;1;0;1;0;0;0;0;793810,7708;5823989,689;13,32795369;52,48676857
30549;137633;11;2;2010104;2020;3;20;2;3;5;2;2;0;1;0;0;0;0;0;799071,4735;5825609,753;13,40665346;52,49843396
30550;137634;11;3;3020203;2020;3;15;7;3;5;2;0;0;1;0;0;0;0;0;798051,045;5837196,316;13,40206655;52,6028499
30551;137635;11;4;4020311;2020;3;17;4;2;6;4;0;0;1;1;0;0;0;0;789631,4315;5826243,862;13,26853741;52,50921104
30552;137636;11;2;2020205;2020;3;16;4;3;5;3;0;1;1;0;0;0;0;0;798508,6557;5824518,418;13,39740939;52,48895969
30553;137637;11;7;7030303;2020;3;14;5;3;2;6;0;0;1;0;0;0;0;0;795348,6758;5820997,578;13,34788765;52,45911654
30554;137638;11;12;12304314;2020;3;15;2;3;5;3;0;1;1;0;0;0;0;1;791394,5805;5835538,461;13,30259992;52,59159634
30555;137639;11;2;2010104;2020;3;8;2;3;5;3;0;0;1;0;0;0;0;0;798584,19;5825563,755;13,39945538;52,49828847
30556;137640;11;2;2040502;2020;3;17;3;3;5;2;1;1;1;0;0;0;0;0;801247,583;5827816,857;13,44061031;52,51701981
30557;137641;11;6;6020410;2020;3;13;2;3;5;7;0;0;1;0;0;0;0;1;794498,0257;5817670,26;13,33247126;52,42974771