;OBJECTID;LAND;BEZ;LOR;UJAHR;UMONAT;USTUNDE;UWOCHENTAG;UKATEGORIE;UART;UTYP1;ULICHTVERH;IstRad;IstPKW;IstFuss;IstKrad;IstGkfz;IstSonstige;USTRZUSTAND;LINREFX;LINREFY;XGCSWGS84;YGCSWGS84
30558;137642;11;11;11040925;2020;3;10;6;3;5;2;0;0;1;0;1;0;0;0;803415,0598;5826626,82;13,47137029;52,50515226
30559;137643;11;4;4030725;2020;3;7;2;3;0;1;0;0;0;0;1;0;0;0;791905,954;5826351,614;13,30205115;52,50896467
30560;137644;11;1;1044103;2020;3;15;2;3;2;6;0;0;1;0;0;0;1;0;794823,5688;5830958,193;13,34900149;52,54869031
30561;137645;11;12;12304314;2020;3;15;3;3;0;2;0;0;1;0;1;0;0;0;790698,9924;5835383,843;13,29222487;52,59058244
30562;137646;11;3;3050923;2020;3;12;2;3;0;3;0;0;0;0;0;0;1;1;800424,5248;5832291,18;13,43256231;52,55757827
30563;137647;11;5;5020417;2020;3;21;6;3;5;3;2;1;1;0;0;0;0;0;783417,4104;5828619,468;13,17924817;52,5337754
30564;137648;11;11;11030721;2020;3;7;2;3;5;2;0;1;1;0;0;0;0;0;804305,3676;5828168,322;13,48585641;52,51847235
30565;137649;11;9;9020701;2020;3;14;7;3;5;2;0;1;1;0;0;0;0;0;807699,392;5818374,546;13,5266856;52,42879517
30566;137650;11;7;7010104;2020;3;13;4;3;6;4;0;0;1;1;0;0;0;0;796692,7865;5824361,349;13,37060431;52,48854162
30567;137651;11;1;1011306;2020;3;18;4;2;5;2;1;1;1;0;0;0;0;0;799963,1805;5826890,308;13,42090348;52,50942273
30568;137652;11;9;9020702;2020;3;18;5;3;5;3;2;0;1;0;0;0;1;0;808901,3934;5819066,562;13,54494769;52,43431973
30569;137653;11;12;12214125;2020;3;12;2;3;2;6;0;0;1;0;0;1;0;1;790266,4687;5833690,809;13,28437512;52,57563554
30570;137654;11;2;2010101;2020;3;19;2;3;0;1;2;1;0;0;0;0;0;0;797312,2138;5826121,904;13,38127156;52,5039861
30571;137655;11;6;6020303;2020;3;8;3;3;2;6;0;0;1;0;0;0;0;0;795499,7267;5818606,472;13,34798914;52,43760015
30572;137656;11;12;12214424;2020;3;22;2;3;5;3;2;0;1;0;0;0;1;0;793273,6422;5832581,596;13,32764364;52,56407988
30573;137657;11;1;1022101;2020;3;12;5;3;5;3;0;1;1;0;0;0;0;0;792640,6128;5828688,478;13,31490088;52,52952028
30574;137658;11;8;8041035;2020;3;14;2;3;3;5;0;1;1;0;0;0;0;0;803924,2473;5819000,821;13,47190201;52,43651857
30575;137659;11;8;8041037;2020;3;14;5;3;5;2;0;1;1;0;0;0;0;0;805548,0072;5818552,774;13,49530471;52,43159827
30576;137660;11;5;5010208;2020;3;18;6;3;5;7;2;0;1;0;0;0;0;1;783672,2238;5829951,505;13,18413206;52,54558608
30577;137661;11;11;11030721;2020;3;15;3;3;5;3;0;0;1;0;0;0;0;0;804238,8854;5828690,548;13,48535728;52,52318995
30578;137662;11;3;3020203;2020;3;13;4;2;8;1;0;0;0;0;1;0;0;0;797427,7234;5838789,501;13,39432197;52,6174719
30579;137663;11;1;1011101;2020;3;12;7;3;5;3;0;0;1;0;0;0;0;0;795324,313;5826264,591;13,35219602;52,50634479
30580;137664;11;1;1011401;2020;3;18;3;3;6;4;1;0;1;1;0;0;0;0;798036,8338;5829323,745;13,39478407;52,5322912
30581;137665;11;3;3040513;2020;3;15;4;3;5;2;0;1;1;0;0;0;0;0;797913,0635;5833689,437;13,39688202;52,57149142
30582;137666;11;7;7030301;2020;3;13;5;2;6;7;0;0;0;1;0;0;1;0;793975,7042;5821708,856;13,32836512;52,46623314
30583;137667;11;6;6020305;2020;3;12;2;3;2;7;0;0;1;0;0;0;0;0;796116,3519;5817351,507;13,35592235;52,42601677
30584;137668;11;4;4041133;2020;3;13;4;3;5;2;0;1;1;0;0;0;0;0;790532,5809;5825141,445;13,2808162;52,49884859
30585;137669;11;11;11030619;2020;3;14;1;3;6;7;0;0;1;1;0;0;0;0;803861,428;5829790,474;13,48081618;52,53325868
30586;137670;11;3;3061228;2020;3;13;3;2;5;2;0;1;1;0;0;0;0;0;800749,0662;5831301,43;13,43643853;52,54852786
30587;137671;11;7;7060603;2020;3;19;4;3;2;6;2;0;1;0;1;0;0;0;798458,3242;5815934,43;13,38899993;52,41204177
30588;137672;11;10;10040829;2020;3;2;5;3;4;7;2;1;0;0;0;0;0;0;811223,8597;5827822,226;13,58716904;52,51146691
30589;137673;11;5;5010101;2020;3;13;1;3;5;3;0;1;1;0;0;0;0;0;785621,9006;5832039,613;13,21460197;52,56328894
30590;137674;11;6;6040804;2020;3;17;5;3;5;3;0;0;1;0;0;0;0;0;787438,4065;5818673,406;13,22978814;52,44249672
30591;137675;11;3;3020307;2020;3;19;4;3;6;4;2;0;1;1;0;0;0;0;800695,9087;5836111,113;13,44001744;52,59166691
30592;137676;11;5;5020417;2020;3;15;6;3;5;3;0;0;1;0;0;0;0;0;783427,0883;5828630,055;13,17939949;52,5338653
30593;137677;11;7;7030303;2020;3;8;3;3;5;2;0;0;1;0;0;0;0;0;795239,4948;5822271,378;13,34741231;52,47059434
30594;137678;11;6;6020301;2020;3;11;4;3;1;1;0;0;1;0;1;0;1;0;796319,9173;5819174,576;13,36052325;52,44224902
30595;137679;11;12;12214125;2020;3;5;5;3;2;6;1;0;1;0;0;0;0;0;791987,6205;5831666,115;13,30791961;52,55656412
30596;137680;11;10;10010204;2020;3;11;2;2;1;5;0;0;1;0;0;0;0;1;809454,2121;5832704,161;13,56572118;52,55622367
30597;137681;11;2;2010102;2020;3;19;7;3;1;7;2;0;1;0;0;0;1;0;798005,352;5825934,1;13,39128519;52,50192455
30598;137682;11;6;6030607;2020;3;10;2;3;2;1;0;1;0;0;0;1;0;0;793026,5816;5817692,705;13,31091065;52,43073905
30599;137683;11;8;8010214;2020;4;17;5;3;5;3;0;0;0;0;1;0;0;0;802070,1516;5821979,321;13,44740419;52,46424253
30600;137684;11;3;3040818;2020;4;18;4;3;5;3;1;1;1;0;0;0;0;0;800069,672;5832591,378;13,42761511;52,56046466
30601;137685;11;7;7040403;2020;4;17;6;3;5;2;0;1;1;0;0;0;0;0;797344,032;5821919,223;13,37798995;52,4662962
30602;137686;11;1;1033203;2020;4;19;5;3;6;4;2;0;1;1;0;0;0;0;796794,5018;5831267,092;13,37825925;52,55038901
30603;137687;11;5;5010339;2020;4;16;4;2;5;2;0;1;0;0;0;1;0;0;788109,3526;5827861,704;13,24757347;52,52452175
30604;137688;11;1;1022103;2020;4;15;6;3;0;7;0;1;0;0;0;0;0;0;793250,257;5829543,157;13,32461617;52,53685445
30605;137689;11;7;7040403;2020;4;19;5;3;2;7;0;0;0;0;1;0;1;0;797023,4719;5821150,472;13,37260094;52,45957943
30606;137690;11;8;8040933;2020;4;17;1;3;3;6;0;1;1;0;0;0;0;0;803496,2801;5818627,272;13,46528662;52,43340809
30607;137691;11;9;9041301;2020;4;16;4;3;3;6;0;1;0;0;0;0;1;0;811411,0525;5819603,019;13,58224499;52,43770431
30608;137692;11;7;7040405;2020;4;18;5;2;6;7;0;0;0;1;0;0;1;0;798106,3574;5821902,915;13,38916387;52,46573462
30609;137693;11;11;11030721;2020;4;16;4;3;5;7;0;0;1;0;0;0;1;0;803871,9651;5827899,112;13,47924285;52,51630116
30610;137694;11;1;1044202;2020;4;9;5;2;3;6;0;0;1;0;0;0;0;0;794810,3336;5830125,658;13,34806793;52,54123444
30611;137695;11;6;6020409;2020;4;17;5;3;2;6;0;0;1;0;0;0;0;0;793376,7186;5817052,514;13,31548432;52,42481221
30612;137696;11;9;9010202;2020;4;15;4;3;5;2;0;1;1;0;0;0;0;0;804095,7014;5823584,709;13,47859126;52,47750779
30613;137697;11;1;1011302;2020;4;9;5;3;5;7;0;1;0;0;0;0;1;0;799026,349;5828938,966;13,40898227;52,52830029
30614;137698;11;3;3061227;2020;4;22;3;3;2;7;2;0;1;0;1;0;0;0;800154,0794;5830955,517;13,42737759;52,5457555
30615;137699;11;3;3061126;2020;4;13;5;3;5;2;0;0;1;0;0;0;0;0;798647,9223;5831477,356;13,4057021;52,55126074
30616;137700;11;9;9031001;2020;4;15;1;3;5;3;0;1;1;0;0;0;0;0;810338,2305;5814378,326;13,5616695;52,39149148
30617;137701;11;9;9051901;2020;4;9;5;3;6;2;0;0;1;1;0;0;0;0;810448,5557;5821228,083;13,56964123;52,45281477
30618;137702;11;2;2020203;2020;4;18;5;3;5;2;0;0;1;0;1;0;0;0;797126,7094;5823996,386;13,37665086;52,48503411
30619;137703;11;8;8020727;2020;4;16;1;2;0;1;0;0;0;0;1;0;0;0;800907,4242;5816578,158;13,4254779;52,41647116
30620;137704;11;8;8020622;2020;4;18;5;3;2;6;0;0;1;0;0;0;0;0;802601,4082;5819912,861;13,45332769;52,44542674
30621;137705;11;3;3050925;2020;4;14;5;3;0;2;0;1;0;0;0;0;1;0;801700,7131;5831083,824;13,45023292;52,54605127
30622;137706;11;7;7060604;2020;4;15;4;3;1;5;0;1;1;0;0;0;0;0;796661,3276;5814658,227;13,36152683;52,40157833
30623;137707;11;7;7040401;2020;4;17;5;2;0;1;0;1;0;0;0;0;0;0;798744,8604;5823946,562;13,40036528;52,48370455
30624;137708;11;2;2020203;2020;4;16;5;3;5;2;0;1;1;0;0;0;0;0;797481,148;5824555,098;13,38235382;52,48984936
30625;137709;11;6;6040807;2020;4;15;4;3;2;6;0;0;1;0;0;0;0;0;789669,2136;5818294,22;13,26218857;52,43792
30626;137710;11;2;2010104;2020;4;17;5;3;5;2;0;1;1;0;0;0;0;0;799859,8836;5825690,71;13,41830565;52,498727
30627;137711;11;3;3040818;2020;4;16;3;3;5;2;0;1;1;0;0;0;0;0;798929,5028;5832400,82;13,41067424;52,55938372
30628;137712;11;7;7040404;2020;4;16;5;3;2;7;0;1;1;0;0;0;0;0;796671,004;5820000,311;13,36640666;52,44946068
30629;137713;11;4;4020313;2020;4;18;7;2;5;3;0;0;1;0;0;0;0;0;790492,3604;5826556,731;13,28146028;52,51155815
30630;137714;11;1;1022106;2020;4;15;5;2;5;2;0;1;1;0;0;0;0;0;794543,6193;5828344,802;13,3425684;52,52541456
30631;137715;11;9;9020701;2020;4;15;5;3;5;2;0;0;1;0;0;0;0;0;809099,1587;5818227,687;13,54707215;52,42669004
30632;137716;11;7;7070701;2020;4;13;4;3;5;2;0;0;1;0;1;0;0;0;799278,5775;5816259,73;13,40131448;52,41450989
30633;137717;11;4;4020206;2020;4;16;6;3;5;2;0;1;1;0;0;0;0;0;786549,397;5826170,451;13,22318652;52,51018057
30634;137718;11;1;1044102;2020;4;15;5;3;5;3;0;0;1;0;0;0;0;0;795277,8342;5831732,453;13,35637001;52,55538483
30635;137719;11;9;9020501;2020;4;10;4;3;0;2;0;1;0;0;0;0;1;0;806273,2322;5822159,695;13,50924532;52,46351955
30636;137720;11;2;2020206;2020;4;17;6;3;2;6;0;0;1;0;1;0;0;0;799731,4493;5824482,631;13,41533251;52,48796894
30637;137721;11;9;9051901;2020;4;13;4;3;5;2;0;0;1;0;1;0;0;0;811123,3309;5821876,365;13,58014315;52,45824075
30638;137722;11;8;8020620;2020;4;15;5;3;6;4;0;0;1;1;0;0;0;0;800714,5426;5821077,24;13,42669766;52,45690455
30639;137723;11;10;10020413;2020;4;12;4;3;0;1;0;0;0;0;1;0;0;0;811333,4504;5831058,853;13,59180879;52,54040874
30640;137724;11;4;4010102;2020;4;15;5;3;5;2;0;0;1;0;0;0;0;0;793352,7784;5829679,724;13,32624395;52,53802354
30641;137725;11;8;8041037;2020;4;13;5;3;0;2;0;0;0;0;1;1;0;0;805549,0589;5818558,237;13,49532512;52,43164664
30642;137726;11;9;9020702;2020;4;10;4;3;6;2;0;0;1;1;0;0;0;0;809089,5853;5819483,236;13,54809238;52,43794764
30643;137727;11;2;2030302;2020;4;13;5;3;2;6;0;0;1;0;1;0;0;0;800262,7274;5825754,588;13,42427976;52,49907806
30644;137728;11;1;1011305;2020;4;13;3;3;2;6;0;0;1;0;0;0;0;0;798823,7764;5826675,057;13,40397154;52,50811863
30645;137729;11;5;5020521;2020;4;12;5;3;5;2;0;0;1;0;0;0;0;0;780873,8684;5827770,405;13,14113087;52,52747895
30646;137730;11;2;2050602;2020;4;12;5;3;2;6;0;0;1;0;0;0;0;0;802212,3971;5827742,382;13,4547181;52,51581852
30647;137731;11;6;6020304;2020;4;17;4;3;3;6;0;1;0;0;0;0;1;0;795166,172;5818813,321;13,3432792;52,43963455
30648;137732;11;1;1011304;2020;4;10;4;3;5;3;0;1;1;0;0;0;0;0;800224,5859;5827910,405;13,42566397;52,51842241
30649;137733;11;3;3040512;2020;4;14;6;3;1;5;0;1;1;0;0;0;0;0;796097,1041;5835654,794;13,37192115;52,59009958
30650;137734;11;4;4030622;2020;4;17;4;3;6;4;0;1;0;1;0;0;0;0;792062,4707;5826944,867;13,30487142;52,51419928
30651;137735;11;6;6020303;2020;4;18;4;3;1;5;0;1;1;0;0;0;0;0;795204,9322;5818734,177;13,34377786;52,43890415
30652;137736;11;3;3061434;2020;4;15;6;3;5;2;0;1;1;0;0;0;0;0;801470,275;5829800,487;13,44568054;52,53467621
30653;137737;11;4;4051446;2020;4;22;4;3;0;1;2;1;0;0;0;0;0;0;792771,3573;5824433,622;13,31307992;52,49130669
30654;137738;11;6;6020306;2020;4;9;1;2;5;3;0;0;1;0;1;0;0;0;796517,8018;5817312,648;13,36177473;52,42545102
30655;137739;11;5;5010313;2020;4;9;4;3;6;2;0;0;1;1;0;0;0;0;785073,253;5829871,512;13,20466808;52,54413755
30656;137740;11;1;1011304;2020;4;20;4;3;3;3;2;0;1;0;1;0;0;0;799693,6293;5827831,071;13,41779088;52,51800335
30657;137741;11;12;12302109;2020;4;18;4;2;0;1;0;0;0;0;0;0;1;0;795806,4048;5836967,754;13,36881531;52,60202699
30658;137742;11;8;8020625;2020;4;14;2;2;5;2;0;1;0;0;0;0;0;0;801429,3006;5818839,616;13,43516623;52,4364543
30659;137743;11;1;1011303;2020;4;17;4;3;5;2;0;1;1;0;0;0;0;0;799519,36;5827573,515;13,4149984;52,5157905
30660;137744;11;7;7050503;2020;4;16;4;3;2;6;0;0;1;0;0;1;1;0;799263,6038;5820118,589;13,40454863;52,44910789
30661;137745;11;9;9051702;2020;4;10;4;3;1;5;0;0;1;0;0;0;0;0;815385,106;5820979,713;13,64181326;52,44776365
30662;137746;11;9;9052001;2020;4;16;4;3;0;7;0;1;0;0;0;0;0;0;810689,163;5823646,619;13,57542187;52,47435199
30663;137747;11;6;6040702;2020;4;9;6;3;4;2;0;0;1;0;0;0;1;0;787228,4784;5816535,285;13,2248712;52,423437
30664;137748;11;8;8010510;2020;4;15;4;3;0;6;0;1;1;0;0;0;0;0;802989,789;5822430,636;13,46130935;52,46777851
30665;137749;11;12;12214424;2020;4;13;4;3;6;7;0;0;1;1;0;0;0;0;793324,7471;5832679,306;13,32848181;52,56492827
30666;137750;11;8;8020622;2020;4;9;6;3;2;6;0;0;1;0;0;0;0;0;801367,2852;5819296,232;13,43466842;52,44058129
30667;137751;11;10;10030724;2020;4;14;4;3;5;3;0;1;1;0;0;0;0;0;808662,4679;5828636,624;13,55030169;52,52022072
30668;137752;11;1;1044102;2020;4;19;1;3;4;6;0;0;1;0;1;0;0;0;794038,5497;5832489,758;13,33881434;52,56284406
30669;137753;11;10;10030726;2020;3;9;3;2;0;1;0;1;0;0;0;0;0;0;809534,6797;5827679,836;13,56222556;52,51115196
30670;137754;11;9;9020702;2020;4;14;4;3;1;5;0;1;1;0;0;0;0;0;809144,8888;5819516,952;13,54893454;52,43821854
30671;137755;11;12;12103218;2020;3;12;3;3;2;6;0;0;1;0;0;0;0;0;794816,1923;5833041,484;13,35074356;52,5673693
30672;137756;11;12;12301203;2020;4;14;4;3;5;3;0;0;1;0;0;0;0;0;793552,9976;5834245,228;13,33322569;52,57884274
30673;137757;11;4;4020311;2020;4;16;5;3;0;7;0;1;1;0;0;0;0;1;789646,064;5826523,936;13,26899616;52,51171418
30674;137758;11;12;12302110;2020;3;9;3;2;6;4;0;0;1;1;0;0;0;0;794994,2562;5835850,309;13,35586281;52,59245141
30675;137759;11;4;4061757;2020;3;8;3;3;2;7;0;0;1;0;1;0;0;0;789205,3406;5824001,247;13,26032919;52,48933134
30676;137760;11;11;11020513;2020;4;14;4;3;5;2;0;1;1;0;0;0;0;0;804070,7836;5831453,499;13,48541508;52,54804693
30677;137761;11;6;6040701;2020;4;14;4;3;5;3;0;1;1;0;0;0;0;0;783928,3196;5815909,635;13,17593867;52,4195496
30678;137762;11;10;10010204;2020;3;7;3;3;5;3;0;0;1;0;0;0;1;0;809656,9698;5833230,314;13,56919322;52,56082356
30679;137763;11;4;4030415;2020;4;13;4;3;2;6;0;0;1;0;0;0;1;0;790663,3535;5827366,809;13,28468049;52,51872943
30680;137764;11;9;9052001;2020;4;12;3;3;2;6;0;0;1;0;0;0;0;0;811356,3982;5822538,317;13,5841797;52,4640401
30681;137765;11;12;12301203;2020;4;20;5;3;5;3;1;1;1;0;0;0;0;0;793227,7901;5835953,437;13,32995185;52,59433113
30682;137766;11;2;2040502;2020;4;13;4;3;5;7;0;0;1;0;1;0;0;0;801249,0809;5827829,115;13,44064342;52,51712885
30683;137767;11;8;8010406;2020;4;15;1;2;3;6;0;1;0;0;1;0;0;0;802530,1844;5824116,998;13,45609389;52,48314813
30684;137768;11;5;5010206;2020;4;12;4;3;2;6;0;0;1;0;0;0;0;0;781539,4722;5830704,615;13,15340297;52,55344523
30685;137769;11;3;3030716;2020;4;12;4;3;5;7;0;1;1;0;0;0;0;0;802921,3879;5833393,28;13,47028654;52,56607301
30686;137770;11;11;11030720;2020;3;17;3;3;5;3;0;1;0;0;0;0;0;0;805147,6666;5829103,111;13,49908906;52,5263797
30687;137771;11;1;1044203;2020;4;12;4;3;2;6;0;0;1;0;0;0;0;0;796103,074;5831991,509;13,36873782;52,55725895
30688;137772;11;1;1022206;2020;4;15;5;3;5;2;0;1;1;0;0;0;0;0;795467,1275;5827765,191;13,35562643;52,51971912
30689;137773;11;3;3030406;2020;3;15;3;3;5;3;0;0;1;0;0;0;0;0;802877,5073;5838280,59;13,4741088;52,60990074
30690;137774;11;4;4051654;2020;4;11;4;3;6;7;0;0;1;1;0;0;0;0;793439,7127;5823787,912;13,32232711;52,48515928
30691;137775;11;3;3030405;2020;4;15;3;3;5;3;0;0;1;0;1;0;0;0;803696,6402;5839176,438;13,48699112;52,6174727
30692;137776;11;11;11020412;2020;4;9;4;3;5;3;0;0;1;0;0;0;0;0;805695,6529;5831380,454;13,50923618;52,54648295
30693;137777;11;4;4051445;2020;4;7;4;3;5;2;0;0;1;0;0;0;0;0;792052,5948;5824061,764;13,30219774;52,48835807
30694;137778;11;1;1011102;2020;4;17;3;3;0;1;0;1;0;0;0;0;0;0;796509,5905;5827657,373;13,37084928;52,51818682
30695;137779;11;1;1011204;2020;4;7;4;3;5;3;0;1;0;0;0;0;1;0;798671,2483;5827599,489;13,40256047;52,51648842
30696;137780;11;9;9052001;2020;4;22;7;3;8;1;2;0;1;0;0;0;0;0;810265,1902;5822726,37;13,56834395;52,46634603
30697;137781;11;11;11030619;2020;4;4;4;3;5;2;2;0;1;0;1;0;0;0;803547,232;5829751,882;13,4761631;52,53308785
30698;137782;11;2;1011304;2020;4;17;3;3;3;6;0;1;1;0;0;0;0;0;800104,2005;5827369,575;13,42340729;52,51364102
30699;137783;11;10;10010308;2020;3;15;3;3;2;6;0;0;1;0;0;1;1;0;807612,0607;5830735,391;13,53681128;52,53962332
30700;137784;11;9;9052001;2020;4;8;3;2;5;2;0;0;1;0;1;0;0;0;811329,1;5822438,024;13,58368563;52,46315687
30701;137785;11;5;5020419;2020;4;9;5;3;2;1;0;0;1;0;0;0;0;0;782090,8761;5828087,977;13,1592923;52,52969804
30702;137786;11;1;1011303;2020;4;17;6;3;1;6;0;1;1;0;0;0;0;0;799344,1271;5828911,01;13,41362746;52,52787531
30703;137787;11;4;4020313;2020;3;12;3;3;6;7;0;1;0;1;0;0;0;0;790333,6454;5826460,362;13,27904405;52,5107787
30704;137788;11;11;11040926;2020;4;16;3;3;2;7;0;1;1;0;0;0;0;0;806678,2956;5826943,552;13,51959004;52,50616655
30705;137789;11;1;1011304;2020;4;14;2;3;5;3;0;1;1;0;0;0;0;0;799888,6162;5827799,665;13,42062758;52,51761466
30706;137790;11;5;5020524;2020;4;15;3;3;5;3;0;1;0;0;0;0;1;0;783273,9535;5826761,403;13,17555597;52,51719009
30707;137791;11;12;12214424;2020;4;14;3;2;5;3;0;1;1;0;0;0;0;0;792900,675;5832166,526;13,32179065;52,56055976
30708;137792;11;12;12302108;2020;4;13;3;3;0;1;0;0;0;0;1;0;0;0;794905,89;5837259,34;13,35581709;52,60512998
30709;137793;11;6;6020303;2020;3;11;3;3;2;2;0;0;1;0;0;0;0;0;795348,7067;5818457,837;13,34564265;52,4363493
30710;137794;11;1;1033101;2020;4;2;6;3;1;5;2;0;1;0;0;0;0;0;797192,4806;5832256,342;13,38499711;52,55903943
30711;137795;11;4;4010102;2020;4;16;3;2;5;3;0;1;1;0;0;0;0;0;792573,9871;5829985,237;13,31506314;52,54118102
30712;137796;11;8;8010301;2020;4;17;4;3;6;4;0;1;0;1;0;0;0;0;801336,4994;5824690,198;13,43908724;52,48894589
30713;137797;11;1;1011201;2020;4;16;3;3;5;3;0;1;1;0;0;0;0;0;796945,022;5826780,999;13,37646559;52,51009415
30714;137798;11;8;8030830;2020;4;16;3;3;0;2;0;0;1;0;1;0;0;0;802386,374;5817896,428;13,44834945;52,42747207
30715;137799;11;6;6020303;2020;3;17;2;3;5;3;0;0;1;0;0;0;0;1;795597,3785;5818544,159;13,3493664;52,43698879
30716;137800;11;6;6040805;2020;4;0;6;3;8;1;2;0;1;0;0;0;0;0;789135,4737;5818784,759;13,25478307;52,44260035
30717;137801;11;7;7050502;2020;4;17;3;3;5;3;0;1;1;0;0;0;0;0;797088,9539;5818571,9;13,37126865;52,43642931
30718;137802;11;8;8010118;2020;4;20;4;3;1;5;2;1;1;0;0;0;1;0;800782,2057;5822704,906;13,42915738;52,47145671
30719;137803;11;2;2030302;2020;4;16;6;3;6;7;0;0;1;1;0;0;0;0;801613,6005;5826048,634;13,44438585;52,50096873
30720;137804;11;6;6020410;2020;4;18;3;3;5;3;0;1;1;0;0;0;0;0;794475,2114;5816588,988;13,33118479;52,42006681
30721;137805;11;10;10040830;2020;4;14;1;3;1;5;0;1;1;0;0;0;0;0;810740,5784;5825441,943;13,57784971;52,49041158
30722;137806;11;9;9010302;2020;4;16;7;3;2;2;0;0;1;0;0;0;0;0;804496,4279;5819983,853;13,48118871;52,44501105
30723;137807;11;11;11010205;2020;4;22;3;3;5;3;2;1;1;0;0;0;0;0;806856,4886;5832573,632;13,52740404;52,5565237
30724;137808;11;12;12224230;2020;4;12;3;3;1;5;0;1;1;0;0;0;0;0;786254,751;5838962,611;13,22989651;52,62502522
30725;137809;11;2;2010101;2020;4;12;3;3;5;2;0;1;1;0;0;0;0;0;797844,167;5825634,055;13,38864926;52,499323
30726;137810;11;3;3010102;2020;3;13;2;3;5;3;0;1;1;0;0;0;0;1;804356,7981;5840432,639;13,49786834;52,62836183
30727;137811;11;9;9052001;2020;4;17;5;3;2;6;0;0;1;0;0;0;0;0;809202,3243;5822900,417;13,55290934;52,46850831
30728;137812;11;12;12103218;2020;4;12;3;3;0;7;0;0;1;0;0;0;1;0;794354,3203;5834572,169;13,34530766;52,58134064
30729;137813;11;4;4020310;2020;4;12;4;3;5;2;0;0;1;0;1;0;0;0;790210,7992;5827298,093;13,27796964;52,51835441
30730;137814;11;9;9010302;2020;4;13;5;2;2;6;0;0;1;0;1;0;0;0;805014,3594;5820676,228;13,48941774;52,45092791
30731;137815;11;7;7050502;2020;4;14;7;3;6;4;0;0;1;1;0;0;0;0;797910,5944;5818566,038;13,38331441;52,43592986
30732;137816;11;11;11030721;2020;4;11;3;3;5;3;0;0;1;0;0;0;0;0;804251,2887;5828690,842;13,4855398;52,52318567
30733;137817;11;3;3040508;2020;4;17;1;3;3;6;0;1;0;0;0;0;0;0;796265,9944;5837341,488;13,37591605;52,60512684
30734;137818;11;1;1044101;2020;4;14;6;3;5;2;0;1;1;0;0;0;0;0;794020,3428;5830176,297;13,33649774;52,54211524
30735;137819;11;12;12103220;2020;4;13;7;3;6;4;0;0;1;1;0;0;0;0;793845,5456;5833399,924;13,3367815;52,57110728
30736;137820;11;2;2050802;2020;4;11;3;3;0;3;0;0;1;0;1;0;0;0;802545,3149;5827381,978;13,45928161;52,51240367
30737;137821;11;9;9041601;2020;4;20;1;2;0;7;2;0;0;0;1;0;0;1;817009,4965;5817089,961;13,66194818;52,41197016
30738;137822;11;8;8020619;2020;3;11;2;2;0;7;0;1;0;0;0;0;0;0;801814,7111;5820916,25;13,4426945;52,45485516
30739;137823;11;5;5030730;2020;4;10;3;3;5;3;0;0;1;0;1;0;0;0;785966,9788;5829204,803;13,21723738;52,53769163
30740;137824;11;4;4010101;2020;3;11;2;2;8;1;0;0;1;0;0;0;0;0;791213,3538;5829720,853;13,29482535;52,53953975
30741;137825;11;11;11041128;2020;4;10;3;3;9;1;0;0;1;0;0;0;0;0;806992,6231;5826008,698;13,52334487;52,49761148
30742;137826;11;7;7050503;2020;4;17;5;3;0;3;0;0;1;0;1;0;0;0;798382,4939;5819892,922;13,39142034;52,44756665
30743;137827;11;4;4030827;2020;4;9;3;2;6;4;0;1;0;1;0;0;0;0;792413,4249;5826224,566;13,30939558;52,50755394
30744;137828;11;10;10010203;2020;3;9;2;3;5;2;0;1;1;0;0;0;0;0;808064,7464;5832312,521;13,54492769;52,55350158
30745;137829;11;9;9030901;2020;4;9;3;3;1;5;0;1;1;0;0;0;0;0;807908,1057;5817697,725;13,52912266;52,42261195
30746;137830;11;12;12304313;2020;4;7;3;2;5;3;0;0;1;0;0;0;0;0;792387,1303;5835224,843;13,31693349;52,58825225
30747;137831;11;2;2010104;2020;4;13;7;2;5;2;0;0;1;0;1;0;0;0;799070,8547;5825608,174;13,40664295;52,49842015
30748;137832;11;1;1044202;2020;4;16;2;3;3;6;0;1;1;0;0;1;0;0;795638,5632;5830644,398;13,36070651;52,54543573
30749;137833;11;9;9051901;2020;4;15;1;2;5;2;0;1;1;0;0;0;0;0;810515,2102;5821126,045;13,57052409;52,45186247
30750;137834;11;11;11030720;2020;4;13;2;3;0;1;0;0;0;0;1;0;0;1;805136,599;5829983,673;13,49973463;52,53427786
30751;137835;11;11;11030721;2020;4;13;2;3;5;3;0;1;1;0;0;0;0;0;804746,5441;5827955,861;13,49214362;52,51632181
30752;137836;11;1;1022104;2020;3;9;2;2;0;1;0;0;0;0;1;0;0;0;793881,8822;5829141,5;13,33354677;52,5329136
30753;137837;11;12;12231101;2020;4;13;2;2;6;4;0;1;0;1;0;0;0;0;792747,2363;5838414,389;13,3250545;52,61665102
30754;137838;11;8;8010510;2020;4;14;5;2;5;7;0;0;1;0;1;0;0;0;802331,825;5822098,879;13,45135252;52,46516943
30755;137839;11;1;1033101;2020;4;12;2;3;5;2;0;1;1;0;0;0;0;0;797421,3474;5832531,171;13,38860952;52,56137797