;OBJECTID;LAND;BEZ;LOR;UJAHR;UMONAT;USTUNDE;UWOCHENTAG;UKATEGORIE;UART;UTYP1;ULICHTVERH;IstRad;IstPKW;IstFuss;IstKrad;IstGkfz;IstSonstige;USTRZUSTAND;LINREFX;LINREFY;XGCSWGS84;YGCSWGS84
30756;137840;11;8;8030829;2020;4;11;2;3;0;6;0;0;1;0;0;0;1;0;802919,2999;5818294,439;13,456524;52,43074469
30757;137841;11;6;6030606;2020;3;8;2;3;5;7;0;1;1;0;0;0;0;0;793677,978;5819140,834;13,32173652;52,4433718
30758;137842;11;12;12214126;2020;4;11;2;3;5;3;0;0;1;0;0;0;0;0;790219,2357;5834014,985;13,28396386;52,57856694
30759;137843;11;12;12301203;2020;4;16;5;3;6;7;0;0;1;1;0;0;0;0;793597,2015;5834903,13;13,33445897;52,58471655
30760;137844;11;7;7070704;2020;3;8;2;3;5;2;0;1;1;0;0;0;0;0;800543,1322;5814125,739;13,41793665;52,39468884
30761;137845;11;2;2050601;2020;4;20;2;3;6;4;1;0;0;1;0;0;1;0;801969,3134;5829037,068;13,4523221;52,52755745
30762;137846;11;6;6030609;2020;4;16;3;3;6;2;0;0;1;1;0;0;0;0;793263,5378;5819084,398;13,31560692;52,4430883
30763;137847;11;12;12302211;2020;4;12;7;3;5;3;0;1;1;0;0;0;0;0;792920,2742;5837068,656;13,32641166;52,60449413
30764;137848;11;10;10010308;2020;4;11;2;3;5;2;0;1;1;0;0;0;0;0;807184,7707;5829119,681;13,52903774;52,52538429
30765;137849;11;7;7030303;2020;4;18;7;2;0;5;0;1;1;0;0;0;0;0;795305,2526;5821757,307;13,34792258;52,46595048
30766;137850;11;5;5010209;2020;4;11;2;3;5;3;0;1;1;0;0;0;0;0;782907,2657;5830341,252;13,17321363;52,54947845
30767;137851;11;5;5030730;2020;4;19;2;3;6;4;1;0;1;1;0;0;0;0;786496,5904;5831386,528;13,22690681;52,55697405
30768;137852;11;7;7040405;2020;3;10;2;1;4;6;0;0;0;0;1;1;0;0;798898,3764;5821379,927;13,40031949;52,460614
30769;137853;11;12;12103218;2020;4;8;5;3;0;3;0;1;0;0;0;0;1;0;794569,8949;5832978,404;13,34706419;52,56693717
30770;137854;11;11;11020515;2020;4;11;2;3;5;2;0;0;1;0;0;0;0;0;805033,3674;5830423,664;13,49862126;52,53827902
30771;137855;11;7;7050501;2020;4;7;5;3;6;4;0;0;1;1;0;0;0;0;797691,3323;5819588,489;13,38100929;52,44521448
30772;137856;11;11;11040925;2020;4;16;6;3;5;3;0;1;1;0;0;0;0;0;803782,627;5826622,634;13,47676528;52,50491023
30773;137857;11;5;5010207;2020;3;17;1;3;1;5;0;1;1;0;0;0;0;0;783336,1904;5830768,014;13,17988668;52,55308192
30774;137858;11;4;4041136;2020;4;10;2;3;6;2;0;0;1;1;0;0;0;0;790662,722;5822761,981;13,28065259;52,47744716
30775;137859;11;9;9031101;2020;4;9;2;3;0;7;0;0;1;0;1;0;0;1;811032,2556;5818083,726;13,57527743;52,42430453
30776;137860;11;7;7010102;2020;3;0;1;3;5;2;2;0;1;0;0;0;0;0;794958,1529;5825654,926;13,34627672;52,50107765
30777;137861;11;5;5020625;2020;4;10;2;3;1;5;0;0;1;0;1;0;0;0;784389,4796;5828603,193;13,19352663;52,53312312
30778;137862;11;4;4020310;2020;4;15;3;3;2;6;0;0;1;0;0;0;0;0;789609,4492;5828391,873;13,27008448;52,52848004
30779;137863;11;2;2040503;2020;4;6;2;3;5;2;0;0;1;0;1;0;0;0;801466,6474;5828625,394;13,44456169;52,52414576
30780;137864;11;7;7050505;2020;4;18;2;3;5;2;1;0;1;0;1;0;0;0;799174,5995;5819063,45;13,40229811;52,43969863
30781;137865;11;10;10010203;2020;4;18;2;3;5;3;0;1;1;0;0;0;0;0;807546,3716;5831668,483;13,53670962;52,5480227
30782;137866;11;4;6040703;2020;3;11;7;3;0;1;0;1;0;0;0;0;0;0;785047,0605;5821462,188;13,19708216;52,46875318
30783;137867;11;1;1011301;2020;4;17;5;3;2;6;0;0;1;0;1;0;0;0;797083,8674;5828992,63;13,38048064;52,52984337
30784;137868;11;1;1044103;2020;4;2;2;3;8;1;2;0;1;0;0;0;0;0;795157,5448;5830614,472;13,35360712;52,54542829
30785;137869;11;2;2030301;2020;4;19;4;2;5;3;1;0;1;0;0;0;0;0;800213,601;5826108,907;13,42387765;52,50228099
30786;137870;11;1;1044101;2020;4;15;6;3;2;6;0;0;1;0;1;0;0;0;794425,4485;5829907,683;13,34221595;52,53948855
30787;137871;11;6;6040804;2020;4;11;7;3;0;2;0;1;1;0;0;0;0;0;787649,8886;5818150,111;13,23244056;52,43769378
30788;137872;11;12;12302110;2020;4;18;2;3;5;7;0;0;1;0;1;0;0;0;795319,9311;5836371,469;13,36112128;52,59694636
30789;137873;11;6;6030503;2020;4;10;1;3;1;5;0;1;1;0;0;0;0;0;790975,8604;5818625,543;13,28164485;52,44019674
30790;137874;11;4;4020311;2020;4;9;7;3;5;3;0;0;1;0;0;0;0;0;789453,4208;5826661,624;13,26628517;52,51305085
30791;137875;11;2;2020203;2020;4;2;2;2;5;3;2;1;1;0;0;0;0;0;797801,6081;5824910,423;13,38737724;52,49285972
30792;137876;11;3;3051022;2020;4;17;2;3;2;6;0;0;1;0;0;0;0;0;803465,5696;5831765,92;13,47680259;52,55118452
30793;137877;11;5;5030730;2020;4;16;2;3;0;6;0;0;1;0;0;0;1;0;785448,6753;5829251,57;13,20965643;52,53838268
30794;137878;11;4;4030518;2020;4;17;2;3;5;7;0;1;1;0;0;0;0;0;791932,0421;5828573,233;13,30438409;52,52886707
30795;137879;11;6;6040807;2020;4;15;2;3;1;5;0;0;1;0;0;0;0;0;789914,8722;5818894,558;13,26631312;52,44317207
30796;137880;11;9;9020501;2020;4;15;2;3;5;2;0;1;0;0;0;1;0;0;806554,9536;5822318,83;13,51352528;52,46478781
30797;137881;11;1;1011303;2020;3;13;7;3;0;2;0;0;0;0;1;0;1;0;799113,834;5828309,341;13,4097017;52,52260864
30798;137882;11;10;10040933;2020;4;11;5;3;2;2;0;0;1;0;0;0;1;0;812400,3633;5824665,78;13,60148889;52,48250899
30799;137883;11;6;6040806;2020;4;14;2;3;8;1;0;0;1;0;0;0;0;0;789494,3745;5819660,738;13,26080772;52,45026397
30800;137884;11;4;4030931;2020;4;15;4;3;5;2;0;0;1;0;0;0;0;0;793981,94;5826174,861;13,33239581;52,50626539
30801;137885;11;1;1022104;2020;4;19;6;3;5;3;0;1;1;0;0;0;0;0;794053,3612;5828530,044;13,33552666;52,52733977
30802;137886;11;9;9010101;2020;4;13;2;2;5;2;0;0;1;0;1;0;0;0;802359,9734;5825338,753;13,45470346;52,49419303
30803;137887;11;2;2030302;2020;4;19;1;3;5;3;1;0;1;0;1;0;0;0;800812,6862;5826156,163;13,43271964;52,50237464
30804;137888;11;6;6040808;2020;3;15;7;2;5;3;0;1;1;0;0;0;0;0;790166,551;5819757,978;13,27075556;52,45077939
30805;137889;11;9;9010301;2020;4;17;1;3;3;6;0;1;1;0;0;0;0;0;804457,6726;5821727,937;13,48221021;52,46066442
30806;137890;11;5;5020626;2020;3;16;7;3;5;3;0;1;0;0;0;0;0;0;784769,6398;5826817,377;13,19758669;52,51691298
30807;137891;11;4;4041136;2020;4;14;1;3;5;3;0;1;0;0;1;0;0;0;789613,0354;5823370,986;13,26576926;52,48346473
30808;137892;11;1;1022206;2020;4;17;5;3;5;2;0;1;1;0;0;0;0;0;795946,6745;5828332,571;13,36317826;52,52454513
30809;137893;11;7;7040406;2020;3;18;7;3;1;5;0;0;1;0;0;0;0;0;800279,3606;5821515,443;13,42070639;52,46107164
30810;137894;11;4;4030519;2020;4;14;1;3;0;3;0;0;1;0;1;0;0;0;792333,4364;5828249,571;13,30999969;52,52575043
30811;137895;11;8;8020622;2020;4;18;3;3;5;3;0;1;1;0;0;0;0;0;802628,8923;5819291,19;13,45316785;52,43983943
30812;137896;11;6;6020410;2020;4;7;7;3;0;1;0;0;0;0;1;0;0;0;794098,4028;5817424,4;13,32639426;52,42775864
30813;137897;11;6;6040701;2020;3;18;7;2;0;6;1;1;0;0;0;0;1;0;781834,1351;5813445,274;13,14315123;52,3985347
30814;137898;11;6;6040701;2020;4;13;1;3;5;2;0;1;1;0;0;0;0;0;781668,1168;5813210,633;13,14052029;52,39651611
30815;137899;11;3;3061131;2020;4;11;3;3;6;2;0;0;1;1;0;0;0;0;799184,1028;5830843,449;13,41301535;52,54528451
30816;137900;11;11;11010207;2020;4;8;5;3;6;4;0;0;1;1;0;0;0;0;805508,5865;5834600,482;13,50945046;52,57544662
30817;137901;11;10;10040933;2020;4;12;1;3;1;3;0;1;1;0;0;0;1;0;813234,1247;5826400,543;13,61535706;52,49757667
30818;137902;11;1;1011402;2020;4;15;1;3;0;1;0;1;0;0;0;0;0;0;798556,8736;5829215,31;13,40233049;52,53103465
30819;137903;11;4;4010102;2020;4;12;1;3;2;6;0;0;1;0;0;0;0;0;793340,8289;5829719,525;13,32610341;52,53838676
30820;137904;11;2;2050801;2020;4;19;1;3;0;1;1;1;0;0;0;0;0;0;803189,5087;5827266,803;13,46864026;52,51101371
30821;137905;11;1;1011302;2020;3;12;7;3;1;5;0;0;1;0;0;0;0;0;798654,151;5828766,768;13,40335736;52,52696081
30822;137906;11;8;8010118;2020;4;19;1;3;5;7;1;1;1;0;0;0;0;0;800838,042;5822556,376;13,42984299;52,47009464
30823;137907;11;1;1011103;2020;4;15;5;3;5;2;0;0;1;0;0;0;0;0;795196,8042;5825885,089;13,34998633;52,50301183
30824;137908;11;12;12103116;2020;3;12;7;2;5;3;0;0;1;0;1;0;0;0;795970,5227;5833230,416;13,36789343;52,56843653
30825;137909;11;8;8010213;2020;4;17;1;3;5;3;0;1;1;0;0;0;0;0;801143,484;5822843,549;13,43458523;52,47250038
30826;137910;11;1;1044103;2020;4;15;3;3;2;6;0;0;1;0;0;0;0;0;794911,3096;5831089,81;13,35040861;52,54982265
30827;137911;11;2;2050602;2020;4;16;7;3;3;6;0;0;1;0;1;0;0;0;802227,2768;5827740,945;13,4549354;52,51579739
30828;137912;11;12;12214125;2020;4;17;7;3;2;6;0;0;1;0;0;0;1;0;792671,611;5832100,918;13,31836335;52,56009478
30829;137913;11;12;12301203;2020;4;10;7;3;5;2;0;1;0;0;0;0;1;0;793005,8446;5835639,755;13,32640716;52,59163878
30830;137914;11;9;9041403;2020;4;13;7;3;0;5;0;0;1;0;0;0;0;0;812467,2669;5819846,762;13,59796022;52,43928622
30831;137915;11;8;8020622;2020;3;12;7;3;5;2;0;1;1;0;0;0;0;0;801304,2086;5819926,423;13,4343115;52,44626466
30832;137916;11;12;12103115;2020;4;17;7;3;1;6;0;1;1;0;0;0;0;0;795511,4706;5833438,777;13,3613258;52,57055368
30833;137917;11;1;1033101;2020;4;21;7;3;2;6;2;0;1;0;1;0;0;0;796665,7813;5831973,027;13,37699724;52,55678703
30834;137918;11;11;11030619;2020;4;18;7;2;5;2;0;1;1;0;0;0;0;0;803555,4404;5829758,647;13,47628991;52,53314391
30835;137919;11;3;3061435;2020;4;17;7;3;4;6;0;1;0;0;0;0;0;0;802053,0513;5829075,29;13,45358742;52,52785363
30836;137920;11;6;6010208;2020;3;10;7;3;5;2;0;0;1;0;1;0;0;0;794756,3919;5820284,508;13,3385662;52,45304402
30837;137921;11;12;12103220;2020;4;16;7;2;1;7;0;0;1;0;1;0;0;0;793688,0445;5833531,881;13,33458108;52,5723752
30838;137922;11;9;9051901;2020;4;11;5;3;5;3;0;0;1;0;0;0;0;0;810608,0836;5822102,958;13,57279511;52,46056445
30839;137923;11;4;4030724;2020;4;18;6;3;0;3;0;1;1;0;0;0;0;0;790676,8229;5825982,704;13,28366945;52,50631371
30840;137924;11;12;12214422;2020;3;7;7;3;5;3;0;0;1;0;0;0;0;0;792184,1767;5832949,729;13,31194095;52,56796583
30841;137925;11;2;2040502;2020;4;16;7;2;5;3;0;1;1;0;0;0;0;0;800759,3318;5828456,807;13,43401517;52,5230253
30842;137926;11;4;4030415;2020;4;12;3;3;6;2;0;0;1;1;0;0;0;0;790596,4222;5827341,165;13,28367445;52,5185352
30843;137927;11;6;6020304;2020;4;23;6;3;1;5;2;1;1;0;0;0;0;0;794784,898;5818004,459;13,33697305;52,43258914
30844;137928;11;9;9020601;2020;4;16;7;3;2;6;0;0;1;0;0;0;0;0;806789,2691;5821064,957;13,51581134;52,4534187
30845;137929;11;2;2050802;2020;4;15;7;3;2;1;0;1;1;0;0;0;0;0;802077,2251;5827158,132;13,45220181;52,51065676
30846;137930;11;11;11041128;2020;4;15;7;3;0;1;0;1;0;0;0;0;0;0;806881,52;5826302,283;13,52198388;52,50030512
30847;137931;11;8;8020623;2020;3;2;7;2;1;5;2;0;1;0;1;0;0;0;803651,8112;5819475,155;13,46833757;52,44092131
30848;137932;11;10;10020414;2020;4;11;5;3;3;6;0;0;0;0;0;1;1;0;812226,1928;5830727,573;13,6046183;52,53692936
30849;137933;11;2;2040502;2020;4;14;7;3;5;2;0;1;1;0;0;0;0;0;800454,8023;5828446,591;13,42953093;52,52310162
30850;137934;11;4;4030930;2020;4;17;4;3;6;7;0;1;0;1;0;0;0;0;792964,4169;5825791,236;13,31710939;52,50337368
30851;137935;11;7;7020204;2020;4;15;6;3;5;2;0;1;1;0;0;0;0;0;796618,1449;5823969,671;13,36915965;52,48507115
30852;137936;11;4;4061757;2020;4;13;7;3;5;7;0;1;0;0;0;0;0;0;788445,679;5825026,936;13,25006007;52,49892905
30853;137937;11;7;7050502;2020;4;2;1;2;1;1;2;0;1;0;0;0;0;0;797885,448;5818024,619;13,38246321;52,43109028
30854;137938;11;10;10040931;2020;4;11;5;3;5;3;0;1;1;0;0;0;0;0;815210,9903;5829127,087;13,6469633;52,52087011
30855;137939;11;5;5020628;2020;4;13;7;3;2;6;0;0;1;0;0;0;0;0;783999,391;5826835,843;13,18628174;52,51748022
30856;137940;11;5;5010208;2020;4;21;4;2;0;3;2;1;0;0;0;0;1;0;783713,595;5830622,035;13,18531341;52,5515766
30857;137941;11;4;4031032;2020;4;16;6;3;2;6;0;0;1;0;0;0;0;0;791392,5993;5825055,035;13,29337383;52,49761538
30858;137942;11;2;2040701;2020;4;13;7;3;2;2;0;1;1;0;0;0;0;0;800717,9839;5827873,023;13,43287981;52,51781551
30859;137943;11;9;9010202;2020;4;12;1;3;5;2;0;0;1;0;0;0;0;0;804286,6753;5824085,174;13,4818512;52,48188694
30860;137944;11;9;9051801;2020;4;10;7;3;0;1;0;1;0;0;0;0;0;0;819192,6108;5819986,241;13,69669974;52,43665276
30861;137945;11;6;6020305;2020;4;9;7;3;1;5;0;1;1;0;0;0;0;0;796126,7741;5817729,137;13,35640954;52,42939632
30862;137946;11;8;8010405;2020;4;15;6;3;3;6;0;1;0;0;0;0;0;0;801892,0749;5824109,869;13,44671923;52,48343739
30863;137947;11;6;6010102;2020;3;10;6;3;0;3;0;0;1;0;0;0;1;0;793427,6748;5820322,194;13,3191022;52,45409674
30864;137948;11;6;6030609;2020;4;11;5;3;2;6;0;0;1;0;0;0;0;0;792557,9325;5818594,656;13,3048265;52,43907579
30865;137949;11;2;2020204;2020;4;9;6;3;5;2;0;1;1;0;0;0;0;0;797957,7105;5824867,636;13,38963143;52,492391
30866;137950;11;6;6030610;2020;4;13;4;2;5;2;0;0;1;0;0;0;0;0;792934,8807;5817747,518;13,30961374;52,43127955
30867;137951;11;6;6010208;2020;4;11;5;3;0;3;0;1;0;0;0;0;1;0;793943,0841;5820706,346;13,32700346;52,4572636
30868;137952;11;2;2020206;2020;4;21;6;3;5;3;2;1;1;0;0;0;0;0;800275,0187;5824790,507;13,42359132;52,49042987
30869;137953;11;10;10020413;2020;4;18;1;3;5;2;0;0;1;0;0;0;0;0;811288,9944;5831563,416;13,59162817;52,54495564
30870;137954;11;1;1011202;2020;4;11;6;3;6;7;0;0;0;1;0;0;1;0;798162,2851;5827994,832;13,39543644;52,52031064
30871;137955;11;6;6020410;2020;3;10;6;3;0;6;0;0;1;0;0;0;1;0;794409,9089;5817629,127;13,33114275;52,4294264
30872;137956;11;3;3071639;2020;3;9;6;3;0;5;0;1;1;0;0;0;0;0;800493,7353;5829478,276;13,43103542;52,53232742
30873;137957;11;1;1011303;2020;4;11;6;3;1;5;0;1;1;0;0;0;0;0;799143,2628;5828575,639;13,41037369;52,52497947
30874;137958;11;11;11040926;2020;3;7;6;3;5;2;0;0;1;0;0;0;0;0;805562,728;5827266,609;13,50350146;52,50968783
30875;137959;11;8;8030831;2020;4;10;6;3;5;3;0;1;1;0;0;0;0;0;803327,481;5817314,291;13,46162055;52,42173343
30876;137960;11;1;1044103;2020;4;18;5;3;5;3;0;0;1;0;0;0;1;0;794663,8144;5830823,312;13,34653262;52,54756764
30877;137961;11;8;8020625;2020;4;21;6;3;5;3;2;0;1;0;0;0;0;0;801761,7155;5819079,085;13,44025756;52,43841744
30878;137962;11;9;9051801;2020;3;15;6;3;7;7;0;1;0;0;0;0;0;0;817730,0927;5820907,268;13,67613335;52,44575694
30879;137963;11;11;11041128;2020;4;9;6;3;6;4;0;0;1;1;0;0;0;0;805944,8496;5826126,099;13,50806642;52,49925202
30880;137964;11;3;3010101;2020;4;8;3;3;2;6;0;0;1;0;0;0;0;0;803015,871;5842073,109;13,47962233;52,6438142
30881;137965;11;6;6020306;2020;4;20;5;3;5;3;2;0;1;0;0;0;0;0;795684,1131;5816889,491;13,34917557;52,42210883
30882;137966;11;12;12224230;2020;4;9;6;3;5;3;0;0;1;0;0;0;0;0;786284,8755;5838935,636;13,23031697;52,6247675
30883;137967;11;5;5040938;2020;4;15;1;3;5;3;0;1;0;1;0;0;0;0;781176,3653;5819400,927;13,13851561;52,45227637
30884;137968;11;6;6020301;2020;4;8;6;3;6;4;0;0;1;1;0;0;0;0;796470,2499;5818342,707;13,36199066;52,43471048
30885;137969;11;2;2010103;2020;4;18;6;3;6;4;0;1;0;1;0;0;0;0;798993,6915;5826329,335;13,40615715;52,50492662
30886;137970;11;8;8010509;2020;3;13;6;3;2;6;0;0;1;0;0;0;0;0;803683,7912;5822272,17;13,47135007;52,46597289
30887;137971;11;6;6020410;2020;4;15;6;2;5;3;0;1;1;0;0;0;0;0;794406,9609;5817395,496;13,33089385;52,42733357
30888;137972;11;7;7040405;2020;4;14;5;3;5;3;0;0;1;0;0;0;0;0;799074,228;5821704,817;13,40319114;52,46343
30889;137973;11;12;12304313;2020;3;12;6;3;5;2;0;0;1;0;1;0;0;0;792353,9546;5834071,954;13,31542814;52,57793495
30890;137974;11;5;5020625;2020;4;12;6;3;3;6;0;0;1;0;1;0;0;0;784842,5148;5828556,595;13,20014753;52,53246875
30891;137975;11;4;4051655;2020;4;15;3;3;5;3;0;0;1;0;0;0;0;0;794186,1952;5823700,691;13,3332116;52,48397568
30892;137976;11;9;9010301;2020;4;7;6;2;6;4;0;0;1;1;0;0;0;0;804850,7284;5822444,259;13,48863176;52,46686545
30893;137977;11;1;1044103;2020;4;16;5;3;5;2;0;1;1;0;0;0;0;0;794597,1394;5830737,058;13,34547567;52,54683049
30894;137978;11;2;2010103;2020;3;11;6;3;7;7;0;1;0;0;0;0;0;0;798720,5542;5825885,925;13,40174715;52,50110166
30895;137979;11;3;3061429;2020;4;15;5;3;5;3;0;0;1;0;0;0;0;0;801903,643;5830333,148;13,45253422;52,53921057
30896;137980;11;3;3061227;2020;4;17;3;3;0;1;0;1;0;0;0;0;0;0;799902,4258;5831654,472;13,42430887;52,55215904
30897;137981;11;2;2040701;2020;4;16;5;3;5;2;0;0;1;0;1;0;0;0;800362,6509;5827844,95;13,42763351;52,5177597
30898;137982;11;8;8041037;2020;4;21;7;3;5;3;2;0;1;0;0;0;1;0;805315,2602;5817669,723;13,49108581;52,42381372
30899;137983;11;1;1044101;2020;4;14;5;2;2;7;0;0;1;0;0;0;0;0;794502,5972;5831578,661;13,34483193;52,55442596
30900;137984;11;1;1011402;2020;4;16;5;3;5;3;0;0;1;0;0;0;0;0;798516,6547;5830055,419;13,40249392;52,53858706
30901;137985;11;10;10030726;2020;3;11;6;3;2;6;0;1;1;0;0;0;0;0;809486,5203;5827233,01;13,56110276;52,50717497
30902;137986;11;3;3051021;2020;4;16;5;3;1;5;0;1;1;0;0;0;0;0;803154,7185;5832516,374;13,47291733;52,5580837
30903;137987;11;12;12301204;2020;4;7;5;3;0;2;0;0;1;0;0;0;1;0;792831,5201;5836810,62;13,32487655;52,60222879
30904;137988;11;1;1011402;2020;4;17;6;3;6;6;0;1;0;1;0;0;0;0;798815,7117;5829369,056;13,4062731;52,53227092
30905;137989;11;1;1044201;2020;3;9;6;3;2;6;0;0;1;0;0;0;0;0;796937,529;5831900,886;13,38092932;52,55599227
30906;137990;11;11;11040926;2020;4;12;5;3;5;2;0;1;1;0;0;0;0;0;804467,6145;5826384,245;13,4866082;52,50239184
30907;137991;11;11;11041128;2020;4;10;2;3;5;3;0;0;1;0;0;0;0;0;807070,5107;5825813,138;13,52430834;52,49581502
30908;137992;11;6;6020306;2020;4;18;5;3;5;3;0;0;1;0;0;0;0;0;796880,8037;5817491,449;13,36725636;52,42685699
30909;137993;11;7;7040404;2020;4;17;5;3;5;2;0;1;1;0;0;0;0;0;796703,4448;5820024,218;13,36690385;52,44965738
30910;137994;11;7;7040401;2020;4;17;5;3;1;5;0;1;1;0;0;0;0;0;797781,2302;5822600,453;13,38501466;52,47216457
30911;137995;11;1;1033203;2020;4;17;5;3;5;2;0;1;1;0;0;0;0;0;796660,8716;5830370,279;13,37549316;52,54242286
30912;137996;11;12;12103218;2020;4;16;5;3;9;1;0;0;1;0;0;0;0;0;794440,4149;5832954,516;13,34513818;52,56679308
30913;137997;11;5;5010103;2020;3;9;6;2;5;3;0;1;1;0;0;0;0;0;785187,9982;5831661,923;13,20789352;52,56013009
30914;137998;11;9;9010402;2020;4;10;5;3;6;4;0;1;0;1;0;0;0;0;806515,4455;5820582,246;13,51135136;52,44924607
30915;137999;11;4;4051654;2020;4;9;5;3;5;3;0;0;1;0;0;0;0;0;793424,5016;5823690,977;13,32201842;52,48429847
30916;138000;11;9;9020502;2020;4;19;4;2;5;2;0;1;1;0;0;0;0;0;807085,0898;5821915,458;13,5209332;52,46087501
30917;138001;11;9;9010301;2020;4;16;6;3;2;6;0;0;1;0;0;0;0;0;804918,791;5822551,324;13,48972841;52,46778705
30918;138002;11;1;1033203;2020;4;19;6;3;5;3;0;1;1;0;0;0;0;0;796939,7077;5830138,399;13,37938546;52,54019244
30919;138003;11;7;7060604;2020;4;7;5;3;0;3;0;1;0;0;0;0;1;0;796185,7238;5815928,686;13,35568019;52,4132246
30920;138004;11;3;3020203;2020;4;12;1;2;0;7;0;1;0;0;0;0;0;0;796422,101;5840461,478;13,38101097;52,63300851
30921;138005;11;1;1044203;2020;4;18;6;3;0;7;0;1;0;0;0;0;0;0;795751,7832;5831898,472;13,36348829;52,55661586
30922;138006;11;1;1033203;2020;4;16;4;2;6;4;0;0;1;1;0;0;0;0;796575,5492;5830993,778;13,37479544;52,5480583
30923;138007;11;9;9020802;2020;4;16;4;3;0;6;0;1;0;0;0;0;0;0;810111,7038;5820420,031;13,56394989;52,44576441
30924;138008;11;8;8020622;2020;4;20;4;3;5;3;2;0;1;0;0;0;1;0;802566,7343;5819920,142;13,45282567;52,44551119
30925;138009;11;9;9020502;2020;3;21;5;3;0;1;2;1;0;0;0;0;0;0;808347,8271;5821632,291;13,53919857;52,45762627
30926;138010;11;7;7060601;2020;4;14;3;3;2;5;0;0;1;0;0;0;0;0;796410,1169;5816606,616;13,35957014;52,4191803
30927;138011;11;11;11030824;2020;4;17;7;3;5;3;0;0;1;0;0;0;0;0;804256,0468;5827060,344;13,48411878;52,50856949
30928;138012;11;11;11010310;2020;4;13;5;3;2;6;0;0;1;0;1;0;0;0;805276,0375;5833196,207;13,50473705;52,5629916
30929;138013;11;3;3061435;2020;4;18;1;3;5;3;0;1;0;0;0;0;0;0;802198,1874;5829173,852;13,45580992;52,52865661
30930;138014;11;1;1044103;2020;4;7;4;3;1;5;0;1;1;0;0;0;0;0;794899,6251;5830870,932;13,35004241;52,54786691
30931;138015;11;1;1011103;2020;4;19;7;3;5;2;0;0;1;0;0;0;0;0;795171,6981;5825892,439;13,34962404;52,50309131
30932;138016;11;4;4051447;2020;4;15;5;3;5;3;0;1;1;0;0;0;0;0;793363,9029;5824955,067;13,32224146;52,49566311
30933;138017;11;8;8010117;2020;4;20;3;3;4;7;0;0;1;0;1;0;0;1;800307,4808;5823278,153;13,4227056;52,47685616
30934;138018;11;3;3030711;2020;4;19;7;3;0;1;0;0;0;0;1;0;0;0;801823,4245;5837456,329;13,45783755;52,60309937
30935;138019;11;1;1011402;2020;4;15;5;3;3;6;0;1;0;0;0;0;0;0;798244,3842;5829634,233;13,39811337;52,53496078
30936;138020;11;8;8020727;2020;4;11;2;3;0;3;0;1;0;0;0;0;1;0;801195,9521;5817156,971;13,43022853;52,42150062
30937;138021;11;1;1044201;2020;4;15;4;3;0;5;0;0;1;0;1;0;0;0;796622,763;5831291,963;13,37575604;52,55070549
30938;138022;11;12;12103219;2020;4;11;4;2;6;2;0;0;1;1;0;0;0;0;794308,9127;5832559,791;13,34285347;52,56332578
30939;138023;11;4;4051653;2020;4;21;2;3;0;1;2;1;1;0;0;0;0;0;794125,3046;5824528,09;13,33304772;52,49142571
30940;138024;11;1;1011201;2020;4;22;4;3;5;3;2;0;1;0;0;0;0;0;797904,5456;5826564,765;13,39036878;52,50763273
30941;138025;11;2;2030302;2020;4;18;1;3;5;2;0;1;1;0;0;0;0;0;801185,7975;5825936,796;13,43800143;52,50020259
30942;138026;11;1;1044202;2020;4;14;7;3;2;2;0;1;1;0;0;0;0;0;795875,9402;5830448,663;13,36402246;52,5435523
30943;138027;11;5;5010314;2020;4;21;4;3;5;2;2;0;1;0;0;0;0;0;784984,1859;5829498,995;13,20303865;52,54084419
30944;138028;11;2;2010103;2020;4;11;6;3;2;6;0;0;1;0;1;0;0;0;799233,297;5826008,419;13,40938837;52,50191872
30945;138029;11;4;4030518;2020;4;14;3;3;5;3;0;0;1;0;0;0;0;0;791910,098;5828207,915;13,3037408;52,52560382
30946;138030;11;4;4030931;2020;4;8;5;3;1;5;0;1;1;0;0;0;0;0;793878,8611;5826072,418;13,33079103;52,50540258
30947;138031;11;3;3020203;2020;4;12;5;3;5;2;0;1;1;0;0;0;0;0;796368,873;5840580,848;13,38033385;52,63410756
30948;138032;11;8;8010301;2020;4;14;2;3;3;6;0;1;1;0;0;0;0;0;801368,7391;5823941,618;13,43888381;52,4822184
30949;138033;11;8;8010404;2020;4;22;4;3;5;3;2;0;1;0;0;0;1;1;801998,1851;5823293,242;13,44753744;52,47605918
30950;138034;11;8;8020622;2020;4;12;5;3;5;3;0;0;1;0;1;0;0;0;801239,9878;5819770,559;13,4332289;52,44490298
30951;138035;11;12;12103218;2020;4;14;5;3;2;6;0;0;1;0;1;0;0;0;794178,1255;5835404,768;13,34345393;52,58889954
30952;138036;11;4;4031032;2020;4;15;2;3;0;3;0;0;1;0;0;0;1;0;791837,054;5824680,551;13,29957432;52,49402069
30953;138037;11;4;4030724;2020;4;18;4;3;5;2;0;1;1;0;0;0;0;1;791172,081;5826050,025;13,29100467;52,50665314