;OBJECTID;LAND;BEZ;LOR;UJAHR;UMONAT;USTUNDE;UWOCHENTAG;UKATEGORIE;UART;UTYP1;ULICHTVERH;IstRad;IstPKW;IstFuss;IstKrad;IstGkfz;IstSonstige;USTRZUSTAND;LINREFX;LINREFY;XGCSWGS84;YGCSWGS84
30954;138038;11;4;4020310;2020;4;16;2;3;5;2;0;1;1;0;0;0;0;0;790256,9267;5827985,697;13,2792476;52,52449428
30955;138039;11;10;10010308;2020;4;20;4;3;5;3;0;1;1;0;0;0;0;0;806521,948;5829883,102;13,52000218;52,53259923
30956;138040;11;8;8010214;2020;4;17;1;2;5;3;0;0;1;0;1;0;0;0;801750,3111;5822055,075;13,44277903;52,46509825
30957;138041;11;5;5020628;2020;4;16;7;3;0;3;0;1;0;0;0;0;1;0;783765,6323;5826928,684;13,1829252;52,51843434
30958;138042;11;1;1044103;2020;4;20;4;3;2;6;0;0;1;0;0;0;0;0;794781,7103;5830964,794;13,34839182;52,54877213
30959;138043;11;7;7050501;2020;4;12;6;3;5;2;0;1;0;0;0;1;0;0;798007,1037;5819646,392;13,38569325;52,44556151
30960;138044;11;7;7010104;2020;4;18;2;3;0;1;0;1;0;0;0;0;0;0;796689,5337;5824573,171;13,37074513;52,49044217
30961;138045;11;5;5010314;2020;4;18;5;3;6;4;0;0;1;1;0;0;0;0;784212,9272;5828954,625;13,19123136;52,53636618
30962;138046;11;4;4030417;2020;4;14;2;3;2;6;0;1;1;0;0;0;0;0;791180,4164;5826530,399;13,29154737;52,51095522
30963;138047;11;9;9041301;2020;4;9;4;3;0;5;0;1;1;0;0;0;0;0;811626,7737;5818892,767;13,58474619;52,43121653
30964;138048;11;4;4051549;2020;4;14;2;3;5;2;0;1;1;0;0;0;0;0;793305,0081;5823604,145;13,32018736;52,48358426
30965;138049;11;8;8010406;2020;4;19;4;3;5;3;0;0;1;0;0;0;0;0;802029,3516;5824303,379;13,44890995;52,48509593
30966;138050;11;5;5010101;2020;4;14;7;3;2;6;0;0;1;0;1;0;0;0;785243,4281;5832254,686;13,20921859;52,56541566
30967;138051;11;5;5040936;2020;4;13;5;3;1;5;0;0;1;0;0;0;0;0;781101,3657;5819397,935;13,13741233;52,45228812
30968;138052;11;1;1033201;2020;4;0;3;3;9;1;2;0;1;0;0;0;0;0;797894,8313;5830293,039;13,39356571;52,54105729
30969;138053;11;4;4030415;2020;4;13;7;3;3;6;0;0;1;0;0;0;0;0;790764,3618;5827378,435;13,28617509;52,51877981
30970;138054;11;11;11040926;2020;4;19;4;3;5;7;0;0;1;0;1;0;0;0;805134,4854;5827038,018;13,49700146;52,50787878
30971;138055;11;11;11010205;2020;4;15;2;3;5;3;0;0;1;0;0;0;0;0;806316,742;5833904,374;13,52069595;52,5687538
30972;138056;11;10;10020519;2020;4;19;4;3;2;6;0;1;1;0;0;0;0;0;812188,381;5829993,331;13,60337302;52,53037139
30973;138057;11;7;7050505;2020;4;13;7;3;3;6;0;1;1;0;0;0;0;0;798480,8598;5819037,115;13,39209894;52,43984164
30974;138058;11;4;4030931;2020;4;7;4;3;5;2;0;0;1;0;1;0;0;0;794531,2257;5825946,374;13,34026326;52,50392089
30975;138059;11;6;6010204;2020;4;20;7;2;1;6;2;0;1;0;0;0;1;0;795414,5579;5820840,392;13,34871539;52,45767187
30976;138060;11;1;1011401;2020;4;19;4;3;0;1;0;1;0;0;0;0;0;0;797892,4534;5829288,715;13,39263048;52,53205613
30977;138061;11;6;6020306;2020;4;17;6;3;6;7;0;1;0;1;0;0;0;0;796483,6135;5816911,323;13,36091773;52,42187197
30978;138062;11;2;2020206;2020;4;18;2;3;0;1;0;1;0;0;0;0;0;0;800146,8754;5825071,956;13,42196317;52,49302309
30979;138063;11;8;8010301;2020;4;16;5;3;5;3;0;1;1;0;0;0;0;0;800668,5395;5824573,709;13,42917418;52,48827004
30980;138064;11;5;5010209;2020;4;8;2;2;5;7;0;1;1;0;0;0;0;0;782816,9188;5830396,235;13,17193158;52,55001835
30981;138065;11;1;1011303;2020;4;15;4;2;5;2;0;1;1;0;0;0;0;0;798964,4845;5827825,952;13,40707253;52,51835767
30982;138066;11;2;2050803;2020;4;17;1;3;0;7;0;1;0;1;0;0;0;0;803241,7048;5826321,242;13,46854574;52,5025098
30983;138067;11;5;5020627;2020;4;18;4;2;5;2;0;1;1;0;0;0;0;0;785627,5728;5828032,23;13,21123914;52,52735653
30984;138068;11;4;4031032;2020;4;19;7;3;0;7;1;1;1;0;0;0;0;0;791528,837;5824891,059;13,29523152;52,4960726
30985;138069;11;12;12214125;2020;4;19;5;3;0;1;1;1;0;0;0;0;0;0;791086,278;5833913,763;13,29663444;52,5771964
30986;138070;11;12;12302211;2020;4;9;3;3;5;2;0;0;1;0;0;0;0;0;793156,567;5836805,407;13,32965771;52,6020069
30987;138071;11;3;3030715;2020;4;13;7;2;0;1;0;1;0;0;0;0;0;0;800862,5007;5833415,434;13,44002264;52,56741328
30988;138072;11;4;4020310;2020;4;12;6;1;6;2;0;0;0;1;0;1;0;0;790342,7342;5827318,364;13,27992628;52,51846591
30989;138073;11;9;9020702;2020;4;15;2;2;1;5;0;1;1;0;0;0;0;0;809081,2141;5819198,661;13,54770652;52,43540202
30990;138074;11;8;8020622;2020;4;18;4;3;5;3;0;0;1;0;0;0;0;0;802252,0534;5819044,356;13,44741763;52,4378354
30991;138075;11;3;3061429;2020;4;17;4;3;0;2;0;1;1;0;0;0;0;1;801722,3924;5830097,945;13,4496563;52,53720283
30992;138076;11;10;10030727;2020;4;19;3;3;2;6;0;0;1;0;1;0;0;0;809582,6213;5824670,512;13,5601329;52,48415611
30993;138077;11;5;5010101;2020;4;17;6;3;5;2;0;1;1;0;0;0;0;0;785243,4203;5832254,657;13,20921845;52,56541541
30994;138078;11;12;12304314;2020;4;17;2;3;5;3;0;0;1;0;1;0;0;0;791248,3943;5836413,492;13,30121759;52,59951904
30995;138079;11;10;10030726;2020;4;11;4;3;5;3;0;1;1;0;0;0;0;0;808548,0176;5827352,549;13,54742963;52,50877781
30996;138080;11;4;4031032;2020;4;8;3;3;5;2;0;1;1;0;0;0;0;0;791842,5984;5825075,537;13,30000181;52,49755873
30997;138081;11;9;9010301;2020;4;12;2;3;5;2;0;1;1;0;0;0;0;0;804919,5104;5822552,264;13,48973983;52,46779508
30998;138082;11;9;9020702;2020;4;12;4;3;5;2;0;1;1;0;0;0;0;0;809621,5081;5818980,753;13,55542715;52,43314361
30999;138083;11;12;12301203;2020;4;16;1;3;0;1;0;0;0;0;1;0;0;0;793689,077;5835007,293;13,33590345;52,58560071
31000;138084;11;1;1022101;2020;4;18;4;2;3;6;0;0;1;0;1;0;0;0;793656,973;5828118,309;13,32933685;52,52386245
31001;138085;11;3;3061429;2020;4;11;7;3;6;2;0;0;1;1;0;0;0;0;801110,325;5830756,194;13,44125587;52,5434413
31002;138086;11;9;9020502;2020;4;18;5;2;0;1;0;1;0;0;0;0;0;0;807250,4075;5821816,932;13,52326811;52,45989909
31003;138087;11;8;8010404;2020;4;18;3;3;3;6;0;1;1;0;0;0;0;0;802478,2337;5823152,605;13,4544564;52,47453301
31004;138088;11;1;1044103;2020;4;13;7;3;5;7;0;0;1;0;0;0;1;0;794661,6769;5830825,544;13,34650317;52,5475888
31005;138089;11;3;3030715;2020;4;14;5;2;5;3;0;1;1;0;0;0;0;0;801319,1655;5833555,523;13,44686714;52,56841633
31006;138090;11;2;2020203;2020;4;9;5;3;2;6;0;1;1;0;0;0;0;0;797109,8331;5824265,424;13,37664288;52,48745495
31007;138091;11;1;1044201;2020;4;11;2;3;6;4;0;0;1;1;0;0;0;0;796184,9349;5831236,548;13,36926823;52,550447
31008;138092;11;4;4051446;2020;4;17;4;3;5;7;0;0;1;0;0;0;1;0;792890,6316;5824775,824;13,31513248;52,49431045
31009;138093;11;9;9020501;2020;4;17;4;3;5;3;0;0;1;0;0;0;0;1;805932,8615;5822646,721;13,50469736;52,46807517
31010;138094;11;3;3040614;2020;4;17;2;3;5;2;0;1;1;0;0;0;0;0;799981,5694;5835109,052;13,42859671;52,58307969
31011;138095;11;1;1033102;2020;4;18;4;2;6;2;0;0;1;1;0;0;0;0;797354,0169;5831201,096;13,38642775;52,54949229
31012;138096;11;3;3030406;2020;4;12;1;3;5;3;0;0;1;0;0;0;0;0;802871,4664;5838288,504;13,4740271;52,60997505
31013;138097;11;2;2010102;2020;4;0;7;3;5;3;2;1;1;0;0;0;0;0;798352,9807;5825559,794;13,396056;52,49837942
31014;138098;11;2;2020204;2020;4;17;4;3;3;6;0;1;0;0;0;0;0;0;798459,2893;5824735,581;13,39687898;52,49093328
31015;138099;11;12;12103115;2020;4;13;6;3;5;5;0;0;1;0;1;0;0;0;796202,7753;5833946,762;13,37194995;52,57473146
31016;138100;11;8;8010404;2020;4;17;4;3;1;5;0;1;1;0;0;0;0;0;802128,3647;5822689,282;13,44890129;52,47057382
31017;138101;11;6;6040804;2020;4;19;1;3;5;3;0;1;1;0;0;0;0;0;787251,5661;5818337,356;13,22675796;52,43958194
31018;138102;11;4;4041137;2020;4;13;1;2;2;7;0;0;1;0;1;0;0;0;790904,585;5823561,535;13,28490139;52,48448644
31019;138103;11;3;3061227;2020;4;17;4;3;6;2;0;0;1;1;0;0;0;0;799879,3113;5831737,545;13,42404401;52,55291638
31020;138104;11;11;11030721;2020;4;21;6;3;5;2;2;0;1;0;0;0;0;0;804247,8335;5828688,675;13,48548705;52,52316817
31021;138105;11;5;5030730;2020;4;15;3;3;5;3;0;1;1;0;0;0;0;0;785712,0068;5829289,687;13,21356128;52,53858642
31022;138106;11;7;7030301;2020;4;11;7;3;5;2;0;1;1;0;0;0;0;0;793424,146;5822382,025;13,32086137;52,47256437
31023;138107;11;1;1033101;2020;4;10;5;3;2;6;0;0;1;0;0;1;0;0;797473,5055;5832627,446;13,389463;52,56221246
31024;138108;11;2;2020204;2020;4;14;5;3;5;3;0;1;0;0;0;0;1;0;799051,6993;5825056,421;13,40586629;52,49348495
31025;138109;11;1;1044202;2020;4;10;2;3;6;2;0;0;0;1;0;0;1;0;794883,4411;5830230,543;13,3492359;52,5421351
31026;138110;11;3;3040614;2020;4;18;4;3;0;1;0;1;0;0;0;0;0;0;799614,1621;5834743,755;13,42286008;52,58000789
31027;138111;11;5;5020523;2020;4;15;2;3;0;5;0;0;1;0;0;0;0;0;783008,643;5827065,98;13,17191559;52,52005878
31028;138112;11;1;1044202;2020;4;17;4;3;2;7;0;1;1;0;0;0;0;0;795557,4346;5830730,842;13,35959054;52,54625465
31029;138113;11;4;4020208;2020;4;17;1;2;5;2;0;0;0;0;1;0;0;0;786218,9125;5825990,506;13,21817542;52,50874073
31030;138114;11;1;1011302;2020;4;16;7;2;0;1;0;1;0;0;0;0;0;0;798900,503;5828621,551;13,40684737;52,52552414
31031;138115;11;2;2020203;2020;4;16;4;3;5;3;0;0;1;0;0;0;0;0;797834,82;5824928,37;13,38788102;52,49300247
31032;138116;11;3;3051021;2020;4;11;6;3;5;2;0;1;1;0;0;0;0;0;803489,0245;5832275,531;13,4776133;52,55573891
31033;138117;11;3;3040508;2020;4;21;2;3;5;3;2;0;1;0;0;0;0;0;796730,463;5836647,083;13,38213213;52,59864907
31034;138118;11;6;6020409;2020;4;17;5;2;6;4;0;0;1;1;0;0;0;0;793214,5493;5816807,157;13,31289114;52,42269956
31035;138119;11;7;7060604;2020;4;13;3;3;1;5;0;0;1;0;0;0;0;0;795937,8411;5815989,026;13,35209961;52,41389958
31036;138120;11;1;1044103;2020;4;0;5;3;5;3;2;0;1;0;0;0;1;0;794496,3838;5830686,967;13,3439497;52,54643594
31037;138121;11;4;4020311;2020;4;12;5;3;5;2;0;1;1;0;0;0;0;0;789553,47;5826585,875;13,26768945;52,51231865
31038;138122;11;3;3061441;2020;4;13;2;3;5;2;0;1;1;0;0;0;0;0;802098,204;5828926,783;13,45411606;52,52649755
31039;138123;11;2;2030302;2020;4;17;4;3;5;3;0;1;1;0;0;0;0;1;800678,4354;5825794,439;13,43042118;52,49920639
31040;138124;11;9;9020502;2020;4;7;2;3;4;6;0;0;1;0;0;0;0;0;807210,3621;5821841,777;13,52270343;52,46014426
31041;138125;11;2;2010102;2020;4;16;4;3;5;3;0;1;1;0;0;0;0;0;798248,5524;5826085,205;13,39499278;52,50314614
31042;138126;11;2;2050801;2020;4;16;7;3;2;6;0;1;1;0;0;0;0;0;803198,8224;5826817,691;13,468368;52,50698322
31043;138127;11;7;7050501;2020;4;6;4;2;1;5;0;1;1;0;0;0;0;1;797538,1956;5820274,858;13,37937413;52,45145045
31044;138128;11;2;2020203;2020;4;10;7;3;5;2;0;1;1;0;0;0;0;0;797536,7102;5824968,52;13,38353891;52,49352495
31045;138129;11;1;1033202;2020;4;17;4;3;5;3;0;1;1;0;0;0;0;0;797758,8234;5829747,94;13,39107771;52,53624551
31046;138130;11;4;4020310;2020;4;19;6;3;5;3;1;1;1;0;0;0;0;0;790070,2293;5827319,936;13,27592283;52,51862503
31047;138131;11;8;8041039;2020;4;18;2;3;5;3;0;0;1;0;0;0;0;0;806603,9139;5815496,189;13,50798708;52,40361298
31048;138132;11;7;7020201;2020;4;16;5;3;5;7;0;0;1;0;0;0;0;0;794942,4849;5824567,094;13,34508337;52,49133443
31049;138133;11;4;4030726;2020;4;12;2;3;5;3;0;1;1;0;0;0;0;0;792087,2831;5825285,736;13,30378028;52,49931222
31050;138134;11;10;10040932;2020;4;14;4;3;5;3;0;0;1;0;0;0;0;0;813438,2683;5828051,628;13,61990866;52,51225478
31051;138135;11;2;2050801;2020;4;18;1;3;3;6;0;0;1;0;1;0;0;0;803352,1467;5826772,225;13,4705787;52,50649048
31052;138136;11;5;5020625;2020;4;16;4;3;5;2;0;1;1;0;0;0;0;0;784453,4907;5828664,903;13,19452059;52,53364301
31053;138137;11;5;5020523;2020;4;12;7;2;5;3;0;0;1;0;0;0;0;0;782562,1027;5827716,701;13,16590482;52,52612497
31054;138138;11;6;6020303;2020;4;14;5;3;2;6;0;0;1;0;0;0;0;0;795236,0999;5818672,048;13,34418017;52,43833038
31055;138139;11;5;5020523;2020;4;8;2;3;5;3;0;1;1;0;0;0;0;0;782240,237;5827606,551;13,16107956;52,52530405
31056;138140;11;4;4010101;2020;4;15;4;3;5;2;0;0;1;0;0;0;1;0;790408,285;5829032,47;13,28238668;52,53379804
31057;138141;11;10;10010203;2020;4;19;2;2;5;3;0;0;1;0;1;0;0;0;807623,9548;5832371,414;13,53850139;52,5542785
31058;138142;11;7;7020202;2020;4;15;4;3;5;2;0;1;1;0;0;0;0;0;794981,0898;5823816,928;13,34498633;52,48458882
31059;138143;11;1;1011402;2020;4;14;7;3;5;7;0;1;1;0;0;0;0;0;798527,9609;5829150,327;13,40184718;52,53046799
31060;138144;11;11;11040926;2020;4;11;5;3;5;3;0;0;1;0;0;0;0;0;805194,7356;5826776,518;13,49764672;52,5055014
31061;138145;11;1;1033203;2020;4;11;3;3;6;4;0;1;0;1;0;0;0;0;796317,6018;5830678,281;13,370721;52,54537057
31062;138146;11;6;6010209;2020;4;16;6;3;5;2;0;1;1;0;0;0;0;0;794703,9414;5821567,44;13,33892911;52,4645731
31063;138147;11;1;1033203;2020;4;17;6;3;1;5;0;1;1;0;0;0;0;0;796519,3694;5829895,249;13,37298879;52,53824175
31064;138148;11;1;1022206;2020;4;16;2;1;6;4;0;0;1;1;0;0;0;0;795545,7186;5828196,02;13,35716416;52,52353856
31065;138149;11;2;2020204;2020;4;19;4;3;0;3;0;0;1;0;1;0;0;1;798485,2955;5825217,147;13,39769231;52,49523568
31066;138150;11;6;6030502;2020;4;16;5;2;5;2;0;1;1;0;0;0;0;0;790208,1314;5815096,389;13,26732015;52,40896463
31067;138151;11;6;6020306;2020;4;8;3;3;5;3;0;0;1;0;0;0;0;0;795890,1579;5816493,891;13,35184693;52,41845116
31068;138152;11;5;5010313;2020;4;11;1;3;5;3;0;1;1;0;0;0;0;0;784377,46;5830003,761;13,19454869;52,54568693
31069;138153;11;7;7070702;2020;4;17;1;3;5;3;0;1;1;0;0;0;0;0;799410,2642;5815976,854;13,4029919;52,41190225
31070;138154;11;12;12214422;2020;4;16;4;3;5;3;0;0;1;0;0;0;0;0;792126,6149;5833157,736;13,31127729;52,56986143
31071;138155;11;10;10020415;2020;4;7;7;2;5;2;0;0;1;0;0;0;0;0;812081,8938;5831805,77;13,60351045;52,54667384
31072;138156;11;6;6020410;2020;4;10;5;2;1;5;0;0;1;0;1;0;0;0;794430,2213;5817347,067;13,33119233;52,4268869
31073;138157;11;3;3030715;2020;4;16;3;3;6;4;0;1;0;1;0;0;0;0;801398,0607;5833328,584;13,44782147;52,56633861
31074;138158;11;5;5020521;2020;4;13;6;2;5;2;0;0;1;0;1;0;0;0;779733,6793;5827861,793;13,12444454;52,5288847
31075;138159;11;1;1022203;2020;4;13;5;2;5;3;0;1;1;0;0;0;0;1;795215,4191;5828698,462;13,35275597;52,52822149
31076;138160;11;6;6020409;2020;4;16;5;3;3;6;0;0;1;0;0;0;0;0;793102,5126;5816600,482;13,31106719;52,42090677
31077;138161;11;6;6010208;2020;4;14;5;3;1;1;0;0;1;0;0;0;0;0;794188,4728;5820823,582;13,33070782;52,45818253
31078;138162;11;6;6030605;2020;4;10;2;3;5;3;0;0;1;0;1;0;0;0;793020,2867;5820148,128;13,31297138;52,45275482
31079;138163;11;9;9020502;2020;4;20;3;3;0;1;2;1;0;0;0;0;0;1;806948,8465;5821957,018;13,51897241;52,46132402
31080;138164;11;11;10010203;2020;4;13;6;3;5;3;0;0;1;0;0;0;0;0;807368,1837;5833140,095;13,53545256;52,56131177
31081;138165;11;11;11030618;2020;4;16;5;3;0;4;0;1;0;1;0;0;0;0;803062,188;5829555,145;13,46885485;52,53159445
31082;138166;11;8;8010211;2020;4;18;6;3;2;6;0;0;1;0;0;0;0;0;800450,0272;5823688,171;13,42516754;52,48045292
31083;138167;11;2;2030301;2020;4;15;2;2;5;3;0;0;1;0;0;0;0;0;800145,1645;5825897,952;13,42268231;52,50042777
31084;138168;11;8;8010301;2020;4;15;4;2;1;5;0;0;1;0;0;0;0;0;800988,5812;5824868,461;13,43413963;52,49073563
31085;138169;11;6;6030609;2020;4;17;4;3;2;2;0;0;1;0;1;0;0;1;793267,3313;5819089,625;13,31566716;52,44313312
31086;138170;11;10;10040932;2020;4;13;2;3;0;7;0;1;0;0;0;0;0;0;812985,8454;5827540,318;13,61278291;52,50793268
31087;138171;11;2;2020203;2020;4;15;4;3;5;3;0;1;1;0;0;0;0;0;797837,6959;5824927,691;13,38792265;52,49299481
31088;138172;11;1;1011204;2020;4;18;1;2;5;2;0;0;1;0;1;0;0;0;798625,2113;5826779,818;13,40114851;52,5091664
31089;138173;11;11;11051229;2020;4;18;7;3;2;6;0;0;1;0;1;0;0;0;803563,6626;5826263,027;13,47322131;52,50180902
31090;138174;11;11;11041128;2020;4;14;4;3;2;6;0;0;1;0;0;0;0;0;806834,991;5826406,159;13,52139628;52,50126225
31091;138175;11;4;4031032;2020;4;14;6;2;1;5;0;1;1;0;0;0;0;0;790931,5893;5825029,062;13,2865793;52,4976285
31092;138176;11;1;1044102;2020;4;14;3;3;2;6;0;1;0;0;0;0;0;0;794965,6665;5832108,681;13,35211325;52,55892655
31093;138177;11;2;2020203;2020;4;8;5;2;5;2;0;1;0;0;0;0;1;0;797768,9529;5824598,14;13,3866186;52,49007828
31094;138178;11;1;1033202;2020;4;19;5;3;6;4;0;0;1;1;0;0;0;0;797664,1443;5830663,431;13,39050612;52,54450345
31095;138179;11;7;7040403;2020;4;13;5;3;5;2;0;0;1;0;1;0;0;0;797254,0225;5820955,747;13,37581084;52,45770856
31096;138180;11;1;1044202;2020;4;10;2;3;5;3;0;0;1;0;0;0;0;0;794895,9367;5830229,114;13,34941835;52,54211552
31097;138181;11;9;9010401;2020;4;22;4;2;9;1;2;0;1;0;0;0;0;1;805147,069;5821478,417;13,49209755;52,45804357
31098;138182;11;6;6030503;2020;4;8;2;3;3;6;0;1;0;0;0;0;1;0;789566,107;5817328,505;13,25983959;52,42931655
31099;138183;11;8;8010211;2020;4;14;4;3;1;5;0;1;1;0;0;0;0;0;800432,4412;5823761,633;13,42497556;52,48112107
31100;138184;11;8;8010301;2020;4;15;7;3;1;5;0;1;1;0;0;0;0;0;800506,1029;5825140,91;13,42730059;52,4934435
31101;138185;11;3;3040614;2020;4;18;4;3;0;5;0;1;1;0;0;0;0;0;799510,4834;5834222,174;13,42086333;52,57538987
31102;138186;11;1;1044202;2020;4;16;2;3;1;5;0;1;1;0;0;0;0;0;795382,4409;5830399,271;13,35672257;52,54337731
31103;138187;11;11;11030618;2020;4;13;4;2;8;1;0;0;0;0;1;0;0;0;803106,4313;5829562,594;13,46951188;52,53163661
31104;138188;11;7;7040401;2020;4;1;1;3;0;1;2;0;0;0;1;0;0;0;797365,9202;5823623,292;13,37983043;52,4815595
31105;138189;11;3;3040512;2020;4;17;7;3;5;2;0;1;1;0;0;0;0;0;796399,979;5834692,328;13,37551805;52,58130724
31106;138190;11;8;8010510;2020;4;13;4;3;0;3;0;0;1;0;1;0;0;0;802033,381;5822156,648;13,44702507;52,46585228
31107;138191;11;11;11030721;2020;4;12;6;3;5;2;0;1;1;0;0;0;0;0;803792,0754;5827707,433;13,47789414;52,51462771
31108;138192;11;1;1011105;2020;4;12;2;3;5;2;0;1;1;0;0;0;0;0;796171,5097;5826735,257;13,36506063;52,51010463
31109;138193;11;2;2040703;2020;4;20;5;3;1;5;1;0;0;0;0;0;1;0;801743,9946;5826564,65;13,44676858;52,50552176
31110;138194;11;2;2050803;2020;4;18;5;3;5;2;0;1;1;0;0;0;0;0;803012,1476;5825739,391;13,46464478;52,49742226
31111;138195;11;1;1011304;2020;4;17;5;3;5;2;0;1;1;0;0;0;0;0;799727,2583;5827762,843;13,41822354;52,51737332
31112;138196;11;2;2010104;2020;4;8;2;2;3;6;0;1;1;0;0;0;0;0;799762,0902;5825710,301;13,416887;52,49895632
31113;138197;11;1;1011301;2020;4;16;4;3;1;5;0;1;1;0;0;0;0;0;796705,3377;5829720,986;13,37556711;52,53657845
31114;138198;11;1;1022206;2020;4;14;2;2;2;2;0;0;1;0;0;0;0;0;795950,5192;5828334,817;13,36323677;52,52456318
31115;138199;11;3;3061126;2020;4;13;4;3;5;2;0;1;0;0;0;0;1;0;799233,0457;5831604,617;13,41442081;52,55208031
31116;138200;11;11;11010308;2020;4;15;7;3;5;3;0;0;1;0;0;0;0;0;805212,2181;5833664,107;13,50422891;52,56722084
31117;138201;11;9;9010301;2020;4;10;5;3;5;3;0;1;1;0;0;0;0;0;804400,1152;5821751,08;13,48138677;52,4609039
31118;138202;11;9;9041402;2020;4;21;3;3;5;3;2;0;1;0;0;0;0;0;812256,3128;5820069,804;13,59507525;52,44140545
31119;138203;11;11;11010204;2020;4;13;6;3;5;3;0;1;1;0;0;0;0;0;807663,522;5833599,355;13,54022147;52,5652608
31120;138204;11;4;4020310;2020;4;11;4;3;2;6;0;0;1;0;1;0;0;0;790347,7849;5827463,928;13,28012756;52,51976822
31121;138205;11;11;11051331;2020;4;18;6;3;0;1;0;1;1;0;0;0;0;0;807250,4634;5824261,954;13,52552067;52,48181181
31122;138206;11;8;8020727;2020;4;18;2;3;5;3;0;1;1;0;0;0;0;0;801083,344;5817441,939;13,42883403;52,42411688
31123;138207;11;10;10010308;2020;4;17;5;2;5;3;0;1;0;0;0;0;1;0;806699,3892;5829159,021;13,52194195;52,52601011
31124;138208;11;1;1044202;2020;4;9;4;3;2;6;0;0;1;0;0;0;1;0;794916,8218;5830255,592;13,34974892;52,54234157
31125;138209;11;12;12214424;2020;4;14;7;3;3;6;0;1;1;0;0;0;0;0;793483,7349;5832435,704;13,33060516;52,56265884
31126;138210;11;4;4020314;2020;4;11;4;3;3;6;0;0;1;0;1;0;0;0;790361,7558;5825549,874;13,27866294;52,50260111
31127;138211;11;8;8010211;2020;4;10;6;3;5;7;0;0;1;0;1;0;0;0;801009,1433;5823876,922;13,43354612;52,48183686
31128;138212;11;6;6020305;2020;4;19;2;3;5;3;0;1;1;0;0;0;0;0;796504,8633;5817652,332;13,36188614;52,42850304
31129;138213;11;5;5030832;2020;4;17;5;3;5;3;0;0;1;0;1;0;0;0;788945,843;5829965,502;13,26169774;52,5429402
31130;138214;11;4;4030930;2020;4;22;2;3;0;1;2;1;0;0;0;0;0;0;793497,1496;5825728,63;13,32488026;52,50252615
31131;138215;11;10;10040933;2020;4;15;4;2;5;3;0;1;1;0;0;0;0;0;812630,343;5825283,015;13,60544335;52,48790852
31132;138216;11;6;6030610;2020;4;18;2;2;5;2;0;0;1;0;0;0;0;0;792767,4539;5817962,698;13,30734656;52,43329824
31133;138217;11;5;5010206;2020;4;11;4;3;2;6;0;0;1;0;0;0;0;0;781603,7866;5830695,409;13,15434124;52,55332943
31134;138218;11;3;3030405;2020;4;13;7;3;5;2;0;1;1;0;0;0;0;0;803741,257;5839258,6;13,48772357;52,61818414
31135;138219;11;4;4030620;2020;4;10;5;3;5;2;0;1;1;0;0;0;0;0;792286,5411;5827242,727;13,30842564;52,51674949
31136;138220;11;4;4030417;2020;4;10;3;3;5;3;0;1;0;0;1;0;0;0;790842,8047;5826549,178;13,28660305;52,5113037
31137;138221;11;3;3040614;2020;4;12;6;3;2;6;0;0;1;0;0;0;0;0;798243,3019;5833453,975;13,40152862;52,5692
31138;138222;11;3;3040614;2020;4;16;5;3;1;5;0;1;1;0;0;0;0;0;799487,3755;5833942,278;13,42027055;52,5728938
31139;138223;11;4;4030417;2020;4;15;6;3;2;1;0;1;1;0;0;0;0;0;791444,1818;5827463,498;13,29624031;52,51917949
31140;138224;11;3;3061430;2020;4;15;2;2;5;3;0;0;1;0;1;0;0;0;802654,8609;5829616,392;13,46292411;52,53236971
31141;138225;11;10;10010203;2020;4;17;4;2;0;1;0;0;0;0;1;0;0;1;807134,1945;5832516,736;13,53143479;52,55585726
31142;138226;11;12;12214421;2020;4;18;5;3;2;7;0;0;1;0;1;0;0;0;793424,9133;5833862,236;13,3310019;52,57547854
31143;138227;11;9;9020701;2020;4;6;3;3;2;2;0;0;1;0;0;0;1;0;807853,3144;5818113,851;13,52870239;52,42637218
31144;138228;11;1;1044201;2020;4;13;1;3;0;7;0;1;1;0;0;0;0;0;796297,3884;5830965,265;13,37067982;52,54795407
31145;138229;11;3;3020209;2020;4;13;1;3;5;3;0;0;1;0;0;0;0;0;797878,8008;5836018,239;13,39847097;52,59238456
31146;138230;11;2;2040701;2020;4;10;3;3;0;1;0;1;0;0;0;0;0;0;801201,5487;5827476,798;13,43962612;52,51399722
31147;138231;11;4;4030726;2020;4;12;2;3;2;6;0;0;1;0;0;1;0;0;791503,43;5825693,266;13,2955605;52,50327789
31148;138232;11;1;1011301;2020;4;12;4;3;0;3;0;0;1;0;0;0;1;0;797066,2358;5828286,302;13,37959046;52,52352155
31149;138233;11;1;1044201;2020;4;16;1;3;2;6;0;0;1;0;0;0;0;0;796625,3846;5831744,14;13,37619858;52,55475732
31150;138234;11;9;9031101;2020;4;10;4;2;0;1;0;1;0;0;0;0;0;0;811049,9597;5818047,037;13,57550284;52,42396568
31151;138235;11;1;1011103;2020;4;18;7;3;5;3;0;1;1;0;0;0;0;0;795433,0068;5826181,756;13,35371931;52,50554339