;OBJECTID;LAND;BEZ;LOR;UJAHR;UMONAT;USTUNDE;UWOCHENTAG;UKATEGORIE;UART;UTYP1;ULICHTVERH;IstRad;IstPKW;IstFuss;IstKrad;IstGkfz;IstSonstige;USTRZUSTAND;LINREFX;LINREFY;XGCSWGS84;YGCSWGS84
31152;138236;11;1;1011304;2020;4;9;5;3;5;2;0;1;1;0;0;0;0;0;799730,7703;5827546,009;13,41807981;52,51542781
31153;138237;11;2;2040703;2020;4;19;3;3;6;4;0;1;0;1;0;0;0;0;801467,7486;5827276;13,44335512;52,51205038
31154;138238;11;1;1011301;2020;4;12;6;3;3;6;0;1;1;0;0;0;0;0;797012,9116;5828951,602;13,37940107;52,52951427
31155;138239;11;12;12214424;2020;4;16;5;3;5;2;0;1;0;0;0;0;1;0;793274,9342;5832571,391;13,32765362;52,56398771
31156;138240;11;4;4020310;2020;4;14;2;3;5;2;0;1;0;0;0;0;0;0;789731,7372;5827431,037;13,27104497;52,51980101
31157;138241;11;11;10010203;2020;4;9;4;3;5;3;0;1;1;0;0;0;0;0;807667,6861;5833597,482;13,54028097;52,56524166
31158;138242;11;4;4051445;2020;4;5;4;3;2;2;0;0;1;0;1;0;0;1;792039,6209;5824075,318;13,30201909;52,48848652
31159;138243;11;6;6020303;2020;4;18;2;3;1;3;0;1;1;0;0;0;0;0;795787,9771;5818434,446;13,35206497;52,43590224
31160;138244;11;1;1011201;2020;4;7;4;3;5;2;0;1;1;0;0;0;0;0;796970,3211;5826730,348;13,37679208;52,50962635
31161;138245;11;1;1011304;2020;4;13;1;3;5;2;0;0;1;0;0;0;0;0;799730,882;5827547,138;13,41808246;52,51543786
31162;138246;11;7;7040405;2020;4;3;7;3;0;1;2;1;0;0;0;0;0;0;797895,8906;5820803,685;13,38509395;52,45599601
31163;138247;11;2;2040701;2020;4;7;4;3;5;2;0;0;1;0;1;0;0;0;800312,8292;5827614,124;13,42669313;52,51571817
31164;138248;11;7;7050501;2020;4;13;6;3;6;2;0;0;1;1;0;0;0;0;797224,505;5819538,169;13,37411616;52,44501737
31165;138249;11;4;4041136;2020;4;14;3;3;2;7;0;0;1;1;0;0;0;0;790668,5708;5823332,707;13,28123602;52,48256067
31166;138250;11;2;2020205;2020;4;7;5;3;0;7;0;0;0;0;1;1;0;1;798177,6439;5824316,501;13,39236808;52,48733065
31167;138251;11;12;12301203;2020;4;18;5;3;5;2;0;1;1;0;0;0;0;0;793540,8226;5835454,272;13,33411751;52,58968759
31168;138252;11;8;8020621;2020;4;12;5;3;0;1;0;1;0;0;0;0;0;0;800184,0496;5820492,87;13,41838841;52,45195816
31169;138253;11;3;3010101;2020;4;14;3;3;0;6;0;1;0;0;0;0;1;0;804502,4229;5841573,958;13,50106493;52,63850899
31170;138254;11;6;6010206;2020;4;12;6;3;2;3;0;1;0;0;0;0;0;0;794952,8529;5819448,249;13,3407105;52,44544144
31171;138255;11;1;1033102;2020;4;16;3;3;5;3;0;1;1;0;0;0;0;0;797522,3893;5831850,968;13,38948594;52,55522563
31172;138256;11;4;4030416;2020;4;12;6;3;5;2;0;1;1;0;0;0;0;0;790880,0814;5827048,891;13,2875876;52,51576374
31173;138257;11;5;5040935;2020;4;12;5;3;5;2;0;1;1;0;0;0;0;1;782219,6728;5820361,895;13,15464017;52,46035533
31174;138258;11;1;1011102;2020;4;13;5;2;9;1;0;0;0;0;1;0;0;0;796576,6481;5827869,882;13,37202411;52,52005529
31175;138259;11;12;12214125;2020;4;14;2;3;5;3;0;0;1;0;1;0;0;0;791831,7817;5833968,504;13,307653;52,57728785
31176;138260;11;7;7040401;2020;4;18;4;3;5;2;0;1;0;0;0;0;1;1;797835,902;5822577,683;13,38579685;52,47193066
31177;138261;11;6;6040809;2020;4;15;2;3;5;2;0;1;1;0;0;0;0;0;791710,2829;5819380,014;13,29307749;52,44656935
31178;138262;11;3;3040614;2020;4;19;3;3;1;5;0;1;1;0;0;0;0;0;799684,2016;5834985,926;13,4241096;52,58213995
31179;138263;11;4;4041136;2020;4;17;1;3;2;6;0;0;1;0;0;0;0;0;790670,1288;5822717,861;13,28072289;52,47704768
31180;138264;11;5;5020626;2020;4;17;7;3;1;5;0;1;1;0;0;0;0;0;784705,2705;5827674,988;13,19737472;52,52463595
31181;138265;11;6;6020410;2020;4;18;3;2;5;3;0;1;1;0;0;0;0;0;794720,1045;5816715,308;13,3348868;52,42106739
31182;138266;11;10;10010203;2020;4;11;6;3;5;7;0;0;1;0;0;0;0;0;807740,8044;5833564,597;13,5413258;52,56490563
31183;138267;11;9;9041501;2020;4;21;2;2;0;1;2;0;0;0;1;0;0;0;810770,9701;5820317,279;13,5735233;52,4444693
31184;138268;11;1;1011201;2020;4;17;5;3;5;3;0;1;1;0;0;0;0;0;797157,6352;5826452,467;13,37929592;52,50703345
31185;138269;11;5;5010339;2020;4;8;2;3;5;2;0;1;0;0;0;1;0;0;788107,2292;5827862,378;13,24754284;52,52452892
31186;138270;11;4;4030518;2020;4;16;4;3;5;2;0;0;1;0;0;0;0;0;791390,6072;5828585,558;13,29643614;52,52926725
31187;138271;11;11;11030720;2020;4;20;2;2;3;6;1;0;1;0;1;0;0;0;805309,7106;5830021,377;13,50231352;52,53451884
31188;138272;11;11;11010204;2020;4;18;3;3;2;2;0;0;1;0;1;0;0;0;807656,8187;5833605,325;13,54012842;52,5653181
31189;138273;11;8;8020625;2020;4;9;2;3;5;2;0;1;1;0;0;0;0;0;801442,073;5818563,137;13,43510426;52,43396909
31190;138274;11;6;6010205;2020;4;21;4;3;5;3;2;0;1;0;0;0;0;0;795531,9547;5819963,24;13,34966188;52,44974531
31191;138275;11;12;12302211;2020;4;15;2;3;2;2;0;0;1;0;0;0;0;0;792921,1549;5837070,959;13,32642666;52,60451429
31192;138276;11;6;6020408;2020;4;18;3;3;5;7;0;0;1;0;0;0;1;0;792822,7787;5816439,889;13,30682483;52,41961682
31193;138277;11;7;7070703;2020;4;21;7;2;5;2;2;0;1;0;0;0;0;0;799790,0233;5813976,983;13,40676857;52,39376811
31194;138278;11;7;7020202;2020;4;7;4;3;1;5;0;1;1;0;0;0;0;1;794674,9797;5823492,599;13,34020479;52,48184669
31195;138279;11;9;9020701;2020;4;10;6;3;5;7;0;0;1;0;1;0;0;0;807960,6769;5819011,078;13,53110264;52,43435288
31196;138280;11;7;6010210;2020;4;17;3;2;5;3;0;1;1;0;0;0;0;0;795323,3935;5820992,619;13,34751224;52,45908575
31197;138281;11;1;1044102;2020;4;19;6;3;5;2;0;1;1;0;0;0;0;0;795064,5525;5831487,957;13,35301592;52,55330872
31198;138282;11;3;3061126;2020;4;18;2;3;5;2;0;1;1;0;0;0;0;0;798411,9276;5831802,081;13,40252371;52,55430076
31199;138283;11;10;10010102;2020;4;16;5;3;5;3;0;1;1;0;0;0;0;1;809450,9119;5834611,838;13,56745189;52,57332125
31200;138284;11;5;5010313;2020;4;17;5;2;1;5;0;0;1;0;0;0;0;0;784720,2679;5830098,856;13,19967186;52,5463605
31201;138285;11;12;12214424;2020;4;12;2;3;1;5;0;0;1;0;1;0;0;0;792566,6653;5833272,933;13,31785325;52,57065778
31202;138286;11;6;6030503;2020;4;14;4;3;1;5;0;1;1;0;0;0;0;0;789557,3222;5817916,331;13,26021981;52,43459131
31203;138287;11;6;6030610;2020;4;21;1;2;5;2;2;0;1;0;0;0;0;0;792935,9392;5817749,196;13,30963073;52,43129403
31204;138288;11;4;4041134;2020;4;17;3;3;2;6;0;0;1;0;0;0;0;0;790889,933;5824731,465;13,28570752;52,49498273
31205;138289;11;4;4051448;2020;4;12;7;3;1;5;0;1;1;0;0;0;0;0;793660,1833;5825431,589;13,32701328;52,49977559
31206;138290;11;10;10040830;2020;4;7;5;3;4;6;0;1;1;0;0;0;0;0;810755,8434;5825978,469;13,5785742;52,49521096
31207;138291;11;2;2050802;2020;4;22;3;3;6;2;2;0;0;1;0;0;1;0;801980,6698;5826926,712;13,45057343;52,50863599
31208;138292;11;2;2020206;2020;4;9;6;3;3;6;0;1;0;0;0;0;0;0;799272,3944;5824566,579;13,40866734;52,48897325
31209;138293;11;1;1022102;2020;4;17;6;3;2;6;0;0;1;0;0;0;0;0;793545,7404;5829012,865;13,32849184;52,53194159
31210;138294;11;9;9051901;2020;4;14;7;3;5;2;0;1;1;0;0;0;0;0;812067,0661;5821203,944;13,59335939;52,45167693
31211;138295;11;7;7060604;2020;4;7;5;3;5;2;0;1;1;0;0;0;0;0;796394,8067;5815912,813;13,35873123;52,41296915
31212;138296;11;7;7030303;2020;4;12;3;2;2;6;0;0;1;0;1;0;0;0;795483,9149;5822744,162;13,35141894;52,47470036
31213;138297;11;3;3061228;2020;4;8;6;2;6;4;0;0;1;1;0;0;0;0;801069,6481;5831181,523;13,44104339;52,54727605
31214;138298;11;1;1011101;2020;4;17;6;3;5;3;0;1;1;0;0;0;0;0;795264,3929;5826626,177;13,35163648;52,50961856
31215;138299;11;12;12103117;2020;4;17;2;3;5;3;0;1;1;0;0;0;0;0;796317,3031;5832460,459;13,37230729;52,56134606
31216;138300;11;11;11030619;2020;4;10;4;3;0;2;0;1;0;0;0;0;1;0;804145,0127;5829822,08;13,48501299;52,53338379
31217;138301;11;1;1011401;2020;4;8;3;3;0;7;0;0;1;0;0;0;1;0;797803,7566;5829122,25;13,39117763;52,53061244
31218;138302;11;9;9010202;2020;4;22;1;3;1;5;2;0;1;0;0;0;0;0;804294,2397;5823135,319;13,48109553;52,47336944
31219;138303;11;6;6030610;2020;4;11;4;3;5;2;0;0;1;0;0;0;1;0;792950,1106;5817757,837;13,30984615;52,43136391
31220;138304;11;11;11040926;2020;4;18;1;3;5;3;0;0;1;0;1;0;0;0;806623,2707;5827334,778;13,51914221;52,50970373
31221;138305;11;12;12301203;2020;4;16;3;3;5;2;0;0;1;0;1;0;0;0;793944,503;5835295,312;13,33991821;52,58804464
31222;138306;11;3;3040818;2020;4;9;7;3;5;2;0;0;1;0;0;0;0;0;800071,8602;5833884,802;13,42881723;52,5720567
31223;138307;11;2;2010104;2020;4;14;4;3;0;7;0;1;0;0;0;0;0;0;799954,084;5825469,135;13,41948964;52,49668915
31224;138308;11;11;11030824;2020;4;17;3;3;5;2;0;1;1;0;0;0;0;0;803887,6532;5826860,145;13,47852468;52,50698049
31225;138309;11;11;11030720;2020;4;8;6;3;5;3;0;1;1;0;0;0;0;0;804919,5305;5829938,668;13,49650304;52,53399598
31226;138310;11;1;1011301;2020;4;14;5;3;5;3;0;0;1;0;0;0;1;0;796917,6175;5828138,219;13,37727416;52,52227509
31227;138311;11;4;4030620;2020;4;17;5;3;5;2;0;0;1;0;1;0;0;0;792144,0637;5827324,525;13,30640374;52,51755913
31228;138312;11;8;8010301;2020;4;11;2;3;5;2;0;1;1;0;0;0;0;0;800544,4167;5825153,244;13,42787435;52,49353296
31229;138313;11;5;5010311;2020;4;18;4;3;2;6;1;0;1;0;0;0;0;1;785958,0743;5830415,703;13,21814888;52,54855294
31230;138314;11;8;8010508;2020;4;17;2;3;6;4;0;0;1;1;0;0;0;0;803268,9998;5823463,52;13,46634598;52,47688125
31231;138315;11;12;12103220;2020;4;16;3;3;3;6;0;0;1;0;1;0;0;0;794142,1808;5833882,983;13,34157429;52,57527733
31232;138316;11;7;7020203;2020;4;1;1;3;9;1;2;0;1;0;0;0;0;0;795527,166;5823819,656;13,3530071;52,48431798
31233;138317;11;4;4020311;2020;4;15;2;3;6;4;0;0;1;1;0;0;0;0;789503,0826;5826794,37;13,26713043;52,5142146
31234;138318;11;11;11041023;2020;4;16;3;3;1;5;0;0;1;0;0;0;1;0;807045,9715;5827808,27;13,52578787;52,51370948
31235;138319;11;3;3040508;2020;4;17;4;3;5;2;0;0;1;0;1;0;0;1;797278,5432;5836374,724;13,38995588;52,59590839
31236;138320;11;3;3020307;2020;4;6;3;3;9;1;0;0;1;0;0;0;0;0;799348,2963;5837715,404;13,42163386;52,60678994
31237;138321;11;10;10030724;2020;4;16;3;2;0;3;0;0;0;0;1;0;1;0;809569,3411;5828034,69;13,56306475;52,51431237
31238;138322;11;8;8010510;2020;4;19;1;2;6;7;0;0;0;1;1;0;0;0;803108,088;5822334,318;13,46295799;52,4668496
31239;138323;11;1;1011303;2020;4;2;1;3;0;1;2;1;0;0;0;0;0;0;799016,9677;5827870,955;13,40788416;52,51873228
31240;138324;11;8;8020625;2020;4;16;3;3;5;2;0;1;1;0;0;1;0;0;801370,7987;5819267,247;13,43469382;52,44031954
31241;138325;11;8;8020619;2020;4;7;6;3;5;3;0;1;1;0;0;0;0;0;802259,5409;5821610,163;13,44984916;52,460829
31242;138326;11;1;1033201;2020;4;15;3;3;2;6;0;0;1;0;0;0;0;0;797675,5588;5830716,097;13,39072114;52,54496929
31243;138327;11;3;3050925;2020;4;8;6;3;0;1;0;1;0;0;0;0;0;0;801648,356;5831110,865;13,44948772;52,54632263
31244;138328;11;11;11020514;2020;4;9;5;3;0;1;0;1;0;0;0;0;0;0;804569,1621;5831032,332;13,49235603;52,54399383
31245;138329;11;1;1011302;2020;4;13;5;3;3;6;0;1;1;0;0;0;0;0;798491,2126;5829067,667;13,40123284;52,52974719
31246;138330;11;2;2020204;2020;4;14;2;3;3;5;0;0;1;0;1;0;0;0;798189,8225;5824980,644;13,39314122;52,49327722
31247;138331;11;1;1011103;2020;4;14;4;3;2;3;0;0;1;0;1;0;0;0;795293,2516;5826169,231;13,35165512;52,50550677
31248;138332;11;1;1011304;2020;4;10;2;3;5;2;0;0;1;0;0;0;0;0;799731,2741;5827550,046;13,41809084;52,51546372
31249;138333;11;2;2020204;2020;4;15;3;2;5;3;0;1;0;0;1;0;0;0;798176,4687;5824842,093;13,39282112;52,49204258
31250;138334;11;4;4051655;2020;4;15;1;2;5;3;0;0;1;0;1;0;0;0;794030,7203;5823089,255;13,33038941;52,4785782
31251;138335;11;5;5030731;2020;4;14;7;3;2;6;0;0;1;0;1;0;1;0;787515,0067;5829899,111;13,24059968;52,54310191
31252;138336;11;7;7010104;2020;4;15;3;3;5;2;0;1;1;0;0;0;0;0;796685,4176;5824819,925;13,3709044;52,49265632
31253;138337;11;2;2030302;2020;4;10;6;3;5;2;0;1;0;0;0;0;1;0;801470,0657;5826032,482;13,4422631;52,50090328
31254;138338;11;1;1044101;2020;4;16;7;3;1;5;0;1;1;0;0;0;0;0;793874,7143;5830235,091;13,33440856;52,54272086
31255;138339;11;8;8041037;2020;4;15;3;3;5;2;0;0;1;0;0;0;1;0;805546,882;5818559,479;13,49529434;52,43165899
31256;138340;11;12;12214422;2020;4;13;6;3;5;2;0;1;0;0;0;1;0;0;792081,322;5832942,495;13,31042136;52,56795618
31257;138341;11;9;9010101;2020;4;19;3;3;1;5;0;1;0;0;0;0;1;0;802164,6169;5824938,326;13,45147156;52,49071216
31258;138342;11;8;8010301;2020;4;20;5;3;3;6;1;1;0;0;0;0;0;1;801262,5649;5824587,69;13,43790897;52,48806789
31259;138343;11;6;6030503;2020;4;11;5;3;5;3;0;1;0;0;0;0;1;0;790947,1343;5818105,229;13,28077052;52,43554732
31260;138344;11;7;7060604;2020;4;14;2;3;5;3;0;0;1;0;0;0;0;0;797744,9205;5815400,623;13,37806749;52,40764517
31261;138345;11;4;4041344;2020;4;7;4;3;6;2;0;0;1;1;0;0;0;0;792944,0298;5821915,576;13,31340353;52,46864047
31262;138346;11;9;9010301;2020;4;20;2;3;5;2;1;0;1;0;0;0;0;0;805016,4709;5822703,253;13,49130077;52,46909421
31263;138347;11;8;8010404;2020;4;15;3;3;1;5;0;0;1;0;0;0;0;0;801458,1132;5823633,243;13,4399171;52,47940504
31264;138348;11;6;6040701;2020;4;16;7;3;0;1;0;0;0;0;1;0;0;0;782020,6019;5815648,8;13,14774073;52,41819722
31265;138349;11;4;4030519;2020;4;8;3;3;3;6;0;0;1;0;0;0;0;0;791236,2418;5828955,961;13,29449155;52,53267036
31266;138350;11;4;4030931;2020;4;8;6;3;5;3;0;1;1;0;0;0;0;0;793978,1507;5825543,667;13,33178286;52,50060911
31267;138351;11;12;12214422;2020;4;14;3;3;5;2;0;1;0;0;0;0;1;0;792266,4735;5833931,572;13,31401705;52,57672347
31268;138352;11;4;4030415;2020;4;18;6;3;1;5;0;0;1;0;1;0;0;0;791074,4739;5827430,332;13,29077796;52,51907962
31269;138353;11;8;8010117;2020;4;17;2;3;2;7;0;0;1;0;1;0;0;0;800376,834;5823626,841;13,42403776;52,47994346
31270;138354;11;2;2050602;2020;4;16;5;3;5;3;0;1;1;0;0;0;0;0;803198,9008;5828285,08;13,4697061;52,5201351
31271;138355;11;11;11040926;2020;4;11;3;3;2;2;0;0;1;0;0;0;0;0;804907,5328;5826255,789;13,49295154;52,50099492
31272;138356;11;8;8010509;2020;4;12;2;3;5;2;0;0;1;0;0;0;0;0;803662,2124;5822279,683;13,47104024;52,46605222
31273;138357;11;7;7030301;2020;4;13;4;3;2;6;0;1;1;0;0;0;0;0;794005,3303;5821605,066;13,32870852;52,46528676
31274;138358;11;1;1011202;2020;4;19;2;3;2;2;0;1;1;0;0;0;0;0;797201,9517;5827496,533;13,38087932;52,5163682
31275;138359;11;7;7040402;2020;4;17;5;2;8;1;0;1;0;0;0;0;0;0;796044,0254;5820811,138;13,35792658;52,45706902
31276;138360;11;4;4030417;2020;4;8;2;3;0;2;0;1;1;0;0;0;0;0;790945,2785;5826751,364;13,28828553;52,51306164
31277;138361;11;3;3061228;2020;4;15;4;3;5;3;0;0;1;0;1;0;0;0;801152,8326;5831129,121;13,44221891;52,54676038
31278;138362;11;8;8020622;2020;4;18;2;3;1;5;0;0;1;0;0;0;0;0;802241,6279;5819087,086;13,44730336;52,43822416
31279;138363;11;2;2030301;2020;4;12;3;3;1;5;0;1;1;0;0;0;0;0;800019,4467;5825498,591;13,4204761;52,49691726
31280;138364;11;12;12301203;2020;4;13;7;3;0;2;0;0;1;0;0;0;1;0;793646,0678;5836127,085;13,3362631;52,59566208
31281;138365;11;8;8020620;2020;4;12;4;3;0;2;0;1;1;0;0;0;0;0;800546,1033;5820558,8;13,42375955;52,45235019
31282;138366;11;9;9041501;2020;4;10;3;3;2;6;0;0;1;0;0;0;0;0;811119,382;5820270,894;13,57858982;52,4438555
31283;138367;11;4;4051445;2020;4;8;6;3;5;2;0;0;1;0;0;0;0;0;792439,5283;5824108,623;13,30792125;52,48857102
31284;138368;11;1;1022204;2020;4;15;5;3;4;6;0;1;0;0;0;0;0;0;795048,4161;5828276,241;13,34992669;52,52452701
31285;138369;11;6;6020411;2020;4;8;6;3;2;6;0;0;1;0;0;0;0;0;793930,6811;5815475,91;13,32222301;52,41038111
31286;138370;11;1;1011202;2020;4;16;2;3;5;2;0;1;1;0;0;0;0;0;797160,1669;5827687,541;13,38043596;52,51810314
31287;138371;11;6;6040703;2020;4;17;4;3;0;1;0;1;0;0;0;0;0;1;784950,0763;5817740,417;13,19248267;52,43543376
31288;138372;11;9;9020802;2020;4;15;5;3;5;2;0;1;1;0;0;0;0;0;810003,7842;5819362,632;13,56138629;52,43634943
31289;138373;11;9;9010101;2020;4;19;3;3;2;2;0;1;1;0;0;0;0;0;802354,6184;5824745,953;13,45408692;52,48888271
31290;138374;11;7;7050504;2020;4;10;1;3;0;1;0;1;0;0;0;0;0;0;799582,9143;5819560,685;13,40873284;52,44393215
31291;138375;11;2;2020205;2020;4;18;1;3;0;1;0;1;0;0;0;0;0;0;798309,0176;5824460,692;13,39442619;52,48855137
31292;138376;11;12;12302212;2020;4;12;3;3;1;5;0;0;1;0;0;0;0;0;793458,4389;5837804,553;13,33498817;52,61080069
31293;138377;11;8;8010404;2020;4;21;6;3;5;2;2;1;1;0;0;0;0;0;801991,6831;5823302,276;13,44745018;52,47614375
31294;138378;11;6;6010210;2020;4;7;6;3;5;7;0;0;1;0;0;0;0;0;794865,9534;5821509,097;13,34125544;52,46396269
31295;138379;11;11;11020411;2020;4;16;3;3;5;7;0;1;0;0;0;0;1;0;806051,2674;5832677,429;13,51565956;52,55790704
31296;138380;11;1;1011306;2020;5;16;1;3;6;4;0;1;0;1;0;0;0;0;800327,798;5826549,361;13,42595226;52,5061661
31297;138381;11;7;7040403;2020;5;19;7;2;5;3;0;0;1;0;0;0;0;0;797424,7787;5820799,365;13,37817723;52,45621385
31298;138382;11;5;5020524;2020;5;12;6;3;2;6;0;0;1;0;0;0;0;0;783805,1137;5826333,149;13,1829975;52,51307412
31299;138383;11;2;2050802;2020;5;17;2;3;5;3;0;0;1;0;0;0;0;1;802665,0296;5827243,86;13,4609147;52,51109932
31300;138384;11;9;9051901;2020;5;9;2;3;5;3;0;1;1;0;0;0;0;1;810932,7429;5821586,156;13,57707693;52,45574848
31301;138385;11;12;12103218;2020;5;8;6;3;0;1;0;0;1;0;0;0;0;0;794308,3617;5835479,53;13,34543723;52,58949927
31302;138386;11;1;1044202;2020;5;13;6;3;5;3;0;0;0;0;1;0;1;0;795332,894;5830379,147;13,35597618;52,54322377
31303;138387;11;1;1011203;2020;5;2;6;3;5;3;2;0;1;0;0;0;1;0;797877,5819;5827467,335;13,39078051;52,51573788
31304;138388;11;1;1011302;2020;5;20;5;3;0;1;1;1;0;0;0;0;0;0;798881,4705;5828574,678;13,40652554;52,52511443
31305;138389;11;7;7040406;2020;5;13;1;3;0;2;0;1;1;0;0;0;0;0;800250,8343;5821580,434;13,42034624;52,46166986
31306;138390;11;11;11020514;2020;5;16;4;3;0;1;0;1;0;0;0;0;0;0;804592,9018;5831060,192;13,49273056;52,54423026
31307;138391;11;10;10020415;2020;5;15;1;3;0;7;0;0;0;1;1;0;0;0;812407,8114;5831289,291;13,60781545;52,54185887
31308;138392;11;8;8010404;2020;5;8;5;2;5;3;0;0;1;0;1;0;0;0;802074,5785;5822682,06;13,44810533;52,47053884
31309;138393;11;9;9051801;2020;5;15;3;3;7;7;0;0;1;0;0;0;0;0;821235,7408;5819450,968;13,72613806;52,43066088
31310;138394;11;7;7010103;2020;5;20;1;3;5;3;0;0;1;0;0;0;0;1;795487,5347;5824675,181;13,35318372;52,49200858
31311;138395;11;7;7050501;2020;5;17;6;2;0;7;0;1;0;0;0;0;0;0;797733,8624;5819137,554;13,38123141;52,44114916
31312;138396;11;11;11020411;2020;5;11;5;3;6;4;0;0;1;1;0;0;0;0;804923,9395;5833089,752;13,499461;52,56223481
31313;138397;11;11;11030824;2020;5;20;5;3;5;3;0;1;1;0;0;0;0;0;804354,8259;5826851,525;13,48537882;52,50664282
31314;138398;11;2;2030302;2020;5;17;5;3;0;1;0;1;0;0;0;0;0;0;800653,1804;5825820,08;13,43007341;52,49945012
31315;138399;11;12;12214424;2020;5;17;5;3;2;6;0;0;1;0;0;0;0;0;793208,4578;5832608,018;13,32670809;52,56435185
31316;138400;11;3;3010102;2020;5;17;5;3;5;3;0;1;1;0;0;0;0;0;804395,587;5841005,239;13,49896704;52,63347188
31317;138401;11;1;1044101;2020;5;13;4;3;5;3;0;1;1;0;0;0;0;0;793850,5679;5830086,21;13,33392184;52,54139925
31318;138402;11;6;6030608;2020;5;10;6;3;2;2;0;0;1;0;0;0;0;0;792516,256;5817077,457;13,30288779;52,42549651
31319;138403;11;6;6020304;2020;5;16;5;3;5;2;0;1;1;0;0;0;0;0;794563,5909;5817695,466;13,33345502;52,42993837
31320;138404;11;1;1011202;2020;5;16;5;3;5;2;0;1;1;0;0;0;0;0;797160,0403;5827688,286;13,38043476;52,51810989
31321;138405;11;4;4051652;2020;5;16;4;3;5;7;0;0;1;0;1;0;0;0;793451,5307;5824372,478;13,32301538;52,49039333
31322;138406;11;3;3071537;2020;5;19;1;3;5;3;0;0;1;0;0;0;0;1;799721,3324;5830080,383;13,42022556;52,5381496
31323;138407;11;8;8010301;2020;5;15;5;3;5;2;0;0;1;0;0;0;1;0;800601,8443;5824422,424;13,42805842;52,48695075
31324;138408;11;7;7020202;2020;5;9;3;3;2;6;0;1;1;0;0;0;0;0;794861,7336;5823412,261;13,34287581;52,4810257
31325;138409;11;1;1011102;2020;5;19;1;3;2;2;0;0;1;0;0;0;0;1;795192,242;5827241,018;13,35112182;52,5151692
31326;138410;11;6;6040806;2020;5;8;6;3;0;3;0;0;0;0;0;0;1;0;789114,2898;5819585,929;13,25516561;52,44979442
31327;138411;11;9;9030901;2020;5;15;5;3;2;6;0;0;1;0;1;0;0;0;807705,2907;5815828,227;13,52443095;52,40597108
31328;138412;11;1;1022204;2020;5;15;5;3;2;6;0;0;1;0;1;0;0;0;795178,1155;5828257,944;13,35181663;52,52429279
31329;138413;11;4;4010101;2020;5;15;5;2;3;6;0;0;1;0;1;0;0;0;790511,1524;5829036,28;13,2839023;52,53377737
31330;138414;11;5;5030730;2020;5;15;5;3;5;2;0;0;1;0;0;0;0;0;786433,0461;5831177,955;13,22579208;52,55513748
31331;138415;11;5;5030730;2020;5;12;4;3;5;3;0;0;1;0;0;0;0;0;786538,3728;5831592,191;13,227699;52,55879596
31332;138416;11;7;7040405;2020;5;18;1;3;5;3;0;0;1;0;0;0;0;1;799075,8682;5821704,937;13,40321532;52,46343018
31333;138417;11;2;2050801;2020;5;13;1;3;4;6;0;1;1;0;0;0;1;0;802971,0492;5827456,82;13,46560404;52,51283818
31334;138418;11;9;9030901;2020;5;14;5;3;5;3;0;1;1;0;0;0;0;0;808926,8709;5817992,921;13,54432952;52,42468336
31335;138419;11;1;1011201;2020;5;17;2;2;6;4;0;0;1;1;0;0;0;1;797889,7728;5826568,918;13,39015547;52,50767802
31336;138420;11;1;1011104;2020;5;13;2;3;5;2;0;0;1;1;0;0;0;1;796078,4161;5825576,129;13,36266211;52,49976462
31337;138421;11;7;7040403;2020;5;13;5;3;5;3;0;1;1;0;0;0;0;0;797288,6471;5821212,04;13,37654716;52,45998714
31338;138422;11;12;12214125;2020;5;17;1;3;5;7;0;0;1;0;0;0;0;0;791272,0711;5834144,454;13,29957117;52,57916507
31339;138423;11;9;9031001;2020;5;14;6;3;5;3;0;0;1;0;0;0;0;0;810865,6462;5814521,379;13,56952794;52,39247448
31340;138424;11;2;2050602;2020;5;17;1;3;1;5;0;1;1;0;0;0;0;0;803226,061;5827777,89;13,4696429;52,51557416
31341;138425;11;5;5030832;2020;5;15;1;3;3;6;0;1;0;0;0;0;0;0;788140,5125;5830427,114;13,25025586;52,54750522
31342;138426;11;3;3020203;2020;5;20;5;3;5;2;2;0;1;0;0;0;0;0;798051,5539;5837196,512;13,40207422;52,60285138
31343;138427;11;8;8010117;2020;5;0;3;3;1;5;2;0;1;0;0;0;0;0;800666,2246;5823002,14;13,42772296;52,47418478
31344;138428;11;10;10030724;2020;5;19;5;3;2;6;0;0;1;0;0;0;0;0;809656,1612;5829662,752;13,56585567;52,52885314
31345;138429;11;5;5010206;2020;5;16;1;3;5;3;0;0;1;0;0;0;0;0;781956,2814;5830596,457;13,15944247;52,55225982
31346;138430;11;7;7010104;2020;5;7;6;3;5;2;0;1;0;0;0;0;0;0;796854,6202;5824775,944;13,3733501;52,49217008
31347;138431;11;12;12302211;2020;5;18;5;3;1;5;0;1;1;0;0;0;0;0;793636,7469;5836339,862;13,33631456;52,59757451
31348;138432;11;1;1044103;2020;5;18;5;3;6;2;0;0;1;1;0;0;0;0;794935,164;5830797,445;13,35049974;52,54718893
31349;138433;11;12;12301203;2020;5;13;5;3;2;6;0;0;1;0;0;0;0;0;793047,651;5835761,601;13,32713034;52,59270853