;OBJECTID;LAND;BEZ;LOR;UJAHR;UMONAT;USTUNDE;UWOCHENTAG;UKATEGORIE;UART;UTYP1;ULICHTVERH;IstRad;IstPKW;IstFuss;IstKrad;IstGkfz;IstSonstige;USTRZUSTAND;LINREFX;LINREFY;XGCSWGS84;YGCSWGS84
31350;138434;11;2;2050802;2020;5;13;5;3;1;5;0;1;0;0;0;0;1;0;802608,1466;5826968,466;13,4598287;52,50866255
31351;138435;11;9;9051901;2020;5;7;4;3;5;3;0;0;1;0;1;0;0;1;811638,6695;5821149,029;13,58702448;52,45142918
31352;138436;11;7;7040401;2020;5;16;1;3;5;3;0;1;1;0;0;0;0;0;797382,9848;5823797,361;13,38023624;52,48311054
31353;138437;11;1;1033102;2020;5;20;7;3;1;5;1;1;1;0;0;0;0;0;797103,8037;5831416,426;13,38294113;52,55155899
31354;138438;11;2;2020202;2020;5;13;5;3;5;2;0;1;1;0;0;0;0;0;797756,0544;5825302,048;13,38705828;52,49639503
31355;138439;11;5;5020417;2020;5;12;2;3;0;7;0;0;0;0;1;0;0;1;783253,8037;5828608,45;13,17683322;52,53376166
31356;138440;11;11;11040926;2020;5;11;2;3;5;2;0;1;1;0;0;0;0;1;805600,979;5827249,6;13,50404771;52,50951396
31357;138441;11;12;12301204;2020;5;13;5;2;4;6;0;0;1;0;1;0;0;0;791876,0367;5835423,587;13,30958581;52,59030839
31358;138442;11;7;7040401;2020;5;13;6;3;5;3;0;1;1;0;0;0;0;0;797289,2377;5823176,92;13,37830659;52,47759999
31359;138443;11;12;12304314;2020;5;12;5;3;2;2;0;0;1;0;0;0;0;0;790621,1959;5835979,589;13,29160244;52,59596477
31360;138444;11;2;2020202;2020;5;8;5;3;5;2;0;1;1;0;0;0;0;0;797318,4737;5825372,439;13,3806944;52,49726456
31361;138445;11;3;3061227;2020;5;14;1;2;5;3;0;1;0;0;0;0;0;0;799870,4541;5831731,86;13,42390863;52,55287029
31362;138446;11;10;10020415;2020;5;6;5;2;6;4;0;0;1;1;0;0;0;0;812195,1887;5831009,257;13,60442729;52,53947132
31363;138447;11;11;11040926;2020;5;12;5;3;5;2;0;0;1;0;0;0;0;0;806599,8653;5827311,743;13,5187772;52,50951044
31364;138448;11;9;9020702;2020;5;11;5;3;5;3;0;1;1;0;0;0;0;0;809224,7433;5819303,813;13,54990839;52,43626327
31365;138449;11;2;2010102;2020;5;14;5;3;1;5;0;1;1;0;0;0;0;0;798416,8434;5826460,034;13,39780074;52,50641398
31366;138450;11;6;6030504;2020;5;10;5;2;0;6;0;1;1;0;0;0;0;0;790374,2374;5816732,102;13,27117449;52,42354127
31367;138451;11;7;7030301;2020;5;10;3;3;5;2;0;1;1;0;0;0;0;0;794245,2372;5822015,862;13,33259202;52,46884021
31368;138452;11;5;5010314;2020;5;12;1;3;3;6;0;0;1;0;0;0;0;0;785018,4459;5829398,655;13,20345637;52,53992663
31369;138453;11;7;7060604;2020;5;18;7;3;5;2;0;1;1;0;0;0;0;0;796476,019;5815895,007;13,359906;52,41276555
31370;138454;11;9;9010101;2020;5;10;5;3;5;3;0;1;1;0;0;0;0;0;801796,3388;5825317,404;13,44640722;52,49431361
31371;138455;11;5;5010101;2020;5;16;2;3;2;6;0;0;1;0;0;0;0;1;785323,0816;5832475,271;13,21058028;52,56735164
31372;138456;11;7;7070705;2020;5;9;2;3;2;2;0;0;1;0;0;0;0;1;799073,3938;5813141,542;13,39552273;52,38667103
31373;138457;11;5;5010314;2020;5;7;5;2;5;3;0;0;1;0;1;0;0;0;785023,3372;5828882,979;13,20308596;52,53530056
31374;138458;11;12;12224230;2020;5;11;6;3;5;2;0;1;1;0;0;0;0;0;785984,527;5839221,089;13,22613894;52,62748493
31375;138459;11;6;6010207;2020;5;7;5;2;5;2;0;1;0;0;0;0;1;0;794266,7017;5820262,707;13,33136155;52,45311242
31376;138460;11;10;10030724;2020;5;14;4;3;6;7;0;1;0;1;0;0;0;0;809066,6013;5828966,951;13,55654589;52,52295213
31377;138461;11;11;11051331;2020;5;12;1;2;0;1;0;1;0;0;0;0;0;0;807252,4491;5824291,314;13,52557688;52,48207383
31378;138462;11;11;11030721;2020;5;22;4;3;5;3;2;0;1;0;0;0;0;0;804287,7477;5828425,082;13,4858324;52,52078342
31379;138463;11;6;6030504;2020;5;9;1;3;1;5;0;1;1;0;0;0;0;0;789267,5783;5816365,381;13,25462815;52,42083959
31380;138464;11;7;7040405;2020;5;14;4;3;5;2;0;0;0;0;1;0;1;0;797893,0729;5821929,311;13,38605714;52,46608755
31381;138465;11;1;1011302;2020;5;10;3;3;1;5;0;1;0;0;0;0;1;0;798103,7653;5828952,785;13,39543523;52,52892943
31382;138466;11;2;2040701;2020;5;9;1;3;5;3;0;1;1;0;0;0;0;0;800312,3241;5827613,063;13,42668475;52,51570893
31383;138467;11;3;3071633;2020;5;7;6;2;0;6;0;1;1;0;0;0;0;0;800122,4855;5830732,143;13,42671126;52,54377075
31384;138468;11;8;8020619;2020;5;14;4;3;5;7;0;0;1;0;1;0;0;0;801458,6418;5820946,801;13,43749785;52,45532549
31385;138469;11;8;8030831;2020;5;8;1;3;5;3;0;1;1;0;0;0;0;0;803523,3891;5817786,906;13,46492145;52,42586086
31386;138470;11;8;8010301;2020;5;14;4;3;5;3;0;1;1;0;0;0;0;0;800593,6279;5824432,634;13,42794699;52,48704678
31387;138471;11;1;1033203;2020;5;18;3;3;1;7;0;0;1;0;0;0;0;0;796728,1333;5830685,534;13,37676368;52,54521215
31388;138472;11;5;5010313;2020;5;21;7;2;6;4;2;0;1;1;0;0;0;0;784420,612;5829916,986;13,19510902;52,54488639
31389;138473;11;1;1011402;2020;5;19;6;3;0;1;0;1;0;0;0;0;0;0;798539,9723;5829177,323;13,40204796;52,5307034
31390;138474;11;9;9010402;2020;5;13;4;3;5;2;0;0;1;0;0;0;0;0;806309,4633;5819450,872;13,50729273;52,43922163
31391;138475;11;10;10030724;2020;5;12;4;3;2;6;0;0;1;0;0;0;0;0;809576,021;5828177,421;13,56329566;52,51558768
31392;138476;11;7;7030303;2020;5;21;5;3;0;1;2;0;0;0;1;0;0;0;794776,69;5821837,531;13,34023544;52,46695508
31393;138477;11;4;4020312;2020;5;12;4;3;5;3;0;0;1;0;0;0;0;0;789821,4385;5827303,076;13,27225181;52,51860615
31394;138478;11;6;6010205;2020;5;11;4;2;2;6;0;0;1;0;1;0;0;0;794859,1046;5820042,71;13,33985986;52,45082103
31395;138479;11;11;11020412;2020;5;15;4;3;2;6;0;0;1;0;0;1;0;0;805730,8748;5831346,223;13,50972247;52,5461564
31396;138480;11;11;11041128;2020;5;17;7;2;8;1;0;1;0;0;1;0;0;0;807097,2242;5825821,741;13,52470853;52,4958771
31397;138481;11;7;7010102;2020;5;9;4;3;5;2;0;0;0;0;1;0;1;0;794951,5498;5825651,071;13,34617631;52,50104666
31398;138482;11;2;2030302;2020;5;7;3;3;1;5;0;1;0;0;0;1;0;0;800311,362;5825825,014;13,42505755;52,49968256
31399;138483;11;8;8041037;2020;5;12;7;3;5;2;0;1;1;0;0;0;0;0;805548,1859;5818553,03;13,49530756;52,43160046
31400;138484;11;3;3061227;2020;5;7;6;3;5;2;0;1;0;0;0;0;0;0;800043,913;5831022,709;13,42581857;52,54641845
31401;138485;11;3;3050924;2020;5;9;4;3;5;2;0;0;1;0;0;0;0;0;801536,5402;5831439,368;13,44814203;52,5493289
31402;138486;11;2;2010102;2020;5;8;4;3;1;5;0;1;1;0;0;0;0;0;798004,7265;5825937,826;13,39127933;52,50195828
31403;138487;11;5;5020417;2020;5;14;5;3;4;7;0;1;0;0;0;0;1;0;782700,4267;5828556,221;13,16865225;52,53358068
31404;138488;11;9;9030901;2020;5;6;4;3;1;5;0;0;1;0;1;0;0;0;807857,0426;5817873,312;13,52853568;52,42421432
31405;138489;11;7;7060604;2020;5;17;5;3;2;3;0;0;1;0;0;0;0;0;796583,8766;5815878,385;13,36147242;52,41255812
31406;138490;11;6;6040807;2020;5;12;4;3;5;3;0;0;1;0;0;0;0;0;789871,4506;5818784,84;13,26558088;52,44221143
31407;138491;11;7;7020203;2020;5;21;4;3;0;5;2;1;1;0;0;0;0;0;795674,6964;5824089,621;13,35541283;52,48665814
31408;138492;11;12;12214424;2020;5;14;4;3;0;2;0;0;0;0;0;0;1;0;793232,5855;5832486,183;13,32695534;52,56324667
31409;138493;11;3;3020307;2020;5;11;7;3;5;3;0;0;1;0;0;0;0;0;800002,7708;5838587,061;13,43205991;52,61424193
31410;138494;11;3;3020203;2020;5;13;1;3;5;2;0;1;0;0;0;0;0;0;796425,9171;5840463,678;13,38106917;52,63302615
31411;138495;11;4;4030620;2020;5;20;4;3;5;3;0;0;1;0;0;0;0;0;792767,3287;5827045,962;13,31531769;52,51472768
31412;138496;11;10;10040931;2020;5;20;2;3;5;3;1;0;1;0;0;0;0;0;812881,0046;5828236,689;13,61189781;52,51423302
31413;138497;11;2;2050802;2020;5;18;4;3;1;1;0;1;1;0;0;0;0;0;802387,1275;5827080,657;13,45668396;52,50979065
31414;138498;11;5;5010314;2020;5;11;7;3;2;6;0;0;1;0;0;0;0;0;784069,0377;5829020,63;13,18917204;52,53703301
31415;138499;11;12;12214424;2020;5;15;6;3;5;3;0;0;1;0;1;0;0;0;793322,2106;5832664,055;13,32843101;52,56479292
31416;138500;11;2;2050602;2020;5;17;4;3;5;2;0;1;1;0;0;0;0;0;802604,076;5827776,757;13,46050385;52,51590945
31417;138501;11;3;3040818;2020;5;17;4;3;5;2;0;1;1;0;0;0;0;0;799301,3478;5833431,83;13,41707311;52,56842079
31418;138502;11;3;3050923;2020;5;12;5;3;2;6;0;0;1;0;0;0;0;0;801240,5055;5831960,475;13,44426212;52,5541634
31419;138503;11;1;1022104;2020;5;16;4;3;5;3;0;0;1;0;0;0;0;0;794302,076;5828635,926;13,33927601;52,52815474
31420;138504;11;2;2040502;2020;5;13;4;3;0;2;0;1;1;0;0;0;0;0;801114,4845;5828087,864;13,43890003;52,51952239
31421;138505;11;12;12214424;2020;5;10;7;3;3;6;0;0;0;0;1;0;1;0;792578,2587;5832824,986;13,31762869;52,56663591
31422;138506;11;1;1011305;2020;5;0;7;3;0;1;2;1;0;0;0;0;0;0;799669,4928;5827122,048;13,4167977;52,51166133
31423;138507;11;4;4031032;2020;5;16;4;3;1;5;0;1;1;0;0;0;0;0;790903,6908;5825039,401;13,28617853;52,49773606
31424;138508;11;6;6040703;2020;5;16;2;3;5;3;0;0;1;0;0;0;0;1;785764,9799;5816919,364;13,20373566;52,42764697
31425;138509;11;2;2020206;2020;5;9;2;3;0;2;0;1;1;0;0;0;0;1;799844,8769;5824797,92;13,4172817;52,49073275
31426;138510;11;2;2020202;2020;5;9;3;3;0;7;0;1;0;0;0;0;0;0;797279,7161;5825551,539;13,38028501;52,49889111
31427;138511;11;4;4010101;2020;5;11;4;3;2;2;0;0;1;0;0;0;0;0;790409,8158;5829041,715;13,28241726;52,5338801
31428;138512;11;6;6030609;2020;5;19;7;3;1;5;0;0;1;0;0;0;0;0;793283,3057;5818939,519;13,31576977;52,4417789
31429;138513;11;6;6040809;2020;5;12;7;3;1;5;0;0;1;0;0;0;0;0;792122,5827;5820346,766;13,2999723;52,45501609
31430;138514;11;10;10030726;2020;5;21;3;3;2;3;1;1;1;0;0;0;0;1;809535,9217;5827564,737;13,56213677;52,51011977
31431;138515;11;7;7040403;2020;5;16;2;3;2;6;0;0;1;0;0;0;0;1;797510,767;5820792,947;13,37943327;52,45610952
31432;138516;11;3;3050925;2020;5;11;2;3;2;6;0;0;1;0;0;0;0;1;801650,4052;5831283,795;13,44967491;52,54787146
31433;138517;11;7;7020204;2020;5;19;3;3;2;6;0;1;1;0;0;0;0;1;796515,34;5823964,128;13,3676452;52,48507731
31434;138518;11;4;4020311;2020;5;14;6;2;2;6;0;0;1;0;1;0;0;0;789037,802;5826999,086;13,26047088;52,51629671
31435;138519;11;1;1011103;2020;5;17;3;3;5;3;0;0;1;0;0;0;0;0;795174,5889;5825896,865;13,34967043;52,50312942
31436;138520;11;9;9020802;2020;5;10;3;2;6;4;0;0;1;1;0;0;0;0;810568,98;5819935,328;13,57020597;52,44116114
31437;138521;11;4;4051550;2020;5;10;5;3;3;6;0;1;0;0;0;0;0;0;793124,4102;5824079,864;13,31795385;52,4879459
31438;138522;11;11;11030721;2020;5;8;2;3;5;3;0;0;1;0;0;0;0;0;804297,2125;5828218,454;13,48578245;52,51892621
31439;138523;11;12;12231102;2020;5;10;3;2;5;3;0;1;1;0;0;0;0;0;789442,4433;5840425,075;13,27813889;52,63644707
31440;138524;11;2;2030301;2020;5;16;3;3;5;2;0;1;1;0;0;0;0;0;799901,1958;5825710,861;13,41893055;52,49888492
31441;138525;11;1;1011302;2020;5;19;7;3;3;6;0;1;0;0;1;0;0;0;798110,479;5828955,954;13,39553674;52,52895417
31442;138526;11;2;2050801;2020;5;17;7;3;2;6;0;1;1;0;0;0;0;0;803362,0896;5826792,273;13,47074302;52,50666465
31443;138527;11;1;1044203;2020;5;9;3;3;2;3;0;0;1;0;0;0;1;0;795456,9106;5831567,982;13,35885731;52,55381337
31444;138528;11;4;4031032;2020;5;16;2;3;5;2;0;1;1;0;0;0;0;1;791916,4578;5824767,624;13,30081688;52,49475883
31445;138529;11;7;7050501;2020;5;8;3;3;5;2;0;0;1;0;0;0;0;0;798019,162;5819648,38;13,38587191;52,44557276
31446;138530;11;6;6020408;2020;5;10;6;2;5;3;0;0;1;0;0;0;0;0;792759,7122;5816343,73;13,30581597;52,41878851
31447;138531;11;3;3061126;2020;5;7;2;3;5;2;0;1;1;0;0;0;0;1;798961,2812;5831449,173;13,41028457;52,55083622
31448;138532;11;1;1011304;2020;5;5;3;3;2;6;1;0;1;0;0;0;0;0;799622,2799;5828268,079;13,41713613;52,52195965
31449;138533;11;8;8010301;2020;5;17;3;3;2;6;0;1;1;0;0;0;0;1;800558,7741;5824951,303;13,42790303;52,49171498
31450;138534;11;6;6010101;2020;5;16;3;3;6;4;0;0;1;1;0;0;0;1;792460,2779;5820802,075;13,30532669;52,45891729
31451;138535;11;2;2050802;2020;5;13;6;3;5;3;0;0;1;0;0;0;0;0;802042,9028;5827166,472;13,45170518;52,51075051
31452;138536;11;4;4010102;2020;5;6;2;3;5;2;1;0;1;0;0;1;1;1;793353,0082;5829679,071;13,32624675;52,53801756
31453;138537;11;6;6010205;2020;5;16;3;3;2;6;0;0;1;0;1;0;0;1;795995,7221;5819451,84;13,35601311;52,44491007
31454;138538;11;9;9051901;2020;5;15;3;3;5;2;0;1;1;0;0;0;0;1;811844,6083;5821600,191;13,59046641;52,4553548
31455;138539;11;9;9031101;2020;5;18;7;3;3;6;0;1;1;0;0;0;0;0;811547,4754;5817156,212;13,58196647;52,41569948
31456;138540;11;10;10010102;2020;5;10;5;3;5;3;0;1;1;0;0;0;0;0;809555,896;5834186,815;13,56859939;52,56945272
31457;138541;11;6;6020409;2020;5;17;7;3;2;6;0;0;1;0;0;0;0;0;793206,6742;5816457,973;13,31246965;52,4195734
31458;138542;11;4;4030623;2020;5;15;3;2;2;6;0;0;1;0;0;0;1;0;793440,005;5826569,842;13,32478228;52,51009798
31459;138543;11;2;2050801;2020;5;17;3;3;1;5;0;1;1;0;0;0;0;0;802267,2841;5827501,259;13,45530546;52,51362692
31460;138544;11;6;6040703;2020;5;17;7;2;5;2;0;1;1;0;0;0;0;0;784747,6413;5817552,146;13,18935251;52,4338511
31461;138545;11;7;7010102;2020;5;22;6;3;1;5;2;1;1;0;0;0;0;0;795892,5176;5825166,57;13,3595677;52,4961941
31462;138546;11;5;5010311;2020;5;14;3;3;2;6;0;0;1;0;0;0;0;0;785855,054;5830256,748;13,21649688;52,54718186
31463;138547;11;4;4051445;2020;5;14;3;3;2;6;0;1;1;0;0;0;0;1;792518,6795;5824139,045;13,30911035;52,48880134
31464;138548;11;7;7010102;2020;5;15;5;3;0;2;0;1;1;0;0;0;0;0;795471,8632;5825556,067;13,35373492;52,49991354
31465;138549;11;3;3061430;2020;5;11;2;3;5;3;0;0;1;0;0;0;0;1;802341,5557;5829703,04;13,45839816;52,53332019
31466;138550;11;3;3020307;2020;5;14;3;3;5;3;0;0;1;0;0;0;0;1;799525,0405;5837456,275;13,42400156;52,60436996
31467;138551;11;4;4020310;2020;5;14;3;3;6;6;0;1;0;1;0;0;0;0;790374,1632;5827296,14;13,28036877;52,51824994
31468;138552;11;11;11020412;2020;5;14;4;3;2;6;0;0;1;0;0;0;0;0;805730,8748;5831346,223;13,50972247;52,5461564
31469;138553;11;3;3040614;2020;5;17;7;3;5;2;0;1;1;0;0;0;0;0;799981,5081;5835110,052;13,42859671;52,58308869
31470;138554;11;12;12224230;2020;5;16;1;3;5;7;0;1;0;0;0;0;1;0;785063,0336;5836795,289;13,21047083;52,60622029
31471;138555;11;6;6010209;2020;5;12;3;3;0;3;0;0;1;0;1;0;0;0;794194,662;5821438,436;13,33134056;52,46369109
31472;138556;11;6;6020303;2020;5;6;3;3;5;2;2;1;0;0;0;0;1;0;795355,8592;5818457,348;13,34574712;52,43634105
31473;138557;11;1;1011305;2020;5;19;4;2;0;6;0;0;1;0;1;0;0;0;799641,1799;5827021,388;13,41629112;52,51077462
31474;138558;11;2;2010102;2020;5;17;7;3;0;7;0;1;0;0;0;0;0;0;798044,2482;5825487,954;13,39145725;52,49790415
31475;138559;11;4;4041137;2020;5;12;3;3;6;7;0;0;1;1;0;0;0;0;791596,6145;5823648,798;13,29513996;52,48489961
31476;138560;11;9;9020602;2020;5;10;3;1;6;4;0;0;1;1;0;0;0;0;808417,3452;5820877,388;13,53952127;52,45082159
31477;138561;11;7;7040403;2020;5;17;7;3;5;3;0;0;1;0;0;0;0;0;797267,5133;5820724,542;13,37580296;52,45562869
31478;138562;11;1;1044101;2020;5;9;6;2;2;7;0;0;1;0;0;0;1;0;793945,7829;5832037,532;13,33704916;52,55884024
31479;138563;11;6;6020302;2020;5;11;3;3;2;6;0;0;1;0;0;0;0;0;794932,7015;5819267,578;13,34025538;52,44383268
31480;138564;11;8;8010405;2020;5;10;2;3;5;3;0;1;1;0;0;0;0;0;802179,8731;5823394,94;13,45029655;52,47687023
31481;138565;11;2;2040502;2020;5;15;5;3;5;2;0;1;1;0;0;0;0;0;801250,8166;5827844,229;13,44068261;52,51726336
31482;138566;11;8;8020620;2020;5;20;2;2;0;1;1;0;0;0;1;0;0;1;801209,3018;5819650,31;13,43267037;52,44384205
31483;138567;11;8;8010117;2020;5;16;2;2;6;4;0;1;0;1;0;0;0;1;800557,4629;5823308,213;13,42640231;52,47698809
31484;138568;11;4;4030518;2020;5;16;2;2;5;2;0;0;1;0;1;0;0;1;791382,3541;5828591,145;13,29631972;52,52932174
31485;138569;11;7;7030301;2020;5;12;4;2;0;4;0;1;0;1;0;0;0;0;793988,0171;5822944,275;13,32963462;52,47730151
31486;138570;11;8;8010118;2020;5;16;7;3;2;2;0;0;1;0;0;0;0;0;800878,4986;5822453,848;13,43034432;52,46915336
31487;138571;11;8;8040933;2020;5;13;1;2;5;2;0;0;1;0;1;0;0;0;803006,8476;5819362,836;13,45877612;52,44027232
31488;138572;11;12;12301205;2020;5;15;2;3;5;2;0;0;1;0;0;0;0;0;792606,403;5837531,674;13,32219953;52,60881384
31489;138573;11;2;2020206;2020;5;15;2;3;2;6;0;0;1;0;1;0;0;1;800173,5053;5825046,877;13,42233164;52,49278365
31490;138574;11;1;1044101;2020;5;13;2;3;5;2;0;1;1;0;0;0;0;1;794830,994;5831327,327;13,34943844;52,55199528
31491;138575;11;4;4041137;2020;5;15;2;3;0;6;0;0;1;0;1;0;0;1;791229,8101;5823280,546;13,28943176;52,481794
31492;138576;11;3;3061430;2020;5;15;7;3;6;4;0;0;0;1;0;0;1;0;802563,8472;5829389,451;13,4613799;52,53038618
31493;138577;11;12;12304313;2020;5;14;6;3;1;5;0;0;1;0;1;0;0;0;791980,0038;5834091,854;13,30994278;52,57831412
31494;138578;11;1;1033203;2020;5;15;2;3;0;2;0;0;0;0;1;0;1;1;796290,9804;5830599,663;13,37025945;52,54468032
31495;138579;11;8;8010117;2020;5;14;2;3;6;4;0;0;0;1;1;0;0;1;800423,8149;5823712,311;13,42480448;52,48068372
31496;138580;11;3;3010101;2020;5;11;5;3;4;6;0;0;1;0;0;0;0;0;800207,3177;5841207,429;13,43745151;52,63761545
31497;138581;11;10;10020412;2020;5;13;2;2;6;4;0;0;0;1;0;0;1;0;810941,174;5831987,044;13,58691216;52,5489505
31498;138582;11;4;4041344;2020;5;13;7;3;1;1;0;1;1;0;0;0;0;0;793385,1066;5822041,425;13,31998872;52,46953197
31499;138583;11;1;1044101;2020;5;18;6;3;0;2;0;1;1;0;0;0;0;0;794020,7694;5831275,549;13,33747719;52,55196909
31500;138584;11;1;1044201;2020;5;13;2;3;6;4;0;0;0;1;1;0;0;1;796725,9486;5831949,689;13,37786126;52,55654505
31501;138585;11;1;1044102;2020;5;12;2;3;2;6;0;0;1;0;0;0;0;1;795236,8017;5831698,517;13,35573635;52,55510286
31502;138586;11;1;1011202;2020;5;13;5;3;1;5;0;1;1;0;0;0;0;0;797723,2198;5827683,693;13,38870604;52,51776156
31503;138587;11;2;2020205;2020;5;11;2;3;5;2;0;1;1;0;0;0;0;1;797996,348;5824565,695;13,38992881;52,48966336
31504;138588;11;9;9052001;2020;5;10;4;3;1;5;0;1;1;0;0;0;0;0;810262,577;5822752,63;13,56833002;52,46658284
31505;138589;11;11;11051331;2020;5;15;7;3;0;7;0;1;1;0;0;0;0;0;807546,1975;5825487,396;13,53099252;52,49262787
31506;138590;11;5;5020417;2020;5;23;7;2;1;1;2;0;1;0;0;0;0;0;782512,2309;5828533,07;13,16586544;52,53347069
31507;138591;11;12;12214424;2020;5;11;2;3;0;1;0;0;0;0;1;0;0;1;793384,7483;5832518,192;13,329222;52,56345164
31508;138592;11;4;4020311;2020;5;15;2;3;2;6;0;0;1;0;0;0;0;1;788727,5116;5827339,97;13,25620672;52,51951722
31509;138593;11;4;4020313;2020;5;11;2;3;5;2;0;0;1;0;0;0;1;1;790455,1358;5825990,734;13,28041939;52,50650376
31510;138594;11;1;1033101;2020;5;22;2;3;5;2;2;0;1;0;1;0;0;0;797091,8599;5833198,911;13,38436118;52,56754331
31511;138595;11;2;2040701;2020;5;18;6;3;5;2;0;1;1;0;0;0;0;0;800718,2648;5827875,416;13,4328861;52,5178368
31512;138596;11;11;11020412;2020;5;12;2;3;6;2;0;0;1;1;0;0;0;1;805725,4725;5831358,498;13,50965435;52,54626945
31513;138597;11;4;4030828;2020;5;19;2;3;2;6;0;0;1;0;0;0;0;1;792857,083;5826614,63;13,31625698;52,51081275
31514;138598;11;10;10020413;2020;5;17;2;3;5;2;0;1;1;0;0;0;0;0;811829,957;5830490,133;13,59857242;52,53502846
31515;138599;11;9;9010202;2020;5;9;5;3;2;6;0;0;1;0;0;1;0;0;804148,5491;5822934,111;13,47877374;52,47164721
31516;138600;11;7;7010101;2020;5;20;2;3;0;1;1;0;0;0;1;0;0;1;794597,0307;5824872,488;13,34028005;52,49425864
31517;138601;11;1;1011102;2020;5;16;2;1;8;1;0;1;0;0;0;0;0;0;796787,3064;5828064,665;13,37529352;52,5216867
31518;138602;11;4;4030827;2020;5;18;3;3;2;6;0;0;1;0;0;0;0;0;792689,2355;5826111,086;13,31334801;52,50638872
31519;138603;11;1;1033102;2020;5;16;2;3;5;2;0;1;1;0;0;0;0;0;797649,5347;5831843,198;13,39134882;52,55508651
31520;138604;11;9;9031101;2020;5;7;3;3;6;4;0;1;0;1;0;0;0;0;811558,108;5817345,472;13,58229848;52,4173895
31521;138605;11;2;2020201;2020;5;20;7;3;5;2;1;1;1;0;0;0;0;0;796768,304;5826034,349;13,37320371;52,50349736
31522;138606;11;3;3020307;2020;5;18;7;2;8;1;0;0;0;0;1;0;0;0;800237,9446;5836500,842;13,43363054;52,59541308
31523;138607;11;3;3040818;2020;5;16;2;2;6;4;0;0;1;1;0;0;0;1;799614,414;5833319,589;13,421577;52,56724253
31524;138608;11;9;9051901;2020;5;15;2;3;5;3;0;0;1;0;0;0;0;1;810984,7894;5821728,45;13,57797295;52,45699405
31525;138609;11;7;7010104;2020;5;8;2;3;0;1;0;0;0;0;1;0;0;1;796337,5905;5824936,307;13,36589974;52,49388852
31526;138610;11;11;11030618;2020;5;10;2;3;5;2;0;1;1;0;0;0;0;1;802433,6748;5828907,021;13,45902798;52,52613444
31527;138611;11;12;12231102;2020;5;12;6;3;6;4;0;0;1;1;0;0;0;0;790894,0884;5841235,995;13,30024371;52,642941
31528;138612;11;1;1011204;2020;5;9;2;3;1;5;0;1;1;0;0;0;0;0;798356,7384;5826693,501;13,39712705;52,50853958
31529;138613;11;3;3061228;2020;5;8;2;3;0;7;0;1;0;0;0;0;0;0;800832,0924;5830563,316;13,43699078;52,54186619
31530;138614;11;1;1044101;2020;5;20;7;2;6;4;0;0;0;1;1;0;0;0;793984,7362;5830188,853;13,33598532;52,54224701
31531;138615;11;4;4030931;2020;5;22;4;3;1;5;2;0;1;0;0;0;0;0;793575,7026;5825452,73;13,32579097;52,50001057
31532;138616;11;2;2030302;2020;5;13;7;2;0;1;0;1;0;0;0;0;0;0;800151,1732;5825759,533;13,42264582;52,49918376
31533;138617;11;2;2050803;2020;5;8;2;3;2;6;0;0;1;0;0;0;1;1;802913,6493;5825953,925;13,46339338;52,49939978
31534;138618;11;7;7070706;2020;5;14;3;3;1;5;0;1;1;0;0;0;0;0;800014,9865;5812800,63;13,40901202;52,38310044
31535;138619;11;1;1022104;2020;5;18;7;3;3;6;0;1;1;0;0;0;0;0;794575,1794;5828691,139;13,34333908;52,52850218
31536;138620;11;8;8020622;2020;5;10;6;3;5;2;0;1;1;0;0;0;0;0;801299,0511;5819621,43;13,43396081;52,44353374
31537;138621;11;8;8041037;2020;5;8;2;3;0;4;0;0;1;1;0;0;0;0;805661,8648;5817020,205;13,49557388;52,41779885
31538;138622;11;12;12214125;2020;5;13;1;3;2;6;0;0;1;0;0;0;0;0;789348,7767;5833662,275;13,27084593;52,57586843
31539;138623;11;6;6040810;2020;5;18;5;3;2;6;0;0;1;0;0;0;0;0;792556,4567;5821656,583;13,30748722;52,46652634
31540;138624;11;8;8010509;2020;5;19;2;3;6;4;0;0;1;1;0;0;0;1;803859,1187;5822153,543;13,47381498;52,46481219
31541;138625;11;6;6020302;2020;5;17;1;3;6;4;0;0;1;1;0;0;0;0;794256,0576;5819375,968;13,3304242;52,44516891
31542;138626;11;8;8010214;2020;5;15;7;3;0;3;0;0;1;0;1;0;0;0;801579,8583;5822305,854;13,44050422;52,46744015
31543;138627;11;11;11040926;2020;5;17;6;3;4;6;0;1;0;0;0;0;0;0;805827,117;5827151,1;13,50727891;52,50850445
31544;138628;11;5;5010209;2020;5;16;1;3;5;3;0;0;1;0;0;0;0;0;781905,5299;5829564,557;13,15781993;52,54303362
31545;138629;11;1;1044103;2020;5;15;1;3;6;4;0;0;1;1;0;0;0;0;795141,4142;5830737,444;13,35347921;52,54653937
31546;138630;11;10;10010102;2020;5;19;5;3;1;5;0;0;1;0;1;0;0;0;809912,2884;5833744,318;13,57342764;52,56528453
31547;138631;11;6;6010205;2020;5;11;1;3;2;2;0;1;1;0;0;0;0;0;795515,1217;5819614,265;13,34910618;52,44662606