;OBJECTID;LAND;BEZ;LOR;UJAHR;UMONAT;USTUNDE;UWOCHENTAG;UKATEGORIE;UART;UTYP1;ULICHTVERH;IstRad;IstPKW;IstFuss;IstKrad;IstGkfz;IstSonstige;USTRZUSTAND;LINREFX;LINREFY;XGCSWGS84;YGCSWGS84
31745;138829;11;10;10010204;2020;5;16;6;3;5;2;0;1;0;0;0;0;1;0;809674,446;5833230,17;13,56945007;52,56081233
31746;138830;11;10;10010207;2020;5;13;3;3;5;3;0;1;1;0;0;0;0;0;808968,219;5831698,923;13,55764008;52,547491
31747;138831;11;4;4030621;2020;5;8;3;3;5;2;0;1;0;0;0;0;0;0;793193,7661;5827783,051;13,32223345;52,5211063
31748;138832;11;10;10010309;2020;5;16;5;3;5;2;0;1;1;0;0;0;0;0;807934,6072;5829198,169;13,54012811;52,52566473
31749;138833;11;3;3020209;2020;5;19;3;3;5;3;0;1;1;0;0;0;0;0;797429,074;5835037,436;13,39097105;52,58383911
31750;138834;11;12;12301206;2020;5;10;4;3;5;3;0;1;1;0;0;0;0;0;794741,7021;5838685,052;13,35466973;52,61799917
31751;138835;11;10;10010206;2020;5;11;2;3;2;6;0;0;1;0;0;0;0;0;809975,5512;5832063,413;13,57278825;52,55018518
31752;138836;11;9;9020802;2020;5;16;4;3;5;3;0;1;0;0;0;0;1;0;810368,5336;5820336,127;13,56763871;52,44486677
31753;138837;11;11;11030721;2020;5;17;7;3;5;2;0;1;1;0;0;0;0;0;803785,3743;5827703,101;13,47779174;52,51459262
31754;138838;11;2;2020203;2020;5;8;3;3;5;7;0;0;1;0;1;0;0;0;797235,8628;5824001,387;13,37825804;52,48501953
31755;138839;11;3;3040614;2020;5;11;7;3;5;3;0;0;1;0;1;0;0;0;799900,1656;5835627,76;13,4278683;52,58777386
31756;138840;11;11;11030824;2020;5;18;3;3;9;1;0;0;1;0;1;0;0;0;803680,2171;5827465,166;13,47602973;52,51251863
31757;138841;11;8;8041036;2020;5;7;3;3;5;3;0;1;1;0;0;0;0;0;804610,7044;5816576,172;13,47976102;52,41440507
31758;138842;11;2;2020202;2020;5;15;6;3;5;3;0;1;1;0;0;0;0;0;797556,7671;5825153,32;13,38399852;52,49517054
31759;138843;11;6;6040804;2020;5;17;5;2;0;1;0;0;0;0;1;0;0;0;787066,7807;5818444,86;13,22413931;52,44064284
31760;138844;11;1;1011306;2020;5;23;7;3;5;3;2;0;1;0;0;0;0;0;799902,6124;5826514,019;13,4196747;52,50608319
31761;138845;11;12;12304313;2020;5;6;3;3;1;5;0;1;1;0;0;0;0;0;791253,2093;5834364,555;13,299487;52,58114831
31762;138846;11;4;4030929;2020;5;20;2;3;1;5;1;1;1;0;0;0;0;0;792476,0307;5825406,25;13,30959656;52,50018439
31763;138847;11;5;5040937;2020;5;12;5;3;2;6;0;0;1;0;0;0;0;0;781810,3355;5819930,985;13,14826759;52,45670275
31764;138848;11;8;8020728;2020;5;6;3;2;3;5;0;0;1;0;1;0;0;0;802073,286;5817670,099;13,44355432;52,42561636
31765;138849;11;9;9010401;2020;5;20;6;3;5;3;0;0;1;0;0;0;0;0;806121,4474;5820098,667;13,5051288;52,44513275
31766;138850;11;9;9051801;2020;5;22;5;3;0;1;2;1;0;0;0;0;0;0;818151,0195;5820737,249;13,68214394;52,44398879
31767;138851;11;10;10020413;2020;5;6;3;3;0;3;1;0;1;0;1;0;0;0;811312,9345;5831177,197;13,59161814;52,54148096
31768;138852;11;6;6010103;2020;5;7;3;3;5;3;0;1;1;0;0;0;0;0;793882,1996;5821381,989;13,32670481;52,46335321
31769;138853;11;6;6030605;2020;5;14;5;2;3;6;0;1;0;0;0;0;0;0;791430,0022;5819078,643;13,2887023;52,444017
31770;138854;11;8;8020620;2020;5;8;4;3;2;6;0;0;1;0;0;0;0;0;800419,3678;5820549,394;13,42189169;52,45233554
31771;138855;11;1;1033102;2020;5;9;2;3;2;6;0;1;0;0;0;0;0;0;797233,8781;5831913,917;13,38529933;52,55594743
31772;138856;11;2;2030302;2020;5;8;4;3;5;2;0;1;1;0;0;0;0;0;800787,5296;5825815,253;13,43204223;52,49933283
31773;138857;11;1;1011402;2020;5;14;7;3;1;5;0;1;1;0;0;0;0;0;798622,8088;5829352,458;13,40342282;52,53222787
31774;138858;11;6;6020411;2020;5;11;6;3;0;4;0;1;0;1;0;0;0;0;793351,9964;5816256,819;13,31442412;52,41769222
31775;138859;11;4;4051445;2020;5;15;3;3;5;2;0;1;1;0;0;0;0;0;792030,4163;5824085,771;13,30189307;52,48858516
31776;138860;11;7;7060604;2020;5;5;3;3;5;3;0;0;1;0;0;0;1;0;796161,5242;5815922,829;13,35532024;52,41318519
31777;138861;11;11;11010204;2020;5;13;6;3;5;3;0;1;1;0;0;0;0;0;807663,522;5833599,355;13,54022147;52,5652608
31778;138862;11;6;6040701;2020;5;13;5;3;0;4;0;1;0;1;0;0;0;0;782029,2903;5815164,879;13,14746033;52,41385355
31779;138863;11;6;6030610;2020;5;0;7;3;2;6;2;0;1;0;0;0;0;0;792264,8922;5817835,017;13,29986362;52,43242234
31780;138864;11;8;8010115;2020;5;4;3;3;0;7;1;1;0;0;0;0;0;0;799427,2611;5823776,297;13,41023147;52,4818046
31781;138865;11;4;4030415;2020;5;17;2;3;5;2;0;1;1;0;0;0;0;1;791403,0446;5827477,565;13,29564807;52,51932758
31782;138866;11;7;7040401;2020;5;10;5;3;5;3;0;0;1;0;0;0;0;0;797033,9307;5823574,726;13,37491286;52,48130484
31783;138867;11;6;6010209;2020;5;15;4;3;1;5;0;0;1;0;0;0;0;0;793935,9152;5821028,023;13,32718149;52,46015115
31784;138868;11;1;1011402;2020;5;19;1;3;0;1;1;0;0;0;1;0;0;1;798800,3865;5829708,392;13,4063529;52,53532098
31785;138869;11;11;11051229;2020;5;13;4;3;0;2;0;1;0;0;0;1;0;0;805468,0564;5824454,119;13,4995317;52,48453405
31786;138870;11;9;9010301;2020;5;12;6;3;6;4;0;0;1;1;0;0;0;0;804898,089;5822518,968;13,48939504;52,46750861
31787;138871;11;3;3030716;2020;5;19;4;3;5;3;0;1;1;0;0;0;0;0;803373,1492;5833510,493;13,47703837;52,566872
31788;138872;11;9;9052001;2020;5;16;1;3;2;6;0;0;1;0;0;0;0;1;811306,7788;5822450,94;13,58337018;52,46328533
31789;138873;11;9;9010401;2020;5;6;4;3;1;5;0;1;1;0;0;0;0;0;804789,3234;5821614,491;13,48697292;52,45946277
31790;138874;11;1;1011204;2020;5;9;7;3;5;3;0;0;1;0;0;0;0;0;798033,0059;5826582,141;13,39227148;52,50771833
31791;138875;11;12;12214422;2020;5;12;6;3;5;2;0;0;1;0;1;0;0;0;792313,8301;5833748,998;13,31455294;52,57506134
31792;138876;11;9;9010301;2020;5;15;3;3;1;1;0;0;1;0;0;0;0;0;804556,615;5821707,621;13,48364345;52,4604272
31793;138877;11;1;1011402;2020;5;9;3;3;0;1;0;1;0;0;0;0;0;0;798604,3714;5829316,603;13,40311961;52,53191657
31794;138878;11;3;3071536;2020;5;8;5;3;0;1;0;1;0;0;0;0;0;0;799228,155;5829413,773;13,41237557;52,53244548
31795;138879;11;4;4020310;2020;5;9;5;3;1;5;0;0;1;0;0;0;0;0;789994,2884;5827349,612;13,27483265;52,51893147
31796;138880;11;1;1011302;2020;5;20;7;3;5;2;0;1;1;0;0;0;0;0;798858,9224;5828961,742;13,40654206;52,52859626
31797;138881;11;7;7040405;2020;5;14;3;3;0;1;0;0;0;0;1;0;0;0;799082,4005;5820863,741;13,40255755;52,45588638
31798;138882;11;1;1033202;2020;5;6;2;3;5;3;0;0;1;0;0;0;1;1;797403,3877;5830013,675;13,38609059;52,53882158
31799;138883;11;3;3061228;2020;5;10;4;3;5;2;0;1;1;0;0;0;0;0;800293,1085;5831595,723;13,43000056;52,55141721
31800;138884;11;9;9010301;2020;5;16;4;3;2;6;0;0;1;0;0;0;0;0;804856,9516;5822453,885;13,48873188;52,46694825
31801;138885;11;4;4051448;2020;5;20;7;2;5;7;1;1;1;0;0;0;0;0;794168,2856;5825307,15;13,33436689;52,49838641
31802;138886;11;1;1033203;2020;5;12;4;3;5;3;0;0;1;0;0;0;0;0;796806,947;5831270,429;13,37844524;52,55041214
31803;138887;11;10;10030724;2020;5;11;6;3;5;3;0;1;1;0;0;0;0;0;809061,554;5828645,354;13,55617293;52,52007293
31804;138888;11;9;9020701;2020;5;15;6;3;5;2;0;1;1;0;0;0;0;0;809334,7806;5818491,173;13,55077014;52,42891823
31805;138889;11;1;1044201;2020;5;13;3;3;3;6;0;0;1;0;1;0;0;0;795648,4435;5830876,479;13,36105838;52,54751077
31806;138890;11;10;10010308;2020;5;13;2;1;5;2;0;1;0;0;0;1;0;0;806301,0626;5830198,209;13,51704636;52,53554744
31807;138891;11;9;9030901;2020;5;17;5;3;0;6;0;1;0;0;0;0;0;0;807929,6868;5816500,828;13,52833779;52,41187295
31808;138892;11;7;7050506;2020;5;18;3;3;5;7;0;0;1;0;0;0;0;0;798266,47;5817111,593;13,38723674;52,42269838
31809;138893;11;6;6030503;2020;5;11;4;3;3;6;0;1;0;0;0;1;0;0;790609,114;5817905,736;13,27563878;52,43393852
31810;138894;11;2;2050802;2020;5;18;6;3;1;5;0;1;1;0;0;0;0;0;803127,9371;5826595,113;13,46712413;52,50502768
31811;138895;11;3;3051022;2020;5;14;3;3;5;2;0;1;1;0;0;0;0;0;803316,8133;5831996,402;13,47482593;52,55333311
31812;138896;11;4;4030621;2020;5;17;2;3;0;7;0;1;0;0;0;0;1;0;793898,6307;5826990,373;13,33189201;52,51362092
31813;138897;11;8;8010303;2020;5;8;5;3;5;3;0;1;1;0;0;0;0;0;801098,5278;5823793,47;13,43478301;52,48103958
31814;138898;11;8;8010404;2020;5;18;3;3;3;6;0;1;1;0;0;0;1;0;801932,0875;5823540,962;13,44679148;52,47831608
31815;138899;11;2;2040701;2020;5;20;4;3;5;3;1;1;1;0;0;0;0;0;800141,5634;5827349,357;13,42393798;52,51343924
31816;138900;11;10;10010206;2020;5;15;2;3;5;2;0;0;1;0;0;0;0;0;808560,8685;5832400,325;13,55230357;52,55400764
31817;138901;11;8;8010404;2020;5;18;4;3;2;6;0;0;1;0;0;0;0;0;802359,0581;5823236,224;13,45278292;52,47534848
31818;138902;11;12;12214424;2020;5;14;4;3;6;4;0;0;1;1;0;0;0;0;793033,7733;5832675,605;13,32419805;52,56505178
31819;138903;11;5;5020523;2020;5;14;7;3;2;6;0;0;1;0;0;0;1;0;782487,5969;5827002,058;13,16420248;52,51975581
31820;138904;11;9;9051702;2020;5;11;4;3;5;2;0;1;1;0;0;0;0;0;813761,912;5821738,85;13,61872083;52,45550019
31821;138905;11;7;7040405;2020;5;10;4;3;3;6;0;1;0;0;0;0;1;0;798031,3336;5822213,859;13,38834051;52,4685628
31822;138906;11;3;3061126;2020;5;0;6;3;0;1;2;1;0;0;0;0;0;0;799094,0616;5831809,407;13,41256155;52,55399227
31823;138907;11;11;11030720;2020;5;15;6;3;2;7;0;1;1;0;0;0;0;0;805151,1947;5829103,204;13,49914099;52,52637856
31824;138908;11;8;8010118;2020;5;19;2;2;6;4;0;0;1;1;0;0;0;0;801073,1753;5821989,664;13,43278275;52,46488549
31825;138909;11;11;11030824;2020;5;15;5;3;5;3;0;1;0;0;0;0;0;0;803974,8989;5827046,413;13,47997628;52,50860134
31826;138910;11;1;1033101;2020;5;17;3;3;2;6;0;0;1;0;0;0;0;0;797195,7331;5832004,805;13,38481971;52,55678294
31827;138911;11;1;1044202;2020;5;9;4;3;5;2;0;0;1;0;0;0;1;0;795571,1431;5830493,538;13,35958094;52,54412
31828;138912;11;5;5010207;2020;5;10;2;3;5;2;0;0;1;0;0;0;0;1;783688,1192;5830164,945;13,18454816;52,54749154
31829;138913;11;9;9020602;2020;5;15;4;2;6;4;0;0;1;1;0;0;0;0;808418,573;5820877,047;13,53953897;52,45081783
31830;138914;11;6;6040702;2020;5;13;4;3;2;6;0;1;0;0;0;0;0;0;786207,9962;5816044,218;13,20948479;52,41956881
31831;138915;11;5;5020626;2020;5;16;7;3;0;3;0;0;1;0;0;0;1;0;784764,9833;5826957,234;13,19763796;52,51816938
31832;138916;11;7;7020203;2020;5;13;2;3;5;2;0;1;1;0;0;0;0;1;795794,9751;5824116,163;13,35720258;52,48683092
31833;138917;11;12;12302107;2020;5;17;4;3;0;6;0;0;1;1;0;0;0;0;794398,9391;5836270,076;13,34747309;52,59653684
31834;138918;11;7;7030301;2020;5;13;4;3;6;2;0;0;1;1;0;0;0;0;793978,3799;5821552,324;13,32826649;52,46482846
31835;138919;11;3;3061131;2020;5;14;4;3;6;4;0;0;1;1;0;0;0;0;799118,9255;5830551,181;13,4117939;52,54270057
31836;138920;11;7;7070701;2020;5;18;7;3;0;5;0;0;1;0;0;0;1;0;798833,9842;5816074,306;13,39463146;52,41309067
31837;138921;11;5;5010314;2020;5;19;2;3;2;2;0;1;1;0;0;0;0;0;784847,5859;5829237,623;13,20080583;52,53857217
31838;138922;11;12;12301203;2020;5;13;7;3;5;2;0;0;1;0;0;0;0;0;793946,2063;5835296,111;13,33994399;52,58805088
31839;138923;11;1;1011303;2020;5;20;3;2;1;5;1;1;0;0;0;0;1;0;799195,8247;5828673,849;13,41123449;52,52583093
31840;138924;11;4;4031032;2020;5;19;2;3;2;7;0;0;1;0;1;0;0;0;791521,6141;5825096,252;13,29530501;52,49791599
31841;138925;11;4;4010102;2020;5;17;6;3;5;2;0;0;1;0;0;0;0;0;791665,3577;5830679,34;13,30231272;52,54789063
31842;138926;11;3;3050924;2020;5;21;5;3;0;1;0;1;0;0;0;0;0;0;801679,3735;5831381,597;13,45018966;52,54873201
31843;138927;11;12;12304313;2020;5;15;2;3;1;5;0;0;1;0;0;0;0;0;791399,1451;5834431,57;13,30169363;52,58167095
31844;138928;11;9;9051702;2020;5;7;3;2;5;3;0;1;1;0;0;0;0;0;815171,4853;5820959,84;13,63866165;52,44770875
31845;138929;11;8;8010301;2020;5;13;5;3;5;3;0;1;1;0;0;0;0;0;800819,8511;5825028,788;13,43180674;52,4922657
31846;138930;11;1;1044101;2020;5;7;4;3;0;1;0;0;0;0;1;0;0;0;794471,0212;5829900,545;13,34287963;52,53939994
31847;138931;11;4;4010102;2020;5;16;1;3;0;1;0;1;0;0;0;0;0;0;793387,6547;5829890,109;13,32694246;52,53989075
31848;138932;11;12;12214422;2020;5;8;4;2;5;3;0;1;1;0;0;0;0;0;792230,0018;5833717,003;13,31329124;52,57481954
31849;138933;11;6;6040702;2020;5;13;4;3;3;7;0;1;0;0;0;0;0;0;786173,3571;5816025,287;13,20896063;52,41941719
31850;138934;11;12;12231102;2020;5;14;7;3;6;4;0;1;0;1;0;0;0;0;790350,5464;5839376,889;13,29059937;52,62656553
31851;138935;11;1;1044103;2020;5;3;6;2;6;4;2;0;0;1;0;0;1;0;794827,8339;5831009,583;13,34910984;52,54914867
31852;138936;11;9;9020702;2020;5;13;3;3;5;3;0;1;1;0;0;0;0;0;809675,3091;5820507,316;13,5576304;52,44679396
31853;138937;11;12;12214528;2020;5;18;2;3;2;6;0;0;1;0;0;0;0;0;787933,9306;5836257,777;13,25228092;52,59988832
31854;138938;11;5;5010204;2020;5;14;5;2;5;2;0;0;1;0;1;1;0;0;781673,0892;5831214,378;13,1558011;52,5579469
31855;138939;11;9;9041301;2020;5;12;5;2;7;7;0;1;0;0;0;0;0;0;814748,515;5818533,687;13,63017425;52,42621185
31856;138940;11;3;3050920;2020;5;1;7;2;8;1;2;0;0;0;0;0;1;0;802719,8343;5832383,469;13,46640079;52,55713442
31857;138941;11;2;2020204;2020;5;2;7;3;0;1;2;1;0;0;0;0;0;1;798734,1806;5824694,611;13,40087896;52,49041567
31858;138942;11;11;11030618;2020;5;13;3;3;5;2;0;1;1;0;0;0;0;0;803089,2327;5829538,17;13,46923684;52,53142727
31859;138943;11;2;2040703;2020;5;9;2;3;2;6;0;0;1;0;0;0;0;0;801320,2967;5826461,798;13,44045189;52,50483403
31860;138944;11;5;5020627;2020;5;14;6;3;0;3;0;1;1;0;0;0;0;0;785179,6799;5828322,25;13,20490361;52,53019132
31861;138945;11;6;6040804;2020;5;15;5;2;0;7;0;1;1;0;0;0;0;0;787918,8695;5818902,875;13,23703513;52,4443013
31862;138946;11;3;3040508;2020;5;14;7;3;0;4;0;0;0;1;0;1;0;0;796179,0736;5836506,476;13,37388924;52,5976893
31863;138947;11;12;12103220;2020;5;8;2;3;5;2;0;0;1;0;0;0;0;0;794437,927;5833821,064;13,3458709;52,57456235
31864;138948;11;4;4030724;2020;5;17;2;3;5;5;0;1;1;0;0;0;0;1;790821,2794;5826159,838;13,28594657;52,50782473
31865;138949;11;4;4041137;2020;5;12;5;3;5;3;0;0;1;0;0;0;0;0;791709,8042;5823762,226;13,29690139;52,48585601
31866;138950;11;10;10020415;2020;5;18;4;3;5;2;0;0;1;0;0;0;0;0;812515,075;5831044,436;13,60916165;52,53960321
31867;138951;11;1;1011202;2020;5;14;1;3;2;2;0;0;1;0;1;0;0;1;797159,5702;5827691,056;13,38043033;52,51813497
31868;138952;11;7;7050503;2020;5;15;4;1;6;4;0;0;0;1;0;1;0;0;798357,7917;5820519,188;13,39161737;52,45319389
31869;138953;11;8;8030830;2020;5;13;4;3;2;6;0;0;1;0;0;0;0;0;802935,5619;5817449,144;13,45599688;52,42315922
31870;138954;11;2;2040701;2020;5;7;6;3;5;2;0;1;1;0;0;0;0;0;800316,8826;5827622,637;13,42676036;52,51579224
31871;138955;11;12;12304313;2020;5;9;6;3;5;2;0;0;1;0;0;0;0;0;791915,9347;5834713,275;13,30954727;52,58391931
31872;138956;11;4;4030931;2020;5;15;3;3;5;7;0;0;1;0;1;0;0;0;793918,6302;5825635,274;13,33098939;52,50146238
31873;138957;11;4;4030620;2020;5;7;2;3;6;4;0;0;0;1;1;0;0;0;792617,4284;5827627,636;13,31362661;52,52002264
31874;138958;11;10;10020413;2020;5;10;5;3;5;2;0;0;1;0;0;0;0;0;812011,7481;5830583,152;13,60133123;52,53575798
31875;138959;11;7;7060604;2020;5;17;3;3;5;2;0;1;1;0;0;0;0;0;795817,1658;5816031,462;13,35036801;52,41434522
31876;138960;11;6;6020409;2020;5;0;5;3;9;1;2;0;1;0;0;0;0;0;793474,059;5817735,588;13,31751115;52,43088362
31877;138961;11;3;3061131;2020;5;17;2;3;0;3;0;1;1;0;0;0;0;0;798800,798;5831030,888;13,40754837;52,54717498
31878;138962;11;1;1022106;2020;5;15;2;2;5;7;0;0;1;0;1;0;0;1;793854,5448;5828167,172;13,33228375;52,52419404
31879;138963;11;12;12214125;2020;5;21;4;2;0;1;2;1;0;0;0;0;0;0;791302,2376;5834166,019;13,30003406;52,57934225
31880;138964;11;3;3040508;2020;5;16;4;3;0;1;0;0;0;0;1;0;0;0;795871,7322;5836441,679;13,36930697;52,59727578
31881;138965;11;12;12304314;2020;5;18;7;3;1;5;0;0;1;0;0;0;0;0;791327,5324;5836493,671;13,30245328;52,60019543
31882;138966;11;6;6010206;2020;5;12;4;3;5;3;0;1;1;0;0;0;0;0;794709,9168;5819457,011;13,33715415;52,44565098
31883;138967;11;10;10010310;2020;5;17;2;3;9;1;0;0;0;0;1;0;0;0;809418,4316;5831418,227;13,56399687;52,54472002
31884;138968;11;9;9020501;2020;5;8;2;3;5;2;0;0;1;0;1;0;0;1;806368,5428;5822234,347;13,51071237;52,46413518
31885;138969;11;3;3061430;2020;5;8;5;3;5;2;0;1;1;0;0;0;0;0;802333,8637;5829225,851;13,45785113;52,52904745
31886;138970;11;1;1011303;2020;5;17;4;3;5;3;0;1;1;0;0;0;0;0;798645,804;5828136,554;13,40266875;52,5213164
31887;138971;11;2;2040701;2020;5;16;1;3;5;2;0;1;1;0;0;0;0;1;801211,238;5827469,075;13,43976148;52,51392265
31888;138972;11;4;4030929;2020;5;14;4;2;5;2;0;1;1;0;0;0;0;0;792628,8502;5825459,274;13,311888;52,5005778
31889;138973;11;11;11020513;2020;5;11;6;3;0;7;0;0;1;0;0;0;1;0;802895,0765;5831170,792;13,46787157;52,54616805
31890;138974;11;3;3050925;2020;5;21;6;3;0;1;2;0;0;0;1;0;0;0;802580,9348;5831570,55;13,46361731;52,54992557
31891;138975;11;11;11040926;2020;5;10;3;3;5;3;0;1;1;0;0;0;0;0;805380,7058;5826729,609;13,50033515;52,50497692
31892;138976;11;7;7050501;2020;5;20;2;3;2;6;1;0;1;0;1;0;0;0;797339,2342;5819381,854;13,37566013;52,44355378
31893;138977;11;7;7040404;2020;5;7;5;3;2;6;0;0;1;0;0;0;0;0;796570,4416;5819906,358;13,36484783;52,44867303
31894;138978;11;12;12304313;2020;5;17;3;3;5;3;0;0;0;0;1;1;0;0;791554,3274;5834393,837;13,30394424;52,58124955
31895;138979;11;1;1011102;2020;5;20;4;2;0;1;0;0;0;0;1;0;0;0;795206,6546;5826830,949;13,35096982;52,51148544
31896;138980;11;9;9020801;2020;5;13;2;3;8;1;0;0;0;0;1;0;0;1;809729,41;5820877,735;13,55876733;52,45008294
31897;138981;11;9;9051901;2020;5;18;4;3;5;2;0;1;0;0;0;0;0;0;810763,2256;5821243,45;13,57427129;52,45277369
31898;138982;11;5;5020629;2020;5;12;4;2;6;4;0;0;1;1;0;0;0;0;785568,6402;5826169,091;13,20877333;52,51068271
31899;138983;11;3;3071537;2020;5;14;4;3;1;5;0;1;1;0;0;0;0;0;799746,4839;5829610,204;13,42017121;52,53392138
31900;138984;11;5;5010206;2020;5;14;7;3;5;2;0;1;1;0;0;0;0;0;781215,8398;5830781,914;13,14870768;52,55430554
31901;138985;11;5;5020626;2020;5;11;4;3;5;2;0;0;1;0;0;0;0;0;784758,352;5827277,902;13,19781502;52,52104795
31902;138986;11;1;1022206;2020;5;8;4;3;0;6;0;1;0;0;0;1;0;0;796216,6527;5828476,351;13,3672741;52,52568737
31903;138987;11;8;8010301;2020;5;20;6;3;1;5;0;1;1;0;0;0;0;0;800713,3444;5824367,12;13,42964567;52,48639364
31904;138988;11;1;1033102;2020;5;12;6;3;5;2;0;1;0;0;0;1;0;0;797657,4353;5831889,663;13,39150667;52,55549869
31905;138989;11;8;8020621;2020;5;9;6;3;2;2;0;0;1;0;1;1;0;0;800965,3595;5819499,172;13,42895598;52,44262166
31906;138990;11;6;6040701;2020;5;17;6;3;2;5;0;1;1;0;0;0;1;0;784065,5609;5816132,867;13,17814088;52,42147996
31907;138991;11;9;9030901;2020;5;13;3;2;5;3;0;0;1;0;1;0;0;0;807721,1025;5817907,072;13,52657385;52,42459335
31908;138992;11;8;8020619;2020;5;17;2;3;1;5;0;1;1;0;0;0;0;0;801772,738;5821074,25;13,44222147;52,45629452
31909;138993;11;10;10040828;2020;5;16;5;3;0;5;0;0;1;0;0;0;1;0;812617,4263;5828552,455;13,60832296;52,51721375
31910;138994;11;8;8040933;2020;5;16;3;3;2;6;0;0;1;0;1;0;0;0;803499,4975;5818628,638;13,46533504;52,43341855
31911;138995;11;2;2010102;2020;5;10;4;3;5;3;0;1;1;0;0;0;0;0;797973,2756;5825639,662;13,39055058;52,49930278
31912;138996;11;3;3020307;2020;5;12;2;2;5;2;0;1;1;0;0;0;0;1;800128,5238;5838382,761;13,43372632;52,61234134
31913;138997;11;1;1033202;2020;5;16;4;3;5;2;0;1;0;0;0;0;1;0;797763,3542;5829744,547;13,39114127;52,53621262
31914;138998;11;8;8010508;2020;5;14;4;3;2;6;0;0;1;0;0;1;0;0;803167,6617;5822701,168;13,46416558;52,4701046
31915;138999;11;12;12214424;2020;5;17;7;3;8;1;0;0;1;0;0;0;0;0;792388,5249;5832887,469;13,31489246;52,56729798
31916;139000;11;2;2010102;2020;5;17;2;2;5;3;0;1;1;0;0;0;0;0;798213,1219;5826240,73;13,39461164;52,50455959
31917;139001;11;1;1011302;2020;5;13;7;3;1;5;0;0;1;0;1;0;0;0;798639,971;5828463,637;13,40287673;52,52425143
31918;139002;11;6;6040808;2020;5;19;3;3;5;3;0;0;1;0;0;0;0;0;789992,2345;5819203,25;13,26771606;52,44589857
31919;139003;11;12;12214527;2020;5;16;2;3;6;7;0;1;0;1;0;0;0;0;789758,8988;5835082,739;13,27812299;52,58838468
31920;139004;11;1;1044202;2020;5;15;6;2;5;2;0;0;1;0;0;0;0;0;794904,568;5830229,158;13,34954529;52,54211124
31921;139005;11;3;3071536;2020;5;18;5;3;1;5;0;1;1;0;0;0;0;0;799075,2316;5830207,503;13,41084214;52,539644
31922;139006;11;1;1011306;2020;5;15;2;3;2;6;0;0;0;0;1;0;1;0;800166,5717;5826860,411;13,42386443;52,50904288
31923;139007;11;3;3040818;2020;5;16;2;3;4;6;0;1;0;0;0;0;1;0;798420,5211;5832406,451;13,40319346;52,55971336
31924;139008;11;10;10010308;2020;5;13;5;3;5;2;0;0;1;0;1;0;0;0;807431,9637;5830569,392;13,53401058;52,53823726
31925;139009;11;1;1022206;2020;5;19;4;3;6;4;0;0;1;1;0;0;0;0;796178,4834;5828479,902;13,36671629;52,52573993
31926;139010;11;6;6020305;2020;5;0;1;3;0;1;2;1;0;0;0;0;0;0;796021,0876;5817675,589;13,35481223;52,42897349
31927;139011;11;10;10010309;2020;5;6;4;3;5;2;0;1;1;0;0;0;0;0;807934,6072;5829198,169;13,54012811;52,52566473
31928;139012;11;7;7010102;2020;5;18;3;3;2;2;0;1;1;0;0;0;0;0;794998,7962;5825087,574;13,34637122;52,49596975
31929;139013;11;6;6020409;2020;5;15;2;3;5;2;0;1;1;0;0;0;0;0;793122,8297;5817654,669;13,31228892;52,4303465
31930;139014;11;6;6030610;2020;5;7;3;3;5;2;0;0;1;0;0;0;1;0;792087,2024;5818853,647;13,29814751;52,44164925
31931;139015;11;11;11030721;2020;5;14;5;3;5;2;0;1;1;0;0;0;0;0;804753,4637;5827443,584;13,49177613;52,51172666
31932;139016;11;3;3030711;2020;5;9;4;2;5;3;0;1;1;0;0;0;0;0;802178,0082;5836471,394;13,46215852;52,59407468
31933;139017;11;1;1011104;2020;5;8;2;3;0;2;0;0;1;0;0;0;1;1;796360,625;5826128,817;13,36729918;52,50456576
31934;139018;11;1;1044203;2020;5;10;4;3;2;3;0;0;0;0;1;0;1;0;795562,6612;5831538,742;13,3603865;52,55349389
31935;139019;11;2;2030302;2020;5;16;7;3;5;2;0;1;1;0;0;0;0;0;800755,4188;5826518,564;13,43220585;52,5056545
31936;139020;11;5;5010312;2020;5;14;7;3;3;6;0;0;1;0;1;0;0;0;785160,9613;5829602,729;13,2057272;52,54168178
31937;139021;11;2;2020204;2020;5;16;3;2;0;7;0;1;0;0;0;0;0;0;798113,5493;5825402,862;13,39239893;52,49710355
31938;139022;11;2;2050802;2020;5;15;2;3;2;6;0;1;0;0;1;0;0;0;802082,435;5827156,891;13,45227722;52,51064275
31939;139023;11;5;5010339;2020;5;14;6;2;5;3;0;1;1;0;0;0;0;0;787026,3012;5828365,376;13,23208835;52,52960874
31940;139024;11;9;9051701;2020;5;14;5;3;0;3;0;1;0;0;0;0;1;0;813431,0934;5821598,652;13,61373659;52,45443365
31941;139025;11;3;3020209;2020;5;11;7;2;0;7;0;0;0;0;1;0;0;0;797801,2447;5834698,161;13,39614301;52,58059441
31942;139026;11;7;7050501;2020;5;13;2;2;2;6;0;0;1;0;0;0;0;0;797703,8323;5819425,307;13,38104727;52,44374492