;OBJECTID;LAND;BEZ;LOR;UJAHR;UMONAT;USTUNDE;UWOCHENTAG;UKATEGORIE;UART;UTYP1;ULICHTVERH;IstRad;IstPKW;IstFuss;IstKrad;IstGkfz;IstSonstige;USTRZUSTAND;LINREFX;LINREFY;XGCSWGS84;YGCSWGS84
31943;139027;11;7;7070701;2020;5;17;2;3;2;6;1;0;1;0;0;0;0;0;799236,492;5816312,533;13,40074475;52,41500621
31944;139028;11;9;9010101;2020;5;12;5;3;5;2;0;1;0;0;0;1;0;0;802328,0656;5825301,084;13,45420072;52,49387308
31945;139029;11;3;3061131;2020;5;15;4;3;5;2;0;1;1;0;0;0;0;0;798646,5408;5830286,807;13,4046113;52,54058996
31946;139030;11;12;12103116;2020;5;7;1;3;1;5;0;1;1;0;0;0;0;0;796728,2766;5833309,283;13,37911135;52,56873097
31947;139031;11;6;6010208;2020;5;16;4;3;0;3;0;1;1;0;0;0;0;0;794597,7389;5820276,705;13,33623134;52,4530596
31948;139032;11;12;12302212;2020;5;15;6;3;5;3;0;0;1;0;1;0;0;0;792605,715;5837382,758;13,32205773;52,60747927
31949;139033;11;12;12302107;2020;5;18;6;3;5;3;0;0;1;0;0;0;0;0;793845,653;5836158,084;13,33922869;52,59583216
31950;139034;11;1;1011303;2020;5;10;3;3;2;6;0;0;1;0;1;0;0;0;799070,7461;5828333,088;13,40908987;52,52284514
31951;139035;11;10;10040829;2020;5;13;2;2;0;1;0;1;0;0;0;0;0;0;811221,5801;5827845,386;13,58715721;52,51167576
31952;139036;11;1;1011306;2020;5;21;5;3;5;2;1;1;0;0;1;0;0;0;799713,2582;5827025,681;13,41735389;52,5107735
31953;139037;11;3;3050920;2020;5;10;7;3;5;2;0;0;1;0;0;0;0;0;802746,262;5832375,06;13,46678176;52,55704436
31954;139038;11;12;12103219;2020;5;12;6;3;5;2;0;0;1;0;0;0;1;0;794959,5899;5832717,991;13,35256548;52,56439179
31955;139039;11;11;11040926;2020;5;13;3;3;2;6;0;0;1;0;1;0;0;0;805043,7829;5826726,326;13,49538359;52,50513596
31956;139040;11;6;6020411;2020;5;13;2;3;5;3;0;0;1;0;0;0;0;0;793604,7719;5815914,276;13,31782981;52,41448585
31957;139041;11;4;4030623;2020;5;10;5;3;3;6;0;0;1;0;1;0;0;0;793145,0445;5826925,142;13,32076149;52,51344169
31958;139042;11;1;1011302;2020;5;10;5;3;4;7;0;0;1;0;0;0;0;0;797881,5794;5828855,314;13,39208231;52,52817719
31959;139043;11;2;2030402;2020;5;20;7;3;0;4;0;1;0;1;0;0;0;0;801908,0528;5825684,336;13,44838028;52,49754068
31960;139044;11;3;3061228;2020;5;13;2;3;5;2;0;1;1;0;0;0;0;0;800323,0497;5831578,697;13,43042543;52,55124809
31961;139045;11;8;8020620;2020;5;7;2;3;5;3;0;1;1;0;0;0;0;1;800596,4241;5821189,336;13,42506544;52,45797429
31962;139046;11;5;5010101;2020;5;14;5;3;5;3;0;0;1;0;0;0;0;0;785853,4224;5831729,326;13,2177409;52,56038548
31963;139047;11;12;12214424;2020;5;16;4;3;2;6;0;0;1;0;0;0;0;0;793411,997;5832495,575;13,32960284;52,56323421
31964;139048;11;12;12301206;2020;5;8;7;3;0;1;0;0;0;0;1;0;0;1;793747,5246;5838515,07;13,33987616;52,61701377
31965;139049;11;1;1022103;2020;5;13;4;3;0;6;0;0;1;0;1;0;0;0;793602,846;5829833,205;13,33005602;52,53926473
31966;139050;11;3;3040614;2020;5;18;3;3;6;7;0;0;1;1;0;0;0;0;798059,7092;5832941,005;13,3983669;52,5647025
31967;139051;11;12;12103116;2020;5;11;6;3;1;5;0;0;1;0;0;0;0;0;795658,5378;5833096,866;13,36318468;52,56740892
31968;139052;11;4;4030931;2020;5;20;6;3;5;2;0;1;1;0;0;0;0;0;793522,3399;5825730,336;13,32525181;52,50252788
31969;139053;11;6;6040810;2020;5;9;3;2;5;2;0;1;1;0;0;0;0;0;790253,4165;5820057,916;13,27229089;52,45342229
31970;139054;11;11;11020411;2020;5;13;2;2;6;7;0;0;1;1;0;0;0;0;805830,76;5832316,752;13,51208474;52,55479845
31971;139055;11;8;8041037;2020;5;18;5;3;5;3;0;1;1;0;0;0;0;0;805573,5344;5818588,611;13,49571177;52,43190521
31972;139056;11;1;1011302;2020;5;16;3;3;0;1;0;1;0;0;0;0;0;0;798425,2816;5828385,231;13,39965133;52,52366618
31973;139057;11;1;1022106;2020;5;11;4;3;1;7;0;0;1;0;0;0;0;0;793768,5337;5827607,672;13,33052546;52,51922477
31974;139058;11;8;8020620;2020;5;13;2;2;5;3;0;0;1;0;1;0;0;1;801289,5965;5820442,44;13,43456256;52,45089794
31975;139059;11;12;12103117;2020;5;17;4;3;6;4;0;0;1;1;0;0;0;0;796386,3073;5832584,638;13,37343317;52,56242163
31976;139060;11;6;6040808;2020;5;14;4;3;5;2;0;1;1;0;0;0;0;0;790103,5346;5819596,773;13,26969084;52,44936758
31977;139061;11;10;10040829;2020;5;15;3;3;5;3;0;0;1;0;0;0;0;0;811313,96;5827393,324;13,58809129;52,50757196
31978;139062;11;7;7010102;2020;5;7;4;3;5;2;0;1;0;0;0;0;1;0;794957,4089;5825673,022;13,34628182;52,50124026
31979;139063;11;2;2040503;2020;5;14;2;3;6;4;0;1;0;1;0;0;0;0;801561,5296;5827916,855;13,44531363;52,5177426
31980;139064;11;3;3020307;2020;5;18;4;2;3;2;0;1;1;0;0;0;0;0;800142,6425;5837860,359;13,43346035;52,6076512
31981;139065;11;3;3061227;2020;5;16;4;3;1;5;0;1;1;0;0;0;0;0;799675,5161;5831754,782;13,42106276;52,55318303
31982;139066;11;8;8041039;2020;5;18;7;3;5;3;0;1;1;0;0;0;0;0;806473,3442;5815446,406;13,50602822;52,4032399
31983;139067;11;10;10040933;2020;5;11;4;3;2;6;0;0;1;0;0;0;0;0;813058,1727;5826703,041;13,61305794;52,50038832
31984;139068;11;10;10030724;2020;5;4;6;3;5;3;1;1;1;0;0;0;0;0;809121,2642;5829722,03;13,55805091;52,52968794
31985;139069;11;3;3061227;2020;5;14;6;3;2;6;0;0;1;0;0;0;0;0;799260,381;5831802,677;13,41500129;52,55384058
31986;139070;11;9;9020801;2020;5;8;3;3;2;6;0;0;1;0;0;0;0;0;809762,0563;5820704,278;13,55908534;52,44850996
31987;139071;11;4;4030417;2020;5;13;2;3;5;3;0;1;1;0;0;0;0;0;791315,8532;5826639,011;13,29363248;52,5118566
31988;139072;11;1;1011305;2020;5;15;5;3;1;5;0;0;1;0;0;0;0;0;799698,3067;5827247,525;13,41733401;52,51277021
31989;139073;11;1;1022106;2020;5;15;3;3;5;2;0;1;1;0;0;0;0;0;793675,7637;5828111,735;13,32960721;52,5237934
31990;139074;11;5;5040936;2020;5;10;4;3;1;5;0;0;1;0;1;0;0;0;781099,9121;5819397,744;13,13739084;52,45228715
31991;139075;11;10;10020414;2020;5;11;2;3;0;2;0;0;0;1;0;0;1;1;812182,7574;5830917,114;13,60415803;52,53865274
31992;139076;11;5;5010206;2020;5;18;4;3;5;2;0;0;1;0;0;0;0;0;782365,1007;5830495,832;13,16537051;52,55114579
31993;139077;11;8;8010404;2020;5;17;7;3;5;2;0;1;1;0;0;0;0;0;802523,8227;5822940,852;13,45493352;52,47260981
31994;139078;11;7;7070702;2020;5;10;7;3;1;5;0;1;1;0;0;0;0;0;799858,9134;5814846,2;13,4085559;52,40152183
31995;139079;11;8;8010404;2020;5;17;3;3;6;4;0;0;1;1;0;0;0;0;801853,2141;5823063,549;13,44520155;52,47408054
31996;139080;11;8;8041040;2020;5;12;2;2;9;1;0;0;1;0;0;0;0;0;805946,2608;5816991,651;13,49971658;52,41738403
31997;139081;11;5;5010101;2020;5;14;6;3;1;5;0;1;1;0;0;0;0;0;784840,6547;5832234,499;13,20327509;52,56544556
31998;139082;11;1;1011201;2020;5;19;7;3;2;2;0;0;1;0;0;0;1;0;797465,8855;5826811,998;13,38414554;52,51008824
31999;139083;11;1;1033101;2020;5;10;2;3;6;7;0;0;0;1;0;0;1;0;797676,6783;5832855,579;13,39265607;52,56414633
32000;139084;11;5;5010209;2020;5;13;7;3;2;6;0;0;1;0;0;0;0;0;783219,8461;5830281,607;13,17776036;52,54878122
32001;139085;11;1;1044101;2020;5;20;3;3;5;2;1;1;1;0;0;0;0;0;794021,903;5830177,809;13,33652202;52,54212795
32002;139086;11;9;9051901;2020;5;16;1;3;0;6;0;1;0;0;0;0;0;0;812064,8152;5821280,381;13,59339779;52,4523632
32003;139087;11;4;4030726;2020;5;18;6;2;0;1;0;0;0;0;1;0;0;0;792272,6025;5825487,218;13,30667933;52,50101924
32004;139088;11;6;6010207;2020;5;23;5;3;1;5;2;1;1;0;0;0;0;0;793888,1838;5820481,095;13,32599954;52,45527382
32005;139089;11;6;6010209;2020;5;16;1;3;2;6;0;1;1;0;0;0;0;0;794748,8229;5820906,407;13,33900412;52,45862309
32006;139090;11;2;2050602;2020;5;7;3;3;5;2;0;1;1;0;0;0;0;0;802769,8947;5827689,332;13,46286048;52,51503385
32007;139091;11;4;4051551;2020;5;13;5;3;5;2;0;1;1;0;0;0;0;0;792903,341;5823281,644;13,31400596;52,48090873
32008;139092;11;9;9020502;2020;5;8;4;3;1;5;0;1;1;0;0;0;0;0;809002,2008;5821617,635;13,54878513;52,45712537
32009;139093;11;12;12214421;2020;5;8;2;3;1;7;0;1;1;0;0;0;0;1;793529,8081;5834045,19;13,33270733;52,57706204
32010;139094;11;3;3010102;2020;5;8;4;2;6;4;0;0;0;1;1;0;0;0;805365,4453;5841931,335;13,51410924;52,6412272
32011;139095;11;3;3040614;2020;5;14;7;2;5;2;0;1;1;0;0;0;0;0;799875,8405;5834306,771;13,42631513;52,57594695
32012;139096;11;8;8010404;2020;5;9;6;3;2;2;0;0;1;0;0;0;0;0;802574,808;5823086,521;13,45581399;52,47388721
32013;139097;11;2;2010102;2020;5;15;3;3;5;2;0;0;1;0;1;0;0;0;798440,9186;5826537,43;13,39822379;52,50709456
32014;139098;11;10;10020623;2020;5;14;1;3;0;7;0;1;1;0;0;0;0;0;811509,7537;5829105,914;13,59257001;52,52280723
32015;139099;11;3;3050924;2020;5;12;6;2;0;5;0;0;0;0;0;0;1;0;801167,83;5831608,016;13,44287372;52,55104447
32016;139100;11;9;9020602;2020;5;12;5;2;5;7;0;0;1;0;1;0;0;0;807776,168;5820031,035;13,5293363;52,44359777
32017;139101;11;6;6030503;2020;5;6;7;2;8;1;0;0;1;0;0;0;0;0;789500,5811;5817686,149;13,25918817;52,43255766
32018;139102;11;1;1011302;2020;5;21;1;3;0;1;2;1;0;0;0;0;0;0;798654,1318;5828507,658;13,40312437;52,52463826
32019;139103;11;4;4030930;2020;5;16;2;3;2;2;0;0;1;0;0;0;0;1;793172,7104;5825606,908;13,32000703;52,50160937
32020;139104;11;3;3071537;2020;5;9;5;3;0;3;0;0;1;0;1;0;0;0;799906,0465;5829988,961;13,42285835;52,53722854
32021;139105;11;12;12231101;2020;5;15;4;3;6;4;0;0;1;1;0;0;0;0;791598,489;5838526,874;13,30823435;52,61827705
32022;139106;11;1;1011401;2020;5;16;5;3;5;3;0;0;1;0;0;0;1;0;798311,8858;5829381,657;13,39887891;52,53265984
32023;139107;11;11;11020516;2020;5;19;7;3;1;5;0;1;0;0;0;0;1;0;805622,188;5830188,209;13,50705945;52,53583892
32024;139108;11;2;2040702;2020;5;20;1;3;5;3;1;1;1;0;0;0;0;0;801695,5212;5827204,874;13,44663681;52,51128694
32025;139109;11;8;8010118;2020;5;17;2;3;2;6;0;0;1;0;1;0;0;1;800763,819;5822752,329;13,42893026;52,4718919
32026;139110;11;6;6010207;2020;5;12;5;3;6;4;0;0;1;1;0;0;0;0;793804,1741;5819369,968;13,32378935;52,44535812
32027;139111;11;1;1022204;2020;5;19;4;3;5;3;0;1;0;0;1;0;0;0;794824,0519;5828305,577;13,34665523;52,52491136
32028;139112;11;8;8041037;2020;5;14;1;3;5;3;0;0;1;0;0;0;0;1;805295,6821;5817571,041;13,49070873;52,42294019
32029;139113;11;11;11051229;2020;5;4;4;3;5;3;1;0;1;0;0;0;0;0;803343,027;5826305,903;13,4700199;52,502316
32030;139114;11;3;3030715;2020;5;12;6;3;2;6;0;0;1;0;0;0;0;0;801063,1464;5833894,391;13,44340876;52,57159527
32031;139115;11;12;12231101;2020;5;11;6;3;2;6;0;0;1;0;0;0;0;0;790763,4855;5837568,341;13,29509278;52,61013151
32032;139116;11;4;4020310;2020;5;13;3;3;2;6;0;0;1;0;0;1;0;0;790387,4929;5827325,354;13,28059017;52,51850474
32033;139117;11;7;7030301;2020;5;20;1;3;5;2;1;1;1;0;0;0;0;0;794235,8381;5822026,119;13,3324631;52,46893722
32034;139118;11;11;11010310;2020;5;16;5;3;3;2;0;0;1;0;0;0;0;0;805551,6907;5833390,627;13,50897002;52,56457943
32035;139119;11;4;4041136;2020;5;8;5;3;1;5;0;1;1;0;0;0;0;0;789468,308;5823623,05;13,26386286;52,48580131
32036;139120;11;7;7040406;2020;5;20;1;2;2;6;0;0;1;0;0;0;0;0;800077,3105;5821426,384;13,41766136;52,46038435
32037;139121;11;5;5030833;2020;5;6;2;3;0;6;0;0;1;0;1;0;0;1;788058,9466;5829363,657;13,24813412;52,53801404
32038;139122;11;8;8010303;2020;5;16;4;3;6;7;0;0;0;1;0;0;1;0;800369,0258;5824360,505;13,42458417;52,48652387
32039;139123;11;5;5030730;2020;5;16;4;3;2;6;0;0;1;0;0;0;1;0;786701,028;5829275,624;13,22809173;52,53794089
32040;139124;11;5;5020417;2020;5;20;7;3;9;2;1;0;1;0;0;0;0;0;781911,6558;5828696,051;13,1571731;52,53524304
32041;139125;11;7;7050501;2020;5;12;4;3;5;3;0;0;1;0;1;0;0;0;797089,1516;5818577,873;13,37127685;52,43648274
32042;139126;11;6;6040804;2020;5;10;6;2;2;7;0;0;1;0;1;0;0;0;788740,8125;5820164,52;13,25018548;52,45517918
32043;139127;11;1;1044103;2020;5;17;6;3;5;3;0;1;1;0;0;0;0;0;794590,0695;5830730,237;13,34536566;52,54677317
32044;139128;11;8;8030829;2020;5;13;3;3;5;3;0;1;1;0;0;0;0;0;803261,6035;5818341,987;13,4615865;52,43098123
32045;139129;11;9;9020502;2020;5;16;1;2;6;4;0;0;1;1;0;0;0;0;806777,377;5822281,577;13,51675482;52,4643291
32046;139130;11;5;5010314;2020;5;15;4;3;5;3;0;1;1;0;0;0;0;0;785035,6138;5829507,633;13,20380232;52,54089474
32047;139131;11;1;1011402;2020;5;11;6;3;3;6;0;1;0;0;0;0;1;0;798824,3653;5829752,405;13,40674495;52,53570234
32048;139132;11;6;6040810;2020;5;17;6;3;5;3;0;1;1;0;1;0;0;0;791834,8262;5821376,651;13,2966499;52,4644027
32049;139133;11;9;9010202;2020;5;10;3;3;5;3;0;1;1;0;0;0;0;0;804402,289;5823884,746;13,48336543;52,48002614
32050;139134;11;2;2040502;2020;5;17;1;3;5;2;0;1;1;0;0;0;0;0;801247,6592;5827817,435;13,44061195;52,51702494
32051;139135;11;12;12304313;2020;5;7;5;3;5;3;0;0;1;0;0;0;0;0;791655,2468;5834637,692;13,30564405;52,58338154
32052;139136;11;11;11051330;2020;5;15;3;3;5;3;0;0;1;0;1;0;0;0;807189,7318;5824802,754;13,52512752;52,48669273
32053;139137;11;7;7050501;2020;5;22;4;3;5;7;2;0;1;0;1;0;0;0;797766,6091;5819019,022;13,38160615;52,4400688
32054;139138;11;11;11010103;2020;5;13;2;3;5;2;0;1;1;0;0;0;0;1;809251,523;5834486,389;13,56440211;52,57231036
32055;139139;11;1;1022206;2020;5;18;4;3;2;6;0;0;1;0;0;0;0;0;796138,057;5828456,499;13,3661013;52,52555211
32056;139140;11;5;5020419;2020;5;16;3;2;5;2;0;0;1;0;1;0;0;0;780871,8864;5828329,989;13,14157453;52,53249757
32057;139141;11;2;2030401;2020;5;14;4;3;0;1;0;1;0;0;0;0;0;0;800885,4433;5825555,197;13,43324536;52,4969479
32058;139142;11;8;8010117;2020;5;14;7;3;2;7;0;1;1;0;0;0;0;0;800466,1242;5823626,796;13,42534855;52,47989394
32059;139143;11;4;4020310;2020;5;11;4;3;2;6;0;0;1;0;0;0;0;0;788258,9247;5827800,763;13,24971918;52,52389633
32060;139144;11;2;2050601;2020;5;13;3;3;2;3;0;0;1;0;0;0;1;0;801787,1786;5828672,974;13,44931503;52,52439491
32061;139145;11;6;6030606;2020;5;22;6;3;8;1;2;0;0;0;1;0;0;0;793353,6227;5818140,236;13,31609982;52,4345758
32062;139146;11;7;7020204;2020;5;12;6;3;1;5;0;1;1;0;0;0;0;0;796288,1578;5823952,727;13,36429924;52,48509844
32063;139147;11;4;4030725;2020;5;17;1;3;1;5;0;1;1;0;0;0;0;0;791853,4001;5825915,617;13,30089675;52,50508415
32064;139148;11;3;3040513;2020;5;15;5;2;5;2;0;1;1;0;0;0;0;0;797952,3386;5833668,643;13,39744114;52,57128353
32065;139149;11;10;10030724;2020;5;9;4;3;3;6;0;0;0;0;0;0;1;0;809208,9475;5830218,119;13,5598008;52,53408399
32066;139150;11;1;1044101;2020;6;19;2;3;5;3;0;1;1;0;0;0;0;0;794149,8256;5831111,663;13,33922994;52,55043029
32067;139151;11;7;7040403;2020;6;22;2;3;0;2;1;0;1;0;1;0;0;0;797357,4135;5821919,945;13,378187;52,46629538
32068;139152;11;5;5030731;2020;6;10;7;3;6;7;0;1;0;1;0;0;0;0;787476,2718;5830305,589;13,24038189;52,54676663
32069;139153;11;7;7060604;2020;6;14;6;2;5;2;0;1;1;0;0;0;0;0;797601,768;5815557,269;13,37610845;52,40912719
32070;139154;11;12;12224230;2020;6;13;4;3;2;6;0;1;1;0;0;0;0;0;787181,7574;5838502,897;13,24315448;52,62041445
32071;139155;11;7;7050504;2020;6;20;7;3;8;1;0;0;1;0;0;0;0;0;799937,5461;5820444,868;13,41472874;52,4516632
32072;139156;11;8;8020622;2020;6;14;6;3;2;2;0;0;1;0;1;0;0;0;801268,504;5819690,902;13,43357537;52,44417328
32073;139157;11;2;2040502;2020;6;11;6;3;5;2;0;1;1;0;0;0;0;0;800455,3655;5828239,635;13,42935225;52,5212463
32074;139158;11;11;11051229;2020;6;16;3;3;3;6;0;1;1;0;0;0;0;0;803667,5419;5826245,494;13,47473099;52,50159407
32075;139159;11;6;6040810;2020;6;15;2;2;5;2;0;0;1;0;0;0;0;0;790388,4135;5820843,748;13,27495542;52,46039576
32076;139160;11;11;11030720;2020;6;11;6;3;5;2;0;1;0;0;0;1;0;0;806143,1329;5830146,724;13,5146778;52,53517475
32077;139161;11;10;10010309;2020;6;11;2;2;3;6;0;0;1;0;0;1;0;0;807785,284;5829187,244;13,53792391;52,52565113
32078;139162;11;1;1011402;2020;6;15;2;3;1;5;0;1;1;0;0;0;0;0;798550,6607;5829201,347;13,40222663;52,53091288
32079;139163;11;4;4051653;2020;6;23;6;3;0;1;2;0;0;0;0;0;1;1;794151,658;5824741,455;13,33362312;52,49332421
32080;139164;11;12;12302107;2020;6;17;5;3;0;7;0;0;1;0;0;0;0;1;793854,5851;5836148,288;13,33935148;52,59573952
32081;139165;11;10;10020415;2020;6;16;1;3;0;7;0;0;0;0;0;0;1;0;812463,8868;5831034,388;13,60839991;52,53954252
32082;139166;11;12;12224230;2020;6;14;2;3;0;7;0;1;0;0;0;0;0;0;787232,9617;5838550,51;13,24395014;52,62081426
32083;139167;11;9;9031101;2020;6;14;6;3;2;7;0;1;1;0;0;0;0;1;811652,4765;5816945,702;13,58330938;52,41375322
32084;139168;11;7;7040403;2020;6;22;6;3;5;2;2;0;1;0;0;0;0;1;796917,2525;5822287,148;13,37205349;52,4698264
32085;139169;11;3;3061126;2020;6;6;4;3;5;3;0;1;0;0;0;0;1;0;798966,1668;5831437,084;13,41034552;52,55072518
32086;139170;11;1;1022206;2020;6;21;6;3;5;3;2;1;1;0;0;0;0;0;796288,5023;5828494,613;13,36834634;52,52581202
32087;139171;11;3;3030406;2020;6;10;3;3;5;3;0;0;1;0;0;0;0;0;802731,3231;5837325,006;13,4710825;52,60141762
32088;139172;11;9;9020701;2020;6;21;6;3;5;3;1;0;1;0;0;0;1;0;807409,7673;5818300,613;13,52237128;52,42829536
32089;139173;11;5;5010207;2020;6;13;6;2;5;2;0;0;1;0;0;0;0;0;783691,1825;5830168,217;13,18459601;52,54751928
32090;139174;11;2;2020206;2020;6;8;3;3;5;3;0;1;0;0;0;0;0;0;799722,679;5824706,961;13,41540549;52,48998454
32091;139175;11;7;7040403;2020;6;11;6;3;2;6;0;0;1;0;0;0;0;0;797682,3965;5821903,004;13,38294162;52,46596656
32092;139176;11;8;8030829;2020;6;15;2;3;0;7;0;1;1;0;0;0;1;0;803532,7025;5818189,293;13,46542317;52,42946228
32093;139177;11;12;12214528;2020;6;12;2;3;3;6;0;1;0;0;0;0;0;0;789585,6804;5834319,246;13,27490603;52,58163219
32094;139178;11;5;5010207;2020;6;10;6;3;1;7;0;0;1;0;0;0;0;0;783501,0646;5830253,764;13,18187283;52,54838529
32095;139179;11;6;6030610;2020;6;17;4;3;5;3;0;1;1;0;0;0;0;0;791914,3719;5818765,961;13,29553542;52,44095543
32096;139180;11;3;3050925;2020;6;16;5;3;1;5;0;1;1;0;0;0;0;0;802401,6136;5831134,616;13,46058377;52,54611793
32097;139181;11;11;11051332;2020;6;17;1;3;5;3;0;0;1;0;0;0;0;0;807245,7401;5824082,798;13,52528625;52,48020885
32098;139182;11;3;3051017;2020;6;13;2;3;5;3;0;1;1;0;0;0;0;0;802302,0941;5833159,42;13,46096452;52,56432119
32099;139183;11;3;3071639;2020;6;20;6;3;1;5;1;0;1;0;1;0;0;0;800734,1493;5829698,207;13,43476798;52,53416612
32100;139184;11;8;8010301;2020;6;13;6;3;1;5;0;1;1;0;0;0;0;0;800925,3444;5824243,086;13,43264639;52,48516508
32101;139185;11;5;5030731;2020;6;10;4;3;2;6;0;0;1;0;0;0;0;0;787223,58;5829410,869;13,23589205;52,53887826
32102;139186;11;8;8010405;2020;6;9;6;3;1;5;0;1;1;0;0;0;0;1;801578,7806;5823866,426;13,44189942;52,48142848
32103;139187;11;10;10040931;2020;6;8;3;3;5;3;0;1;0;0;0;0;1;0;813322,0103;5828734,904;13,61884448;52,51844436
32104;139188;11;4;4030827;2020;6;20;6;3;0;2;0;1;1;0;0;0;0;0;792734,5612;5826389,931;13,31425913;52,50886416
32105;139189;11;8;8041036;2020;6;9;2;3;5;3;0;0;1;0;0;0;0;0;805050,068;5817550,949;13,48708961;52,42289707
32106;139190;11;11;11020412;2020;6;13;2;3;5;3;0;0;0;0;1;0;1;0;805063,2431;5831515,834;13,50006332;52,54805076
32107;139191;11;7;7050503;2020;6;10;7;3;6;2;0;0;1;1;0;0;0;0;799195,8697;5819999,716;13,40344845;52,44807942
32108;139192;11;5;4020310;2020;6;12;6;3;2;6;0;0;1;0;0;0;0;0;788120,6928;5827857,8;13,24773678;52,52448076
32109;139193;11;8;8020620;2020;6;15;4;3;0;3;0;1;1;0;0;0;0;0;800650,2993;5821236,535;13,42589847;52,45836773
32110;139194;11;2;2010104;2020;6;22;7;3;6;4;2;0;0;1;0;0;1;0;799774,7637;5825695,648;13,41705994;52,49881802
32111;139195;11;5;5010101;2020;6;12;2;3;2;6;0;1;1;0;0;0;0;0;785081,992;5834121,682;13,20844854;52,58223939
32112;139196;11;1;1044103;2020;6;18;6;3;2;6;0;0;1;0;0;0;0;0;794843,8012;5831024,94;13,34935828;52,54927769
32113;139197;11;8;8010214;2020;6;10;2;3;5;2;0;0;1;0;0;0;0;0;802067,801;5821985,812;13,44737557;52,46430202
32114;139198;11;10;10040828;2020;6;12;2;3;5;3;0;1;1;0;0;0;0;0;811848,4274;5829321,611;13,59774783;52,52454655
32115;139199;11;5;5020625;2020;6;19;6;3;5;3;0;1;1;0;0;0;0;0;784584,7717;5828434,851;13,19625383;52,53151182
32116;139200;11;8;8041035;2020;6;16;4;3;6;4;0;0;1;1;0;0;0;0;804817,5534;5818566,034;13,48460595;52,4321246
32117;139201;11;11;11010205;2020;6;12;5;3;6;4;0;0;1;1;0;0;0;0;806231,1766;5833252,297;13,51883553;52,56295795
32118;139202;11;3;3061434;2020;6;17;1;3;3;6;0;0;1;0;1;0;0;0;801684,2793;5830052,531;13,44905484;52,53681688
32119;139203;11;1;1033102;2020;6;11;2;3;2;6;0;0;1;0;0;0;0;0;797194,4718;5831916,811;13,38472238;52,55599487
32120;139204;11;2;2010102;2020;6;12;6;3;5;3;0;1;1;0;0;0;0;0;797971,5219;5826184,45;13,3910123;52,5041871
32121;139205;11;3;3071537;2020;6;8;6;3;0;1;0;0;0;0;1;0;0;1;799653,1802;5830086,154;13,41922892;52,53823881
32122;139206;11;4;4051551;2020;6;8;4;3;5;2;0;0;1;0;0;0;1;0;792825,7875;5823220,373;13,31281342;52,48040105
32123;139207;11;9;9041301;2020;6;8;6;2;5;3;0;0;1;0;0;0;0;0;811385,604;5819732,774;13,5819927;52,4388816
32124;139208;11;7;7010104;2020;6;15;3;2;4;6;0;0;0;0;0;0;1;0;796473,2069;5824881,148;13,36784237;52,49332043
32125;139209;11;6;6010205;2020;6;7;6;2;1;5;0;1;1;0;0;0;0;1;795159,6429;5819752,639;13,34401319;52,44805853
32126;139210;11;9;9020601;2020;6;20;2;3;5;2;0;1;0;0;0;0;1;0;806665,3736;5821254,948;13,51416826;52,45519098
32127;139211;11;9;9041302;2020;6;10;2;3;0;1;0;1;0;0;0;0;0;0;811976,3931;5817603,319;13,58866946;52,41946195
32128;139212;11;12;12301206;2020;6;9;7;2;5;3;0;1;1;0;0;0;0;0;793641,1961;5837889,542;13,33775488;52,61146385
32129;139213;11;9;9051702;2020;6;7;6;3;0;1;0;1;0;0;0;0;0;1;813738,1588;5821733,747;13,61836761;52,45546809
32130;139214;11;6;6040703;2020;6;14;4;3;5;3;0;0;1;0;0;0;0;0;786291,0236;5817664,724;13,21208951;52,43405484
32131;139215;11;4;4030930;2020;6;23;7;3;5;7;2;0;1;0;0;0;0;0;792840,1671;5825515,527;13,31504163;52,50096874
32132;139216;11;1;1011201;2020;6;7;6;3;5;3;0;1;1;0;0;0;0;1;796957,3436;5826859,548;13,3767167;52,51079155
32133;139217;11;2;2030402;2020;6;18;6;3;2;6;0;1;1;0;0;0;0;1;801511,2891;5826001,727;13,44284071;52,50060483
32134;139218;11;4;4030931;2020;6;18;3;3;5;2;0;1;1;0;0;0;0;0;793522,1396;5825721,716;13,32524127;52,50245072
32135;139219;11;9;9041301;2020;6;10;2;3;0;2;0;1;1;0;0;0;0;0;812410,8989;5819584,024;13,59688811;52,43696393
32136;139220;11;3;3030715;2020;6;16;6;3;2;2;0;0;1;0;0;0;1;0;800832,5368;5833476,112;13,43963691;52,56797371
32137;139221;11;7;7020204;2020;6;23;2;3;0;1;2;1;0;0;0;0;0;0;796902,7946;5824147,572;13,37349772;52,48651115
32138;139222;11;3;3050924;2020;6;7;6;3;0;1;0;0;0;0;1;0;0;1;801612,8295;5831647,883;13,44945313;52,55115559
32139;139223;11;9;9051702;2020;6;19;3;2;3;6;0;1;0;0;0;0;0;0;814870,901;5821832,79;13,63507633;52,45570429
32140;139224;11;6;6030503;2020;6;7;5;3;0;3;0;1;0;0;0;0;0;0;790471,479;5818105,684;13,27379365;52,43580421