;OBJECTID;LAND;BEZ;LOR;UJAHR;UMONAT;USTUNDE;UWOCHENTAG;UKATEGORIE;UART;UTYP1;ULICHTVERH;IstRad;IstPKW;IstFuss;IstKrad;IstGkfz;IstSonstige;USTRZUSTAND;LINREFX;LINREFY;XGCSWGS84;YGCSWGS84
32537;139621;11;2;2040502;2020;6;13;2;2;0;5;0;1;1;0;0;0;0;0;801260,2745;5827919,617;13,44088983;52,51793385
32538;139622;11;3;3030715;2020;6;10;5;3;5;3;0;0;1;0;0;0;0;0;800943,4117;5833548,116;13,44133317;52,5685578
32539;139623;11;1;1044202;2020;6;18;3;3;6;4;0;1;0;1;0;0;0;0;795889,7254;5830457,977;13,36423344;52,5436283
32540;139624;11;6;6020410;2020;6;13;2;3;0;7;0;1;0;0;0;0;0;0;794674,2862;5816305,964;13,33385449;52,41742247
32541;139625;11;2;2010102;2020;6;12;2;2;5;3;0;1;1;0;0;0;0;0;798248,7207;5826084,225;13,39499437;52,50313726
32542;139626;11;1;1011103;2020;6;12;2;3;2;7;0;0;0;0;1;0;1;0;796055,1941;5825585,357;13,36232922;52,49985994
32543;139627;11;2;2030301;2020;6;20;2;3;5;2;0;1;1;0;0;0;0;0;799901,9018;5825710,647;13,41894073;52,49888261
32544;139628;11;6;6030501;2020;6;11;2;2;5;2;0;1;1;0;0;0;0;0;789357,0946;5817365,66;13,25680615;52,42976025
32545;139629;11;1;1022101;2020;6;18;3;3;5;2;0;0;1;0;1;0;0;0;793309,419;5829041,819;13,3250435;52,53232837
32546;139630;11;2;2010101;2020;6;17;2;3;5;2;0;1;0;0;0;0;0;0;797838,2149;5825787,023;13,38869863;52,50069742
32547;139631;11;1;1011302;2020;6;10;2;3;6;4;0;1;0;1;0;0;0;0;798642,174;5828819,459;13,40322866;52,52743967
32548;139632;11;10;10020416;2020;6;8;5;3;5;2;0;0;1;0;1;0;0;0;813234,788;5831081,101;13,61977352;52,53951857
32549;139633;11;7;7010101;2020;6;18;3;3;3;6;0;1;0;0;0;0;0;0;794786,5858;5825560,972;13,34367336;52,50032812
32550;139634;11;5;5020521;2020;6;11;2;3;5;2;0;0;1;0;0;0;1;0;780345,1874;5827612,08;13,1332247;52,52633144
32551;139635;11;3;3020307;2020;6;10;2;3;0;2;0;0;1;0;0;0;1;0;799675,7949;5837846,564;13,42657438;52,60778512
32552;139636;11;5;5020524;2020;6;10;2;2;4;6;0;0;1;0;0;0;0;0;783645,1911;5825496,262;13,17993401;52,50565358
32553;139637;11;1;1011101;2020;6;18;3;3;5;2;0;0;1;0;0;0;0;0;795247,263;5826624,124;13,35138298;52,50960943
32554;139638;11;1;1033203;2020;6;21;4;3;5;3;2;0;1;0;0;0;0;0;796881,9756;5831208,72;13,37949336;52,5498181
32555;139639;11;2;2020204;2020;6;8;2;3;0;7;0;1;0;0;0;0;0;0;798899,2071;5825119,953;13,40368386;52,49413795
32556;139640;11;3;3030406;2020;6;16;2;1;5;2;0;0;1;0;1;0;0;0;802717,719;5837328,139;13,4708851;52,60145327
32557;139641;11;2;2020204;2020;6;18;3;3;1;5;0;1;1;0;0;0;0;0;798187,6986;5824806,584;13,39295425;52,49171815
32558;139642;11;1;1011401;2020;6;19;4;3;0;1;0;1;0;0;0;0;0;0;797806,9468;5829268,398;13,39135545;52,53192073
32559;139643;11;3;3030716;2020;6;17;1;3;0;3;0;1;0;0;0;0;1;0;802446,7071;5834003,648;13,46386123;52,57180752
32560;139644;11;6;6040810;2020;6;18;1;3;5;2;0;1;0;0;1;0;0;0;791395,3739;5820496,925;13,28943163;52,45675045
32561;139645;11;6;6020301;2020;6;8;4;3;5;3;0;1;1;0;0;0;0;0;796238,0483;5818263,634;13,35851493;52,43412746
32562;139646;11;4;4051652;2020;6;22;1;3;2;7;2;1;1;0;0;0;0;0;793828,3084;5824514;13,32867352;52,49145934
32563;139647;11;3;3010102;2020;6;8;4;3;6;4;0;0;1;1;0;0;0;0;804768,4187;5840684,787;13,50416345;52,63039085
32564;139648;11;1;1033201;2020;6;22;1;3;5;2;2;1;1;0;0;0;0;0;798082,0906;5829999,888;13,39605572;52,53832718
32565;139649;11;1;1011202;2020;6;20;1;3;1;7;0;1;1;0;0;0;0;0;797569,791;5828037,498;13,38676805;52,52101673
32566;139650;11;8;8030830;2020;6;18;3;2;4;6;0;0;1;0;1;0;0;0;802511,8719;5817976,347;13,45026186;52,42811902
32567;139651;11;8;8010404;2020;6;14;4;3;5;3;0;1;1;0;0;0;0;0;802059,733;5822740,705;13,44794054;52,47107269
32568;139652;11;4;4041136;2020;6;20;1;3;1;5;0;1;1;0;0;0;0;0;789887,5587;5823100,054;13,26956499;52,48089008
32569;139653;11;6;6040810;2020;6;19;1;3;5;2;0;1;1;0;0;0;0;0;791273,2576;5821468,066;13,28848695;52,46552188
32570;139654;11;8;8010214;2020;6;8;4;3;5;2;0;0;1;0;0;0;0;0;802065,1378;5821982,426;13,44733343;52,46427314
32571;139655;11;8;8030830;2020;6;18;1;3;0;1;0;1;0;0;0;0;0;0;803027,3984;5817420,248;13,45731713;52,42284938
32572;139656;11;3;3061227;2020;6;17;1;3;1;5;0;1;1;0;0;0;0;0;799294,6563;5831428,926;13,41516841;52,55047167
32573;139657;11;1;1022103;2020;6;7;4;3;4;6;0;0;1;0;0;0;1;0;795002,3801;5829559,295;13,35038867;52,53605351
32574;139658;11;3;3030715;2020;6;18;1;2;9;1;0;0;1;0;0;0;0;0;801103,5291;5834535,321;13,44458483;52,5773176
32575;139659;11;10;10010308;2020;6;17;3;3;5;2;0;1;1;0;0;0;0;0;806548,8631;5829160,927;13,51973187;52,52611185
32576;139660;11;9;9010302;2020;6;16;1;2;5;7;0;0;1;0;1;0;0;0;803784,7355;5820878,907;13,47156358;52,45342916
32577;139661;11;9;9041501;2020;6;17;3;3;6;4;2;1;0;1;0;0;0;0;811289,2304;5820184,737;13,58100046;52,44298675
32578;139662;11;1;1011202;2020;6;15;1;3;0;1;0;0;0;0;0;0;1;0;798370,9617;5827943,535;13,39845684;52,51973669
32579;139663;11;4;4030623;2020;6;14;5;3;2;6;0;0;1;0;1;0;0;0;793603,96;5826428,394;13,32706643;52,50874175
32580;139664;11;7;7020203;2020;6;17;3;3;0;5;0;0;1;0;0;0;0;0;795644,093;5824137,998;13,35500636;52,48710838
32581;139665;11;7;7020204;2020;6;12;1;3;2;6;0;1;1;0;0;0;0;0;796285,1841;5823952,611;13,36425547;52,48509902
32582;139666;11;8;8020727;2020;6;7;4;3;2;1;0;0;1;0;1;0;0;0;801752,0438;5816992,706;13,43823322;52,41972192
32583;139667;11;1;1011203;2020;6;11;1;3;5;5;0;1;1;0;0;0;0;0;798183,7211;5827311,038;13,39513858;52,5141696
32584;139668;11;1;1044103;2020;6;11;1;3;2;6;0;0;1;0;0;0;0;0;795160,2051;5831040,856;13,35402518;52,54924902
32585;139669;11;5;5010339;2020;6;17;3;3;2;6;0;0;1;0;0;0;0;0;787073,39;5828148,029;13,23259292;52,5276353
32586;139670;11;4;4030621;2020;6;16;1;3;5;2;0;1;0;0;0;0;0;0;794160,6061;5827010,473;13,33575913;52,51365988
32587;139671;11;2;2020204;2020;6;22;7;3;5;3;2;0;1;0;0;0;0;1;798290,7417;5824802,658;13,39446394;52,49162666
32588;139672;11;4;4030623;2020;6;17;3;3;2;6;0;0;1;0;1;0;0;0;793880,8411;5826227,567;13,33095708;52,50679234
32589;139673;11;8;8010301;2020;6;21;7;3;5;3;2;1;1;0;0;0;0;1;800573,1651;5825139,787;13,42828439;52,49339651
32590;139674;11;2;2030402;2020;6;21;7;2;6;4;2;0;1;1;0;0;0;1;801598,8367;5825936,289;13,44406727;52,49996993
32591;139675;11;5;5020523;2020;6;11;5;3;5;3;0;0;1;0;0;0;0;0;782958,4913;5827080,329;13,17119063;52,52021346
32592;139676;11;10;10010310;2020;6;16;3;3;2;6;0;0;1;0;0;0;0;0;809849,8353;5831049,119;13,56999393;52,54116709
32593;139677;11;8;8010301;2020;6;20;7;3;5;3;2;1;1;0;0;0;0;1;800513,1384;5824555,201;13,42687569;52,48818971
32594;139678;11;1;1011303;2020;6;5;4;3;5;2;0;1;1;0;0;0;0;0;798742,7577;5828196,702;13,40414749;52,52180243
32595;139679;11;12;12214527;2020;6;20;7;3;6;7;1;1;0;1;0;0;0;1;790098,4724;5834969,678;13,28302238;52,5871901
32596;139680;11;1;1011304;2020;6;19;7;3;0;1;1;1;0;0;0;0;0;1;799921,5311;5827460,165;13,42080518;52,51455349
32597;139681;11;12;12103117;2020;6;16;3;3;6;4;0;0;1;1;0;0;0;0;796186,6961;5832756,537;13,37065051;52,56407114
32598;139682;11;1;1044102;2020;6;14;4;2;2;6;0;0;1;0;1;0;0;0;794941,8419;5832079,399;13,3517368;52,55867697
32599;139683;11;10;10040931;2020;6;19;7;3;0;1;1;1;0;0;0;0;0;1;814341,2128;5830081,751;13,6350887;52,52992664
32600;139684;11;3;3020209;2020;6;18;7;3;0;6;0;0;1;0;1;0;0;1;798080,484;5834691,485;13,40024593;52,58038167
32601;139685;11;3;3061228;2020;6;7;5;3;0;7;0;1;0;1;0;0;0;0;801229,6035;5831030,124;13,44325785;52,54583063
32602;139686;11;8;8030830;2020;6;9;3;3;1;5;0;0;1;0;0;0;0;0;802356,1366;5817870,232;13,4478824;52,42725397
32603;139687;11;9;9020701;2020;6;16;7;2;0;7;0;1;0;0;0;0;0;0;808747,431;5819067,029;13,54269057;52,43441083
32604;139688;11;1;1033201;2020;6;16;7;2;0;1;0;0;0;0;1;0;0;1;798021,1388;5830087,216;13,39523801;52,5391433
32605;139689;11;1;1011302;2020;6;9;5;3;5;3;0;1;0;0;0;0;1;0;798534,7166;5828993,565;13,4018057;52,52905915
32606;139690;11;5;5010314;2020;6;9;3;3;2;6;0;0;1;0;0;0;1;0;785279,541;5829297,33;13,20720872;52,53888153
32607;139691;11;4;4030518;2020;6;16;7;1;5;3;0;1;1;0;0;0;0;0;791951,8424;5828403,504;13,3045261;52,52733488
32608;139692;11;10;10010204;2020;6;14;7;2;2;6;0;0;1;0;0;0;0;1;809259,8984;5833260,697;13,5633827;52,56132149
32609;139693;11;1;1022201;2020;6;14;7;3;1;5;0;1;1;0;0;0;0;0;795075,4828;5828944,33;13,35091739;52,53050127
32610;139694;11;1;1011201;2020;6;16;3;3;0;1;0;1;0;0;0;0;0;0;797237,0076;5827397,868;13,38130628;52,51546467
32611;139695;11;1;1033101;2020;6;18;4;3;5;3;0;1;0;0;0;0;0;0;796666,2536;5831967,173;13,37699895;52,55673431
32612;139696;11;8;8010404;2020;6;14;7;3;5;7;0;1;1;0;0;0;0;0;801896,0849;5822706,888;13,44550804;52,47086004
32613;139697;11;1;1033203;2020;6;14;7;3;0;2;0;1;1;0;0;0;0;0;796651,8436;5831080,656;13,3759949;52,54879553
32614;139698;11;12;12214422;2020;6;18;4;3;5;2;0;1;1;0;0;0;0;0;792021,335;5833079,147;13,30965913;52,5692134
32615;139699;11;1;1033101;2020;6;14;7;3;6;4;0;1;0;1;0;0;0;0;797301,5165;5832277,877;13,38662007;52,55917295
32616;139700;11;12;12214424;2020;6;17;4;3;2;6;0;0;1;0;1;0;0;0;792879,4636;5832146,982;13,32146139;52,56039597
32617;139701;11;9;9020802;2020;6;14;7;3;6;4;0;0;1;1;0;0;0;0;810399,5351;5819859,936;13,56765108;52,4405817
32618;139702;11;1;1011101;2020;6;13;7;3;5;3;0;1;1;0;0;0;0;0;794723,2554;5826042,927;13,34316968;52,50468274
32619;139703;11;1;1033203;2020;6;12;7;3;0;7;0;1;0;0;0;0;0;0;796691,5446;5829859,575;13,37548809;52,53782826
32620;139704;11;8;8010117;2020;6;11;7;3;5;7;0;0;1;0;1;0;0;0;800559,1391;5823303,409;13,42642258;52,4769441
32621;139705;11;3;3050923;2020;6;8;3;3;5;3;0;0;1;0;0;0;0;0;800427,8784;5832285,641;13,43260661;52,55752677
32622;139706;11;6;6020304;2020;6;13;4;2;2;6;0;1;1;0;0;0;0;0;795040,7252;5817730,946;13,34048381;52,42999932
32623;139707;11;12;12304314;2020;6;10;7;3;2;6;0;0;1;0;0;0;0;0;791157,0473;5836351,744;13,29981839;52,59901441
32624;139708;11;5;5020522;2020;6;11;7;2;5;3;0;0;1;0;1;0;0;0;781042,7114;5827419,538;13,14331661;52,52424583
32625;139709;11;6;6020410;2020;6;6;7;3;5;3;0;0;1;0;0;0;0;0;794565,5185;5816332,734;13,33228334;52,417721
32626;139710;11;12;12304313;2020;6;15;3;2;5;2;0;0;1;0;1;0;0;0;792311,794;5835033,321;13,31565565;52,58657583
32627;139711;11;1;1011202;2020;6;1;7;3;1;5;2;1;1;0;0;0;0;0;797713,6246;5827740,08;13,38861551;52,51827224
32628;139712;11;3;3050925;2020;6;14;3;2;1;5;0;1;0;0;0;0;1;0;802071,9196;5831129,677;13,45573211;52,54625655
32629;139713;11;1;1044202;2020;6;0;7;3;6;2;2;0;0;1;0;0;1;0;795532,0489;5830731,948;13,35921825;52,54627833
32630;139714;11;1;1044101;2020;6;12;5;3;0;2;0;1;1;0;0;0;0;0;793947,017;5830165,721;13,33541026;52,54205999
32631;139715;11;7;7040403;2020;6;8;3;3;5;2;0;1;1;0;0;0;0;0;797268,9128;5821088,203;13,37614729;52,4588878
32632;139716;11;11;11020412;2020;6;17;7;3;3;2;1;1;1;0;0;0;0;1;805714,4668;5831826,162;13,50992306;52,55046695
32633;139717;11;1;1011305;2020;6;16;4;3;5;2;0;1;1;0;0;0;0;0;799690,207;5827210,072;13,41718128;52,51243894
32634;139718;11;6;6020409;2020;6;15;5;3;6;6;0;1;0;1;0;0;0;0;793087,2141;5816647,605;13,31088415;52,42133742
32635;139719;11;2;2020205;2020;6;14;3;3;3;6;0;1;1;0;0;0;0;0;798102,9947;5824547,145;13,39147827;52,48943886
32636;139720;11;4;4010101;2020;6;13;6;2;5;2;0;1;0;0;0;0;1;0;790399,7261;5829029,346;13,28225813;52,53377459
32637;139721;11;1;1011302;2020;6;20;6;2;3;6;0;1;1;0;0;0;0;0;798098,384;5828950,244;13,39535386;52,5289096
32638;139722;11;4;4030930;2020;6;19;6;3;0;7;0;1;0;0;0;0;0;1;793293,579;5825653,371;13,32182349;52,50196094
32639;139723;11;8;8010303;2020;6;18;6;3;0;1;0;1;0;0;0;0;0;0;801231,0177;5823807,384;13,43674063;52,48109122
32640;139724;11;1;1011302;2020;6;8;3;3;0;1;0;1;0;0;0;0;0;0;799032,7051;5828941,845;13,40907827;52,52832261
32641;139725;11;12;12214423;2020;6;18;6;3;0;1;0;0;1;0;1;0;0;0;792812,6641;5833245,471;13,32144836;52,57027931
32642;139726;11;12;12214423;2020;6;18;6;3;5;3;0;0;1;0;0;0;1;0;792577,7041;5833283,041;13,31802458;52,57074246
32643;139727;11;8;8041035;2020;6;11;5;3;5;3;0;0;1;0;0;0;0;0;804903,3106;5818698,161;13,48598393;52,43326103
32644;139728;11;1;1044203;2020;6;15;3;3;5;3;0;1;1;0;0;0;0;0;796341,9113;5831942,394;13,37220665;52,55668877
32645;139729;11;6;6030607;2020;6;17;6;3;5;3;0;0;1;0;0;0;0;0;791233,6959;5816030,241;13,28316724;52,41679221
32646;139730;11;9;9052001;2020;6;17;6;3;5;3;0;0;1;0;0;0;0;0;810357,4389;5823533,579;13,57044839;52,47352754
32647;139731;11;5;5010207;2020;6;17;6;3;6;7;0;1;0;1;0;0;0;0;783277,7706;5830339,587;13,1786618;52,54927096
32648;139732;11;6;6020408;2020;6;14;3;3;2;6;0;1;1;0;0;0;0;0;793111,0927;5816290,943;13,31092185;52,41812721
32649;139733;11;12;12302109;2020;6;16;6;3;6;7;0;1;0;1;0;0;0;0;795221,8844;5836952,144;13,36019572;52,60220476
32650;139734;11;7;7070705;2020;6;15;6;3;1;5;0;1;1;0;0;0;0;0;798687,5599;5814084,972;13,39071088;52,39533836
32651;139735;11;1;1033203;2020;6;13;3;3;5;3;0;1;1;0;0;0;0;0;796408,9578;5830825,094;13,37219527;52,5466369
32652;139736;11;5;5040936;2020;6;8;6;3;2;6;0;1;1;0;0;0;0;0;781558,3184;5819636,38;13,14431999;52,454191
32653;139737;11;8;8010301;2020;6;15;6;3;5;7;0;1;1;0;0;0;1;0;800853,7557;5824525,572;13,4318503;52,48773654
32654;139738;11;10;10040933;2020;6;9;5;1;6;4;0;1;0;1;0;0;0;0;812438,971;5824769,128;13,60215242;52,48341302
32655;139739;11;9;9051901;2020;6;6;3;3;5;2;0;1;1;0;0;0;0;0;810763,9189;5821244,651;13,57428257;52,45278406
32656;139740;11;12;12214423;2020;6;14;6;3;2;6;0;0;1;0;0;0;0;0;792323,1397;5833702,671;13,31464908;52,57464104
32657;139741;11;1;1044201;2020;6;16;4;3;4;6;0;1;0;0;0;0;1;0;796647,8218;5831622,276;13,37641966;52,55365273
32658;139742;11;2;2050801;2020;6;14;6;3;3;6;0;1;1;0;0;0;0;0;802216,4283;5827524,403;13,45457935;52,51386254
32659;139743;11;1;1011301;2020;6;13;6;3;0;1;0;0;0;0;1;0;0;0;797586,4648;5828187,474;13,38714726;52,52235199
32660;139744;11;3;3030715;2020;6;6;3;3;5;3;0;0;1;0;0;0;1;0;800153,9482;5833852,556;13,42999566;52,57172242
32661;139745;11;7;7050505;2020;6;13;4;3;5;3;0;1;1;0;0;0;0;0;799298,0944;5819054,086;13,4041011;52,43954712
32662;139746;11;2;2020203;2020;6;13;6;2;5;2;0;1;0;0;0;0;1;0;797129,2561;5823996,505;13,37668836;52,48503379
32663;139747;11;1;1011204;2020;6;13;6;3;5;2;0;1;1;0;0;0;0;0;798619,3651;5826919,146;13,40118763;52,51041848
32664;139748;11;2;2030302;2020;6;12;6;3;5;7;0;0;1;0;1;0;0;0;801382,2098;5826099,806;13,44103366;52,50155524
32665;139749;11;1;1033203;2020;6;13;4;3;0;7;0;0;0;0;1;0;0;1;796459,2772;5829952,224;13,3721562;52,53878517
32666;139750;11;1;1011102;2020;6;23;6;3;5;2;2;0;1;0;1;0;0;0;794309,038;5827020,968;13,3379494;52,51367389
32667;139751;11;3;3040614;2020;6;22;6;3;1;5;2;1;1;0;0;0;0;0;798914,2663;5833274,101;13,41123687;52,56721969
32668;139752;11;8;8010301;2020;6;23;4;3;1;1;2;0;1;0;1;0;0;0;800472,4274;5824773,384;13,42647464;52,49016777
32669;139753;11;4;4010102;2020;6;22;6;2;1;5;2;1;0;0;0;0;1;0;792432,239;5830195,429;13,31316401;52,54314141
32670;139754;11;4;4020310;2020;6;12;6;3;5;2;0;1;0;0;0;0;1;0;788168,9261;5827845,169;13,2484348;52,52434202
32671;139755;11;1;1022206;2020;6;12;6;2;5;2;0;0;1;0;0;0;1;0;795703,6221;5828178,09;13,35946883;52,52329222
32672;139756;11;7;7040406;2020;6;5;3;3;5;3;0;1;1;0;0;0;0;0;800274,6428;5821545,149;13,42066388;52,4613405
32673;139757;11;2;2050802;2020;6;17;4;3;5;2;0;1;1;0;0;0;0;0;802550,8004;5826713,139;13,45875426;52,50640587
32674;139758;11;5;5040936;2020;6;20;6;3;5;2;0;0;1;0;1;0;0;0;779920,4212;5821654,507;13,12197213;52,47312882
32675;139759;11;10;10040933;2020;6;12;6;3;5;2;0;1;1;0;0;0;0;0;812382,0183;5824149,368;13,60073584;52,47789179
32676;139760;11;9;9051901;2020;6;12;6;3;1;5;0;1;1;0;0;0;0;0;812258,0955;5821767,765;13,59668854;52,45662044
32677;139761;11;2;2040503;2020;6;11;6;3;2;6;0;0;1;0;1;0;0;0;801389,3695;5828741,311;13,44353115;52,52522746
32678;139762;11;5;5010313;2020;6;0;3;2;5;3;2;1;1;0;0;0;0;0;784331,0575;5830000,034;13,19386306;52,54567774
32679;139763;11;1;1011202;2020;6;13;3;3;5;2;0;0;1;0;1;0;0;0;797699,6925;5827788,6;13,38845421;52,51871476
32680;139764;11;7;7060603;2020;6;11;6;3;1;5;0;0;1;0;0;0;0;0;798007,6086;5817103,486;13,383434;52,42276674
32681;139765;11;11;11040926;2020;6;12;3;3;5;2;0;1;1;0;0;0;0;0;806685,1672;5826906,706;13,51965702;52,50583247
32682;139766;11;9;9020602;2020;6;10;6;2;6;4;0;0;1;1;0;0;0;0;808418,573;5820877,047;13,53953897;52,45081783
32683;139767;11;1;1022207;2020;6;14;5;3;0;7;0;1;0;1;0;0;0;0;794589,5911;5827548,838;13,34253908;52,51825444
32684;139768;11;9;9010402;2020;6;12;3;3;2;6;0;0;1;0;0;0;0;0;806468,3873;5820005,757;13,51013226;52,44410572
32685;139769;11;10;10040931;2020;6;9;6;3;2;6;0;0;1;0;0;0;0;0;813659,1329;5829822,235;13,62482199;52,52799402
32686;139770;11;5;5010209;2020;6;8;6;3;1;5;0;0;1;0;0;0;0;0;781976,7587;5829702,882;13,15898491;52,54423704
32687;139771;11;10;10030724;2020;6;8;6;3;5;2;0;1;1;0;0;0;0;0;809564,8134;5828022,68;13,56298707;52,5142073
32688;139772;11;3;3061126;2020;6;7;6;2;5;2;0;1;1;0;0;0;0;0;798968,2706;5831464;13,41040069;52,55096529
32689;139773;11;2;2030302;2020;6;11;3;3;5;3;0;1;1;0;0;0;0;0;801186,4198;5825954,796;13,43802685;52,50036358
32690;139774;11;6;6040804;2020;6;6;6;3;5;2;0;1;1;0;0;0;0;0;788376,7752;5819137,139;13,24395585;52,4461603
32691;139775;11;3;3050923;2020;6;9;5;3;6;7;0;1;0;1;0;0;0;0;800335,725;5831951,805;13,43094933;52,55458535
32692;139776;11;8;8020727;2020;6;10;5;3;6;2;0;0;1;1;0;0;0;0;801021,3153;5817079,243;13,42759824;52,4209
32693;139777;11;8;8041040;2020;6;11;3;3;5;3;0;0;1;0;0;1;0;0;806496,2728;5816239,656;13,50709022;52,41033658
32694;139778;11;6;6030501;2020;6;7;5;2;0;1;0;1;0;0;0;0;0;1;788520,1136;5817046,93;13,24425486;52,4273447
32695;139779;11;7;7070701;2020;6;12;5;3;5;2;0;0;1;0;0;0;0;1;799274,8579;5816258,017;13,40125843;52,41449657
32696;139780;11;4;4051550;2020;6;11;5;3;5;2;0;1;1;0;0;0;0;1;793319,8362;5824170,131;13,32090319;52,48865015
32697;139781;11;2;2050801;2020;6;12;5;3;5;7;0;1;1;0;0;0;0;0;803157,255;5827086,008;13,46800178;52,50941119
32698;139782;11;1;1011204;2020;6;11;3;3;0;7;0;1;1;0;0;0;0;0;798149,7008;5826610,454;13,39401114;52,50790835
32699;139783;11;4;4051448;2020;6;11;5;3;6;4;0;1;0;1;0;0;0;1;793736,6062;5824913,461;13,32767894;52,49508968
32700;139784;11;12;12231101;2020;6;9;5;3;5;3;0;1;1;0;0;0;0;1;791422,7817;5838752,912;13,30584552;52,62039766
32701;139785;11;4;4051652;2020;6;9;5;3;6;2;0;0;1;1;0;0;0;1;793469,0172;5824498,997;13,32338362;52,49151813
32702;139786;11;1;1044101;2020;6;10;3;3;5;2;0;1;1;0;0;0;0;0;794021,903;5830177,809;13,33652202;52,54212795
32703;139787;11;4;4041134;2020;6;9;5;3;3;6;0;0;1;0;0;1;0;0;790833,919;5824761,386;13,28491089;52,49528082
32704;139788;11;5;5010311;2020;6;9;5;3;6;4;0;0;1;1;0;0;0;1;785397,9985;5830320,093;13,20982933;52,54798944
32705;139789;11;4;4041342;2020;6;7;5;3;5;3;0;0;1;0;0;0;0;0;792478,2225;5822325,258;13,30692507;52,47256278
32706;139790;11;1;1011203;2020;6;10;3;2;0;7;0;1;0;0;0;0;0;0;797742,8809;5827563,882;13,38888771;52,51667686
32707;139791;11;4;4041342;2020;6;9;5;3;2;6;0;0;1;0;0;0;1;1;792422,867;5822824,357;13,30655003;52,47706675
32708;139792;11;1;1044203;2020;6;9;5;3;5;2;0;1;0;0;0;0;1;1;795436,7256;5831604,734;13,35859317;52,55415377
32709;139793;11;7;7050501;2020;6;20;5;3;2;6;1;0;1;0;0;0;1;0;797590,3831;5819564,647;13,37950714;52,44505572
32710;139794;11;3;3061126;2020;6;8;5;3;0;6;0;0;0;0;1;0;1;1;798952,9493;5831813,601;13,41049019;52,55410733
32711;139795;11;8;8010214;2020;6;13;2;3;2;3;0;0;1;0;0;1;0;0;802066,0749;5821982,779;13,4473475;52,46427578
32712;139796;11;10;10020620;2020;6;12;4;3;2;6;0;0;1;0;0;0;0;0;811269,0441;5829683,012;13,58957376;52,52811623
32713;139797;11;2;2020203;2020;6;8;5;2;0;2;0;1;1;0;0;0;0;1;797815,4622;5824933,312;13,38760115;52,49305733
32714;139798;11;1;1033201;2020;6;7;5;3;1;5;0;1;1;0;0;0;0;1;798203,3256;5830782,642;13,39854055;52,54527716
32715;139799;11;3;3050924;2020;6;8;4;3;5;3;0;0;1;1;0;0;1;0;801993,6979;5831666,097;13,45506989;52,55110782
32716;139800;11;1;1033203;2020;6;16;4;3;1;5;0;1;1;0;0;0;1;0;796914,3154;5831384,121;13,38012575;52,55137274
32717;139801;11;7;7070703;2020;6;19;5;3;2;1;0;0;1;0;0;0;0;0;799612,339;5813974,452;13,40416282;52,39384264
32718;139802;11;12;12214424;2020;6;15;4;3;1;5;0;1;1;0;0;0;0;0;793170,439;5832630,016;13,32616824;52,56456952
32719;139803;11;12;12103218;2020;6;6;5;3;5;3;0;1;1;0;0;0;0;1;794836,914;5833490,542;13,35144758;52,57138351
32720;139804;11;4;4020314;2020;6;19;5;3;5;7;0;0;1;0;0;0;0;0;789385,8778;5825830,759;13,26457025;52,50563777
32721;139805;11;5;5020625;2020;6;15;5;3;5;3;0;0;1;0;0;0;0;0;784048,37;5828705,513;13,18859879;52,53421842
32722;139806;11;4;4010103;2020;6;15;2;2;6;7;0;1;0;1;0;0;0;0;791674,4606;5829315,787;13,30124941;52,5356618
32723;139807;11;1;1033201;2020;6;19;5;3;6;4;0;0;1;1;0;0;0;1;797616,3909;5830958,905;13,39006877;52,54717808
32724;139808;11;11;11040926;2020;6;19;5;3;5;3;0;1;1;0;0;0;0;1;805596,6393;5827239,373;13,50397458;52,50942473
32725;139809;11;4;4030415;2020;6;13;5;3;5;2;0;1;0;0;0;1;0;0;791665,9465;5827510,25;13,29954038;52,51948005
32726;139810;11;4;4010102;2020;6;18;2;3;5;2;0;1;1;0;0;0;0;0;793341,673;5829714,923;13,32611175;52,53834505
32727;139811;11;2;2040703;2020;6;17;7;3;5;2;0;0;1;0;0;0;0;1;801767,78;5826253,667;13,4468361;52,50272122
32728;139812;11;3;3040513;2020;6;23;7;3;0;7;2;1;0;0;0;0;0;0;797433,1082;5833515,08;13,38966464;52,57019101
32729;139813;11;8;8010118;2020;6;6;4;3;5;7;0;0;1;0;0;0;0;0;800935,9865;5822320,016;13,43106736;52,46792212
32730;139814;11;8;8010118;2020;6;20;5;3;5;7;0;0;1;0;0;0;0;0;801054,8348;5822037,376;13,43255663;52,46532325
32731;139815;11;7;7060601;2020;6;11;3;3;1;5;0;0;1;0;0;0;0;0;796818,9019;5816749,251;13,3656901;52,42023736
32732;139816;11;1;1022206;2020;6;16;7;3;5;3;0;0;1;0;0;0;0;1;796238,6065;5828119,937;13,36727927;52,52248053
32733;139817;11;12;12214527;2020;6;13;3;3;6;7;0;0;0;1;0;0;1;0;790237,4394;5835280,094;13,2853398;52,58989883
32734;139818;11;1;1033203;2020;6;16;7;3;6;2;0;0;1;1;0;0;0;1;796301,1762;5830673,776;13,37047547;52,54533912
32735;139819;11;10;10030727;2020;6;7;5;3;5;2;0;0;1;0;1;0;0;0;809554,4134;5826622,385;13,56153221;52,50166423