;OBJECTID;LAND;BEZ;LOR;UJAHR;UMONAT;USTUNDE;UWOCHENTAG;UKATEGORIE;UART;UTYP1;ULICHTVERH;IstRad;IstPKW;IstFuss;IstKrad;IstGkfz;IstSonstige;USTRZUSTAND;LINREFX;LINREFY;XGCSWGS84;YGCSWGS84
32736;139820;11;4;4041344;2020;6;14;6;3;5;3;0;0;1;0;0;0;0;1;793356,356;5822838,156;13,3202674;52,47668985
32737;139821;11;5;5010314;2020;6;6;2;3;1;5;0;1;1;0;0;0;0;0;785323,672;5829235,554;13,2078046;52,53830455
32738;139822;11;1;1033203;2020;6;16;7;3;0;1;0;1;0;0;0;0;0;1;796727,4848;5830460,447;13,37655308;52,54319485
32739;139823;11;7;7010102;2020;6;19;4;2;0;1;0;0;0;0;0;0;1;0;795972,5846;5824957,927;13,3605583;52,49428038
32740;139824;11;1;1044202;2020;6;7;3;3;5;2;0;1;1;0;0;0;0;0;794628,3324;5829879,565;13,34517382;52,53912684
32741;139825;11;6;6020303;2020;6;18;3;3;5;2;0;1;1;0;0;0;0;0;795205,1766;5818288,819;13,34338814;52,43491164
32742;139826;11;4;4030931;2020;6;12;2;3;5;5;0;1;1;0;0;0;0;0;793524,2163;5825796,967;13,32533811;52,50312419
32743;139827;11;3;3030405;2020;6;16;7;3;2;2;0;0;1;0;0;0;0;1;803868,0263;5839547,356;13,48985562;52,62070121
32744;139828;11;6;6040804;2020;6;10;4;2;0;7;0;0;0;0;0;1;0;0;787610,018;5818086,347;13,23180078;52,43714306
32745;139829;11;12;12214424;2020;6;13;6;3;6;7;0;1;0;1;0;0;0;0;793365,511;5832943,035;13,3293147;52,56727048
32746;139830;11;4;4051448;2020;6;14;2;3;1;5;0;0;0;0;1;0;1;0;794231,1297;5824942,488;13,33496786;52,49508353
32747;139831;11;1;1044102;2020;6;15;7;3;2;6;0;0;1;0;0;0;0;1;794545,321;5831592,976;13,34547297;52,55453118
32748;139832;11;4;4051445;2020;6;16;4;2;9;1;0;0;0;0;1;0;0;0;792245,4336;5824060,482;13,3050286;52,48824339
32749;139833;11;8;8041037;2020;6;17;3;2;0;1;0;1;0;0;0;0;0;0;805476,8006;5818450,943;13,49416757;52,43072536
32750;139834;11;6;6040809;2020;6;8;2;3;2;6;0;0;1;0;0;0;0;0;792336,1503;5820740,041;13,30345068;52,45842757
32751;139835;11;4;4010102;2020;6;15;7;3;1;7;0;0;1;0;0;0;0;1;792489,838;5829873,624;13,31372761;52,54022563
32752;139836;11;9;9030903;2020;6;22;7;3;1;5;2;0;1;0;0;0;0;1;808086,499;5815276,884;13,52951002;52,40081546
32753;139837;11;8;8041037;2020;6;9;4;3;5;3;0;1;1;0;0;0;0;0;805922,9225;5817234,603;13,49959658;52,41957456
32754;139838;11;8;8020620;2020;6;17;5;3;6;4;0;0;1;1;0;0;0;0;801386,7505;5820959,073;13,43645412;52,45547513
32755;139839;11;12;12302110;2020;6;15;1;2;1;5;0;0;1;0;0;0;1;0;794814,8566;5836296,836;13,35361962;52,5965514
32756;139840;11;7;7010102;2020;6;18;6;3;6;4;0;0;0;1;1;0;0;1;794947,7975;5825418,256;13,345915;52,49896166
32757;139841;11;4;4010102;2020;6;10;2;3;5;2;0;0;1;0;0;1;0;0;793352,9582;5829679,213;13,32624614;52,53801886
32758;139842;11;2;2020206;2020;6;22;6;3;1;5;2;1;1;0;0;0;0;0;799484,1502;5825104,518;13,41226022;52,49367897
32759;139843;11;2;2030302;2020;6;10;4;3;5;7;0;1;0;0;0;0;1;0;801635,0419;5826071,456;13,44472143;52,50116143
32760;139844;11;12;12214125;2020;6;19;5;2;5;2;0;1;1;0;0;0;0;0;791908,889;5831509,603;13,30662395;52,55520325
32761;139845;11;4;4041342;2020;6;11;2;3;5;3;0;1;0;0;0;0;1;0;792289,6239;5822097,62;13,3039569;52,47062298
32762;139846;11;9;9020501;2020;6;17;6;3;0;2;0;1;1;0;0;0;0;1;805669,1755;5824140,507;13,5021967;52,48161077
32763;139847;11;2;2050802;2020;6;13;4;3;5;2;0;0;1;0;0;0;1;0;802059,5278;5827162,222;13,45194555;52,51070322
32764;139848;11;1;1044203;2020;6;16;3;3;5;3;0;1;1;0;0;0;0;0;795939,2677;5831408,993;13,36580933;52,55212632
32765;139849;11;8;8041037;2020;6;17;2;3;5;3;0;1;1;0;0;0;0;0;805871,0521;5817653,777;13,49921941;52,42336043
32766;139850;11;8;8010301;2020;6;13;6;2;1;5;0;1;1;0;0;0;0;0;801626,8866;5824128,54;13,44284279;52,48375129
32767;139851;11;1;1033201;2020;6;18;7;3;2;6;0;0;1;0;0;0;0;1;797714,0513;5830669,006;13,39124489;52,54452614
32768;139852;11;2;2020203;2020;6;17;4;3;0;2;0;1;1;0;0;0;0;0;797842,2243;5824926,622;13,38798819;52,49298276
32769;139853;11;4;4020314;2020;6;21;5;3;0;7;1;0;0;0;1;0;0;0;790226,3399;5825437,132;13,27657528;52,50166241
32770;139854;11;9;9051901;2020;6;12;3;2;5;2;0;1;1;0;0;0;0;0;809951,3519;5821593,663;13,56268718;52,45637314
32771;139855;11;8;8010404;2020;6;12;6;3;5;2;0;1;1;0;0;0;0;0;801782,3236;5823395,543;13,44446141;52,47709544
32772;139856;11;1;1011202;2020;6;12;4;3;0;6;0;1;1;0;0;0;0;0;797727,0604;5827660,202;13,38874145;52,51754889
32773;139857;11;2;2020204;2020;6;15;3;3;8;1;0;1;1;0;0;0;0;0;798357,6548;5825306,978;13,3958982;52,49611068
32774;139858;11;8;8020727;2020;6;12;5;3;1;5;0;0;1;0;0;0;1;0;801599,6501;5817448,221;13,43640969;52,42388887
32775;139859;11;4;4030930;2020;6;16;6;3;2;6;0;1;1;0;0;0;0;0;792751,6889;5825490,863;13,31372022;52,5007951
32776;139860;11;3;3030715;2020;6;17;2;2;5;3;0;1;0;0;1;0;0;0;801158,0063;5833193,038;13,44416746;52,56525655
32777;139861;11;2;2040502;2020;6;12;6;3;0;7;0;0;1;1;0;0;0;0;800927,1145;5828516,858;13,43653502;52,52347098
32778;139862;11;4;4051652;2020;6;18;7;3;2;7;0;0;1;0;1;0;0;1;793938,3657;5824451,786;13,33023497;52,49084237
32779;139863;11;12;12103219;2020;6;14;4;3;0;5;0;0;1;0;0;0;1;0;795386,7433;5832478,164;13,35863544;52,56201038
32780;139864;11;4;4051655;2020;6;14;5;3;6;7;0;1;0;1;0;0;0;0;793987,6973;5824062,064;13,33061565;52,48732213
32781;139865;11;4;4020311;2020;6;9;3;3;3;6;0;0;1;0;1;0;0;0;788786,4164;5827307,842;13,25704455;52,51919799
32782;139866;11;1;1022104;2020;6;23;6;3;2;2;2;1;1;0;0;0;0;0;794573,1698;5828722,096;13,34333697;52,52878077
32783;139867;11;2;2020206;2020;6;10;3;3;2;6;0;0;1;0;0;0;0;0;800277,4554;5824785,16;13,42362228;52,4903806
32784;139868;11;4;4030828;2020;6;18;6;3;0;6;0;0;1;0;0;0;1;0;793513,9806;5826085,425;13,32544204;52,5057156
32785;139869;11;12;12301203;2020;6;14;5;3;2;2;0;1;1;0;0;0;0;0;793409,619;5836082,397;13,33274274;52,5953891
32786;139870;11;7;7050501;2020;6;14;6;3;0;3;0;1;1;0;0;0;0;1;796996,8981;5819494,368;13,37073823;52,44474841
32787;139871;11;9;9051801;2020;6;15;2;3;3;6;0;1;0;0;0;0;1;0;821016,5744;5818281,953;13,72180372;52,42031542
32788;139872;11;3;3061227;2020;6;21;6;3;0;2;1;1;1;0;0;0;0;0;800157,9352;5831671,39;13,42808133;52,55216994
32789;139873;11;4;4041343;2020;6;14;3;3;5;2;0;1;1;0;0;0;0;0;792668,555;5823055,776;13,3103603;52,47900976
32790;139874;11;9;9010101;2020;6;19;6;3;0;1;0;1;0;0;0;0;0;1;802605,2039;5824486,523;13,4575307;52,48641861
32791;139875;11;4;4041344;2020;6;10;5;3;2;6;0;0;1;0;0;0;1;0;792759,7948;5821814,512;13,31061046;52,46783321
32792;139876;11;10;10010204;2020;6;15;6;2;5;3;0;1;1;0;0;0;0;0;810058,5262;5833176,451;13,57504761;52,56011239
32793;139877;11;9;9020802;2020;6;17;2;3;4;6;0;1;0;0;0;0;0;0;810507,7312;5819991,585;13,56936004;52,44170008
32794;139878;11;4;4051652;2020;6;19;6;3;1;5;1;0;1;0;1;0;0;1;793696,3642;5824497,552;13,32672125;52,4913829
32795;139879;11;1;1011302;2020;6;21;4;3;2;6;1;0;1;0;1;0;0;0;798029,8284;5828917,878;13,39431725;52,52865697
32796;139880;11;9;9051702;2020;6;14;5;3;2;6;0;0;1;0;0;0;0;0;815201,5017;5824376,866;13,64232859;52,47831055
32797;139881;11;9;9010201;2020;6;7;3;2;2;6;0;0;1;0;0;0;0;0;803523,6957;5823549,279;13,47016263;52,47750841
32798;139882;11;7;7040403;2020;6;19;2;3;2;6;0;0;1;0;0;0;0;0;797273,326;5820992,838;13,37612713;52,45803054
32799;139883;11;1;1044201;2020;6;19;6;3;4;3;0;1;0;0;0;0;1;1;796704,6178;5831646,66;13,3772767;52,55384037
32800;139884;11;8;8010405;2020;6;11;4;3;6;4;0;0;1;1;0;0;0;0;802126,4842;5823668,876;13,44976104;52,47935508
32801;139885;11;1;1044202;2020;6;19;5;3;5;2;0;1;1;0;0;0;0;0;795521,6608;5830728,955;13,35906284;52,54625714
32802;139886;11;2;2040701;2020;6;13;2;3;0;1;0;1;0;0;0;0;0;0;800621,2885;5827232,356;13,43088025;52,51212635
32803;139887;11;7;7050501;2020;6;18;6;3;5;2;0;1;1;0;0;0;0;0;797709,9657;5819218,644;13,38095312;52,44188906
32804;139888;11;9;9010302;2020;6;15;4;2;2;6;0;0;1;0;1;0;0;0;805100,4549;5820627,442;13,49063616;52,45044261
32805;139889;11;9;9030901;2020;6;17;3;3;5;3;0;1;0;0;0;0;1;0;807837,2589;5816224,143;13,52672877;52,40944521
32806;139890;11;2;2050801;2020;6;18;4;3;5;2;0;1;1;0;0;0;0;0;802440,972;5827416,69;13,45778028;52,51277266
32807;139891;11;10;10010311;2020;6;6;3;3;0;2;0;1;1;0;0;0;0;0;810690,9509;5832009,971;13,58325523;52,54929873
32808;139892;11;11;11020513;2020;6;10;2;2;5;2;0;0;1;0;1;0;0;0;803105,059;5830493,811;13,470341;52,53998365
32809;139893;11;8;8010301;2020;6;18;6;3;2;6;0;0;1;0;0;0;0;0;800507,887;5824452,781;13,42670623;52,48727457
32810;139894;11;6;6030503;2020;6;9;4;3;5;2;0;0;1;0;0;0;1;0;789557,7216;5817363,343;13,25974677;52,42963333
32811;139895;11;2;2030302;2020;6;18;5;3;3;6;0;1;0;0;0;0;0;0;800378,4341;5825781,191;13,42600313;52,49925285
32812;139896;11;3;3071536;2020;6;21;1;3;0;7;1;1;1;0;0;0;0;0;798938,9523;5829961,273;13,4086172;52,53751169
32813;139897;11;4;4010103;2020;6;17;6;3;3;6;0;0;1;0;0;1;0;1;791195,7012;5829044,731;13,29397334;52,53348784
32814;139898;11;4;4051445;2020;6;13;4;3;5;2;0;0;1;0;1;0;0;0;792438,4892;5824111,484;13,3079085;52,48859723
32815;139899;11;11;11020513;2020;6;19;3;2;3;6;0;1;0;0;0;1;0;0;803171,3855;5831344,956;13,47209277;52,54757534
32816;139900;11;7;7070704;2020;6;18;2;3;6;4;0;0;1;1;0;0;0;0;800447,502;5814110,961;13,41652219;52,39460884
32817;139901;11;3;3050924;2020;6;17;6;3;1;5;0;1;1;0;0;0;0;0;801523,6754;5831339,254;13,44786198;52,5484387
32818;139902;11;2;2030302;2020;6;15;7;3;5;3;0;1;1;0;0;0;0;1;800678,2831;5825795,004;13,43041946;52,49921153
32819;139903;11;1;1033101;2020;6;15;2;2;6;7;0;0;0;1;0;0;1;0;797075,7594;5832300,513;13,38331994;52,55949906
32820;139904;11;2;2010103;2020;6;16;6;3;5;2;0;1;1;0;0;0;0;1;799291,8485;5826221,011;13,41043947;52,50379219
32821;139905;11;3;3020209;2020;6;15;7;3;5;2;0;1;1;0;0;0;0;1;798131,6167;5835469,495;13,40169824;52,58732737
32822;139906;11;10;10010310;2020;6;8;4;3;5;2;0;0;1;0;0;0;0;0;809024,81;5830220,01;13,55709648;52,53420537
32823;139907;11;3;3050923;2020;6;16;5;3;6;4;0;0;1;1;0;0;0;0;800246,3686;5831947,069;13,42963102;52,55459218
32824;139908;11;9;9020701;2020;6;14;1;2;5;2;0;0;1;0;0;0;0;0;807658,1275;5819376,412;13,52700246;52,43779733
32825;139909;11;2;2020203;2020;6;19;3;3;5;2;0;1;1;0;0;0;0;0;797094,148;5824482,434;13,37660602;52,48940876
32826;139910;11;3;3061227;2020;6;11;1;2;5;3;0;1;1;0;0;0;0;0;800056,2914;5831261,545;13,42621635;52,54855239
32827;139911;11;6;6010208;2020;6;14;3;3;2;6;0;0;1;0;0;0;0;0;794267,3442;5820307,579;13,33141051;52,45351434
32828;139912;11;7;7070701;2020;6;12;5;3;2;7;0;1;1;0;0;0;1;0;799591,3771;5814693,08;13,40449823;52,40029572
32829;139913;11;6;6040810;2020;6;15;6;3;1;5;0;1;1;0;0;0;0;1;791034,1927;5819944,909;13,28364996;52,45199401
32830;139914;11;6;6010209;2020;6;17;2;3;5;2;0;1;1;0;0;0;0;0;794697,3542;5821611,07;13,33887096;52,46496778
32831;139915;11;4;4030620;2020;6;16;6;2;6;4;0;0;1;1;0;0;0;0;792554,0484;5827370,371;13,31246892;52,51775034
32832;139916;11;3;3040614;2020;6;14;7;3;0;2;0;0;1;0;1;0;0;1;799992,7048;5834944,148;13,4286113;52,58159548
32833;139917;11;1;1033202;2020;6;22;4;2;0;1;2;1;0;0;0;0;0;0;797711,6265;5829672,264;13,39031612;52,53559296
32834;139918;11;9;9020702;2020;6;15;5;3;0;3;0;0;1;0;1;0;0;0;809133,4257;5818827,397;13,54812885;52,43204526
32835;139919;11;8;8010214;2020;6;10;1;3;5;7;0;1;1;0;0;0;0;0;801994,4169;5822418,239;13,44669;52,46821849
32836;139920;11;1;1011302;2020;6;9;3;3;2;2;0;0;1;0;1;0;0;0;797912,1047;5828327,431;13,39205802;52,52342871
32837;139921;11;8;8010211;2020;6;7;4;3;0;7;0;0;1;0;0;0;0;0;801096,2452;5823594,025;13,4345694;52,47925315
32838;139922;11;7;7040405;2020;6;20;5;2;1;5;0;0;1;0;1;0;0;0;799267,3327;5821748,969;13,40606464;52,46372004
32839;139923;11;2;2010104;2020;6;20;1;3;2;6;0;0;1;0;0;0;0;0;799254,924;5825632,16;13,40936794;52,49853425
32840;139924;11;8;8020620;2020;6;11;3;3;3;6;0;0;1;0;0;0;0;0;800997,6216;5820582,427;13,43040521;52,45231354
32841;139925;11;5;5020523;2020;6;13;6;3;6;7;0;1;0;1;0;0;0;0;782816,7371;5827120,383;13,16914105;52,52064614
32842;139926;11;10;10020413;2020;6;13;3;3;6;4;0;1;0;1;0;0;0;0;811823,5896;5830765,893;13,59873758;52,53750324
32843;139927;11;2;2030302;2020;6;15;6;3;5;2;0;1;1;0;0;0;0;1;800788,1933;5825815,481;13,43205219;52,49933451
32844;139928;11;6;6040810;2020;6;8;5;3;5;2;0;1;0;0;0;0;1;0;792659,6966;5821780,114;13,30911097;52,46757847
32845;139929;11;1;1022206;2020;6;14;6;3;5;2;0;1;1;0;0;0;0;0;795466,2009;5827764,898;13,35561255;52,519717
32846;139930;11;3;3040818;2020;6;6;2;3;0;5;0;0;0;0;1;0;1;0;799650,4311;5831868,927;13,42079691;52,55421995
32847;139931;11;7;7060604;2020;6;14;6;3;5;3;0;1;1;0;0;0;0;0;796462,494;5815476,907;13,35933749;52,4090249
32848;139932;11;3;3061227;2020;6;19;4;3;5;3;0;0;1;0;1;0;0;0;800054,814;5831273,526;13,42620545;52,54866059
32849;139933;11;8;8010301;2020;6;18;1;3;0;5;0;1;0;0;0;0;1;0;800561,5485;5825112,333;13,42808903;52,49315683
32850;139934;11;4;4020311;2020;6;7;3;3;2;6;0;0;1;0;0;0;0;0;789490,4149;5826609,632;13,26678356;52,5125651
32851;139935;11;11;11030720;2020;6;11;2;3;2;6;0;0;1;0;1;0;0;0;806113,7925;5830141,763;13,51424201;52,53514677
32852;139936;11;6;6030502;2020;6;14;6;3;5;3;0;1;1;0;0;0;0;0;790289,1603;5814823,079;13,26827109;52,40647135
32853;139937;11;6;6030607;2020;6;11;4;3;9;1;0;0;0;0;1;0;0;0;792521,1735;5816455,833;13,30241636;52,41992105
32854;139938;11;4;4030931;2020;6;11;2;3;3;6;0;1;0;0;0;0;1;0;794037,358;5826212,945;13,33324361;52,50657693
32855;139939;11;4;4030519;2020;6;14;6;3;5;3;0;0;1;0;0;0;0;0;791337,8783;5828707,921;13,29576828;52,5303924
32856;139940;11;1;1011301;2020;6;11;4;3;0;1;0;1;0;0;0;0;0;0;797508,4603;5828784,196;13,38653479;52,52774345
32857;139941;11;4;4051655;2020;6;13;6;3;0;1;0;0;0;0;1;0;0;0;794341,8541;5823921,828;13,33569253;52,48587417
32858;139942;11;5;5010314;2020;6;14;2;3;0;1;0;0;0;0;1;0;0;0;785346,5025;5828611,763;13,20760469;52,53269976
32859;139943;11;9;9020802;2020;6;13;6;2;0;2;0;0;1;0;0;0;1;0;810076,2062;5820412,743;13,56342251;52,44571923
32860;139944;11;12;12214422;2020;6;17;4;2;5;3;0;0;1;0;1;0;0;0;792304,6645;5833695,042;13,3143705;52,57458257
32861;139945;11;1;1044101;2020;6;19;1;3;5;3;0;1;1;0;0;0;0;0;793819,5418;5831769,373;13,33495493;52,5565045
32862;139946;11;8;8041035;2020;6;17;3;3;1;5;0;1;1;0;0;0;0;0;804228,1443;5819180,61;13,47652233;52,43796105
32863;139947;11;1;1011303;2020;6;9;2;3;0;1;0;1;0;0;0;0;0;0;799592,2688;5828711,3;13,4170944;52,52594892
32864;139948;11;4;4010103;2020;6;10;6;3;0;1;0;0;0;0;1;0;0;0;791132,13;5829138,44;13,29312086;52,53436188
32865;139949;11;11;11010310;2020;6;13;7;3;3;6;0;0;0;0;1;1;0;1;805493,9738;5833375,904;13,50810761;52,56447986
32866;139950;11;3;3071639;2020;6;9;4;3;6;7;0;1;0;1;0;0;0;0;800752,66;5829482,211;13,43484462;52,53221989
32867;139951;11;6;6010208;2020;6;18;5;3;0;6;0;0;1;0;1;0;0;0;794734,2573;5820096,157;13,33807519;52,45136749
32868;139952;11;9;9051801;2020;6;15;1;3;5;2;0;1;1;0;0;0;0;0;818407,6881;5820624,738;13,68580035;52,44283129
32869;139953;11;9;9031001;2020;6;10;6;3;5;3;0;0;1;0;0;1;0;0;809888,2428;5815220,841;13,55585693;52,39929674
32870;139954;11;7;7010102;2020;6;12;4;3;3;6;0;1;0;0;0;0;0;0;795733,3139;5825649,092;13,35765787;52,5006058
32871;139955;11;4;4030621;2020;6;19;5;3;1;7;0;0;1;0;1;0;0;0;793365,6457;5827871,415;13,32483738;52,52180599
32872;139956;11;3;3010102;2020;6;14;2;3;0;3;0;0;1;0;1;0;0;0;804671,926;5841372,532;13,50337629;52,63660869
32873;139957;11;11;11030721;2020;6;9;6;3;3;6;0;1;1;0;0;0;0;0;803851,894;5828355,952;13,47936522;52,52040686
32874;139958;11;2;2040703;2020;6;14;4;3;2;6;0;0;1;0;0;0;0;0;801558,0786;5826339,817;13,44383408;52,50360933
32875;139959;11;9;9041601;2020;6;16;3;3;2;3;0;1;1;0;0;0;1;0;817046,3864;5817053,964;13,66245465;52,41162625
32876;139960;11;6;6030608;2020;6;21;2;2;0;1;1;0;0;0;1;0;0;0;791586,6001;5816746,366;13,28896569;52,42302446
32877;139961;11;1;1044101;2020;6;7;6;3;6;4;0;0;1;1;0;0;0;0;794262,9064;5831248,37;13,34101403;52,55159469
32878;139962;11;7;7010101;2020;6;11;7;3;0;7;0;0;0;1;0;0;1;0;794638,338;5825746,104;13,34165955;52,50206777
32879;139963;11;12;12214125;2020;6;7;4;2;0;7;0;0;1;0;0;0;0;0;789408,4371;5833411,246;13,27150476;52,57358621
32880;139964;11;3;3050924;2020;6;20;5;3;7;7;0;1;0;0;0;0;0;0;801532,1666;5831429,64;13,4480689;52,54924413
32881;139965;11;9;9020802;2020;6;17;1;2;0;1;0;1;0;0;0;0;0;0;810694,8457;5819390,939;13,57154575;52,43621102
32882;139966;11;11;11020412;2020;6;12;3;2;5;7;0;0;1;0;0;1;0;0;806155,0313;5831393,953;13,51600193;52,54634598
32883;139967;11;2;2010103;2020;6;10;7;3;1;5;0;1;1;0;0;0;0;1;799173,2864;5825864,112;13,40837728;52,50065812
32884;139968;11;7;7050503;2020;6;14;3;3;2;6;0;0;1;0;0;0;0;0;799060,9709;5819774,175;13,40126752;52,44613154
32885;139969;11;12;12214421;2020;6;11;5;3;0;1;0;0;0;0;1;0;0;0;793092,3373;5833868,503;13,32611378;52,57571394
32886;139970;11;4;4030827;2020;6;16;6;3;0;6;0;0;1;0;0;0;1;0;792184,897;5826116,572;13,30594324;52,50670824
32887;139971;11;7;7050501;2020;6;19;3;2;1;7;0;0;1;0;0;0;0;0;797939,1857;5819777,009;13,38481338;52,44676937
32888;139972;11;8;8041037;2020;6;13;5;3;5;3;0;1;1;0;0;0;0;0;805598,9398;5817084,818;13,4947105;52,41841308
32889;139973;11;10;10040933;2020;6;17;6;3;5;3;0;0;1;0;1;0;0;0;813348,1312;5824981,687;13,61569679;52,48479684
32890;139974;11;9;9020502;2020;6;18;2;3;1;5;0;1;1;0;0;0;0;0;807047,8902;5821926,841;13,52039787;52,46099794
32891;139975;11;1;1011105;2020;6;6;6;3;5;2;0;0;1;0;1;0;0;0;796574,0148;5826871,85;13,37109583;52,51111037
32892;139976;11;7;7040402;2020;6;13;7;3;1;5;0;0;1;0;1;0;0;1;796564,8466;5821140,435;13,36586172;52,45973853
32893;139977;11;1;1044202;2020;6;0;4;3;5;3;2;0;1;0;0;0;0;0;795638,2896;5830644,623;13,36070269;52,5454379
32894;139978;11;1;1033203;2020;6;16;5;3;6;2;0;0;1;1;0;0;0;0;796850,3294;5830637,318;13,37851727;52,54471338
32895;139979;11;1;1011306;2020;6;11;3;3;5;3;0;1;1;0;0;0;0;0;800084,639;5826454,44;13,42229486;52,50544908
32896;139980;11;9;9041501;2020;6;11;6;3;0;1;0;1;0;0;0;0;0;0;810871,5887;5820662,935;13,57532055;52,44750974
32897;139981;11;1;1011103;2020;6;12;3;3;5;3;0;0;1;0;0;0;0;0;795327,7074;5826172,701;13,35216437;52,50551922
32898;139982;11;8;8041038;2020;6;12;6;3;2;6;0;0;1;0;0;0;0;0;806267,7986;5816345,167;13,50383825;52,41141008
32899;139983;11;12;12301203;2020;6;12;5;3;1;5;0;0;1;0;0;0;0;0;792933,0083;5835316,546;13,32504921;52,58878063
32900;139984;11;6;6030610;2020;6;14;6;3;5;3;0;0;1;0;0;0;0;1;791963,9447;5818450,881;13,29598741;52,43810427
32901;139985;11;6;6020410;2020;6;15;2;3;2;6;0;0;1;0;0;0;0;0;794080,5156;5817435,716;13,32614189;52,42786969
32902;139986;11;5;5010311;2020;6;12;6;3;5;2;0;1;1;0;0;0;0;0;785398,1884;5830310,024;13,20982347;52,54789907
32903;139987;11;6;6010205;2020;6;19;4;3;5;7;0;0;1;0;1;0;0;0;795266,2001;5819989,061;13,34578553;52,45012037
32904;139988;11;11;11020411;2020;6;12;7;3;5;3;0;1;1;0;0;0;0;0;805181,3238;5832380,875;13,5025944;52,55573742
32905;139989;11;3;3030715;2020;6;16;2;3;1;6;0;1;1;0;0;0;0;0;801340,8542;5833162,676;13,44682932;52,56488324
32906;139990;11;6;6030610;2020;6;11;6;3;5;2;0;0;1;0;0;0;1;0;792085,85;5818855,442;13,29812923;52,44166606
32907;139991;11;6;6030501;2020;6;22;4;3;5;2;2;1;0;0;1;0;0;0;788268,2782;5817568,494;13,24101089;52,43215362
32908;139992;11;6;6020408;2020;6;14;5;3;2;6;0;0;1;0;0;0;0;0;792561,9714;5815880,191;13,30251134;52,41473864
32909;139993;11;1;1033201;2020;6;8;3;3;5;2;0;1;1;0;0;0;0;0;798072,6223;5829989,312;13,39590704;52,53823756
32910;139994;11;8;8010303;2020;6;22;2;3;5;2;2;1;1;0;0;0;0;0;801012,4212;5823904,006;13,43361869;52,48207781
32911;139995;11;10;10030724;2020;6;17;5;3;0;2;0;1;1;0;0;0;0;0;809564,6989;5828021,702;13,56298448;52,51419861
32912;139996;11;1;1011304;2020;6;19;4;3;5;2;0;1;1;0;0;0;0;0;799583,3827;5828042,773;13,41636163;52,5199615
32913;139997;11;9;9020802;2020;6;16;5;3;3;6;0;0;1;0;0;0;0;0;810531,797;5820020,868;13,56974017;52,44194883
32914;139998;11;1;1044202;2020;6;13;2;3;5;3;0;0;1;0;0;0;1;0;795859,9106;5830445,786;13,36378422;52,54353522
32915;139999;11;2;2010103;2020;6;1;5;3;0;1;2;1;0;0;0;0;0;1;799294,065;5826223,749;13,41047449;52,50381551
32916;140000;11;9;9010301;2020;6;16;4;3;0;1;0;0;0;0;1;0;0;0;804230,8846;5822829,186;13,47988647;52,47066095
32917;140001;11;3;3040614;2020;6;17;3;3;2;1;0;1;1;0;0;0;0;0;798340,4606;5833050,675;13,40259519;52,56553176
32918;140002;11;4;4030623;2020;6;8;2;3;5;7;0;0;1;0;1;0;0;0;793261,289;5827381,291;13,32287161;52,51746838
32919;140003;11;6;6040805;2020;6;15;5;3;0;7;0;1;0;0;0;0;0;0;789232,3178;5818410,235;13,25587976;52,43919135
32920;140004;11;3;3020209;2020;6;7;3;3;5;3;0;1;0;0;0;0;0;0;798327,108;5834826,443;13,40399636;52,58145621
32921;140005;11;4;4051445;2020;6;10;2;3;5;3;0;1;1;0;0;0;0;0;792509,0939;5824501,51;13,30928776;52,4920559
32922;140006;11;9;9041403;2020;6;21;5;2;0;7;1;1;0;0;0;0;0;0;812161,3444;5819879,059;13,59350445;52,43975033
32923;140007;11;7;7050505;2020;6;10;4;3;8;1;0;0;1;1;0;0;0;0;799441,343;5817763,036;13,40504591;52,42789612
32924;140008;11;6;6040703;2020;6;18;5;3;1;5;0;1;1;0;0;0;0;0;784562,8939;5817340,087;13,1864618;52,43204587
32925;140009;11;4;4041134;2020;6;21;1;3;1;5;1;1;1;0;0;0;0;0;790507,2519;5824007,879;13,27945564;52,48869953
32926;140010;11;2;2050801;2020;6;19;5;3;0;1;0;1;0;0;0;0;0;0;802434,0011;5827420,084;13,45768096;52,51280694
32927;140011;11;2;2010103;2020;6;13;4;2;8;1;0;0;0;0;0;0;1;0;799319,091;5826181,092;13,41080374;52,50341943
32928;140012;11;2;2020205;2020;6;11;7;3;6;4;0;1;1;1;0;0;0;0;798216,2333;5824527,784;13,39312378;52,48920347
32929;140013;11;5;5010206;2020;6;16;3;3;2;2;0;0;1;0;0;0;0;0;782178,7012;5830088,646;13,16228266;52,5475914
32930;140014;11;11;11010206;2020;6;8;2;3;5;2;0;0;1;0;1;0;0;0;805757,4694;5833789,282;13,51236384;52,56803673
32931;140015;11;3;3061332;2020;6;19;5;3;5;3;0;1;1;0;0;0;0;0;799838,4615;5830805,76;13,42260201;52,54458697
32932;140016;11;3;3061332;2020;6;5;7;3;1;5;0;1;1;0;0;0;0;0;799719,1248;5830506,27;13,42057729;52,5419682
32933;140017;11;3;3010102;2020;6;15;4;3;5;3;0;1;1;0;0;0;0;0;804246,247;5840161,609;13,49599061;52,6259947