;OBJECTID;LAND;BEZ;LOR;UJAHR;UMONAT;USTUNDE;UWOCHENTAG;UKATEGORIE;UART;UTYP1;ULICHTVERH;IstRad;IstPKW;IstFuss;IstKrad;IstGkfz;IstSonstige;USTRZUSTAND;LINREFX;LINREFY;XGCSWGS84;YGCSWGS84
32934;140018;11;4;4030929;2020;6;21;5;3;5;2;1;0;1;0;0;0;0;0;792706,8192;5825392,081;13,31297428;52,49993362
32935;140019;11;4;4030417;2020;6;5;7;3;3;6;1;1;1;0;0;0;0;0;791791,4904;5827052,536;13,30098395;52,51530956
32936;140020;11;6;6020305;2020;6;8;4;3;1;5;0;0;1;0;0;0;1;0;796132,8096;5817730,945;13,35649965;52,42940926
32937;140021;11;3;3020307;2020;6;17;5;3;1;5;0;0;1;0;0;0;0;0;798952,9289;5837498,859;13,41561722;52,60506654
32938;140022;11;12;12302107;2020;6;14;1;3;5;2;0;1;1;0;0;0;0;0;794406,3491;5836250,61;13,34756487;52,59635833
32939;140023;11;9;9041301;2020;6;5;4;3;6;6;0;1;0;1;0;0;0;0;811776,9197;5819741,667;13,58773912;52,43873837
32940;140024;11;5;5020625;2020;6;15;3;3;5;2;0;1;1;0;0;0;0;0;784552,2602;5828177,377;13,19555544;52,52922028
32941;140025;11;1;1033102;2020;6;12;5;3;6;4;0;1;0;1;0;0;0;0;797156,5919;5831919,572;13,38416776;52,55604029
32942;140026;11;3;3061126;2020;6;19;6;3;0;7;0;1;0;1;0;0;0;0;798708,5415;5831483,411;13,40659894;52,55128177
32943;140027;11;7;7040405;2020;6;17;2;3;5;7;0;1;1;0;0;0;0;0;798031,2214;5822213,853;13,38833885;52,46856281
32944;140028;11;1;1022106;2020;6;19;5;3;5;3;0;1;1;0;0;0;0;0;794210,3806;5828308,753;13,33763875;52,52527133
32945;140029;11;2;2040502;2020;6;3;7;2;5;2;2;0;1;0;0;0;0;1;801249,6412;5827834,186;13,44065624;52,517174
32946;140030;11;4;4041344;2020;6;22;4;3;6;7;2;0;1;1;0;0;0;0;792803,4052;5821857,872;13,31128866;52,46819855
32947;140031;11;5;5020627;2020;6;16;5;3;5;2;0;0;1;0;1;0;0;0;785948,7119;5828005,478;13,21593702;52,52694832
32948;140032;11;2;2030302;2020;6;9;3;3;5;7;0;1;1;0;0;0;0;0;801217,821;5826223,356;13,43873096;52,50275341
32949;140033;11;2;2050802;2020;6;17;3;3;3;6;0;0;0;0;0;1;1;0;801992,1216;5826986,67;13,45079605;52,50916706
32950;140034;11;11;11010205;2020;6;18;5;3;5;2;0;1;1;0;0;0;0;0;806305,1363;5833901,131;13,52052225;52,56873126
32951;140035;11;7;7060604;2020;6;11;3;3;5;3;0;1;1;0;0;0;0;0;797967,2175;5815773,748;13,38165785;52,41086894
32952;140036;11;2;2020204;2020;6;18;5;3;5;2;0;1;1;0;0;0;0;0;798293,1112;5824779,31;13,39447783;52,49141608
32953;140037;11;6;6040703;2020;6;13;3;3;0;6;0;1;1;0;0;0;0;0;784670,2232;5816663,919;13,18746065;52,42592731
32954;140038;11;2;2010102;2020;6;19;5;3;2;6;0;1;1;0;0;0;0;0;798553,1434;5825560,64;13,3989966;52,49827753
32955;140039;11;6;6020305;2020;6;8;5;3;0;1;0;1;0;0;0;0;0;0;796065,3823;5817492,188;13,35529946;52,42730546
32956;140040;11;9;9020802;2020;6;15;6;3;0;1;0;0;0;0;1;0;0;1;810491,5221;5820151,582;13,56927099;52,44314312
32957;140041;11;2;2040701;2020;6;17;2;2;5;2;0;1;1;0;0;0;0;0;800718,0131;5827873,272;13,43288046;52,51781772
32958;140042;11;1;1011201;2020;6;17;5;3;2;2;0;0;1;0;0;0;1;0;797461,0302;5826823,687;13,38408466;52,51019567
32959;140043;11;6;6040702;2020;6;19;4;2;0;1;1;1;0;0;0;0;0;0;787518,9744;5816927,711;13,22946882;52,42680285
32960;140044;11;1;1011201;2020;6;13;5;3;1;5;0;0;1;0;1;0;0;0;797134,1928;5826468,713;13,37896604;52,50719184
32961;140045;11;12;12103218;2020;6;18;3;3;3;6;0;1;1;0;0;0;0;0;795416,5344;5833377,251;13,35987428;52,57005369
32962;140046;11;4;4051654;2020;6;11;2;3;4;2;0;1;1;0;0;0;0;0;793680,7367;5823812,666;13,32588819;52,4852516
32963;140047;11;10;10040933;2020;6;17;5;3;5;3;0;1;1;0;0;0;0;0;812399,9581;5824300,541;13,60114074;52,47923623
32964;140048;11;11;11030618;2020;6;11;4;3;2;6;0;0;1;0;0;0;1;0;802456,256;5828875,556;13,4593312;52,5258399
32965;140049;11;2;2020203;2020;6;19;5;3;6;7;0;1;0;1;0;0;0;0;797347,6408;5824751,613;13,38056867;52,49168364
32966;140050;11;1;1011103;2020;6;13;2;3;2;6;0;1;0;0;0;0;0;0;795284,7803;5826044,349;13,35141991;52,50439188
32967;140051;11;2;2020204;2020;6;16;5;3;5;3;0;0;1;0;0;0;0;0;798169,3534;5824809,389;13,39268736;52,49175331
32968;140052;11;4;4010102;2020;6;15;4;3;0;3;0;0;1;0;0;0;1;0;792062,2323;5829754,868;13,30733615;52,53939037
32969;140053;11;1;1011104;2020;6;22;4;3;6;7;2;1;0;1;0;0;0;0;796465,8701;5825893,442;13,36863564;52,50239867
32970;140054;11;3;3061332;2020;6;14;6;3;5;3;0;1;1;0;0;0;0;0;799842,6555;5830809,576;13,42266712;52,54461887
32971;140055;11;1;1022206;2020;6;14;2;3;2;6;0;0;1;0;0;1;0;0;795457,814;5827747,902;13,35547421;52,51956919
32972;140056;11;4;4030620;2020;6;16;5;3;6;7;0;0;1;1;0;0;0;0;792274,0228;5827248,345;13,30824662;52,51680656
32973;140057;11;1;1011302;2020;6;17;4;3;1;5;0;1;1;0;0;0;0;0;798269,665;5828394,072;13,39737237;52,52383058
32974;140058;11;6;6030501;2020;6;5;3;3;1;1;0;0;1;0;0;0;1;0;788889,1456;5816189,832;13,24892711;52,41946559
32975;140059;11;5;5010209;2020;6;9;2;3;0;7;0;1;0;0;0;0;1;0;783432,0689;5829184,455;13,17994559;52,53883357
32976;140060;11;12;12302110;2020;6;16;5;2;1;5;0;0;1;0;1;0;0;0;795197,2326;5835882,434;13,35887914;52,59262926
32977;140061;11;4;4010102;2020;6;9;4;3;5;3;0;0;1;0;0;0;1;0;792256,3046;5830681,955;13,3110052;52,54759736
32978;140062;11;12;12214423;2020;6;17;5;3;2;6;0;0;1;0;0;0;0;0;792558,8956;5833885,978;13,31827981;52,57615762
32979;140063;11;1;1011102;2020;6;16;1;2;0;1;0;1;0;0;0;0;0;0;796464,9453;5827442,919;13,37000215;52,51628873
32980;140064;11;9;9020602;2020;6;15;5;3;2;7;0;1;0;0;0;0;1;0;806414,7726;5821089,826;13,51034028;52,45385163
32981;140065;11;7;7010102;2020;6;13;4;3;2;6;0;0;1;0;1;0;0;0;794977,342;5825686,468;13,34658653;52,50135003
32982;140066;11;2;1011306;2020;6;15;3;3;1;7;0;0;1;0;0;0;1;0;799768,4823;5826305,604;13,41751676;52,50428879
32983;140067;11;4;4010102;2020;6;17;3;2;5;3;0;0;0;0;1;0;1;0;793328,6035;5829772,251;13,32597021;52,538866
32984;140068;11;4;4051656;2020;6;19;2;3;6;7;0;1;0;1;0;0;0;0;793478,671;5823075,998;13,32227249;52,4787563
32985;140069;11;5;5020524;2020;6;15;5;3;5;3;0;0;1;0;0;0;1;0;783369,5105;5826754,942;13,17695494;52,51708251
32986;140070;11;4;4010101;2020;6;1;7;3;0;1;2;0;1;0;0;0;0;1;791291,7104;5830670,599;13,29681029;52,54801219
32987;140071;11;4;4020311;2020;6;8;4;3;1;5;0;0;1;0;0;1;0;0;789215,6858;5826696,383;13,26282192;52,51348859
32988;140072;11;4;4051445;2020;6;16;5;3;5;2;0;1;1;0;0;0;0;0;792518,9649;5824497,52;13,30942923;52,49201483
32989;140073;11;4;4051655;2020;6;12;1;2;6;7;0;0;1;1;0;0;0;0;793931,566;5823198,453;13,32902988;52,47961048
32990;140074;11;9;9020702;2020;6;18;7;3;0;1;0;0;0;0;1;0;0;1;809089,165;5819477,767;13,54808116;52,43789886
32991;140075;11;4;4051655;2020;6;14;3;3;1;5;0;1;1;0;0;0;0;0;794022,9238;5823767,476;13,33087307;52,48466233
32992;140076;11;7;7010102;2020;6;17;7;3;5;2;0;1;1;0;0;0;0;1;795426,2802;5825756,126;13,35324285;52,50173158
32993;140077;11;12;12304313;2020;6;14;3;3;5;2;0;0;1;0;0;0;0;0;792350,5542;5835059,02;13,31624881;52,58678538
32994;140078;11;9;9051702;2020;6;12;5;3;0;1;0;1;0;0;0;0;0;0;814202,7736;5821337,075;13,62480958;52,45164666
32995;140079;11;8;8010508;2020;6;17;6;3;3;6;0;0;1;0;0;0;0;0;802957,7214;5822844,054;13,46121413;52,47150174
32996;140080;11;8;8041037;2020;6;17;2;3;0;3;0;1;1;0;0;0;0;0;805613,7255;5817783,317;13,49556525;52,42466522
32997;140081;11;10;10020620;2020;6;8;5;3;6;7;0;0;1;1;0;0;0;0;811298,1461;5829749,83;13,59006392;52,52869839
32998;140082;11;1;1011306;2020;6;22;4;3;0;1;2;1;0;0;0;0;0;0;800497,1481;5826845,872;13,42870754;52,50873057
32999;140083;11;7;7050505;2020;6;15;5;3;0;7;0;1;0;0;0;0;1;0;798981,2231;5818152,551;13,39864706;52,43163928
33000;140084;11;11;11010103;2020;7;10;7;2;1;5;0;1;1;0;0;0;0;0;809304,8121;5834521,654;13,56521881;52,57259611
33001;140085;11;2;2020206;2020;6;13;2;3;2;3;0;1;1;0;0;0;0;0;799688,895;5824621,293;13,41483236;52,4892352
33002;140086;11;8;8010212;2020;6;0;1;3;0;1;2;1;0;0;0;0;0;0;800736,0838;5823421,671;13,4291267;52,47790673
33003;140087;11;6;6020409;2020;7;21;5;3;0;2;0;1;0;0;1;0;0;0;793718,937;5818291,507;13,32159099;52,43573585
33004;140088;11;1;1011204;2020;7;8;4;3;3;6;0;1;1;0;0;0;0;0;797985,0481;5826879,91;13,39183352;52,51041365
33005;140089;11;2;2030401;2020;7;18;6;3;6;4;0;0;1;1;0;0;0;0;800645,7364;5825683,893;13,42984115;52,49823354
33006;140090;11;6;6010103;2020;6;13;2;2;2;7;0;0;1;0;0;0;0;0;793764,3454;5821182,701;13,32479966;52,46163004
33007;140091;11;2;2030302;2020;6;20;3;3;5;2;0;1;1;0;0;0;0;0;800162,0157;5825745,573;13,42279248;52,49905266
33008;140092;11;4;4030828;2020;6;13;1;3;3;5;0;0;1;0;1;0;0;1;793509,1862;5826085,562;13,32537173;52,50571941
33009;140093;11;11;11030721;2020;7;19;1;3;1;5;0;1;1;0;0;0;0;1;804030,4035;5827732,61;13,48141842;52,51472057
33010;140094;11;11;11020514;2020;6;9;3;3;2;6;0;0;0;0;1;0;1;0;804475,6121;5830946,161;13,49090181;52,5432738
33011;140095;11;2;2030402;2020;6;14;1;3;0;7;0;0;1;1;0;0;0;0;801531,39;5825733,098;13,44289273;52,49818597
33012;140096;11;9;9041301;2020;7;9;7;3;5;2;0;1;1;0;0;0;0;0;812410,5895;5819583,434;13,59688302;52,43695883
33013;140097;11;1;1011402;2020;6;19;2;2;0;1;0;1;0;0;0;0;0;0;798622,1633;5829351,207;13,4034122;52,532217
33014;140098;11;1;1011304;2020;6;14;1;3;2;6;0;0;1;0;0;0;0;1;799685,9442;5827852,773;13,41769751;52,5182021
33015;140099;11;2;2050803;2020;7;16;4;3;1;5;0;0;1;0;0;0;1;0;803048,173;5825842,801;13,46526792;52,4983291
33016;140100;11;11;11020412;2020;7;13;6;3;5;3;0;0;1;0;0;1;0;0;805980,743;5831932,88;13,51393628;52,55127388
33017;140101;11;7;7030301;2020;6;16;3;3;5;2;0;1;1;0;0;0;0;0;793952,6489;5822252,57;13,32850575;52,47111971
33018;140102;11;9;9051702;2020;7;1;1;2;0;1;2;0;0;0;1;0;0;0;815404,0859;5821898,659;13,64295937;52,45598714
33019;140103;11;1;1044101;2020;6;19;3;3;2;3;0;1;1;0;0;0;0;0;794225,5968;5831190,956;13,34041447;52,55110017
33020;140104;11;4;4030726;2020;7;16;1;2;1;5;0;1;0;0;0;0;1;0;791551,3337;5825587,045;13,29617124;52,50230003
33021;140105;11;2;2050801;2020;6;8;3;3;5;3;0;1;1;0;0;0;0;0;803268,2505;5827413,432;13,46993059;52,51228414
33022;140106;11;9;9031001;2020;6;14;1;3;5;3;0;1;1;0;0;0;0;1;811099,2936;5815583,931;13,57393706;52,40186412
33023;140107;11;1;1022101;2020;7;14;5;3;1;5;0;1;1;0;0;0;0;0;793374,5772;5829065,95;13,32602262;52,53250962
33024;140108;11;1;1011204;2020;7;17;7;3;6;4;0;0;1;1;0;0;0;0;798905,2907;5827340,457;13,4057666;52,51403834
33025;140109;11;9;9030901;2020;6;11;2;3;1;5;0;1;1;0;0;0;0;0;808453,6922;5817317,174;13,53676978;52,41889417
33026;140110;11;2;2010102;2020;6;16;1;3;1;1;0;1;1;0;0;0;0;0;798400,9008;5826325,069;13,39744558;52,50521291
33027;140111;11;4;4031032;2020;7;23;4;2;6;4;2;0;0;1;0;0;1;1;791013,153;5824979,753;13,28773432;52,49714295
33028;140112;11;5;5020419;2020;7;12;6;3;5;3;0;1;1;0;0;0;0;0;782094,573;5828075,94;13,15933644;52,52958819
33029;140113;11;7;7060601;2020;6;15;3;3;5;3;0;0;1;0;0;0;0;0;796576,7048;5816224,222;13,36167371;52,41566218
33030;140114;11;4;4030929;2020;7;17;7;3;2;6;0;1;0;0;0;0;0;0;792708,1473;5825494,824;13,31308409;52,50085397
33031;140115;11;5;5020626;2020;6;21;2;3;5;3;1;1;1;0;0;0;0;0;784596,0451;5827970,8;13,19602231;52,52734525
33032;140116;11;6;6030501;2020;6;14;1;2;5;3;0;1;1;0;0;0;0;1;787530,9406;5817379,927;13,23003314;52,43085103
33033;140117;11;9;9010101;2020;7;20;5;3;5;2;0;1;1;0;0;0;0;0;802522,6897;5824573,27;13,45639795;52,48724185
33034;140118;11;11;11010310;2020;7;0;5;3;2;6;2;0;1;0;0;0;0;0;805522,4621;5833369,702;13,50852088;52,56440829
33035;140119;11;5;5020627;2020;7;13;6;3;1;5;0;0;1;0;0;0;0;0;786065,2247;5827969,861;13,21761915;52,52656786
33036;140120;11;5;5010314;2020;6;17;2;3;3;6;0;0;1;0;1;0;0;0;785047,2615;5829478,788;13,20394885;52,54063002
33037;140121;11;9;9020602;2020;6;12;1;3;5;3;0;0;1;0;1;0;0;0;808195,0258;5820919,231;13,53629876;52,45132196
33038;140122;11;9;9010101;2020;6;16;2;3;0;1;0;1;0;0;0;0;0;1;802617,3681;5824473,691;13,45769765;52,48629685
33039;140123;11;11;11041027;2020;6;12;1;3;5;3;0;1;1;0;0;0;0;0;807403,2768;5827435,076;13,53069189;52,51016365
33040;140124;11;3;3030711;2020;7;8;5;3;5;3;0;1;1;0;0;0;0;0;800852,4365;5836051,076;13,44226662;52,59104225
33041;140125;11;9;9020701;2020;7;15;7;3;5;3;0;1;1;0;0;0;0;0;807414,3941;5818310,966;13,52244863;52,42838555
33042;140126;11;1;1044203;2020;6;17;2;3;5;2;0;1;0;0;0;0;1;0;795903,7152;5831932,123;13,3657528;52,55683498
33043;140127;11;6;6030605;2020;6;12;1;3;0;3;0;0;1;0;1;0;0;0;791950,781;5820018,212;13,2971639;52,45216241
33044;140128;11;2;2020204;2020;7;14;4;3;1;1;0;1;1;0;1;0;0;1;798746,6044;5825125,742;13,40144796;52,49427339
33045;140129;11;8;8010301;2020;7;11;6;3;6;7;0;0;1;1;0;0;0;0;801156,0606;5824093,254;13,43589843;52,48369489
33046;140130;11;4;4051549;2020;6;6;3;3;3;6;0;0;1;0;0;0;0;0;792481,41;5824012,384;13,30845185;52,48768582
33047;140131;11;2;2020204;2020;7;19;7;3;0;1;0;1;0;0;0;0;0;0;798483,2868;5825230,359;13,39767464;52,4953552
33048;140132;11;5;5020627;2020;6;12;2;3;5;2;0;1;0;0;1;0;0;0;785386,3703;5827903,854;13,20758313;52,52633185
33049;140133;11;9;9051901;2020;6;14;7;3;0;1;0;1;0;0;0;0;0;0;811375,7458;5821162,663;13,58318065;52,45170118
33050;140134;11;12;12302110;2020;7;20;5;3;5;2;0;0;1;0;1;0;0;0;794466,6869;5836245,106;13,3484482;52,59627632
33051;140135;11;11;11030721;2020;7;15;4;2;0;1;0;0;0;0;1;0;0;1;803917,4586;5828026,471;13,48002756;52,5174173
33052;140136;11;5;5020625;2020;7;20;6;3;5;2;0;1;1;0;0;0;0;0;784458,7074;5828663,485;13,19459608;52,53362758
33053;140137;11;10;10010309;2020;6;16;2;3;5;2;0;1;1;0;0;0;0;1;807934,6072;5829198,169;13,54012811;52,52566473
33054;140138;11;2;2020205;2020;7;8;4;3;6;4;0;0;0;1;1;0;0;0;797923,4425;5824577,621;13,38886889;52,48981006
33055;140139;11;11;11040926;2020;6;11;7;3;0;5;0;1;1;0;0;0;0;0;806640,0845;5827212,439;13,51927648;52,50859785
33056;140140;11;2;2030401;2020;6;11;3;3;5;3;0;1;0;0;0;0;0;0;801290,6258;5825361,445;13,43902063;52,49498774
33057;140141;11;6;6020408;2020;7;10;4;2;5;2;0;1;0;0;0;1;0;0;792722,0839;5816229,728;13,30516451;52,41778661
33058;140142;11;7;7050506;2020;6;13;3;3;2;2;0;0;1;0;0;0;0;0;798798,3572;5817328,341;13,39522896;52,42435111
33059;140143;11;2;2020204;2020;7;3;7;3;1;5;2;0;1;0;0;0;1;0;798248,9864;5824790,739;13,39384009;52,49154263
33060;140144;11;9;9020701;2020;6;10;2;3;5;2;0;1;1;0;0;0;0;0;807700,9642;5818375,048;13,52670912;52,42879879
33061;140145;11;10;10020412;2020;6;14;7;3;3;6;0;0;1;0;1;0;0;0;811319,5718;5831960,444;13,59244976;52,54849604
33062;140146;11;1;1011103;2020;7;20;5;3;1;5;0;1;1;0;0;0;0;0;795320,7019;5825844,519;13,35177037;52,50258111
33063;140147;11;2;2040701;2020;7;18;4;2;5;3;0;1;1;0;0;0;0;0;800719,0921;5827883,722;13,43290576;52,51791079
33064;140148;11;5;5020625;2020;7;17;6;3;2;2;0;0;1;0;0;0;0;0;784615,8881;5828427,799;13,19670527;52,53143235
33065;140149;11;10;10040829;2020;6;16;2;3;0;2;0;1;1;0;0;0;0;1;811232,08;5827786,675;13,58725653;52,51114364
33066;140150;11;5;5010314;2020;6;21;3;3;5;2;0;0;0;0;1;0;1;0;785055,4292;5829464,649;13,20405683;52,54049898
33067;140151;11;11;11040926;2020;6;13;7;3;0;6;0;1;1;0;0;0;0;0;804605,8734;5826411,592;13,48866379;52,50255978
33068;140152;11;9;9020502;2020;7;17;1;3;6;4;0;1;0;1;0;0;0;0;806626,6594;5822731,083;13,51495628;52,46844232
33069;140153;11;4;4020314;2020;6;8;3;3;2;6;0;0;1;0;0;0;0;0;790403,9643;5825398,056;13,27915062;52,50121759
33070;140154;11;12;12214527;2020;6;13;7;3;0;1;0;0;0;0;1;0;0;0;789879,4621;5835736,011;13,28046934;52,594177
33071;140155;11;8;8020619;2020;7;18;7;3;5;2;0;0;1;0;0;0;0;1;802273,9424;5820668,954;13,44920841;52,45238485
33072;140156;11;2;2030302;2020;6;16;2;3;0;5;0;1;1;0;0;0;0;1;800989,4907;5826374,121;13,43551354;52,50423075
33073;140157;11;7;7050503;2020;6;13;7;3;5;3;0;1;1;0;0;0;0;0;798752,2066;5819878,185;13,39683099;52,44723266
33074;140158;11;12;12214422;2020;6;13;7;3;0;6;0;1;0;0;0;0;0;0;791456,965;5833063,817;13,30134221;52,56937845
33075;140159;11;4;4030930;2020;7;11;7;3;0;1;0;0;0;0;1;0;0;0;793382,5078;5825428,098;13,32293138;52,49989365
33076;140160;11;7;7070705;2020;6;15;2;3;5;2;0;1;1;0;0;0;0;1;798540,263;5814419,291;13,38885039;52,39841547
33077;140161;11;2;2010104;2020;6;13;7;3;6;4;0;1;0;1;0;0;0;0;799617,1032;5825650,274;13,41470356;52,49849789
33078;140162;11;5;5030731;2020;7;16;4;3;2;6;0;0;1;0;0;0;0;0;787886,2601;5830054,532;13,24619372;52,54429929
33079;140163;11;3;3061228;2020;7;14;6;3;0;2;0;1;0;0;0;0;1;0;800290,111;5831558,771;13,42992307;52,55108766
33080;140164;11;5;5040936;2020;6;9;2;3;0;7;0;0;1;0;0;0;0;0;781371,5959;5819763,919;13,14168685;52,45543077
33081;140165;11;7;7040404;2020;6;18;3;3;0;2;0;0;1;1;0;0;0;0;796524,384;5819864,013;13,36413451;52,44831843
33082;140166;11;6;6040703;2020;7;14;1;3;5;2;0;1;1;0;0;0;0;0;784910,5098;5817540,307;13,19173167;52,43366014
33083;140167;11;4;4030417;2020;6;8;3;2;0;1;0;0;0;0;0;0;1;0;791504,7534;5826842,836;13,29658668;52,51358296
33084;140168;11;4;4041240;2020;6;13;7;2;0;1;0;1;0;0;0;0;0;0;790807,5093;5822571,114;13,282612;52,47565894
33085;140169;11;7;7040403;2020;7;12;5;3;5;2;0;1;1;0;0;0;0;0;797323,8263;5822170,231;13,37791706;52,46855722
33086;140170;11;9;9052001;2020;7;16;7;3;2;6;0;0;1;0;0;0;0;0;811381,8443;5822802,694;13,58479971;52,46639479
33087;140171;11;2;2050802;2020;6;15;2;3;5;2;0;1;1;0;0;0;0;0;802039,7419;5827167,294;13,45165949;52,51075963
33088;140172;11;12;12214125;2020;6;13;7;3;2;2;0;0;1;0;0;0;1;0;788335,8959;5832037,429;13,25452798;52,56183883
33089;140173;11;12;12301203;2020;7;18;4;3;5;3;0;0;1;0;0;0;0;0;793603,0074;5835192,831;13,33480111;52,58731039
33090;140174;11;10;10030724;2020;7;11;6;3;3;6;0;0;1;0;0;0;0;0;809641,7742;5829282,709;13,56529037;52,52545552
33091;140175;11;3;3030715;2020;6;14;3;2;6;4;0;0;1;1;0;0;0;0;800628,5775;5834227,516;13,43731786;52,57482129
33092;140176;11;1;1011301;2020;7;16;4;3;6;7;0;0;1;1;0;0;0;0;797550,0932;5828339,689;13,38674894;52,52373626
33093;140177;11;7;7050501;2020;7;13;6;3;3;2;0;0;1;0;0;1;0;0;797735,9752;5819105,101;13,38123349;52,4408571
33094;140178;11;10;10020517;2020;6;16;3;3;5;5;0;0;1;0;0;0;0;0;812820,2011;5830435,346;13,61307268;52,5339701
33095;140179;11;5;5010311;2020;7;20;1;3;5;3;1;0;1;0;1;0;0;1;785369,9297;5830607,014;13,20966309;52,55057664
33096;140180;11;1;1022104;2020;6;20;2;2;5;7;0;0;1;0;1;0;0;0;794545,2628;5828996,064;13,34316952;52,53125178
33097;140181;11;4;4030621;2020;6;20;7;3;5;2;0;1;1;0;0;0;0;0;793880,8199;5826960,315;13,33160376;52,51336106
33098;140182;11;1;1011102;2020;7;6;5;3;0;2;0;1;1;0;0;0;0;0;796511,0354;5827618,716;13,37083606;52,51783952
33099;140183;11;12;12301204;2020;7;7;6;3;0;6;0;1;0;0;0;1;0;0;792456,279;5835894,389;13,31854242;52,59421723
33100;140184;11;7;7030301;2020;6;17;2;3;6;4;0;1;0;1;0;0;0;0;794001,861;5821554,115;13,32861271;52,46483188
33101;140185;11;8;8010406;2020;6;12;7;3;1;5;0;0;1;0;0;0;0;0;802333,5277;5824075,374;13,45316901;52,48288396
33102;140186;11;7;7010104;2020;7;11;4;3;5;2;0;0;1;0;0;0;0;1;796008,5618;5824976,943;13,36110358;52,49443132
33103;140187;11;10;10040933;2020;6;14;3;2;3;6;0;0;1;0;1;0;0;0;813077,725;5827138,91;13,61375481;52,50428294
33104;140188;11;2;2030401;2020;7;19;7;3;5;3;0;0;1;0;0;0;0;0;801074,1579;5824984,217;13,43550083;52,491726
33105;140189;11;12;12214424;2020;6;12;2;3;6;4;0;0;1;1;0;0;0;0;792743,0532;5832761,514;13,31999707;52,56597832
33106;140190;11;4;4061757;2020;6;11;7;2;8;1;0;1;0;0;0;0;0;0;785230,6864;5821534,006;13,19983941;52,46930126
33107;140191;11;9;9051901;2020;7;19;5;3;1;5;0;1;1;0;0;0;0;0;810970,2737;5821366,381;13,57742283;52,45375761
33108;140192;11;3;3061228;2020;7;14;4;3;5;2;0;1;1;0;0;0;0;0;800751,7375;5831299,931;13,43647644;52,54851295
33109;140193;11;4;4030828;2020;7;22;7;3;1;5;2;1;1;0;0;0;0;0;793032,9801;5826100,206;13,31838856;52,50610666
33110;140194;11;9;9052001;2020;6;14;2;3;5;3;0;1;1;0;0;0;0;0;809219,9293;5823018,485;13,55327709;52,46955645
33111;140195;11;1;1022206;2020;6;12;7;3;5;2;0;0;1;0;0;0;1;0;795703,6772;5828178,082;13,35946963;52,52329211
33112;140196;11;11;11030721;2020;7;18;5;3;5;2;0;1;1;0;0;0;0;0;803829,0183;5828649,134;13,47929691;52,52304731
33113;140197;11;11;11041128;2020;7;13;4;3;6;4;0;0;1;1;0;0;0;0;806847,5608;5825730,147;13,52095812;52,49519662
33114;140198;11;1;1044201;2020;7;21;6;3;0;3;1;1;1;0;0;0;0;0;796203,9777;5830765,192;13,36912784;52,54621143
33115;140199;11;1;1022204;2020;6;9;2;3;5;2;0;1;1;0;0;0;0;0;794831,2371;5828304,542;13,34675991;52,5248982
33116;140200;11;3;3040614;2020;7;9;4;3;0;6;0;0;1;0;1;0;0;0;799274,3883;5835198,528;13,41827126;52,58427114
33117;140201;11;11;11020514;2020;7;8;6;3;5;2;0;1;1;0;0;0;0;0;804684,0201;5830718,426;13,49375662;52,54111624
33118;140202;11;8;8020620;2020;6;12;3;3;3;6;0;0;1;0;1;0;0;0;801109,9199;5819581,334;13,43115044;52,44327853
33119;140203;11;8;8010302;2020;7;14;7;3;1;5;0;1;1;0;0;0;0;0;801807,2513;5824383,092;13,44572128;52,48593322
33120;140204;11;12;12301204;2020;6;7;2;3;2;6;0;0;1;0;0;0;0;0;792457,4692;5835353,57;13,31808243;52,58936841
33121;140205;11;12;12302212;2020;6;12;7;3;2;6;0;0;1;0;0;0;0;0;792934,4303;5837544,152;13,32704097;52,60874903
33122;140206;11;4;4030620;2020;7;18;5;3;2;6;0;0;1;0;0;0;0;0;792404,1708;5827209,052;13,31012462;52,51638455
33123;140207;11;8;8010117;2020;7;17;4;3;6;4;0;0;1;1;0;0;0;0;800426,0558;5823534,813;13,42467745;52,47909149
33124;140208;11;1;1011101;2020;7;17;6;3;2;2;0;0;1;0;0;0;0;0;795251,528;5826624,567;13,35144604;52,5096111
33125;140209;11;5;5010339;2020;6;7;2;3;5;2;0;0;0;0;1;0;1;0;786804,4713;5828196,085;13,2286812;52,5282077
33126;140210;11;5;5030730;2020;7;7;6;3;5;2;0;1;1;0;0;0;0;0;785881,1762;5829234,819;13,21600158;52,53800577
33127;140211;11;11;11020513;2020;6;19;3;2;5;7;0;1;1;0;0;0;0;0;804412,5598;5830953,052;13,48998123;52,5433708
33128;140212;11;2;2050801;2020;7;20;6;3;0;1;0;1;0;0;0;0;0;0;803652,055;5827409,017;13,47556479;52,51203106
33129;140213;11;4;4030931;2020;6;6;2;3;3;6;0;0;1;0;0;0;1;0;794058,881;5825944,668;13,33332285;52,50416037
33130;140214;11;6;6030504;2020;7;7;6;2;3;6;0;0;1;0;1;0;0;0;790186,0373;5815264,881;13,26714229;52,41048694
33131;140215;11;11;11030618;2020;6;6;3;3;2;6;0;0;1;0;0;0;1;0;802579,0668;5829329,246;13,46154879;52,52983813