;OBJECTID;LAND;BEZ;LOR;UJAHR;UMONAT;USTUNDE;UWOCHENTAG;UKATEGORIE;UART;UTYP1;ULICHTVERH;IstRad;IstPKW;IstFuss;IstKrad;IstGkfz;IstSonstige;USTRZUSTAND;LINREFX;LINREFY;XGCSWGS84;YGCSWGS84
33132;140216;11;10;10040830;2020;6;12;7;3;3;6;0;1;1;0;0;0;0;0;810875,6064;5826992,833;13,58127941;52,50423294
33133;140217;11;5;5040936;2020;7;0;1;3;6;4;2;0;1;1;0;0;0;0;779589,1929;5820468,604;13,11611451;52,46266445
33134;140218;11;7;7060604;2020;6;10;3;3;0;2;0;0;1;0;0;0;1;0;796717,029;5815817,952;13,36337079;52,41194423
33135;140219;11;7;7050505;2020;6;11;7;3;2;6;0;0;1;0;0;0;1;0;799619,2149;5819029,016;13,40878866;52,43914657
33136;140220;11;9;9030901;2020;7;10;7;2;5;2;0;0;1;0;1;0;0;0;807758,3913;5817905,695;13,52711924;52,42456004
33137;140221;11;2;2010104;2020;6;6;2;3;2;6;0;0;1;0;0;0;0;0;799192,3841;5825623,296;13,40844144;52,49848908
33138;140222;11;1;1011202;2020;6;11;7;3;6;7;0;0;0;1;0;0;1;0;798123,4725;5828035,925;13,39490293;52,52070021
33139;140223;11;8;8010406;2020;7;16;4;3;5;3;0;1;1;0;0;0;0;1;801917,3401;5824160,81;13,44713629;52,48388001
33140;140224;11;10;10030727;2020;7;14;6;3;5;2;0;0;1;0;0;0;0;0;809552,7319;5826695,56;13,56157554;52,50232095
33141;140225;11;1;1044102;2020;7;5;6;3;0;7;0;0;0;0;1;0;0;1;794374,7929;5831817,199;13,34316385;52,55663337
33142;140226;11;11;11030619;2020;6;17;3;3;5;3;0;1;0;0;0;0;0;0;803771,0572;5829206,082;13,47895399;52,52807134
33143;140227;11;5;5030731;2020;7;11;1;3;5;2;0;1;1;0;0;0;0;0;787853,3523;5829367,088;13,24511415;52,53815344
33144;140228;11;9;9051901;2020;6;7;3;3;2;6;0;0;1;0;0;0;0;0;812062,7841;5821328,434;13,5934129;52,45279498
33145;140229;11;11;11010205;2020;6;10;7;3;2;2;0;0;1;0;1;0;0;0;806158,8927;5833334,271;13,51784813;52,56373326
33146;140230;11;12;12214424;2020;7;10;5;3;2;7;0;0;1;0;0;0;1;0;793528,8756;5832397,036;13,33123498;52,56228787
33147;140231;11;3;3061126;2020;7;16;7;3;5;2;0;1;1;0;0;0;0;0;799241,9914;5831771,592;13,41470285;52,55357206
33148;140232;11;1;1011302;2020;7;16;1;3;5;2;0;1;1;0;0;0;0;0;798940,1649;5828396,485;13,40722794;52,52348501
33149;140233;11;3;3050925;2020;6;8;3;3;5;3;0;1;1;0;0;0;0;0;802315,1223;5831336,714;13,45949614;52,5479773
33150;140234;11;8;8010214;2020;6;10;7;3;2;6;0;0;1;0;0;0;0;0;801803,8749;5821976,923;13,44349442;52,46436818
33151;140235;11;9;9020701;2020;7;14;5;2;5;3;0;0;1;0;1;0;0;0;807644,0885;5819361,563;13,52678292;52,43767214
33152;140236;11;11;11020516;2020;7;15;7;3;3;6;0;0;1;0;0;0;0;0;806081,2843;5830214,481;13,5138312;52,53581675
33153;140237;11;11;11041022;2020;6;16;2;3;2;6;0;0;1;0;0;0;1;0;806576,1378;5827786,159;13,51886568;52,51377559
33154;140238;11;7;7040406;2020;6;9;7;3;5;3;0;1;1;0;0;0;0;0;800267,118;5821555,114;13,42056242;52,46143396
33155;140239;11;6;6030610;2020;7;16;4;3;5;2;0;0;1;0;0;0;0;1;792935,2116;5817748,043;13,30961905;52,43128408
33156;140240;11;8;8010211;2020;7;13;6;3;3;6;0;1;1;0;0;0;0;0;800624,2526;5823776,338;13,42780479;52,48114731
33157;140241;11;1;1033202;2020;7;2;6;2;8;1;2;0;1;0;0;0;0;0;797155,7214;5830370,888;13,38276913;52,54215867
33158;140242;11;11;11041023;2020;6;15;3;3;5;2;0;1;1;0;0;0;0;0;806961,9482;5827805,253;13,5245508;52,51372973
33159;140243;11;8;8020727;2020;7;19;7;3;0;1;0;1;0;0;0;0;0;0;801627,9166;5817408,879;13,43678866;52,42352065
33160;140244;11;11;11030721;2020;6;20;2;2;1;1;0;0;1;0;1;0;0;0;803918,1529;5828010,68;13,48002333;52,51727538
33161;140245;11;9;9051901;2020;6;18;7;3;0;7;0;1;0;0;0;0;0;0;810044,3654;5821629,006;13,5640845;52,45663711
33162;140246;11;1;1011304;2020;7;17;5;3;5;2;0;1;1;0;0;0;0;0;799967,9036;5827437,724;13,42146627;52,51432684
33163;140247;11;10;10030724;2020;7;10;5;3;2;3;0;0;1;0;0;0;0;0;809599,8913;5828514,712;13,56396016;52,51859681
33164;140248;11;6;6020301;2020;7;10;6;1;5;2;0;1;0;0;0;1;0;0;795867,2346;5818165,554;13,3529895;52,43344893
33165;140249;11;7;7070703;2020;6;15;2;3;0;2;0;1;1;0;0;0;0;1;799767,265;5813974,952;13,4064333;52,39376236
33166;140250;11;6;6040805;2020;6;18;7;3;1;5;0;1;1;0;0;0;0;0;788903,8485;5818242,597;13,25091608;52,43786201
33167;140251;11;4;4030725;2020;7;9;4;3;5;2;0;1;0;0;0;0;1;0;791288,644;5826062,583;13,29272821;52,5067035
33168;140252;11;12;12224229;2020;6;17;2;2;5;3;0;1;1;0;0;0;0;0;786534,4738;5834683,694;13,23031301;52,58651513
33169;140253;11;10;10020412;2020;6;18;7;3;5;3;0;1;1;0;0;0;0;0;811866,4375;5831569,554;13,60012162;52,54468044
33170;140254;11;8;8010302;2020;7;18;4;3;0;7;0;1;0;1;0;0;0;1;801828,9886;5824414,227;13,44606863;52,48620027
33171;140255;11;3;3061441;2020;7;11;6;3;1;5;0;0;1;0;0;0;0;0;802326,8737;5828703,431;13,45727342;52,52436891
33172;140256;11;2;2010102;2020;6;6;3;3;5;2;0;1;1;0;0;0;0;0;797914,7079;5825650,685;13,38970022;52,49943357
33173;140257;11;6;6040804;2020;7;20;7;2;0;1;0;0;0;0;1;0;0;1;788154,218;5818730,181;13,24033931;52,44262901
33174;140258;11;2;2040702;2020;6;13;2;3;0;5;0;0;1;0;0;0;1;0;801975,4972;5827382,783;13,45091124;52,51272664
33175;140259;11;1;1044203;2020;6;19;7;3;5;3;0;1;1;0;0;0;0;0;795878,0901;5831927,677;13,36537196;52,55680904
33176;140260;11;3;3030715;2020;7;17;5;3;3;6;0;1;0;0;0;0;1;0;800252,2898;5833809,294;13,43140321;52,57128042
33177;140261;11;4;4030726;2020;7;15;4;3;2;6;0;1;1;0;0;0;0;0;792276,4526;5825355,514;13,3066203;52,49983648
33178;140262;11;2;2010102;2020;7;21;6;3;5;3;1;1;1;0;0;0;0;0;798367,6479;5826328,009;13,39695974;52,50525745
33179;140263;11;10;10040828;2020;6;17;2;3;1;5;0;0;1;0;0;0;0;0;812422,2317;5829389,101;13,60624145;52,52482287
33180;140264;11;11;11051330;2020;7;1;6;3;2;7;2;1;1;0;0;0;0;0;806806,2541;5824853,695;13,51954461;52,48736489
33181;140265;11;1;1011305;2020;7;8;4;3;5;2;0;1;1;0;0;0;0;0;799687,1707;5827210,076;13,41713668;52,51244065
33182;140266;11;2;2030401;2020;7;10;6;3;5;3;0;1;0;0;0;0;0;0;801142,0316;5825432,804;13,43690297;52,49570935
33183;140267;11;11;11030720;2020;6;11;3;3;2;6;0;0;1;0;0;0;0;0;804929,0045;5829967,616;13,49666884;52,53425013
33184;140268;11;7;7050501;2020;7;13;7;3;1;3;0;1;1;0;0;0;0;0;797563,2675;5820295,461;13,37976035;52,45162149
33185;140269;11;2;2020203;2020;6;14;2;3;3;6;0;0;1;0;0;1;0;0;797750,15;5824015,985;13,3858224;52,48487017
33186;140270;11;1;1022201;2020;6;18;3;3;5;3;0;0;1;0;0;0;0;0;795097,4628;5828860,817;13,35116634;52,52974073
33187;140271;11;1;1011401;2020;7;6;7;3;1;5;0;0;1;0;0;0;0;0;798422,3499;5829185,52;13,40032651;52,53084128
33188;140272;11;1;1044203;2020;6;17;2;3;0;2;0;1;0;0;0;0;1;0;795897,5836;5831964,727;13,36569169;52,55713057
33189;140273;11;2;2020202;2020;6;18;7;3;5;2;0;1;1;0;0;0;0;0;797942,3722;5825259,211;13,38975637;52,49590936
33190;140274;11;9;9010401;2020;7;16;5;3;0;6;0;0;0;0;1;0;1;0;806269,9191;5820769,414;13,50792142;52,45106114
33191;140275;11;10;10010308;2020;7;1;4;3;9;1;2;0;1;0;0;0;0;0;806536,4378;5829259,019;13,51963972;52,52699794
33192;140276;11;9;9051901;2020;7;17;6;3;5;3;0;1;1;0;0;0;0;0;812042,8752;5821192,548;13,59299391;52,45158862
33193;140277;11;8;8010301;2020;6;17;2;3;0;1;0;1;0;0;0;0;0;0;800608,1512;5825123,88;13,4287838;52,49323467
33194;140278;11;9;9010202;2020;6;13;3;3;5;2;0;1;0;0;0;0;0;0;803960,1177;5823452,243;13,47648033;52,476396
33195;140279;11;9;9010201;2020;6;17;7;3;0;1;0;1;0;0;0;0;0;0;803707,3269;5823360,29;13,47268602;52,47571245
33196;140280;11;1;1022202;2020;7;18;1;3;2;3;0;1;1;0;0;0;0;1;795697,4718;5829243,623;13,36032608;52,53284711
33197;140281;11;1;1011302;2020;6;9;3;3;1;5;0;1;1;0;0;0;0;0;798950,3021;5828743,287;13,40768867;52,52658802
33198;140282;11;7;7020203;2020;6;17;7;3;5;2;0;1;0;0;1;0;0;0;795623,7424;5824172,147;13,35473781;52,48742552
33199;140283;11;6;6020410;2020;7;19;7;2;5;3;0;0;1;0;0;0;0;0;794194,0459;5816839,669;13,3272826;52,42246531
33200;140284;11;8;8041035;2020;6;16;2;3;1;5;0;0;1;0;0;0;0;0;803917,1088;5818988,59;13,4717862;52,43641292
33201;140285;11;3;3020203;2020;6;17;7;3;0;3;0;1;0;0;1;0;0;0;799164,5481;5840656,5;13,4215892;52,63325285
33202;140286;11;3;3030715;2020;7;16;4;3;2;2;0;0;1;0;0;0;0;0;800729,973;5833615,105;13,43825424;52,56927617
33203;140287;11;8;8040933;2020;7;13;6;3;0;7;0;0;1;0;0;0;0;0;803178,6312;5818891,372;13,46086799;52,43595137
33204;140288;11;9;9031101;2020;7;9;5;3;6;7;0;1;0;1;0;0;0;0;811043,0877;5818095,191;13,57544688;52,42440112
33205;140289;11;8;8041038;2020;6;15;7;3;0;5;0;0;1;0;0;0;0;0;805548,426;5816095,256;13,49306675;52,40957217
33206;140290;11;7;7040405;2020;7;16;4;3;4;6;0;1;1;0;0;0;0;0;798475,746;5821937,212;13,39461587;52,46584038
33207;140291;11;2;2030302;2020;7;15;6;3;5;7;0;1;1;0;0;0;0;0;800599,3043;5826218,089;13,4296414;52,50304729
33208;140292;11;2;2010103;2020;6;19;1;3;5;3;0;1;1;0;0;0;0;1;799346,0134;5825813,1;13,4108684;52,50010615
33209;140293;11;2;2010102;2020;6;19;3;3;5;3;0;1;1;0;0;0;0;0;797973,4528;5826083,236;13,39095009;52,50327878
33210;140294;11;1;1011305;2020;7;15;1;3;6;4;0;0;1;1;0;0;0;0;799376,5545;5826812,865;13,41221593;52,50905082
33211;140295;11;6;6020410;2020;6;8;3;3;5;3;0;0;1;0;0;0;0;0;794204,8927;5816856,921;13,32745682;52,42261413
33212;140296;11;1;1044201;2020;6;15;7;3;1;5;0;1;1;0;0;0;0;0;796786,4576;5831575,473;13,37841661;52,55315767
33213;140297;11;8;8020620;2020;7;12;5;3;5;2;0;1;1;0;0;0;0;0;801439,2567;5820648,596;13,43694425;52,45266328
33214;140298;11;1;1011105;2020;7;16;7;3;5;2;0;1;1;0;0;0;0;0;796590,1162;5826876,969;13,37133696;52,51114751
33215;140299;11;5;5020628;2020;6;18;1;3;0;5;0;0;1;0;0;0;1;0;783993,6368;5826878,222;13,18623334;52,5178632
33216;140300;11;2;2050801;2020;6;19;7;3;1;1;0;1;1;0;0;0;0;0;802505,8965;5827402,025;13,45872075;52,51260521
33217;140301;11;3;3061131;2020;7;20;4;3;8;1;0;0;1;0;0;0;0;1;798875,4398;5830380,724;13,40806086;52,54130629
33218;140302;11;12;12302108;2020;7;11;6;3;5;2;0;1;1;0;0;0;0;0;794725,5142;5837232,957;13,35313778;52,60499129
33219;140303;11;4;4010103;2020;6;15;3;3;2;6;0;0;1;0;0;0;0;0;791225,6018;5829020,764;13,29439191;52,533257
33220;140304;11;12;12231102;2020;7;13;7;3;0;7;0;0;1;0;0;0;1;0;789841,3681;5839539,393;13,28324047;52,62829428
33221;140305;11;11;11030618;2020;6;18;2;3;0;2;0;1;1;0;0;0;0;0;803064,1153;5829527,296;13,46885778;52,53134377
33222;140306;11;9;9041302;2020;6;13;6;2;0;1;0;1;0;0;0;0;0;0;811932,0589;5817770,108;13,58817512;52,42098189
33223;140307;11;8;8020619;2020;6;16;3;3;0;7;0;0;0;0;1;0;0;0;801989,6594;5820675,803;13,44504388;52,45260336
33224;140308;11;5;5010206;2020;7;23;1;2;1;5;2;0;1;0;0;0;0;1;782137,1021;5830558,528;13,16207007;52,55182609
33225;140309;11;8;8010211;2020;6;22;2;2;5;7;2;0;1;0;0;0;0;0;800422,1664;5823830,024;13,42488634;52,48173974
33226;140310;11;8;8020619;2020;6;17;6;3;2;2;0;0;1;0;1;0;0;0;801913,7548;5821770,52;13,4449202;52,46245745
33227;140311;11;4;4020310;2020;7;7;5;2;2;6;0;0;1;0;0;0;0;0;789140,2899;5827547,86;13,26245401;52,52116229
33228;140312;11;7;7040405;2020;7;15;7;3;2;6;0;0;0;0;1;0;1;0;798906,5243;5821703,587;13,4007289;52,46351074
33229;140313;11;1;1033101;2020;6;23;1;3;5;2;2;1;1;0;0;0;0;0;797208,9126;5832038,856;13,38504404;52,55708098
33230;140314;11;6;6010101;2020;6;15;6;3;0;5;0;1;1;0;0;0;0;1;793226,2317;5821130,337;13,31685599;52,46144963
33231;140315;11;7;7040401;2020;7;11;4;2;6;4;0;0;1;1;0;0;0;1;798252,2336;5823959,065;13,3931435;52,48408593
33232;140316;11;2;2030302;2020;7;9;6;3;5;2;0;1;1;0;0;0;0;0;801464,2044;5826036,855;13,44218097;52,50094571
33233;140317;11;7;7010104;2020;7;13;5;3;0;6;0;0;0;0;1;0;1;0;796039,6833;5824950,529;13,36153718;52,49417767
33234;140318;11;7;7020202;2020;6;14;3;3;5;7;0;1;1;0;0;0;0;0;794775,171;5823914,463;13,34204893;52,48557438
33235;140319;11;4;4030724;2020;7;17;7;3;1;5;0;1;1;0;0;0;0;0;791306,4514;5826330,836;13,2932246;52,50909887
33236;140320;11;4;4020311;2020;6;14;2;3;1;5;0;1;1;0;0;0;0;0;789112,9073;5826616,275;13,261242;52,51282489
33237;140321;11;1;1011101;2020;6;22;6;3;2;6;2;0;1;0;1;0;0;0;795216,5688;5826605,468;13,35091548;52,50945881
33238;140322;11;8;8020621;2020;7;15;5;3;3;6;0;1;0;0;0;0;0;0;799918,2602;5819654,695;13,41373637;52,444591
33239;140323;11;1;1011301;2020;7;13;4;2;2;6;0;1;1;0;0;0;0;1;796484,1897;5829281,829;13,37192437;52,53276222
33240;140324;11;2;2020203;2020;7;20;6;3;2;2;0;1;1;0;0;0;0;0;797090,1842;5824708,727;13,37674957;52,4914394
33241;140325;11;2;2020203;2020;6;22;1;3;5;2;2;0;1;0;0;0;0;0;797749,969;5824024,579;13,38582741;52,48494731
33242;140326;11;5;5020625;2020;7;7;4;3;0;1;0;1;0;0;0;0;0;0;784503,8399;5828158,39;13,19482734;52,52907532
33243;140327;11;10;10010310;2020;7;15;5;3;5;2;0;1;1;0;0;0;0;0;809512,9338;5831408,915;13,56537731;52,54458289
33244;140328;11;6;6040808;2020;7;9;4;3;0;1;0;1;0;0;0;0;0;0;789811,7254;5819798,664;13,26558416;52,45133238
33245;140329;11;3;3071536;2020;7;20;6;3;5;2;0;1;0;0;0;0;1;0;799192,3152;5830026,281;13,41240018;52,53795536
33246;140330;11;9;9051901;2020;6;20;1;2;0;1;0;1;0;0;0;0;0;1;812067,029;5821205,269;13,59336008;52,45168882
33247;140331;11;4;4020310;2020;7;10;4;3;2;6;0;0;1;0;0;0;0;0;790246,2583;5828048,851;13,27914591;52,52506615
33248;140332;11;11;11051330;2020;6;13;3;3;5;2;0;1;1;0;0;0;0;0;807283,0239;5825420,5;13,52706672;52,49217655
33249;140333;11;3;3061131;2020;7;17;7;2;0;4;0;1;0;1;0;0;0;0;798620,3867;5830283,011;13,40422339;52,54057027
33250;140334;11;4;4030725;2020;6;20;1;3;2;6;0;0;1;0;1;0;0;0;791318,7708;5826075,28;13,29318195;52,50680124
33251;140335;11;2;2020204;2020;6;17;6;3;5;3;0;1;1;0;0;0;0;0;798610,9544;5825141,097;13,39946959;52,49448525
33252;140336;11;4;4051654;2020;7;12;5;3;1;5;0;1;1;0;0;0;0;0;793919,8211;5824035,225;13,32959522;52,48711808
33253;140337;11;11;11040926;2020;7;18;4;3;5;7;0;1;1;0;0;0;0;0;805090,7592;5826888,192;13,49622188;52,50656043
33254;140338;11;1;1011302;2020;7;17;6;3;5;2;0;1;1;0;0;0;0;0;797957,1407;5828502,075;13,39287633;52,52496956
33255;140339;11;3;3040818;2020;6;20;1;3;5;3;0;0;1;0;0;0;0;1;799425,3359;5833250,423;13,41873326;52,5667266
33256;140340;11;2;2050803;2020;6;20;3;3;8;1;0;0;1;0;0;0;0;0;803112,5111;5826302,957;13,46663159;52,50241769
33257;140341;11;9;9051901;2020;7;17;1;3;4;6;0;1;0;0;0;0;0;0;811043,5205;5821857,809;13,57895503;52,45811988
33258;140342;11;4;4030620;2020;6;8;3;3;5;2;0;0;1;0;0;0;0;0;792161,9973;5827298,311;13,30664426;52,51731452
33259;140343;11;9;9020802;2020;6;13;6;2;5;3;0;1;1;0;0;0;0;1;810173,8112;5820386,968;13,56483009;52,44543289
33260;140344;11;12;12231101;2020;6;11;6;2;1;5;0;1;1;0;0;0;0;0;791902,689;5838627,978;13,31280416;52,61902007
33261;140345;11;8;8041035;2020;6;10;3;3;5;3;0;0;1;0;0;0;0;0;804091,5645;5819275,292;13,47460544;52,43888562
33262;140346;11;3;3071536;2020;6;9;6;2;1;5;0;1;0;0;0;1;0;0;799056,8488;5830173,86;13,41054162;52,53935253
33263;140347;11;2;2020203;2020;7;11;7;3;5;2;0;1;1;0;0;0;0;0;797749,362;5824034,295;13,38582718;52,48503473
33264;140348;11;12;12302110;2020;6;19;1;3;5;2;1;0;1;0;0;0;0;0;794878,2255;5835832,641;13,35413916;52,59235596
33265;140349;11;10;10010310;2020;6;9;6;3;1;5;0;1;0;0;0;0;1;0;809276,2262;5830515,734;13,56106646;52,53671294
33266;140350;11;11;11020412;2020;7;16;4;3;2;6;0;0;1;0;0;0;1;0;805015,8585;5831470,04;13,49932463;52,54766686
33267;140351;11;7;7070701;2020;7;14;6;2;5;3;0;1;1;0;0;0;0;0;799299,227;5816214,01;13,40157631;52,41408877
33268;140352;11;3;3061126;2020;6;18;1;3;0;3;0;1;0;0;0;0;0;1;799202,3048;5831606,282;13,41397027;52,55211212
33269;140353;11;7;7060604;2020;6;18;3;3;1;5;0;1;1;0;0;0;0;0;797934,7973;5815754,761;13,38116572;52,41071639
33270;140354;11;6;6020306;2020;7;14;1;3;5;3;0;1;1;0;0;0;0;0;796619,017;5817420,214;13,36335431;52,42636041
33271;140355;11;1;1011202;2020;6;8;3;2;5;2;0;0;0;0;1;0;0;0;797734,9744;5827611,933;13,38881454;52,5171119
33272;140356;11;8;8010509;2020;6;8;6;3;0;5;0;0;0;0;0;0;1;0;803975,6792;5821990,185;13,47537667;52,46328321
33273;140357;11;8;8010301;2020;7;10;5;3;5;2;0;1;1;0;0;0;0;0;800827,2688;5824497,574;13,43143612;52,48750018
33274;140358;11;8;8010404;2020;7;16;7;3;1;5;0;1;1;0;0;0;0;0;802552,6976;5823011,891;13,45542176;52,47323055
33275;140359;11;1;1044201;2020;6;18;1;2;5;3;0;1;1;0;0;0;0;1;796703,6912;5831625,007;13,37724372;52,55364678
33276;140360;11;8;8010301;2020;6;8;6;3;5;3;0;1;1;0;0;0;0;0;800582,7831;5824581,129;13,42792169;52,48838377
33277;140361;11;7;7010104;2020;7;19;4;3;5;2;0;0;1;0;0;0;0;0;796010,1084;5824976,82;13,36112618;52,49442938
33278;140362;11;12;12214422;2020;7;11;6;3;2;6;0;0;1;0;0;0;0;0;792355,3889;5833992,523;13,3153792;52,57722212
33279;140363;11;5;5020625;2020;7;14;5;3;0;6;0;0;1;0;0;0;1;0;784662,0945;5828489,829;13,19743773;52,53196438
33280;140364;11;7;7010102;2020;7;17;7;3;1;5;0;0;1;0;0;0;1;0;795333,8865;5825186,493;13,35138052;52,49667527
33281;140365;11;11;11040926;2020;6;18;1;3;5;3;0;1;1;0;0;0;0;0;805326,1185;5827211,372;13,49997525;52,50932524
33282;140366;11;4;4051445;2020;6;8;6;3;1;5;0;1;1;0;0;0;0;0;792533,3561;5824545,786;13,30968297;52,49243981
33283;140367;11;7;7020201;2020;7;16;4;3;2;6;0;1;1;0;0;0;0;0;794930,9704;5824686,481;13,34501994;52,49241087
33284;140368;11;5;5020523;2020;7;13;6;3;2;6;0;0;1;0;0;0;0;0;782292,7207;5827434,54;13,16170509;52,52373455
33285;140369;11;1;1033101;2020;6;16;3;3;5;2;0;1;1;0;0;0;0;0;797709,588;5832893,764;13,39317441;52,56447061
33286;140370;11;1;1044203;2020;7;14;7;3;2;6;0;0;1;0;0;0;0;0;795305,3058;5831423,23;13,35649897;52,55259802
33287;140371;11;2;2050801;2020;6;20;2;3;3;6;0;1;0;0;1;0;0;0;803104,3591;5826927,863;13,46708076;52,50802316
33288;140372;11;4;4030931;2020;6;7;6;3;6;2;0;0;1;1;0;0;0;0;793970,0603;5826183,166;13,33222862;52,50634625
33289;140373;11;1;1011303;2020;7;6;5;3;5;2;0;0;1;0;0;0;0;0;799243,0999;5828468,59;13,41174456;52,52396515
33290;140374;11;6;6030502;2020;7;18;6;3;0;5;0;1;1;0;0;0;0;0;789609,1022;5815412,507;13,25881172;52,41211599
33291;140375;11;12;12301203;2020;6;17;1;2;5;2;0;1;1;0;0;0;0;1;793418,8087;5836087,611;13,33288264;52,59543088
33292;140376;11;8;8010405;2020;6;11;6;3;5;5;0;1;1;0;0;0;0;0;801677,4479;5823806,676;13,44329386;52,48083844
33293;140377;11;1;1011401;2020;7;10;4;3;6;7;0;1;0;1;0;0;0;1;797972,7752;5829462,044;13,39396648;52,5335659
33294;140378;11;3;3020210;2020;6;6;3;3;5;3;0;1;1;0;0;0;0;0;798584,5667;5835208,409;13,40812895;52,58473873
33295;140379;11;6;6030609;2020;6;6;3;3;3;6;0;1;1;0;0;0;0;0;793280,6679;5819091,269;13,31586426;52,44314071
33296;140380;11;1;1011402;2020;7;1;7;3;5;2;2;1;1;0;0;0;0;0;798814,1754;5829368,003;13,40624957;52,53226233
33297;140381;11;1;1011204;2020;6;19;2;3;0;7;0;0;1;0;0;0;0;0;798396,6245;5827380,888;13,39832931;52,51467928
33298;140382;11;10;10010102;2020;6;18;6;3;5;3;0;1;1;0;0;0;0;0;809450,5406;5834611,969;13,56744655;52,57332264
33299;140383;11;1;1044202;2020;7;15;5;3;6;4;0;0;1;1;0;0;0;0;795575,5035;5829997,048;13,35920332;52,53966705
33300;140384;11;3;3071639;2020;7;15;4;3;5;3;0;0;1;0;0;0;1;0;801057,1214;5829336,423;13,43918748;52,5307451
33301;140385;11;11;11051332;2020;7;23;6;3;0;1;2;1;0;0;0;0;0;0;807107,4097;5824052,963;13,52322826;52,48001927
33302;140386;11;9;9020701;2020;6;16;1;3;5;3;0;1;1;0;0;0;0;0;808809,0855;5819002,504;13,54353501;52,43379776
33303;140387;11;6;6020303;2020;7;19;5;3;5;7;0;1;1;0;0;0;0;0;795274,0278;5818378,156;13,3444769;52,43567533
33304;140388;11;4;4020311;2020;7;9;4;3;5;3;0;0;1;0;1;0;0;0;789586,1191;5825971,596;13,26763476;52,50679416
33305;140389;11;6;6030502;2020;7;23;5;3;9;1;2;0;1;0;0;0;0;1;790232,6962;5814874,829;13,26748822;52,40696524
33306;140390;11;1;1011305;2020;6;12;3;3;5;3;0;1;1;0;0;0;0;0;799458,3091;5827067,944;13,41364644;52,51129234
33307;140391;11;12;12103115;2020;7;11;7;3;3;2;0;1;1;0;0;0;0;0;795329,2486;5833842,599;13,35900456;52,57427246
33308;140392;11;5;5020625;2020;6;7;1;2;5;3;0;1;1;0;0;0;0;0;784093,2036;5827985,076;13,18864227;52,52773553
33309;140393;11;4;4030620;2020;6;18;6;3;5;2;0;1;1;0;0;0;0;0;792864,0742;5827297,653;13,31696084;52,51693206
33310;140394;11;6;6010206;2020;7;17;4;3;6;4;0;0;1;1;0;0;0;0;794973,9531;5819683,703;13,34122794;52,44754077
33311;140395;11;4;4051446;2020;7;9;6;3;6;2;0;0;1;1;0;0;0;0;792609,9175;5824955,974;13,31116771;52,49607601
33312;140396;11;10;10020412;2020;7;16;6;3;0;4;2;0;1;1;0;0;0;0;811762,2531;5831779,135;13,59878696;52,54661815
33313;140397;11;1;1011101;2020;7;17;3;3;2;6;0;0;1;0;0;0;0;0;795215,1163;5826605,134;13,35089384;52,5094566
33314;140398;11;2;2050801;2020;7;18;3;3;0;1;0;0;1;0;1;0;0;0;803368,104;5826804,401;13,47084241;52,50677
33315;140399;11;7;7060604;2020;7;10;1;3;1;5;0;1;1;0;0;0;0;0;795515,9588;5815986,186;13,34591224;52,41410204
33316;140400;11;3;3061430;2020;7;15;2;3;5;2;0;1;1;0;0;0;0;0;802306,9331;5829215,134;13,4574456;52,52896633
33317;140401;11;8;8010213;2020;7;16;5;3;2;6;0;0;1;0;0;0;0;1;801478,5909;5823012,625;13,43965669;52,473831
33318;140402;11;7;7020204;2020;7;16;3;3;5;2;0;0;1;0;0;0;0;0;796261,5935;5822942,688;13,36301169;52,47605872
33319;140403;11;9;9020601;2020;7;22;4;3;0;1;2;1;0;0;0;0;0;0;806903,3277;5821183,042;13,51759309;52,45441299
33320;140404;11;5;5030833;2020;7;18;4;3;2;6;0;0;1;0;0;0;0;1;787914,1128;5829321,009;13,24596761;52,53770822
33321;140405;11;8;8020622;2020;7;8;1;3;5;3;0;1;1;0;0;0;0;0;801236,5052;5819770,29;13,43317757;52,44490249
33322;140406;11;7;7030303;2020;7;16;3;3;5;2;0;1;1;0;0;0;0;0;795412,4305;5821006,578;13,34883122;52,45916276
33323;140407;11;3;3020203;2020;7;12;3;2;7;7;0;0;0;0;1;0;0;0;798461,2662;5837324,047;13,408221;52,60376977
33324;140408;11;6;6030605;2020;7;17;1;3;6;4;0;0;1;1;0;0;0;0;792564,3567;5819608,209;13,3058082;52,44815874
33325;140409;11;1;1044101;2020;7;16;3;3;2;6;0;0;1;0;0;0;1;0;794200,9553;5830352,158;13,33930903;52,54359422
33326;140410;11;10;10040932;2020;7;10;2;3;0;3;0;0;0;0;0;0;1;0;812929,4695;5827925,439;13,61231702;52,5114161
33327;140411;11;9;9020702;2020;7;15;1;3;3;1;0;0;1;0;1;0;0;0;809887,2542;5819242,562;13,55956627;52,43533941
33328;140412;11;11;11010310;2020;7;13;5;3;2;6;0;0;1;0;0;0;0;1;805346,9129;5833272,424;13,50584953;52,56363494
33329;140413;11;10;10010308;2020;7;16;3;3;0;2;0;1;0;0;0;0;1;0;806627,1589;5830238,093;13,52187586;52,53572153