;OBJECTID;LAND;BEZ;LOR;UJAHR;UMONAT;USTUNDE;UWOCHENTAG;UKATEGORIE;UART;UTYP1;ULICHTVERH;IstRad;IstPKW;IstFuss;IstKrad;IstGkfz;IstSonstige;USTRZUSTAND;LINREFX;LINREFY;XGCSWGS84;YGCSWGS84
33527;140611;11;2;2030401;2020;7;14;5;3;2;1;0;0;1;0;0;0;0;1;801080,7715;5824972,365;13,43558724;52,49161612
33528;140612;11;9;9041601;2020;7;13;2;3;0;1;0;1;0;0;0;0;1;0;816717,398;5817345,289;13,65790955;52,41442711
33529;140613;11;2;2040702;2020;7;18;4;3;0;1;0;1;0;0;0;0;0;0;801874,6519;5826894,247;13,44898663;52,50840368
33530;140614;11;4;4030725;2020;7;15;4;3;0;3;0;1;1;0;0;0;0;1;791289,8598;5826076,656;13,29275839;52,50682902
33531;140615;11;1;1011201;2020;7;16;2;3;6;4;0;1;0;1;0;0;0;0;797138,5926;5826463,545;13,37902606;52,50714312
33532;140616;11;1;1011301;2020;7;10;3;2;5;3;0;1;0;0;0;0;0;0;797055,5317;5828891,334;13,37997365;52,52895081
33533;140617;11;4;4020311;2020;7;15;6;3;2;6;0;0;1;0;1;0;0;1;789550,5676;5826557,977;13,26762253;52,51207007
33534;140618;11;4;4030621;2020;7;16;2;3;5;3;0;1;0;0;0;0;0;0;793281,3587;5827445,028;13,32322272;52,51802896
33535;140619;11;4;4041241;2020;7;9;2;3;1;5;0;1;1;0;0;0;0;0;791350,3444;5822461,3;13,29048587;52,47438516
33536;140620;11;8;8020619;2020;7;13;6;3;1;5;0;1;0;0;1;0;0;0;802178,1832;5820660,513;13,44779589;52,45236214
33537;140621;11;7;7040404;2020;7;10;5;2;5;2;0;0;1;0;0;0;1;0;796696,5296;5820024,209;13,36680238;52,44966106
33538;140622;11;11;11040926;2020;7;16;2;3;5;2;0;1;1;0;0;0;0;0;804803,93;5826500,682;13,49165416;52,50324766
33539;140623;11;4;4020310;2020;7;14;4;3;0;7;0;0;0;0;1;0;0;1;789589,7736;5828392,478;13,26979578;52,52849592
33540;140624;11;3;3050923;2020;7;11;4;3;5;2;0;0;1;0;0;0;0;1;800201,6398;5832140,271;13,42914799;52,55634855
33541;140625;11;12;12103117;2020;7;15;2;2;6;4;0;0;1;1;0;0;0;0;795940,8088;5832726,683;13,36700693;52,56393724
33542;140626;11;1;1011303;2020;7;23;3;2;0;1;2;0;0;0;0;0;1;0;799596,1143;5828489,678;13,41695125;52,52396031
33543;140627;11;1;1011301;2020;7;14;6;3;1;6;0;1;1;0;0;0;0;1;797116,6799;5828197,011;13,38025202;52,52269367
33544;140628;11;7;7050505;2020;7;14;4;3;5;2;0;0;1;0;0;0;0;1;798947,108;5817290,642;13,39737635;52,42393194
33545;140629;11;7;7050503;2020;7;15;2;3;5;7;0;0;1;0;0;0;0;0;798433,2816;5820499,125;13,39270705;52,45297284
33546;140630;11;2;2040503;2020;7;8;3;3;0;7;0;1;0;0;0;0;0;0;801813,6478;5827954,001;13,44905162;52,51793608
33547;140631;11;10;10040828;2020;7;14;6;3;6;4;0;0;1;1;0;0;0;1;811594,2088;5828306,716;13,59306224;52,51559715
33548;140632;11;7;7040406;2020;7;14;2;3;0;3;0;0;1;0;1;0;0;0;800359,1709;5821695,132;13,42203925;52,46263842
33549;140633;11;1;1033102;2020;7;8;2;2;5;5;0;0;1;0;1;0;0;0;797437,0034;5831599,762;13,38800515;52,55302052
33550;140634;11;1;1011101;2020;7;13;6;3;2;6;0;0;1;0;0;0;0;1;794560,5758;5826085,22;13,34081726;52,50514972
33551;140635;11;1;1011204;2020;7;9;5;2;0;1;0;0;0;0;0;0;1;0;798013,6641;5826690,395;13,39208425;52,50869925
33552;140636;11;11;11010205;2020;7;11;2;3;5;2;0;0;1;0;0;0;0;0;806311,4102;5833876,843;13,5205921;52,56851007
33553;140637;11;9;9010202;2020;7;16;2;3;3;6;0;1;0;0;0;0;1;0;803777,7001;5823276,496;13,47364265;52,47492229
33554;140638;11;1;1044101;2020;7;11;4;3;0;6;0;0;1;0;1;0;0;0;793800,7689;5830399,856;13,33346705;52,54423775
33555;140639;11;5;5010208;2020;7;5;4;2;5;3;1;0;1;0;1;0;0;0;783819,5427;5830580,149;13,186836;52,55114584
33556;140640;11;4;4030827;2020;7;11;2;3;0;7;0;0;1;0;1;0;0;0;792381,9059;5826034,961;13,30876598;52,50587107
33557;140641;11;9;9020702;2020;7;18;3;3;6;4;0;0;1;1;0;0;0;0;809397,9616;5819689,671;13,55280552;52,43962333
33558;140642;11;10;10010308;2020;7;14;6;3;2;6;0;0;1;0;0;0;0;1;806568,3239;5828057,229;13,51900063;52,51620936
33559;140643;11;11;11051229;2020;7;23;1;3;1;5;2;1;1;0;0;0;0;0;803556,5984;5826264,326;13,47311874;52,50182459
33560;140644;11;1;1044202;2020;7;17;5;3;0;5;0;0;1;0;1;0;0;1;794830,1682;5830170,801;13,34839961;52,54162838
33561;140645;11;6;6040809;2020;7;14;2;3;5;3;0;1;0;0;0;0;1;0;791785,1462;5819655,125;13,2944162;52,44899577
33562;140646;11;2;2010102;2020;7;23;4;3;5;7;2;0;1;0;0;0;0;1;798092,6749;5826491,569;13,39306694;52,50687387
33563;140647;11;5;5010206;2020;7;23;1;3;2;6;2;0;1;0;1;0;0;0;781951,6986;5830597,583;13,15937601;52,55227228
33564;140648;11;7;7060604;2020;7;11;5;3;5;2;0;1;1;0;0;0;0;0;795658,1524;5816070,127;13,34807098;52,41477774
33565;140649;11;2;2020204;2020;7;13;2;3;5;3;0;0;1;0;0;0;0;0;798172,3991;5824835,599;13,39275554;52,49198659
33566;140650;11;4;4051549;2020;7;17;2;3;3;6;0;1;0;0;0;0;0;0;793310,327;5823826,451;13,32046108;52,48557429
33567;140651;11;2;2030401;2020;7;19;5;3;0;7;0;0;0;0;1;0;0;1;800064,582;5825416,94;13,42106542;52,49616057
33568;140652;11;4;4030415;2020;7;9;4;2;2;6;0;0;1;0;0;0;0;0;791530,742;5827497,729;13,29754241;52,5194401
33569;140653;11;1;1022206;2020;7;15;3;2;5;3;0;1;0;0;0;0;1;0;795519,0125;5828218,136;13,35679132;52,52375128
33570;140654;11;3;3050919;2020;7;10;2;3;0;4;0;0;0;1;0;0;1;0;802059,5263;5832763,44;13,45703635;52,56090669
33571;140655;11;5;5030731;2020;7;17;3;3;5;2;0;0;1;0;0;1;0;0;786960,6125;5829592,804;13,23218252;52,54064797
33572;140656;11;10;10020517;2020;7;11;6;3;6;7;0;0;1;1;0;0;0;0;812580,8585;5830343,707;13,60946941;52,53328623
33573;140657;11;4;4051550;2020;7;22;1;3;5;2;2;1;1;0;0;0;0;0;792860,7475;5824321,136;13,31429389;52,49025034
33574;140658;11;1;1033102;2020;7;15;5;3;0;6;0;0;0;0;1;0;1;1;797670,5747;5831880,62;13,3916918;52,55541045
33575;140659;11;6;6020303;2020;7;10;2;3;1;5;0;0;1;0;0;0;0;0;795132,8555;5818252,602;13,34229541;52,434626
33576;140660;11;2;2020203;2020;7;18;4;3;5;2;0;1;1;0;0;0;0;0;797101,5385;5824476,476;13,37670923;52,48935133
33577;140661;11;4;4030828;2020;7;16;4;3;6;4;0;1;0;1;0;0;0;1;793064,5502;5826099,255;13,31885153;52,50608118
33578;140662;11;8;8010404;2020;7;9;2;3;5;2;0;1;1;0;0;0;0;0;801231,6928;5823675,361;13,43663126;52,47990749
33579;140663;11;12;12214421;2020;7;11;3;3;5;3;0;0;1;0;0;0;0;0;793139,2066;5833868,013;13,326803;52,5756843
33580;140664;11;4;4030417;2020;7;11;6;3;2;6;0;0;1;0;1;0;0;1;791682,0508;5827486,86;13,29975654;52,51926174
33581;140665;11;11;11040926;2020;7;11;4;3;2;6;0;0;1;0;0;0;0;1;806597,7205;5827345,35;13,51877665;52,50981283
33582;140666;11;6;6020303;2020;7;9;6;3;6;2;0;0;0;1;0;0;1;1;795347,5186;5818440,34;13,34560976;52,43619309
33583;140667;11;6;6010206;2020;7;21;4;3;0;1;0;0;1;0;0;0;0;0;794709,6334;5819920,922;13,33755927;52,44980986
33584;140668;11;1;1011401;2020;7;14;3;3;3;2;0;1;1;0;0;0;0;0;797506,1496;5829187,783;13,38686199;52,53136238
33585;140669;11;1;1033102;2020;7;9;6;3;5;3;0;0;1;0;0;0;0;1;797150,2016;5831887,944;13,38404547;52,55576027
33586;140670;11;8;8010214;2020;7;9;2;3;5;3;0;0;1;0;0;0;0;0;801473,0209;5822057,988;13,43871233;52,46527743
33587;140671;11;4;4030931;2020;7;22;2;3;5;3;2;1;1;0;0;0;0;0;793522,9808;5825456,863;13,32502017;52,50007598
33588;140672;11;12;12214527;2020;7;8;6;3;5;3;0;1;1;0;0;0;0;1;790313,7352;5835441,089;13,28660397;52,59130141
33589;140673;11;9;9020601;2020;7;13;5;2;2;6;0;0;1;0;1;0;0;1;806952,7701;5821076,314;13,51822032;52,4534287
33590;140674;11;8;8010404;2020;7;8;2;3;5;3;0;0;1;0;1;0;0;0;802353,0808;5822750,585;13,45225499;52,47099896
33591;140675;11;4;4051448;2020;7;17;4;3;5;2;0;1;1;0;0;0;0;0;793477,628;5824923,423;13,32388395;52,4953183
33592;140676;11;9;9010302;2020;7;15;4;3;5;2;0;0;1;0;0;0;1;1;804217,628;5821057,045;13,47807671;52,45478503
33593;140677;11;3;3061332;2020;7;13;2;3;5;7;0;1;1;0;0;0;0;0;799715,0305;5830883,903;13,42085781;52,54535531
33594;140678;11;6;6020302;2020;7;9;3;3;2;6;0;1;1;0;0;0;0;0;794374,5094;5819071,751;13,33189397;52,44237798
33595;140679;11;7;7020202;2020;7;8;6;3;5;3;0;1;1;0;0;0;0;1;795008,4371;5823599,073;13,3451951;52,48262112
33596;140680;11;2;2050601;2020;7;13;2;3;0;1;0;1;0;0;0;0;0;0;801948,9743;5829057,758;13,45204199;52,52775416
33597;140681;11;4;4041134;2020;7;8;2;3;5;7;0;1;1;0;0;0;0;0;791230,3498;5824451,383;13,2904628;52,49229026
33598;140682;11;7;7070705;2020;7;8;6;3;5;3;0;1;1;0;0;0;0;1;798607,4321;5813326,196;13,38886073;52,3885804
33599;140683;11;3;3050919;2020;7;4;5;3;1;7;1;0;1;0;0;0;0;0;801698,0347;5832998,675;13,45193375;52,5632155
33600;140684;11;9;9051702;2020;7;12;2;3;1;5;0;1;1;0;0;0;0;0;814895,308;5821586,882;13,63520247;52,45348669
33601;140685;11;10;10010310;2020;7;12;2;3;5;3;0;0;1;0;0;0;0;0;807809,5497;5830770,046;13,53974611;52,53982238
33602;140686;11;1;1022104;2020;7;10;2;3;0;6;0;1;1;0;0;0;0;0;794584,5868;5828536,343;13,3433402;52,52710946
33603;140687;11;3;3050923;2020;7;6;6;2;0;7;0;0;1;0;1;0;0;1;801057,909;5832023,83;13,4416345;52,55483221
33604;140688;11;9;9020501;2020;7;11;5;3;3;6;0;0;1;0;0;1;0;0;806013,905;5823040,72;13,50624805;52,47156097
33605;140689;11;7;7020201;2020;7;8;2;3;5;2;0;1;1;0;0;0;0;0;794523,7973;5824648,013;13,33900603;52,49228588
33606;140690;11;2;2040701;2020;7;15;4;3;5;3;0;1;1;0;0;0;0;0;800458,7417;5827593,735;13,42881853;52,51545505
33607;140691;11;9;9041601;2020;7;12;4;2;4;6;0;0;1;0;0;0;0;0;818785,1926;5816638,509;13,68753721;52,40689402
33608;140692;11;1;1011303;2020;7;7;2;3;0;7;0;0;0;0;1;0;0;1;798670,1982;5828142,497;13,40303256;52,5213563
33609;140693;11;9;9010302;2020;7;7;3;3;5;3;0;1;1;0;0;0;0;0;804946,3155;5820717,098;13,48845687;52,45133217
33610;140694;11;3;3061131;2020;7;5;6;3;2;1;0;0;1;0;0;0;0;1;798882,3328;5830383,32;13,40816453;52,54132577
33611;140695;11;5;5030731;2020;7;7;2;3;5;2;0;1;0;0;0;1;0;0;787278,1489;5829423,64;13,23670547;52,53896399
33612;140696;11;1;1011302;2020;7;0;2;3;6;2;2;0;1;1;0;0;0;0;798481,7995;5829056,736;13,40108467;52,52965436
33613;140697;11;4;4051652;2020;7;17;5;3;5;5;0;1;1;0;0;0;0;0;793452,701;5824395,857;13,32305315;52,49060229
33614;140698;11;5;5010101;2020;7;7;5;3;5;3;0;0;1;0;1;0;0;0;785475,5708;5833385,672;13,2136077;52,57543414
33615;140699;11;10;10030726;2020;7;10;4;3;2;6;0;0;1;0;0;0;0;0;809522,3267;5827208,814;13,56160615;52,50693782
33616;140700;11;9;9020501;2020;7;15;3;3;2;6;0;0;1;0;0;0;0;0;806366,639;5822233,698;13,51068384;52,46413044
33617;140701;11;5;5010314;2020;7;14;4;3;2;6;0;0;1;0;0;0;0;0;784789,3011;5828840,122;13,19960811;52,53503865
33618;140702;11;9;9020501;2020;7;9;4;3;5;3;0;1;1;0;0;0;0;1;806407,802;5822969,093;13,51196312;52,47069823
33619;140703;11;2;2010102;2020;7;7;2;3;5;3;0;1;1;0;0;0;0;0;798311,1025;5825621,423;13,39549612;52,49895473
33620;140704;11;2;2050801;2020;7;21;3;3;2;6;1;1;1;0;0;0;0;0;803425,2335;5826919,6;13,47178656;52,50777073
33621;140705;11;8;8010404;2020;7;16;5;2;5;3;0;1;1;0;0;0;0;1;801363,8907;5823775,676;13,43866264;52,48073371
33622;140706;11;8;8010211;2020;7;16;1;3;0;5;0;0;1;0;1;0;0;0;800388,3764;5824102,925;13,42463617;52,48420444
33623;140707;11;12;12304314;2020;7;18;5;3;2;6;0;0;1;0;0;0;1;1;790205,4158;5835860,48;13,28537693;52,59511901
33624;140708;11;6;6030502;2020;7;5;2;3;5;3;0;0;1;0;0;0;0;0;789712,2603;5815436,33;13,26034477;52,41227499
33625;140709;11;4;4031032;2020;7;17;2;3;5;7;0;0;1;0;1;0;0;0;791636,3889;5825118,69;13,29701059;52,49805583
33626;140710;11;7;7020203;2020;7;16;2;2;5;2;0;0;1;0;0;0;0;0;795224,335;5824372,504;13,34905018;52,4894377
33627;140711;11;4;4030623;2020;7;15;4;3;6;2;0;0;1;1;0;0;0;0;793327,3405;5826642,987;13,32319141;52,51081429
33628;140712;11;8;8030831;2020;7;16;2;3;3;6;0;1;1;0;0;0;0;0;804016,4883;5817810,199;13,47217229;52,42579589
33629;140713;11;2;2010102;2020;7;5;4;3;0;1;0;0;0;0;1;0;0;0;798174,5113;5826505,535;13,39428164;52,50695433
33630;140714;11;6;6040809;2020;7;15;3;3;2;6;0;0;1;0;0;0;0;0;792077,0879;5820265,24;13,29923336;52,45430952
33631;140715;11;4;4031032;2020;7;22;1;3;0;7;2;0;1;0;1;0;0;1;791660,6224;5825125,53;13,29737255;52,49810419
33632;140716;11;1;1011306;2020;7;15;2;3;4;6;0;1;0;0;0;0;0;0;800420,2533;5826571,847;13,42733065;52,50631675
33633;140717;11;4;4030620;2020;7;14;5;3;0;1;0;1;0;0;0;0;0;1;791986,6889;5827395,238;13,3041531;52,51827734
33634;140718;11;5;5030731;2020;7;15;5;3;0;1;0;0;0;0;1;0;0;1;788028,6908;5829418,832;13,24773708;52,5385247
33635;140719;11;6;6010205;2020;7;20;1;2;0;1;0;0;0;0;1;0;0;0;796192,5062;5819606,049;13,3590367;52,44618588
33636;140720;11;3;3061332;2020;7;16;3;3;3;6;0;1;0;0;0;0;1;0;799920,0706;5830702,822;13,4237089;52,54361939
33637;140721;11;4;4030931;2020;7;18;6;3;3;5;0;1;1;0;0;0;0;0;793868,2382;5825525,025;13,33015186;52,5005012
33638;140722;11;11;11030618;2020;7;10;6;3;5;2;0;1;1;0;0;0;0;0;802830,7796;5828742,557;13,46471375;52,52443995
33639;140723;11;5;5010311;2020;7;20;6;3;0;6;1;0;1;0;1;0;0;0;786118,7327;5830511,089;13,22059394;52,54932378
33640;140724;11;1;1011203;2020;7;12;2;3;5;5;0;1;1;0;0;0;0;0;797844,9574;5827461,943;13,39029632;52,51570736
33641;140725;11;6;6020303;2020;7;9;6;3;0;4;0;0;0;1;0;0;1;0;795253,6036;5818638,715;13,34440747;52,43802211
33642;140726;11;8;8020619;2020;7;18;1;3;5;3;0;1;1;0;0;0;0;1;801880,7888;5821131,345;13,44385845;52,45674661
33643;140727;11;6;6010101;2020;7;18;1;3;1;6;0;1;1;0;0;0;1;0;792948,5934;5820919,639;13,31259629;52,45970969
33644;140728;11;12;12103117;2020;7;9;6;3;5;2;0;1;1;0;0;0;0;0;796378,199;5832792,759;13,37349981;52,56429162
33645;140729;11;10;10030724;2020;7;8;4;3;0;5;0;0;1;0;0;0;0;0;809055,0397;5828800,088;13,55622098;52,52146331
33646;140730;11;4;4030417;2020;7;17;7;3;5;3;0;1;1;0;0;0;0;0;791538,0664;5826830,343;13,29706524;52,51345316
33647;140731;11;7;7040401;2020;7;8;6;3;5;2;0;1;1;0;0;0;0;0;797749,1749;5822532,348;13,38448334;52,47157156
33648;140732;11;5;5010207;2020;7;11;3;3;5;2;0;0;1;0;1;0;0;0;783319,5945;5830773,807;13,1796475;52,5531425
33649;140733;11;8;8010303;2020;7;14;6;3;2;7;0;0;0;0;1;0;1;0;800682,131;5824253,52;13,42908489;52,4853926
33650;140734;11;2;2040502;2020;7;0;6;3;0;2;2;1;0;0;0;0;1;0;800940,41;5828520,517;13,43673371;52,52349643
33651;140735;11;8;8010301;2020;7;11;2;3;0;2;0;1;0;0;0;0;1;0;801464,7982;5823891,046;13,44024833;52,4817121
33652;140736;11;6;6010205;2020;7;17;5;3;2;6;0;0;1;0;0;0;0;0;795810,0472;5819681,99;13,35349298;52,44707369
33653;140737;11;9;9041501;2020;7;6;5;2;0;3;0;1;0;0;0;0;0;1;810869,961;5820326,084;13,57498327;52,44449194
33654;140738;11;9;9051901;2020;7;20;1;3;0;1;1;0;0;0;1;0;0;1;810888,6884;5821463,641;13,57631661;52,45467561
33655;140739;11;4;4010102;2020;7;20;7;3;3;6;0;0;1;0;0;0;0;0;793353,7475;5829676,97;13,32625577;52,53799833
33656;140740;11;2;2030302;2020;7;13;3;3;5;2;0;0;0;0;1;0;1;0;800668,7062;5825803,961;13,43028689;52,49929709
33657;140741;11;3;3071536;2020;7;18;5;2;6;4;0;0;1;1;0;0;0;0;798885,3165;5829865,227;13,40774237;52,5366802
33658;140742;11;1;1022106;2020;7;13;1;3;0;2;0;1;1;0;0;0;0;1;794316,3126;5828379,579;13,33925836;52,52584907
33659;140743;11;11;11020514;2020;7;17;1;3;5;3;0;1;1;0;0;0;0;0;804671,701;5830737,516;13,49359304;52,54129422
33660;140744;11;12;12214527;2020;7;12;3;3;2;6;0;0;1;0;0;0;0;0;790596,5127;5834497,364;13,28993886;52,58269005
33661;140745;11;6;6040703;2020;7;13;7;2;3;6;0;1;0;0;0;0;0;0;784502,9318;5817255,592;13,18551031;52,43131944
33662;140746;11;5;5010209;2020;7;16;5;3;1;5;0;1;1;0;0;0;0;0;782792,3898;5829570,473;13,17086764;52,54262707
33663;140747;11;5;5010313;2020;7;10;3;2;5;3;0;0;1;0;1;0;0;0;784675,792;5829706,006;13,19868104;52,54286146
33664;140748;11;1;1033102;2020;7;2;6;3;1;5;2;0;1;0;0;0;0;0;797426,7818;5831866,827;13,38809411;52,55542001
33665;140749;11;8;8010214;2020;7;12;5;3;2;7;0;0;1;0;0;0;1;0;801635,4789;5822320,404;13,44133366;52,46753986
33666;140750;11;1;1011201;2020;7;16;2;3;5;2;0;1;1;0;0;0;0;1;797471,0465;5826799,263;13,38420998;52,50997128
33667;140751;11;7;7050503;2020;7;16;5;3;2;2;0;1;1;0;0;0;0;0;799105,2361;5819853,049;13,4019875;52,44681433
33668;140752;11;1;1022202;2020;7;20;4;3;5;2;0;0;1;0;0;0;0;0;795665,6085;5829739,16;13,36029855;52,53730643
33669;140753;11;7;7030301;2020;7;18;1;3;3;6;0;0;0;0;1;0;1;1;794411,7596;5822341,188;13,33532344;52,47166688
33670;140754;11;8;8010404;2020;7;17;7;3;5;3;0;1;1;0;0;0;0;0;802589,5286;5823076,161;13,45602066;52,4737862
33671;140755;11;1;1033102;2020;7;19;3;3;5;2;0;1;1;0;0;0;0;0;796999,2298;5831504,466;13,38148209;52,5524052
33672;140756;11;3;3050924;2020;7;18;6;2;4;6;0;1;0;0;0;0;0;0;801304,8827;5831326,022;13,44463306;52,54844115
33673;140757;11;2;2010103;2020;7;12;5;3;2;6;0;0;1;0;0;0;0;1;798895,1305;5826272,151;13,40465802;52,50446805
33674;140758;11;8;8010301;2020;7;20;6;3;5;3;0;0;1;0;1;0;0;0;801400,0503;5824136,456;13,43951964;52,4839475
33675;140759;11;9;9041501;2020;7;7;3;3;5;3;0;1;1;0;0;0;0;0;810885,6831;5820660,769;13,57552526;52,44748231
33676;140760;11;2;2030401;2020;7;13;6;3;5;3;0;1;1;0;0;0;0;0;800649,095;5825682,122;13,42988888;52,49821581
33677;140761;11;6;6020409;2020;7;15;5;3;1;5;0;1;1;0;0;0;0;1;794121,3887;5817678,721;13,32695502;52,43002618
33678;140762;11;10;10010308;2020;7;10;7;3;5;2;0;1;1;0;0;0;0;0;806558,5524;5829131,585;13,5198472;52,52584343
33679;140763;11;3;3050924;2020;7;15;5;3;6;4;0;0;1;1;0;0;0;0;801401,7618;5831491,949;13,44620807;52,54987477
33680;140764;11;10;10010308;2020;7;15;3;3;5;2;0;1;1;0;0;0;0;0;807456,2066;5829172,146;13,53307461;52,52570149
33681;140765;11;5;5040938;2020;7;21;6;2;0;7;2;1;0;0;0;0;0;0;780764,2661;5819204,889;13,13230243;52,45073036
33682;140766;11;2;2050801;2020;7;14;5;3;5;3;0;1;0;0;0;0;1;0;802437,2194;5827409,939;13,45771902;52,51271422
33683;140767;11;10;10010203;2020;7;14;2;3;0;2;0;0;1;0;1;0;0;0;808295,8278;5832814,543;13,54879143;52,55786985
33684;140768;11;4;4030931;2020;7;18;4;2;1;5;0;1;1;0;0;0;0;0;794490,9866;5825875,014;13,33960903;52,50330292
33685;140769;11;2;2050801;2020;7;22;7;3;0;1;2;0;0;0;1;0;0;0;802145,725;5827550,494;13,45356431;52,51413556
33686;140770;11;10;10010311;2020;7;11;7;3;5;2;0;0;1;0;0;0;1;0;810317,8554;5831796,408;13,57757095;52,54759755
33687;140771;11;11;11030720;2020;7;18;3;2;0;1;0;1;0;0;0;0;0;0;805387,8834;5830017,438;13,50345882;52,53443974
33688;140772;11;4;4051655;2020;7;15;6;3;1;5;0;1;1;0;0;0;0;0;793972,4364;5823100,278;13,3295434;52,47870839
33689;140773;11;8;8020620;2020;7;14;5;3;5;2;0;0;1;0;1;0;0;0;800515,2589;5820540,588;13,42329063;52,4522039
33690;140774;11;2;2010101;2020;7;7;6;3;4;6;0;1;0;0;0;0;0;0;797420,4778;5825955,332;13,38271311;52,50243397
33691;140775;11;8;8010301;2020;7;17;2;3;1;5;0;1;1;0;0;0;0;0;801139,656;5824124,809;13,43568609;52,48398678
33692;140776;11;3;3061429;2020;7;3;6;3;0;1;2;1;0;0;0;0;0;1;801106,6919;5830757,956;13,44120406;52,54345911
33693;140777;11;10;10040933;2020;7;21;1;3;5;2;2;1;1;0;0;0;0;1;812350,801;5823795,872;13,59994663;52,47474188
33694;140778;11;8;8041035;2020;7;3;1;3;1;5;2;1;1;0;0;0;0;0;804580,2503;5818621,214;13,4811765;52,43275134
33695;140779;11;2;2040503;2020;7;14;5;3;5;3;0;1;1;0;0;0;0;0;801916,7566;5827967,945;13,45057923;52,51800399
33696;140780;11;2;2020205;2020;7;10;4;3;5;2;0;1;1;0;0;0;0;0;798311,1941;5824424,635;13,39442588;52,48822698
33697;140781;11;6;6040702;2020;7;18;7;3;5;3;0;1;1;0;0;0;0;0;787190,9899;5817117,859;13,22482163;52,42867995
33698;140782;11;5;5030731;2020;7;13;2;3;2;6;0;0;1;0;0;1;0;0;787973,1149;5829368,786;13,24687654;52,53810539
33699;140783;11;2;2030302;2020;7;1;1;3;1;5;2;0;1;0;0;0;0;1;800476,5631;5825949,796;13,42759646;52,50071009
33700;140784;11;8;8010405;2020;7;16;4;3;1;7;0;0;1;0;0;0;0;0;802173,839;5823487,581;13,45029192;52,47770392
33701;140785;11;11;11051229;2020;7;19;7;3;5;2;0;1;1;0;0;0;0;0;804093,5443;5826004,085;13,48076713;52,49919317
33702;140786;11;11;11020411;2020;7;17;3;3;5;3;0;1;1;0;0;0;0;0;806503,1383;5832280,088;13,52193729;52,5540919
33703;140787;11;1;1044203;2020;7;16;6;3;1;5;0;1;1;0;0;0;0;0;795956,4211;5831941,184;13,36653605;52,55688756
33704;140788;11;2;2040501;2020;7;13;5;2;0;1;0;1;0;0;0;0;0;1;801277,7093;5828758,853;13,44190616;52,52544641
33705;140789;11;3;3020209;2020;7;14;6;2;6;2;0;0;1;1;0;0;0;1;798131,716;5835469,517;13,40169972;52,58732752
33706;140790;11;10;10040830;2020;7;12;2;2;0;7;0;1;0;0;0;0;0;0;810885,7044;5827048,474;13,58147966;52,50472581
33707;140791;11;1;1022103;2020;7;16;5;3;0;1;0;1;0;0;0;0;0;0;793613,9084;5829862,365;13,33024443;52,53952018
33708;140792;11;7;7010102;2020;7;16;1;3;3;6;0;0;1;0;0;0;0;0;794987,2237;5825148,029;13,34625478;52,49651794
33709;140793;11;6;6040703;2020;7;18;1;2;5;7;0;1;1;0;0;0;0;0;785359,9969;5817763,44;13,19851593;52,43542646
33710;140794;11;3;3061131;2020;7;13;5;3;0;3;0;1;1;0;0;0;0;0;798657,3485;5831006,064;13,40541685;52,54703112
33711;140795;11;1;1011401;2020;7;6;4;3;2;6;0;0;0;0;0;0;1;0;797467,1553;5829187,319;13,38628842;52,5313795
33712;140796;11;12;12103219;2020;7;16;7;3;0;3;0;1;1;0;0;0;0;0;795627,1599;5833003,112;13,36263953;52,56658555
33713;140797;11;1;1011301;2020;7;13;5;3;6;4;0;1;0;1;0;0;0;0;797005,9883;5828589,794;13,37897612;52,52627483
33714;140798;11;8;8030829;2020;7;10;3;3;2;6;0;0;1;0;1;0;0;0;802862,918;5818693,257;13,45605848;52,43435055
33715;140799;11;1;1044101;2020;7;13;6;3;2;2;0;0;1;0;1;0;1;0;794018,7827;5830174,785;13,33647346;52,54210253
33716;140800;11;9;9041501;2020;7;13;5;3;2;6;0;0;0;0;1;0;1;0;811255,8513;5820186,811;13,58051288;52,44302433
33717;140801;11;1;1011204;2020;7;12;5;3;1;5;0;1;0;0;0;1;0;0;797877,2312;5826728,041;13,39011363;52,50911122
33718;140802;11;1;1011103;2020;7;12;3;3;5;3;0;0;1;0;1;0;0;0;795325,0878;5826174,963;13,3521279;52,50554092
33719;140803;11;12;12103220;2020;7;15;6;2;5;5;0;0;1;0;1;0;0;0;794248,1792;5833682,373;13,34295592;52,57342171
33720;140804;11;1;1011401;2020;7;11;5;3;0;6;0;1;0;0;1;0;0;1;797755,896;5829256,267;13,39059421;52,53183989
33721;140805;11;7;7050501;2020;7;16;2;3;6;7;0;0;1;1;0;0;0;0;797931,226;5819775,786;13,38469551;52,44676274
33722;140806;11;6;6040703;2020;7;19;5;2;5;2;0;1;1;0;0;0;0;0;787125,0529;5817227,561;13,2239487;52,42969813
33723;140807;11;8;8020727;2020;7;18;5;3;5;3;0;1;1;0;0;0;0;0;801515,51;5817619,325;13,43533027;52,4254689
33724;140808;11;1;1011302;2020;7;14;5;3;2;7;0;1;1;0;0;0;0;0;798529,4484;5828982,191;13,40171806;52,52896008