;OBJECTID;LAND;BEZ;LOR;UJAHR;UMONAT;USTUNDE;UWOCHENTAG;UKATEGORIE;UART;UTYP1;ULICHTVERH;IstRad;IstPKW;IstFuss;IstKrad;IstGkfz;IstSonstige;USTRZUSTAND;LINREFX;LINREFY;XGCSWGS84;YGCSWGS84
33725;140809;11;3;3050925;2020;7;10;1;3;1;7;0;0;1;0;0;0;0;0;801827,9111;5831249;13,4522531;52,54746128
33726;140810;11;12;12214125;2020;7;13;1;3;2;6;0;1;0;0;0;0;0;0;791824,5105;5831341,524;13,30523515;52,55374168
33727;140811;11;6;6040805;2020;7;14;3;3;2;6;0;0;1;0;0;0;0;0;789394,577;5818103,344;13,25799444;52,4363541
33728;140812;11;7;7040402;2020;7;12;7;2;3;6;0;1;1;0;0;0;0;0;796819,0085;5822133,248;13,37047452;52,46850021
33729;140813;11;8;8010404;2020;7;11;5;2;5;2;0;0;0;0;0;0;1;0;802024,4712;5823488,291;13,44809993;52,4777929
33730;140814;11;9;9041301;2020;7;9;3;3;5;3;0;0;1;0;0;0;0;0;812382,9334;5819052,851;13,59598177;52,43221988
33731;140815;11;2;2040703;2020;7;1;6;3;0;1;2;1;0;0;0;0;0;0;801915,5415;5826638,064;13,44935494;52,50608487
33732;140816;11;7;7010102;2020;7;11;5;3;5;7;0;0;1;0;0;0;0;0;795206,0707;5825597,881;13,34986784;52,50043221
33733;140817;11;9;9030901;2020;7;15;2;3;1;5;0;1;1;0;0;0;0;0;808325,3494;5817709,856;13,53525036;52,42248575
33734;140818;11;1;1022203;2020;7;15;5;2;3;6;0;1;0;0;0;0;0;0;794614,5267;5828452,629;13,34370609;52,52634284
33735;140819;11;8;8020622;2020;7;19;4;3;2;6;0;0;1;0;0;0;0;0;801283,4675;5819671,532;13,4337774;52,44399142
33736;140820;11;2;2030301;2020;7;19;7;3;2;6;0;0;1;0;0;0;0;0;800168,4718;5825863,702;13,42299377;52,50010795
33737;140821;11;6;6040701;2020;7;14;7;3;0;2;0;1;1;0;0;0;0;0;782020,7302;5815649,328;13,14774305;52,41820189
33738;140822;11;11;11010103;2020;7;8;2;3;2;2;0;0;1;0;0;0;1;0;808268,8423;5834029,883;13,54952372;52,56877669
33739;140823;11;3;3030715;2020;7;16;5;3;2;6;0;0;1;0;0;0;1;0;800686,7403;5833720,398;13,43771374;52,57024381
33740;140824;11;7;7010102;2020;7;20;4;3;5;2;1;0;1;0;0;0;0;0;794958,1529;5825654,926;13,34627672;52,50107765
33741;140825;11;6;6030504;2020;7;19;1;3;0;7;0;0;0;0;1;0;0;1;790187,3129;5815256,251;13,26715351;52,41040889
33742;140826;11;2;2030402;2020;7;20;7;2;5;3;0;1;0;0;0;0;1;0;801591,9381;5825954,805;13,44398272;52,5001397
33743;140827;11;2;2020203;2020;7;23;3;3;6;4;2;1;0;1;0;0;0;0;797811,2215;5824934,355;13,38753981;52,49306899
33744;140828;11;6;6010207;2020;7;4;7;3;1;5;2;0;1;0;1;0;0;0;794236,0264;5820216,631;13,33087084;52,45271588
33745;140829;11;12;12214424;2020;7;11;5;2;5;2;0;1;1;0;0;0;0;0;793036,6788;5832664,426;13,32423092;52,56495
33746;140830;11;5;5020625;2020;7;8;3;3;6;4;0;1;0;1;0;0;0;0;784635,6023;5828404,908;13,19697551;52,53121681
33747;140831;11;4;4030828;2020;7;20;6;2;0;1;1;0;0;0;0;0;1;0;792984,3447;5826086,81;13,31766225;52,50601269
33748;140832;11;6;6010103;2020;7;11;5;3;4;6;0;1;1;0;0;0;0;1;793945,5804;5821357,973;13,3276139;52,46310382
33749;140833;11;7;7010102;2020;7;13;2;3;5;3;0;0;1;0;1;0;0;0;794959,1946;5825403,756;13,34606956;52,49882551
33750;140834;11;9;9010302;2020;7;12;2;3;3;2;0;0;1;0;0;1;0;0;803060,824;5820924,993;13,46098489;52,45424406
33751;140835;11;8;8010213;2020;7;17;4;3;0;1;0;1;0;0;0;0;0;0;801402,4822;5822966,922;13,43849825;52,47346335
33752;140836;11;3;3030711;2020;7;19;7;3;2;7;0;0;1;0;0;0;0;0;801682,7762;5836309,715;13,4547224;52,5929005
33753;140837;11;1;1022201;2020;7;18;3;3;0;6;0;1;1;0;0;0;0;0;795464,9483;5829564,399;13,35719326;52,53584868
33754;140838;11;1;1011401;2020;7;18;6;3;0;7;0;1;1;0;0;0;0;0;796992,9053;5829725,459;13,37979846;52,53646191
33755;140839;11;4;4031032;2020;7;11;5;3;5;3;0;1;0;0;0;0;1;2;791177,0452;5824965,719;13,29012946;52,49692972
33756;140840;11;1;1044201;2020;7;5;6;2;6;4;0;1;0;1;0;0;0;0;795537,6467;5830766,839;13,35933161;52,54658806
33757;140841;11;2;2030402;2020;7;19;3;3;0;7;0;0;1;0;1;0;0;0;801821,7058;5825758,631;13,44717951;52,49825435
33758;140842;11;8;8030830;2020;7;13;6;3;2;6;0;0;1;0;0;0;0;0;802797,7722;5817492,377;13,45401586;52,42362299
33759;140843;11;6;6020303;2020;7;10;5;2;0;6;0;0;1;0;0;0;1;0;795262,0185;5818622,911;13,34451695;52,4378759
33760;140844;11;8;8010211;2020;7;15;6;3;6;4;0;1;0;1;0;0;0;0;800428,9752;5823783,073;13,424944;52,48131515
33761;140845;11;1;1011303;2020;7;6;3;2;6;2;0;0;1;1;0;0;0;0;799494,1095;5828789,989;13,41572271;52,52670818
33762;140846;11;6;6020409;2020;7;12;6;2;5;7;0;0;1;0;1;0;0;0;793301,4657;5816498,829;13,31389536;52,41988887
33763;140847;11;4;4030623;2020;7;21;1;2;5;3;2;0;1;0;0;0;0;0;792928,6891;5826976,535;13,31762764;52,51401865
33764;140848;11;10;10030724;2020;7;11;1;3;6;4;0;0;1;1;0;0;0;0;809082,5947;5829194,068;13,55699193;52,52497842
33765;140849;11;12;12214421;2020;7;11;7;3;5;2;0;0;1;0;1;0;0;0;793392,2921;5833166,407;13,32990627;52,56925845
33766;140850;11;12;12214424;2020;7;14;4;3;3;6;0;0;1;0;0;1;0;0;793146,4235;5832268,172;13,32549527;52,56133872
33767;140851;11;3;3061227;2020;7;19;7;3;6;4;0;1;0;1;0;0;0;0;799844,9959;5831531,572;13,42335339;52,55108907
33768;140852;11;3;3030711;2020;7;16;3;2;5;3;0;0;1;0;1;0;0;0;800750,5255;5836079,254;13,44079234;52,59135117
33769;140853;11;8;8020728;2020;7;16;6;3;2;6;0;0;1;0;0;0;0;0;801982,2607;5817617,513;13,44217221;52,42519526
33770;140854;11;7;7030301;2020;7;8;5;3;5;2;0;0;1;0;0;0;0;0;794238,9553;5822031,68;13,33251376;52,4689854
33771;140855;11;8;8010510;2020;7;17;6;3;5;3;0;0;1;0;0;0;1;0;803804,5564;5821740,949;13,47263875;52,46114451
33772;140856;11;1;1033102;2020;7;16;2;3;1;7;0;1;1;1;0;0;0;1;797382,1414;5831869,969;13,38744042;52,55547255
33773;140857;11;2;2030302;2020;7;23;5;3;5;2;2;1;1;0;0;0;0;0;800672,3508;5825803,538;13,43034003;52,49929129
33774;140858;11;12;12103115;2020;7;3;7;3;1;7;2;0;1;0;0;0;0;0;795901,1169;5833743,973;13,36733058;52,57307776
33775;140859;11;9;9020701;2020;7;14;1;3;5;2;0;0;1;0;0;0;0;0;807699,3469;5818374,531;13,52668493;52,42879506
33776;140860;11;2;2030401;2020;7;17;1;3;5;2;0;1;1;0;0;0;0;0;801281,2633;5825356,544;13,4388787;52,49494898
33777;140861;11;12;12214423;2020;7;12;2;3;0;1;0;1;0;0;0;0;0;0;792900,8207;5833860,759;13,32328886;52,57574763
33778;140862;11;4;4051551;2020;7;10;6;3;2;2;0;0;1;0;0;0;0;0;792827,328;5823219,015;13,31283484;52,48038805
33779;140863;11;12;12214125;2020;7;9;7;3;5;7;0;0;1;0;1;0;0;0;790760,5623;5833707,498;13,29166042;52,57552139
33780;140864;11;4;4041344;2020;7;18;1;3;6;7;0;0;1;1;0;0;0;0;793120,3541;5821759,64;13,3158548;52,46714797
33781;140865;11;9;9051701;2020;7;18;1;3;0;1;0;1;0;0;0;0;0;1;813669,452;5820759,782;13,61644516;52,44677975
33782;140866;11;1;1022207;2020;7;8;5;3;5;2;0;1;1;0;0;0;0;0;794403,0998;5827614,109;13,33985635;52,51894026
33783;140867;11;9;9041501;2020;7;9;4;3;5;3;0;1;1;0;0;0;0;0;811356,7199;5819895,27;13,58172052;52,44035426
33784;140868;11;12;12301203;2020;7;17;7;3;5;3;0;1;1;0;0;0;0;0;792873,2325;5835190,572;13,32405801;52,58768353
33785;140869;11;1;1044202;2020;7;8;5;3;5;2;0;1;0;0;0;0;1;0;794611,1323;5829879,014;13,34492045;52,5391312
33786;140870;11;4;4030931;2020;7;11;3;3;5;3;0;1;1;0;0;0;0;0;794545,9071;5825993,978;13,34052105;52,50433972
33787;140871;11;8;8010404;2020;7;14;6;3;2;6;0;0;1;0;0;0;0;0;801564,431;5823820,792;13,44164748;52,48102738
33788;140872;11;9;9020802;2020;7;7;5;3;0;1;0;0;0;0;1;0;0;1;809772,3109;5820506,485;13,55905234;52,44673157
33789;140873;11;7;7050505;2020;7;9;2;2;5;3;0;0;1;0;0;0;0;0;798775,1514;5819078,846;13,39645287;52,440055
33790;140874;11;4;4030415;2020;7;17;5;3;5;2;0;0;1;0;1;0;0;0;790754,2166;5827560,697;13,28618531;52,52041919
33791;140875;11;4;4010101;2020;7;8;7;2;6;2;0;0;1;1;0;0;0;0;791214,1779;5829723,933;13,29484017;52,53956692
33792;140876;11;9;9010202;2020;7;10;5;3;6;4;0;0;1;1;0;0;0;0;803949,451;5823442,02;13,47631444;52,4763103
33793;140877;11;1;1011401;2020;7;6;1;2;5;3;0;0;1;0;0;0;0;0;798311,4466;5829383,168;13,39887381;52,53267363
33794;140878;11;7;7060604;2020;7;21;7;2;5;3;1;0;1;0;0;0;1;0;796590,1858;5815876,452;13,36156319;52,41253737
33795;140879;11;3;3030716;2020;7;12;3;3;4;6;0;1;1;0;0;0;0;0;802853,6508;5834301,506;13,47011954;52,57425086
33796;140880;11;9;9030901;2020;7;10;7;3;5;3;0;1;1;0;0;0;0;0;809033,8824;5816420,528;13,54444635;52,41053112
33797;140881;11;6;6030503;2020;7;7;5;2;5;3;0;0;1;0;1;0;0;1;789349,5175;5817285,641;13,25662578;52,42904685
33798;140882;11;12;12214527;2020;7;16;3;2;5;3;0;1;0;0;1;0;0;0;790138,1877;5835796,224;13,28433092;52,59457883
33799;140883;11;1;1022206;2020;7;22;4;2;0;1;2;1;0;0;0;0;0;0;796122,3043;5828444,847;13,36585941;52,52545622
33800;140884;11;3;3030715;2020;7;15;7;2;3;6;0;1;1;0;0;0;0;0;800737,7976;5833604,627;13,43835985;52,56917794
33801;140885;11;7;7010102;2020;7;7;5;3;1;5;0;1;0;0;0;1;0;1;795580,208;5825122,775;13,35494184;52,49597073
33802;140886;11;1;1011303;2020;7;10;3;3;5;3;0;1;1;0;0;0;0;0;799573,9461;5828456,553;13,41659564;52,52367558
33803;140887;11;2;2030401;2020;7;3;6;2;0;7;2;0;1;0;0;0;0;0;801554,6884;5825238,558;13,44278722;52,49374045
33804;140888;11;2;2020202;2020;7;7;5;3;5;2;0;1;1;0;0;0;0;1;797918,4937;5825263,185;13,38940923;52,49595803
33805;140889;11;3;3071536;2020;7;1;2;3;0;7;2;1;1;0;0;0;0;0;799031,1542;5829254,465;13,40933667;52,53112564
33806;140890;11;3;3061126;2020;7;16;5;3;5;2;0;1;1;0;0;0;0;0;799242,2395;5831771,564;13,41470647;52,55357167
33807;140891;11;2;2010103;2020;7;5;7;3;5;3;0;1;1;0;0;0;0;0;799343,1557;5826192,384;13,41116737;52,50350744
33808;140892;11;12;12231102;2020;7;20;4;2;0;1;0;1;0;0;0;0;0;0;791200,695;5839957,962;13,30363574;52,63131956
33809;140893;11;6;6030503;2020;7;19;1;3;2;6;0;0;1;0;0;0;0;1;789467,409;5817466,019;13,25851103;52,43060165
33810;140894;11;2;2050801;2020;7;18;7;3;1;1;0;1;1;0;0;0;0;0;802632,893;5827374,783;13,46056165;52,51229061
33811;140895;11;9;9020502;2020;7;20;3;3;5;3;0;0;1;0;0;0;0;0;806821,4353;5821995,77;13,51713858;52,46174288
33812;140896;11;3;3040818;2020;7;1;7;2;0;1;2;1;0;0;0;0;0;0;800005,8466;5833873,563;13,42783592;52,57199236
33813;140897;11;3;3020307;2020;7;5;5;3;5;3;0;1;0;0;0;0;1;1;800429,0854;5836239,601;13,43620696;52,592966
33814;140898;11;6;6030608;2020;7;14;6;3;5;3;0;0;1;0;0;0;1;0;791450,0559;5816678,18;13,28690396;52,42248591
33815;140899;11;10;10030727;2020;7;8;3;3;5;2;0;1;1;0;0;0;0;0;809547,1361;5826906,024;13,56168901;52,50421024
33816;140900;11;8;8010118;2020;7;13;6;3;1;5;0;1;1;0;0;0;0;0;800919,3277;5822358,643;13,4308577;52,46827752
33817;140901;11;4;4030931;2020;7;4;5;3;9;1;1;0;1;0;0;0;0;0;794274,8881;5825953,64;13,33650401;52,50412435
33818;140902;11;2;2010101;2020;7;13;2;3;5;7;0;0;1;0;1;0;0;0;797750,4103;5826078,091;13,3876692;52,50335443
33819;140903;11;8;8010213;2020;7;22;1;3;5;3;2;0;1;0;0;0;0;0;801200,6129;5822628,491;13,4352296;52,47054125
33820;140904;11;2;2050801;2020;7;21;6;3;2;6;1;0;1;0;1;0;0;0;802407,8844;5827432,8;13,45730884;52,5129354
33821;140905;11;4;4030827;2020;7;22;5;3;6;4;2;1;0;1;0;0;0;0;792714,5985;5826110,342;13,31371998;52,50636844
33822;140906;11;9;9010401;2020;7;14;2;3;3;6;0;0;1;0;1;0;0;0;806290,0871;5820915,429;13,50835117;52,45235849
33823;140907;11;10;10040830;2020;7;18;4;3;0;7;0;1;0;0;0;0;0;0;810868,5858;5826954,149;13,5811402;52,50389028
33824;140908;11;4;4051448;2020;7;21;7;3;5;7;1;0;1;0;0;0;0;0;793492,5236;5825172,986;13,32432262;52,49754752
33825;140909;11;10;10040932;2020;7;12;7;3;0;2;0;1;1;0;0;0;0;0;812933,0756;5827910,044;13,61235551;52,51127608
33826;140910;11;9;9051702;2020;7;18;3;3;5;3;0;0;1;0;1;0;0;0;813910,4879;5821809,487;13,62096661;52,45604786
33827;140911;11;1;1011304;2020;7;23;6;3;1;5;2;0;1;0;0;0;1;0;800024,5976;5828524,07;13,42327897;52,52403297
33828;140912;11;1;1011202;2020;7;21;5;3;5;2;1;1;1;0;0;0;0;0;797159,8237;5827689,563;13,38043272;52,51812145
33829;140913;11;3;3040512;2020;7;16;6;3;0;1;0;0;0;0;1;0;0;1;795962,6181;5835563,736;13,36986037;52,58935653
33830;140914;11;10;10030727;2020;7;5;3;3;5;3;0;0;1;0;1;0;0;0;809111,7095;5825589,517;13,55407257;52,49265884
33831;140915;11;12;12214528;2020;7;11;6;3;5;3;0;1;1;0;0;0;0;0;787919,328;5836251,735;13,25206066;52,59984189
33832;140916;11;4;4020311;2020;7;10;6;3;5;2;0;0;1;0;0;0;0;0;788873,4982;5827199,956;13,2582307;52,51818463
33833;140917;11;9;9041301;2020;7;19;1;3;0;3;0;0;1;0;1;0;0;0;812091,175;5818053,654;13,59077187;52,42343216
33834;140918;11;1;1011302;2020;7;6;1;3;3;6;0;1;0;0;0;0;0;0;799075,0648;5828998,867;13,40975213;52,52881049
33835;140919;11;1;1011204;2020;7;12;6;2;1;5;0;1;1;0;0;0;0;0;798829,3692;5826714,237;13,40408887;52,50846676
33836;140920;11;4;4030827;2020;7;13;4;3;2;6;0;1;1;0;0;0;0;0;792230,4737;5826493,25;13,30694354;52,51006066
33837;140921;11;12;12103219;2020;7;18;7;3;5;2;0;1;1;0;0;0;0;0;795066,5877;5832477,612;13,35392567;52,56217902
33838;140922;11;4;4041137;2020;7;12;3;3;5;3;0;0;1;0;0;0;0;0;791511,2266;5823581,944;13,29382759;52,48434586
33839;140923;11;1;1011302;2020;7;15;6;3;5;2;0;1;1;0;0;0;0;0;798133,4497;5828443,544;13,39541493;52,52434853
33840;140924;11;1;1011101;2020;7;16;4;3;0;1;0;1;0;0;0;0;0;0;794933,5245;5826295,791;13,34648263;52,50683587
33841;140925;11;3;3071537;2020;7;19;7;3;5;3;0;0;1;0;0;0;0;0;799809,3768;5830027,621;13,42147221;52,53762825
33842;140926;11;2;2020206;2020;7;17;3;3;5;2;0;1;0;0;0;0;0;0;799059,0948;5824559,656;13,40552904;52,48902808
33843;140927;11;8;8041036;2020;7;17;6;3;2;3;0;1;1;0;0;0;0;0;805254,7614;5817233,271;13,48980066;52,41993568
33844;140928;11;1;1033201;2020;7;20;5;3;5;3;0;1;1;0;0;0;0;0;798216,3143;5830906,31;13,39884256;52,54637857
33845;140929;11;8;8041036;2020;7;14;6;2;5;2;0;0;1;0;1;0;0;0;805049,3204;5817550,26;13,48707803;52,42289132
33846;140930;11;1;1011305;2020;7;19;2;2;2;6;0;1;0;0;0;0;0;0;799522,8682;5826727,281;13,41428834;52,50820337
33847;140931;11;12;12214423;2020;7;6;6;3;5;3;0;1;1;0;0;0;0;0;792601,3772;5833866,226;13,31888748;52,57595771
33848;140932;11;8;8020625;2020;7;17;1;3;5;2;0;1;1;0;0;0;0;1;801370,7945;5819267,283;13,43469379;52,44031987
33849;140933;11;6;6030503;2020;7;18;1;3;5;3;0;0;1;0;1;0;0;0;789264,725;5818036,844;13,25603205;52,43582659
33850;140934;11;5;5020626;2020;7;20;5;3;2;7;0;1;0;0;0;0;0;0;784762,2095;5826724,971;13,19739839;52,51608835
33851;140935;11;4;4030931;2020;7;16;4;3;0;5;0;1;1;0;0;0;0;0;793784,7801;5825694,256;13,32907522;52,50206321
33852;140936;11;1;1011105;2020;7;16;7;3;2;6;0;0;1;0;0;0;1;0;796587,7938;5826852,028;13,37128061;52,51092519
33853;140937;11;12;12224230;2020;7;20;5;3;0;7;0;0;1;0;0;0;1;0;786217,9251;5836946,249;13,2276091;52,60696688
33854;140938;11;3;3020209;2020;7;11;3;3;5;3;0;1;1;0;0;0;0;0;798127,4011;5835468,548;13,40163534;52,58732119
33855;140939;11;8;8030829;2020;7;14;6;3;5;3;0;1;1;0;0;0;0;0;803571,985;5818133,528;13,46594855;52,42894068
33856;140940;11;4;4030827;2020;7;19;5;3;2;7;0;1;1;0;0;0;0;0;792437,1246;5826118,224;13,30965036;52,5065879
33857;140941;11;9;9020702;2020;7;9;2;2;3;6;0;1;0;0;0;0;0;0;809176,6521;5819268,801;13,54917082;52,43597667
33858;140942;11;3;3040508;2020;7;17;5;3;5;3;0;1;0;0;0;0;0;0;796582,3768;5836107,299;13,3794687;52,59389135
33859;140943;11;5;5010103;2020;7;16;6;3;0;6;0;0;0;0;1;0;1;1;784439,6522;5831822,437;13,19702166;52,5619607
33860;140944;11;2;2010102;2020;7;6;5;3;0;6;0;0;1;0;1;0;0;1;798315,9156;5825613,142;13,3955594;52,49887787
33861;140945;11;6;6030502;2020;7;18;5;3;5;2;0;1;1;0;0;0;0;0;790224,2763;5815013,047;13,26748459;52,40820888
33862;140946;11;1;1011101;2020;7;11;2;3;5;2;0;1;1;0;0;0;0;0;794591,6924;5826066,984;13,34125825;52,50496945
33863;140947;11;4;4030416;2020;7;15;5;3;5;2;0;1;0;0;0;0;1;0;790886,276;5827024,514;13,28765732;52,5155419
33864;140948;11;2;2020204;2020;7;18;5;2;5;3;0;1;1;0;0;0;0;0;798696,8405;5824704,463;13,40033947;52,49052441
33865;140949;11;5;5020419;2020;7;15;5;3;2;2;0;0;1;0;0;0;0;0;781987,0458;5828469,109;13,15808909;52,53316917
33866;140950;11;7;7060603;2020;7;11;1;3;0;3;0;1;0;0;1;0;0;1;798325,1697;5815893,801;13,38701184;52,41175015
33867;140951;11;1;1044101;2020;7;14;1;3;2;6;0;0;1;0;0;0;0;0;794401,7018;5830547,591;13,34243391;52,54523771
33868;140952;11;7;7040401;2020;7;15;3;3;0;6;0;1;1;0;0;0;0;0;798764,6133;5823944,033;13,40065303;52,48367107
33869;140953;11;4;4051655;2020;7;13;7;3;0;6;0;1;1;0;0;0;0;0;794453,3433;5823551,447;13,33700249;52,48249379
33870;140954;11;3;3020307;2020;7;18;5;3;5;3;0;0;1;0;0;0;0;1;799989,6482;5838595,71;13,43187452;52,6143267
33871;140955;11;5;5030730;2020;7;10;3;3;5;2;0;1;0;0;0;0;1;0;786208,0065;5829122,45;13,22071048;52,53682674
33872;140956;11;11;11030619;2020;7;1;6;2;5;3;2;1;1;0;0;0;0;0;804147,6277;5829804,826;13,48503563;52,53322768
33873;140957;11;2;2020206;2020;7;18;5;3;6;4;0;1;0;1;0;0;0;0;800270,5047;5824593,571;13,42334758;52,48866713
33874;140958;11;11;11020412;2020;7;15;2;3;2;6;0;0;1;0;0;1;0;1;805973,5285;5831929,003;13,51382663;52,55124318
33875;140959;11;6;6030608;2020;7;16;5;2;1;7;0;0;1;0;0;0;0;0;792048,6968;5817467,405;13,29637155;52,42924216
33876;140960;11;1;1033203;2020;7;20;4;3;5;5;0;0;1;0;0;0;1;0;796399,8295;5830560,491;13,37182493;52,54426998
33877;140961;11;7;7010101;2020;7;18;1;3;5;2;0;1;1;0;0;0;0;1;794499,5704;5825476,588;13,33938276;52,49972664
33878;140962;11;3;3061429;2020;7;15;7;3;2;6;0;0;1;0;1;0;0;0;801684,9787;5830115,885;13,44912263;52,53738433
33879;140963;11;2;2010103;2020;7;19;3;2;5;3;0;1;0;0;0;0;1;0;799235,4559;5826246,153;13,40963372;52,50404848
33880;140964;11;8;8010211;2020;7;17;6;3;0;7;0;0;1;0;1;0;0;0;800603,6424;5823836,658;13,4275566;52,48169933
33881;140965;11;4;4051656;2020;7;17;5;3;1;5;0;0;1;0;0;0;0;0;793363,0896;5823411,245;13,32087047;52,48182377
33882;140966;11;9;9041501;2020;7;19;1;3;0;6;0;0;1;0;1;0;0;1;811208,5074;5820250,299;13,5798777;52,44362023
33883;140967;11;7;7020201;2020;7;21;7;3;1;5;1;1;1;0;0;0;0;0;794454,2896;5824204,613;13,3375934;52,48834856
33884;140968;11;9;9020501;2020;7;13;3;3;3;6;0;1;1;0;0;1;0;0;806546,439;5822362,6;13,51344055;52,46518487
33885;140969;11;10;10020518;2020;7;10;7;3;4;2;0;1;0;0;0;0;0;0;813302,9497;5829897,589;13,61965972;52,52887405
33886;140970;11;4;4051549;2020;7;16;5;3;5;2;0;0;1;0;1;0;0;0;792215,7497;5823886,973;13,30444054;52,48670379
33887;140971;11;10;10030724;2020;7;8;3;3;5;3;0;0;1;0;0;0;1;0;809189,4615;5830203,878;13,55950119;52,53396742
33888;140972;11;1;1011304;2020;7;20;6;3;2;7;0;0;1;0;1;0;0;0;799523,6858;5828116,105;13,41555047;52,5206516
33889;140973;11;7;7010102;2020;7;16;5;2;3;6;0;0;1;0;1;0;0;0;795000,3203;5825638,436;13,34688151;52,50090703
33890;140974;11;11;11030720;2020;7;13;2;3;5;3;0;1;1;0;0;0;0;0;804919,0199;5829941,714;13,49649833;52,53402357
33891;140975;11;4;4041136;2020;7;14;2;3;5;3;0;0;1;0;0;0;1;0;790151,3799;5823157,75;13,27348912;52,48126722
33892;140976;11;6;6010205;2020;7;15;6;3;5;3;0;1;1;0;0;0;0;0;795844,8952;5819910,47;13,35420659;52,449103
33893;140977;11;4;4031032;2020;7;17;4;3;1;5;0;1;1;0;0;0;0;0;791141,3238;5825044,874;13,28967394;52,4976584
33894;140978;11;2;2040703;2020;7;20;7;3;6;4;0;0;1;1;0;0;0;0;801793,8877;5826568,388;13,44750483;52,50552767
33895;140979;11;3;3030715;2020;7;18;3;3;2;6;0;0;1;0;0;0;0;0;801042,1811;5833828,745;13,44304075;52,57101848
33896;140980;11;9;9031101;2020;7;19;6;3;5;3;0;1;0;0;0;0;0;0;811452,7953;5817464,425;13,58086565;52,41851544
33897;140981;11;10;10040933;2020;7;15;5;3;5;5;0;0;1;0;0;0;0;0;812319,5881;5824695,339;13,60033097;52,48282007
33898;140982;11;11;11020514;2020;7;14;6;3;2;6;0;0;1;0;0;0;0;0;804362,5931;5830835,635;13,48913912;52,54234636
33899;140983;11;10;10010308;2020;7;16;2;3;0;1;0;1;0;0;0;0;0;1;806845,6034;5830340,443;13,52518088;52,53651587
33900;140984;11;6;6020302;2020;7;10;6;3;5;3;0;1;1;0;0;0;0;0;794256,8437;5819374,903;13,3304348;52,44515894
33901;140985;11;2;2040703;2020;7;23;1;3;0;1;2;1;0;0;0;0;0;1;801200,4633;5826536,06;13,43875889;52,50556582
33902;140986;11;10;10040828;2020;7;14;6;3;1;5;0;0;1;0;0;0;0;0;812640,0422;5828631,764;13,60872969;52,51791148
33903;140987;11;9;9010301;2020;7;7;3;3;0;2;0;0;1;0;1;0;0;0;804753,894;5822294,975;13,48707439;52,46558149
33904;140988;11;10;10040830;2020;7;12;6;3;5;3;0;0;1;0;1;0;0;0;810585,965;5825285,309;13,57543385;52,48909588
33905;140989;11;4;4020311;2020;7;12;2;3;2;7;0;0;0;0;1;0;1;0;789060,6533;5827151,55;13,26093917;52,51765149
33906;140990;11;7;7030301;2020;7;2;1;3;0;1;2;1;0;0;0;0;0;0;794708,234;5822791,329;13,34007326;52,47554227
33907;140991;11;9;9020701;2020;7;15;4;3;2;6;0;0;1;0;0;0;0;0;808380,1092;5818927,839;13,53717608;52,4333706
33908;140992;11;9;9010101;2020;7;14;7;3;5;3;0;0;1;0;0;0;0;0;802082,4647;5825007,757;13,4503282;52,49137994
33909;140993;11;8;8020625;2020;7;17;3;2;2;6;0;0;1;0;0;0;0;0;801387,0721;5819251,466;13,43491827;52,44016912
33910;140994;11;9;9051701;2020;7;16;6;3;2;6;0;0;1;0;0;0;0;0;813069,2537;5821437,389;13,60827782;52,45319589
33911;140995;11;3;3040614;2020;7;15;5;3;0;1;0;0;0;0;1;0;0;1;799993,4714;5834479,687;13,42820225;52,57743201
33912;140996;11;12;12231101;2020;7;12;6;3;2;6;0;0;1;0;0;0;0;1;790692,873;5837433,352;13,2939343;52,60895913
33913;140997;11;10;10010308;2020;7;17;2;3;0;1;0;0;0;0;1;0;0;1;807325,4253;5828452,893;13,53048838;52,51932925
33914;140998;11;4;4030930;2020;7;16;5;3;0;2;0;0;1;0;1;0;0;0;792950,971;5825359,856;13,31653237;52,49951372
33915;140999;11;8;8020727;2020;7;16;1;3;5;7;0;0;1;0;1;0;0;0;801573,7545;5817483,097;13,43606146;52,42421574
33916;141000;11;8;8010118;2020;7;17;1;3;0;1;0;0;1;0;0;0;0;0;800974,1123;5821932,135;13,43127707;52,46442441
33917;141001;11;11;11041128;2020;7;20;4;3;5;3;0;1;1;0;0;0;0;0;806050,9742;5826595,752;13,51005651;52,50340171
33918;141002;11;4;4020311;2020;7;15;7;3;2;3;0;1;1;0;0;0;0;0;789489,6066;5826782,993;13,2669225;52,51411975
33919;141003;11;12;12103117;2020;7;11;4;3;5;2;0;0;1;0;1;0;0;0;795783,1215;5832578,444;13,36455523;52,56269411
33920;141004;11;2;2020206;2020;7;19;1;3;3;6;0;0;1;0;0;0;0;0;799975,0903;5824734,558;13,41913675;52,49009327
33921;141005;11;7;7040403;2020;7;19;4;3;5;2;0;1;1;0;0;0;0;0;797340,3363;5821934,689;13,37794949;52,46643684
33922;141006;11;12;12214125;2020;7;9;4;3;2;6;0;0;1;0;0;0;1;0;789232,8985;5833657,268;13,26913634;52,57588514