;OBJECTID;LAND;BEZ;LOR;UJAHR;UMONAT;USTUNDE;UWOCHENTAG;UKATEGORIE;UART;UTYP1;ULICHTVERH;IstRad;IstPKW;IstFuss;IstKrad;IstGkfz;IstSonstige;USTRZUSTAND;LINREFX;LINREFY;XGCSWGS84;YGCSWGS84
34320;141404;11;2;2030301;2020;7;17;2;2;5;2;0;1;1;0;0;0;0;0;800170,8622;5825879,213;13,42304286;52,50024567
34321;141405;11;3;3061429;2020;7;9;6;3;5;3;0;1;1;0;0;0;0;0;801446,7299;5830945,493;13,44637327;52,54495199
34322;141406;11;11;11010205;2020;8;16;4;2;0;6;0;0;1;0;1;0;0;0;806116,4572;5833794,844;13,51764901;52,56788484
34323;141407;11;1;1033102;2020;8;12;1;3;2;6;0;0;1;0;0;0;0;1;798030,762;5831825,864;13,39693967;52,55472266
34324;141408;11;5;5010312;2020;8;17;5;3;5;2;0;0;1;0;0;0;1;0;785217,1728;5829833,822;13,20675224;52,54372431
34325;141409;11;1;1011201;2020;7;11;3;3;5;2;0;1;0;0;0;0;1;0;797012,3126;5826736,584;13,37741456;52,50965939
34326;141410;11;1;1011204;2020;8;8;3;3;3;6;0;1;1;0;0;0;0;0;798521,999;5826770,693;13,39962406;52,50914109
34327;141411;11;10;10020412;2020;7;17;2;3;6;4;0;0;1;1;0;0;0;0;811174,2464;5831810,052;13,59017255;52,54723136
34328;141412;11;2;2040503;2020;8;9;7;3;5;3;0;0;1;0;0;0;0;0;801731,7154;5828113,548;13,44799252;52,51941144
34329;141413;11;4;4030930;2020;8;11;5;3;2;6;0;0;1;0;0;0;0;0;792889,5825;5825517,047;13,31576887;52,50095584
34330;141414;11;6;6030606;2020;7;16;3;3;0;2;0;0;1;0;1;0;0;0;793646,2638;5819220,425;13,3213412;52,44410235
34331;141415;11;2;2010104;2020;8;9;4;3;5;3;0;1;1;0;0;0;0;0;799825,4496;5825702,912;13,41781091;52,49885528
34332;141416;11;8;8010211;2020;7;15;3;2;0;6;0;0;1;0;1;0;0;0;800459,5791;5823651,016;13,42527429;52,48011463
34333;141417;11;3;3061131;2020;8;19;3;3;3;6;0;1;0;0;0;0;0;0;799096,7099;5830371,142;13,4113052;52,54109899
34334;141418;11;5;5020626;2020;7;16;2;3;6;4;0;0;1;1;0;0;0;0;783463,9071;5827631,271;13,17908921;52,52489083
34335;141419;11;1;1011401;2020;8;2;7;2;0;1;2;0;0;0;0;0;1;0;797503,8774;5829193,353;13,38683358;52,53141355
34336;141420;11;12;12224229;2020;8;16;5;3;5;3;0;0;1;0;1;0;0;0;786290,6635;5834328,293;13,22641705;52,58345712
34337;141421;11;7;7040403;2020;7;15;3;2;2;6;0;0;1;0;1;0;0;0;797602,9321;5820787,896;13,38078116;52,45601407
34338;141422;11;8;8010301;2020;8;18;2;3;0;1;0;0;0;0;1;0;0;0;800793,5285;5825040,377;13,43143066;52,49238408
34339;141423;11;4;4010101;2020;7;15;2;3;5;2;0;0;1;0;0;0;0;0;791287,883;5830670,435;13,29675387;52,54801276
34340;141424;11;8;8010404;2020;7;15;3;3;6;4;0;0;1;1;0;0;0;0;802409,1656;5822915,094;13,45322728;52,47244243
34341;141425;11;10;10020414;2020;8;23;4;3;5;3;2;1;1;0;0;0;0;0;812065,3772;5830622,877;13,60215665;52,53608326
34342;141426;11;2;2010102;2020;7;14;3;3;5;3;0;1;1;0;0;0;0;0;798310,629;5825628,01;13,39549507;52,49901403
34343;141427;11;9;9010301;2020;8;8;4;2;2;7;0;0;1;0;1;0;0;0;805047,1238;5822750,906;13,49179419;52,46950419
34344;141428;11;1;1033102;2020;7;13;3;2;0;1;0;0;0;0;1;0;0;0;797031,9455;5831478,968;13,38194039;52,5521588
34345;141429;11;3;3061430;2020;8;22;4;3;0;7;2;1;0;1;0;0;0;0;802620,7511;5829523,313;13,46233806;52,53155439
34346;141430;11;11;11040926;2020;7;13;3;2;5;3;0;0;1;0;0;0;0;0;804876,8768;5826485,666;13,49271178;52,50307232
34347;141431;11;3;3061126;2020;8;6;3;3;2;6;0;0;1;0;0;0;0;0;798528,376;5831828,651;13,40426007;52,55447511
34348;141432;11;3;3040512;2020;7;15;2;2;2;6;0;1;1;0;0;1;0;0;795637,2393;5834736,825;13,36433358;52,58212107
34349;141433;11;10;10040931;2020;8;13;1;2;2;2;0;0;1;0;0;0;0;1;813742,3525;5829990,951;13,62620389;52,52945797
34350;141434;11;1;1044202;2020;8;19;7;3;5;3;0;1;1;0;0;0;0;0;795531,5497;5830759,713;13,35923562;52,54652749
34351;141435;11;4;4030726;2020;8;9;5;3;5;2;0;0;1;0;0;0;0;0;792311,22;5825385,497;13,30715733;52,50008665
34352;141436;11;8;8020620;2020;7;13;3;3;5;2;0;1;1;0;0;0;0;0;801133,6821;5819597,903;13,43151392;52,44341395
34353;141437;11;2;2030302;2020;8;14;2;3;6;4;0;0;0;1;1;0;0;0;800336,9907;5825815,17;13,42542509;52,49958022
34354;141438;11;3;3020209;2020;8;19;2;2;9;1;0;0;0;0;1;0;0;0;797887,7237;5835812,444;13,39841724;52,59053503
34355;141439;11;3;3061430;2020;7;11;3;3;0;1;0;1;0;0;0;0;0;0;802332,1003;5829225,129;13,45782455;52,52904196
34356;141440;11;2;2030401;2020;8;17;4;2;3;6;0;1;1;0;0;0;0;0;801105,591;5825019,41;13,4359942;52,4920241
34357;141441;11;4;4030931;2020;8;18;2;3;5;3;0;0;1;0;1;0;0;0;794546,0302;5825994,193;13,34052305;52,50434157
34358;141442;11;4;4041134;2020;7;12;3;3;3;6;0;1;1;0;0;0;0;0;790463,5616;5824238,05;13,27901462;52,49078629
34359;141443;11;7;7020202;2020;8;8;4;2;5;3;0;1;0;0;0;0;0;0;794806,097;5823572,772;13,34220086;52,48249462
34360;141444;11;9;9041501;2020;7;12;3;3;0;7;0;1;0;0;0;0;0;0;811294,74;5820181,761;13,58107849;52,44295694
34361;141445;11;6;6020409;2020;8;14;3;3;5;3;0;1;1;0;0;0;0;0;793186,3856;5816486,419;13,31219709;52,41983928
34362;141446;11;3;3030406;2020;7;14;2;3;5;3;0;0;1;0;0;0;0;0;803319,8917;5839198,723;13,48146379;52,61788285
34363;141447;11;2;2010103;2020;8;12;7;3;5;2;0;1;1;0;0;0;0;0;799295,682;5826183,511;13,41046207;52,50345395
34364;141448;11;11;11020411;2020;8;14;5;3;5;7;0;0;1;0;0;0;0;0;804613,4791;5832782,517;13,49461316;52,559655
34365;141449;11;9;9041301;2020;8;18;2;3;1;3;0;1;1;0;0;0;0;0;812299,1482;5818711,526;13,59443462;52,42920897
34366;141450;11;7;7040405;2020;8;7;2;3;5;3;0;0;1;0;0;0;0;1;798899,8613;5821215,471;13,40019403;52,45913905
34367;141451;11;2;2040502;2020;8;13;3;3;2;6;0;1;1;0;0;0;0;0;801223,4619;5827964,803;13,44038986;52,5183592
34368;141452;11;1;1011204;2020;8;6;6;3;5;3;1;0;0;0;0;1;1;1;797876,1868;5826766,351;13,39013257;52,50945519
34369;141453;11;11;11041128;2020;8;9;4;3;6;4;0;0;1;1;0;0;0;0;807011,0819;5825954,162;13,52356567;52,49711234
34370;141454;11;9;9052001;2020;8;7;4;2;6;4;0;0;0;1;0;0;1;0;811624,1569;5823204,03;13,58872991;52,46985318
34371;141455;11;1;1022104;2020;8;19;2;3;0;3;0;0;1;0;0;0;1;0;793742,8903;5828486,347;13,33092469;52,52711543
34372;141456;11;1;1011402;2020;8;17;1;2;0;1;0;1;0;0;0;0;0;0;798579,0796;5829266,764;13,40270309;52,53148369
34373;141457;11;10;10010310;2020;8;17;2;2;0;1;0;0;0;0;1;0;0;1;809878,5945;5831571,132;13,57090357;52,54582876
34374;141458;11;7;7040402;2020;8;15;5;3;5;2;0;1;1;0;0;0;0;0;796127,6063;5820792,482;13,35913653;52,45685651
34375;141459;11;1;1033203;2020;8;22;2;3;5;3;2;0;1;0;1;0;0;0;796705,3927;5829893,68;13,37572212;52,53812644
34376;141460;11;6;6020304;2020;8;10;7;3;1;5;0;1;1;0;0;0;0;0;794964,3751;5817826,678;13,33944853;52,43089868
34377;141461;11;2;2050601;2020;8;8;4;3;5;2;0;1;1;0;0;0;0;0;801874,628;5828987,637;13,45088573;52,52716683
34378;141462;11;10;10010207;2020;8;10;2;3;5;3;0;0;1;0;1;0;0;0;809302,8197;5831695,979;13,56255608;52,54727476
34379;141463;11;5;5010311;2020;8;16;6;3;5;2;0;1;1;0;0;0;0;0;785477,8077;5830288,598;13,21097604;52,54766525
34380;141464;11;8;8010214;2020;8;7;4;3;5;3;0;0;1;0;0;0;0;0;801332,8009;5822131,363;13,43672079;52,46601245
34381;141465;11;2;2030302;2020;8;10;2;3;0;5;0;0;1;0;0;0;1;0;801284,0675;5825984,707;13,43948807;52,50057778
34382;141466;11;1;1022201;2020;8;8;5;3;3;6;0;1;0;0;0;0;0;0;795232,2515;5829346,103;13,35357856;52,53401794
34383;141467;11;5;5010314;2020;8;8;4;3;5;2;0;0;1;0;0;0;1;0;784837,7183;5829252,791;13,20067374;52,53871333
34384;141468;11;10;10040933;2020;8;10;2;3;1;5;0;1;1;0;0;0;0;0;813856,3644;5826052,312;13,62416499;52,49409875
34385;141469;11;8;8010301;2020;8;20;1;3;6;4;2;0;1;1;0;0;0;0;801152,4254;5824115,751;13,43586539;52,48389854
34386;141470;11;4;4030828;2020;8;12;5;3;2;6;0;0;1;0;0;0;0;0;793146,2924;5826081,637;13,32003692;52,50587933
34387;141471;11;3;3061429;2020;8;9;2;3;1;5;0;1;1;0;0;0;0;0;801225,1981;5830682,264;13,44287763;52,54271516
34388;141472;11;4;4030725;2020;8;15;7;3;0;1;0;1;0;0;0;0;0;0;791612,232;5826502,86;13,29786809;52,51047766
34389;141473;11;4;4030828;2020;8;15;5;3;2;6;0;1;1;0;0;0;0;0;793129,752;5826082,166;13,31979439;52,50589295
34390;141474;11;7;7040401;2020;8;9;2;3;2;6;0;1;1;0;0;0;0;0;796534,9188;5822797,084;13,36689477;52,47460519
34391;141475;11;2;2040701;2020;8;13;7;3;2;6;0;0;1;0;0;0;0;0;800579,8329;5827013,037;13,43007314;52,51018337
34392;141476;11;11;11030720;2020;8;8;2;3;5;3;0;1;1;0;0;0;0;0;804920,3918;5829933,53;13,49651098;52,53394945
34393;141477;11;8;8010212;2020;8;14;6;3;6;4;0;0;1;1;0;0;0;0;800829,9408;5823446,972;13,43052732;52,47808182
34394;141478;11;3;3040513;2020;8;7;4;3;5;3;0;1;0;0;0;0;0;0;796869,7994;5834514,421;13,38227226;52,5794564
34395;141479;11;4;4041136;2020;8;8;2;3;1;7;0;0;1;0;0;0;0;0;790706,3658;5823496,909;13,28193421;52,48401264
34396;141480;11;9;9010401;2020;8;7;2;3;4;6;0;0;1;0;0;0;0;0;806187,7613;5821037,897;13,50696236;52,45351343
34397;141481;11;4;4030623;2020;8;6;5;3;1;5;0;0;1;0;0;0;1;0;793387,2654;5826601,03;13,32403489;52,51040594
34398;141482;11;10;10010204;2020;8;8;4;3;2;6;0;1;0;0;0;0;0;0;809561,7165;5833230,965;13,56779316;52,56088355
34399;141483;11;6;6020410;2020;8;7;2;2;0;1;0;1;0;0;0;0;0;0;793415,539;5816435,283;13,31551227;52,41925805
34400;141484;11;10;10010309;2020;8;19;1;2;6;4;0;0;1;1;0;0;0;0;807818,8239;5830174,223;13,53933054;52,53447743
34401;141485;11;4;4030929;2020;8;16;4;3;1;5;0;1;1;0;0;0;0;0;792339,3495;5825692,141;13,30783975;52,50282058
34402;141486;11;11;11010204;2020;8;7;2;3;0;1;0;1;0;0;0;0;0;0;807039,6208;5834102,663;13,53151168;52,57012363
34403;141487;11;1;3071536;2020;8;0;6;2;4;6;2;1;0;0;0;0;0;0;799079,6376;5829018,988;13,40983743;52,52898834
34404;141488;11;1;1044101;2020;8;16;2;3;2;6;0;0;1;0;0;0;0;1;794537,6172;5831549,967;13,34532151;52,5541498
34405;141489;11;5;5020625;2020;8;12;6;2;6;2;0;0;1;1;0;0;0;0;784454,576;5828678,996;13,19454861;52,5337688
34406;141490;11;12;12103218;2020;8;10;4;3;5;2;0;1;1;0;0;0;0;0;794545,7435;5832972,236;13,34670342;52,56689495
34407;141491;11;11;11030721;2020;8;7;4;3;0;2;0;0;1;1;0;0;0;0;803824,9396;5828648,643;13,47923653;52,52304517
34408;141492;11;10;10030727;2020;8;8;2;2;6;4;0;0;1;1;0;0;0;0;809588,5461;5823634,87;13,55925836;52,4748716
34409;141493;11;12;12103117;2020;8;16;2;3;2;6;0;1;1;0;0;0;0;0;795863,5258;5832635,349;13,36578867;52,56316052
34410;141494;11;2;2030401;2020;8;15;2;3;5;3;0;1;0;0;0;0;1;0;801080,1151;5824971,209;13,43557655;52,49160611
34411;141495;11;9;9030901;2020;8;18;5;3;5;2;0;1;1;0;0;0;0;0;808573,0833;5817490,853;13,53867998;52,4203834
34412;141496;11;1;1011303;2020;8;9;4;3;5;2;0;1;0;0;0;1;0;0;799343,4056;5827564,385;13,41240493;52,51580526
34413;141497;11;4;4020208;2020;8;15;2;3;0;1;0;1;0;0;0;0;0;0;788719,3762;5825809,325;13,25475914;52,50579874
34414;141498;11;8;8010211;2020;8;14;6;3;5;2;0;1;1;0;0;0;0;0;800904,823;5823736,622;13,43188796;52,48063679
34415;141499;11;3;3061434;2020;8;19;3;3;0;2;0;1;1;0;0;0;0;0;800848,3475;5829967,579;13,43669035;52,53651753
34416;141500;11;1;1011305;2020;8;15;2;3;5;3;0;1;1;0;0;0;0;0;799681,9158;5827210,083;13,41705948;52,5124436
34417;141501;11;1;1044203;2020;8;15;2;3;0;2;0;0;1;0;1;0;0;0;795900,3154;5831931,537;13,36570228;52,55683157
34418;141502;11;9;9020501;2020;8;19;5;2;9;1;0;0;1;0;0;0;0;0;806761,8916;5823069,279;13,51725175;52,47139742
34419;141503;11;4;4041135;2020;8;14;3;3;5;3;0;1;1;0;0;0;0;0;789248,5103;5823746,734;13,26074231;52,48702667
34420;141504;11;11;11010205;2020;8;20;2;3;5;2;0;1;1;0;0;0;0;0;806684,1158;5833406,769;13,52563936;52,56408741
34421;141505;11;2;2050602;2020;8;2;1;3;5;5;2;1;1;0;0;0;0;0;802592,125;5827727,173;13,46028317;52,51547166
34422;141506;11;2;2020206;2020;8;19;4;3;6;4;0;1;0;1;0;0;0;0;800280,356;5824778,795;13,42365914;52,49032195
34423;141507;11;11;11020514;2020;8;20;2;2;5;2;0;0;1;0;1;0;0;0;804567,7779;5831035,406;13,4923385;52,54402216
34424;141508;11;7;7030302;2020;8;20;6;3;0;7;1;0;1;0;0;0;0;0;794194,9182;5821814,247;13,33167563;52,46705993
34425;141509;11;1;1044102;2020;8;15;2;3;5;2;0;1;1;0;0;0;0;0;794399,138;5832036,58;13,3437165;52,5585868
34426;141510;11;3;3040614;2020;8;8;6;3;1;5;0;1;1;0;0;0;0;0;797945,8522;5832734,014;13,39650626;52,56290943
34427;141511;11;6;6010209;2020;8;9;3;3;5;3;0;1;1;0;0;0;0;0;794499,9526;5820878,148;13,33532696;52,45850393
34428;141512;11;4;4030415;2020;8;6;4;3;2;6;0;0;1;0;0;1;0;0;791127,4235;5827435,669;13,29156079;52,5190992
34429;141513;11;4;4020311;2020;8;18;2;3;5;3;0;0;1;0;0;0;0;0;789150,196;5827375,994;13,26245021;52,51961622
34430;141514;11;5;5020625;2020;8;13;2;3;2;6;0;0;1;0;0;0;0;1;784789,3551;5828764,541;13,19954414;52,53436096
34431;141515;11;6;6040703;2020;8;17;5;3;2;6;0;0;1;0;0;0;0;0;786428,7816;5818307,14;13,21466083;52,43974259
34432;141516;11;1;1011305;2020;8;17;2;2;5;3;0;1;1;0;0;0;0;0;799700,1559;5827370,089;13,41747156;52,51386779
34433;141517;11;5;5010205;2020;8;7;7;3;5;3;0;1;1;0;0;0;0;0;780121,8235;5830389,526;13,13228256;52,55135093
34434;141518;11;1;1011303;2020;8;18;3;3;6;7;0;1;0;1;0;0;0;0;799394,5842;5828057,751;13,41360088;52,52019945
34435;141519;11;10;10040933;2020;8;13;2;3;1;7;0;0;1;0;0;0;0;0;813716,7123;5826507,334;13,62254322;52,49825645
34436;141520;11;9;9051801;2020;8;17;2;3;0;1;0;0;0;0;1;0;0;1;818601,258;5820440,845;13,68846334;52,44107084
34437;141521;11;4;4030931;2020;8;20;7;3;5;2;1;0;1;0;1;0;0;0;793981,94;5826174,861;13,33239581;52,50626539
34438;141522;11;8;8010118;2020;8;18;4;3;3;6;0;0;1;0;0;0;0;0;801093,9986;5821943,082;13,43304631;52,46445648
34439;141523;11;4;4051549;2020;8;17;2;3;1;5;0;0;1;0;0;0;0;1;792850,1826;5824104,391;13,31394826;52,48831295
34440;141524;11;6;6040808;2020;8;18;6;3;3;6;0;1;0;0;0;0;0;0;790132,0839;5819691,228;13,27019181;52,45019924
34441;141525;11;11;11051229;2020;8;13;2;3;4;6;0;1;0;0;0;0;0;0;804093,524;5826004,061;13,48076681;52,49919297
34442;141526;11;4;4031032;2020;8;18;5;3;3;6;0;1;0;0;0;0;1;0;791578,2225;5825114,389;13,29615241;52,49804835
34443;141527;11;7;7030301;2020;8;22;3;2;0;1;2;1;0;0;0;0;0;0;794398,0567;5822528,158;13,3352873;52,47335036
34444;141528;11;8;8041037;2020;8;6;4;3;1;5;0;1;1;0;0;0;0;0;805658,4866;5817023,612;13,49552747;52,41783126
34445;141529;11;5;5020626;2020;8;17;2;3;5;3;0;0;1;0;0;0;0;1;784151,4011;5827300,868;13,18891318;52,52157051
34446;141530;11;11;11051331;2020;8;16;1;3;2;6;0;0;1;0;0;0;0;0;807350,5217;5825187,013;13,52784241;52,49004601
34447;141531;11;9;9020501;2020;8;11;2;3;6;7;0;1;0;1;0;0;0;0;806560,8798;5821833,626;13,51316661;52,46043592
34448;141532;11;1;1033102;2020;8;15;5;3;5;2;0;1;1;0;0;0;0;0;797660,2021;5831882,828;13,39154123;52,55543591
34449;141533;11;11;11030618;2020;8;17;2;3;0;2;0;1;1;0;0;0;0;1;803851,9704;5828742,481;13,47971944;52,52387116
34450;141534;11;11;11030721;2020;8;11;7;3;6;4;0;0;1;1;0;0;0;0;805156,796;5827575,874;13,49782228;52,51268682
34451;141535;11;1;1033203;2020;8;23;3;3;5;3;2;0;1;0;0;0;1;0;796814,2954;5831268,502;13,37855157;52,55039086
34452;141536;11;4;4041137;2020;8;16;2;2;5;3;0;1;1;0;0;0;0;0;790968,3978;5823010,512;13,28535755;52,47951249
34453;141537;11;2;2040502;2020;8;16;6;3;5;2;0;1;1;0;0;0;0;0;800477,7949;5828220,216;13,42966429;52,52105989
34454;141538;11;7;7010102;2020;8;23;3;3;5;2;2;1;1;0;0;0;0;0;795872,632;5825391,311;13,35947527;52,49821949
34455;141539;11;4;4020310;2020;8;16;2;2;2;6;0;0;0;0;0;1;0;1;788739,793;5827655,45;13,25666108;52,5223391
34456;141540;11;3;3040614;2020;8;8;5;3;5;3;0;1;1;0;0;0;0;0;797773,7425;5832965,808;13,39418275;52,56508131
34457;141541;11;5;5010314;2020;8;21;3;3;5;2;1;1;1;0;0;0;0;0;784785,3551;5828822,924;13,19953535;52,53488652
34458;141542;11;5;5010209;2020;8;17;6;3;5;7;0;1;1;0;0;0;0;0;783240,8135;5830291,768;13,17807743;52,54886142
34459;141543;11;3;3040614;2020;8;21;3;3;6;2;1;0;1;1;0;0;0;0;798614,5599;5833053,153;13,40662929;52,5654037
34460;141544;11;7;7070703;2020;8;11;2;3;0;6;0;0;1;0;0;0;1;0;799619,6723;5813175,844;13,40355641;52,38668007
34461;141545;11;12;12214527;2020;8;10;5;3;5;3;0;0;1;0;0;0;0;0;790223,5669;5834589,469;13,28453065;52,58371484
34462;141546;11;7;7040402;2020;8;19;3;3;5;3;0;0;1;0;0;0;0;0;796822,5291;5822178,64;13,37056658;52,46890519
34463;141547;11;12;12301203;2020;8;10;2;3;0;3;0;0;1;0;0;0;0;0;792991,9309;5835645,722;13,32620763;52,59169977
34464;141548;11;8;8010118;2020;8;21;1;3;2;6;2;0;1;0;0;0;0;0;800762,9381;5822754,24;13,42891906;52,47190952
34465;141549;11;4;4030930;2020;8;14;1;2;2;6;0;0;1;0;0;0;0;0;793347,8535;5825680,76;13,32264491;52,50217729
34466;141550;11;7;7030301;2020;8;14;5;3;5;2;0;1;1;0;0;0;0;0;793899,7058;5822939,542;13,3283339;52,47730661
34467;141551;11;1;1044101;2020;8;10;1;3;5;2;0;0;1;0;1;0;0;0;794056,2983;5831226,77;13,33795649;52,55151264
34468;141552;11;2;2050801;2020;8;15;7;2;2;6;0;0;1;0;0;0;0;0;803400,5268;5826869,78;13,47137824;52,50733795
34469;141553;11;9;9010401;2020;8;7;1;3;0;7;0;0;1;1;0;0;0;0;806375,403;5821034,403;13,50971187;52,45337697
34470;141554;11;1;1044202;2020;8;14;6;3;5;3;0;1;1;0;0;0;0;0;795274,3533;5830458,569;13,35518605;52,54396745
34471;141555;11;9;9020502;2020;8;19;3;3;5;3;0;1;1;0;0;0;0;0;806950,3964;5822300,483;13,51931101;52,46440138
34472;141556;11;2;2050601;2020;8;22;1;3;5;3;2;0;1;0;0;0;0;0;802089,1556;5828539,629;13,45363141;52,52303251
34473;141557;11;9;9041302;2020;8;22;1;2;0;1;2;1;0;0;0;0;0;1;812052,019;5817319,677;13,58951344;52,41687698
34474;141558;11;6;6020306;2020;8;20;5;3;5;3;1;0;1;0;0;0;0;0;796179,127;5817197,55;13,35670656;52,42460267
34475;141559;11;1;1022202;2020;8;11;3;3;2;6;0;0;1;0;0;0;0;0;795525,471;5829617,901;13,35813055;52,53629546
34476;141560;11;2;2050602;2020;8;21;1;3;1;5;2;0;1;0;0;0;1;0;803172,1327;5828106,323;13,46914988;52,51854783
34477;141561;11;3;3050923;2020;8;10;1;3;3;6;0;1;1;0;0;0;0;0;800579,6622;5831844,07;13,43443895;52,55348514
34478;141562;11;5;5030731;2020;8;22;4;3;5;2;2;0;1;0;0;0;0;0;786960,603;5829592,875;13,23218244;52,5406486
34479;141563;11;3;3061126;2020;8;18;1;2;5;3;0;1;1;0;0;0;0;0;799245,9773;5831804,282;13,41479093;52,55386288
34480;141564;11;1;1033101;2020;8;22;6;2;6;4;2;0;1;1;0;0;0;0;796390,338;5832011,296;13,3729804;52,55728005
34481;141565;11;7;7010104;2020;8;3;1;2;8;1;2;0;0;0;0;0;1;0;796376,9286;5825272,713;13,36677677;52,49688273
34482;141566;11;1;1033102;2020;8;10;1;3;2;6;0;0;1;0;0;0;0;0;797195,8977;5831916,707;13,38474326;52,55599316
34483;141567;11;4;4030623;2020;8;12;5;3;2;6;0;0;1;0;1;0;0;0;793714,8682;5826355,208;13,32863132;52,50802596
34484;141568;11;9;9031101;2020;8;13;1;3;2;6;0;1;1;0;0;0;0;0;811507,4587;5817224,036;13,58144311;52,41633007
34485;141569;11;1;1033203;2020;8;20;7;3;0;7;1;1;0;0;0;0;0;0;796512,7718;5830922,113;13,37380836;52,54745008
34486;141570;11;1;1011304;2020;8;12;1;3;0;7;0;1;0;0;0;0;0;0;800007,7212;5828504,648;13,42301345;52,52386818
34487;141571;11;8;8030829;2020;8;13;6;3;0;6;0;0;1;0;0;0;1;0;802997,2465;5818343,48;13,45771142;52,43114109
34488;141572;11;6;6030605;2020;8;9;3;3;5;3;0;1;1;0;0;0;0;0;792147,6513;5819525,047;13,29962138;52,44763603
34489;141573;11;7;7010102;2020;8;11;2;3;5;2;0;1;1;0;0;0;0;0;795236,948;5824953,037;13,34974982;52,49463495
34490;141574;11;2;2050602;2020;8;13;1;3;0;7;0;0;0;0;0;0;1;0;802696,8257;5828094,724;13,4621558;52,51870789
34491;141575;11;8;8010405;2020;8;9;1;2;0;3;0;1;1;0;0;0;0;0;801788,6219;5823979,361;13,44508226;52,48232481
34492;141576;11;9;9041402;2020;8;18;5;3;5;3;0;1;1;0;0;0;0;0;812111,8979;5820739,936;13,59358343;52,4474932
34493;141577;11;1;1011202;2020;8;8;3;3;1;5;0;1;1;0;0;0;0;0;797484,5835;5827851,917;13,38534996;52,51939971
34494;141578;11;1;1033203;2020;8;7;1;3;1;5;0;1;1;0;0;0;0;0;797103,3125;5831002,145;13,38256324;52,54784572
34495;141579;11;4;4030930;2020;8;0;1;3;5;2;2;0;1;0;1;0;0;0;792961,7865;5825361,622;13,31669279;52,49952374
34496;141580;11;2;2050801;2020;8;19;4;3;2;6;0;1;1;0;0;0;0;0;803276,2322;5827426,742;13,47005997;52,512399
34497;141581;11;4;4030828;2020;8;2;1;3;1;5;2;1;1;0;0;0;0;0;793414,0157;5826088,292;13,32397597;52,50579508
34498;141582;11;1;1011301;2020;8;18;6;3;3;6;0;1;0;0;1;0;0;0;797341,7853;5828981,284;13,38426138;52,52960105
34499;141583;11;1;1022206;2020;8;1;1;3;5;2;2;0;1;0;1;0;0;0;795464,8047;5827792,216;13,3556163;52,51996264
34500;141584;11;11;11041128;2020;8;7;6;3;5;3;0;1;1;0;0;0;0;0;807010,7554;5825767,498;13,52338884;52,4954396
34501;141585;11;1;1022106;2020;8;7;3;3;5;2;0;1;1;0;0;0;0;0;794571,7784;5828350,232;13,34298708;52,52544802
34502;141586;11;2;2050802;2020;8;5;4;3;5;3;1;0;1;0;1;0;0;0;802674,7009;5827249,398;13,46106181;52,5111436
34503;141587;11;5;5020524;2020;8;16;1;3;5;2;0;0;1;0;0;0;0;0;783894,7617;5826613,017;13,18455378;52,5155368
34504;141588;11;9;9020701;2020;8;15;1;3;0;1;0;1;0;0;0;0;0;0;808649,1825;5819158,731;13,5413346;52,43528811
34505;141589;11;9;9051702;2020;8;9;6;2;0;7;0;1;0;0;0;0;0;0;814831,0165;5821208,779;13,63390308;52,4501356
34506;141590;11;9;9041402;2020;8;7;3;3;2;6;0;1;1;0;0;0;0;0;812163,5326;5820054,622;13,59370051;52,44132237
34507;141591;11;6;6030504;2020;8;15;4;3;3;6;0;0;1;0;1;0;0;0;788935,2145;5816154,545;13,24957219;52,41912491
34508;141592;11;6;6010205;2020;8;17;1;2;5;2;0;1;1;0;0;0;0;0;796295,0903;5819688,349;13,36061466;52,44686806
34509;141593;11;5;5030832;2020;8;15;1;2;5;3;0;0;1;0;1;0;0;0;789490,5849;5829420,861;13,26923342;52,53776824
34510;141594;11;2;2030302;2020;8;16;1;3;5;3;0;1;1;0;0;0;0;0;800500,4265;5826004,193;13,42799604;52,50118452
34511;141595;11;9;9010201;2020;8;18;5;2;2;6;0;1;1;0;0;0;0;0;803301,8006;5823781,614;13,46711677;52,47971408
34512;141596;11;3;3061430;2020;8;14;1;3;0;7;0;0;0;0;1;0;0;1;802342,9496;5829202,042;13,457963;52,52882902
34513;141597;11;10;10010206;2020;8;13;7;2;6;4;0;0;1;1;0;0;0;0;809968,5031;5832016,361;13,57264071;52,54976753
34514;141598;11;12;12214424;2020;8;17;4;3;5;2;0;1;0;0;0;0;1;0;792557,0759;5832823,007;13,31731531;52,56662954
34515;141599;11;6;6030610;2020;8;16;4;3;5;3;0;1;1;0;0;0;0;0;792377,4698;5818483,189;13,30208171;52,43817301
34516;141600;11;11;11020513;2020;8;14;1;2;5;2;0;1;1;0;0;0;0;0;804702,3382;5831221,683;13,49448748;52,54561642
34517;141601;11;3;3040614;2020;8;18;6;3;2;3;0;1;1;0;0;0;0;0;799801,2379;5835041,925;13,42588241;52,58257741