;OBJECTID;LAND;BEZ;LOR;UJAHR;UMONAT;USTUNDE;UWOCHENTAG;UKATEGORIE;UART;UTYP1;ULICHTVERH;IstRad;IstPKW;IstFuss;IstKrad;IstGkfz;IstSonstige;USTRZUSTAND;LINREFX;LINREFY;XGCSWGS84;YGCSWGS84
34518;141602;11;4;4010102;2020;8;21;1;3;0;5;1;0;1;0;1;0;0;1;791861,5135;5830685,274;13,30520252;52,54783876
34519;141603;11;12;12231101;2020;8;11;5;3;5;3;0;0;1;0;0;0;0;0;790961,348;5838454,674;13,29878621;52,61797135
34520;141604;11;2;2020202;2020;8;7;3;3;5;2;0;0;1;0;1;0;0;0;797584,9608;5825324,513;13,38456552;52,49668972
34521;141605;11;7;7040401;2020;8;14;4;3;1;7;0;0;1;0;1;0;0;0;797840,403;5823862,966;13,38701086;52,48344931
34522;141606;11;1;1011203;2020;8;13;1;3;5;3;0;1;1;0;0;0;0;0;797580,9492;5827219,18;13,38620008;52,51367539
34523;141607;11;4;4030725;2020;8;13;1;3;5;2;0;0;1;0;1;0;0;0;791687,792;5826228,449;13,29873783;52,50797721
34524;141608;11;2;2050802;2020;8;20;1;3;1;5;1;1;1;0;0;0;0;1;802564,8953;5827021,978;13,459242;52,50916615
34525;141609;11;6;6010206;2020;8;15;5;3;2;6;0;0;1;0;1;0;0;0;794474,3556;5819930,746;13,33411585;52,45002472
34526;141610;11;9;9041601;2020;8;16;4;3;5;7;0;0;1;0;0;0;0;0;817952,9953;5816635,786;13,67534196;52,40735346
34527;141611;11;9;9010301;2020;8;19;1;3;4;6;1;0;1;0;1;0;1;0;805068,0861;5821975,611;13,49139308;52,46254382
34528;141612;11;3;3020209;2020;8;13;7;3;5;3;0;0;1;0;0;0;0;0;797228,9612;5835844,378;13,3887501;52,59118165
34529;141613;11;1;1033101;2020;8;17;1;3;3;6;0;0;1;0;1;0;0;0;797274,7298;5832192,413;13,38614955;52,55842149
34530;141614;11;1;1022201;2020;8;19;1;3;5;7;1;0;1;0;1;0;0;0;795569,7324;5829432,999;13,35861678;52,53461398
34531;141615;11;10;10030727;2020;8;6;5;3;0;6;0;0;1;0;0;0;1;0;809548,8851;5826849,003;13,56166169;52,50369825
34532;141616;11;3;3040818;2020;8;16;4;3;5;3;0;0;1;0;0;0;0;0;799446,8518;5832469,395;13,41834489;52,55971414
34533;141617;11;8;8010301;2020;8;18;1;2;6;4;0;0;1;1;1;0;0;0;800920,781;5824245,409;13,43258149;52,48518841
34534;141618;11;4;4030929;2020;8;9;7;3;5;2;0;0;1;0;1;0;0;0;792311,5238;5825780,022;13,30750812;52,50362332
34535;141619;11;1;1011402;2020;8;4;3;3;8;1;2;0;1;0;0;0;0;0;798243,4114;5829617,261;13,39808384;52,53480919
34536;141620;11;1;1011302;2020;8;18;1;3;6;4;0;0;1;1;0;0;0;0;798233,7391;5828407,111;13,3968561;52,5239671
34537;141621;11;5;5010209;2020;8;16;6;3;5;2;0;0;1;0;0;0;0;0;783242,82;5830286,733;13,17810264;52,54881524
34538;141622;11;8;8030829;2020;8;13;3;3;2;6;0;0;1;0;0;0;0;0;803529,8096;5818191,413;13,46538268;52,4294829
34539;141623;11;2;2020206;2020;8;16;1;3;2;7;0;1;1;0;0;0;0;0;799695,3629;5824637,694;13,41494208;52,48937866
34540;141624;11;12;12304314;2020;8;9;5;2;0;6;0;0;1;0;1;0;0;0;790584,9851;5835356,015;13,29052225;52,59039389
34541;141625;11;9;9051901;2020;8;13;3;3;5;2;0;1;1;0;0;0;0;0;812051,1788;5821271,919;13,59318986;52,45229515
34542;141626;11;6;6010206;2020;8;23;7;3;1;5;2;1;1;0;0;0;0;0;794462,3799;5819904,491;13,33391699;52,4497958
34543;141627;11;10;10010308;2020;8;10;1;2;0;1;0;1;0;0;0;0;0;0;807423,3691;5828642,674;13,53210271;52,52097487
34544;141628;11;2;2050802;2020;8;23;5;3;0;5;2;1;1;0;0;0;0;0;802247,9976;5827118,618;13,45467462;52,510208
34545;141629;11;5;5010314;2020;8;15;4;3;2;6;0;0;1;0;0;0;0;0;784866,216;5829278,128;13,2011145;52,5389256
34546;141630;11;5;5030832;2020;8;7;7;3;5;3;0;1;1;0;0;0;0;0;789490,6213;5829420,862;13,26923395;52,53776823
34547;141631;11;4;4051448;2020;8;15;7;3;5;2;0;0;1;0;0;0;1;0;793473,8368;5824731,882;13,32365953;52,49360326
34548;141632;11;9;9020701;2020;8;0;7;3;9;1;2;0;0;0;1;0;0;0;809216,0894;5818602,059;13,54913252;52,42997908
34549;141633;11;12;12103218;2020;8;14;6;2;5;2;0;0;1;0;1;0;0;0;794842,0656;5833602,848;13,35162322;52,57238744
34550;141634;11;1;1044103;2020;8;12;3;3;3;6;0;1;0;0;0;0;0;0;794509,8577;5830700,059;13,34415943;52,54654602
34551;141635;11;2;2040502;2020;8;19;7;3;3;6;0;0;1;0;1;0;0;0;800990,9283;5828227,11;13,43721055;52,52083869
34552;141636;11;9;9020701;2020;8;22;7;3;5;2;2;1;1;0;0;0;0;0;809401,8975;5818448,646;13,55171481;52,42849916
34553;141637;11;7;7040403;2020;8;15;6;2;0;2;0;0;1;0;1;0;0;0;797277,1582;5821093,452;13,37627296;52,45893037
34554;141638;11;10;10010311;2020;8;12;3;3;0;3;0;0;1;0;0;0;1;0;809957,8819;5830993,215;13,57152985;52,54060466
34555;141639;11;4;4041343;2020;8;21;7;3;5;3;2;0;1;0;0;0;0;0;792749,0316;5822300,138;13,31087861;52,47219251
34556;141640;11;7;7030303;2020;8;21;7;2;1;5;2;1;1;0;0;0;0;0;795484,5328;5821301,684;13,35015056;52,46176921
34557;141641;11;3;3020307;2020;8;7;5;3;5;2;0;1;0;0;0;0;0;0;800483,5553;5836402,601;13,43715653;52,5943969
34558;141642;11;1;1011302;2020;8;11;3;3;5;2;0;1;1;0;0;0;0;0;798599,9377;5828882,401;13,40266445;52,52802699
34559;141643;11;4;4041343;2020;8;21;7;3;6;4;2;1;1;1;0;0;0;0;792697,9388;5823101,291;13,31083168;52,47940205
34560;141644;11;1;1022204;2020;8;19;1;3;9;1;0;0;1;0;0;0;0;0;795034,5599;5828267,32;13,34971513;52,52445454
34561;141645;11;3;3040614;2020;8;8;4;3;1;5;0;1;1;0;0;0;0;0;798721,1911;5833722,255;13,40880035;52,57134268
34562;141646;11;3;3061430;2020;8;16;4;2;3;6;0;0;1;0;1;0;0;0;802284,0376;5829176,886;13,45707435;52,52863621
34563;141647;11;7;7070704;2020;8;21;7;3;0;7;1;1;0;0;0;0;0;0;800234,5747;5813577,252;13,41292417;52,38994159
34564;141648;11;3;3061131;2020;8;21;6;3;5;2;0;1;1;0;0;0;0;0;799172,6036;5830743,973;13,41275669;52,54439918
34565;141649;11;1;1011202;2020;8;18;7;3;5;7;0;0;1;0;1;0;0;0;798237,498;5827688,963;13,39626745;52,5175278
34566;141650;11;11;11051332;2020;8;13;6;3;5;3;0;0;1;0;0;0;0;0;806671,2213;5824226,995;13,51698563;52,4818241
34567;141651;11;1;1022106;2020;8;12;3;3;5;2;0;1;1;0;0;0;0;0;793698,7986;5828111,783;13,3299458;52,52378142
34568;141652;11;7;7050503;2020;8;14;4;3;2;6;0;0;1;0;0;1;1;0;799029,424;5819718,037;13,40075449;52,44564558
34569;141653;11;3;3051022;2020;8;9;2;3;5;3;0;0;1;0;0;0;0;0;803012,461;5832020,513;13,4703727;52,5537186
34570;141654;11;10;10040828;2020;8;3;7;3;9;1;2;0;1;0;0;0;0;0;811267,3786;5827916,069;13,587896;52,51228304
34571;141655;11;2;2010103;2020;8;13;7;3;5;3;0;0;1;0;1;0;0;0;798864,8767;5826205,717;13,40415399;52,50388914
34572;141656;11;2;2050802;2020;8;18;5;3;2;6;0;1;1;0;0;0;0;0;802107,1424;5827356,016;13,45282093;52,51241383
34573;141657;11;1;1011102;2020;8;12;3;3;0;2;0;0;1;0;1;0;0;0;796514,1089;5827612,185;13,3708754;52,5177793
34574;141658;11;6;6040703;2020;8;13;7;2;5;2;0;1;1;0;0;0;0;0;785002,3639;5817560,456;13,19309632;52,43379295
34575;141659;11;5;5030731;2020;8;0;7;2;5;2;2;0;1;0;1;0;0;0;788030,3514;5829386,686;13,24773363;52,53823562
34576;141660;11;2;2030302;2020;8;18;4;3;0;3;0;1;0;1;0;0;0;0;801442,557;5826071,161;13,44189408;52,50126515
34577;141661;11;6;6040810;2020;8;12;7;3;1;5;0;1;1;0;0;0;0;0;790496,3775;5820926,56;13,27661208;52,46108079
34578;141662;11;3;3061228;2020;8;18;5;3;5;3;0;1;1;0;0;0;0;0;800557,9187;5831394,221;13,43371201;52,54946506
34579;141663;11;8;8030831;2020;8;11;3;3;2;6;0;0;1;0;0;0;0;0;803980,487;5818339,87;13,47212586;52,43056329
34580;141664;11;12;12231101;2020;8;12;7;3;2;6;0;0;1;0;0;0;0;0;791221,6137;5838476,146;13,30263861;52,61802441
34581;141665;11;6;6030608;2020;8;9;1;3;5;2;0;1;1;0;0;0;0;0;792245,4005;5816668,741;13,29855864;52,42197711
34582;141666;11;6;6030607;2020;8;14;4;3;1;5;0;0;1;0;0;0;0;0;791983,4697;5816415,202;13,29449647;52,41984394
34583;141667;11;7;7040403;2020;8;11;7;3;5;2;0;1;1;0;0;0;0;0;797819,259;5821043,197;13,38418314;52,45818474
34584;141668;11;8;8010301;2020;8;20;6;3;5;2;0;0;1;0;1;0;0;1;800661,5974;5824376,863;13,42889467;52,48650947
34585;141669;11;2;2040503;2020;8;11;7;3;2;6;0;1;1;0;0;0;0;0;801615,0534;5828341,677;13,44648522;52,52152071
34586;141670;11;8;8010510;2020;8;8;6;3;0;7;0;0;1;0;1;0;0;0;802420,6949;5822648,697;13,45315501;52,47004831
34587;141671;11;12;12103219;2020;8;11;3;3;5;2;0;0;1;0;0;0;0;0;795064,768;5832467,59;13,35388999;52,56209017
34588;141672;11;3;3020209;2020;8;13;4;3;5;3;0;0;1;0;1;0;0;0;797379,0145;5836331,896;13,39139636;52,59546956
34589;141673;11;5;5010103;2020;8;21;7;3;5;3;1;0;1;0;1;0;0;0;784571,5303;5831130,677;13,19836872;52,55568949
34590;141674;11;6;6020303;2020;8;10;7;3;1;5;0;1;1;0;0;0;0;0;795327,5786;5818001,719;13,34492983;52,43227187
34591;141675;11;8;8010301;2020;8;17;5;3;5;3;0;1;0;0;0;0;1;0;800931,0381;5824677,424;13,43312215;52,48905504
34592;141676;11;6;6010102;2020;8;16;4;3;1;5;0;1;1;0;0;0;0;0;793549,7953;5820848,815;13,3213572;52,45875216
34593;141677;11;12;12301205;2020;8;21;7;3;1;5;1;1;1;0;0;0;0;0;792189,6371;5837545,782;13,3160748;52,6091645
34594;141678;11;5;5020417;2020;8;7;7;3;3;6;0;0;1;0;0;0;0;0;783467,3232;5828637,215;13,17999719;52,53390857
34595;141679;11;6;6040805;2020;8;15;4;3;1;5;0;0;1;0;0;0;0;0;788247,6001;5817974,704;13,24105781;52,43580645
34596;141680;11;1;1011204;2020;8;1;7;3;5;2;2;0;1;0;1;0;0;0;797983,0106;5826896,54;13,39181848;52,51056383
34597;141681;11;8;8010118;2020;8;17;6;3;5;2;0;1;1;0;0;0;0;0;800762,8485;5822754,434;13,42891792;52,47191131
34598;141682;11;7;7040401;2020;8;20;7;3;5;2;1;0;1;0;1;0;0;0;797290,8162;5822603,428;13,37781858;52,47245836
34599;141683;11;8;8030829;2020;8;9;7;3;5;2;0;0;1;0;0;0;0;0;803149,5063;5818433,536;13,46002575;52,43186391
34600;141684;11;1;1011304;2020;8;1;6;3;7;1;2;1;0;0;0;0;0;1;799728,6046;5827632,152;13,41812558;52,51620114
34601;141685;11;4;4041134;2020;8;8;7;3;6;4;0;1;0;1;0;0;0;0;790410,0584;5824753,149;13,27867782;52,49543268
34602;141686;11;1;1044102;2020;8;9;5;3;3;6;0;1;1;0;0;0;0;0;794975,2082;5831377,347;13,35160371;52,55236559
34603;141687;11;7;7010102;2020;8;10;3;3;2;6;0;1;0;0;0;0;0;0;795974,8742;5825392,651;13,36097819;52,49817606
34604;141688;11;9;9051901;2020;8;13;4;3;6;7;0;0;0;1;0;0;1;0;811022,1664;5821813,104;13,57860012;52,45773141
34605;141689;11;3;3061228;2020;8;8;7;3;5;3;0;1;1;0;0;0;0;0;801157,0829;5831114,836;13,44226845;52,54663
34606;141690;11;7;7030301;2020;8;17;1;3;5;2;0;1;1;0;0;0;0;0;793928,702;5822505,416;13,32837701;52,47339925
34607;141691;11;1;1011303;2020;8;13;7;2;3;6;0;1;0;0;0;0;0;0;799510,329;5828838,142;13,41600445;52,52713088
34608;141692;11;6;6030610;2020;8;16;5;3;5;3;0;0;1;0;1;0;0;0;791101,3606;5817818,503;13,28278314;52,43289472
34609;141693;11;1;1011102;2020;8;18;7;3;5;3;0;1;1;0;0;0;0;0;795032,2565;5827214,069;13,34874713;52,51501418
34610;141694;11;1;1033203;2020;8;11;7;3;5;3;0;1;1;0;0;0;0;0;796711,1324;5830768,776;13,37658807;52,54596758
34611;141695;11;4;4030725;2020;8;10;3;3;0;7;0;0;1;0;0;0;0;0;791952,7031;5826084,243;13,30250352;52,50654272
34612;141696;11;1;1022101;2020;8;17;7;3;5;2;0;1;1;0;0;0;0;0;793291,9392;5829029,887;13,32477602;52,53223081
34613;141697;11;7;7010102;2020;8;16;6;3;5;2;0;1;1;0;0;0;0;0;795692,8683;5825441,339;13,35687931;52,49876538
34614;141698;11;3;3040508;2020;8;10;3;3;5;3;0;1;1;0;0;0;0;0;796150,4051;5836074,245;13,37308068;52,59383046
34615;141699;11;6;6040808;2020;8;16;7;2;5;3;0;1;1;0;0;0;0;0;789975,7448;5820177,295;13,26831978;52,45463994
34616;141700;11;6;6020306;2020;8;8;5;3;5;3;0;0;1;0;1;0;0;0;796871,5147;5817484,549;13,36711402;52,42680017
34617;141701;11;2;2010104;2020;8;10;3;3;5;3;0;0;1;0;0;0;0;0;799577,8996;5825656,937;13,41413377;52,49857914
34618;141702;11;11;11010308;2020;8;16;7;2;0;7;0;0;1;0;0;0;0;0;805621,6667;5833564,432;13,51015927;52,56609783
34619;141703;11;4;4051446;2020;8;20;1;3;2;7;1;0;1;0;0;0;0;0;792329,292;5825220,585;13,30727805;52,49859857
34620;141704;11;4;4030725;2020;8;12;5;3;1;5;0;1;0;0;0;1;0;0;791770,0559;5825955,789;13,29970751;52,50548886
34621;141705;11;1;1011301;2020;8;16;4;2;2;6;0;0;1;0;1;0;0;0;797580,189;5828548,965;13,38737849;52,52559574
34622;141706;11;4;4030828;2020;8;10;5;3;5;5;0;0;1;0;1;0;0;0;793261,5262;5826065,314;13,32171547;52,50567107
34623;141707;11;1;1011203;2020;8;10;3;3;5;3;0;1;1;0;0;0;0;0;798059,2996;5827296,962;13,3932979;52,51411143
34624;141708;11;4;4041134;2020;8;16;7;3;3;6;0;1;1;0;0;0;0;0;790447,4259;5824214,959;13,27875751;52,49058787
34625;141709;11;12;12103117;2020;8;13;1;3;0;6;0;0;1;0;1;0;0;0;796392,4317;5832796,95;13,37371291;52,56432144
34626;141710;11;7;7010101;2020;8;15;7;3;5;2;0;1;1;0;0;0;0;0;794772,0273;5825692,836;13,34357624;52,50151805
34627;141711;11;11;11030721;2020;8;15;5;3;0;1;0;1;0;0;0;0;0;0;805184,9071;5827864,53;13,49849995;52,51525816
34628;141712;11;3;3020209;2020;8;15;7;3;5;3;0;0;1;0;0;0;0;0;797868,384;5836018;13,39831743;52,59238812
34629;141713;11;12;12302107;2020;8;13;7;3;0;6;0;0;0;0;1;0;0;0;793826,5381;5836155,878;13,33894534;52,59582271
34630;141714;11;7;7010104;2020;8;15;7;3;2;6;0;0;1;0;0;0;0;0;796405,2624;5824877,35;13,36684114;52,49332328
34631;141715;11;5;5010103;2020;8;15;6;3;2;6;0;0;1;0;0;0;1;0;784470,6019;5831674,335;13,19735004;52,56061665
34632;141716;11;6;6020304;2020;8;9;3;3;6;4;0;0;1;1;0;0;0;0;794778,0844;5817840,51;13,33672858;52,43112309
34633;141717;11;9;9041501;2020;8;10;6;3;2;6;0;0;1;0;0;0;1;0;811406,2738;5820186,707;13,58271875;52,44293776
34634;141718;11;9;9051702;2020;8;3;6;3;1;6;2;1;1;0;0;0;0;0;814738,4239;5821260,086;13,63259341;52,45064867
34635;141719;11;4;4030828;2020;8;22;5;3;0;7;2;0;0;0;1;0;0;0;793299,3076;5826150,144;13,32234526;52,50641123
34636;141720;11;3;3051022;2020;8;9;3;3;0;6;0;0;0;0;1;1;0;0;802908,1712;5832027,631;13,46884568;52,55384041
34637;141721;11;8;8010404;2020;8;17;6;3;0;2;0;0;1;0;0;0;1;0;802581,0194;5823082,207;13,45590125;52,47384511
34638;141722;11;1;1044203;2020;8;18;1;3;2;6;0;0;1;0;0;0;0;0;795643,1836;5831794,785;13,36179872;52,55574537
34639;141723;11;2;2020203;2020;8;10;4;3;5;2;0;1;1;0;0;0;0;0;797742,9825;5824596,358;13,38623564;52,49007647
34640;141724;11;1;1011302;2020;8;23;6;3;5;2;2;1;1;0;0;0;0;0;799091,0784;5828975,078;13,40996608;52,52858848
34641;141725;11;8;8010301;2020;8;22;6;3;5;3;2;0;0;0;1;0;1;0;800648,1957;5824383,47;13,42870386;52,48657607
34642;141726;11;2;2020204;2020;8;23;6;3;6;4;2;0;1;1;0;0;0;0;798286,5937;5824765,663;13,39436991;52,49129732
34643;141727;11;8;8010211;2020;8;11;6;3;0;6;0;0;1;0;1;0;0;0;800680,1492;5824057,214;13,42887873;52,48363413
34644;141728;11;11;11051331;2020;8;9;3;3;5;3;0;0;1;0;0;0;0;0;807670,6393;5824548,652;13,53195305;52,48414467
34645;141729;11;11;11020412;2020;8;22;6;3;5;2;2;1;1;0;0;0;0;0;805702,5275;5831364,957;13,50932298;52,54634021
34646;141730;11;9;9051702;2020;8;16;7;3;2;7;0;0;1;0;1;0;0;0;814531,9341;5820803,941;13,62913543;52,44668003
34647;141731;11;1;1033101;2020;8;21;6;2;3;2;1;0;0;0;1;0;0;0;796170,5055;5832275,139;13,36998267;52,55976472
34648;141732;11;4;4010101;2020;8;13;6;2;5;2;0;1;1;0;0;0;0;0;790367,4767;5828753,757;13,28154327;52,53132111
34649;141733;11;1;1011101;2020;8;18;3;3;2;2;0;1;1;0;0;0;0;0;795258,295;5826614,149;13,35153622;52,50951404
34650;141734;11;9;9010402;2020;8;11;2;3;0;3;0;0;1;0;0;0;1;0;805906,3761;5818985,975;13,50095582;52,43528058
34651;141735;11;2;2050801;2020;8;21;6;3;0;5;1;0;1;0;1;0;0;0;803293,6661;5826763,692;13,46971193;52,50644652
34652;141736;11;6;4061757;2020;8;20;6;3;8;1;0;0;1;0;0;0;0;0;785260,4496;5821587,979;13,20032253;52,46976965
34653;141737;11;11;11051330;2020;8;18;5;3;1;5;0;1;1;0;0;0;0;0;807099,8122;5824386,3;13,52342377;52,48301097
34654;141738;11;1;1033102;2020;8;18;3;3;1;5;0;1;1;0;0;0;0;0;797095,5277;5831693,019;13,38306694;52,55404283
34655;141739;11;11;11020411;2020;8;14;6;3;2;2;0;0;1;0;0;0;0;0;806360,3071;5832167,307;13,51973312;52,5531615
34656;141740;11;1;1011301;2020;8;1;1;3;3;6;2;0;1;0;0;0;1;0;797474,8237;5828826,243;13,38607804;52,5281387
34657;141741;11;1;1011303;2020;8;8;4;3;3;6;0;1;0;0;0;0;0;0;799197,9381;5828464,724;13,4110774;52,52395528
34658;141742;11;6;6030504;2020;8;14;4;3;5;3;0;1;1;0;0;0;0;0;790831,1597;5817467,447;13,27851455;52,42989115
34659;141743;11;3;3071638;2020;8;16;6;3;0;7;0;0;0;0;1;0;1;0;800133,7509;5829968,1;13,42618669;52,5369162
34660;141744;11;11;11030619;2020;8;19;6;3;2;2;0;0;1;0;0;0;0;0;803552,443;5829736,302;13,47622546;52,53294531
34661;141745;11;9;9020802;2020;8;7;6;3;0;1;0;1;0;0;0;0;0;0;810477,23;5820286,494;13,56918674;52,44436027
34662;141746;11;8;8020622;2020;8;7;6;3;6;4;0;0;1;1;0;0;0;0;801287,2398;5819659,419;13,43382181;52,44388076
34663;141747;11;6;6010208;2020;8;19;3;3;0;5;0;1;1;0;0;0;0;0;793973,4303;5820791,606;13,32752387;52,4580116
34664;141748;11;2;2020206;2020;8;12;4;3;6;7;0;1;0;1;0;0;0;0;800121,64;5824843,215;13,42138656;52,49098666
34665;141749;11;9;9051702;2020;8;3;6;3;0;1;2;1;0;0;0;0;0;0;814474,324;5821230,586;13,62869217;52,45053629
34666;141750;11;2;2020203;2020;8;13;6;3;1;5;0;1;1;0;0;0;0;0;797506,3829;5824781,662;13,38292668;52,49186651
34667;141751;11;9;9051801;2020;8;9;5;3;3;7;0;1;0;0;0;0;0;0;818582,1508;5820447,861;13,68818987;52,44114484
34668;141752;11;1;1011104;2020;8;13;6;3;5;3;0;1;1;0;0;0;0;0;796344,4;5825932,505;13,36688611;52,50281482
34669;141753;11;2;2040502;2020;8;12;4;2;5;3;0;0;1;0;1;0;0;0;801248,424;5827823,23;13,44062844;52,51707646
34670;141754;11;2;2050601;2020;8;13;1;3;2;6;0;0;1;0;0;0;0;0;801942,5164;5828351,846;13,45130617;52,52143063
34671;141755;11;4;4030415;2020;8;7;6;3;5;2;0;1;1;0;0;0;0;0;791679,6989;5827501,105;13,29973447;52,51939071
34672;141756;11;1;1011101;2020;8;12;6;2;5;2;0;1;1;0;0;0;0;0;795230,6425;5826625,886;13,35114036;52,50963422
34673;141757;11;5;5020626;2020;8;18;5;2;0;7;0;0;1;0;0;0;1;0;783403,4099;5827654,104;13,17821934;52,52512701
34674;141758;11;6;6040804;2020;8;12;6;2;3;6;0;1;0;0;0;0;0;0;787189,6326;5818095,53;13,22564154;52,43744631
34675;141759;11;2;2020206;2020;8;19;7;3;9;7;0;0;1;1;0;0;0;0;799507,0562;5824871,525;13,41238716;52,49157796
34676;141760;11;2;2050802;2020;8;18;4;3;5;2;0;1;0;0;1;0;0;0;802617,2643;5827008,157;13,45999872;52,50901323
34677;141761;11;4;4010103;2020;8;11;6;3;3;6;0;0;1;0;0;1;0;0;791187,5775;5829062,934;13,29386986;52,53365536
34678;141762;11;5;5010312;2020;8;18;6;3;6;4;0;0;1;1;0;0;0;0;785323,8712;5830258,686;13,20868634;52,54747771
34679;141763;11;9;9010101;2020;8;11;6;3;0;1;0;1;0;0;0;0;0;0;801796,5867;5825317,149;13,44641063;52,49431118
34680;141764;11;1;1033201;2020;8;16;5;3;5;3;0;1;1;0;0;0;0;0;797484,489;5831065,626;13,38822492;52,54820674
34681;141765;11;9;9020802;2020;8;15;3;3;0;5;0;0;1;0;1;0;0;0;810548,5246;5819982,386;13,56994973;52,44159447
34682;141766;11;2;2020202;2020;8;11;4;3;0;1;0;1;0;0;0;0;0;0;797470,7355;5825016,629;13,38261297;52,49399215
34683;141767;11;4;4041344;2020;8;10;6;3;3;6;0;0;1;0;1;0;0;0;793369,0445;5822503,099;13,32015896;52,47367935
34684;141768;11;5;5010103;2020;8;14;1;2;5;3;0;0;1;0;0;0;0;0;783915,9607;5831353,087;13,1889153;52,55802581
34685;141769;11;8;8030831;2020;8;10;6;2;2;6;0;0;1;0;0;0;0;0;803613,297;5817871,904;13,46631681;52,42657282
34686;141770;11;1;1011102;2020;8;15;5;3;2;2;0;1;1;0;0;0;0;0;795427,6606;5827466,739;13,35478142;52,51706513
34687;141771;11;9;9020802;2020;8;9;6;3;2;6;0;1;0;0;0;0;0;0;810714,3199;5818927,546;13,57140067;52,43204718
34688;141772;11;8;8010214;2020;8;12;7;3;2;6;0;0;1;0;0;0;0;0;802042,5843;5822429,707;13,4474073;52,46829466
34689;141773;11;7;7020204;2020;8;19;6;2;5;7;1;0;1;0;0;0;0;0;796543,7474;5823965,372;13,36806342;52,48507303
34690;141774;11;3;3010102;2020;8;16;6;3;2;6;0;0;1;0;0;0;1;0;804459,4392;5840784,462;13,4997042;52,63145744
34691;141775;11;9;9020701;2020;8;18;3;3;5;2;0;0;1;0;1;0;0;0;808979,7198;5818114,508;13,54521658;52,42574319
34692;141776;11;5;5020524;2020;8;8;7;3;2;2;0;0;1;0;1;0;0;0;783406,0702;5826585,87;13,17734826;52,51554757
34693;141777;11;6;6040807;2020;8;18;3;3;5;3;0;1;1;0;0;0;0;0;789993,6862;5819153,653;13,26769431;52,44545315
34694;141778;11;7;7040403;2020;8;19;6;3;5;3;0;1;1;0;0;0;0;0;797318,3839;5822178,262;13,37784433;52,46863217
34695;141779;11;8;8041035;2020;8;17;6;3;5;3;0;0;1;0;0;0;0;0;804634,6453;5818533,386;13,48189412;52,43193387
34696;141780;11;7;7040402;2020;8;17;3;2;8;1;0;0;0;0;1;0;0;0;796821,358;5821001,895;13,36950284;52,45835738
34697;141781;11;4;4030726;2020;8;19;6;3;6;7;0;1;0;1;0;0;0;0;792224,5732;5825336,834;13,30584182;52,49969681
34698;141782;11;2;2010103;2020;8;9;5;3;5;3;0;0;1;0;1;0;0;0;799129,2013;5826277,654;13,40810125;52,50438911
34699;141783;11;9;9010302;2020;8;16;3;3;2;6;0;0;1;0;0;0;0;0;804337,231;5819724,012;13,47861697;52,44277077
34700;141784;11;7;7010104;2020;8;18;6;3;3;6;0;0;1;0;1;0;0;0;796447,7622;5824887,623;13,36747444;52,49339229
34701;141785;11;4;4051448;2020;8;11;1;3;5;2;0;1;1;0;0;0;0;0;793710,6813;5824869,265;13,3272592;52,49470744
34702;141786;11;4;4030726;2020;8;18;6;3;3;6;0;1;1;0;0;0;0;0;792242,7055;5825343,363;13,30611391;52,49974563
34703;141787;11;3;3050925;2020;8;14;5;3;0;6;0;0;1;0;1;0;0;0;802697,7611;5831785,537;13,46553101;52,55178755
34704;141788;11;2;2050801;2020;8;18;6;3;5;2;0;1;1;0;0;0;0;0;803638,4512;5827391,375;13,47534885;52,51188051
34705;141789;11;2;2040502;2020;8;15;7;3;5;2;0;0;1;0;1;0;0;0;801248,424;5827823,23;13,44062844;52,51707646
34706;141790;11;5;5030730;2020;8;17;6;3;2;6;0;0;1;0;0;0;0;0;785790,6008;5829277,71;13,21470665;52,53843783
34707;141791;11;10;10020412;2020;8;14;6;3;5;2;0;0;1;0;0;0;0;0;811350,861;5831955,303;13,59290489;52,54843208
34708;141792;11;7;7050501;2020;8;16;3;3;2;6;0;1;1;0;0;0;0;0;797099,8741;5819931,419;13,37263755;52,44861024
34709;141793;11;5;5030730;2020;8;16;6;3;5;3;0;1;1;0;0;0;0;0;785973,1138;5829201,678;13,2173249;52,53766039
34710;141794;11;5;5010339;2020;8;16;6;3;5;2;0;0;1;0;0;0;0;0;785769,8721;5828534,299;13,21376259;52,53178342
34711;141795;11;12;12214527;2020;8;19;5;3;5;2;0;0;1;0;1;0;0;0;790132,1728;5835779,493;13,28422771;52,59443205
34712;141796;11;1;1022201;2020;8;16;3;3;5;2;0;1;0;0;1;0;0;0;795407,3401;5829565,163;13,35634707;52,53588676
34713;141797;11;7;7040405;2020;8;15;6;3;3;6;0;1;0;0;0;1;0;0;798937,8363;5821722,196;13,40120509;52,46366042
34714;141798;11;6;6020409;2020;8;9;1;3;5;2;0;1;1;0;0;0;0;0;793459,3213;5817164,666;13,31679403;52,42577333
34715;141799;11;1;1011202;2020;8;15;6;2;6;4;0;1;0;1;0;0;0;0;797147,6046;5827760,858;13,38031685;52,51876719