;OBJECTID;LAND;BEZ;LOR;UJAHR;UMONAT;USTUNDE;UWOCHENTAG;UKATEGORIE;UART;UTYP1;ULICHTVERH;IstRad;IstPKW;IstFuss;IstKrad;IstGkfz;IstSonstige;USTRZUSTAND;LINREFX;LINREFY;XGCSWGS84;YGCSWGS84
34716;141800;11;7;7040405;2020;8;14;6;3;5;1;0;0;1;0;0;0;0;0;798472,1916;5821743,554;13,39439051;52,46410642
34717;141801;11;7;7070702;2020;8;7;5;3;0;3;0;0;1;0;1;0;0;0;800040,8463;5814704,893;13,41109553;52,40015555
34718;141802;11;1;1011301;2020;8;15;3;3;3;6;0;1;0;0;0;0;0;0;797076,4889;5828173,27;13,37964017;52,52250275
34719;141803;11;4;4030623;2020;8;14;6;3;3;6;0;0;1;0;0;0;0;0;792988,3634;5826962,627;13,31849225;52,51386191
34720;141804;11;3;3050924;2020;8;20;1;3;5;3;1;1;1;0;0;0;0;0;801533,7974;5831433,268;13,44809617;52,54927574
34721;141805;11;8;8010214;2020;8;14;4;3;5;2;0;1;1;0;0;0;0;0;801103,3247;5821988,868;13,43322448;52,46486173
34722;141806;11;1;1022204;2020;8;14;6;3;5;2;0;0;1;0;0;0;0;0;795117,7216;5828256,471;13,35092772;52,52431228
34723;141807;11;1;1011102;2020;8;16;6;3;2;6;0;0;1;0;0;0;0;0;795181,8078;5826945,327;13,3507062;52,5125242
34724;141808;11;7;7040403;2020;8;13;6;3;2;6;0;0;1;0;0;0;1;0;797864,806;5821786,266;13,3855146;52,46482072
34725;141809;11;5;5020625;2020;8;12;6;3;3;6;0;0;1;0;1;0;0;0;784758,24;5828669,812;13,19900548;52,53352788
34726;141810;11;11;11030619;2020;8;15;3;3;5;3;0;1;1;0;0;0;0;0;804188,9246;5829535,463;13,48539609;52,53079046
34727;141811;11;12;12301203;2020;8;11;2;2;5;2;0;0;1;0;0;0;0;0;792354,3866;5834061,452;13,31542523;52,57784057
34728;141812;11;8;8020620;2020;8;14;5;3;2;6;0;0;1;0;0;0;0;0;800364,4641;5820545,13;13,42108234;52,45232749
34729;141813;11;12;12103116;2020;8;21;5;3;1;5;1;1;1;0;0;0;0;0;796011,2137;5833247,778;13,36850754;52,56857004
34730;141814;11;1;1044103;2020;8;8;5;3;5;2;0;1;1;0;0;0;0;0;794651,5105;5830518,039;13,34608087;52,54483775
34731;141815;11;8;8010404;2020;8;15;3;3;5;3;0;0;1;0;0;0;0;0;801890,4797;5823323,58;13,44598391;52,47639065
34732;141816;11;4;4051551;2020;8;18;5;3;5;2;0;0;0;0;1;0;0;0;792825,6669;5823229,994;13,3128201;52,48048736
34733;141817;11;8;8010118;2020;8;17;7;3;1;5;0;1;1;0;0;0;0;0;800837,6756;5822557,354;13,4298385;52,47010361
34734;141818;11;11;11020514;2020;8;18;4;3;0;7;0;0;1;0;1;0;0;0;804841,2026;5831305,544;13,4966059;52,54629034
34735;141819;11;5;5030730;2020;8;18;5;3;2;7;0;0;0;0;1;0;1;0;786653,4809;5830452,176;13,22840793;52,54851444
34736;141820;11;1;1011102;2020;8;14;6;3;4;6;0;1;0;0;0;0;0;0;795140,95;5827071,588;13,35021786;52,51367814
34737;141821;11;9;9020502;2020;8;21;4;3;0;1;2;1;0;0;0;0;0;0;806825,9442;5821994,399;13,51720348;52,46172806
34738;141822;11;12;12214125;2020;8;18;5;2;5;2;0;1;1;0;0;0;0;0;790817,2396;5834066,979;13,29280978;52,57871379
34739;141823;11;2;2030301;2020;8;22;6;3;2;6;2;0;1;0;0;0;1;0;799937,6258;5825743,943;13,41949539;52,49916143
34740;141824;11;7;7020203;2020;8;23;5;2;1;5;2;1;1;0;0;0;0;0;796149,0411;5824146,227;13,36242844;52,48690847
34741;141825;11;1;1011301;2020;8;9;6;3;5;2;0;1;1;0;0;0;0;0;797243,9646;5829094,653;13,38292498;52,53067061
34742;141826;11;1;1033203;2020;8;15;3;3;0;6;0;0;1;0;1;0;0;0;797047,5149;5831413,19;13,38211049;52,55156068
34743;141827;11;10;10010206;2020;8;11;4;2;5;3;0;0;1;0;1;0;0;0;809965,4844;5832052,628;13,57263019;52,55009425
34744;141828;11;4;4020313;2020;8;23;5;2;3;6;2;0;1;0;0;0;0;0;790421,6714;5825996,237;13,27993252;52,50657091
34745;141829;11;9;9051702;2020;8;22;5;3;4;6;2;1;0;0;0;0;0;0;813934,2084;5821819,902;13,62132435;52,45612757
34746;141830;11;6;6020303;2020;8;17;5;3;5;2;0;0;1;0;0;0;0;0;795355,1582;5818456,547;13,34573613;52,43633425
34747;141831;11;8;8010301;2020;8;23;4;3;1;1;2;1;1;0;0;0;0;0;801307,2223;5824649,445;13,43862051;52,48859677
34748;141832;11;8;8010508;2020;8;18;5;3;5;3;0;0;1;0;1;0;0;0;803191,3141;5822723,677;13,46453317;52,47029322
34749;141833;11;1;1044103;2020;8;8;7;3;5;2;0;0;1;0;0;0;1;0;794495,2127;5830685,829;13,34393147;52,54642638
34750;141834;11;9;9020502;2020;8;7;4;3;5;3;0;0;1;0;0;0;0;0;807258,2426;5822163,017;13,52370162;52,46299637
34751;141835;11;10;10010308;2020;8;18;5;3;5;2;0;1;1;0;0;0;0;0;806554,8742;5829154,445;13,51981423;52,52605038
34752;141836;11;3;3020209;2020;8;18;6;3;5;3;0;0;1;0;1;0;0;0;797250,373;5834982,928;13,3882924;52,58344819
34753;141837;11;1;1033203;2020;8;18;5;3;1;5;0;1;1;0;0;0;0;0;796935,3569;5831429,733;13,38047597;52,55177013
34754;141838;11;5;5030730;2020;8;11;5;3;5;2;0;1;1;0;0;0;0;0;785717,937;5829289,887;13,21364865;52,53858511
34755;141839;11;1;1022206;2020;8;14;3;3;5;2;0;1;0;0;0;0;1;0;795702,6545;5828178,234;13,35945474;52,52329403
34756;141840;11;9;9020502;2020;8;22;5;3;0;1;2;1;0;0;0;0;0;0;807236,7576;5821825,401;13,52307563;52,45998266
34757;141841;11;4;4041344;2020;8;13;1;3;5;2;0;1;1;0;0;0;0;0;793382,9364;5821960,333;13,31988556;52,46880617
34758;141842;11;8;8010214;2020;8;21;5;3;5;2;2;1;1;0;0;0;0;0;801111,0517;5822185,343;13,43351516;52,46661854
34759;141843;11;1;1011301;2020;8;17;4;3;5;7;0;1;1;0;0;0;0;0;796844,337;5828971,912;13,37694149;52,52978814
34760;141844;11;4;4030725;2020;8;12;3;3;0;2;0;0;1;0;1;0;0;1;791728,2012;5826104,348;13,29922278;52,50684306
34761;141845;11;4;4051652;2020;8;7;3;3;4;7;0;1;1;0;0;0;0;1;793686,9179;5824482,071;13,32656887;52,4912492
34762;141846;11;4;4030417;2020;8;17;1;2;6;2;0;0;1;1;0;0;0;0;791778,2964;5827052,776;13,30079028;52,51531877
34763;141847;11;11;11051229;2020;8;15;6;3;4;5;0;0;1;0;1;0;0;0;803307,6403;5826203,754;13,46940714;52,50142013
34764;141848;11;12;12214125;2020;8;14;4;3;1;5;0;1;1;0;0;0;0;1;791663,2768;5833650,399;13,30489354;52,57452647
34765;141849;11;4;4051446;2020;8;7;4;3;2;2;0;0;1;0;1;0;0;0;792860,6302;5824351,871;13,31431918;52,49052593
34766;141850;11;12;12214424;2020;8;8;7;3;0;1;0;0;0;0;1;0;0;1;793212,7296;5832406,724;13,32659304;52,56254506
34767;141851;11;8;8020625;2020;8;19;5;3;5;3;0;1;1;0;0;0;0;0;801409,4771;5818895,247;13,43492566;52,43696386
34768;141852;11;7;7040401;2020;8;17;4;3;0;4;0;1;0;1;0;0;0;0;797813,783;5823058,326;13,38590132;52,47625114
34769;141853;11;1;1033203;2020;8;16;3;3;0;1;0;0;0;0;1;0;0;0;796857,0329;5830640,11;13,37861833;52,54473475
34770;141854;11;9;9020702;2020;8;19;3;3;0;1;0;1;0;0;0;0;0;0;808882,2438;5819336,489;13,54491629;52,43674962
34771;141855;11;5;5010101;2020;8;9;5;3;4;2;0;1;1;0;0;0;0;0;786049,4819;5831801,131;13,22068711;52,5609263
34772;141856;11;4;4051445;2020;8;12;3;3;0;5;0;0;1;0;1;0;0;1;791729,2881;5824410,984;13,29775544;52,49166166
34773;141857;11;8;8010404;2020;8;12;2;3;3;6;0;1;1;0;0;0;0;0;801317,6457;5823816,318;13,43802046;52,4811235
34774;141858;11;7;7070701;2020;8;15;4;3;5;2;0;1;1;0;0;0;0;0;799511,826;5815705,235;13,40423763;52,40941196
34775;141859;11;2;2030302;2020;8;18;3;3;5;2;0;0;1;0;0;0;1;0;800671,7115;5825813,803;13,43033991;52,49938365
34776;141860;11;6;6040703;2020;8;0;1;3;9;1;2;0;1;0;0;0;0;0;785436,363;5818399,37;13,20017933;52,44108844
34777;141861;11;9;9020802;2020;8;7;6;3;5;3;0;1;1;0;0;0;0;0;810180,5887;5820400,423;13,56494198;52,44554962
34778;141862;11;7;7040403;2020;8;16;4;2;5;2;0;0;1;0;1;0;0;1;797562,1809;5820790,124;13,38018518;52,45605623
34779;141863;11;1;1033101;2020;8;21;3;3;5;3;1;0;1;0;0;0;0;0;796169,0315;5832279,675;13,36996504;52,55980619
34780;141864;11;8;8010404;2020;8;14;3;3;2;6;0;1;1;0;0;0;0;0;801901,8366;5823562,606;13,44636701;52,4785268
34781;141865;11;4;4051445;2020;8;1;6;3;5;2;2;0;1;0;0;0;0;0;792443,2313;5824098,429;13,30796669;52,48847765
34782;141866;11;1;1011301;2020;8;16;5;3;3;6;0;1;0;0;1;0;0;0;797295,376;5829035,07;13,38362736;52,53010848
34783;141867;11;11;11041128;2020;8;11;4;2;6;4;0;0;1;1;0;0;0;1;806027,7881;5826493,675;13,50962217;52,50249986
34784;141868;11;3;3040614;2020;8;7;3;2;0;1;0;1;0;0;0;0;0;0;800042,742;5835612,298;13,42995252;52,58755665
34785;141869;11;3;3051021;2020;8;12;5;3;4;7;0;1;0;0;0;0;1;0;802893,7453;5832266,012;13,46885106;52,55598498
34786;141870;11;1;1033102;2020;8;15;7;3;3;6;0;1;1;0;0;0;0;0;797713,0167;5831817,113;13,39225901;52,55481799
34787;141871;11;12;12214125;2020;8;17;5;2;5;2;0;1;1;0;0;0;0;0;790703,0054;5834317,984;13,29134883;52,58102505
34788;141872;11;4;4041134;2020;8;13;4;3;5;3;0;0;1;0;0;0;0;1;791095,5726;5824381,292;13,28842204;52,4917338
34789;141873;11;4;4030725;2020;8;9;3;3;2;6;0;0;1;0;0;0;0;0;791899,6985;5826309,172;13,30192202;52,50858753
34790;141874;11;5;5010314;2020;8;13;5;3;6;4;0;0;0;0;1;0;1;0;785193,2188;5828922,169;13,20561741;52,53556305
34791;141875;11;9;9010401;2020;8;12;3;3;0;2;0;1;0;0;1;0;0;0;805697,0909;5820386,495;13,49916791;52,44794983
34792;141876;11;5;5020417;2020;8;22;2;3;1;7;2;0;1;0;0;0;0;0;781706,402;5829146,37;13,15453678;52,53938696
34793;141877;11;5;5010103;2020;8;14;4;3;1;5;0;1;1;0;0;0;0;0;784124,9183;5830545,311;13,19129791;52,55067427
34794;141878;11;5;5010314;2020;8;12;3;3;0;1;0;0;1;0;1;0;0;1;785334,2951;5829287,997;13,20800584;52,53876918
34795;141879;11;6;6040703;2020;8;13;1;2;5;2;0;0;1;0;1;0;0;0;785009,3608;5817562,051;13,19320032;52,4338036
34796;141880;11;8;8020625;2020;8;5;6;3;1;7;1;0;1;0;0;0;0;0;801453,4794;5818088,478;13,43484361;52,42970826
34797;141881;11;1;1011401;2020;8;9;3;3;2;6;0;1;0;0;0;1;0;0;798237,7494;5829033,752;13,39747708;52,52958191
34798;141882;11;2;2010104;2020;8;20;3;3;2;2;1;1;0;0;1;0;0;1;799878,2534;5825706,321;13,41858951;52,49885683
34799;141883;11;12;12302107;2020;8;20;3;3;2;6;1;0;1;0;1;0;0;1;793877,3568;5836161,439;13,33969837;52,5958451
34800;141884;11;11;11010308;2020;8;15;5;3;5;3;0;1;1;0;0;0;0;0;805201,2379;5833655,271;13,50405929;52,5671478
34801;141885;11;4;4020311;2020;8;10;4;3;5;3;0;0;1;0;0;0;0;1;789175,0817;5826352,762;13,26192666;52,51042946
34802;141886;11;12;12103117;2020;8;15;2;3;2;6;0;0;1;0;1;0;0;1;795808,548;5832589,618;13,3649392;52,56278046
34803;141887;11;6;6040808;2020;8;19;4;3;5;2;0;1;0;0;0;0;1;0;789614,5037;5819809,854;13,26269979;52,45153723
34804;141888;11;4;4041343;2020;8;18;3;3;5;3;0;1;1;0;0;0;0;0;792661,8387;5823065,325;13,31027007;52,47909897
34805;141889;11;4;4030725;2020;8;7;3;3;5;7;0;1;1;0;0;0;0;1;791709,6234;5826147,625;13,29898776;52,50724095
34806;141890;11;8;8041037;2020;8;16;2;3;5;3;0;1;1;0;0;0;0;0;805585,3809;5818535,169;13,49583664;52,43141961
34807;141891;11;6;6030504;2020;8;10;4;3;2;6;0;0;1;0;0;1;0;0;790835,2383;5817589,429;13,27868046;52,43098258
34808;141892;11;4;4041240;2020;8;12;3;3;5;3;0;0;1;0;0;0;0;1;790957,7608;5822385,939;13,28465643;52,47391881
34809;141893;11;1;1022104;2020;8;11;3;3;2;6;0;0;1;0;0;0;1;1;794128,1523;5828463,102;13,33656673;52,52669934
34810;141894;11;3;3020307;2020;8;8;2;3;2;6;0;0;1;0;1;0;0;0;800153,0387;5836453,132;13,43233757;52,59503232
34811;141895;11;1;1011401;2020;8;13;4;3;5;3;0;1;1;0;0;0;0;1;798043,0917;5829410,451;13,3949538;52,53306498
34812;141896;11;7;7040401;2020;8;18;3;3;5;3;0;1;1;0;0;0;0;0;797581,7909;5823265,213;13,38268025;52,47823211
34813;141897;11;11;11030721;2020;8;19;7;3;5;2;1;1;1;0;0;0;0;1;803792,0754;5827707,433;13,47789414;52,51462771
34814;141898;11;4;4030725;2020;8;12;6;3;2;6;0;0;1;0;0;0;0;0;791825,7228;5826109,632;13,3006602;52,50683826
34815;141899;11;2;2020202;2020;8;8;3;3;5;2;0;1;1;0;0;0;0;1;797938,672;5825259,618;13,38970239;52,49591504
34816;141900;11;1;1011202;2020;8;19;3;3;0;1;0;1;0;0;0;0;0;0;797655,4918;5828088,742;13,38807328;52,5214293
34817;141901;11;8;8010508;2020;8;10;5;3;0;1;0;1;0;0;0;0;0;0;802909,6979;5823527,619;13,46113007;52,47765515
34818;141902;11;9;9041403;2020;8;8;4;3;5;3;0;1;1;0;0;0;0;1;812413,9208;5819589,785;13,5969378;52,43701383
34819;141903;11;1;2010102;2020;8;14;2;3;5;2;0;1;0;0;0;0;1;0;798033,8835;5826576,655;13,39227946;52,50766867
34820;141904;11;2;2050801;2020;8;18;4;3;2;6;0;1;1;0;0;0;0;0;803582,5246;5827259,687;13,47440716;52,51073135
34821;141905;11;2;2010103;2020;8;17;3;3;0;3;0;1;1;0;0;0;0;0;799139,9818;5825784,044;13,40781619;52,49995869
34822;141906;11;4;4030931;2020;8;4;3;3;2;6;2;0;1;0;0;0;0;0;794369,676;5826063,712;13,3379938;52,50505994
34823;141907;11;9;9051702;2020;8;12;1;3;0;6;0;1;0;0;0;0;0;0;814560,8107;5820805,253;13,62956015;52,44667517
34824;141908;11;9;9031101;2020;8;18;6;3;0;1;0;1;0;0;0;0;0;0;811229,0124;5817688,365;13,57779392;52,4206496
34825;141909;11;1;1022103;2020;8;8;4;3;5;2;0;0;1;0;0;0;0;0;793379,5026;5829578,386;13,32654738;52,53710071
34826;141910;11;6;6030608;2020;8;12;7;2;1;5;0;1;1;0;0;0;0;0;791936,0364;5817770,27;13,29498366;52,43201749
34827;141911;11;12;12103219;2020;8;19;5;3;5;3;0;0;1;0;0;0;0;0;795062,806;5832467,537;13,35386108;52,56209076
34828;141912;11;2;2040703;2020;8;17;4;3;5;3;0;1;0;0;0;0;1;1;801743,1943;5826255,026;13,44647623;52,502747
34829;141913;11;8;8010301;2020;8;17;3;3;1;5;0;1;1;0;0;0;0;0;800566,0034;5824440,461;13,42754844;52,48713215
34830;141914;11;11;11051331;2020;8;17;3;2;5;2;0;1;1;0;0;0;0;0;807501,9581;5824462,4;13,52939727;52,48346668
34831;141915;11;9;9020502;2020;8;10;5;3;0;7;0;0;1;1;0;0;0;0;806938,5482;5821867;13,51873854;52,46052304
34832;141916;11;6;6020303;2020;8;18;7;3;5;2;0;1;1;0;0;0;0;1;795523,0201;5818638,372;13,34835902;52,43787353
34833;141917;11;1;1011401;2020;8;13;5;3;0;1;0;1;0;0;0;0;0;0;798165,7117;5829350,46;13,39670236;52,53246019
34834;141918;11;9;9020502;2020;8;20;4;3;5;3;2;1;1;0;0;0;0;1;808551,268;5821644,339;13,54219434;52,45761943
34835;141919;11;5;5010312;2020;8;10;3;3;5;2;0;1;1;0;0;0;0;0;784822,5934;5830260,185;13,20131513;52,54775348
34836;141920;11;1;1011302;2020;8;3;5;3;8;1;2;0;0;0;0;0;1;0;798658,1808;5828756,808;13,40340764;52,52686932
34837;141921;11;5;5030730;2020;8;16;4;3;2;2;0;0;1;0;0;0;0;1;786522,533;5831603,098;13,2274754;52,55890208
34838;141922;11;6;6010206;2020;8;13;2;3;5;3;0;1;0;0;0;0;0;0;794530,5608;5820050,813;13,3350464;52,45107078
34839;141923;11;2;2020206;2020;8;17;4;3;6;7;0;0;1;1;0;0;0;0;800211,6674;5824811,942;13,42268037;52,49065684
34840;141924;11;5;5010209;2020;8;17;3;2;2;7;0;0;1;0;0;0;0;0;781867,9307;5829583,06;13,15728267;52,54321899
34841;141925;11;3;3061228;2020;8;2;3;2;0;1;2;1;0;0;0;0;0;0;800751,5582;5830929,561;13,43613842;52,54519336
34842;141926;11;9;9020501;2020;8;17;1;3;5;2;0;1;1;0;0;0;0;0;805788,7471;5822881,744;13,50279787;52,47026223
34843;141927;11;4;4020311;2020;8;0;6;3;2;7;2;0;1;0;1;0;0;0;788854,7081;5827182,309;13,25793922;52,51803637
34844;141928;11;1;1033203;2020;8;13;4;3;2;6;0;0;1;0;1;0;0;1;796385,4821;5830093,56;13,3711974;52,54009224
34845;141929;11;1;1011105;2020;8;0;4;3;2;6;2;0;1;0;0;0;0;1;796629,339;5826691,177;13,37174764;52,50946074
34846;141930;11;5;5010209;2020;8;7;7;3;5;3;0;1;1;0;0;0;0;1;782805,6886;5830365,257;13,17174001;52,54974643
34847;141931;11;1;1033101;2020;8;18;5;3;5;2;0;1;1;0;0;0;0;0;797534,171;5832714,618;13,39043348;52,56296069
34848;141932;11;3;3061430;2020;8;17;4;3;5;2;0;1;1;0;0;0;0;1;802341,8775;5829201,585;13,45794683;52,52882551
34849;141933;11;5;5020625;2020;8;7;3;3;5;2;0;1;1;0;0;0;0;0;784740,7788;5828586,423;13,19867732;52,53278934
34850;141934;11;6;6040807;2020;8;16;3;3;5;2;0;1;1;0;0;0;0;0;789635,7354;5818176,446;13,2615954;52,43688183
34851;141935;11;8;8010510;2020;8;9;5;3;5;3;0;1;1;0;0;0;0;0;802482,7468;5822558,281;13,45398375;52,46920355
34852;141936;11;7;7070705;2020;8;15;3;3;5;3;0;1;1;0;0;0;0;0;799240,9713;5812651,586;13,39754052;52,38218763
34853;141937;11;7;7070704;2020;8;22;2;3;1;5;2;0;1;0;0;1;0;0;800488,5024;5814117,326;13,41712865;52,3946434
34854;141938;11;3;3061227;2020;8;15;4;3;5;3;0;1;1;0;0;0;0;0;800084,9816;5831671,348;13,42700854;52,55220976
34855;141939;11;9;9020601;2020;8;15;3;2;5;3;0;1;0;0;0;0;1;0;806529,2338;5821688,688;13,51256921;52,45915468
34856;141940;11;4;4051653;2020;8;16;1;3;5;3;0;1;1;0;0;0;0;0;793975,7444;5824708,48;13,3310104;52,49312338
34857;141941;11;5;5010313;2020;8;6;6;3;5;3;0;1;1;0;0;0;0;0;785007,8758;5829784,277;13,20363178;52,54338962
34858;141942;11;9;9010101;2020;8;15;3;3;5;3;0;1;0;0;0;0;0;0;802287,2507;5825476,553;13,45376058;52,49546842
34859;141943;11;4;4030518;2020;8;15;4;3;5;7;0;0;1;0;1;0;0;1;791538,8506;5828044,451;13,2981408;52,52433704
34860;141944;11;3;3030715;2020;8;13;2;3;5;2;0;1;1;0;0;0;0;0;801176,9306;5833197,268;13,44444965;52,56528399
34861;141945;11;8;8030829;2020;8;16;4;2;5;2;0;0;1;0;1;0;0;0;803151,7458;5818445,542;13,46006947;52,43197028
34862;141946;11;3;3050923;2020;8;15;2;3;5;3;0;0;1;0;0;0;0;0;800463,4526;5832321,987;13,43316268;52,55783292
34863;141947;11;6;6040810;2020;8;10;1;3;3;6;0;1;1;0;0;0;0;0;791603,5629;5821168,612;13,29307365;52,46266109
34864;141948;11;2;2040502;2020;8;8;6;3;5;2;0;1;1;0;0;0;0;0;800475,1565;5828227,223;13,42963185;52,52112415
34865;141949;11;12;12214424;2020;8;13;4;3;2;6;0;0;1;0;0;0;0;1;793179,344;5832282,316;13,32599201;52,56144778
34866;141950;11;7;7010104;2020;8;22;3;3;5;3;2;1;1;0;0;0;0;1;796371,9703;5825279,303;13,36670981;52,4969445
34867;141951;11;9;9020601;2020;8;15;3;2;6;4;0;0;1;1;0;0;0;0;807669,8388;5820991,792;13,52866165;52,45226808
34868;141952;11;10;10010308;2020;8;20;7;3;0;7;0;1;0;0;0;0;0;0;806566,9413;5828124,233;13,51904206;52,51681064
34869;141953;11;4;4061757;2020;8;17;5;3;2;6;0;1;1;0;0;0;0;0;789038,1726;5823756,746;13,25766193;52,48722784
34870;141954;11;1;1022204;2020;8;12;4;3;5;3;0;0;1;0;1;0;0;1;794765,3824;5828314,024;13,34580044;52,52501881
34871;141955;11;3;3061126;2020;8;8;3;3;5;3;0;1;0;0;0;0;1;0;798986,5369;5831812,357;13,410983;52,55407775
34872;141956;11;5;5010314;2020;8;13;5;3;3;6;0;0;1;0;1;0;0;0;785048,1739;5829422,674;13,20391412;52,54012643
34873;141957;11;5;5010314;2020;8;13;2;1;5;3;0;1;1;0;0;0;0;0;784768,2125;5828813,619;13,19927533;52,53481205
34874;141958;11;1;1033201;2020;8;20;2;3;5;3;2;1;1;0;0;0;0;0;797832,3954;5830453,633;13,39279177;52,54253093
34875;141959;11;1;1011301;2020;8;14;4;3;5;2;0;0;1;0;1;0;0;0;796781,8689;5828820,007;13,37588772;52,52846049
34876;141960;11;2;2040502;2020;8;9;2;2;0;2;0;1;0;0;0;0;1;0;801229,3802;5827982,867;13,44049317;52,51851783
34877;141961;11;12;12302110;2020;8;13;1;3;5;5;0;0;1;0;0;0;0;0;794836,4015;5836300,224;13,35393979;52,59657009
34878;141962;11;11;11030618;2020;8;12;6;3;5;2;0;1;1;0;0;0;0;0;802416,9404;5828957,586;13,45882805;52,52659694
34879;141963;11;1;1011306;2020;8;12;3;3;5;2;0;1;1;0;0;0;0;0;799978,7042;5826931,803;13,42116893;52,50978613
34880;141964;11;5;5020629;2020;8;19;3;3;3;2;0;0;1;0;1;0;0;1;785030,8544;5826303,537;13,20098565;52,51216943
34881;141965;11;7;7040401;2020;8;12;3;3;2;6;0;0;1;0;0;0;0;0;797302,8054;5823155,675;13,37848683;52,47740217
34882;141966;11;1;1011303;2020;8;15;5;3;6;4;0;1;0;1;0;0;0;0;798735,1917;5828278,009;13,40410934;52,52253538
34883;141967;11;1;1011306;2020;8;15;3;3;5;2;0;1;1;0;0;0;0;0;799979,5426;5826934,105;13,42118332;52,50980631
34884;141968;11;7;7030303;2020;8;20;3;3;5;2;0;0;1;0;0;0;0;1;795243,1389;5822266,4;13,3474614;52,47054774
34885;141969;11;12;12103117;2020;8;22;3;3;5;2;2;0;1;0;0;0;0;0;795782,0721;5832577,976;13,36453938;52,56269048
34886;141970;11;1;1033201;2020;8;21;6;3;1;5;2;0;1;0;0;0;0;0;797612,1756;5830856,168;13,38991473;52,54625947
34887;141971;11;12;12103117;2020;8;15;5;3;5;3;0;0;1;0;0;0;0;0;796236,6792;5832766,054;13,37139424;52,56412925
34888;141972;11;9;9020502;2020;8;11;4;3;2;6;0;0;1;0;0;0;0;1;807064,0851;5822542,284;13,5212017;52,46650458
34889;141973;11;1;1044103;2020;8;19;2;3;5;7;0;1;0;0;0;0;0;0;794992,8444;5830745,686;13,35130192;52,54669371
34890;141974;11;12;12214527;2020;8;7;4;3;6;7;0;0;1;1;0;0;0;0;790281,6517;5835032,633;13,28577377;52,58765677
34891;141975;11;5;5020626;2020;8;11;2;1;6;4;0;0;0;1;0;0;1;0;784727,0752;5827556,545;13,19759384;52,52356261
34892;141976;11;2;2020203;2020;8;7;2;3;5;2;0;1;0;0;0;0;1;0;797833,7006;5824901,972;13,38784098;52,49276645
34893;141977;11;1;1044201;2020;8;11;4;3;2;2;0;0;1;0;1;0;0;0;796674,3588;5831925,865;13,37708124;52,55635961
34894;141978;11;3;3061228;2020;8;9;2;3;5;2;0;0;1;0;0;0;0;0;801119,7441;5831070,017;13,44167884;52,54624892
34895;141979;11;8;8010301;2020;8;18;7;3;5;3;0;1;0;0;0;0;1;1;801485,9008;5823929,422;13,44059284;52,48204442
34896;141980;11;9;9010401;2020;8;10;6;3;5;3;0;0;1;0;1;0;0;0;806287,1724;5820685,28;13,50809736;52,45029743
34897;141981;11;1;1044201;2020;8;12;3;3;2;6;0;0;0;0;1;0;1;0;796999,3537;5831930,29;13,38186488;52,55622214
34898;141982;11;2;2020204;2020;8;8;5;3;0;1;0;1;0;0;0;0;0;0;798680,2689;5825139,559;13,40048616;52,49443354
34899;141983;11;7;7040403;2020;8;8;4;3;2;6;0;0;1;0;0;0;0;0;796904,0934;5822263,21;13,37183903;52,46961897
34900;141984;11;9;9010301;2020;8;13;2;3;5;2;0;0;1;0;0;0;0;0;804523,0057;5821937,803;13,4833603;52,46250898
34901;141985;11;8;8010405;2020;8;17;4;3;5;3;0;1;1;0;0;0;0;0;801646,7267;5823973,267;13,44299358;52,48234859
34902;141986;11;2;2040703;2020;8;10;2;3;3;2;0;1;0;0;0;1;0;0;801758,4156;5826260,242;13,44670452;52,50278534
34903;141987;11;2;2010102;2020;8;14;3;3;2;7;0;1;0;0;0;0;1;0;798133,5868;5826221,381;13,39342599;52,50442961
34904;141988;11;10;10010102;2020;8;16;1;3;6;7;0;0;1;1;0;0;0;0;809233,1927;5833579,923;13,56328748;52,56419743
34905;141989;11;8;8041036;2020;8;15;6;3;5;3;0;0;1;0;0;0;0;0;804452,115;5816484,954;13,47735349;52,41367572
34906;141990;11;4;4030726;2020;8;10;4;3;5;3;0;0;1;0;0;0;0;1;792087,6961;5825285,891;13,30378649;52,49931339
34907;141991;11;9;9010302;2020;8;14;2;3;6;7;0;1;0;1;0;0;0;0;804465,8459;5820815,45;13,48149808;52,45248148
34908;141992;11;6;6040702;2020;8;19;4;2;0;1;0;1;0;0;0;0;0;0;787243,6093;5816409,58;13,22498517;52,422302
34909;141993;11;2;2050803;2020;8;9;2;3;5;2;0;0;1;0;1;0;0;0;802295,4069;5826306,723;13,45463385;52,50290473
34910;141994;11;10;10010308;2020;8;13;3;3;0;3;0;0;0;0;0;0;1;0;807497,3915;5829157,886;13,53366658;52,52555046
34911;141995;11;1;1044103;2020;8;7;2;3;3;6;0;1;1;0;0;0;0;0;795499,6189;5830758,637;13,35876515;52,54653517
34912;141996;11;4;4010102;2020;8;19;6;3;5;2;0;1;1;0;0;0;0;0;793340,975;5829718,481;13,32610463;52,53837732
34913;141997;11;1;1011303;2020;8;8;4;3;1;5;0;0;1;0;1;0;0;0;799133,2007;5828549,78;13,41020256;52,5247532