;OBJECTID;LAND;BEZ;LOR;UJAHR;UMONAT;USTUNDE;UWOCHENTAG;UKATEGORIE;UART;UTYP1;ULICHTVERH;IstRad;IstPKW;IstFuss;IstKrad;IstGkfz;IstSonstige;USTRZUSTAND;LINREFX;LINREFY;XGCSWGS84;YGCSWGS84
34914;141998;11;6;6030608;2020;8;17;7;3;0;3;0;0;1;0;1;0;0;0;791931,2085;5817211,884;13,29442539;52,42701411
34915;141999;11;11;11041128;2020;8;8;5;3;0;1;0;0;0;0;1;0;0;0;805527,6448;5825994,281;13,50181867;52,49830435
34916;142000;11;4;4041343;2020;8;18;4;3;1;5;0;1;1;0;0;0;0;1;792640,4026;5823027,448;13,30992209;52,4787709
34917;142001;11;4;4051653;2020;8;18;3;3;5;3;0;1;1;0;0;0;0;0;794045,2478;5824716,824;13,33203855;52,49316074
34918;142002;11;1;1033202;2020;8;10;3;3;0;1;0;0;0;0;1;0;0;1;797866,5959;5829855,055;13,39275797;52,53714676
34919;142003;11;3;3030405;2020;8;12;5;3;1;5;0;1;1;0;0;0;0;0;804286,4465;5838615,851;13,49516047;52,6121186
34920;142004;11;12;12302107;2020;8;15;4;3;5;3;0;0;1;0;0;0;0;1;793842,7753;5836157,752;13,33918603;52,59583073
34921;142005;11;11;11020514;2020;8;13;2;3;6;4;0;1;0;1;0;0;0;0;803777,7743;5830345,512;13,48009402;52,53827992
34922;142006;11;1;1011105;2020;8;16;4;2;2;6;0;0;1;0;1;0;0;0;796281,9935;5826773,458;13,36671784;52,51038707
34923;142007;11;2;2040502;2020;8;22;2;2;0;1;2;1;0;0;0;0;0;0;800852,1108;5828500,036;13,43541763;52,52336159
34924;142008;11;7;7040403;2020;8;19;3;3;5;2;2;0;0;0;1;0;1;1;797355,8207;5821921,346;13,37816487;52,46630881
34925;142009;11;1;1011103;2020;8;11;1;3;5;3;0;0;1;0;0;0;1;0;795180,6404;5825889,821;13,34975308;52,503063
34926;142010;11;12;12231102;2020;8;13;6;3;5;3;0;1;1;0;0;0;0;0;789633,6795;5840165,344;13,28072921;52,63401665
34927;142011;11;9;9031101;2020;8;13;4;3;5;3;0;0;1;0;0;0;0;1;811387,5778;5817433,274;13,57988077;52,41827338
34928;142012;11;1;1044101;2020;8;8;3;3;0;6;0;1;0;0;0;0;0;0;794132,9761;5831115,251;13,33898533;52,55047154
34929;142013;11;4;4010102;2020;8;9;3;3;5;2;0;0;1;0;0;0;0;1;792422,8113;5830321,69;13,31313654;52,54427836
34930;142014;11;1;1011301;2020;8;21;7;3;1;5;2;1;1;0;0;0;0;0;796489,7901;5829268,101;13,37199445;52,53263612
34931;142015;11;4;4051445;2020;8;17;5;3;0;3;0;0;1;0;1;0;0;0;791989,2037;5824744,757;13,30186532;52,49451492
34932;142016;11;1;1033101;2020;8;13;4;3;2;6;0;0;1;0;0;0;0;1;797491,4364;5832654,272;13,38975079;52,56244312
34933;142017;11;2;2050601;2020;8;4;3;3;0;7;2;1;0;0;0;0;0;0;801889,0324;5828995,177;13,45110426;52,52722643
34934;142018;11;9;9020501;2020;8;14;4;3;5;2;0;1;1;0;0;0;0;1;806495,3764;5822093,356;13,512444;52,46280045
34935;142019;11;10;10040933;2020;8;7;4;3;5;3;0;1;1;0;0;0;0;0;813364,349;5824972,295;13,61592602;52,48470337
34936;142020;11;1;1022203;2020;8;10;3;3;5;7;0;0;1;0;0;0;1;1;794722,6511;5828443,332;13,34528702;52,52620105
34937;142021;11;11;11020514;2020;8;9;7;2;6;2;0;0;1;1;0;0;0;1;804370,9937;5830843,563;13,48926987;52,54241272
34938;142022;11;4;4031032;2020;8;19;5;3;5;2;0;1;1;0;0;0;0;0;790963,1023;5824811,796;13,28685242;52,4956639
34939;142023;11;8;8010118;2020;8;17;4;3;3;6;0;0;1;0;0;0;1;1;800780,3007;5822709,819;13,42913385;52,4715018
34940;142024;11;3;3061131;2020;8;16;3;3;5;3;0;1;0;0;0;0;0;0;798622,993;5830284,361;13,40426292;52,54058094
34941;142025;11;3;3040512;2020;8;9;2;3;0;1;0;0;0;0;1;0;0;0;796632,1379;5835794,326;13,37992088;52,5910588
34942;142026;11;12;12214527;2020;8;9;5;3;6;2;0;0;0;1;0;0;1;0;790113,5323;5835289,864;13,28352443;52,59005252
34943;142027;11;9;9010301;2020;8;20;2;2;5;2;0;1;1;0;0;0;0;0;804919,5786;5822560,403;13,48974827;52,46786799
34944;142028;11;2;2010103;2020;8;7;2;3;5;7;0;1;0;0;1;0;0;0;799352,1739;5826347,721;13,4114395;52,50489487
34945;142029;11;5;5010314;2020;8;15;4;2;4;7;0;0;1;0;0;0;0;0;784181,8194;5828967,643;13,19078508;52,53649912
34946;142030;11;1;1033102;2020;8;20;2;3;5;3;0;1;1;0;0;0;0;0;797140,7804;5831820,871;13,38384687;52,55516418
34947;142031;11;2;2030302;2020;8;3;1;3;0;1;2;1;0;0;0;0;0;0;801444,8121;5826053,151;13,4419109;52,50110248
34948;142032;11;8;8040933;2020;8;7;6;3;3;6;2;1;1;0;0;0;0;0;803658,2115;5818666,804;13,46769713;52,43367255
34949;142033;11;9;9020801;2020;8;6;4;3;2;6;0;0;1;0;0;0;0;1;809763,6924;5820699,74;13,55910512;52,44846836
34950;142034;11;2;2040703;2020;8;21;3;3;3;6;1;0;1;0;1;0;0;1;800905,394;5826861,271;13,4347186;52,50864357
34951;142035;11;9;9010401;2020;8;15;3;3;5;3;0;1;0;0;0;0;1;0;806287,5686;5820688,09;13,50810575;52,45032239
34952;142036;11;11;11010103;2020;8;10;3;2;5;3;0;0;1;0;1;0;0;1;807893,7223;5833927,948;13,54391191;52,56807546
34953;142037;11;2;2030302;2020;8;15;6;2;6;7;0;1;0;1;0;0;0;0;800565,4961;5825807,871;13,42877458;52,49938899
34954;142038;11;3;3020209;2020;8;16;5;2;0;1;0;1;0;0;0;0;0;0;797209,3606;5835569,146;13,38821468;52,58872526
34955;142039;11;1;1033202;2020;8;12;4;3;0;1;0;0;1;0;1;0;0;1;797857,9978;5829844,908;13,39262248;52,53706051
34956;142040;11;3;3050925;2020;8;7;3;3;6;4;0;0;0;1;0;0;1;0;802224,7917;5831552,254;13,4583642;52,54995928
34957;142041;11;4;4031032;2020;8;12;5;3;5;2;0;1;1;0;0;0;1;0;790954,8291;5824832,261;13,28674877;52,49585178
34958;142042;11;3;3040513;2020;8;19;2;3;5;3;0;1;1;0;0;0;0;0;797582,5342;5834108,096;13,39239506;52,57542493
34959;142043;11;1;1033102;2020;8;9;2;3;5;3;0;1;0;0;0;0;1;0;797182,8116;5831917,668;13,38455166;52,55600891
34960;142044;11;8;8010118;2020;8;13;4;3;2;7;0;0;1;0;0;0;1;0;800846,5755;5822361,523;13,42979254;52,46834341
34961;142045;11;4;4020205;2020;8;14;5;3;2;3;0;1;1;0;0;0;0;0;787516,4634;5827572,109;13,2386082;52,52223836
34962;142046;11;2;2010101;2020;8;18;2;3;2;6;0;1;0;0;0;0;0;0;797821,831;5825881,719;13,38854267;52,50155521
34963;142047;11;2;2010104;2020;8;11;2;3;5;3;0;0;1;0;1;0;0;0;799578,1164;5825656,975;13,41413699;52,49857936
34964;142048;11;12;12103219;2020;8;15;4;3;2;6;0;0;1;0;0;0;0;0;795739,798;5832722,988;13,3640468;52,56401334
34965;142049;11;10;10040932;2020;8;18;2;2;5;3;0;0;1;0;0;0;0;0;813016,1369;5827637,685;13,61331933;52,50878781
34966;142050;11;10;10010311;2020;8;15;1;3;5;3;0;0;1;0;0;0;0;0;809990,4207;5831264,564;13,57226128;52,54301785
34967;142051;11;5;5010103;2020;8;5;6;3;5;3;0;0;1;0;0;0;1;0;784452,1002;5831831,931;13,19721294;52,56203931
34968;142052;11;1;1044201;2020;8;15;3;3;5;2;0;1;1;0;0;0;0;0;796875,2685;5831904,783;13,38001716;52,55606115
34969;142053;11;6;6030608;2020;8;20;3;2;5;2;0;1;1;0;0;0;0;1;791643,5643;5817287,739;13,29027306;52,42784756
34970;142054;11;1;1044202;2020;8;13;3;3;0;3;0;1;0;0;1;0;0;0;794632,2846;5829875,933;13,3452287;52,53909214
34971;142055;11;5;5020625;2020;8;9;3;3;5;2;0;0;0;0;0;1;1;1;784452,915;5828671,699;13,19451794;52,53370424
34972;142056;11;2;2030301;2020;8;20;6;3;1;5;0;1;1;0;0;0;0;0;799855,7344;5825832,987;13,41837281;52,50000457
34973;142057;11;4;4051447;2020;8;15;5;3;5;2;0;1;1;0;0;0;0;0;793453,5954;5824717,406;13,32334949;52,49348436
34974;142058;11;9;9020802;2020;8;10;4;3;4;6;0;0;1;0;0;0;0;1;810289,4663;5819721,372;13,56590832;52,43940238
34975;142059;11;4;4041134;2020;8;16;2;3;5;3;0;1;1;0;0;0;0;0;790975,4463;5823877,832;13,28621811;52,48728431
34976;142060;11;1;1011402;2020;8;20;4;3;4;6;1;1;0;0;0;0;1;0;798145,869;5829869,18;13,39687602;52,53712066
34977;142061;11;3;3061430;2020;8;15;2;2;5;2;0;1;1;0;0;0;0;0;802416,5128;5829233,442;13,45907266;52,52906964
34978;142062;11;1;1044202;2020;8;14;3;3;6;4;0;0;1;1;0;0;0;0;795229,6038;5830176,246;13,35427718;52,54146092
34979;142063;11;4;4041241;2020;8;18;2;3;6;7;0;1;0;1;0;0;0;0;791710,3598;5822435,525;13,29574881;52,47396193
34980;142064;11;2;2010102;2020;8;9;4;3;1;5;0;1;1;0;0;0;0;0;797976,207;5826112,49;13,39101672;52,50353951
34981;142065;11;11;11010205;2020;8;17;2;2;6;4;0;0;1;1;0;0;0;0;806352,0547;5833670,454;13,52099931;52,56663751
34982;142066;11;4;4051655;2020;8;18;7;3;5;2;0;0;1;0;0;0;0;1;794010,352;5823930,807;13,33083254;52,48613328
34983;142067;11;5;5010313;2020;8;19;5;2;9;1;0;0;0;0;1;0;0;0;784401,8525;5829935,697;13,19484915;52,54506394
34984;142068;11;9;9010301;2020;8;21;4;3;5;2;2;0;1;0;0;0;0;1;805018,7303;5822706,771;13,49133714;52,46912448
34985;142069;11;11;11040926;2020;8;11;3;3;2;6;0;0;1;0;1;0;0;0;806130,6958;5826695,518;13,51131908;52,50425112
34986;142070;11;4;4041137;2020;8;17;2;3;5;2;0;0;1;0;1;0;0;0;791505,706;5824387,174;13,29445085;52,49156765
34987;142071;11;9;9010302;2020;8;16;7;2;0;3;0;0;1;0;0;0;1;0;804938,596;5820712,051;13,48833902;52,45129124
34988;142072;11;2;2050803;2020;8;12;6;3;0;1;0;0;0;0;1;0;0;0;803138,1541;5826336,119;13,4670384;52,50270067
34989;142073;11;2;2030301;2020;8;9;3;3;0;5;0;1;1;0;0;0;0;1;800007,0759;5826251,058;13,42097226;52,50366873
34990;142074;11;11;11040925;2020;8;20;3;3;5;2;1;1;1;0;0;0;0;1;803712,3109;5826290,498;13,47542954;52,50197252
34991;142075;11;12;12103218;2020;8;14;5;2;6;4;0;0;1;1;0;0;0;0;794649,9395;5833017,303;13,34827629;52,56724255
34992;142076;11;8;8010303;2020;8;9;4;3;6;7;0;0;0;1;0;0;1;1;801149,3418;5823780,722;13,43551748;52,48089729
34993;142077;11;4;4051445;2020;8;15;2;3;5;3;0;0;1;0;1;0;0;0;792226,6313;5824621,099;13,30524414;52,49327928
34994;142078;11;1;1011203;2020;8;17;4;3;3;6;0;1;0;0;0;0;1;0;797771,9066;5827377,796;13,38914767;52,51499298
34995;142079;11;11;11030619;2020;8;17;2;3;5;2;0;1;0;0;0;0;1;0;804143,6974;5829830,759;13,4850016;52,5334623
34996;142080;11;7;7010101;2020;8;13;3;3;2;6;0;1;0;0;0;0;0;0;794975,6587;5824931,314;13,34589302;52,49458149
34997;142081;11;8;8041035;2020;8;7;2;3;5;3;0;0;1;0;0;0;0;0;804418,0595;5819047,251;13,47918609;52,4366601
34998;142082;11;11;11051330;2020;8;18;6;3;5;3;0;1;1;0;0;0;0;0;807014,6389;5824836,035;13,52258766;52,48708948
34999;142083;11;6;6030503;2020;8;8;4;2;5;2;0;1;1;0;0;0;0;0;789850,1555;5817834,798;13,26444459;52,43370524
35000;142084;11;7;7040405;2020;8;9;3;3;5;3;0;0;1;0;0;0;0;1;799073,0421;5821704,714;13,40317365;52,46342973
35001;142085;11;8;8030830;2020;8;14;7;3;2;6;0;0;1;0;0;0;0;0;802832,2963;5817481,548;13,45451222;52,42350682
35002;142086;11;9;9020801;2020;8;19;5;3;5;3;0;1;1;0;0;0;0;0;810487,9937;5820331,081;13,56938603;52,44475373
35003;142087;11;1;1022202;2020;8;18;4;3;0;6;0;0;1;0;0;0;1;1;795681,8365;5829753,535;13,36054991;52,53742649
35004;142088;11;10;10040830;2020;8;17;3;3;5;3;0;0;1;0;1;0;0;0;810910,5166;5826689,168;13,58150857;52,50149177
35005;142089;11;4;4051652;2020;8;9;3;3;0;5;0;1;1;0;0;0;0;1;793442,2486;5824124,272;13,3226605;52,48817325
35006;142090;11;11;11040926;2020;8;10;5;3;5;7;0;0;1;0;0;0;1;0;806684,1623;5826912,094;13,51964723;52,50588133
35007;142091;11;4;4030620;2020;8;15;4;3;5;2;0;1;1;0;0;0;0;1;792281,652;5827244,921;13,30835572;52,51677178
35008;142092;11;2;2010101;2020;8;13;2;3;8;1;0;0;1;0;0;0;0;0;797625,4958;5826402,586;13,38612439;52,50633129
35009;142093;11;8;8040933;2020;8;15;4;3;5;3;0;0;1;0;0;0;0;0;803567,9017;5818641,963;13,46635024;52,43350002
35010;142094;11;1;1011202;2020;8;5;5;2;5;2;0;0;0;0;1;0;1;0;797651,0904;5828114,823;13,38803194;52,52166548
35011;142095;11;7;7070704;2020;8;16;4;3;0;7;0;1;0;0;0;0;1;1;800702,4172;5814149,511;13,42029189;52,39481451
35012;142096;11;10;10010207;2020;8;7;2;3;0;5;0;1;1;0;0;0;0;0;808699,4641;5831521,905;13,55352472;52,54605696
35013;142097;11;4;4041344;2020;8;17;4;2;5;2;0;0;1;0;1;0;1;0;792888,6737;5821912,553;13,31258831;52,46864305
35014;142098;11;11;11010103;2020;8;17;2;3;4;6;0;0;1;0;0;0;0;0;807918,521;5833919,755;13,54426904;52,56798801
35015;142099;11;8;8041035;2020;8;13;3;3;5;3;0;0;1;0;0;0;0;0;804753,8237;5818467,768;13,48358189;52,43127937
35016;142100;11;1;1011401;2020;8;16;1;2;0;1;0;0;0;0;1;0;0;0;797269,9033;5829093,641;13,38330533;52,53064739
35017;142101;11;2;2030302;2020;8;15;6;3;0;7;0;0;0;0;1;0;0;0;800910,4625;5826350,422;13,43433132;52,50406191
35018;142102;11;1;1011401;2020;8;14;4;3;5;3;0;1;0;0;0;0;1;1;798322,2235;5829380,341;13,39902968;52,53264238
35019;142103;11;8;8041035;2020;8;7;4;3;5;3;0;1;1;0;0;0;0;0;804095,7259;5819272,427;13,47466386;52,43885763
35020;142104;11;5;5020626;2020;8;8;7;3;5;2;0;0;1;0;1;0;0;1;784737,5221;5827493,183;13,19769315;52,52298904
35021;142105;11;1;1022204;2020;8;18;5;2;6;4;0;1;0;1;0;0;0;0;794741,3963;5828317,449;13,34545095;52,52506247
35022;142106;11;8;8010211;2020;8;17;4;3;0;7;0;0;0;1;0;0;1;1;801056,0354;5823701,147;13,43407583;52,48023549
35023;142107;11;1;1011204;2020;8;6;3;2;8;1;0;0;1;0;0;0;0;0;798620,0869;5826979,524;13,4012524;52,51095929
35024;142108;11;1;1011204;2020;8;16;2;3;5;2;0;0;1;0;1;0;0;0;798388,4714;5827180,841;13,39803014;52,51289058
35025;142109;11;7;7010104;2020;8;9;5;3;0;5;0;0;0;0;1;0;1;0;796756,758;5824802,087;13,37193621;52,49245764
35026;142110;11;1;1033102;2020;8;16;2;3;2;6;0;0;1;0;1;0;0;0;797195,0501;5831916,769;13,38473085;52,55599418
35027;142111;11;12;12214125;2020;8;11;2;3;0;2;0;0;0;0;0;1;1;0;791168,0431;5834028,958;13,29793883;52,57818535
35028;142112;11;1;1011204;2020;8;15;4;3;0;2;0;1;1;0;0;0;0;0;798619,3457;5826919,159;13,40118735;52,51041861
35029;142113;11;2;2040503;2020;8;16;2;3;0;1;0;0;1;0;1;0;0;0;801741,3548;5827901,995;13,44794227;52,51750995
35030;142114;11;11;11051332;2020;8;12;1;3;5;3;0;1;0;0;0;0;0;0;807113,439;5823679,572;13,52297289;52,47666948
35031;142115;11;10;10010308;2020;8;7;6;3;4;6;0;1;0;0;0;0;0;0;806511,8311;5829272,191;13,51929028;52,52712983
35032;142116;11;6;6030504;2020;8;16;4;2;3;6;0;1;0;0;0;0;0;1;789924,5044;5816390,079;13,26428279;52,42071338
35033;142117;11;8;8010214;2020;8;20;3;3;1;5;1;0;1;0;1;0;0;1;801641,5508;5822205,199;13,44131864;52,4665039
35034;142118;11;5;5040934;2020;8;14;3;3;2;6;0;0;1;0;1;0;0;0;783885,3953;5822793,381;13,1811603;52,48129396
35035;142119;11;2;2040701;2020;8;8;3;3;5;2;0;1;1;0;0;0;0;0;800718,0758;5827873,806;13,43288187;52,51782248
35036;142120;11;3;3030711;2020;8;8;6;3;0;2;0;1;1;0;0;0;0;0;800859,7738;5836035,662;13,4423606;52,59090003
35037;142121;11;3;3071536;2020;8;16;5;3;5;2;0;1;1;0;0;0;0;0;799003,3261;5830076,088;13,40966682;52,53850553
35038;142122;11;4;4020208;2020;8;15;2;3;1;5;0;0;1;0;1;0;0;0;788855,3061;5826000,98;13,25692259;52,50744504
35039;142123;11;3;3040614;2020;8;11;1;3;2;2;0;0;1;0;0;0;0;0;797877,9869;5833068,338;13,3958082;52,56594332
35040;142124;11;8;8020620;2020;8;9;6;3;6;4;0;0;1;1;0;0;0;0;801112,4968;5821519,468;13,43293562;52,4606493
35041;142125;11;2;2040703;2020;8;13;4;3;6;4;0;1;0;1;0;0;0;1;801947,4102;5826800,343;13,44997024;52,50752175
35042;142126;11;1;1011101;2020;8;16;3;3;6;7;0;1;0;1;0;0;0;1;794599,8452;5826086,352;13,34139516;52,50513866
35043;142127;11;9;9051801;2020;8;15;3;3;5;3;0;1;1;0;0;0;0;0;820195,3148;5819623,495;13,71105238;52,43281658
35044;142128;11;6;6020411;2020;8;20;7;3;1;5;0;1;1;0;0;0;0;1;793741,9227;5815705,194;13,31965708;52,4125379
35045;142129;11;8;8020622;2020;8;14;5;3;0;7;0;0;0;0;1;0;0;1;801261,982;5819678,316;13,43346836;52,44406406
35046;142130;11;4;4030827;2020;8;13;4;3;2;6;0;0;1;0;0;0;0;1;792457,3859;5826102,785;13,30993447;52,50643864
35047;142131;11;7;7040406;2020;8;9;3;3;5;2;0;1;1;0;0;0;0;0;800302,4465;5821982,72;13,42146559;52,46524738
35048;142132;11;8;8041035;2020;8;13;5;3;2;6;0;0;1;0;0;0;0;0;803990,0607;5819113,389;13,47296954;52,43749093
35049;142133;11;9;9051801;2020;8;15;2;3;0;3;0;0;1;0;1;0;0;0;818282,7933;5820684,974;13,68402639;52,44344372
35050;142134;11;4;4030725;2020;8;20;2;3;5;2;2;1;1;0;0;0;0;0;791990,9182;5825974,098;13,30296836;52,50553484
35051;142135;11;7;7010102;2020;8;14;4;3;0;4;0;0;0;1;0;0;1;0;795262,3161;5825276,254;13,35040889;52,49751864
35052;142136;11;9;9030901;2020;8;15;2;3;5;3;0;1;1;0;0;0;0;0;807728,2238;5817906,894;13,52667809;52,42458775
35053;142137;11;11;11010207;2020;8;13;1;2;6;4;0;0;1;1;0;0;0;0;805146,4349;5834428,985;13,50396508;52,57411278
35054;142138;11;8;8010404;2020;8;12;6;3;5;2;0;1;1;0;0;0;0;0;802575,4395;5823075,612;13,45581336;52,47378908
35055;142139;11;1;1011402;2020;8;17;3;3;1;1;0;1;1;0;0;0;0;0;798527,3567;5829148,968;13,40183708;52,53045615
35056;142140;11;5;5020522;2020;8;19;3;3;0;6;0;0;0;0;0;1;1;1;781832,1507;5827188,108;13,15472571;52,5217632
35057;142141;11;9;9010101;2020;8;20;3;3;0;3;2;1;1;0;0;0;0;1;802632,6974;5824457,519;13,45790803;52,48614341
35058;142142;11;6;6010204;2020;8;15;5;3;6;6;0;0;1;1;0;0;0;0;795189,3255;5820159,003;13,3448078;52,45168532
35059;142143;11;8;8010214;2020;8;10;4;3;5;3;0;1;1;0;0;0;0;1;801716,7173;5822139,085;13,44236199;52,46586981
35060;142144;11;1;1011204;2020;8;15;2;3;5;3;0;0;0;0;1;0;1;0;797864,2837;5826764,37;13,38995592;52,50944393
35061;142145;11;2;2040702;2020;8;19;4;3;2;6;0;1;1;0;0;0;0;0;801846,8964;5827409,648;13,44904633;52,51303861
35062;142146;11;8;8010115;2020;8;15;2;3;5;7;0;0;1;0;0;0;0;0;799269,3113;5823820,865;13,40795253;52,48229066
35063;142147;11;7;7040402;2020;8;11;4;3;8;1;0;0;1;0;0;0;0;1;796817,5237;5821004,775;13,36944913;52,45838528
35064;142148;11;10;10040931;2020;8;7;3;3;5;3;0;0;1;0;0;0;0;0;813402,2652;5828578,764;13,61987631;52,5169991
35065;142149;11;5;5010314;2020;8;8;5;1;6;4;0;0;1;1;0;0;0;0;785147,2166;5829364,306;13,20532044;52,53955129
35066;142150;11;1;1011203;2020;8;14;2;3;5;3;0;0;1;0;1;0;0;0;797947,6614;5827078,389;13,39146195;52,51221319
35067;142151;11;11;11030618;2020;8;8;2;3;1;5;0;1;1;0;0;0;0;0;802850,7205;5829223,064;13,4654444;52,52873558
35068;142152;11;4;4020311;2020;8;13;4;3;5;7;0;0;1;0;0;0;1;0;789552,4568;5826581,885;13,26767109;52,51228341
35069;142153;11;8;8020621;2020;8;14;2;3;5;3;0;0;1;0;0;0;0;0;800351,237;5819247,857;13,41972201;52,44070664
35070;142154;11;1;1011306;2020;8;19;7;3;5;2;0;1;1;0;0;0;0;0;799981,4599;5826939,37;13,42121623;52,50985244
35071;142155;11;1;1011302;2020;8;10;6;3;6;4;0;1;0;1;0;0;0;0;798557,4094;5828955,019;13,40210462;52,5287012
35072;142156;11;2;2050803;2020;8;10;3;3;5;2;0;0;1;0;1;0;0;1;803119,704;5826173,545;13,46661944;52,50125379
35073;142157;11;12;12231101;2020;8;12;3;2;6;7;0;1;0;1;0;0;0;0;792536,563;5838099,037;13,32167275;52,61393753
35074;142158;11;3;3071536;2020;8;8;3;3;1;5;0;1;1;0;0;0;0;0;798940,3868;5829963,831;13,40864059;52,53753384
35075;142159;11;10;10010207;2020;8;0;5;2;0;6;2;0;1;0;0;0;1;0;809050,8877;5831744,096;13,55889738;52,54784893
35076;142160;11;5;5020521;2020;8;8;4;3;5;3;0;0;1;0;0;0;0;0;780787,8784;5827485,992;13,13962647;52,52497301
35077;142161;11;3;3040818;2020;8;14;2;3;5;2;0;0;1;0;0;0;0;0;800021,2224;5833422,378;13,42765399;52,56793981
35078;142162;11;11;11041128;2020;8;18;4;3;1;5;0;1;1;0;0;0;0;0;806780,8049;5825680,645;13,51993231;52,4947905
35079;142163;11;6;6040701;2020;8;8;2;3;6;7;0;1;0;1;0;0;0;0;782959,4938;5815961,005;13,16177377;52,42051201
35080;142164;11;4;4020311;2020;8;13;3;3;2;6;0;0;1;0;0;1;0;0;789978,7617;5826211,621;13,27361275;52,50873746
35081;142165;11;4;4051655;2020;8;13;1;3;6;4;0;0;1;1;0;0;0;0;794194,5806;5823299,259;13,33298049;52,48037253
35082;142166;11;7;7050501;2020;8;13;6;2;5;3;0;1;1;0;0;0;0;0;797464,5125;5820309,898;13,37832426;52,45180465
35083;142167;11;4;4051653;2020;8;8;4;3;2;6;0;0;1;0;0;0;0;0;793971,4795;5824763,82;13,33099659;52,49362177
35084;142168;11;2;2050801;2020;8;13;7;3;1;5;0;1;1;0;0;0;0;1;803089,4908;5827070,865;13,46699257;52,50931313
35085;142169;11;1;1033202;2020;8;19;5;2;5;2;0;1;0;0;0;0;1;0;797763,3542;5829744,547;13,39114127;52,53621262
35086;142170;11;4;4031032;2020;8;13;3;3;1;5;0;1;1;0;0;0;0;0;791579,7398;5824953,318;13,2960337;52,49660355
35087;142171;11;5;5010311;2020;8;16;2;3;5;2;0;0;0;0;1;0;0;1;785395,2678;5830309,683;13,20978022;52,54789754
35088;142172;11;5;5010314;2020;8;19;6;3;0;3;0;1;1;0;0;0;0;0;784664,5474;5828832,959;13,19776768;52,53503961
35089;142173;11;1;1044203;2020;8;9;4;3;5;2;0;1;1;0;0;0;0;0;795901,4223;5831965,393;13,36574874;52,55713445
35090;142174;11;8;8010303;2020;8;16;7;3;0;1;0;1;0;0;0;0;0;0;800340,7004;5824370,922;13,42417766;52,48663284
35091;142175;11;8;8010404;2020;8;13;5;3;1;5;0;0;1;0;0;0;1;0;801598,9598;5823778,305;13,44211595;52,4806275
35092;142176;11;2;2040701;2020;8;18;4;3;5;2;0;1;1;0;0;0;0;1;800718,0341;5827873,451;13,43288093;52,51781931
35093;142177;11;4;4030931;2020;8;17;3;3;2;6;0;0;1;0;1;0;0;0;793894,5762;5825876,345;13,33084882;52,50363642
35094;142178;11;5;5010339;2020;8;12;5;2;3;6;0;0;1;0;0;1;1;0;786901,9018;5828191,38;13,23010941;52,52811425
35095;142179;11;9;9010402;2020;8;16;4;3;2;6;0;0;1;0;0;0;1;1;805900,8372;5819000,172;13,50088759;52,43541092
35096;142180;11;2;2040703;2020;8;13;2;2;5;7;0;1;1;0;0;0;0;0;801379,0281;5827330,105;13,44210073;52,51258436
35097;142181;11;8;8030831;2020;8;16;4;3;5;3;0;1;0;0;1;0;0;0;803726,9247;5818020,182;13,46811746;52,42783876
35098;142182;11;1;1044203;2020;8;11;2;3;5;2;0;1;0;0;0;0;1;0;795436,1307;5831605,226;13,35858485;52,5541585
35099;142183;11;8;8020625;2020;8;12;3;2;1;5;0;1;1;0;0;0;0;1;801593,1752;5817570,011;13,43642456;52,42498408
35100;142184;11;12;12103218;2020;8;16;1;3;6;4;0;0;1;1;0;0;0;0;793349,2432;5832695,884;13,32885682;52,56506368
35101;142185;11;3;3050919;2020;8;14;6;3;5;2;0;1;1;0;0;0;0;0;802060,9939;5832765,662;13,45705995;52,56092579
35102;142186;11;11;11030721;2020;8;13;4;3;5;2;0;1;1;0;0;0;0;1;804296,7046;5828423,976;13,48596299;52,52076851
35103;142187;11;12;12214422;2020;8;13;3;3;5;2;0;1;1;0;0;0;0;0;792082,3606;5832942,522;13,31043666;52,56795586
35104;142188;11;4;4030417;2020;8;1;7;3;0;1;2;0;0;0;0;0;1;0;791183,1083;5826514,456;13,29157297;52,51081086
35105;142189;11;7;7020203;2020;8;17;5;3;2;6;0;1;1;0;0;0;0;0;795877,7252;5824525,385;13,35878102;52,49045442
35106;142190;11;9;9020701;2020;8;11;4;3;5;3;0;0;1;0;0;0;0;1;807669,1305;5819375,53;13,527163;52,43778323
35107;142191;11;3;3040614;2020;8;7;3;3;5;3;0;1;1;0;0;0;0;0;798625,6157;5834002,492;13,40764665;52,57390702
35108;142192;11;2;2020201;2020;8;8;5;3;5;3;0;1;0;0;0;0;1;0;796853,912;5825717,016;13,37417835;52,50060623
35109;142193;11;2;2020206;2020;8;8;2;3;3;6;0;0;0;0;0;0;1;0;800271,1829;5824577,245;13,42334283;52,48852043
35110;142194;11;8;8020727;2020;8;22;2;3;5;3;2;0;1;0;1;0;0;0;801703,2556;5817218,486;13,43772155;52,42177256
35111;142195;11;2;2040703;2020;8;17;4;3;5;2;0;1;1;0;0;0;0;1;801760,37;5826241,668;13,44671639;52,50261777