;OBJECTID;LAND;BEZ;LOR;UJAHR;UMONAT;USTUNDE;UWOCHENTAG;UKATEGORIE;UART;UTYP1;ULICHTVERH;IstRad;IstPKW;IstFuss;IstKrad;IstGkfz;IstSonstige;USTRZUSTAND;LINREFX;LINREFY;XGCSWGS84;YGCSWGS84
35508;142592;11;1;1011202;2020;9;9;6;3;0;1;0;0;0;0;1;0;0;1;797911,5516;5828063,617;13,3918136;52,52106425
35509;142593;11;6;6030608;2020;8;19;5;3;5;3;0;1;1;0;0;0;0;0;790976,4666;5817443,504;13,2806249;52,42959923
35510;142594;11;1;1022106;2020;9;18;3;3;3;7;0;1;0;0;0;0;0;0;794027,8998;5828242,357;13,33489804;52,52477457
35511;142595;11;6;6040804;2020;9;11;2;2;3;6;0;1;0;0;0;0;0;0;787922,5256;5818466,518;13,23671279;52,44038713
35512;142596;11;3;3040818;2020;9;16;5;3;0;3;0;0;1;0;1;0;0;0;799636,2726;5832820,359;13,42144766;52,56275575
35513;142597;11;7;7010101;2020;8;19;5;2;5;2;0;1;1;0;0;0;0;0;794482,8013;5824874,446;13,33860409;52,49433784
35514;142598;11;11;11040925;2020;9;19;4;3;2;6;2;0;1;0;0;0;1;1;803610,4955;5826395,604;13,47403002;52,50297122
35515;142599;11;7;7040405;2020;8;15;2;3;5;2;0;1;0;0;0;0;1;0;798925,572;5821223,18;13,40057821;52,45919409
35516;142600;11;5;5030730;2020;9;21;3;2;5;2;2;0;1;0;0;0;0;0;785968,8447;5829214,661;13,2172733;52,53777903
35517;142601;11;2;2050801;2020;8;15;5;3;0;1;0;1;0;0;0;0;0;0;802954,3606;5827086,481;13,46502177;52,50952814
35518;142602;11;1;1011304;2020;9;14;7;3;6;7;0;0;1;1;0;0;0;0;799476,6548;5827970,237;13,41472805;52,51936995
35519;142603;11;1;1011203;2020;8;11;5;3;0;2;0;1;0;0;0;0;0;0;797699,8516;5827039,386;13,38778622;52,51199887
35520;142604;11;1;2010101;2020;9;20;3;3;5;3;1;1;1;0;0;0;0;0;797045,0527;5826532,024;13,37771301;52,5078079
35521;142605;11;6;6040808;2020;8;17;5;3;2;7;0;0;1;0;1;0;0;0;789996,2909;5820161,365;13,26860746;52,45448622
35522;142606;11;9;9010101;2020;9;3;7;2;1;5;2;0;1;0;1;0;0;0;802059,5685;5824705,563;13,44971808;52,48868402
35523;142607;11;9;9020802;2020;9;7;4;3;6;4;0;0;1;1;0;0;0;1;810378,118;5819833,253;13,56731223;52,44035473
35524;142608;11;11;11041128;2020;8;17;5;3;1;5;0;0;1;0;1;0;0;0;806921,1235;5825682,415;13,52199432;52,49472748
35525;142609;11;4;4030725;2020;9;6;6;3;5;3;1;1;0;0;1;0;0;1;791876,3218;5826453,086;13,30170476;52,50989021
35526;142610;11;11;11010205;2020;8;16;5;3;0;2;0;1;1;0;0;0;0;0;806852,6363;5832683,239;13,52744872;52,55750818
35527;142611;11;3;3061332;2020;9;0;2;2;1;5;2;1;1;0;0;0;0;0;799544,6381;5831029,439;13,41848387;52,54675351
35528;142612;11;8;8020622;2020;9;15;5;3;5;2;0;1;1;0;0;0;0;0;801586,6002;5820162,861;13,43866738;52,44822823
35529;142613;11;3;3020210;2020;8;16;5;2;5;3;0;0;1;0;0;0;0;0;799475,7992;5835669,441;13,42166073;52,58838124
35530;142614;11;7;7040405;2020;9;19;1;3;5;7;1;0;1;0;1;0;0;0;798477,0563;5821892,324;13,39459496;52,46543731
35531;142615;11;8;8020619;2020;9;17;4;3;2;6;0;0;1;0;0;0;0;1;802293,6928;5820670,924;13,44949995;52,45239159
35532;142616;11;1;1011303;2020;8;14;2;3;5;2;0;1;0;0;0;1;0;0;799496,7332;5828788,317;13,41575977;52,52669175
35533;142617;11;1;1011306;2020;9;19;3;3;5;2;1;1;0;0;0;0;0;0;799523,8781;5826694,191;13,4142734;52,50790621
35534;142618;11;10;10020413;2020;8;16;5;2;6;6;0;1;0;1;0;0;0;0;811522,2375;5831530,454;13,59502566;52,54452696
35535;142619;11;4;4030623;2020;8;16;5;3;5;7;0;1;0;0;1;0;0;0;792906,7064;5826965,523;13,31729494;52,51393174
35536;142620;11;1;1011204;2020;9;16;6;3;5;2;0;1;1;0;0;0;0;0;798893,2785;5827354,624;13,40560284;52,51417192
35537;142621;11;7;7040401;2020;8;16;5;3;5;2;0;1;0;0;1;0;0;0;797765,031;5823656,347;13,38571966;52,48163831
35538;142622;11;11;11030721;2020;9;16;2;3;8;1;0;0;1;0;0;0;0;0;803912,542;5828426,258;13,48032055;52,52100319
35539;142623;11;12;12231101;2020;9;7;5;3;5;3;0;1;1;0;0;0;0;0;791560,9806;5838308,071;13,30748899;52,6163357
35540;142624;11;1;1033201;2020;8;16;5;3;0;2;0;1;1;0;0;0;0;0;798447,5524;5830182,053;13,40159182;52,53976
35541;142625;11;5;5020419;2020;9;16;1;3;5;2;0;0;1;0;0;0;0;0;780873,0765;5828322,24;13,14158548;52,53242747
35542;142626;11;11;11030619;2020;9;15;5;3;2;6;0;0;1;0;0;0;0;0;804163,5929;5829699,483;13,48517389;52,53227464
35543;142627;11;12;12214421;2020;8;14;2;3;6;4;0;0;0;1;0;0;1;0;793349,1617;5833646,583;13,32969647;52,57358618
35544;142628;11;8;8041037;2020;8;7;5;3;0;3;0;0;1;0;1;0;0;1;805575,184;5818590,921;13,49573807;52,43192499
35545;142629;11;9;9010301;2020;9;10;6;3;5;2;0;1;1;0;0;0;0;0;804670,0527;5822166,408;13,48572668;52,46447593
35546;142630;11;2;2020203;2020;8;7;5;3;5;2;0;1;1;0;0;0;0;0;797478,5292;5824554,602;13,38231493;52,48984635
35547;142631;11;12;12214421;2020;8;12;2;3;5;2;0;0;1;0;1;0;0;0;792912,2238;5833869,787;13,32346463;52,57582242
35548;142632;11;1;1022205;2020;9;12;2;3;5;2;0;1;1;0;0;0;0;0;795483,4301;5828417,929;13,35644591;52,52556154
35549;142633;11;2;2020203;2020;9;6;5;3;0;5;0;0;1;0;1;0;0;1;797553,6425;5824017,873;13,38293875;52,48499423
35550;142634;11;2;2020202;2020;8;12;2;3;5;7;0;1;1;0;0;0;0;0;797457,4088;5825350,348;13,38271524;52,49699083
35551;142635;11;7;7040406;2020;8;0;5;3;2;2;2;1;1;0;0;0;0;1;800302,0124;5821985,974;13,42146215;52,46527678
35552;142636;11;12;12301204;2020;9;1;7;3;3;6;2;1;1;0;0;0;0;0;792716,6413;5836930,827;13,32329144;52,60336825
35553;142637;11;11;11020411;2020;9;15;4;3;4;6;0;1;0;0;0;0;0;0;806134,3778;5832015,607;13,51627137;52,55192897
35554;142638;11;4;4010102;2020;8;11;2;2;5;2;0;0;1;0;1;0;0;0;793340,975;5829718,481;13,32610463;52,53837732
35555;142639;11;5;5010339;2020;8;15;5;3;2;6;0;0;1;0;0;0;1;0;787582,402;5828025,375;13,23996937;52,52626735
35556;142640;11;1;1011101;2020;8;7;5;3;6;7;0;0;0;1;0;0;1;0;794655,0997;5826066,816;13,34218959;52,5049337
35557;142641;11;10;10020620;2020;9;14;6;2;6;4;0;0;1;1;0;0;0;0;811232,0625;5829529,076;13,5888863;52,52675788
35558;142642;11;3;3040512;2020;8;14;5;3;1;5;0;1;1;0;0;0;0;0;795576,5705;5835066,248;13,3637346;52,58510698
35559;142643;11;7;7070701;2020;8;0;5;3;5;3;2;0;1;0;0;0;0;1;798705,9571;5816009,141;13,39269657;52,41257641
35560;142644;11;4;4030931;2020;9;16;2;3;5;3;0;1;1;0;0;0;0;0;793919,6434;5825518,39;13,33090111;52,50041404
35561;142645;11;1;1022207;2020;9;20;5;3;5;2;2;1;1;0;0;0;0;0;794393,3803;5827610,607;13,33971042;52,51891412
35562;142646;11;5;5010103;2020;8;14;5;3;2;6;0;0;1;0;0;0;0;1;785121,4665;5831162,785;13,20648593;52,55568973
35563;142647;11;4;4020313;2020;9;15;1;3;0;1;0;0;1;0;1;0;0;0;790450,1825;5826694,14;13,28096045;52,51281249
35564;142648;11;3;3020209;2020;9;13;5;3;5;2;0;1;1;0;0;0;0;0;797874,6333;5836022,591;13,39841355;52,59242586
35565;142649;11;1;1011203;2020;8;11;2;3;5;3;0;0;1;0;0;0;0;0;798041,4138;5827396,565;13,39312432;52,51501402
35566;142650;11;5;5030832;2020;8;14;5;3;5;3;0;1;1;0;0;0;0;0;789000,648;5829788,258;13,26234944;52,54132209
35567;142651;11;1;1011202;2020;9;18;7;3;2;7;0;0;0;0;1;0;1;1;797854,7596;5828173,628;13,39107756;52,52208138
35568;142652;11;10;10040829;2020;9;9;4;2;5;2;0;1;1;0;0;0;0;0;811232,08;5827786,675;13,58725653;52,51114364
35569;142653;11;8;8020726;2020;8;10;2;3;5;3;0;1;1;0;0;0;0;0;799592,9374;5816418,432;13,40606481;52,41576049
35570;142654;11;1;1022204;2020;8;13;5;3;5;2;0;0;1;0;0;0;0;0;795321,433;5828227,271;13,3538957;52,52394023
35571;142655;11;11;11040926;2020;9;10;6;3;6;7;0;0;1;1;0;0;0;1;806296,9774;5826844,033;13,51389786;52,50548884
35572;142656;11;1;1011401;2020;9;22;7;3;5;2;2;1;0;0;1;0;0;0;798234,4931;5829042,013;13,39743663;52,52965774
35573;142657;11;6;6040810;2020;9;14;4;3;5;3;0;0;1;0;0;0;0;1;790829,9299;5821169,235;13,28171912;52,46307899
35574;142658;11;8;8041037;2020;8;10;2;3;5;5;0;1;1;0;0;0;0;0;806586,5664;5817657,397;13,50971225;52,42299248
35575;142659;11;5;5010101;2020;8;13;5;3;0;1;0;1;0;0;0;0;0;0;784056,4221;5832420,351;13,19189537;52,56752168
35576;142660;11;6;6030502;2020;8;13;5;3;8;1;0;0;1;0;0;0;0;0;789653,0753;5815580,141;13,25960148;52,41359564
35577;142661;11;12;12231101;2020;9;12;6;3;0;3;0;1;0;0;1;0;0;1;791421,331;5838754,708;13,30582574;52,62041454
35578;142662;11;7;7040404;2020;8;12;5;3;5;2;0;0;1;0;0;0;1;0;797337,8939;5820567,959;13,37669626;52,4541868
35579;142663;11;8;8010404;2020;8;12;5;3;6;4;0;0;1;1;0;0;0;0;802580,1619;5823089,059;13,45589488;52,473907
35580;142664;11;6;6030503;2020;9;15;2;3;5;3;0;0;1;0;0;0;0;0;790501,8668;5818059,442;13,27419922;52,4353735
35581;142665;11;8;8010115;2020;9;18;5;2;2;6;0;0;1;0;0;0;0;0;799822,9323;5823662,717;13,41593834;52,48056941
35582;142666;11;6;6010103;2020;8;11;5;3;6;2;0;0;0;1;0;1;0;0;793783,2732;5821190,929;13,3250847;52,46169363
35583;142667;11;4;4051448;2020;9;13;1;2;3;6;0;0;1;0;0;0;1;0;793964,4794;5824928,09;13,33103874;52,49509814
35584;142668;11;7;7030301;2020;9;9;5;3;5;3;0;1;1;0;0;0;0;0;794210,3321;5822753,262;13,33273003;52,47546945
35585;142669;11;1;1011306;2020;8;10;2;3;1;5;0;1;1;0;0;0;0;0;800172,0717;5826858,347;13,42394336;52,50902135
35586;142670;11;12;12302107;2020;8;10;5;3;4;6;0;0;1;0;0;0;0;0;794309,519;5836347,666;13,34622569;52,59728076
35587;142671;11;4;4030725;2020;9;12;7;3;2;6;0;1;1;0;0;0;0;1;791796,9908;5825874,61;13,30003207;52,5047467
35588;142672;11;9;9030901;2020;9;8;4;3;0;1;0;1;0;0;0;0;0;1;808742,4717;5817407,91;13,54108642;52,41954453
35589;142673;11;1;1033203;2020;8;10;2;2;5;3;0;0;1;0;1;0;0;0;796683,4237;5830127,775;13,37560818;52,5402368
35590;142674;11;4;4041137;2020;8;9;5;3;2;6;0;0;1;0;0;0;0;0;791016,0009;5823087,832;13,286124;52,4801803
35591;142675;11;2;2030401;2020;9;8;6;3;3;6;0;0;1;0;1;0;0;1;800592,5939;5825709,203;13,42908351;52,49848967
35592;142676;11;4;4020310;2020;8;8;5;3;5;2;0;1;1;0;0;0;0;0;789791,1122;5827395,278;13,27188644;52,51944888
35593;142677;11;8;8010214;2020;9;11;2;3;5;3;0;0;1;0;0;0;0;0;801309,4673;5822235,949;13,43647279;52,46696276
35594;142678;11;7;7050501;2020;9;16;5;3;2;2;0;0;1;0;0;0;0;0;797344,5681;5818664,392;13,37510004;52,43711952
35595;142679;11;8;8020727;2020;8;7;5;3;5;2;0;1;0;0;0;1;0;0;800306,7508;5816730,757;13,41680919;52,41816889
35596;142680;11;2;2020204;2020;8;7;5;2;5;3;0;0;1;0;0;0;0;0;798309,7499;5824992,139;13,39491272;52,49331474
35597;142681;11;12;12231101;2020;9;13;2;3;5;3;0;1;1;0;0;0;0;0;791307,3389;5838640,03;13,30404562;52,61944762
35598;142682;11;4;4041342;2020;9;17;5;3;6;4;0;1;0;1;0;0;0;0;792197,3821;5822341,427;13,30281636;52,47285804
35599;142683;11;1;1011302;2020;8;5;5;3;5;2;2;1;1;0;0;0;0;0;798930,2817;5828390,939;13,40707771;52,52344071
35600;142684;11;1;1011202;2020;9;11;1;2;5;2;0;1;1;0;0;0;0;0;797864,2622;5827633,13;13,39073323;52,51723131
35601;142685;11;5;5030731;2020;9;16;4;3;6;4;0;0;1;1;0;0;0;1;787968,4152;5829844,088;13,24721941;52,54236915
35602;142686;11;11;11030619;2020;8;10;2;3;6;4;0;0;1;1;0;0;0;0;803816,2534;5829074,119;13,47949759;52,52686342
35603;142687;11;1;1011202;2020;9;12;3;3;5;3;0;1;1;0;0;0;0;0;797379,483;5827721,383;13,38368886;52,51828695
35604;142688;11;4;4031032;2020;8;18;4;3;3;6;0;1;1;0;0;0;0;0;791287,866;5825003,313;13,29179017;52,49720761
35605;142689;11;1;1022206;2020;9;0;7;3;0;2;2;0;1;0;1;0;0;0;796124,7189;5828424,232;13,36587654;52,52527011
35606;142690;11;3;3020210;2020;9;11;4;2;5;3;0;0;1;0;0;1;0;1;799297,169;5835997,204;13,41932797;52,59141739
35607;142691;11;8;8041037;2020;9;18;3;3;3;6;0;1;0;0;0;0;1;0;805607,2917;5818661,021;13,49627294;52,43253533
35608;142692;11;1;1011401;2020;8;9;4;3;5;2;0;1;1;0;0;0;0;0;798120,3268;5829344,407;13,39602983;52,53243075
35609;142693;11;5;5030730;2020;9;13;6;3;2;6;0;0;1;0;0;0;0;0;786281,2851;5829136,342;13,2217999;52,5369128
35610;142694;11;2;2050602;2020;8;11;4;3;5;2;0;1;1;0;0;0;0;0;802599,3722;5827777,659;13,46043556;52,51592014
35611;142695;11;7;7030303;2020;9;18;3;3;2;6;0;0;1;0;0;0;0;0;795709,8345;5822610,759;13,35461722;52,47338224
35612;142696;11;3;3020307;2020;9;13;2;3;5;2;0;1;1;0;0;0;0;0;799547,4122;5837797,44;13,42463969;52,60741556
35613;142697;11;6;6020303;2020;9;8;5;3;5;2;0;1;0;0;0;0;1;1;795509,1247;5818340,199;13,34789161;52,4352081
35614;142698;11;1;1033102;2020;8;16;4;3;5;2;0;1;1;0;0;0;0;1;797013,6704;5831489,619;13,38168117;52,55226423
35615;142699;11;3;3050925;2020;9;18;1;3;1;5;0;1;1;0;0;0;0;0;802764,9265;5831624,364;13,46637163;52,55030566
35616;142700;11;4;4030828;2020;9;17;4;3;5;3;0;0;1;0;0;0;0;1;792980,6063;5826257,846;13,31775785;52,50754798
35617;142701;11;5;5010101;2020;8;16;2;3;1;5;0;0;1;0;1;0;0;1;785411,3579;5832758,391;13,2121228;52,56984376
35618;142702;11;9;9010401;2020;8;23;4;2;8;1;2;0;0;0;1;0;0;1;805675,2903;5821395,475;13,49977159;52,45700503
35619;142703;11;8;8030830;2020;8;21;4;3;2;6;2;1;1;0;0;0;0;1;802669,1261;5818084,621;13,45266564;52,42900253
35620;142704;11;1;1011103;2020;9;13;6;3;5;2;0;0;1;0;0;0;0;0;795408,5009;5825823,96;13,35304186;52,50234929
35621;142705;11;9;9010201;2020;9;11;4;3;5;2;0;1;1;0;0;0;0;1;802662,1358;5824422,247;13,45830821;52,48581095
35622;142706;11;2;2030301;2020;9;14;5;2;1;5;0;1;0;0;0;0;1;0;799856,0833;5825998,924;13,41852735;52,50149175
35623;142707;11;6;6010102;2020;9;17;4;3;2;6;0;0;1;0;0;0;0;0;793710,6275;5821026,407;13,32387375;52,4602578
35624;142708;11;9;9020701;2020;9;22;5;3;5;2;2;0;1;0;0;0;0;0;807651,8776;5819367,012;13,52690216;52,4377166
35625;142709;11;6;6020303;2020;9;17;1;3;5;2;0;1;1;0;0;0;0;0;795349,7342;5818442,672;13,34564432;52,4362128
35626;142710;11;2;2050602;2020;9;9;3;3;2;7;0;0;1;0;0;0;1;0;802688,3599;5828127,659;13,46206138;52,51900778
35627;142711;11;1;3071536;2020;9;14;7;3;3;6;0;1;1;0;0;0;0;0;798939,3892;5829623,342;13,40831965;52,53448241
35628;142712;11;3;3030406;2020;9;15;4;3;3;6;0;1;1;0;0;0;0;0;802911,1195;5837599,097;13,47397993;52,60377406
35629;142713;11;7;7020202;2020;9;14;6;3;5;2;0;1;1;0;0;0;0;0;794980,925;5823818,858;13,34498562;52,48460621
35630;142714;11;9;9051901;2020;9;16;4;3;4;6;0;1;0;0;0;0;0;0;809678,2605;5821383,648;13,55848615;52,45464581
35631;142715;11;1;1011305;2020;9;8;2;2;5;2;0;1;0;0;0;1;0;0;799648,8558;5827040,005;13,41642065;52,51093728
35632;142716;11;11;11010206;2020;9;16;4;3;5;3;0;1;0;0;1;0;0;0;805881,6143;5834145,813;13,51451857;52,57116228
35633;142717;11;7;7020203;2020;9;12;1;3;0;7;0;0;1;0;0;0;1;0;795672,8883;5824092,31;13,35538867;52,48668323
35634;142718;11;4;4031032;2020;9;18;3;3;2;6;0;1;1;0;0;0;0;0;790975,0926;5824822,844;13,28703819;52,49575655
35635;142719;11;4;4030930;2020;9;21;6;3;0;1;2;0;0;0;1;0;0;0;793270,5882;5825637,89;13,32147212;52,50183451
35636;142720;11;6;6030502;2020;9;17;2;3;2;6;0;0;1;0;0;0;0;0;790334,4739;5814651,252;13,26878638;52,40490683
35637;142721;11;8;8020727;2020;9;12;3;3;1;5;0;1;1;0;0;0;0;0;801507,8609;5817671,192;13,43526487;52,42593802
35638;142722;11;12;12214424;2020;9;9;6;3;5;2;0;1;1;0;0;0;0;0;793492,3133;5832428,305;13,33072481;52,56258789
35639;142723;11;7;7040401;2020;9;20;2;2;4;6;1;0;1;0;0;0;0;0;796757,4301;5823863,378;13,3711102;52,48404266
35640;142724;11;3;3071537;2020;9;7;6;3;6;7;0;1;0;1;0;0;0;0;799570,1358;5829303,191;13,41730243;52,53126645
35641;142725;11;12;12214528;2020;9;15;4;3;4;6;0;0;1;0;0;0;0;0;787908,7357;5835939,179;13,25163291;52,59704534
35642;142726;11;12;12214527;2020;9;10;2;3;6;3;0;0;1;1;0;0;0;0;790252,236;5835562,787;13,28580531;52,59242524
35643;142727;11;9;9020802;2020;9;14;4;3;3;6;0;1;0;0;0;0;0;0;810605,6218;5820304,053;13,57108603;52,44444472
35644;142728;11;9;9020802;2020;9;7;1;3;1;5;0;0;1;0;0;0;0;0;810700,8676;5819133,855;13,57139514;52,4339037
35645;142729;11;8;8010213;2020;9;16;3;3;0;7;0;0;1;0;1;0;0;0;801642,031;5822561,223;13,44164753;52,46969476
35646;142730;11;5;5030731;2020;9;18;6;2;6;4;0;0;1;1;0;0;0;0;787305,5171;5830193,943;13,23777411;52,54585575
35647;142731;11;2;2040701;2020;9;18;2;3;1;5;0;1;1;0;0;0;0;0;800383,0133;5827143,923;13,42729987;52,51146496
35648;142732;11;11;11041128;2020;9;12;5;3;1;5;0;1;1;0;0;0;0;0;806038,9869;5826401,274;13,50970173;52,50166546
35649;142733;11;7;7030303;2020;9;21;4;2;5;3;2;1;1;0;0;0;0;0;796050,3748;5822865,708;13,35984255;52,47548319
35650;142734;11;2;2030302;2020;9;20;5;3;5;3;1;0;1;0;1;0;0;0;800787,2124;5825827,322;13,43204847;52,49944118
35651;142735;11;6;6040804;2020;9;12;1;3;5;3;0;0;1;0;0;0;0;0;788247,8865;5818931,757;13,24188749;52,44438689
35652;142736;11;8;8040933;2020;9;13;4;3;4;2;0;0;1;0;1;0;0;0;802918,1897;5818387,495;13,45659202;52,43157937
35653;142737;11;2;2020205;2020;9;2;6;3;1;5;2;0;1;0;0;0;1;0;798282,7677;5824733,492;13,39428492;52,49101103
35654;142738;11;4;4030931;2020;9;13;4;3;0;2;0;1;1;0;0;0;0;0;793988,5591;5826151,233;13,33247219;52,50605002
35655;142739;11;11;11020514;2020;9;13;2;3;0;2;0;1;1;0;0;0;0;0;804370,7764;5830843,358;13,48926649;52,54241101
35656;142740;11;2;2020204;2020;9;13;4;3;5;3;0;0;1;0;1;0;1;0;798312,9057;5825200,565;13,3951457;52,49518129
35657;142741;11;6;6040701;2020;9;14;7;2;5;3;0;1;1;0;0;0;0;0;783928,7795;5815910,226;13,17594591;52,41955465
35658;142742;11;7;7040402;2020;9;15;3;2;6;4;0;0;1;1;0;0;0;0;796305,2821;5820714,558;13,36167462;52,45606168
35659;142743;11;7;7010104;2020;9;13;6;2;2;2;0;0;1;0;1;0;0;0;796053,6531;5825371,707;13,36211667;52,49794559
35660;142744;11;1;1011204;2020;9;15;2;3;0;3;0;1;0;0;1;0;0;0;798916,6567;5827328,54;13,40592289;52,5139253
35661;142745;11;1;1011302;2020;9;15;5;3;1;5;0;0;1;0;0;0;1;0;797946,2008;5828461,725;13,3926794;52,52461385
35662;142746;11;9;9010301;2020;9;20;4;3;5;2;2;0;1;0;0;0;1;0;804385,8258;5821737,983;13,48116515;52,46079448
35663;142747;11;1;1033101;2020;9;20;5;3;6;4;1;0;1;1;0;0;0;0;797633,8703;5832814,004;13,3919891;52,56379706
35664;142748;11;2;2020204;2020;9;20;1;3;5;3;2;0;1;0;0;0;0;0;798943,7122;5825242,128;13,40444708;52,49520871
35665;142749;11;6;6020410;2020;9;9;3;3;5;3;0;0;1;0;0;0;0;0;794197,2911;5816848,997;13,32733839;52,42254718
35666;142750;11;9;9020502;2020;9;15;7;3;3;6;0;0;1;0;1;0;0;0;809160,972;5821551,172;13,55105284;52,45643995
35667;142751;11;3;3071639;2020;9;11;4;3;0;7;0;1;0;0;0;0;0;0;800128,2524;5828992,342;13,42522485;52,52817321
35668;142752;11;3;3071536;2020;9;7;6;3;5;2;0;1;1;0;0;0;0;0;799148,5499;5829204,984;13,41101761;52,5306177
35669;142753;11;6;6030503;2020;9;18;7;2;5;3;0;1;1;0;0;0;0;0;789262,3862;5818040,434;13,25600084;52,43586001
35670;142754;11;3;3061126;2020;9;11;2;3;5;3;0;0;1;0;0;0;1;0;799231,9995;5831526,286;13,41433483;52,55137877
35671;142755;11;9;9010401;2020;9;14;6;3;0;3;0;0;1;0;0;0;1;0;806287,3092;5820686,25;13,50810026;52,45030605
35672;142756;11;11;11030824;2020;9;12;2;3;5;2;0;0;1;0;1;0;0;0;804487,3172;5827335,8;13,48776786;52,51090926
35673;142757;11;1;1011102;2020;9;13;5;3;6;4;0;0;1;1;0;0;0;0;795308,189;5827369,118;13,35293921;52,51625474
35674;142758;11;1;1011105;2020;9;11;4;3;2;2;0;1;0;0;0;0;1;0;795699,0743;5826298,223;13,35773141;52,50644328
35675;142759;11;7;7040405;2020;9;19;5;3;5;7;1;0;1;0;0;0;0;0;798603,6366;5821887,605;13,39644847;52,46532584
35676;142760;11;12;12302212;2020;9;16;1;3;2;6;0;0;1;0;0;0;0;0;793230,1484;5837707,379;13,33154021;52,6100528
35677;142761;11;8;8030829;2020;9;11;3;3;2;6;0;0;1;0;0;0;0;0;803635,233;5818088,257;13,46683484;52,42849981
35678;142762;11;5;5030730;2020;9;13;7;3;5;3;0;1;1;0;0;0;0;0;787007,8691;5830796,817;13,23391788;52,55141774
35679;142763;11;10;10010310;2020;9;10;4;3;5;2;0;0;1;0;0;0;1;0;808468,3612;5831152,214;13,54978419;52,54287477
35680;142764;11;3;3020209;2020;9;5;6;3;5;3;2;1;1;0;0;0;0;0;798140,3049;5835471,459;13,40182787;52,58734022
35681;142765;11;9;9010202;2020;9;9;4;3;5;2;0;0;1;0;0;0;0;0;804106,1102;5823595,016;13,47875344;52,47759436
35682;142766;11;8;8041038;2020;9;7;2;3;5;3;0;1;0;0;0;0;1;0;805759,7655;5816788,609;13,49679738;52,41566845
35683;142767;11;5;5020625;2020;9;9;4;3;6;4;0;0;0;1;0;0;1;0;784033,8992;5828716,274;13,18839522;52,53432244
35684;142768;11;7;7040401;2020;9;9;4;3;5;7;0;0;1;0;0;0;1;0;797654,738;5823925,329;13,38434051;52,48410957
35685;142769;11;7;7030303;2020;9;9;2;3;0;1;0;1;0;0;0;0;0;0;795369,1943;5820978,263;13,34817167;52,4589323
35686;142770;11;2;2020206;2020;9;11;5;2;1;5;0;1;1;0;0;0;0;0;799464,5833;5824930,863;13,41181679;52,49213314
35687;142771;11;5;5020419;2020;9;8;4;3;2;2;0;0;1;0;0;0;0;0;782029,9981;5828289,466;13,15856821;52,53153618
35688;142772;11;2;2030401;2020;9;13;1;3;5;3;0;1;1;0;0;0;0;0;801613,1096;5825284,262;13,4436865;52,49411783
35689;142773;11;11;11030617;2020;9;17;3;2;0;1;0;1;0;0;0;0;0;0;803129,2822;5829953,661;13,47020435;52,53512894
35690;142774;11;9;9020802;2020;9;16;6;3;5;2;0;1;1;0;0;0;0;0;810528,7228;5820028,523;13,5697022;52,44201918
35691;142775;11;3;3030711;2020;9;18;2;2;5;2;0;0;1;0;1;0;0;0;802484,5332;5836784,983;13,46695634;52,5967149
35692;142776;11;1;1044203;2020;9;14;6;3;0;2;0;1;1;0;0;0;0;0;795899,65;5831965,086;13,3657224;52,55713266
35693;142777;11;9;9010402;2020;9;8;4;3;5;3;0;0;1;0;0;0;1;0;806543,3635;5820224,921;13,511433;52,44602792
35694;142778;11;6;6020302;2020;9;12;2;3;5;2;0;0;1;0;0;0;0;0;794831,2538;5819322,013;13,33881515;52,44437538
35695;142779;11;4;4030623;2020;9;8;4;2;2;6;0;0;1;0;0;0;1;0;792871,9509;5826981,032;13,31679789;52,51408943
35696;142780;11;8;8010302;2020;9;15;1;3;1;5;0;1;1;0;0;0;0;0;801798,9377;5824371,184;13,44558844;52,48583108
35697;142781;11;1;1022102;2020;9;15;3;2;5;2;0;0;1;0;1;0;0;0;793558,4246;5828923,473;13,32859935;52,5311334
35698;142782;11;5;5010101;2020;9;17;6;3;0;1;1;1;0;0;0;0;0;0;785143,7829;5833946,451;13,20920728;52,58063592
35699;142783;11;1;1011101;2020;9;11;1;3;0;1;0;1;0;0;0;0;0;0;795299,6652;5826465,751;13,35201237;52,50816137
35700;142784;11;1;1033202;2020;9;18;3;3;5;3;0;1;1;0;0;0;0;0;796983,6063;5830179,319;13,38006741;52,54053532
35701;142785;11;4;4051549;2020;9;18;6;3;0;2;0;0;1;0;1;0;0;0;793306,1271;5823623,479;13,32022081;52,48375698
35702;142786;11;9;9020501;2020;9;16;2;3;1;5;0;1;1;0;0;0;0;0;806203,1133;5822531,828;13,50855787;52,46689405
35703;142787;11;8;8020620;2020;9;16;5;2;0;7;0;1;0;0;0;0;0;1;800585,5167;5821182,39;13,42489914;52,45791803
35704;142788;11;2;2010101;2020;9;8;4;3;0;1;0;1;0;0;0;0;0;0;797670,476;5825860,996;13,38630096;52,50145203
35705;142789;11;5;5020626;2020;9;13;2;3;1;5;0;0;1;0;0;0;1;0;784312,6976;5827233,976;13,19122689;52,52088667