;OBJECTID;LAND;BEZ;LOR;UJAHR;UMONAT;USTUNDE;UWOCHENTAG;UKATEGORIE;UART;UTYP1;ULICHTVERH;IstRad;IstPKW;IstFuss;IstKrad;IstGkfz;IstSonstige;USTRZUSTAND;LINREFX;LINREFY;XGCSWGS84;YGCSWGS84
35706;142790;11;11;11051331;2020;9;6;4;3;5;2;0;1;1;0;0;0;0;0;807248,8056;5824233,235;13,52546987;52,48155537
35707;142791;11;1;1011302;2020;9;20;7;3;2;2;1;1;1;0;0;0;0;0;797997,355;5828902,547;13,39382623;52,52853729
35708;142792;11;10;10010309;2020;9;15;2;3;0;2;0;1;0;0;0;0;1;0;807934,6064;5829198,18;13,54012811;52,52566483
35709;142793;11;1;1011301;2020;9;12;6;3;5;7;0;1;1;0;0;0;0;0;797099,2189;5828837,981;13,38056808;52,52844875
35710;142794;11;3;3050923;2020;9;14;2;3;5;3;0;1;1;0;0;0;0;0;800901,401;5832107,389;13,43940874;52,55566765
35711;142795;11;3;3020307;2020;9;14;5;3;5;2;0;1;1;0;0;0;0;0;799851,3909;5837898,307;13,4292066;52,60815207
35712;142796;11;11;11030618;2020;9;5;4;2;6;4;1;0;0;1;1;0;0;0;802618,0361;5829319,628;13,46211274;52,52973029
35713;142797;11;7;7030301;2020;9;18;5;3;1;5;0;1;1;0;0;0;0;0;794160,6886;5821892,047;13,33124179;52,4677758
35714;142798;11;1;1011302;2020;9;20;1;3;5;7;2;0;1;0;0;0;1;0;798295,7016;5828773,347;13,39809522;52,52721603
35715;142799;11;1;1011204;2020;9;16;2;3;2;6;0;0;1;0;0;0;0;0;798588,498;5826884,205;13,40070281;52,51012218
35716;142800;11;9;9020701;2020;9;6;5;2;5;2;0;0;1;0;1;0;0;0;807440,041;5818120,131;13,52264924;52,42666082
35717;142801;11;5;5030730;2020;9;14;3;2;1;7;0;0;1;0;0;0;1;0;786119,7871;5829357,92;13,2196161;52,53898422
35718;142802;11;1;1022102;2020;9;18;5;3;2;6;0;0;1;0;0;0;1;0;793556,3609;5828903,332;13,32855123;52,53095396
35719;142803;11;2;2020203;2020;9;19;1;3;5;3;0;1;0;0;0;0;1;0;797495,0454;5824704,249;13,38269106;52,49117876
35720;142804;11;4;4030930;2020;9;18;7;3;5;2;0;1;1;0;0;0;0;0;793283,7827;5825642,066;13,32166963;52,50186486
35721;142805;11;4;4030931;2020;9;10;5;3;1;5;0;1;1;0;0;0;0;0;794360,1056;5826062,626;13,33785224;52,50505537
35722;142806;11;2;2030302;2020;9;21;2;3;1;5;2;1;1;0;0;0;0;0;800534,0884;5826653,374;13,42907641;52,50698481
35723;142807;11;2;2040502;2020;9;11;6;3;5;2;0;1;1;0;0;0;0;0;800482,2319;5828442,679;13,42993047;52,52305143
35724;142808;11;5;5040936;2020;9;8;2;3;5;3;0;1;1;0;0;0;0;0;780413,3213;5820867,227;13,12854814;52,46581653
35725;142809;11;5;5010314;2020;9;12;5;3;0;1;0;0;0;0;1;0;0;0;784978,2372;5829177,987;13,20267584;52,53796916
35726;142810;11;11;11030720;2020;9;12;3;3;5;2;0;1;1;0;0;0;0;0;805674,8649;5830065,756;13,50772105;52,53471192
35727;142811;11;5;5010314;2020;9;18;5;3;3;6;1;0;1;0;1;0;0;0;785063,9112;5829470,76;13,2041868;52,54054934
35728;142812;11;1;1011302;2020;9;15;1;2;0;6;0;1;1;0;0;0;0;0;798511,7916;5828735,195;13,4012368;52,52675576
35729;142813;11;3;3071537;2020;9;9;5;3;5;3;0;0;1;0;1;0;0;0;799377,5844;5829516,645;13,41466458;52,53328552
35730;142814;11;1;1011303;2020;9;12;3;2;5;3;0;0;1;0;0;0;1;0;799218,4358;5827580,27;13,41058306;52,51601622
35731;142815;11;10;10010311;2020;9;8;7;2;6;4;0;0;0;1;0;0;1;0;810839,1141;5832064,331;13,58548418;52,54970134
35732;142816;11;6;6030501;2020;9;10;5;3;6;3;0;0;1;1;0;0;0;0;788545,2731;5816883,298;13,2444827;52,42586437
35733;142817;11;8;8010404;2020;9;9;3;3;2;2;0;0;1;0;1;0;0;0;802577,0318;5823080,073;13,45584078;52,47382819
35734;142818;11;8;8041035;2020;9;14;7;3;2;2;0;0;1;0;0;0;0;0;804769,0552;5817845,087;13,48323781;52,42568994
35735;142819;11;12;12231102;2020;9;12;3;3;1;5;0;1;0;0;0;0;1;0;789706,9759;5840692,215;13,28227126;52,63870088
35736;142820;11;5;5030731;2020;9;10;6;3;0;6;0;0;1;0;0;0;1;0;787367,0754;5829825,034;13,23836023;52,54251582
35737;142821;11;1;1011201;2020;9;12;3;3;2;6;0;1;0;0;0;0;0;0;797206,6383;5827476,675;13,38093044;52,51618765
35738;142822;11;3;3030716;2020;9;9;2;3;5;3;0;1;1;0;0;0;0;0;802495,2689;5833853,234;13,4644384;52,57043241
35739;142823;11;1;1022106;2020;9;10;5;3;5;2;0;0;1;0;0;0;0;0;793681,2642;5828109,811;13,32968636;52,52377319
35740;142824;11;7;7040402;2020;9;11;3;2;2;6;0;0;0;0;1;0;1;0;796829,7376;5820819,738;13,36946386;52,45671996
35741;142825;11;4;4020311;2020;9;13;1;3;6;4;0;0;1;1;0;0;0;0;789084,9296;5826988,424;13,2611542;52,51617614
35742;142826;11;7;7070703;2020;9;9;5;3;5;2;0;0;1;0;0;0;0;0;799790,7112;5813977,048;13,40677871;52,39376832
35743;142827;11;2;2010103;2020;9;19;3;3;1;5;0;1;1;0;0;0;0;0;799275,0391;5826110,794;13,41009349;52,50281347
35744;142828;11;9;9051702;2020;9;21;6;2;7;7;2;0;0;0;1;0;0;0;815411,7356;5821903,18;13,64307585;52,45602324
35745;142829;11;3;3071537;2020;9;17;2;2;5;2;0;1;1;0;0;0;0;0;799714,8286;5830083,633;13,42013288;52,53818231
35746;142830;11;4;4030518;2020;9;23;6;3;5;3;2;1;1;0;0;0;0;0;791822,2237;5828728,439;13,30290608;52,53031726
35747;142831;11;3;3040513;2020;9;11;3;3;3;2;0;1;1;0;0;0;0;0;797006,0565;5833768,398;13,38360893;52,57269488
35748;142832;11;5;5020417;2020;9;14;2;3;5;3;0;1;1;0;0;0;0;0;782300,9137;5828520,038;13,16274727;52,53346334
35749;142833;11;2;2010101;2020;9;20;2;2;1;5;2;1;1;0;0;0;0;0;797775,2557;5826013,961;13,38797681;52,50276601
35750;142834;11;1;1011302;2020;9;9;6;3;0;1;0;1;0;0;0;0;0;0;799035,5535;5828948,727;13,40912632;52,52838274
35751;142835;11;7;7020203;2020;9;10;3;3;2;7;0;1;1;0;0;0;0;0;795536,2083;5824321,393;13,35358477;52,48881079
35752;142836;11;4;4030518;2020;9;7;2;3;2;2;0;0;1;0;0;0;0;0;791910,5612;5828199,163;13,30373993;52,52552512
35753;142837;11;12;12301203;2020;9;10;3;3;5;2;0;0;1;0;0;0;0;0;793539,8396;5835459,937;13,33410806;52,58973891
35754;142838;11;5;5020625;2020;9;9;1;3;5;3;0;1;0;0;0;0;0;0;784405,3489;5828666,688;13,19381429;52,53368414
35755;142839;11;2;2040701;2020;9;9;5;3;5;2;0;1;1;0;0;0;0;0;800426,4326;5827978,038;13,42869085;52,51891748
35756;142840;11;7;7070703;2020;9;17;3;2;5;2;0;0;1;0;0;0;0;0;799775,2416;5813975,576;13,40655073;52,39376359
35757;142841;11;5;5040934;2020;9;18;6;3;0;2;0;1;1;0;0;0;0;0;783972,6157;5823295,044;13,18286856;52,48574664
35758;142842;11;5;5020628;2020;9;16;2;3;2;6;0;0;1;0;1;0;0;0;784134,1874;5827284,763;13,18864639;52,52143508
35759;142843;11;11;11030721;2020;9;8;5;3;5;3;0;1;1;0;0;0;0;0;804656,1673;5827828,604;13,49069934;52,51523176
35760;142844;11;5;5020417;2020;9;9;3;3;5;3;0;0;1;0;0;0;0;0;781873,1631;5829138,316;13,15698226;52,5392285
35761;142845;11;2;2040701;2020;9;17;5;3;5;2;0;1;1;0;0;0;0;0;800426,785;5827979,952;13,42869775;52,51893444
35762;142846;11;4;4020311;2020;9;12;2;3;0;6;0;0;0;0;1;0;0;0;789826,3133;5826356,558;13,27149901;52,51011787
35763;142847;11;1;1044202;2020;9;9;3;3;0;6;0;0;1;0;1;0;0;0;794802,5616;5830133,397;13,34796053;52,54130802
35764;142848;11;4;4030931;2020;9;19;7;2;5;3;1;0;1;0;0;0;1;0;794359,3542;5825930,658;13,33772453;52,50387276
35765;142849;11;3;3020210;2020;9;10;2;3;5;3;0;0;1;0;0;0;0;0;798504,8782;5835382,317;13,40711292;52,58634127
35766;142850;11;3;3071536;2020;9;9;3;3;5;2;0;1;1;0;0;0;0;0;799150,6733;5829207,831;13,41105138;52,53064206
35767;142851;11;9;9020701;2020;9;15;7;2;4;6;0;1;0;0;0;0;0;0;809422,2344;5818407,304;13,55197472;52,42811715
35768;142852;11;9;9041402;2020;9;15;3;3;2;2;0;0;1;0;0;0;0;0;812135,2022;5820282,921;13,59349829;52,44338441
35769;142853;11;7;7010102;2020;9;17;6;3;5;2;0;0;1;0;0;0;0;0;794956,314;5825652,033;13,34624714;52,5010527
35770;142854;11;12;12214527;2020;9;15;2;3;2;6;0;0;1;0;0;0;0;0;789982,1584;5835524,075;13,28179563;52,59222226
35771;142855;11;9;9041501;2020;9;15;5;3;5;3;0;1;1;0;0;0;0;0;810884,7756;5820660,768;13,57551195;52,44748283
35772;142856;11;6;6040806;2020;9;8;3;3;5;2;0;0;1;0;0;0;0;0;789033,3947;5819696,37;13,25407414;52,45082736
35773;142857;11;4;4030518;2020;9;17;5;3;5;2;0;0;1;0;0;0;0;0;791390,5075;5828585,827;13,29643491;52,52926971
35774;142858;11;6;6010103;2020;9;22;1;2;2;6;2;0;1;0;0;0;1;0;793043,8271;5821515,429;13,31451704;52,46499973
35775;142859;11;1;1022206;2020;9;9;5;3;6;4;0;1;0;1;0;0;0;0;796458,2156;5828234,71;13,37060892;52,52339
35776;142860;11;1;1011203;2020;9;9;3;3;2;6;0;1;1;0;0;0;0;0;797610,207;5827024,814;13,38645613;52,51191717
35777;142861;11;1;1011304;2020;9;15;7;3;2;1;0;1;0;0;0;0;0;0;799920,1231;5827786,647;13,42107879;52,51748065
35778;142862;11;4;4030931;2020;9;8;5;3;5;7;0;1;1;0;0;0;0;0;794536,5419;5825955,801;13,3403497;52,50400254
35779;142863;11;1;1011305;2020;9;10;6;2;3;6;0;1;1;0;0;0;0;0;799495,1755;5827072,79;13,41419241;52,51131554
35780;142864;11;1;1044101;2020;9;10;2;3;2;2;0;0;1;0;0;0;1;0;793800,2589;5832174,058;13,33502956;52,56014264
35781;142865;11;10;10030724;2020;9;12;5;3;3;6;0;0;1;0;0;0;1;0;809633,4775;5829724,342;13,56557971;52,52941797
35782;142866;11;10;10020416;2020;9;15;6;3;2;2;0;0;1;0;0;0;0;0;813237,2923;5831071,023;13,61980083;52,53942682
35783;142867;11;10;10010204;2020;9;14;2;3;6;4;0;0;1;1;0;0;0;0;809116,4213;5833030,371;13,56105834;52,55933887
35784;142868;11;2;2050601;2020;9;13;5;3;6;2;0;0;1;1;0;0;0;0;801856,1843;5829013,045;13,45063775;52,52740477
35785;142869;11;5;5020523;2020;9;8;3;3;5;3;0;0;1;0;0;0;0;0;782365,438;5827036,095;13,16243577;52,52012427
35786;142870;11;5;5010209;2020;9;17;5;3;2;6;0;1;1;0;0;0;0;0;783189,5158;5829264,876;13,17644739;52,53968075
35787;142871;11;6;6030503;2020;9;17;1;3;5;3;0;0;1;0;1;0;0;0;789327,7758;5817264,193;13,25628834;52,42886606
35788;142872;11;1;1022207;2020;9;10;3;3;5;2;0;0;1;0;0;0;0;0;794558,3019;5827508,05;13,34204317;52,51790571
35789;142873;11;4;4030519;2020;9;14;7;3;5;2;0;1;1;0;0;0;0;0;792061,5836;5828220,647;13,30597854;52,52563684
35790;142874;11;1;1044101;2020;9;8;3;3;6;6;0;1;0;1;0;0;0;0;794414,0658;5831432,771;13,34340052;52,55316603
35791;142875;11;8;8010117;2020;9;10;6;3;3;6;0;1;1;0;0;0;0;0;800556,1204;5823312,061;13,42638607;52,47702332
35792;142876;11;5;5010314;2020;9;6;3;3;0;2;0;0;1;0;0;0;1;0;784838,9207;5829255,827;13,20069402;52,53873991
35793;142877;11;9;9020701;2020;9;8;2;3;5;2;0;1;1;0;0;0;0;0;809065,709;5818189,187;13,54654619;52,4263639
35794;142878;11;2;2050602;2020;9;2;3;2;0;1;2;0;0;0;0;0;1;0;803425,0398;5827731,751;13,47252413;52,51504997
35795;142879;11;4;4041342;2020;9;12;1;3;6;7;0;0;1;1;0;0;0;0;792552,5012;5822518,755;13,30818523;52,47425767
35796;142880;11;2;2050803;2020;9;8;5;3;8;1;0;0;0;0;1;0;0;0;802458,9287;5826252,756;13,45698657;52,5023304
35797;142881;11;9;9051702;2020;9;18;3;3;5;2;0;1;1;0;0;0;0;0;814202,9957;5820801,79;13,62430937;52,44684986
35798;142882;11;7;7010104;2020;9;20;3;2;3;6;1;0;1;0;1;0;0;0;796456,158;5824885,664;13,367596;52,49337017
35799;142883;11;12;12214424;2020;9;13;1;3;3;6;0;0;1;0;0;0;1;0;792746,036;5832760,528;13,32004008;52,56596787
35800;142884;11;12;12103218;2020;9;12;3;3;0;1;0;0;0;0;1;0;0;0;794338,7404;5835493,853;13,34589709;52,58961122
35801;142885;11;9;9020802;2020;9;16;6;3;5;2;0;1;1;0;0;0;0;0;810528,8394;5820028,233;13,56970364;52,44201651
35802;142886;11;2;2040701;2020;9;18;2;3;5;3;0;0;1;0;0;0;1;0;800900,4209;5826865,323;13,4346492;52,50868263
35803;142887;11;11;11030721;2020;9;3;6;3;0;1;2;1;0;0;0;0;0;0;803859,69;5828653,103;13,47975122;52,52306578
35804;142888;11;4;4030620;2020;9;20;3;3;6;4;1;1;0;1;0;0;0;0;792204,8161;5827279,404;13,30725689;52,51712209
35805;142889;11;1;1022106;2020;9;10;2;3;5;3;0;1;1;0;0;0;0;0;793716,7358;5827978,824;13,330092;52,52257986
35806;142890;11;2;2040701;2020;9;18;3;3;0;1;0;0;0;0;1;0;0;0;800438,7459;5827523,992;13,42846177;52,51484094
35807;142891;11;1;1022105;2020;9;0;1;3;0;5;2;0;1;0;0;0;1;0;793712,5516;5828446,994;13,33044401;52,526779
35808;142892;11;1;1044201;2020;9;16;3;3;5;3;0;0;1;0;0;0;0;0;796690,7111;5831663,072;13,37708685;52,55399506
35809;142893;11;4;4031032;2020;9;17;6;3;2;7;0;0;1;0;0;0;0;0;791672,2288;5825129,901;13,29754687;52,49813718
35810;142894;11;2;2010102;2020;9;16;2;3;2;6;0;0;1;0;0;0;0;0;798326,7341;5825574,073;13,3956833;52,49852176
35811;142895;11;10;10010308;2020;9;16;5;2;5;2;0;1;1;0;0;0;0;0;806638,4438;5830254,048;13,52205644;52,53585818
35812;142896;11;6;6010206;2020;9;18;3;3;5;3;0;1;0;0;0;0;0;0;794543,5176;5820078,438;13,33526087;52,45131144
35813;142897;11;1;1011202;2020;9;21;6;3;0;2;2;1;0;0;1;0;0;0;797159,4558;5827691,73;13,38042925;52,51814108
35814;142898;11;1;1011306;2020;9;16;2;3;5;3;0;1;1;0;0;0;0;0;800136,5654;5826608,462;13,42319646;52,50680107
35815;142899;11;2;2010103;2020;9;1;6;3;5;2;2;0;1;0;1;0;0;0;799143,3195;5825792,278;13,40787261;52,50003066
35816;142900;11;12;12214424;2020;9;0;3;3;5;2;2;0;0;0;0;0;1;0;792496,6737;5832854,071;13,31645409;52,56694048
35817;142901;11;5;5010206;2020;9;13;2;3;5;3;0;0;1;0;0;0;0;0;782365,6429;5830498,024;13,16538035;52,55116515
35818;142902;11;1;1011306;2020;9;17;3;3;3;6;0;1;0;0;0;0;0;0;800457,0658;5826700,18;13,42798723;52,50744677
35819;142903;11;9;9031101;2020;9;23;7;2;5;2;2;1;1;0;0;0;0;0;811026,7651;5818095,103;13,57520752;52,42440961
35820;142904;11;4;4020313;2020;9;8;5;2;2;6;0;0;1;0;1;0;0;0;790460,7744;5825975,066;13,28048857;52,5063603
35821;142905;11;1;1011105;2020;9;23;2;3;2;6;2;0;1;0;0;1;0;0;795633,9329;5826286,092;13,35676366;52,50636984
35822;142906;11;9;9041501;2020;9;13;6;3;2;7;0;1;0;0;0;0;1;0;810869,036;5820577,155;13,5752033;52,44674247
35823;142907;11;1;1011203;2020;9;15;2;3;2;2;0;1;1;0;0;0;0;0;797623,8441;5827017,473;13,38664992;52,51184393
35824;142908;11;5;5020629;2020;9;15;5;3;0;2;0;1;1;0;0;0;0;0;785026,9061;5826295,745;13,20092095;52,51210163
35825;142909;11;3;3030406;2020;9;17;3;3;2;6;0;0;1;0;0;0;0;0;803333,0534;5838203,161;13,48074479;52,60895277
35826;142910;11;12;12214424;2020;9;16;5;2;5;2;0;0;1;0;0;0;0;0;792902,0519;5832166,923;13,32181125;52,56056258
35827;142911;11;9;9010301;2020;9;20;1;3;2;6;2;0;1;0;0;1;0;0;804241,0957;5821505,688;13,47882981;52,45879307
35828;142912;11;11;11020515;2020;9;9;3;3;6;2;0;0;1;1;0;0;0;0;803361,7726;5830084,489;13,47374092;52,53617217
35829;142913;11;4;4031032;2020;9;15;7;2;5;7;0;0;1;0;1;0;0;0;791709,9939;5824840,007;13,29784772;52,49551812
35830;142914;11;11;11010204;2020;9;16;5;3;5;2;0;1;1;0;0;0;0;0;807659,0128;5833601,567;13,54015721;52,56528317
35831;142915;11;1;1044102;2020;9;13;1;3;5;2;0;0;1;0;1;0;0;0;795669,5242;5832023,364;13,36238973;52,55778006
35832;142916;11;2;2030302;2020;9;18;7;3;5;3;0;0;1;0;0;0;1;0;800785,2891;5825814,484;13,43200863;52,49932717
35833;142917;11;1;1011105;2020;9;22;2;3;3;6;2;0;1;0;1;0;0;0;796607,7971;5826882,344;13,37160151;52,51118607
35834;142918;11;1;1033203;2020;9;11;6;3;5;7;0;1;1;0;0;0;0;0;796477,8264;5829934,637;13,37241321;52,53861743
35835;142919;11;4;4041137;2020;9;7;2;3;1;7;0;1;1;0;0;0;0;0;791054,7357;5823104,674;13,28670746;52,48031065
35836;142920;11;4;4020313;2020;9;10;5;3;5;2;0;1;1;0;0;0;0;0;790547,4984;5826245,578;13,28199884;52,50873928
35837;142921;11;11;11010308;2020;9;16;3;3;2;6;0;0;1;0;0;0;0;0;805006,0768;5834198,616;13,50168847;52,57212682
35838;142922;11;1;1022104;2020;9;18;4;3;2;7;0;1;1;0;0;0;0;0;794051,3818;5828506,478;13,33547673;52,52712959
35839;142923;11;4;4030931;2020;9;15;1;3;5;2;0;1;1;0;0;0;0;0;793513,671;5825454,99;13,32488177;52,50006419
35840;142924;11;4;4020310;2020;9;12;3;3;2;6;0;0;1;0;1;0;0;0;790330,8063;5827298,225;13,27973341;52,51829172
35841;142925;11;9;9010402;2020;9;10;7;3;5;2;0;1;1;0;0;0;0;0;806547,5413;5820533,222;13,51177717;52,44878869
35842;142926;11;1;1011203;2020;9;14;6;3;5;3;0;1;1;0;0;0;0;0;797955,7641;5827073,144;13,39157629;52,51216174
35843;142927;11;9;9020701;2020;9;16;3;3;5;2;0;1;1;0;0;0;0;0;808646,0962;5819162,261;13,5412926;52,43532149
35844;142928;11;12;12302109;2020;9;15;3;3;7;7;0;0;0;0;1;0;0;0;795752,0475;5837034,973;13,36807509;52,60265911
35845;142929;11;6;6020306;2020;9;11;6;3;5;3;0;0;1;0;0;0;0;0;795895,9106;5816506,341;13,35194228;52,41855965
35846;142930;11;10;10010101;2020;9;15;3;3;2;6;0;0;1;0;0;0;0;0;808660,5538;5833750,721;13,55502513;52,56605298
35847;142931;11;3;3040512;2020;9;9;2;3;1;5;0;0;1;0;1;0;0;0;796438,7537;5835772,599;13,37705508;52,59096947
35848;142932;11;6;6010102;2020;9;11;5;3;5;2;0;1;1;0;0;0;0;0;793719,7304;5821044,283;13,32402307;52,46041316
35849;142933;11;1;1044202;2020;9;2;3;3;1;5;2;0;1;0;0;0;1;0;795315,8357;5829969,436;13,35536118;52,53956032
35850;142934;11;6;6040804;2020;9;13;1;3;6;4;0;1;0;1;0;0;0;0;787881,6834;5818431,788;13,23608367;52,44009725
35851;142935;11;4;4051551;2020;9;13;3;2;5;2;0;0;1;0;1;0;0;0;792824,2032;5823228,388;13,3127972;52,48047375
35852;142936;11;9;9031101;2020;9;10;6;3;5;3;0;1;1;0;0;0;0;0;809926,8464;5817936,476;13,55893645;52,42361208
35853;142937;11;4;4051655;2020;9;17;2;3;5;3;0;1;1;0;0;0;0;0;794175,0647;5823695,419;13,33304352;52,48393442
35854;142938;11;10;10040933;2020;9;14;6;3;5;3;0;0;1;0;1;0;0;0;813125,3622;5827007,571;13,61433085;52,50307867
35855;142939;11;1;1011201;2020;9;18;2;3;4;6;0;1;0;0;0;0;1;0;797036,2603;5826584,322;13,37763051;52,50828148
35856;142940;11;2;2010104;2020;9;14;2;3;5;7;0;0;1;0;0;0;1;0;799073,7356;5825598,017;13,40667614;52,49832752
35857;142941;11;5;5020627;2020;9;17;2;3;5;2;0;0;1;0;0;0;1;0;785957,5767;5828011,652;13,21607265;52,52699902
35858;142942;11;5;5020628;2020;9;12;7;3;2;6;0;0;1;0;0;0;1;0;784161,6011;5826557,234;13,18842788;52,51489767
35859;142943;11;12;12214528;2020;9;7;2;3;0;7;0;0;1;0;0;0;0;0;789929,0487;5836471,809;13,28184359;52,60074694
35860;142944;11;2;2030302;2020;9;16;2;3;1;5;0;1;1;0;0;0;0;0;801208,396;5826230,583;13,43859906;52,50282339
35861;142945;11;4;4020312;2020;9;11;1;2;0;7;0;1;0;0;0;0;0;0;789504,3701;5826850,618;13,26719829;52,51471819
35862;142946;11;8;8020619;2020;9;17;3;3;2;6;0;0;0;0;1;0;1;0;802525,2277;5820716,975;13,45293848;52,45267626
35863;142947;11;8;8010301;2020;9;18;6;3;2;6;0;0;1;0;1;0;0;0;801102,3128;5824131,497;13,43514387;52,48406732
35864;142948;11;2;2040502;2020;9;17;2;3;5;2;0;1;1;0;0;0;0;0;800452,7714;5828446,372;13,42950089;52,52310078
35865;142949;11;5;5020627;2020;9;15;5;3;0;1;0;1;0;0;0;0;0;0;786010,7426;5828010,45;13,21685317;52,52696036
35866;142950;11;11;11020513;2020;9;17;2;3;5;3;0;1;1;0;0;0;0;0;802855,2519;5831366,383;13,46746443;52,54794322
35867;142951;11;3;3040512;2020;9;13;2;2;6;4;0;0;1;1;0;0;0;0;796325,5384;5834871,72;13,37458302;52,58295583
35868;142952;11;4;4051655;2020;9;17;2;3;5;2;0;1;1;0;0;0;0;0;794195,1827;5823597,966;13,33325292;52,48304997
35869;142953;11;4;4030416;2020;9;20;7;3;6;6;1;0;1;1;0;0;0;0;791289,0176;5827275,727;13,29379556;52,51757905
35870;142954;11;7;7020203;2020;9;18;2;3;2;6;1;0;1;0;0;0;0;0;795826,6042;5824100,909;13,35765349;52,48667705
35871;142955;11;2;2020206;2020;9;12;6;3;5;2;0;1;1;0;0;0;0;0;799053,9226;5824540,248;13,40543568;52,48885695
35872;142956;11;12;12304314;2020;9;14;2;3;0;1;0;1;1;0;0;0;0;0;791225,9719;5836406,959;13,30088172;52,59947248
35873;142957;11;8;8010508;2020;9;15;3;3;6;7;0;0;0;1;0;0;1;0;803155,8521;5823396,105;13,46462383;52,47633982
35874;142958;11;7;7020204;2020;9;13;6;3;5;2;0;0;1;0;1;0;0;0;796210,3069;5822978,425;13,36229052;52,47640689
35875;142959;11;12;12301203;2020;9;15;2;2;0;4;0;0;0;1;0;0;1;0;793417,0459;5836086,611;13,3328558;52,59542287
35876;142960;11;3;3061441;2020;9;15;5;2;6;4;0;1;0;1;0;0;0;0;802797,2302;5828556,418;13,46405129;52,52279025
35877;142961;11;7;7030303;2020;9;17;2;2;0;6;0;0;1;0;1;0;0;0;796078,7142;5822846,481;13,36024151;52,47529548
35878;142962;11;1;1011201;2020;9;18;4;3;5;2;0;1;0;0;0;0;1;0;797471,2828;5826798,656;13,38421291;52,50996571
35879;142963;11;2;2030301;2020;9;13;1;3;3;6;0;1;0;0;0;0;0;0;800066,2288;5825737,671;13,42137854;52,49903451
35880;142964;11;2;2050801;2020;9;6;5;3;0;1;1;0;0;0;1;0;0;1;802227,8233;5827520,105;13,45474285;52,51381771
35881;142965;11;7;7050503;2020;9;15;7;3;2;6;0;0;1;0;0;0;0;0;799455,187;5820496,481;13,40769809;52,45239028
35882;142966;11;3;3061332;2020;9;0;5;3;1;5;2;1;1;0;0;0;0;1;800071,9377;5830662,968;13,42590562;52,54317855
35883;142967;11;7;7020204;2020;9;14;6;3;6;7;0;1;0;1;0;0;0;0;796282,2389;5823066,118;13,36342444;52,47715397
35884;142968;11;1;1044101;2020;9;10;2;3;2;7;0;0;1;0;0;0;0;0;793967,8733;5830155,951;13,33570827;52,54196115
35885;142969;11;3;3061131;2020;9;12;5;3;1;5;0;1;1;0;0;0;0;0;798271,6772;5830918,717;13,39966771;52,54645947
35886;142970;11;7;7040401;2020;9;17;2;3;5;3;0;0;1;0;0;0;1;0;797328,8093;5823504,352;13,37917949;52,48051353
35887;142971;11;11;11010103;2020;9;14;1;3;8;1;0;1;0;0;0;0;0;0;808822,0443;5834759,49;13,55833937;52,57500162
35888;142972;11;1;1011102;2020;9;18;1;3;5;2;0;0;1;0;1;0;0;0;796508,6177;5827611,836;13,3707944;52,51777916
35889;142973;11;2;2050802;2020;9;19;4;3;0;1;1;1;1;0;0;0;0;0;802082,435;5827156,891;13,45227722;52,51064275
35890;142974;11;9;9010202;2020;9;9;1;3;5;2;0;0;1;0;0;0;0;0;804100,7126;5823589,644;13,47866932;52,47754922
35891;142975;11;1;1033201;2020;9;17;1;3;7;7;0;0;0;0;1;0;0;0;798283,261;5830488,624;13,39945181;52,54259795
35892;142976;11;5;5040936;2020;9;11;2;3;5;3;0;0;1;0;0;0;1;0;779998,4799;5821525,876;13,12301037;52,47193538
35893;142977;11;9;9020802;2020;9;17;1;3;2;7;0;0;1;0;1;0;0;0;809811,9756;5820495,525;13,55962394;52,44661087
35894;142978;11;1;1011402;2020;9;18;4;3;0;5;0;1;1;0;0;0;0;0;798687,7835;5829709,019;13,40469826;52,53538832
35895;142979;11;12;12301203;2020;9;17;1;3;5;2;0;1;1;0;0;0;0;0;792852,7766;5835169,965;13,32373872;52,58750981
35896;142980;11;3;3061228;2020;9;15;4;3;3;6;0;0;0;0;1;0;0;0;800615,9267;5830677,364;13,43391612;52,54300773
35897;142981;11;6;6030504;2020;9;17;1;3;5;3;0;0;1;0;0;0;0;0;790387,7777;5817152,375;13,27173792;52,42730196
35898;142982;11;12;12103219;2020;9;3;4;3;1;5;2;0;1;0;0;0;0;0;795168,0809;5832477,176;13,35541819;52,56212011
35899;142983;11;6;6020409;2020;9;17;7;3;3;6;0;1;1;0;0;0;0;0;793967,4001;5818667,819;13,32556636;52,43897587
35900;142984;11;12;12304314;2020;9;15;2;3;2;6;0;0;1;0;1;0;0;0;790769,8409;5836027,02;13,29383243;52,59631052
35901;142985;11;1;1011303;2020;9;23;7;3;8;1;2;1;0;0;0;0;0;0;799669,4659;5828684,918;13,41820512;52,52567002
35902;142986;11;12;12214424;2020;9;22;7;3;3;6;2;0;1;0;0;0;0;0;793186,4941;5832306,017;13,32611813;52,5616564
35903;142987;11;10;10010310;2020;9;15;2;3;0;1;0;0;0;0;1;0;0;0;809009,823;5830209,624;13,55686658;52,53412078