;OBJECTID;LAND;BEZ;LOR;UJAHR;UMONAT;USTUNDE;UWOCHENTAG;UKATEGORIE;UART;UTYP1;ULICHTVERH;IstRad;IstPKW;IstFuss;IstKrad;IstGkfz;IstSonstige;USTRZUSTAND;LINREFX;LINREFY;XGCSWGS84;YGCSWGS84
35904;142988;11;12;12302108;2020;9;19;7;3;0;1;2;1;1;0;0;0;0;0;794498,6087;5837093,98;13,34967321;52,60386845
35905;142989;11;4;4030725;2020;9;18;7;3;5;3;0;1;0;0;0;0;0;0;791801,6283;5826227,191;13,30040925;52,50790505
35906;142990;11;2;2030301;2020;9;17;7;3;2;6;0;1;1;0;0;0;0;0;799837,6443;5826006,077;13,41826295;52,50156599
35907;142991;11;1;1022104;2020;9;9;4;3;5;2;0;0;1;0;1;0;0;0;794578,41;5828438,762;13,34316297;52,52623804
35908;142992;11;3;3040614;2020;9;17;7;3;5;3;0;0;1;0;0;0;0;0;799607,9223;5834011,214;13,42210628;52,57344535
35909;142993;11;4;4010101;2020;9;8;4;3;1;5;0;0;1;0;0;0;0;0;790278,2377;5829713,914;13,28107008;52,53997649
35910;142994;11;2;2020206;2020;9;15;7;3;5;2;0;1;1;0;0;0;0;0;799202,4999;5824556,83;13,40763226;52,48892418
35911;142995;11;9;9020501;2020;9;14;2;3;5;3;0;0;1;0;0;0;0;0;805946,111;5822647,271;13,5048923;52,46807267
35912;142996;11;12;12214422;2020;9;15;7;3;2;6;0;0;1;0;0;0;0;0;792161,498;5832941,441;13,31159999;52,56790371
35913;142997;11;12;12214424;2020;9;14;7;3;1;5;0;1;1;0;0;0;0;0;793055,0831;5832668,487;13,32450525;52,5649765
35914;142998;11;1;1011301;2020;9;13;7;3;6;4;0;1;0;1;0;0;0;0;797258,5542;5829077,757;13,38312431;52,5305112
35915;142999;11;3;3020209;2020;9;8;4;3;5;3;0;0;1;0;0;0;0;0;797551,8325;5834860,529;13,39261872;52,58218627
35916;143000;11;12;12214527;2020;9;13;1;3;2;7;0;1;0;0;0;0;0;0;790079,8668;5835439,32;13,28315975;52,59141033
35917;143001;11;1;1022207;2020;9;13;7;3;5;3;0;0;1;0;0;0;1;0;794553,0389;5827506,681;13,34196462;52,51789627
35918;143002;11;3;3020209;2020;9;7;2;3;0;6;0;1;0;0;0;0;1;0;798399,5079;5834843,9;13,40507743;52,58157298
35919;143003;11;12;12302110;2020;9;8;4;3;0;3;0;0;1;0;0;0;1;0;794900,6101;5836310,423;13,35489408;52,59662669
35920;143004;11;3;3030711;2020;9;11;7;3;2;6;0;0;1;0;1;0;0;0;802153,9232;5836456,149;13,46179013;52,59395142
35921;143005;11;1;1011305;2020;9;8;4;2;6;4;0;1;0;1;0;0;0;0;799692,9794;5827222,891;13,41723356;52,51255233
35922;143006;11;12;12302211;2020;9;11;7;3;8;1;0;0;0;0;1;0;0;0;792927,309;5837087,05;13,32653152;52,60465522
35923;143007;11;10;10010102;2020;9;6;3;3;5;2;0;0;1;0;0;0;0;0;809549,733;5834191,79;13,56851339;52,56950081
35924;143008;11;5;5010314;2020;9;8;4;3;5;5;0;0;1;0;1;0;0;0;785671,05;5828564,811;13,21233593;52,53210878
35925;143009;11;3;3071537;2020;9;11;7;2;5;2;0;1;1;0;0;0;0;0;799438,7802;5829881,592;13,41589287;52,53652308
35926;143010;11;1;1011203;2020;9;13;2;3;2;6;0;1;1;0;0;0;0;0;797907,6448;5827352,871;13,39111974;52,51469544
35927;143011;11;2;2030401;2020;9;10;7;3;5;3;0;1;1;0;0;0;0;0;800514,3283;5825454,974;13,42770468;52,49625403
35928;143012;11;1;1011402;2020;9;10;7;3;5;3;0;0;1;0;0;0;0;0;798349,6429;5829964,173;13,39995682;52,53786063
35929;143013;11;11;11020514;2020;9;9;7;3;5;3;0;0;1;0;0;0;0;0;804993,2989;5831114,334;13,49866634;52,54449152
35930;143014;11;2;2020206;2020;9;8;4;3;5;3;0;1;1;0;0;0;0;0;800002,3084;5824456,916;13,41928649;52,48758968
35931;143015;11;1;1011302;2020;9;13;1;3;1;7;0;0;1;0;1;0;0;0;798657,5356;5828519,033;13,40318461;52,52473835
35932;143016;11;7;7020202;2020;9;3;7;3;0;1;2;0;0;0;0;0;1;0;794518,5362;5823915,472;13,33828136;52,48572192
35933;143017;11;5;5010208;2020;9;12;2;3;5;3;0;0;1;0;0;0;0;0;784120,9668;5830449,473;13,19115778;52,54981704
35934;143018;11;5;5010314;2020;9;23;7;3;0;6;2;0;1;0;0;0;1;0;784925,8849;5829351,619;13,20205493;52,53955332
35935;143019;11;6;6020303;2020;9;7;4;2;5;2;0;1;1;0;0;0;0;0;795261,7739;5818610,587;13,34450247;52,43776555
35936;143020;11;6;6020302;2020;9;8;6;3;1;5;0;1;1;0;0;0;0;0;794498,1546;5818724,443;13,33340178;52,43919794
35937;143021;11;12;12214424;2020;9;16;6;3;5;2;0;0;1;0;0;0;0;0;792909,36;5832162,102;13,32191449;52,56051543
35938;143022;11;4;4030417;2020;9;18;2;3;5;2;0;1;1;0;0;0;0;0;791560,601;5826638,467;13,29722826;52,51172096
35939;143023;11;6;6010206;2020;9;16;6;3;5;3;0;1;1;0;0;0;0;0;794708,6997;5819447,966;13,33712832;52,44557056
35940;143024;11;3;3061227;2020;9;20;6;2;0;1;2;1;0;0;0;0;0;0;799899,839;5831649,926;13,42426672;52,55211971
35941;143025;11;1;1011306;2020;9;18;6;3;6;4;1;1;0;1;0;0;0;0;799829,0156;5826710,083;13,4187702;52,50788105
35942;143026;11;7;7010104;2020;9;6;4;3;5;3;0;1;1;0;0;0;0;0;796687,4261;5824813,833;13,37092847;52,49260063
35943;143027;11;1;1044102;2020;9;12;1;3;5;3;0;0;1;0;0;0;0;0;795059,4448;5831481,634;13,35293519;52,55325481
35944;143028;11;3;3050923;2020;9;10;6;2;5;2;0;1;1;0;0;0;0;0;800865,9041;5832081,588;13,43886336;52,555456
35945;143029;11;6;6040701;2020;9;12;2;2;0;1;0;1;0;0;0;0;0;0;784469,5691;5816444,886;13,18433132;52,42406775
35946;143030;11;9;9020701;2020;9;9;6;3;6;4;0;0;0;1;0;1;0;0;808580,7887;5819118,056;13,54029417;52,43496216
35947;143031;11;7;7040405;2020;9;4;4;3;8;7;2;0;1;0;0;0;0;0;798996,559;5821244,464;13,40163895;52,45934604
35948;143032;11;9;9031001;2020;9;8;6;3;5;3;0;1;1;0;0;0;0;0;811100,2448;5815584,178;13,57395122;52,4018658
35949;143033;11;12;12214125;2020;9;14;4;3;5;3;0;1;0;0;0;0;0;0;791367,9729;5833104,119;13,30006829;52,56978739
35950;143034;11;2;2030302;2020;9;8;6;3;5;3;0;1;1;0;0;0;0;0;800406,5505;5825796,367;13,42642976;52,4993734
35951;143035;11;2;2050601;2020;9;13;4;3;5;2;0;0;1;0;0;0;1;0;801868,3066;5828990,739;13,45079565;52,52719813
35952;143036;11;9;9020702;2020;9;13;4;3;2;3;0;0;1;0;0;1;0;0;809399,1801;5820428,17;13,55350714;52,44624098
35953;143037;11;9;9010301;2020;9;7;6;3;0;1;0;1;0;0;0;0;0;0;805271,7738;5821767,587;13,49419163;52,46056565
35954;143038;11;5;5010314;2020;9;7;6;3;5;5;0;0;1;0;1;0;0;0;784318,0255;5828921,942;13,19274875;52,53601832
35955;143039;11;2;2010102;2020;9;15;4;2;5;3;0;1;1;0;0;0;0;0;798172,9624;5826505,271;13,39425865;52,50695281
35956;143040;11;10;10020620;2020;9;7;6;3;0;6;0;0;1;0;0;0;1;0;811314,2886;5829869,112;13,5904128;52,52975809
35957;143041;11;7;7050502;2020;9;16;2;3;5;2;0;1;1;0;0;0;0;0;797908,0012;5818346,543;13,38308078;52,43396372
35958;143042;11;2;2020203;2020;9;8;6;3;2;6;0;0;1;0;0;0;0;0;797239,6225;5824001,559;13,3783134;52,48501903
35959;143043;11;5;5020625;2020;9;17;6;3;5;2;0;1;1;0;0;0;0;0;784547,2773;5828171,044;13,19547677;52,5291661
35960;143044;11;12;12231101;2020;9;22;6;3;5;3;2;0;1;0;0;0;0;0;791698,8447;5839248,766;13,31034934;52,62469464
35961;143045;11;4;4030726;2020;9;13;4;3;3;6;0;0;1;0;1;0;0;0;792109,1925;5825759,243;13,30451748;52,50354539
35962;143046;11;8;8010301;2020;9;21;6;3;6;4;2;0;1;1;0;0;0;0;800160,2094;5825331,541;13,42239286;52,49534252
35963;143047;11;4;4051655;2020;9;13;4;3;5;2;0;1;0;0;0;0;0;0;793973,8018;5823482,467;13,32990043;52,4821338
35964;143048;11;10;10010206;2020;9;22;6;3;5;3;2;1;1;0;0;0;0;0;809229,5592;5831989,624;13,56175255;52,54994788
35965;143049;11;7;7040404;2020;9;14;2;3;5;2;0;0;1;0;1;0;0;0;796633,9156;5819965,587;13,36583167;52,44916953
35966;143050;11;11;11010204;2020;9;1;6;3;8;1;2;0;1;0;0;0;0;0;806745,753;5833995,125;13,52708985;52,56932554
35967;143051;11;4;4030929;2020;9;18;6;3;0;5;0;1;0;0;0;0;1;0;792399,0649;5825388,59;13,30845045;52,50006732
35968;143052;11;5;5020626;2020;9;15;2;3;2;6;0;0;1;0;0;0;0;0;784153,9326;5827322,882;13,1889692;52,52176657
35969;143053;11;5;5020627;2020;9;7;6;2;5;3;0;1;1;0;0;0;0;0;785389,765;5828128,521;13,20782588;52,52834441
35970;143054;11;3;3061429;2020;9;1;6;3;8;1;2;0;1;0;0;0;0;0;802085,8907;5830576,229;13,45543422;52,5412883
35971;143055;11;3;3071537;2020;9;0;6;2;0;1;2;1;0;0;0;0;0;0;799426,0652;5829598,222;13,41545066;52,5339901
35972;143056;11;4;4030930;2020;9;14;4;3;3;6;0;1;1;0;0;0;0;0;793454,0619;5825696,041;13,32421857;52,50225717
35973;143057;11;11;11051330;2020;9;14;6;2;2;6;0;0;1;0;0;0;0;0;807304,252;5825338,741;13,527303;52,49143187
35974;143058;11;3;3061430;2020;9;2;3;3;8;1;2;0;1;0;0;0;0;0;802650,7121;5829595,743;13,46284434;52,53218693
35975;143059;11;3;3040818;2020;9;12;4;2;5;2;0;1;1;0;0;0;0;0;799936,4721;5833849,273;13,42679336;52,57181288
35976;143060;11;7;7020203;2020;9;13;6;3;1;5;0;1;1;0;0;0;1;0;795258,402;5824373,958;13,34955176;52,48943232
35977;143061;11;2;2010104;2020;9;20;2;3;5;3;1;1;1;0;0;0;0;0;799876,7949;5825693,123;13,4185562;52,49873933
35978;143062;11;5;5010314;2020;9;14;6;3;5;3;0;0;1;0;1;0;0;0;784861,1646;5828759,534;13,20059567;52,53427855
35979;143063;11;2;2020204;2020;9;13;6;3;5;3;0;1;0;0;0;0;0;0;799098,126;5825231,967;13,40670568;52,49503303
35980;143064;11;12;12103218;2020;9;13;6;2;6;4;0;0;1;1;0;0;0;0;793541,5555;5832484,726;13,33149908;52,56306712
35981;143065;11;11;11051330;2020;9;12;4;2;5;3;0;1;1;0;0;0;0;0;807202,367;5825558,852;13,52601003;52,49346188
35982;143066;11;9;9030902;2020;9;16;1;2;5;3;0;0;1;0;1;0;0;0;808184,0238;5815760,363;13,53138381;52,40509364
35983;143067;11;12;12224230;2020;9;13;6;2;5;2;0;1;1;0;0;0;0;0;785488,6813;5837375,181;13,21723959;52,61119603
35984;143068;11;7;7010102;2020;9;13;6;3;2;6;0;0;1;0;0;0;0;0;795177,582;5825835,211;13,34965975;52,50257511
35985;143069;11;1;1044202;2020;9;12;6;3;5;3;0;1;1;0;0;0;0;0;795998,6798;5830328,759;13,36572026;52,54241081
35986;143070;11;10;10030724;2020;9;11;4;3;5;3;0;1;1;0;0;0;0;0;809057,3282;5828645,656;13,55611112;52,52007803
35987;143071;11;1;1011101;2020;9;15;1;2;5;2;0;1;1;0;0;0;0;0;795228,9698;5826625,405;13,35111536;52,50963081
35988;143072;11;6;6020408;2020;9;12;6;3;5;3;0;0;1;0;0;0;0;0;792759,4518;5815380,018;13,30496921;52,41014904
35989;143073;11;11;11020514;2020;9;13;2;3;0;3;0;0;1;0;0;0;0;0;804202,6658;5830669,175;13,48663575;52,54094376
35990;143074;11;5;5010312;2020;9;12;6;2;6;4;0;0;1;1;0;0;0;0;784901,8823;5830129,171;13,20236888;52,54653735
35991;143075;11;8;8010508;2020;9;17;2;3;5;2;0;1;1;0;0;0;0;0;803101,3654;5822772;13,46325693;52,47077625
35992;143076;11;9;9020502;2020;9;17;2;3;2;4;0;0;1;1;0;0;0;0;806631,417;5822052,367;13,51440249;52,46235677
35993;143077;11;1;1011202;2020;9;11;6;3;5;2;0;1;1;0;0;0;0;0;797204,6251;5827496,907;13,38091894;52,5163701
35994;143078;11;1;1044201;2020;9;11;6;3;5;3;0;0;1;0;1;0;0;0;796203,7569;5831516,449;13,36979472;52,55294578
35995;143079;11;1;1011303;2020;9;11;6;3;5;2;0;1;0;0;0;0;1;0;798529,4561;5828076,219;13,40090489;52,52083929
35996;143080;11;1;1011304;2020;9;6;4;3;5;2;0;1;1;0;0;0;0;0;799729,4944;5827572,796;13,41808519;52,51566861
35997;143081;11;5;5020524;2020;9;13;1;3;2;6;0;0;1;0;1;0;0;0;782922,3809;5826881,132;13,17049042;52,51844613
35998;143082;11;12;12231101;2020;9;10;6;2;5;3;0;0;1;0;0;0;1;0;791318,4616;5838908,437;13,30444592;52,62184783
35999;143083;11;2;2020203;2020;9;6;2;3;5;2;2;1;1;0;0;0;0;0;797749,362;5824034,295;13,38582718;52,48503473
36000;143084;11;11;11041027;2020;9;16;2;2;1;5;0;0;1;0;0;0;0;0;807464,4309;5827352,172;13,53151358;52,5093862
36001;143085;11;11;11030720;2020;9;10;6;3;5;2;0;0;1;0;0;0;1;0;804595,2823;5829937,923;13,4917368;52,5341706
36002;143086;11;3;3061131;2020;9;12;2;3;0;1;0;1;0;0;0;0;0;0;799147,0974;5830837,782;13,41246617;52,54525403
36003;143087;11;6;6010101;2020;9;16;2;2;1;5;0;1;1;0;0;0;0;0;793037,0803;5820886,982;13,31386626;52,45936948
36004;143088;11;4;4030620;2020;9;15;6;3;5;3;0;1;1;0;0;0;0;0;792644,064;5827100,655;13,31355449;52,51528413
36005;143089;11;9;9020601;2020;9;15;4;2;6;4;0;0;1;1;0;0;0;0;806456,0821;5821542,625;13,51136186;52,45788663
36006;143090;11;5;5020419;2020;9;15;6;3;5;3;0;1;1;0;0;0;0;0;782092,225;5828083,644;13,15930846;52,52965849
36007;143091;11;6;6010102;2020;9;17;4;3;0;4;0;0;0;1;0;0;1;0;793727,313;5820573,867;13,32372047;52,45619197
36008;143092;11;1;1044202;2020;9;15;6;3;5;2;0;0;1;0;0;0;0;0;795398,438;5830598,573;13,35713501;52,5451552
36009;143093;11;3;3040513;2020;9;15;6;2;0;6;0;1;0;0;0;0;1;0;796879,6621;5833869,769;13,38184012;52,5736725
36010;143094;11;4;4010101;2020;9;17;4;3;5;7;0;0;1;0;1;0;0;0;791278,5843;5830688,174;13,29663268;52,54817676
36011;143095;11;9;9010401;2020;9;16;6;3;2;6;0;1;1;0;0;0;0;0;805791,7149;5820326,251;13,50050075;52,44735697
36012;143096;11;3;3071633;2020;9;15;2;3;5;3;0;1;1;0;0;0;0;0;800095,1718;5830649,938;13,42623543;52,54304896
36013;143097;11;1;1022204;2020;9;23;2;3;5;2;2;1;0;0;1;0;0;0;795119,2012;5828264,658;13,35095673;52,52438487
36014;143098;11;1;1033102;2020;9;16;6;3;3;6;0;1;0;0;0;0;1;0;797275,8104;5831286,659;13,38535436;52,55030194
36015;143099;11;12;12103219;2020;9;15;6;3;5;2;0;0;1;0;1;0;0;0;795063,7684;5832467,563;13,35387526;52,56209047
36016;143100;11;1;1011203;2020;9;16;6;3;1;5;0;1;1;0;0;0;0;0;797911,2291;5827329,687;13,39115165;52,51448566
36017;143101;11;9;9020702;2020;9;16;4;3;5;2;0;1;1;0;0;0;0;0;808889,3994;5819346,141;13,54503014;52,43683208
36018;143102;11;4;4020311;2020;9;17;6;3;2;6;0;0;1;0;0;0;0;0;788876,992;5827207,289;13,25828841;52,51824852
36019;143103;11;1;1011104;2020;9;15;6;3;5;2;0;0;1;0;0;0;1;0;796641,6147;5825771,146;13,37110824;52,5012069
36020;143104;11;2;2020206;2020;9;17;6;3;5;2;0;1;0;0;1;0;0;0;799976,2563;5825340,495;13,41969942;52,49552391
36021;143105;11;1;1011204;2020;9;16;4;3;0;2;0;1;1;0;0;0;0;0;798161,4688;5826612,329;13,39418569;52,50791873
36022;143106;11;11;11030618;2020;9;17;6;3;5;2;0;1;1;0;0;0;0;0;803838,9394;5828668,486;13,47946036;52,52321522
36023;143107;11;4;4030930;2020;9;15;4;3;5;2;0;0;1;0;0;0;1;0;793166,3158;5825622,964;13,31992723;52,50175674
36024;143108;11;5;5020419;2020;9;17;6;2;5;3;0;0;1;0;1;0;0;0;782027,5015;5828467,757;13,15868278;52,53313611
36025;143109;11;1;1011302;2020;9;14;2;2;6;4;0;1;0;1;0;0;0;0;798483,1778;5828386,619;13,4005034;52,52364693
36026;143110;11;9;9051901;2020;9;9;2;2;5;3;0;1;1;0;0;0;0;0;811402,3366;5821151,15;13,58355995;52,45158286
36027;143111;11;1;1022104;2020;9;14;6;3;3;6;0;1;1;0;0;0;0;0;794138,1367;5828450,849;13,33670265;52,52658411
36028;143112;11;4;4030621;2020;9;14;6;2;6;4;0;0;1;1;0;0;0;0;793187,7759;5827780,725;13,32214337;52,52108866
36029;143113;11;1;1011305;2020;9;19;6;3;6;7;2;0;1;1;0;0;0;0;799017,595;5827228,805;13,40731628;52,51297599
36030;143114;11;11;11030618;2020;9;15;4;3;5;2;0;1;1;0;0;0;0;0;802435,018;5828903,872;13,45904486;52,52610547
36031;143115;11;12;12214424;2020;9;12;1;3;5;2;0;1;1;0;0;0;0;0;792501,2723;5832841,275;13,31651046;52,5668233
36032;143116;11;4;4031032;2020;9;19;6;3;5;3;0;1;1;0;0;0;0;0;790949,7785;5824836,539;13,28667832;52,49589282
36033;143117;11;1;1011303;2020;9;21;2;2;6;4;2;0;1;1;0;0;0;0;798882,6118;5827918,243;13,40595243;52,5192298
36034;143118;11;3;3020209;2020;9;14;3;3;6;7;0;1;0;1;0;0;0;0;797832,292;5834663,828;13,39656902;52,58026967
36035;143119;11;11;11051330;2020;9;18;6;3;5;3;0;1;1;0;0;0;0;0;806803,155;5824850,89;13,51949653;52,48734149
36036;143120;11;1;1011104;2020;9;19;2;3;5;3;1;1;0;0;1;0;0;0;796144,8085;5825693,635;13,3637418;52,50078193
36037;143121;11;1;1044103;2020;9;7;3;2;0;1;0;0;0;0;1;0;0;0;794720,7814;5830418,814;13,34701137;52,54391081
36038;143122;11;2;2020206;2020;9;18;3;3;2;6;1;0;1;0;0;0;0;0;800174,4167;5825044,847;13,42234319;52,49276495
36039;143123;11;4;4041344;2020;9;8;6;3;0;3;0;1;0;0;0;0;0;0;793379,1757;5821960,219;13,31983026;52,46880718
36040;143124;11;10;10020622;2020;9;13;2;3;5;2;0;0;1;0;0;0;0;0;811208,7023;5828860,238;13,58791724;52,52077754
36041;143125;11;1;1011301;2020;9;18;6;3;5;3;0;1;1;0;0;0;0;0;797086,4375;5828041,863;13,379669;52,52131941
36042;143126;11;1;1011204;2020;9;18;6;3;0;3;0;1;1;0;0;0;0;0;798934,3054;5826945,196;13,40583785;52,51047949
36043;143127;11;6;6020409;2020;9;17;6;2;5;3;0;0;1;0;1;0;0;0;793727,4474;5818284,348;13,32170953;52,4356671
36044;143128;11;12;12301205;2020;9;13;3;3;2;6;0;1;1;0;0;0;0;0;791844,9957;5836935,205;13,31046117;52,60387609
36045;143129;11;4;4051653;2020;9;1;1;2;9;1;2;1;0;0;0;0;0;0;794002,5932;5824284,559;13,33103068;52,48930867
36046;143130;11;5;5040937;2020;9;17;6;2;1;5;0;1;1;0;0;0;0;0;781599,8234;5819447,751;13,1447701;52,45247824
36047;143131;11;9;9020802;2020;9;12;2;3;2;6;0;1;1;0;0;0;0;0;810477,1108;5820285,917;13,56918446;52,44435517
36048;143132;11;4;4030621;2020;9;9;2;3;5;2;0;1;1;0;0;0;0;0;794161,8034;5827014,911;13,33578065;52,51369902
36049;143133;11;11;11030824;2020;9;9;5;3;0;6;0;1;0;0;0;0;1;0;804183,4561;5826807,334;13,48282131;52,50634232
36050;143134;11;9;9020502;2020;9;9;2;3;5;2;0;0;0;0;0;1;1;0;809391,8899;5821482,711;13,55437701;52,45569575
36051;143135;11;4;4010102;2020;9;12;5;3;5;3;0;1;1;0;0;0;0;0;792286,5859;5830601,649;13,31137982;52,54686119
36052;143136;11;10;10030724;2020;9;15;5;3;3;6;0;1;1;0;0;0;0;0;808739,0251;5828071,176;13,55090172;52,51510996
36053;143137;11;2;2010103;2020;9;15;5;3;5;3;0;1;1;0;0;0;0;0;799593,8873;5825830,063;13,41452431;52,50012217
36054;143138;11;3;3040614;2020;9;17;5;3;5;3;0;1;1;0;0;0;0;0;799987,6062;5835268,633;13,42882999;52,58450672
36055;143139;11;3;3050925;2020;9;13;5;3;4;5;0;0;0;0;0;0;1;0;802499,3241;5831571,171;13,46241794;52,54997646
36056;143140;11;8;8010303;2020;9;19;5;3;5;2;1;1;0;0;0;0;1;0;800330,5769;5824358,16;13,42401752;52,48652401
36057;143141;11;9;9020701;2020;9;10;3;3;0;2;0;1;1;0;0;0;0;0;808879,869;5818933,662;13,5445093;52,43314083
36058;143142;11;9;9041301;2020;9;23;1;2;8;1;2;1;0;0;0;0;0;0;816520,508;5818015,393;13,65565803;52,42054554
36059;143143;11;12;12301203;2020;9;23;5;3;1;5;2;0;1;0;0;0;0;0;793400,5663;5835502,027;13,33209536;52,59019136
36060;143144;11;8;8010214;2020;9;17;2;3;2;7;0;0;1;0;0;1;0;0;801744,5532;5822358,612;13,442969;52,4678221
36061;143145;11;1;1044202;2020;9;22;5;3;5;3;2;0;1;0;0;0;0;0;795395,622;5830587,844;13,35708407;52,54506056
36062;143146;11;3;3050919;2020;9;7;3;3;5;2;0;0;1;0;0;0;1;0;802069,5397;5832773,724;13,45719298;52,56099331
36063;143147;11;1;1044101;2020;9;21;5;3;0;1;2;0;0;0;1;0;0;0;794288,645;5831492,437;13,34160889;52,55376868
36064;143148;11;11;11020514;2020;9;7;3;3;1;6;0;1;1;0;0;0;0;0;804458,753;5830468,882;13,49021661;52,53900561
36065;143149;11;9;9020801;2020;9;20;5;3;2;6;2;0;1;0;0;0;0;0;809761,7363;5820705,166;13,55908146;52,4485181
36066;143150;11;5;5040934;2020;9;7;3;3;0;1;0;0;0;0;1;0;0;0;783910,3487;5823428,851;13,18206802;52,48697878
36067;143151;11;8;8010404;2020;9;20;5;3;2;6;2;0;1;0;0;0;0;0;801881,1532;5823595,55;13,44609321;52,47883351
36068;143152;11;12;12103218;2020;9;15;2;3;2;6;0;0;1;0;0;0;0;0;794253,4133;5835440,186;13,34459351;52,58917631
36069;143153;11;9;9052001;2020;9;7;2;2;5;3;0;1;1;0;0;0;0;0;809220,4642;5823021,359;13,55328761;52,46958191
36070;143154;11;2;2040703;2020;9;7;3;3;5;3;0;1;1;0;0;0;0;0;801267,1424;5827424,411;13,44054237;52,51349144
36071;143155;11;4;4041241;2020;9;19;5;3;6;2;1;0;1;1;0;0;0;0;791349,6555;5822555,281;13,29055785;52,47522807
36072;143156;11;4;4020310;2020;9;16;2;3;3;6;0;0;1;0;1;0;0;0;790352,556;5827320,085;13,28007213;52,51847611
36073;143157;11;2;2050801;2020;9;19;5;3;5;2;1;1;1;0;0;0;0;0;803425,201;5826919,534;13,47178602;52,50777016
36074;143158;11;11;11010204;2020;9;18;5;3;5;2;0;1;1;0;0;0;0;0;807653,2067;5833600,018;13,54007038;52,56527258
36075;143159;11;3;3061126;2020;9;18;5;3;1;6;0;1;1;0;0;0;0;0;799228,66;5831605,741;13,41435733;52,55209279
36076;143160;11;10;10010102;2020;9;7;3;2;5;2;0;0;1;0;1;0;0;0;809347,4584;5834283,547;13,56562399;52,57043807
36077;143161;11;1;1044201;2020;9;16;5;3;5;2;0;1;1;0;0;0;0;0;796212,9261;5830763,884;13,36925825;52,54619484
36078;143162;11;11;11030618;2020;9;7;3;3;3;6;0;1;0;0;0;0;0;0;803810,1199;5828901,051;13,47924934;52,52531568
36079;143163;11;7;7020204;2020;9;18;5;3;5;3;0;0;1;0;1;0;0;0;796297,3482;5823018,535;13,36360398;52,47671923
36080;143164;11;7;7040403;2020;9;14;2;3;5;3;0;1;1;0;0;0;0;0;797024,2781;5820719,642;13,37222948;52,45571701
36081;143165;11;3;3040614;2020;9;17;5;3;5;3;0;0;1;0;1;0;0;0;798164,7993;5833449,885;13,40037011;52,56920634
36082;143166;11;8;8010117;2020;9;17;5;3;5;3;0;1;1;0;0;0;0;0;800693,8258;5822933,47;13,4280662;52,47355407
36083;143167;11;7;7020201;2020;9;17;5;3;6;4;0;1;0;1;0;0;0;0;794648,8607;5824160,883;13,34041202;52,48785156
36084;143168;11;6;6040810;2020;9;7;3;3;5;2;0;1;1;0;0;0;0;0;792465,2897;5821578,701;13,30608077;52,46587695
36085;143169;11;2;2010104;2020;9;16;5;3;2;6;0;1;1;0;0;0;0;0;799689,4761;5825369,05;13,41551347;52,4959374
36086;143170;11;1;1011301;2020;9;12;5;3;5;3;0;0;1;0;0;0;0;0;796973,7217;5828802,544;13,37869191;52,52819948
36087;143171;11;4;4041344;2020;9;11;5;3;0;6;0;1;1;0;0;0;0;0;792982,4962;5822441,397;13,31442998;52,47333369
36088;143172;11;2;2040701;2020;9;23;3;3;5;2;2;1;1;0;0;0;0;0;800283,4995;5827631,39;13,42627778;52,51588907
36089;143173;11;2;2020204;2020;9;11;5;3;5;2;0;1;0;0;0;0;1;0;798843,6167;5825105,536;13,40285454;52,49403916
36090;143174;11;4;4020310;2020;9;6;3;2;5;2;0;0;1;0;1;0;0;0;790328,004;5827555,284;13,27991659;52,52059777
36091;143175;11;1;1022201;2020;9;23;3;3;5;2;2;1;1;0;0;0;0;0;795045,0707;5829159,458;13,35066131;52,53244618
36092;143176;11;2;2020203;2020;9;11;5;3;5;3;0;1;1;0;0;0;0;0;797805,869;5824909,476;13,38743896;52,4928489
36093;143177;11;2;2050802;2020;9;21;2;3;2;7;2;1;1;0;0;0;0;0;802689,3395;5827317,61;13,46133889;52,51174685
36094;143178;11;1;1033201;2020;9;7;2;3;0;2;0;1;1;0;0;0;0;0;798368,4737;5830148,158;13,40039885;52,53949949
36095;143179;11;2;2030302;2020;9;10;5;3;5;3;0;0;1;0;0;0;1;0;801037,049;5825891,456;13,43577576;52,49987827
36096;143180;11;1;1044103;2020;9;10;5;3;2;3;0;1;1;0;0;0;0;0;794748,8297;5830932,544;13,34787969;52,54850083
36097;143181;11;6;6040810;2020;9;10;5;2;5;2;0;1;1;0;0;0;0;0;790239,077;5820060,834;13,272083;52,45345607
36098;143182;11;8;8020619;2020;9;21;3;3;0;2;2;0;1;0;1;0;0;0;802472,9403;5820705,406;13,4521609;52,4526015
36099;143183;11;5;5010314;2020;9;20;1;3;6;2;1;0;1;1;0;0;0;0;784769,1053;5828813,329;13,19928821;52,53480898
36100;143184;11;6;6030608;2020;9;9;5;3;5;2;0;0;1;0;0;0;1;0;791452,7334;5816679,507;13,28694437;52,42249638
36101;143185;11;1;1011103;2020;9;12;2;3;6;4;0;1;0;1;0;0;0;0;795660,3844;5826101,591;13,3569884;52,50470161