;OBJECTID;LAND;BEZ;LOR;UJAHR;UMONAT;USTUNDE;UWOCHENTAG;UKATEGORIE;UART;UTYP1;ULICHTVERH;IstRad;IstPKW;IstFuss;IstKrad;IstGkfz;IstSonstige;USTRZUSTAND;LINREFX;LINREFY;XGCSWGS84;YGCSWGS84
36102;143186;11;3;3071536;2020;9;8;5;3;5;2;0;0;1;0;1;0;0;0;799049,6994;5830160,776;13,41042474;52,53923918
36103;143187;11;1;1011301;2020;9;20;1;3;1;5;1;0;1;0;0;0;1;0;796987,5449;5829392,764;13,37942237;52,5334826
36104;143188;11;7;7010102;2020;9;8;5;3;1;5;0;1;1;0;0;0;0;0;795983,3966;5825361,511;13,36107569;52,4978923
36105;143189;11;4;4051654;2020;9;19;2;3;6;2;1;0;1;1;0;0;0;0;793459,7099;5823931,758;13,32274741;52,48643806
36106;143190;11;5;5020625;2020;9;8;5;3;3;2;0;0;1;0;1;0;0;0;784736,8272;5828587,905;13,19862049;52,53280469
36107;143191;11;1;1033201;2020;9;18;2;3;5;3;0;0;1;0;0;0;1;0;797902,7303;5831002,621;13,39431822;52,54741344
36108;143192;11;2;2050801;2020;9;15;5;3;0;3;0;0;1;0;1;0;0;0;803320,9434;5826748,258;13,47009853;52,50629302
36109;143193;11;1;1011102;2020;9;15;5;3;2;6;0;0;1;0;0;0;0;0;795175,7581;5826915,248;13,35059064;52,51225784
36110;143194;11;5;5010312;2020;9;14;5;2;5;3;0;0;1;0;1;0;0;0;785149,0336;5829601,828;13,20555103;52,54167994
36111;143195;11;3;3061228;2020;9;18;3;3;6;4;0;1;0;1;0;0;0;0;800903,3989;5831251,059;13,43866207;52,54799116
36112;143196;11;5;5010207;2020;9;18;1;2;5;2;1;0;1;0;0;0;0;0;783691,0634;5830166,826;13,18459307;52,54750687
36113;143197;11;12;12224229;2020;9;14;5;2;5;3;0;0;1;0;0;0;0;0;786538,9627;5833199,462;13,229096;52,5732058
36114;143198;11;4;4020310;2020;9;11;2;3;2;2;0;0;1;0;0;0;0;0;790374,0595;5827297,202;13,28036817;52,51825952
36115;143199;11;12;12224230;2020;9;14;5;2;5;3;0;0;1;0;0;0;0;0;786832,538;5837501,135;13,23714134;52,61161771
36116;143200;11;4;4051445;2020;9;14;5;3;5;2;0;1;1;0;0;0;0;0;792193,1386;5824636,028;13,30476531;52,49343104
36117;143201;11;6;6020410;2020;9;20;3;3;2;6;2;1;1;0;0;0;0;0;794562,7535;5816348,219;13,33225643;52,4178613
36118;143202;11;1;1044203;2020;9;14;3;3;2;6;0;1;0;0;0;0;0;0;795455,171;5831614,756;13,35887335;52,5542336
36119;143203;11;6;6010101;2020;9;13;5;3;6;2;0;0;0;1;0;0;1;0;793530,6061;5820632,052;13,32088501;52,45681926
36120;143204;11;7;7070701;2020;9;7;3;3;5;3;0;1;1;0;0;0;0;0;799341,48;5816110,466;13,40210311;52,41313752
36121;143205;11;7;7040405;2020;9;13;5;3;1;5;0;0;1;0;0;0;0;0;798175,3911;5820930,938;13,38930879;52,45698429
36122;143206;11;4;4010101;2020;9;12;5;2;5;3;0;0;1;0;0;0;0;0;791220,1329;5829730,927;13,29493386;52,53962644
36123;143207;11;1;1011104;2020;9;6;3;3;5;7;1;1;1;0;0;0;0;0;796628,214;5826074,055;13,37118123;52,50392947
36124;143208;11;12;12103218;2020;9;13;5;2;5;2;0;1;0;0;0;1;0;0;795445,0475;5834157,816;13,36098923;52,57703522
36125;143209;11;11;11010310;2020;9;13;2;3;6;4;0;0;1;1;0;0;0;0;805281,8097;5833240,947;13,5048631;52,56338934
36126;143210;11;1;1011204;2020;9;8;5;3;3;2;0;1;0;0;1;0;0;0;798004,605;5826788,132;13,39203867;52,50958029
36127;143211;11;1;1011302;2020;9;7;5;3;0;6;0;0;1;0;1;0;0;0;799077,9323;5828978,732;13,40977616;52,52862844
36128;143212;11;4;4051655;2020;9;7;5;3;2;6;0;1;1;0;0;0;0;0;794209,2735;5823382,494;13,33326966;52,48111078
36129;143213;11;1;1011203;2020;9;6;3;2;5;3;0;0;1;0;1;0;0;0;797878,3186;5827467,457;13,39079144;52,51573857
36130;143214;11;11;11040926;2020;9;7;5;3;5;3;0;0;1;0;0;0;0;0;806468,9775;5826869,681;13,51644768;52,50562212
36131;143215;11;4;4020311;2020;9;7;3;3;5;2;0;1;1;0;0;0;0;0;789269,1;5826827,304;13,26372065;52,51463401
36132;143216;11;3;3040512;2020;9;5;3;3;2;6;0;0;1;0;0;0;1;0;796977,3683;5835831,931;13,38503586;52,5912075
36133;143217;11;6;6020409;2020;9;6;5;3;2;2;0;0;1;0;1;0;0;0;793460,0383;5817162,909;13,316803;52,4257572
36134;143218;11;3;3061227;2020;9;6;5;3;2;6;0;0;1;0;0;0;0;0;799264,4716;5831802,221;13,41506104;52,55383425
36135;143219;11;9;9010101;2020;9;0;3;2;8;1;2;1;0;0;0;0;0;0;802360,697;5825651,579;13,45499802;52,49699649
36136;143220;11;12;12214527;2020;9;15;4;3;2;7;0;0;1;0;0;0;0;0;790310,6497;5835450,242;13,28656657;52,59138511
36137;143221;11;7;7060604;2020;9;14;2;3;2;6;0;0;1;0;0;0;0;0;798081,4682;5814493,353;13,38219296;52,39932926
36138;143222;11;1;1033202;2020;9;15;4;3;0;3;0;1;0;0;0;0;1;0;797414,5464;5830005,253;13,3862471;52,53874
36139;143223;11;11;11041128;2020;9;10;4;2;6;7;0;1;0;1;0;0;0;0;806064,4504;5825785,712;13,50951004;52,4961343
36140;143224;11;1;1011301;2020;9;21;4;3;2;6;2;0;1;0;0;0;1;0;797556,1526;5828685,641;13,38714754;52,526834
36141;143225;11;1;1011203;2020;9;8;3;3;1;5;0;1;0;0;0;0;1;0;797755,0524;5827486,961;13,38899772;52,51598071
36142;143226;11;8;8010118;2020;9;14;4;3;4;6;0;0;0;0;1;0;1;0;800277,8016;5822220,16;13,42131757;52,46738921
36143;143227;11;9;9020601;2020;9;0;3;3;2;6;2;0;1;0;1;0;0;0;805892,9734;5821809,118;13,50334431;52,46059052
36144;143228;11;2;2040701;2020;9;7;3;3;5;2;0;1;1;0;0;0;0;0;800557,9546;5827589,121;13,43027202;52,51535903
36145;143229;11;5;5030833;2020;9;8;4;3;6;7;0;1;0;1;0;0;0;0;789366,0673;5828810,91;13,26687156;52,53236604
36146;143230;11;4;4030827;2020;9;20;2;3;5;2;1;0;1;0;0;0;0;0;792323,1563;5826109,052;13,30796791;52,50656675
36147;143231;11;12;12231102;2020;9;20;4;2;7;7;0;1;0;0;0;0;0;0;790577,5118;5841163,65;13,29551446;52,64246198
36148;143232;11;9;9041301;2020;9;11;4;3;2;6;0;0;1;0;0;0;0;0;812370,0976;5819597,503;13,59630244;52,43710802
36149;143233;11;12;12103117;2020;9;14;2;3;3;6;0;0;1;0;1;0;0;0;795863,262;5832605,582;13,36575824;52,56289383
36150;143234;11;12;12224230;2020;9;11;4;3;5;2;0;0;1;0;1;0;0;0;786672,5879;5838509,117;13,2356592;52,62073911
36151;143235;11;4;4030623;2020;9;23;4;3;1;5;2;0;1;0;0;0;0;0;793438,4134;5826571,469;13,32476033;52,51011342
36152;143236;11;8;8010212;2020;9;22;4;3;0;1;2;1;0;0;0;0;0;0;801327,367;5823499,685;13,43787704;52,47828009
36153;143237;11;4;4030725;2020;9;8;3;3;5;3;0;1;1;0;0;0;0;0;791768,4073;5826432,773;13,30010137;52,50976583
36154;143238;11;9;9010101;2020;9;18;1;3;2;6;0;0;1;0;0;0;0;0;802317,1015;5825319,253;13,45405621;52,494042
36155;143239;11;12;12214424;2020;9;22;4;2;5;2;2;1;1;0;0;0;0;0;793420,7817;5832488,261;13,3297256;52,56316391
36156;143240;11;12;12214527;2020;9;13;2;3;3;6;0;0;1;0;1;0;0;0;790147,0547;5835788,408;13,28445461;52,59450403
36157;143241;11;11;11051331;2020;9;7;2;3;5;2;0;1;1;0;0;0;0;0;807248,7127;5824230,248;13,52546575;52,48152865
36158;143242;11;1;1011302;2020;9;21;4;3;1;5;2;1;1;0;0;0;0;0;798967,6916;5829007,272;13,4081816;52,52894472
36159;143243;11;1;3071537;2020;9;16;1;3;1;5;0;1;1;0;0;0;0;0;799501,0962;5828869,941;13,41589741;52,52742098
36160;143244;11;4;4030931;2020;9;20;4;3;1;5;2;1;1;0;0;0;0;0;794451,382;5825878,556;13,33903036;52,50335605
36161;143245;11;4;4051550;2020;9;20;4;3;5;2;2;0;1;0;1;0;0;0;793350,6495;5824513,7;13,32165816;52,49171356
36162;143246;11;4;4051652;2020;9;20;4;3;5;3;2;1;1;0;0;0;0;0;793447,9674;5824501,629;13,32307679;52,49155304
36163;143247;11;11;11040926;2020;9;8;3;3;5;2;0;1;1;0;0;0;0;0;806622,746;5827345,255;13,51914416;52,50979792
36164;143248;11;4;4030931;2020;9;17;2;3;5;2;0;1;1;0;0;0;0;0;794395,0694;5826083,269;13,33838414;52,50522156
36165;143249;11;6;6030609;2020;9;18;4;2;5;2;0;0;1;0;0;0;0;0;793156,7807;5818220,612;13,31328308;52,43540188
36166;143250;11;12;12214424;2020;9;5;6;3;5;2;2;1;1;0;0;0;0;1;793419,1364;5832489,631;13,32970261;52,56317708
36167;143251;11;3;3040614;2020;9;14;4;2;6;4;0;1;0;1;0;0;0;0;798539,4324;5834207,425;13,40656321;52,57579121
36168;143252;11;7;7020202;2020;9;5;2;3;0;1;2;0;0;0;1;0;0;1;794962,2084;5823926,502;13,34480605;52,48558128
36169;143253;11;12;12214424;2020;9;9;4;3;2;6;0;0;1;0;1;0;0;0;793381,6278;5833132,998;13,32971982;52,5689647
36170;143254;11;1;1011301;2020;9;19;5;3;2;6;2;1;1;0;0;0;0;0;797574,486;5828582,512;13,3873247;52,52589957
36171;143255;11;9;9010301;2020;9;17;7;2;2;6;0;0;1;0;0;0;0;1;804332,7366;5821685,79;13,48033859;52,46035625
36172;143256;11;7;7040401;2020;9;7;3;3;5;3;0;1;1;0;0;0;0;0;797229,6738;5822948,951;13,37722897;52,47558889
36173;143257;11;5;5020625;2020;9;10;4;3;3;6;0;0;1;0;0;1;0;0;784290,4813;5828709,364;13,1921619;52,53412671
36174;143258;11;3;3040508;2020;9;10;4;3;0;2;0;1;1;0;0;0;0;0;795859,8255;5836451,51;13,36914047;52,59737037
36175;143259;11;7;7040403;2020;9;14;6;3;2;6;0;0;1;0;0;0;1;1;797050,9186;5822176,699;13,37391713;52,46876366
36176;143260;11;1;1033201;2020;9;15;2;3;5;3;0;0;1;0;1;0;0;0;797910,6785;5830300,79;13,39380564;52,5411181
36177;143261;11;5;5010312;2020;9;18;4;3;5;3;0;0;1;0;0;0;0;0;785157,467;5829596,016;13,20567006;52,54162341
36178;143262;11;6;6010205;2020;9;6;5;3;6;2;1;0;1;1;0;0;0;0;795349,8209;5819990,967;13,34701412;52,45009229
36179;143263;11;9;9041301;2020;9;17;2;3;1;5;0;1;1;0;0;0;0;0;812310,5462;5818693,815;13,59458518;52,42904375
36180;143264;11;1;1033102;2020;9;17;3;3;1;5;0;1;1;0;0;0;0;0;797149,8584;5831377,031;13,38358312;52,55118074
36181;143265;11;3;3050925;2020;9;8;5;3;2;7;0;1;1;0;0;0;0;0;802216,3919;5831192,826;13,45791361;52,54674243
36182;143266;11;7;7030303;2020;9;13;7;3;5;3;0;0;1;0;0;0;0;1;796023,7468;5822813,357;13,35940517;52,47502833
36183;143267;11;5;5030731;2020;9;19;3;3;2;2;0;0;1;0;0;0;0;0;787467,1465;5829880,375;13,23987967;52,54295919
36184;143268;11;11;11051330;2020;9;14;5;2;0;7;0;1;0;0;0;1;0;0;807279,893;5825409,015;13,52701016;52,49207539
36185;143269;11;11;11051229;2020;9;10;7;3;9;1;0;0;1;0;0;0;0;1;803752,7084;5826199,563;13,47593991;52,50113501
36186;143270;11;11;11030721;2020;9;12;3;3;5;3;0;1;1;0;0;0;0;0;803420,1866;5828617,507;13,4732607;52,52299149
36187;143271;11;1;1044102;2020;9;17;4;3;5;3;0;1;1;0;0;0;0;0;795227,9446;5832194,671;13,35604741;52,55955525
36188;143272;11;5;5040935;2020;9;10;6;3;2;6;0;0;1;0;0;0;1;1;782464,4792;5820623,451;13,15845508;52,4625741
36189;143273;11;8;8041040;2020;9;10;2;3;5;2;0;0;1;0;0;0;0;0;806351,0044;5817141,016;13,50578613;52,41849633
36190;143274;11;10;10040931;2020;9;12;4;2;0;1;0;0;0;0;1;0;0;0;815052,8224;5829571,597;13,64506089;52,52494459
36191;143275;11;6;6010206;2020;9;9;4;3;5;2;0;1;1;0;0;0;0;0;794797,0979;5819831,151;13,33876334;52,44895796
36192;143276;11;3;3020209;2020;9;17;5;3;5;3;0;1;1;0;0;0;0;0;798212,6143;5835271,073;13,40271169;52,58550442
36193;143277;11;6;6020409;2020;9;21;1;3;8;1;2;0;1;0;0;0;0;1;793116,3794;5817664,039;13,31220254;52,43043396
36194;143278;11;8;8020619;2020;9;16;3;2;0;6;0;0;1;0;1;0;0;0;801216,5627;5821697,003;13,43462288;52,46218325
36195;143279;11;9;9052001;2020;9;20;6;3;3;6;2;1;1;0;0;0;0;0;809293,7324;5822753,749;13,55411473;52,46714216
36196;143280;11;2;2040503;2020;9;9;3;3;1;5;0;1;1;0;0;0;0;0;801402,602;5828748,859;13,44373245;52,5252878
36197;143281;11;2;2030401;2020;9;18;4;3;5;2;0;1;1;0;0;0;0;0;799994,2811;5825445,364;13,42005857;52,49645399
36198;143282;11;3;3030406;2020;9;8;6;3;2;6;0;0;1;0;0;0;0;1;803419,7903;5838393,33;13,48219615;52,61060875
36199;143283;11;4;4041241;2020;9;14;4;3;6;4;0;0;1;1;0;0;0;0;791621,9893;5822439,071;13,29445453;52,4740409
36200;143284;11;4;4030930;2020;9;11;2;3;0;4;0;0;1;1;0;0;0;0;793148,9904;5825617,413;13,31966783;52,50171628
36201;143285;11;12;12214424;2020;9;13;4;2;1;5;0;1;1;0;0;0;0;0;793045,6452;5832671,639;13,32436919;52,56500984
36202;143286;11;3;3050923;2020;9;8;4;3;5;3;0;1;1;0;0;0;0;0;801094,7633;5831490,419;13,44169272;52,55003083
36203;143287;11;7;7040401;2020;9;17;4;2;5;3;0;0;1;0;0;0;0;0;797013,2991;5823565,509;13,37460173;52,48123344
36204;143288;11;4;4020310;2020;9;8;6;3;2;6;0;0;1;0;0;1;1;1;788773,6895;5827647,601;13,25715248;52,52225078
36205;143289;11;1;1011402;2020;9;14;2;3;1;5;0;1;1;0;0;0;0;0;798789,3291;5829846,347;13,40631439;52,5365636
36206;143290;11;8;8041035;2020;9;7;4;3;0;3;0;0;1;0;1;0;0;0;804521,5313;5818130,635;13,47986872;52,42838706
36207;143291;11;4;4051549;2020;9;8;4;3;1;5;0;1;1;0;0;0;0;0;793265,7158;5823660,341;13,31965984;52,48410913
36208;143292;11;9;9020501;2020;9;14;5;3;5;2;0;1;1;0;0;0;0;0;806227,787;5822178,22;13,50859548;52,46371106
36209;143293;11;3;3061131;2020;9;13;1;3;0;7;0;0;1;0;1;0;0;0;798634,7978;5830288,993;13,40444062;52,54061599
36210;143294;11;6;6010204;2020;9;10;3;3;1;5;0;1;1;0;0;0;0;0;795533,5785;5820184,487;13,34988147;52,45172776
36211;143295;11;9;9020502;2020;9;23;6;2;0;1;2;0;0;0;1;0;0;0;808556,0307;5821659,584;13,5422783;52,45775337
36212;143296;11;2;2010103;2020;9;8;3;3;0;2;0;1;1;0;0;0;0;0;799292,2753;5826221,538;13,41044621;52,50379668
36213;143297;11;3;3040614;2020;9;8;4;3;4;6;0;1;0;0;0;0;0;0;800016,795;5835478,679;13,42944969;52,5863733
36214;143298;11;10;10010310;2020;9;5;6;3;9;1;2;0;1;0;0;0;1;1;809907,5564;5831583,371;13,57134071;52,54592196
36215;143299;11;2;2020204;2020;9;14;4;3;6;7;0;0;1;1;0;0;0;0;797896,8137;5824883,557;13,38875137;52,49256694
36216;143300;11;9;9030901;2020;9;6;2;3;1;7;1;0;1;0;0;0;0;0;808951,6006;5817172,856;13,54393486;52,41731996
36217;143301;11;2;2050602;2020;9;12;4;3;5;7;0;1;1;0;0;0;0;0;802619,9407;5827843,051;13,46079722;52,51649484
36218;143302;11;5;5010314;2020;9;15;5;3;3;6;0;0;1;0;0;0;0;0;785063,1451;5829466,443;13,20417183;52,54051103
36219;143303;11;3;3061227;2020;9;20;7;3;5;3;2;0;1;0;0;0;0;1;800056,5227;5831262,025;13,42622018;52,54855656
36220;143304;11;5;5020419;2020;9;8;3;3;2;6;0;0;1;0;1;0;0;0;782004,5507;5828457,531;13,15833665;52,5330563
36221;143305;11;3;3030716;2020;9;8;4;3;1;3;0;1;1;0;0;0;0;0;802999,0704;5833924,767;13,47191461;52,57079334
36222;143306;11;10;10040931;2020;9;12;5;3;5;3;0;1;1;0;0;0;0;0;814055,3406;5829451,753;13,63029337;52,52444613
36223;143307;11;8;8020726;2020;9;6;1;3;1;7;1;0;1;0;0;0;1;0;799667,9924;5817640,518;13,40825964;52,42667382
36224;143308;11;2;2050801;2020;9;14;3;2;6;4;0;0;1;1;0;0;0;0;803549,1425;5827186,081;13,47384965;52,51009021
36225;143309;11;1;1011105;2020;9;18;6;3;5;2;0;1;1;0;0;0;0;1;796590,6414;5826877,131;13,37134482;52,51114867
36226;143310;11;3;3071536;2020;9;7;3;3;5;2;0;1;1;0;0;0;0;0;799231,7504;5829269,193;13,41229827;52,53114757
36227;143311;11;2;2020202;2020;9;8;4;3;5;2;0;1;1;0;0;0;0;0;797880,96;5825062,838;13,38867884;52,49418264
36228;143312;11;10;10020416;2020;9;13;6;3;0;7;0;0;0;0;1;0;0;1;813683,7303;5831114,147;13,62640254;52,53955647
36229;143313;11;8;8010510;2020;9;14;4;2;5;2;0;0;1;0;1;1;0;0;803436,4786;5821901,107;13,46738337;52,46278449
36230;143314;11;11;11030619;2020;9;5;2;3;2;2;1;0;1;0;0;0;0;1;803545,6542;5829729,627;13,47611958;52,53288927
36231;143315;11;4;4041137;2020;9;9;4;3;1;7;0;0;1;0;0;0;0;0;791849,0798;5823922,207;13,29908674;52,4872158
36232;143316;11;7;7070702;2020;9;18;5;3;5;3;1;0;1;0;0;0;0;0;800391,7673;5814524,891;13,41607663;52,39834972
36233;143317;11;1;1033203;2020;9;12;7;3;5;3;0;1;1;0;0;0;0;1;796938,9701;5830135,464;13,37937199;52,54016654
36234;143318;11;7;7010102;2020;9;23;3;2;6;4;2;1;0;1;0;0;0;0;795405,1645;5825477,439;13,35268547;52,4992448
36235;143319;11;7;7020204;2020;9;7;4;3;3;6;0;1;1;0;0;0;0;0;796316,4478;5823953,831;13,36471561;52,48509298
36236;143320;11;4;4031032;2020;9;7;4;2;5;3;0;0;1;0;0;0;0;0;791257,7735;5824993,77;13,2913398;52,49713812
36237;143321;11;2;2010102;2020;9;14;6;3;1;5;0;1;1;0;0;0;0;1;798199,6744;5826509,654;13,39465498;52,5069775
36238;143322;11;1;1011301;2020;9;9;2;3;2;6;0;1;1;0;0;0;0;0;797200,52;5828330,11;13,38160304;52,52384105
36239;143323;11;9;9031202;2020;9;6;4;2;7;7;1;0;0;0;1;0;0;0;818144,9442;5812626,995;13,67434993;52,37132157
36240;143324;11;1;1011102;2020;9;17;5;3;5;7;0;1;1;0;0;0;0;0;796575,7636;5827815,637;13,37196275;52,51956951
36241;143325;11;3;3010101;2020;9;16;4;1;5;2;0;0;1;0;1;0;0;0;803007,585;5842059,688;13,47948793;52,64369854
36242;143326;11;4;4051652;2020;9;16;6;3;1;7;0;0;1;0;0;0;0;0;793441,9826;5824100,551;13,3226357;52,48796075
36243;143327;11;11;11041128;2020;9;10;2;2;5;3;0;1;1;0;0;0;0;0;806475,5405;5826861,951;13,51653696;52,50554915
36244;143328;11;7;7030303;2020;9;7;3;3;0;2;0;1;0;0;0;0;1;0;796045,133;5822843,27;13,35974568;52,47528489
36245;143329;11;6;6030605;2020;9;12;6;3;5;3;0;0;1;0;0;0;0;1;792683,4355;5819785,15;13,3077104;52,44968125
36246;143330;11;3;3050923;2020;9;18;2;3;1;5;0;1;0;0;0;0;1;0;800376,1354;5831892,913;13,43149029;52,55403521
36247;143331;11;1;1022206;2020;9;7;3;3;2;6;1;1;0;0;0;0;1;0;795730,5487;5828205,178;13,35988864;52,52352043
36248;143332;11;1;1011103;2020;9;13;5;3;5;3;0;0;1;0;0;0;0;0;795330,0343;5826170,691;13,35219677;52,50549995
36249;143333;11;5;5030730;2020;9;8;7;3;9;1;0;0;1;0;0;0;0;1;786266,7329;5829150,204;13,22159787;52,53704473
36250;143334;11;4;4041344;2020;9;11;3;2;0;7;0;1;0;0;0;0;0;0;793027,416;5822301,638;13,31496666;52,47205669
36251;143335;11;2;2020204;2020;9;9;3;3;5;2;0;1;1;0;0;0;0;0;798795,163;5824940,355;13,40199482;52,49258507
36252;143336;11;12;12103219;2020;9;9;6;3;5;2;0;1;0;0;0;0;1;1;794902,632;5832456,384;13,3514951;52,56207756
36253;143337;11;9;9020502;2020;9;7;4;3;5;2;0;1;1;0;0;0;0;0;807092,5428;5821909,18;13,52103678;52,46081456
36254;143338;11;8;8020619;2020;9;14;3;3;5;2;0;1;1;0;0;0;0;0;802459,6221;5820696,802;13,45195771;52,45253175
36255;143339;11;7;7010104;2020;9;17;5;3;6;6;0;1;0;1;0;0;0;0;796434,5079;5824890,716;13,36728254;52,49342721
36256;143340;11;9;9051901;2020;9;20;1;3;1;5;2;0;1;0;0;0;0;1;810856,5372;5821403,658;13,57578915;52,45415635
36257;143341;11;7;7070706;2020;9;16;3;3;5;3;0;0;1;0;0;0;0;0;799819,98;5812662,447;13,40603186;52,38196853
36258;143342;11;8;8010405;2020;9;16;1;3;3;6;0;1;1;0;0;0;0;0;802024,0004;5823524,476;13,4481258;52,47811749
36259;143343;11;12;12231101;2020;9;17;3;3;5;3;0;0;1;0;0;0;1;0;791698,3934;5839250,602;13,31034431;52,62471133
36260;143344;11;2;2050801;2020;9;13;5;3;5;3;0;0;1;0;1;0;0;0;802443,6484;5827416,085;13,45781905;52,51276575
36261;143345;11;4;4030415;2020;9;13;7;3;6;4;0;0;1;1;0;0;0;1;790780,8825;5827380,889;13,28642003;52,518793
36262;143346;11;11;11051332;2020;9;16;3;3;2;3;0;1;0;0;1;0;0;0;807033,3977;5823511,691;13,52164353;52,47520989
36263;143347;11;6;6020409;2020;9;17;3;3;0;5;1;0;1;0;0;0;0;0;793495,1861;5818075,138;13,31811906;52,43391626
36264;143348;11;2;2010101;2020;9;7;6;3;5;3;0;0;1;0;1;0;0;1;797694,4064;5825806,122;13,38660341;52,50094709
36265;143349;11;8;8010301;2020;9;14;2;3;6;7;0;0;1;1;0;0;0;0;800852,3006;5824321,81;13,43164501;52,48591096
36266;143350;11;4;4030929;2020;9;8;4;3;5;3;0;1;0;0;1;0;0;0;792623,202;5825440,018;13,31178811;52,50040821
36267;143351;11;6;6040810;2020;9;16;3;2;5;2;0;1;1;0;0;0;0;0;791324,5694;5820636,738;13,28851453;52,45804163
36268;143352;11;5;5010314;2020;9;16;5;2;6;7;0;0;1;1;0;0;0;0;784590,1674;5829492,741;13,19723914;52,54099406
36269;143353;11;4;4051445;2020;9;12;1;2;5;3;0;0;1;0;0;0;0;0;792622,1891;5824190,184;13,31067537;52,48920432
36270;143354;11;6;6020411;2020;9;15;3;3;3;6;0;0;1;0;0;1;0;0;793824,9961;5815600,742;13,32078328;52,41155693
36271;143355;11;10;10040933;2020;9;15;6;2;0;3;0;1;1;0;0;0;0;1;813215,6679;5825960,118;13,614672;52,4936406
36272;143356;11;8;8010118;2020;9;8;3;3;5;3;0;1;1;0;0;0;0;0;800940,5664;5822309,571;13,43112515;52,46782598
36273;143357;11;6;6010208;2020;9;15;3;3;3;6;0;0;1;0;0;0;0;0;794321,9106;5820469,942;13,33235431;52,45494046
36274;143358;11;4;4030725;2020;9;5;6;3;5;3;2;1;1;0;0;0;0;1;792000,0176;5825973,405;13,30310144;52,50552375
36275;143359;11;3;3040513;2020;9;14;4;3;5;3;0;0;1;0;0;0;0;0;797409,68;5833972,939;13,3897306;52,57430792
36276;143360;11;1;1011401;2020;9;7;6;3;0;1;0;1;0;0;0;0;0;1;798321,7044;5829357,373;13,39900144;52,53243679
36277;143361;11;10;10020413;2020;9;9;3;3;5;2;0;0;1;0;1;0;0;0;812011,7189;5830583,307;13,60133095;52,53575939
36278;143362;11;4;4041137;2020;9;15;3;3;1;5;0;0;1;0;0;0;0;0;791041,2886;5823091,092;13,28649815;52,48019605
36279;143363;11;9;9052001;2020;9;7;6;2;5;3;1;0;1;0;1;0;0;1;809220,8548;5823023,457;13,55329528;52,46960049
36280;143364;11;5;5010101;2020;9;13;4;3;5;3;0;1;1;0;0;0;0;0;784419,6446;5831933,211;13,19682226;52,56296434
36281;143365;11;1;1022106;2020;9;15;2;3;6;7;0;1;0;1;0;0;0;0;794117,6342;5828026,193;13,33602572;52,52278839
36282;143366;11;1;1011303;2020;9;13;4;3;0;4;0;0;0;1;1;0;0;0;799051,945;5828479,945;13,40894564;52,5241718
36283;143367;11;9;9020702;2020;9;16;5;3;5;3;0;0;0;0;1;0;0;0;809407,4491;5819686,631;13,55294184;52,43959072
36284;143368;11;1;1022106;2020;9;23;7;3;5;2;2;1;1;0;0;0;0;1;794325,1072;5828366,234;13,33937581;52,52572468
36285;143369;11;6;6040804;2020;9;13;3;3;2;6;0;0;1;0;0;0;0;0;787491,1431;5818198,525;13,23015336;52,43821133
36286;143370;11;11;11040925;2020;9;10;5;3;3;6;0;0;1;0;1;0;0;0;803713,6914;5826365,044;13,47551781;52,50263989
36287;143371;11;11;11020515;2020;9;17;6;3;6;4;2;0;1;1;0;0;0;1;804832,1409;5830159,299;13,49542101;52,53602226
36288;143372;11;4;4030827;2020;9;15;2;3;5;2;0;1;1;0;0;0;0;0;792737,4079;5826109,662;13,31405449;52,50635011
36289;143373;11;4;4020310;2020;9;14;3;2;0;7;0;1;0;0;0;0;0;0;789764,06;5828387,115;13,27235307;52,52835523
36290;143374;11;4;4031032;2020;9;13;6;3;5;2;0;0;1;0;0;0;0;1;791850,9401;5825215,053;13,30024659;52,49880501
36291;143375;11;6;6010205;2020;9;13;4;3;5;3;0;1;1;0;0;0;0;0;794861,7744;5820057,668;13,33991223;52,45095368
36292;143376;11;11;11030720;2020;9;19;2;2;5;3;1;1;1;0;0;0;0;0;804919,0367;5829941,614;13,49649848;52,53402266
36293;143377;11;1;1033201;2020;9;12;3;3;5;3;0;0;1;0;0;0;0;0;797820,1031;5830765,041;13,39289025;52,54532901
36294;143378;11;11;11020411;2020;9;10;5;3;5;3;0;0;1;0;0;0;0;0;804989,5942;5833003,565;13,50034734;52,56142559
36295;143379;11;7;7070703;2020;9;18;5;2;5;2;0;0;1;0;0;0;0;0;799790,6495;5813977,043;13,4067778;52,39376831
36296;143380;11;1;1011105;2020;9;12;7;3;0;1;0;0;0;0;0;0;1;1;796387,6111;5826621,631;13,36813436;52,50896871
36297;143381;11;7;7040403;2020;9;12;3;3;2;7;0;0;0;0;1;0;1;0;797090,2442;5821234,747;13,37365582;52,46029858
36298;143382;11;2;2020206;2020;9;20;2;3;2;2;2;0;1;0;0;0;1;0;799847,8501;5824796,773;13,41732433;52,49072083
36299;143383;11;7;7010104;2020;9;11;4;3;0;2;0;0;1;0;0;0;1;0;796016,8905;5824955,031;13,36120643;52,49423039