;OBJECTID;LAND;BEZ;LOR;UJAHR;UMONAT;USTUNDE;UWOCHENTAG;UKATEGORIE;UART;UTYP1;ULICHTVERH;IstRad;IstPKW;IstFuss;IstKrad;IstGkfz;IstSonstige;USTRZUSTAND;LINREFX;LINREFY;XGCSWGS84;YGCSWGS84
36499;143583;11;1;1011301;2020;10;13;3;2;5;3;0;0;0;0;1;0;0;0;797609,2316;5828369,677;13,38764487;52,52397279
36500;143584;11;1;1011101;2020;10;19;7;3;0;1;2;0;0;0;0;0;1;0;795260,1642;5826605,144;13,35155569;52,5094323
36501;143585;11;3;3010101;2020;10;17;3;3;5;2;1;1;1;0;0;0;0;0;801022,5187;5842286,518;13,45044528;52,64683587
36502;143586;11;9;9010402;2020;10;20;6;2;0;1;2;1;0;0;0;0;0;0;806783,4516;5820227,156;13,51495655;52,44591331
36503;143587;11;7;7050505;2020;10;13;6;3;6;4;0;0;1;1;0;0;0;0;799330,6315;5819051,779;13,40457627;52,43950863
36504;143588;11;3;3040614;2020;10;12;4;3;6;4;0;0;1;1;0;0;0;0;798840,6861;5834952,746;13,41166742;52,58230649
36505;143589;11;3;3071536;2020;10;13;3;3;5;7;0;1;1;0;0;0;0;0;799104,0843;5830031,888;13,41110822;52,53805404
36506;143590;11;3;3051021;2020;10;15;6;3;5;3;0;1;1;0;0;0;0;0;803049,2221;5832687,663;13,47152233;52,55967763
36507;143591;11;9;9052001;2020;10;7;4;3;5;3;0;0;1;0;1;0;0;0;809220,7222;5823022,745;13,55329268;52,46959418
36508;143592;11;12;12103218;2020;10;14;6;3;5;3;0;1;1;0;0;0;0;0;794848,796;5833266,14;13,3514229;52,5693655
36509;143593;11;8;8010118;2020;10;7;4;3;2;6;0;0;1;0;0;0;1;1;801000,6894;5822169,522;13,43188121;52,46653754
36510;143594;11;8;8010303;2020;10;9;6;3;5;3;0;0;1;0;0;0;1;0;800333,1444;5824344,674;13,42404307;52,48640172
36511;143595;11;4;4020311;2020;10;14;7;2;2;6;0;1;0;0;1;0;0;0;788976,5591;5827064,178;13,2596274;52,51691273
36512;143596;11;8;8020620;2020;10;13;3;3;5;3;0;1;1;0;0;0;0;0;801169,2593;5820609,163;13,43294746;52,45245865
36513;143597;11;1;1044203;2020;10;2;6;3;0;7;2;0;1;0;0;0;0;0;795530,4035;5830896,949;13,35934089;52,54775831
36514;143598;11;8;8020727;2020;10;6;6;3;5;2;0;0;1;0;0;0;0;0;800309,711;5816740,967;13,41686175;52,41825878
36515;143599;11;7;7050503;2020;10;11;4;3;1;7;0;0;1;0;0;0;0;0;798476,1714;5819896,383;13,39279773;52,44754654
36516;143600;11;9;9020702;2020;10;17;3;2;3;6;0;0;1;0;1;0;0;0;809448,3071;5818669,94;13,55259997;52,43045613
36517;143601;11;1;1011204;2020;10;8;6;3;5;2;0;1;1;0;0;0;0;0;798311,6691;5826965,845;13,39670904;52,51100544
36518;143602;11;1;1044101;2020;10;0;4;3;9;1;2;0;0;0;0;0;1;1;793987,2611;5832025,356;13,33764846;52,5587087
36519;143603;11;7;7010102;2020;10;7;6;3;0;1;0;0;0;0;1;0;0;0;795046,5469;5825696,681;13,34761215;52,50140417
36520;143604;11;3;3010101;2020;10;9;7;2;5;3;0;0;1;0;0;0;0;0;803000,7028;5842048,459;13,47937622;52,64360175
36521;143605;11;8;8030829;2020;10;19;5;3;8;1;1;0;1;0;0;0;0;1;803303,2628;5818307,332;13,46216594;52,43064752
36522;143606;11;1;1033101;2020;10;14;3;2;6;4;0;0;1;1;0;0;0;0;797258,9847;5833188,475;13,38681033;52,56735854
36523;143607;11;4;4030726;2020;10;18;3;3;1;5;1;1;1;0;0;0;0;0;792147,7729;5825671,927;13,30500765;52,50274197
36524;143608;11;11;11010103;2020;10;10;6;3;5;2;0;1;1;0;0;0;0;0;808724,6645;5834238,674;13,55642211;52,5703895
36525;143609;11;6;6010209;2020;10;19;4;3;2;2;2;0;1;0;0;0;1;1;794750,8311;5821244,811;13,3393324;52,46165562
36526;143610;11;2;2020204;2020;10;17;3;3;6;4;0;0;1;1;0;0;0;0;798898,9536;5825231,962;13,40378063;52,4951421
36527;143611;11;12;12103116;2020;10;13;7;3;5;3;0;0;1;0;1;0;0;0;795817,7537;5833165,101;13,36558775;52,56793409
36528;143612;11;11;11041022;2020;10;21;5;2;0;4;2;0;0;1;1;0;0;1;806578,9041;5827731,989;13,51885641;52,51328855
36529;143613;11;10;10010308;2020;10;6;3;3;0;2;0;1;1;0;0;0;0;0;806486,7774;5829658,538;13,51927827;52,53060642
36530;143614;11;5;5020627;2020;10;14;6;3;2;6;0;0;1;0;0;0;0;0;785199,1951;5828307,571;13,20517792;52,5300495
36531;143615;11;12;12103116;2020;10;8;4;3;1;5;0;1;1;0;0;0;0;0;796566,7264;5833575,267;13,37697259;52,57120324
36532;143616;11;4;4020208;2020;10;14;3;3;2;6;0;0;1;0;1;0;0;0;786187,7476;5825987,48;13,21771488;52,50872996
36533;143617;11;5;5030833;2020;10;14;6;3;5;2;0;0;1;0;0;0;0;0;789200,7285;5829288,826;13,26485675;52,53673842
36534;143618;11;8;8010302;2020;10;16;4;3;3;6;0;1;1;0;0;0;0;1;801954,6418;5824578,349;13,44806218;52,48760183
36535;143619;11;2;2040502;2020;10;19;1;3;6;4;2;0;1;1;0;0;0;0;800561,5651;5828457,387;13,43110955;52,52313954
36536;143620;11;7;7030301;2020;10;14;6;3;5;3;0;1;1;0;0;0;0;0;793895,8907;5822922,224;13,32826263;52,47715341
36537;143621;11;1;1033102;2020;10;20;6;3;1;5;2;1;1;0;0;0;0;0;797263,5387;5831297,294;13,38518342;52,55040397
36538;143622;11;6;6020301;2020;10;18;5;2;5;3;2;1;1;0;0;0;0;1;796305,2932;5818282,923;13,35951828;52,43426394
36539;143623;11;9;9052001;2020;10;17;3;3;0;1;0;1;0;0;0;0;0;1;811714,3999;5822076,993;13,5890015;52,45970189
36540;143624;11;11;11020514;2020;10;20;3;2;6;4;2;0;1;1;0;0;0;0;804608,1902;5831075,275;13,49296914;52,54435689
36541;143625;11;3;3050925;2020;10;14;6;3;5;2;0;1;1;0;0;0;0;0;802266,1648;5831575,458;13,45899364;52,55014431
36542;143626;11;7;7010101;2020;10;17;4;3;2;6;0;1;1;0;0;0;0;1;794647,3341;5825769,274;13,3418122;52,50227062
36543;143627;11;2;2040701;2020;10;14;6;3;2;6;0;0;1;0;0;0;1;0;800385,8265;5827830,826;13,42796128;52,51762033
36544;143628;11;8;8010407;2020;10;6;3;3;4;2;0;1;0;0;0;0;1;0;802488,8869;5823679,178;13,45509038;52,47924681
36545;143629;11;4;4030621;2020;10;4;1;3;5;3;2;0;1;0;0;0;0;0;794160,9223;5827011,645;13,33576482;52,51367022
36546;143630;11;2;2050802;2020;10;1;1;3;0;1;2;0;0;0;0;0;1;0;802638,3132;5826998,747;13,46029936;52,50891721
36547;143631;11;3;3040614;2020;10;13;6;3;0;3;0;1;1;0;0;0;0;0;798695,1071;5833810,087;13,40849572;52,57214427
36548;143632;11;3;3020209;2020;10;15;4;3;2;6;0;1;1;0;0;0;0;0;797073,2092;5834935,995;13,3856432;52,58312425
36549;143633;11;2;2030401;2020;10;13;1;3;0;1;0;0;0;0;1;0;0;0;800787,7463;5825571,538;13,43182533;52,49714822
36550;143634;11;2;2030402;2020;10;17;1;3;6;4;1;0;0;1;1;0;0;0;801689,3609;5825867,803;13,44533475;52,49930604
36551;143635;11;8;8010115;2020;10;13;6;3;5;7;0;0;1;0;0;0;0;0;799844,4077;5823656,647;13,41624816;52,48050321
36552;143636;11;1;1022201;2020;10;20;6;3;2;7;2;1;1;0;0;0;0;0;795567,6946;5829436,485;13,35858993;52,53464634
36553;143637;11;1;1022106;2020;10;16;4;3;3;6;0;0;1;0;1;0;0;1;794321,0584;5828361,12;13,33931177;52,52568103
36554;143638;11;9;9020802;2020;10;6;3;3;2;6;2;0;1;0;0;0;0;1;809787,6643;5820484,946;13,55925756;52,44652984
36555;143639;11;1;1011102;2020;10;9;3;3;3;6;0;0;1;0;1;0;0;0;795052,64;5827184,91;13,34902078;52,51474176
36556;143640;11;11;11030720;2020;10;13;6;3;5;3;0;1;1;0;0;0;0;0;804613,2639;5829088,578;13,49122286;52,52654828
36557;143641;11;5;5010103;2020;10;17;4;2;2;6;1;0;1;0;0;0;0;1;784536,6103;5831354,039;13,19804653;52,5577104
36558;143642;11;7;7040403;2020;10;13;6;2;0;7;0;0;1;0;1;0;0;0;797841,0944;5822205,079;13,38554042;52,46858785
36559;143643;11;3;3061227;2020;10;17;3;3;3;6;0;1;1;0;0;0;0;0;800125,6647;5830972,847;13,42697548;52,54592649
36560;143644;11;4;4051551;2020;10;17;7;3;5;2;1;1;1;0;0;0;0;0;792818,8514;5823222,637;13,31271356;52,48042507
36561;143645;11;4;4030725;2020;10;16;3;3;4;2;1;1;1;0;0;0;0;0;791481,7679;5825983,491;13,29549635;52,5058913
36562;143646;11;11;11030720;2020;10;13;6;3;2;6;0;0;1;0;0;0;0;0;804958,7313;5829956,243;13,4970953;52,53413157
36563;143647;11;11;11051332;2020;10;16;6;3;0;7;0;1;0;0;0;0;0;0;805870,245;5824434,561;13,50541809;52,48413362
36564;143648;11;6;6040810;2020;10;8;4;3;3;6;0;1;1;0;0;0;0;0;791597,0166;5821685,832;13,29342951;52,46730146
36565;143649;11;1;1044103;2020;10;15;3;3;5;3;0;1;1;0;0;0;0;0;794653,1342;5830528,323;13,34611386;52,54492906
36566;143650;11;2;2020202;2020;10;23;2;3;5;3;2;1;0;0;0;0;0;0;797906,7645;5825273,399;13,3892461;52,49605599
36567;143651;11;10;10040829;2020;10;12;6;3;1;7;0;0;1;0;0;0;0;0;811426,8135;5827420,326;13,58977396;52,50774954
36568;143652;11;1;1011102;2020;10;16;6;3;2;6;0;0;1;0;0;0;0;0;795179,4299;5826956,2;13,35068091;52,51262295
36569;143653;11;2;2020201;2020;10;14;4;3;0;6;0;0;0;0;1;1;0;1;796819,582;5826051,147;13,37397193;52,50362005
36570;143654;11;5;5030730;2020;10;11;2;2;5;2;0;0;0;0;1;0;1;0;786750,798;5829272,365;13,22882072;52,53788549
36571;143655;11;1;1011201;2020;10;12;6;3;0;1;0;0;0;1;1;0;0;0;797010,4082;5826597,353;13,37726235;52,50841237
36572;143656;11;1;1044101;2020;10;8;4;3;5;7;0;1;1;0;0;0;0;1;793181,3962;5831957,273;13,32573504;52,55853285
36573;143657;11;12;12301203;2020;10;11;6;3;1;5;0;0;1;0;0;0;0;0;792952,224;5835508,331;13,32550164;52,59048952
36574;143658;11;2;2010104;2020;10;14;7;3;3;6;0;1;0;0;0;0;0;0;798919,8533;5825586,935;13,40440611;52,49831249
36575;143659;11;7;7020203;2020;10;7;5;3;0;7;0;1;1;0;0;0;0;0;795024,562;5823837,371;13,34564276;52,48474859
36576;143660;11;1;1022106;2020;10;0;2;3;5;2;2;1;1;0;0;0;0;0;794572,0165;5828351,917;13,34299207;52,525463
36577;143661;11;4;4020310;2020;10;11;6;3;5;2;0;1;1;0;0;0;0;0;790330,0525;5827542,665;13,27993568;52,52048354
36578;143662;11;2;2030301;2020;10;9;4;3;5;2;0;1;1;0;0;0;0;0;799725,4778;5826049,584;13,41665462;52,50201758
36579;143663;11;1;1033102;2020;10;18;2;3;5;2;1;1;1;0;0;0;0;1;797571,8762;5831890,295;13,39024897;52,55555111
36580;143664;11;7;7010103;2020;10;21;5;3;5;3;2;1;0;0;0;0;0;0;795498,9485;5824721,773;13,35339267;52,49242007
36581;143665;11;3;3061429;2020;10;16;4;2;6;4;0;0;1;1;0;0;0;1;801914,6937;5830337,241;13,45270038;52,53924113
36582;143666;11;6;6010101;2020;10;8;5;3;0;1;0;0;0;0;1;0;0;0;792664,2722;5821319,295;13,30877398;52,46344487
36583;143667;11;11;11020412;2020;10;6;4;3;5;2;1;0;1;0;0;0;0;1;805720,7274;5831817,617;13,51000724;52,55038685
36584;143668;11;1;1044101;2020;10;13;5;3;6;7;0;0;1;1;0;0;0;0;794739,0612;5831240,555;13,34800944;52,55126719
36585;143669;11;2;2020204;2020;10;15;7;3;5;3;0;1;1;0;0;0;0;0;798324,1612;5825388,793;13,39547957;52,49686236
36586;143670;11;8;8010118;2020;10;20;5;3;2;6;2;0;1;0;0;0;0;1;800949,743;5822289,178;13,43124144;52,46763813
36587;143671;11;9;9020702;2020;10;19;2;3;0;4;2;0;0;1;1;0;0;1;809553,5758;5819127,099;13,55456659;52,43449358
36588;143672;11;3;3050925;2020;10;17;5;3;5;3;0;1;1;0;0;0;0;0;802756,1285;5831731,77;13,4663402;52,5512732
36589;143673;11;1;1044203;2020;10;20;4;3;5;3;2;0;1;0;0;0;0;1;795884,719;5831928,984;13,36547062;52,55681716
36590;143674;11;2;2040701;2020;10;16;2;3;5;2;0;1;0;0;0;0;1;1;800718,1279;5827874,25;13,43288304;52,51782642
36591;143675;11;9;9010402;2020;10;17;5;2;5;3;0;0;1;0;1;0;0;0;805742,906;5818812,998;13,49840047;52,43382166
36592;143676;11;4;4030417;2020;10;15;4;3;1;5;0;1;1;0;0;0;0;0;791532,2283;5826907,267;13,29704685;52,51414589
36593;143677;11;6;6040806;2020;10;17;1;3;1;1;0;1;1;0;0;0;0;0;789480,2487;5819073,196;13,26009129;52,4450039
36594;143678;11;2;2030402;2020;10;17;5;3;1;5;0;1;1;0;0;0;0;0;801592,9916;5825659,605;13,44373088;52,4974932
36595;143679;11;4;4030931;2020;10;10;6;3;0;6;0;0;1;0;0;0;1;0;793954,5639;5826194;13,33201053;52,50645172
36596;143680;11;9;9041402;2020;10;9;5;1;5;2;0;1;0;0;0;1;0;0;812132,8645;5820049,421;13,59324592;52,44129326
36597;143681;11;8;8030831;2020;10;8;2;3;5;2;0;1;0;0;0;0;1;0;803727,8755;5817997,424;13,46811074;52,42763426
36598;143682;11;2;2040702;2020;10;9;3;3;1;5;0;1;1;0;0;0;0;0;801460,4985;5827607,622;13,44354902;52,51502676
36599;143683;11;5;5030731;2020;10;17;5;3;6;7;0;0;1;1;0;0;0;0;787515,0355;5829899,126;13,24060012;52,54310203
36600;143684;11;8;8010404;2020;10;22;7;3;5;3;2;1;1;0;0;0;0;0;801397,0552;5823746,531;13,43912316;52,48045416
36601;143685;11;2;2050801;2020;10;18;5;3;0;1;2;0;0;0;1;0;0;1;803208,3044;5826817,458;13,46850706;52,50697586
36602;143686;11;7;7020204;2020;10;15;2;3;0;7;0;1;0;0;0;0;0;1;796051,1974;5823250,873;13,36019656;52,47893543
36603;143687;11;9;9051901;2020;10;11;3;3;2;2;0;0;1;0;0;0;0;0;810633,334;5821021,486;13,57215953;52,45085835
36604;143688;11;12;12301203;2020;10;16;5;2;5;2;0;0;1;0;1;0;0;0;793586,466;5834643,614;13,33407106;52,58239596
36605;143689;11;5;5030731;2020;10;18;4;3;0;6;1;0;0;0;1;0;1;1;787963,7722;5829867,573;13,2471715;52,54258216
36606;143690;11;2;2050803;2020;10;15;5;3;6;7;0;0;0;1;0;0;1;0;803083,4307;5825984,729;13,46591486;52,49958161
36607;143691;11;1;1011105;2020;10;19;3;3;5;2;2;1;1;0;0;0;0;1;796641,944;5826645,407;13,37189203;52,5090436
36608;143692;11;1;1011302;2020;10;7;3;3;2;6;0;1;1;0;0;0;0;0;798241,8966;5829023,231;13,3975286;52,52948533
36609;143693;11;2;2010102;2020;10;11;1;3;5;3;0;1;1;0;0;0;0;0;798334,1359;5825630,643;13,39584269;52,49902478
36610;143694;11;1;1011105;2020;10;16;1;3;5;2;0;1;1;0;0;0;0;0;796642,9584;5826641,545;13,37190349;52,50900843
36611;143695;11;5;5020627;2020;10;15;5;3;5;3;0;0;1;0;1;0;0;0;785658,2525;5828040,24;13,21169703;52,52741227
36612;143696;11;5;5010310;2020;10;19;6;3;0;2;1;0;1;0;0;0;1;0;784761,393;5830440,578;13,20056972;52,54940286
36613;143697;11;2;2050803;2020;10;15;4;3;0;2;0;0;1;0;0;0;0;0;803014,4601;5825746,029;13,46468478;52,49748047
36614;143698;11;9;9041402;2020;10;14;2;3;0;5;0;1;1;0;0;0;0;0;812409,6656;5820094,696;13,59734733;52,44154094
36615;143699;11;1;1011201;2020;10;9;3;3;5;2;0;1;1;0;0;0;0;0;796952,6725;5826777,071;13,37657449;52,51005478
36616;143700;11;7;7020203;2020;10;15;5;3;5;2;0;1;1;0;0;0;0;0;795238,1583;5824306,362;13,34919459;52,48883732
36617;143701;11;6;6010102;2020;10;13;4;2;0;1;0;1;0;0;0;0;0;1;793742,8526;5820572,327;13,32394715;52,45616981
36618;143702;11;8;8020620;2020;10;8;3;3;2;6;0;0;1;0;0;1;0;0;801144,9895;5820637,408;13,43261686;52,45272519
36619;143703;11;12;12103219;2020;10;14;5;3;5;3;0;0;1;0;1;0;0;0;795463,6623;5832475,79;13,35976475;52,56194737
36620;143704;11;3;3040614;2020;10;14;5;3;2;6;0;0;1;0;0;0;0;0;799607,1218;5834004,702;13,42208862;52,57338742
36621;143705;11;7;7020203;2020;10;17;4;3;6;4;0;0;1;1;0;0;0;0;795644,3004;5823559,58;13,35449639;52,48192319
36622;143706;11;8;8010118;2020;10;22;3;3;1;5;2;0;1;0;1;0;0;1;800768,6158;5822097,058;13,42840998;52,46601583
36623;143707;11;3;3020203;2020;10;14;5;3;5;2;0;1;1;0;0;0;0;0;798057,6299;5837198,756;13,40216569;52,60286816
36624;143708;11;7;7020201;2020;10;16;2;3;5;2;0;1;1;0;0;0;0;1;794964,1236;5824294,122;13,34515952;52,48887572
36625;143709;11;11;11020514;2020;10;20;1;3;0;1;2;1;0;0;0;0;0;0;804561,6342;5830770,984;13,49200577;52,54165571
36626;143710;11;1;1044203;2020;10;2;7;3;5;2;2;1;1;0;0;0;0;0;795901,0195;5831965,323;13,36574275;52,55713404
36627;143711;11;9;9051901;2020;10;19;2;3;0;3;2;0;1;0;1;0;0;1;810660,7958;5821947,341;13,57342365;52,4591399
36628;143712;11;9;9041402;2020;10;14;5;3;5;3;0;0;1;0;0;0;0;0;812119,1841;5820813,348;13,59375888;52,44814691
36629;143713;11;5;5020419;2020;10;19;6;2;5;2;2;0;1;0;1;0;0;0;781981,7593;5828468,404;13,15801076;52,53316558
36630;143714;11;1;1033203;2020;10;12;4;3;5;2;0;1;1;0;0;0;0;1;796653,7509;5831082,747;13,37602481;52,54881322
36631;143715;11;7;7050501;2020;10;16;2;3;4;2;0;0;1;0;0;0;0;1;797810,2361;5819434,942;13,38261673;52,44377334
36632;143716;11;11;11041128;2020;10;14;5;3;5;3;0;1;1;0;0;0;0;0;806411,7212;5825657,698;13,51449169;52,49479216
36633;143717;11;3;3061228;2020;10;8;4;2;5;2;0;1;1;0;0;0;0;0;800318,9481;5831543,434;13,43033322;52,55093429
36634;143718;11;1;2010103;2020;10;23;3;3;5;5;2;0;1;0;1;0;0;1;799358,6586;5826317,034;13,41150716;52,50461624
36635;143719;11;8;8020727;2020;10;13;5;3;6;2;0;0;1;1;0;0;0;0;800299,8854;5816743,82;13,41672026;52,41828974
36636;143720;11;3;3040818;2020;10;17;7;2;0;7;0;1;0;0;0;0;0;0;798733,2217;5832862,329;13,40820292;52,56362816
36637;143721;11;12;12214424;2020;10;22;5;3;0;3;2;0;1;0;1;0;0;1;793389,51;5832514,299;13,32928861;52,56341418
36638;143722;11;3;3030716;2020;10;14;2;3;5;3;0;0;1;0;0;0;1;0;802580,3609;5833491,696;13,46536031;52,56714473
36639;143723;11;5;5020521;2020;10;15;7;2;5;3;0;0;1;0;0;0;0;0;780017,1486;5827866,621;13,12861635;52,52878245
36640;143724;11;11;11020514;2020;10;19;2;3;1;5;2;1;1;0;0;0;0;1;804530,4624;5830788,115;13,49156325;52,54182667
36641;143725;11;6;6010101;2020;10;11;5;2;0;1;0;1;0;0;0;0;0;0;792477,797;5820808,465;13,3055894;52,4589652
36642;143726;11;4;4031032;2020;10;12;5;3;5;3;0;0;1;0;1;0;0;0;791148,3488;5824726,761;13,28949908;52,49480277
36643;143727;11;7;7070701;2020;10;11;4;3;5;2;0;1;0;0;0;1;0;0;798709,7237;5816024,209;13,39276523;52,41270943
36644;143728;11;1;3071536;2020;10;16;2;3;5;3;1;1;1;0;0;0;0;1;799080,2823;5829017,503;13,40984557;52,52897467
36645;143729;11;10;10010102;2020;10;12;5;3;5;3;0;1;1;0;0;0;0;0;810027,5514;5833616,144;13,57500293;52,56407029
36646;143730;11;6;6030504;2020;10;6;4;3;2;6;2;0;1;0;0;0;0;1;790838,1315;5817586,558;13,2787204;52,4309553
36647;143731;11;1;1033101;2020;10;21;3;3;1;5;2;0;1;0;0;0;0;1;797517,8287;5832692,467;13,39017324;52,56277107
36648;143732;11;4;4051655;2020;10;15;5;3;5;2;0;1;1;0;0;0;0;0;794169,4052;5823922,268;13,33316061;52,48597105
36649;143733;11;1;1022206;2020;10;9;7;3;2;6;0;0;1;0;0;0;1;0;796296,0504;5828522,31;13,36848195;52,5260562
36650;143734;11;1;1022201;2020;10;19;5;2;6;4;1;0;0;1;0;0;1;0;795392,8376;5828562,241;13,35524266;52,52690427
36651;143735;11;4;4041344;2020;10;15;2;3;5;2;0;1;1;0;0;0;0;0;793348,71;5822268,657;13,31965426;52,47158859
36652;143736;11;1;1011402;2020;10;11;3;3;2;6;0;0;1;0;0;0;0;0;798114,5459;5829927,429;13,39646782;52,53765992
36653;143737;11;8;8010301;2020;10;10;5;3;5;2;0;1;0;0;0;0;0;0;801696,5742;5824226,696;13,44395475;52,48459258
36654;143738;11;12;12304314;2020;10;20;4;3;1;5;2;1;1;0;0;0;0;1;791336,8619;5835534,813;13,30174707;52,59159456
36655;143739;11;4;4030827;2020;10;16;2;2;0;6;0;1;1;0;0;0;0;1;792414,1302;5826160,884;13,30935001;52,50698267
36656;143740;11;9;9051701;2020;10;7;5;3;5;3;1;1;1;0;0;0;0;1;813013,5901;5821425,301;13,60745002;52,45311944
36657;143741;11;3;3040614;2020;10;15;4;3;0;3;0;1;1;0;0;0;0;1;798056,7735;5833451,59;13,39878248;52,56928078
36658;143742;11;7;7050501;2020;10;11;5;3;9;1;0;0;1;0;0;0;0;0;797342,6172;5819402,075;13,37572775;52,44373321
36659;143743;11;11;11051229;2020;10;9;4;2;5;2;0;1;0;0;0;1;0;0;803700,4456;5826249,524;13,47521791;52,50161188
36660;143744;11;6;6010209;2020;10;18;2;3;5;3;2;0;1;0;0;0;0;1;794500,2517;5820873,14;13,33532693;52,45845888
36661;143745;11;7;7070707;2020;10;10;5;2;1;5;0;0;1;0;0;0;0;0;800796,01;5813117,054;13,42073675;52,38550861
36662;143746;11;10;10020622;2020;10;16;4;3;5;3;0;0;1;0;0;0;1;1;811122,4282;5828405,16;13,58622422;52,51674866
36663;143747;11;3;3040614;2020;10;10;5;3;5;2;0;0;1;0;1;0;0;0;798904,2345;5834987,614;13,41263398;52,58258412
36664;143748;11;1;1033202;2020;10;20;7;3;2;6;2;0;1;0;0;0;0;0;797887,777;5830289,265;13,39345862;52,54102732
36665;143749;11;12;12103218;2020;10;18;5;2;2;6;0;0;1;0;0;0;0;1;794290,5829;5835457,672;13,34515613;52,58931295
36666;143750;11;6;6030503;2020;10;12;2;3;5;3;0;1;1;0;0;0;0;0;789359,0968;5817800,744;13,25721204;52,43365993
36667;143751;11;2;2010102;2020;10;9;3;2;5;2;0;1;0;0;0;1;0;0;798684,189;5826450,105;13,40171911;52,50617868
36668;143752;11;1;1022101;2020;10;9;5;3;1;5;0;1;1;0;0;0;0;0;793178,8858;5828287,489;13,32245946;52,52563637
36669;143753;11;9;9051801;2020;10;17;4;2;1;5;1;0;1;0;0;0;0;1;818791,3582;5822194,111;13,69292369;52,45666953
36670;143754;11;2;2030302;2020;10;19;3;3;5;2;2;1;1;0;0;0;0;1;800404,2607;5825784,459;13,42638539;52,49926792
36671;143755;11;11;11040926;2020;10;9;5;3;0;7;0;1;0;0;0;0;1;0;805844,6058;5827143,516;13,50752883;52,50842667
36672;143756;11;4;4030931;2020;10;19;3;3;5;3;2;0;1;0;1;0;0;1;793914,2038;5825524,164;13,33082631;52,50046873
36673;143757;11;5;5030731;2020;10;7;1;3;5;2;0;0;1;0;0;0;0;0;788023,358;5829569,486;13,24778927;52,53987819
36674;143758;11;12;12214422;2020;10;2;1;3;5;3;2;0;1;0;0;0;0;1;792283,1246;5833928,748;13,31425958;52,57668922
36675;143759;11;3;3071633;2020;10;23;5;3;0;4;2;0;0;1;0;0;1;0;800046,2749;5830412,633;13,42530224;52,54094885
36676;143760;11;2;2010102;2020;10;17;6;3;3;6;0;1;1;0;0;0;0;0;798217,3689;5825851,751;13,39432566;52,50107056
36677;143761;11;4;4020204;2020;10;13;1;3;2;6;0;0;1;0;1;0;0;0;787651,1736;5826352,282;13,23953353;52,51123091
36678;143762;11;2;2020205;2020;10;18;1;3;0;1;1;1;0;0;0;0;0;0;797862,5906;5824587,576;13,3879842;52,4899325
36679;143763;11;1;1022201;2020;10;22;5;3;1;7;2;0;1;0;0;0;0;0;795919,9004;5828840,53;13,36323684;52,52911304
36680;143764;11;12;12214422;2020;10;20;6;3;5;2;2;0;1;0;1;0;0;0;792157,8781;5833354,585;13,31191067;52,57160933
36681;143765;11;7;7020204;2020;10;6;4;3;0;6;2;0;1;0;1;0;0;1;796727,9611;5823975,842;13,37077762;52,48506681
36682;143766;11;10;10040933;2020;10;18;2;3;4;5;1;1;1;0;0;0;0;1;813563,6148;5826217,777;13,62002278;52,49574972
36683;143767;11;3;3061228;2020;10;9;3;3;5;3;0;0;1;0;0;0;1;0;800872,8206;5831067,942;13,43804659;52,54636675
36684;143768;11;12;12214421;2020;10;20;5;3;3;6;2;0;1;0;0;0;0;0;793427,103;5833428,657;13,33065044;52,57159059
36685;143769;11;2;2010102;2020;10;16;4;3;2;6;0;0;1;0;1;0;0;1;798436,4626;5826514,224;13,39813752;52,50688898
36686;143770;11;1;1011201;2020;10;19;5;2;5;2;2;1;1;0;0;0;0;0;797573,1612;5826520,109;13,38546063;52,5074133
36687;143771;11;8;8020622;2020;10;17;2;3;0;7;0;0;1;0;1;0;0;1;802201,6969;5819238,28;13,44685442;52,4396014
36688;143772;11;2;2010102;2020;10;18;7;3;5;2;1;1;1;0;0;0;0;0;798328,5879;5825628,209;13,39575902;52,499006
36689;143773;11;2;2050601;2020;10;17;2;3;5;2;1;0;1;0;0;0;1;1;801868,3145;5828990,722;13,45079575;52,52719798
36690;143774;11;4;4020312;2020;10;18;5;2;5;3;1;1;1;0;0;0;0;0;789629,9155;5827415,461;13,26953494;52,51971546
36691;143775;11;11;11040925;2020;10;16;6;3;0;6;0;0;0;0;1;0;0;0;803997,579;5826553,312;13,47985916;52,5041692
36692;143776;11;1;1011201;2020;10;12;4;3;5;3;0;1;1;0;0;0;0;1;797895,4469;5826569,784;13,39023961;52,50768269
36693;143777;11;7;7030303;2020;10;17;2;3;2;6;0;0;1;0;1;0;0;1;795875,2913;5820851,271;13,35548609;52,45752016
36694;143778;11;1;1022206;2020;10;8;5;3;1;5;0;1;1;0;0;0;0;0;796013,021;5828138,104;13,36398025;52,5227659