;OBJECTID;LAND;BEZ;LOR;UJAHR;UMONAT;USTUNDE;UWOCHENTAG;UKATEGORIE;UART;UTYP1;ULICHTVERH;IstRad;IstPKW;IstFuss;IstKrad;IstGkfz;IstSonstige;USTRZUSTAND;LINREFX;LINREFY;XGCSWGS84;YGCSWGS84
36695;143779;11;9;9020701;2020;10;6;4;3;5;3;1;1;1;0;0;0;0;0;808194,6179;5819624,748;13,53509874;52,43972091
36696;143780;11;3;3020307;2020;10;20;3;3;2;6;2;0;1;0;0;0;0;1;799206,5803;5837613,007;13,4194548;52,60595015
36697;143781;11;12;12103115;2020;10;14;4;2;0;2;0;1;0;0;0;1;0;1;795474,9155;5833411,749;13,36076391;52,57033124
36698;143782;11;7;7040404;2020;10;17;2;3;1;7;0;1;1;0;0;0;0;0;797241,8325;5820415,09;13,37515068;52,45286872
36699;143783;11;2;2050802;2020;10;18;5;3;5;3;0;1;1;0;0;0;0;0;802013,2525;5826919,051;13,45104511;52,50854929
36700;143784;11;3;3051017;2020;10;8;4;3;5;3;0;0;1;0;1;0;0;0;802304,6967;5833110,625;13,46095834;52,5638824
36701;143785;11;3;3040614;2020;10;7;5;3;5;3;0;1;0;0;0;0;0;0;798244,3848;5833440,135;13,40153211;52,56907534
36702;143786;11;7;7050505;2020;10;14;7;3;2;6;0;0;1;0;0;0;0;0;799166,4175;5819064,046;13,40217863;52,43970845
36703;143787;11;12;12214424;2020;10;7;5;3;5;2;0;1;1;0;0;0;0;0;793116,6017;5832638,118;13,32538341;52,56467115
36704;143788;11;6;6030503;2020;10;17;2;3;0;2;0;0;1;0;1;0;0;1;790372,1614;5818261,509;13,27247213;52,43725397
36705;143789;11;11;11010204;2020;10;7;5;2;6;4;0;0;0;1;0;0;1;1;806613,3904;5833959,031;13,52510964;52,56907664
36706;143790;11;5;5030833;2020;10;17;5;3;2;6;0;0;1;0;0;0;0;0;789334,0123;5828938,707;13,26651156;52,53352879
36707;143791;11;10;10010310;2020;10;9;4;2;5;2;0;1;1;0;0;0;0;0;809758,3033;5831511,142;13,56907939;52,54535956
36708;143792;11;6;6020302;2020;10;11;2;3;5;3;0;1;1;0;0;0;0;0;794324,9003;5819194,119;13,331274;52,44350166
36709;143793;11;12;12103115;2020;9;19;4;3;1;5;1;1;1;0;0;0;0;0;795368,6421;5833926,313;13,35965874;52,5750015
36710;143794;11;9;9020502;2020;10;16;4;2;6;4;0;0;1;1;0;0;0;1;807427,2371;5821772,913;13,525822;52,45940513
36711;143795;11;1;1044202;2020;9;13;4;3;5;2;0;1;1;0;0;0;0;0;794899,575;5830225,226;13,34946839;52,5420787
36712;143796;11;2;2030301;2020;10;19;7;3;0;7;2;1;0;0;0;0;0;0;800005,0133;5825464,854;13,42023374;52,49662279
36713;143797;11;9;9010401;2020;10;18;5;3;5;2;2;1;1;0;0;0;0;1;806322,9286;5820936,523;13,50885229;52,45252914
36714;143798;11;2;2030401;2020;10;9;2;3;5;3;0;1;0;0;0;0;0;0;801290,4725;5825361,52;13,43901844;52,49498849
36715;143799;11;4;4041136;2020;9;14;4;3;3;6;0;1;1;0;0;0;0;0;790225,4;5822870,735;13,27432619;52,47865474
36716;143800;11;6;6030504;2020;10;11;7;3;5;2;0;1;1;0;0;0;0;0;790624,7585;5816339,785;13,27450753;52,41989104
36717;143801;11;6;6040804;2020;10;20;5;3;1;5;2;0;1;0;0;0;0;1;788265,1711;5818950,659;13,2421574;52,44454725
36718;143802;11;1;1011303;2020;10;9;2;3;6;7;0;0;1;1;0;0;0;0;799087,038;5828324,109;13,40932121;52,52275572
36719;143803;11;4;4030621;2020;9;7;4;3;0;2;0;1;1;0;0;0;0;0;794162,0126;5827015,687;13,33578441;52,51370586
36720;143804;11;5;5030730;2020;10;21;4;2;1;5;2;0;1;0;0;0;0;0;786164,6011;5829141,529;13,2200887;52,53702059
36721;143805;11;2;2020203;2020;10;8;2;3;5;2;0;1;1;0;0;0;0;0;797769,4175;5824598,114;13,3866254;52,49007779
36722;143806;11;2;2030302;2020;9;6;4;3;5;7;1;1;1;0;0;0;0;0;801620,918;5826052,6;13,44449691;52,50100023
36723;143807;11;3;3020209;2020;10;15;4;3;2;6;0;1;0;0;0;0;0;1;797924,8857;5835002,68;13,39823609;52,58325631
36724;143808;11;4;4041344;2020;10;19;3;3;0;5;2;1;1;0;0;0;0;1;793354,9906;5822866,163;13,32027199;52,47694165
36725;143809;11;11;11030721;2020;10;19;1;3;2;3;2;0;1;0;0;0;0;0;803861,2114;5828653,323;13,47977377;52,52306691
36726;143810;11;12;12304313;2020;9;7;4;3;7;7;0;1;0;0;0;0;0;0;791164,3852;5834718,337;13,29849061;52,58436742
36727;143811;11;1;1011303;2020;10;14;6;3;0;2;0;1;0;0;0;0;1;0;799142,9104;5828309,114;13,41012878;52,52259066
36728;143812;11;7;7040403;2020;10;18;5;3;6;2;0;0;1;1;0;0;0;1;797671,5464;5821868,16;13,3827513;52,46566013
36729;143813;11;7;7020202;2020;10;8;2;3;5;2;0;1;0;0;0;0;0;0;795005,3509;5823815,944;13,34534171;52,4845669
36730;143814;11;1;1011201;2020;10;9;3;3;0;1;0;0;0;0;1;0;0;0;797470,8861;5826799,675;13,384208;52,50997506
36731;143815;11;1;1011304;2020;9;17;4;3;3;6;0;1;1;0;0;0;0;0;799668,1904;5827917,883;13,41749529;52,51879546
36732;143816;11;12;12231101;2020;10;17;4;3;5;7;1;0;1;0;1;0;0;0;791274,9384;5838578,217;13,30351393;52,61891086
36733;143817;11;5;5010314;2020;10;12;3;3;3;6;0;0;1;0;0;0;1;0;784819,3013;5829133,327;13,20030052;52,53765184
36734;143818;11;4;4051447;2020;9;14;4;3;5;2;0;1;1;0;0;0;0;0;793197,2008;5824987,291;13,31982132;52,49604158
36735;143819;11;11;11010205;2020;10;18;4;3;0;3;2;0;1;0;0;0;0;1;806156,1241;5833346,104;13,51781833;52,56384086
36736;143820;11;1;1011101;2020;9;21;4;3;0;6;2;0;1;0;1;0;0;0;794772,0359;5826218,34;13,3440416;52,50622885
36737;143821;11;6;6040810;2020;10;7;3;2;5;3;0;1;1;0;0;0;0;0;790742,2163;5820755,324;13,28007114;52,45941489
36738;143822;11;6;6020410;2020;10;13;1;3;4;6;0;1;1;0;0;0;0;0;793850,4514;5816736,631;13,32215381;52,42172621
36739;143823;11;4;4020310;2020;10;17;1;3;1;5;0;1;1;0;0;0;0;0;790365,5359;5827349,702;13,28028873;52,51873472
36740;143824;11;4;4030827;2020;9;20;4;3;5;7;2;0;1;0;1;0;0;0;792743,0589;5826562,415;13,31453569;52,51040586
36741;143825;11;1;1011301;2020;10;20;6;3;3;6;2;1;0;0;0;0;0;0;796911,6451;5828893,151;13,37786045;52,52904548
36742;143826;11;3;3051022;2020;10;16;4;3;0;3;0;0;1;0;1;0;0;1;803003,3792;5832002,559;13,47022277;52,55356274
36743;143827;11;4;4030724;2020;10;8;2;3;0;7;0;1;0;0;0;0;0;0;791036,0465;5826342,166;13,28926146;52,50934477
36744;143828;11;4;4031032;2020;10;12;3;3;6;4;0;0;0;1;1;0;0;0;791585,4148;5825200,049;13,29633306;52,49881244
36745;143829;11;11;11030618;2020;9;20;4;2;6;4;1;1;1;1;0;0;0;0;802524,4629;5829068,522;13,46050907;52,52753159
36746;143830;11;5;5020627;2020;10;15;4;3;5;3;0;0;1;0;0;0;1;1;785653,38;5828113,774;13,21168858;52,52807412
36747;143831;11;2;2020206;2020;9;19;4;3;6;4;2;1;0;1;0;0;0;0;800275,1466;5824575,075;13,42339908;52,4884988
36748;143832;11;3;3051022;2020;10;17;7;3;2;2;0;1;1;0;0;0;0;0;803017,1188;5832020,323;13,47044101;52,55371431
36749;143833;11;4;4041344;2020;10;7;2;3;5;2;0;1;1;0;0;0;0;0;793348,242;5822268,173;13,31964697;52,47158449
36750;143834;11;9;9020502;2020;9;19;4;3;6;7;1;0;1;1;0;0;0;0;809056,4803;5821550,173;13,54951899;52,45649009
36751;143835;11;3;3071638;2020;9;19;4;3;1;5;1;0;1;0;1;0;0;0;799625,7661;5828995,199;13,4178425;52,52847521
36752;143836;11;2;2050802;2020;10;7;2;3;0;1;0;1;0;0;0;0;0;0;802521,6227;5827271,713;13,45883333;52,51142852
36753;143837;11;4;4041137;2020;10;13;1;3;5;2;0;1;1;0;0;0;0;0;791185,4076;5823236,655;13,28874143;52,48142419
36754;143838;11;1;1033203;2020;10;21;7;3;6;4;2;1;0;1;0;0;0;0;796439,2845;5830837,037;13,37265185;52,54672746
36755;143839;11;11;11051331;2020;10;6;2;3;5;3;0;0;1;0;0;0;0;0;807370,8066;5824543,968;13,52754722;52,48427155
36756;143840;11;7;7050501;2020;9;18;4;3;0;3;1;1;1;0;0;0;0;0;797627,9645;5819460,229;13,37996544;52,44409926
36757;143841;11;6;6010208;2020;10;17;6;3;0;3;0;1;1;0;0;0;0;0;794160,9189;5820819,624;13,33029998;52,45816188
36758;143842;11;2;2040701;2020;10;13;4;3;2;6;0;0;1;0;0;0;0;1;801202,0749;5827443,972;13,43960414;52,51370271
36759;143843;11;6;6020408;2020;10;2;2;3;1;5;2;0;1;0;0;0;0;0;792471,8663;5815701,124;13,30103381;52,41318145
36760;143844;11;4;4020208;2020;9;18;4;3;2;2;0;1;1;0;0;0;0;0;786239,8762;5826006,485;13,21849721;52,50887299
36761;143845;11;1;1011304;2020;10;8;4;3;5;2;0;1;1;0;0;0;0;0;799707,8833;5827834,068;13,41800302;52,51802239
36762;143846;11;6;6040810;2020;9;18;4;2;6;4;0;0;1;1;0;0;0;0;792390,1753;5821088,413;13,30454868;52,46152178
36763;143847;11;4;4041135;2020;10;14;7;3;2;6;0;0;1;0;0;0;0;0;790538,4409;5822317,572;13,27844067;52,4735291
36764;143848;11;7;7070703;2020;10;6;5;3;5;2;0;0;1;0;0;0;0;0;799776,2065;5813975,668;13,40656495;52,39376388
36765;143849;11;3;3061126;2020;10;0;2;3;0;7;2;1;1;0;0;0;0;0;799098,9473;5831778,594;13,41260564;52,55371339
36766;143850;11;12;12103117;2020;9;18;4;3;2;6;0;0;1;0;1;0;0;0;796643,6513;5832437,249;13,3770867;52,56096031
36767;143851;11;1;1033101;2020;10;9;4;2;6;4;0;0;1;1;0;0;0;0;796666,1392;5831968,591;13,37699854;52,55674708
36768;143852;11;7;7050501;2020;10;15;1;2;2;6;0;0;1;0;0;0;0;0;797639,6689;5819428,242;13,38010864;52,44380616
36769;143853;11;8;8010118;2020;9;17;4;3;1;5;0;0;1;0;0;0;1;0;800939,9532;5822141,089;13,4309642;52,46631615
36770;143854;11;4;4051551;2020;10;12;4;3;5;3;0;0;1;0;0;0;0;1;793220,8949;5823362,037;13,31873931;52,48145902
36771;143855;11;7;7030301;2020;10;15;1;3;1;5;0;1;1;0;0;0;0;0;793695,3795;5822145,838;13,32463517;52,47030128
36772;143856;11;11;11030721;2020;9;16;4;2;0;1;0;1;0;0;0;0;0;0;805212,7854;5828158,938;13,49917957;52,51788117
36773;143857;11;5;5020523;2020;10;6;4;2;5;2;1;1;1;0;0;0;0;0;783131,7164;5827434,547;13,17403838;52,52329956
36774;143858;11;5;5020626;2020;9;16;4;2;5;3;0;0;1;0;0;0;0;0;783813,6113;5827500,754;13,18411855;52,52353866
36775;143859;11;6;6020409;2020;10;10;7;3;0;1;0;1;0;0;0;0;0;0;793240,2788;5817306,7;13,31370635;52,42716408
36776;143860;11;2;2050602;2020;10;19;5;3;0;1;2;0;0;0;1;0;0;1;802470,3183;5828279,455;13,45899573;52,52048929
36777;143861;11;8;8010118;2020;10;15;1;3;5;2;0;1;1;0;0;0;0;0;800232,7865;5822347,041;13,42077107;52,46855124
36778;143862;11;3;3040614;2020;9;16;4;2;5;3;0;1;1;0;0;0;0;0;797776,4138;5832954,358;13,39421177;52,56497721
36779;143863;11;10;10010310;2020;10;5;4;3;6;4;2;0;0;1;0;0;1;1;808470,2678;5831153,301;13,54981322;52,54288343
36780;143864;11;4;4041135;2020;10;14;1;3;5;7;0;1;1;0;0;0;0;0;790540,0791;5822381,22;13,27852016;52,47409884
36781;143865;11;9;9020802;2020;9;16;4;2;5;2;0;0;1;0;0;0;1;0;810174,419;5820386,809;13,56483886;52,44543111
36782;143866;11;4;4030725;2020;10;15;4;3;0;1;0;1;0;0;0;0;0;1;791487,6347;5826007,577;13,29560363;52,5061041
36783;143867;11;4;4010101;2020;10;19;1;3;0;6;2;0;1;0;0;0;0;0;791248,4953;5829725,718;13,2953463;52,53956458
36784;143868;11;11;11020515;2020;9;16;4;3;6;4;0;0;1;1;0;0;0;0;804999,3757;5830454,935;13,49815033;52,53857831
36785;143869;11;7;7040403;2020;9;14;4;2;5;2;0;0;1;0;1;0;0;0;796907,3386;5822295,55;13,37191545;52,46990709
36786;143870;11;9;9041501;2020;10;16;4;3;5;3;0;1;1;0;0;0;0;1;811257,1211;5820189,249;13,58053377;52,44304545
36787;143871;11;6;6010102;2020;9;14;4;3;2;7;0;0;1;0;0;0;0;0;793356,6044;5821239,42;13,31886528;52,46235756
36788;143872;11;9;9020802;2020;10;20;7;3;5;2;1;0;1;0;0;0;0;0;810055,548;5819465,414;13,56224065;52,4372412
36789;143873;11;1;1011301;2020;10;18;5;3;5;2;1;1;1;0;0;0;0;1;797458,2345;5828308,916;13,38537146;52,52351054
36790;143874;11;10;10010102;2020;10;13;1;3;1;5;0;0;1;0;1;0;0;0;810156,7958;5833681,84;13,57696496;52,56458542
36791;143875;11;4;4051446;2020;10;13;3;3;2;2;0;1;1;0;0;0;0;0;792873,0765;5824330,873;13,31448352;52,49033101
36792;143876;11;1;1011203;2020;9;14;4;3;6;4;0;1;0;1;0;0;0;0;797809,9351;5827456,153;13,38977655;52,51567459
36793;143877;11;1;1022206;2020;10;18;4;3;5;3;0;1;0;0;1;0;0;1;795921,8489;5828332,063;13,36281296;52,52455405
36794;143878;11;4;4030930;2020;10;19;3;3;6;2;2;0;1;1;0;0;0;1;792827,8822;5825365,386;13,31472915;52,49962936
36795;143879;11;12;12103219;2020;9;14;4;2;5;2;0;1;1;0;0;0;0;0;795045,6779;5832466,891;13,35360857;52,56209425
36796;143880;11;6;6030608;2020;10;20;3;2;6;2;2;0;1;1;0;0;0;1;792232,4078;5816671,456;13,29837049;52,42200838
36797;143881;11;1;1011306;2020;10;11;1;3;5;3;0;0;0;0;1;0;0;0;799899,7354;5826515,143;13,41963345;52,50609485
36798;143882;11;8;8010301;2020;10;2;1;2;1;5;2;1;1;0;0;0;0;0;800884,5888;5824281,514;13,4320827;52,48553198
36799;143883;11;3;3051022;2020;9;14;4;3;0;5;0;1;1;0;0;0;0;0;802924,9044;5831846,468;13,46892644;52,55220738
36800;143884;11;2;2050801;2020;10;18;6;3;5;3;1;1;1;0;0;0;0;0;803271,5185;5827427,175;13,46999112;52,51240551
36801;143885;11;5;5030730;2020;10;14;4;3;2;7;0;1;0;0;0;0;1;1;786459,1632;5829774,313;13,22496538;52,54253917
36802;143886;11;8;8010301;2020;10;14;1;3;5;3;0;0;1;0;0;0;1;0;801264,6635;5824590,592;13,43794241;52,48809274
36803;143887;11;12;12304313;2020;10;17;3;3;2;6;0;0;1;0;0;0;1;0;792352,547;5835090,59;13,316306;52,58706732
36804;143888;11;2;2050802;2020;10;20;4;3;6;4;2;0;1;1;0;0;0;1;802516,1726;5827168,405;13,45865936;52,5105056
36805;143889;11;11;11010309;2020;10;10;6;3;1;5;0;1;1;0;0;0;0;0;804454,7243;5833687,404;13,49310885;52,56785379
36806;143890;11;8;8010301;2020;10;12;6;3;6;4;0;0;0;1;1;0;0;0;800869,403;5824556,283;13,43210777;52,48800319
36807;143891;11;9;9051801;2020;10;18;6;2;5;3;1;1;1;0;0;0;0;1;819248,6513;5819963,275;13,69749939;52,43641428
36808;143892;11;10;10030724;2020;10;14;3;3;2;6;0;0;1;0;0;0;0;0;809411,9671;5829702,868;13,56230479;52,5293513
36809;143893;11;8;8010509;2020;10;13;5;3;2;2;0;1;1;0;0;0;0;1;803866,6071;5822072,722;13,47385129;52,46408364
36810;143894;11;4;4020311;2020;10;19;2;2;6;4;2;0;1;1;0;0;0;0;789879,896;5826226,194;13,2721728;52,50892066
36811;143895;11;5;5030731;2020;10;7;2;3;0;1;0;1;0;0;0;0;0;0;787974,3608;5830393,45;13,24778315;52,54729127
36812;143896;11;3;3050919;2020;10;9;6;3;5;2;0;1;1;0;0;0;0;1;802062,355;5832778,15;13,45709134;52,56103697
36813;143897;11;9;9051702;2020;10;6;4;3;5;3;2;0;1;0;0;0;0;1;815026,7831;5821286,361;13,63684743;52,45071803
36814;143898;11;12;12231102;2020;10;9;6;3;1;5;0;1;1;0;0;0;0;1;791126,0822;5840527,429;13,30303819;52,63646463
36815;143899;11;1;1011401;2020;10;11;7;2;0;1;0;1;0;0;0;0;0;0;798370,6338;5829273,982;13,39964578;52,53166253
36816;143900;11;1;1044203;2020;10;15;7;3;5;2;0;1;1;0;0;0;0;0;796010,656;5831416,113;13,3668655;52,55215135
36817;143901;11;10;10020415;2020;10;14;3;3;0;3;0;0;1;0;0;0;0;0;812455,5108;5831040,084;13,60828216;52,53959837
36818;143902;11;10;10040933;2020;10;7;6;3;0;3;0;0;1;0;1;0;0;1;812385,7403;5823984,414;13,60063596;52,47641148
36819;143903;11;1;1033102;2020;10;18;6;3;6;4;0;1;0;1;0;0;0;1;797868,4921;5831348,155;13,39412472;52,55052941
36820;143904;11;4;4030417;2020;10;8;3;3;5;3;0;1;1;0;0;0;0;0;790845,7674;5826735,208;13,28680916;52,51296987
36821;143905;11;1;1033101;2020;10;21;5;3;2;6;2;0;1;0;0;0;0;1;797277,9513;5832201,302;13,38620489;52,55849941
36822;143906;11;11;11020412;2020;10;11;1;2;5;2;0;0;1;0;0;0;0;0;805717,8592;5831818,541;13,50996592;52,55039675
36823;143907;11;2;2050601;2020;10;18;1;2;6;4;1;0;1;1;0;0;0;1;801880,6185;5828965,571;13,45095373;52,52696573
36824;143908;11;3;3050923;2020;10;12;5;3;6;4;0;0;0;1;0;0;1;1;800664,4421;5832181,514;13,43599126;52,55646291
36825;143909;11;11;11030619;2020;10;20;1;3;5;2;2;0;1;0;0;0;0;1;803550,7041;5829752,95;13,4762151;52,5330955
36826;143910;11;12;12103115;2020;10;15;1;3;1;5;0;1;1;0;0;0;0;0;795730,1905;5833606,864;13,3646935;52,57194162
36827;143911;11;6;6020303;2020;10;15;4;3;0;1;0;1;0;0;0;0;0;1;795301,3974;5818542,728;13,34502372;52,43713585
36828;143912;11;12;12301203;2020;10;23;6;3;5;2;2;1;1;0;0;0;0;1;792875,0525;5835194,484;13,32408826;52,58771762
36829;143913;11;4;4030620;2020;10;13;6;3;0;4;0;0;0;1;0;0;1;0;792130,4245;5827311,958;13,30619227;52,51745378
36830;143914;11;8;8010404;2020;10;16;6;3;2;6;0;1;1;0;0;0;0;0;801738,5045;5823230,895;13,44366921;52,47564388
36831;143915;11;6;6040807;2020;10;13;3;3;0;3;0;1;1;0;0;0;0;0;790011,9674;5819153,281;13,26796221;52,44544012
36832;143916;11;1;1022201;2020;10;21;6;3;1;5;2;1;1;0;0;0;0;1;795739,8016;5829143,638;13,36085935;52,53192787
36833;143917;11;6;6010205;2020;10;12;5;3;1;7;0;0;1;0;0;0;0;1;794841,9002;5820050,655;13,33961444;52,45090154
36834;143918;11;4;4010102;2020;10;19;2;3;6;4;2;0;1;1;0;0;0;0;792594,7437;5830683,438;13,31598335;52,54742897
36835;143919;11;5;5010209;2020;10;15;1;3;5;3;0;1;1;0;0;0;0;1;783246,0608;5830300,141;13,17816175;52,54893376
36836;143920;11;1;1011201;2020;10;19;1;3;5;2;2;1;1;0;0;0;0;0;797470,5402;5826800,564;13,38420371;52,50998322
36837;143921;11;1;1011402;2020;10;17;4;3;5;3;1;1;1;0;0;0;0;1;798593,9698;5829506,639;13,40313743;52,53362567
36838;143922;11;1;1011306;2020;10;21;6;3;6;2;2;0;1;1;0;0;0;1;799985,7905;5826927,382;13,42126905;52,5097426
36839;143923;11;6;6040703;2020;10;11;6;3;6;4;0;0;1;1;0;0;0;1;785557,8271;5817846,402;13,20148899;52,43606706
36840;143924;11;2;2020204;2020;10;17;6;3;5;2;1;1;1;0;0;0;0;0;798699,8981;5824703,648;13,40038364;52,49051543
36841;143925;11;6;6030503;2020;10;16;3;3;0;6;0;0;1;0;1;0;0;0;789541,9447;5817841,365;13,25992931;52,43392735
36842;143926;11;4;4061757;2020;10;8;6;3;0;1;0;0;0;0;1;0;0;1;788805,4632;5821995,254;13,25271852;52,47155844
36843;143927;11;1;1033101;2020;10;14;4;2;2;6;0;0;1;0;1;0;0;1;797574,402;5832755,264;13,39106168;52,56330304
36844;143928;11;1;1011303;2020;10;6;6;3;5;2;1;0;1;0;0;0;1;1;799246,0295;5828468,925;13,41178791;52,52396655
36845;143929;11;8;8010118;2020;10;15;6;3;5;3;0;0;1;0;0;0;0;0;800846,4799;5822533,845;13,42994652;52,46988804
36846;143930;11;1;1033203;2020;10;18;3;3;5;2;0;1;0;0;0;0;1;0;796300,4185;5830596,309;13,37039523;52,54464512
36847;143931;11;5;5030730;2020;10;21;6;3;1;1;2;0;1;0;1;0;0;1;785519,9082;5829244,764;13,21069801;52,53828434
36848;143932;11;2;2050602;2020;10;19;5;3;0;5;2;1;1;0;0;0;0;1;803143,0342;5828303,915;13,46890241;52,52033498
36849;143933;11;2;2030402;2020;10;11;2;3;2;6;0;1;1;0;0;0;0;0;801964,1896;5825635,874;13,44916077;52,49707525
36850;143934;11;10;10040828;2020;10;12;4;3;0;6;0;0;1;0;0;0;1;1;811367,3261;5828018,946;13,58946028;52,51314792
36851;143935;11;10;10020414;2020;10;13;7;3;2;6;0;0;1;0;0;0;0;0;812234,0894;5830800,963;13,6048033;52,53758249
36852;143936;11;4;4030827;2020;10;14;7;3;5;3;0;1;1;0;0;0;0;0;792409,8508;5826534,547;13,30961539;52,51033475
36853;143937;11;4;4030518;2020;10;18;4;3;5;3;1;0;1;0;0;0;0;1;791910,5154;5828198,915;13,30373904;52,52552292
36854;143938;11;1;1022106;2020;10;21;6;3;3;6;2;1;0;0;0;0;0;1;794316,503;5828366,164;13,33924929;52,5257287
36855;143939;11;8;8020726;2020;10;10;6;2;2;6;0;0;1;0;0;0;0;0;800443,8545;5816037,845;13,41819718;52,41188267
36856;143940;11;10;10010310;2020;10;15;6;3;6;2;0;0;1;1;0;0;0;0;809936,877;5831601,155;13,57178831;52,54606466
36857;143941;11;8;8020620;2020;10;12;3;3;5;2;0;1;1;0;0;0;0;0;801179,7727;5820596,768;13,43309053;52,45234175
36858;143942;11;11;11030619;2020;10;9;5;3;2;2;0;0;1;0;0;0;0;1;804141,3831;5829844,366;13,48498004;52,53358555
36859;143943;11;11;11010309;2020;10;14;2;2;6;7;0;0;0;1;0;1;0;0;805048,6276;5833513,282;13,50168411;52,56596079
36860;143944;11;12;12302110;2020;10;6;2;3;5;2;1;1;1;0;0;0;0;0;794983,5747;5836326,817;13,35613;52,59672865
36861;143945;11;9;9051702;2020;10;5;6;2;6;4;2;0;0;1;0;0;1;1;813733,7616;5821731,802;13,61830128;52,45545319
36862;143946;11;1;1011302;2020;10;0;5;3;0;1;2;0;0;0;0;0;1;1;798058,728;5828469,169;13,39433979;52,52461908
36863;143947;11;1;1022106;2020;10;9;4;3;5;3;0;1;1;0;0;0;0;1;793716,9322;5827979,177;13,3300952;52,52258291
36864;143948;11;1;1033101;2020;10;13;5;3;8;1;0;0;1;0;0;0;0;1;797527,5678;5833037,681;13,39062606;52,56586013
36865;143949;11;7;7040406;2020;10;13;2;3;5;3;0;0;1;0;0;0;0;1;800094,5531;5821660,755;13,41812508;52,46247566
36866;143950;11;9;9010402;2020;10;11;2;3;2;6;0;0;1;0;0;0;0;0;806808,1998;5818194,283;13,51345379;52,42768006
36867;143951;11;3;3040818;2020;10;9;5;3;1;5;0;1;1;0;0;0;0;1;799479,4075;5832755,936;13,41908229;52,5622646
36868;143952;11;3;3040614;2020;10;10;4;3;5;3;0;1;1;0;0;0;0;1;797776,274;5832954,221;13,39420959;52,56497606
36869;143953;11;12;12231101;2020;10;19;7;3;1;5;2;1;1;0;0;0;0;0;791273,593;5838575,65;13,30349185;52,61888857
36870;143954;11;1;1033102;2020;10;1;7;3;1;5;2;1;1;0;0;0;0;1;797943,2939;5831363,801;13,3952387;52,55062874
36871;143955;11;8;8040933;2020;10;19;4;3;6;7;2;0;1;1;0;0;0;1;802920,0523;5818377,619;13,45661039;52,43148983
36872;143956;11;3;3061126;2020;10;9;6;2;0;7;0;1;0;0;0;0;0;1;799026,7715;5831811,229;13,41157366;52,55404555
36873;143957;11;10;10020413;2020;10;9;6;2;0;3;0;0;0;0;0;0;1;0;811137,3853;5830925,837;13,58880259;52,53932872
36874;143958;11;5;5010314;2020;10;16;6;3;2;4;0;0;1;1;0;0;1;1;784568,9616;5828853,803;13,19638009;52,53527641
36875;143959;11;1;1044201;2020;10;14;3;3;1;5;0;1;1;0;0;0;0;0;796599,1326;5831923,899;13,37597312;52,55638296
36876;143960;11;3;3061131;2020;10;13;5;3;0;1;0;0;0;0;1;0;0;1;798667,7676;5830301,927;13,40493695;52,54071386
36877;143961;11;7;7010104;2020;10;18;1;3;5;3;2;1;1;0;0;0;0;1;796440,6162;5824889,29;13,36737098;52,49341112
36878;143962;11;3;3020209;2020;10;16;1;3;5;3;0;0;1;0;1;0;0;0;797878,2722;5836018,8;13,3984637;52,59238988
36879;143963;11;5;5020625;2020;10;8;6;3;6;2;0;0;1;1;0;0;0;1;784459,2848;5828663,328;13,19460443;52,53362587
36880;143964;11;7;7020204;2020;10;15;4;3;6;2;0;0;1;1;0;0;0;1;796235,171;5823947,593;13,36351664;52,48508116
36881;143965;11;2;2020204;2020;10;10;6;2;2;6;0;0;1;0;1;0;0;1;798594,5082;5824699,791;13,39883257;52,49053851
36882;143966;11;1;1011201;2020;10;11;7;3;5;2;0;1;1;0;0;0;0;0;797473,2907;5826793,496;13,3842378;52,50991836
36883;143967;11;1;1011301;2020;10;23;6;3;0;7;2;0;1;0;0;0;0;1;796833,8107;5829570,743;13,37732153;52,53516174
36884;143968;11;2;2030302;2020;10;13;3;3;5;2;0;0;1;0;1;0;0;0;800404,8679;5825789,098;13,42639849;52,49930917
36885;143969;11;11;11030618;2020;10;8;6;3;1;5;0;0;1;0;1;0;0;1;802805,7017;5828747,245;13,46434951;52,5244959
36886;143970;11;7;7020203;2020;10;19;6;3;0;2;1;0;1;0;0;0;1;1;795971,0014;5824531,281;13,36015605;52,49045671
36887;143971;11;4;4030724;2020;10;11;6;3;0;7;0;1;0;0;0;0;0;1;791051,2159;5826350,846;13,28949194;52,50941449
36888;143972;11;4;4020311;2020;10;20;7;3;5;3;2;0;1;0;0;0;0;0;789992,273;5826317,665;13,27390367;52,50968098
36889;143973;11;1;1011402;2020;10;17;7;2;0;1;0;1;0;0;0;0;0;0;798683,6756;5829471,16;13,40442412;52,5332585
36890;143974;11;8;8010508;2020;10;20;3;3;0;4;2;0;0;1;1;0;0;0;803267,7017;5822668,107;13,46560377;52,46975276