;OBJECTID;LAND;BEZ;LOR;UJAHR;UMONAT;USTUNDE;UWOCHENTAG;UKATEGORIE;UART;UTYP1;ULICHTVERH;IstRad;IstPKW;IstFuss;IstKrad;IstGkfz;IstSonstige;USTRZUSTAND;LINREFX;LINREFY;XGCSWGS84;YGCSWGS84
36891;143975;11;11;11020412;2020;10;11;6;3;5;2;0;1;0;0;0;1;0;0;805043,1997;5831482,353;13,4997379;52,54776191
36892;143976;11;11;11020514;2020;10;18;6;3;0;3;0;0;1;0;1;0;0;1;803872,7202;5830409,585;13,48154822;52,53880124
36893;143977;11;1;1022204;2020;10;10;3;3;6;2;0;0;1;1;0;0;0;0;795125,5889;5828253,103;13,35104036;52,52427783
36894;143978;11;12;12214424;2020;10;11;5;3;0;6;0;0;0;0;1;0;1;1;793424,4842;5832485,178;13,32977733;52,56313428
36895;143979;11;4;4041136;2020;10;17;1;2;1;1;1;0;1;0;1;0;0;1;789694,2899;5823233,058;13,26684261;52,48218507
36896;143980;11;1;1022203;2020;10;10;1;3;3;6;0;1;1;0;0;0;0;0;795145,3467;5828554,584;13,35159832;52,52696968
36897;143981;11;4;4051445;2020;10;16;4;3;2;6;0;0;1;0;0;0;0;1;792524,1026;5824499,218;13,30950618;52,4920273
36898;143982;11;6;6030504;2020;10;12;6;3;0;3;0;0;1;0;1;0;0;0;789601,17;5817096,268;13,26015275;52,42721588
36899;143983;11;1;1011302;2020;10;9;6;3;6;4;0;1;0;1;0;0;0;0;798055,4008;5828841,255;13,39462441;52,52795616
36900;143984;11;2;2020206;2020;10;9;3;3;0;1;0;0;0;0;1;0;0;1;799776,8396;5824824,169;13,41630623;52,4910054
36901;143985;11;3;3030406;2020;10;6;6;3;5;3;0;1;1;0;0;0;0;1;803233,1339;5838056,58;13,4791394;52,60769478
36902;143986;11;8;8010117;2020;10;18;5;3;3;6;1;1;1;0;0;0;0;1;800483,2311;5823561,721;13,42554105;52,47930123
36903;143987;11;1;1011202;2020;10;17;2;3;5;3;0;1;1;0;0;0;0;0;797496,6804;5827946,018;13,38561187;52,52023662
36904;143988;11;11;11020411;2020;10;19;2;3;5;3;2;0;1;0;0;0;0;0;806199,2809;5832523,301;13,51769388;52,55644252
36905;143989;11;6;6020411;2020;10;10;5;3;2;6;0;0;1;0;0;0;0;1;793386,4845;5816217,826;13,3148956;52,41732417
36906;143990;11;11;11010205;2020;10;13;1;3;5;2;0;0;1;0;0;0;0;1;805963,0223;5833692,593;13,51529797;52,5670547
36907;143991;11;7;7010102;2020;10;22;1;3;5;2;2;0;1;0;0;0;0;0;795012,3801;5825657,996;13,34707599;52,50107585
36908;143992;11;4;4010101;2020;10;17;4;3;2;6;0;0;1;0;0;0;0;1;791057,4969;5829729,31;13,29254119;52,53969883
36909;143993;11;8;8010117;2020;10;6;6;3;0;1;1;0;0;0;1;0;0;1;800464,7486;5823631,851;13,42533291;52,47994
36910;143994;11;8;8040933;2020;10;14;6;3;5;3;0;1;1;0;0;0;0;0;803004,5053;5819365,919;13,45874457;52,44030125
36911;143995;11;1;1011305;2020;10;19;3;3;1;5;2;1;1;0;0;0;0;0;799395,7056;5826409,907;13,41213486;52,50542839
36912;143996;11;11;11041022;2020;10;13;6;3;1;5;0;1;0;0;1;0;0;0;806578,9963;5827730,069;13,518856;52,51327129
36913;143997;11;1;1011204;2020;10;15;5;3;3;6;0;1;0;0;0;0;0;1;797850,0328;5826890,475;13,38985941;52,51058209
36914;143998;11;6;6020411;2020;10;14;2;2;1;5;0;0;1;0;0;0;0;0;793457,954;5816097,988;13,3158384;52,41621152
36915;143999;11;1;1011306;2020;10;15;2;2;5;2;0;1;1;0;0;0;0;0;799976,575;5826926,074;13,42113249;52,50973595
36916;144000;11;3;3050923;2020;10;12;4;3;5;2;0;1;1;0;0;0;0;1;801152,3766;5831614,834;13,44265268;52,55111413
36917;144001;11;6;6010209;2020;10;15;7;2;0;1;0;0;0;0;1;0;0;1;794254,1469;5821096,622;13,33191228;52,46059486
36918;144002;11;11;11020411;2020;10;13;7;3;2;6;0;0;1;0;0;0;0;0;805079,16;5833064,826;13,50172083;52,56192446
36919;144003;11;2;2020204;2020;10;20;4;3;5;7;2;0;1;0;0;0;0;1;798881,3496;5825085,02;13,40339027;52,4938346
36920;144004;11;6;6030607;2020;10;13;6;3;2;6;0;0;1;0;0;0;0;0;791466,5085;5816152,736;13,2866875;52,41776647
36921;144005;11;1;1022204;2020;10;9;6;3;5;2;0;1;1;0;0;0;0;1;794534,095;5828200,599;13,3423007;52,52412702
36922;144006;11;10;10020413;2020;10;19;6;3;2;6;1;0;1;0;0;0;0;1;810834,4293;5830937,517;13,58436092;52,53960626
36923;144007;11;1;1011304;2020;10;0;7;3;5;2;2;1;0;0;0;0;0;0;799730,882;5827547,138;13,41808246;52,51543786
36924;144008;11;7;7030301;2020;10;10;7;3;2;6;0;1;1;0;0;0;0;0;794297,1303;5822136,009;13,33345972;52,46988932
36925;144009;11;11;11010308;2020;10;18;4;3;1;5;1;1;1;0;0;0;0;1;805110,3437;5833581,804;13,50265483;52,56654032
36926;144010;11;10;10030724;2020;10;14;6;3;6;4;0;0;1;1;0;0;0;1;809207,5461;5830217,945;13,55978005;52,53408323
36927;144011;11;3;3020307;2020;10;13;6;3;5;2;0;0;1;0;0;0;0;1;800172,3045;5836586,611;13,43274213;52,59621808
36928;144012;11;10;10040931;2020;10;19;6;2;6;4;2;0;1;1;0;0;0;1;813196,6899;5828891,625;13,61715113;52,51992072
36929;144013;11;4;4030930;2020;10;15;3;3;1;7;0;0;1;0;0;0;0;0;793355,8468;5825423,873;13,32253603;52,49987011
36930;144014;11;2;2030302;2020;10;19;5;3;2;6;2;0;1;0;0;0;0;1;801444,7711;5826020,941;13,44188114;52,5008138
36931;144015;11;1;1011301;2020;10;17;2;3;1;5;0;1;1;0;0;0;0;0;797094,2126;5829269,409;13,38088006;52,53231873
36932;144016;11;7;7040406;2020;10;8;2;3;1;5;0;0;1;0;0;0;1;0;799881,4334;5821883,476;13,41519768;52,46458903
36933;144017;11;1;1044203;2020;10;6;6;3;3;6;0;1;1;0;0;0;0;1;795480,0973;5831264,908;13,35892858;52,55108401
36934;144018;11;1;1011103;2020;10;8;5;2;5;2;0;0;1;0;1;0;0;1;796167,7635;5825980,864;13,36433444;52,50334422
36935;144019;11;10;10010310;2020;10;9;4;3;5;3;0;0;1;0;0;0;0;1;808496,4522;5831145,501;13,55019086;52,54279871
36936;144020;11;6;6030501;2020;10;12;7;2;5;2;0;1;1;0;0;0;0;0;788843,7306;5816229,301;13,24829522;52,41984343
36937;144021;11;2;2030301;2020;10;18;7;3;5;2;2;1;1;0;0;0;0;0;800115,2323;5825741,481;13,42210169;52,49904172
36938;144022;11;11;11030720;2020;10;7;4;2;5;2;0;0;1;0;0;0;1;1;804594,897;5829941,049;13,491734;52,53419883
36939;144023;11;3;3040818;2020;10;14;6;3;6;4;0;0;1;1;0;0;0;0;799738,311;5831970,261;13,42218071;52,55507989
36940;144024;11;1;1022201;2020;10;8;6;3;0;1;0;1;0;0;0;0;0;0;795225,3485;5829078,911;13,35323977;52,53162653
36941;144025;11;1;1033201;2020;10;14;6;3;0;1;0;0;0;0;1;0;0;0;797910,1638;5830310,398;13,39380669;52,54120451
36942;144026;11;1;1011105;2020;10;23;3;3;8;1;2;1;0;0;0;0;0;0;795776,8917;5826685,598;13,35921881;52,50987359
36943;144027;11;1;1033203;2020;10;9;6;2;5;3;0;1;1;0;0;0;0;0;796933,839;5830171,544;13,3793288;52,54049274
36944;144028;11;4;4051445;2020;10;12;5;3;5;7;0;1;1;0;0;0;0;1;791820,0463;5824312,842;13,29900245;52,49073332
36945;144029;11;2;2040701;2020;10;19;1;3;3;6;2;0;1;0;1;0;0;1;800810,3417;5826995,282;13,43344339;52,50989717
36946;144030;11;2;2050802;2020;10;16;1;3;5;3;0;0;1;0;0;0;0;1;802520,7043;5827279,315;13,45882674;52,51149716
36947;144031;11;1;1033102;2020;10;11;3;3;5;7;0;1;1;0;0;0;0;0;797384,869;5831902,827;13,38750997;52,55576559
36948;144032;11;1;1033101;2020;10;16;6;3;6;7;1;1;0;1;0;0;0;0;797296,7571;5832216,253;13,38649487;52,55862316
36949;144033;11;7;7050505;2020;10;13;5;3;5;3;0;0;1;0;0;0;0;1;799184,1763;5819062,752;13,40243795;52,43968714
36950;144034;11;12;12103219;2020;10;18;2;2;6;7;1;0;1;1;0;0;0;0;795160,5612;5832476,451;13,35530693;52,56211769
36951;144035;11;8;8010301;2020;10;0;2;3;1;5;2;1;1;0;0;0;0;0;801276,4072;5824006,881;13,43758726;52,48285432
36952;144036;11;3;3040818;2020;10;14;6;3;5;3;0;1;1;0;0;0;0;0;800120,8711;5831861,252;13,42770795;52,55389214
36953;144037;11;8;8010303;2020;10;8;4;3;1;5;0;1;1;0;0;0;0;1;801183,6954;5823791,936;13,43603195;52,48097886
36954;144038;11;9;9020701;2020;10;8;4;3;5;3;0;0;1;0;0;0;1;1;808642,4435;5819166,303;13,54124277;52,43535977
36955;144039;11;8;8020619;2020;10;6;6;3;5;3;1;0;1;0;0;0;1;1;801537,4505;5820657,887;13,43839326;52,4526924
36956;144040;11;5;5020521;2020;10;2;7;2;1;1;2;0;1;0;1;0;0;1;780586,3348;5827872,315;13,13698957;52,52854082
36957;144041;11;11;11030721;2020;10;15;7;2;5;3;0;0;1;0;0;0;0;0;805049,855;5827914,609;13,49656182;52,51578254
36958;144042;11;10;10010308;2020;10;14;3;3;5;3;0;0;1;0;0;0;0;0;806579,1529;5828417,972;13,51949214;52,51943632
36959;144043;11;7;7010104;2020;10;14;6;3;5;3;0;0;1;0;1;0;0;0;796101,7871;5824938,263;13,36243836;52,49403403
36960;144044;11;2;2050802;2020;10;7;6;3;6;2;2;0;1;1;0;0;0;1;802545,7689;5826732,961;13,45869837;52,50658632
36961;144045;11;9;9010202;2020;10;9;3;3;6;3;0;0;1;1;0;0;0;0;804167,3692;5822894,76;13,47901408;52,47128404
36962;144046;11;1;1022206;2020;10;15;6;3;5;2;0;0;1;0;0;0;0;1;796252,8102;5828525,32;13,36784913;52,52610668
36963;144047;11;2;2050801;2020;10;10;5;3;2;6;0;0;1;0;1;0;0;1;802496,9155;5827520,388;13,4586964;52,51367108
36964;144048;11;11;11010207;2020;10;10;1;3;5;3;0;0;1;0;1;0;0;0;805286,493;5834270,929;13,50587989;52,5726177
36965;144049;11;6;6010102;2020;10;17;1;3;2;6;0;0;1;0;1;0;0;0;793616,7925;5820818,938;13,32231414;52,45844834
36966;144050;11;5;5020417;2020;10;14;4;2;2;7;0;0;1;0;0;0;1;1;782730,8251;5828543,693;13,16908855;52,53345258
36967;144051;11;8;8020620;2020;10;6;6;3;5;2;1;1;1;0;0;0;0;1;801293,4589;5820444,318;13,43462092;52,45091265
36968;144052;11;4;4041343;2020;10;9;6;3;0;1;0;1;0;0;0;0;0;0;792605,6912;5821791,542;13,30832826;52,46770985
36969;144053;11;12;12304314;2020;10;15;4;3;2;6;0;0;1;0;0;0;0;1;790185,0465;5835901,811;13,28511327;52,59550041
36970;144054;11;1;1022206;2020;10;5;6;2;5;2;2;1;1;0;0;0;0;1;795703,6221;5828178,09;13,35946883;52,52329222
36971;144055;11;5;5020416;2020;10;12;7;3;8;1;0;0;1;0;0;0;0;0;780947,0779;5829127,713;13,14335455;52,5396117
36972;144056;11;4;4041239;2020;10;18;6;3;5;7;1;0;1;0;0;0;0;1;791958,235;5823190,132;13,30004855;52,48059447
36973;144057;11;2;2040701;2020;10;13;3;3;2;6;0;0;1;0;0;0;0;0;800521,2112;5827049,857;13,4292452;52,51054569
36974;144058;11;7;7010102;2020;10;5;6;3;5;2;2;0;1;0;0;0;0;1;794957,1156;5825649,55;13,34625672;52,50103001
36975;144059;11;3;3040818;2020;10;19;6;2;5;3;1;0;1;0;0;0;1;1;799725,9438;5832497,169;13,42247465;52,55980954
36976;144060;11;2;2010103;2020;10;23;2;2;5;3;2;0;1;0;1;0;0;0;799559,8871;5825859,293;13,41405123;52,50040285
36977;144061;11;1;1033101;2020;10;15;6;3;5;2;0;1;0;0;0;0;1;0;797282,6165;5832214,175;13,38628504;52,55861226
36978;144062;11;8;8010508;2020;10;5;5;3;9;1;2;0;1;0;0;0;0;1;802970,4527;5822824,385;13,46138313;52,47131839
36979;144063;11;2;2040701;2020;10;14;1;3;2;2;0;0;1;0;1;0;0;1;800352,7738;5827172,512;13,42688142;52,51173786
36980;144064;11;1;1011301;2020;10;20;1;3;0;5;2;1;1;0;0;0;0;0;796296,6967;5829537,274;13,36939608;52,53515398
36981;144065;11;2;2040502;2020;10;17;4;3;0;1;1;0;0;0;1;0;0;1;801257,6975;5827899,118;13,44083341;52,51775153
36982;144066;11;10;10040830;2020;10;14;5;3;6;7;0;0;1;1;0;0;0;0;810600,9293;5825068,133;13,57545115;52,48714114
36983;144067;11;12;12301203;2020;10;13;6;3;6;4;0;0;1;1;0;0;0;1;793501,7264;5836111,36;13,33412431;52,59559903
36984;144068;11;2;2020202;2020;10;15;6;3;5;3;0;1;1;0;0;0;0;0;797930,1892;5825275,946;13,38959241;52,49606603
36985;144069;11;7;7050501;2020;10;19;3;3;5;2;2;1;1;0;0;0;0;0;797201,975;5819542,414;13,37378942;52,44506767
36986;144070;11;10;10010311;2020;10;17;5;3;6;4;1;0;0;1;0;0;1;1;810670,5964;5831999,465;13,58294618;52,54921619
36987;144071;11;2;2050803;2020;10;14;5;3;5;2;0;1;1;0;0;0;0;1;803092,7981;5826031,535;13,46609503;52,49999592
36988;144072;11;1;1033203;2020;10;12;2;3;1;5;0;1;1;0;0;0;0;1;796801,1438;5829979,987;13,37720684;52,53884795
36989;144073;11;7;7010102;2020;10;13;2;2;5;2;0;0;1;0;1;0;0;0;794954,471;5825646,879;13,34621551;52,5010075
36990;144074;11;6;6020302;2020;10;17;3;3;2;6;0;0;1;0;0;0;0;0;795157,4429;5818829,103;13,3431651;52,43978074
36991;144075;11;8;8010118;2020;10;18;5;3;2;6;2;0;1;0;0;0;0;1;800858,0322;5822504,644;13,43008974;52,46961994
36992;144076;11;10;10040933;2020;10;19;5;3;5;2;2;0;1;0;0;0;1;1;812372,965;5823980,52;13,60044482;52,47638389
36993;144077;11;4;4030726;2020;10;15;2;3;5;2;0;0;1;0;1;0;0;0;792093,8196;5825764,588;13,30429633;52,50360154
36994;144078;11;7;7070703;2020;10;13;7;3;6;4;0;0;1;1;0;0;0;0;799537,7689;5813171,276;13,40235244;52,3866839
36995;144079;11;1;1044201;2020;10;16;7;3;5;7;0;1;1;0;0;0;0;0;796111,452;5831187,793;13,36814417;52,55004991
36996;144080;11;5;5020524;2020;10;18;4;2;5;2;1;0;1;0;1;0;0;1;782880,7021;5826893,017;13,16988792;52,51857432
36997;144081;11;9;9051901;2020;10;9;5;3;5;2;0;1;1;0;0;0;0;0;812047,5744;5821194,743;13,59306489;52,4516056
36998;144082;11;6;6010103;2020;10;10;6;3;2;6;0;1;0;0;0;0;0;0;793802,0682;5821183,722;13,3253542;52,46161891
36999;144083;11;2;2050802;2020;10;15;6;3;5;2;0;1;1;0;0;0;0;0;802065,394;5827160,95;13,45203057;52,51068857
37000;144084;11;10;10020412;2020;10;15;3;3;5;2;0;1;1;0;0;0;0;0;811333,594;5831843,474;13,59254624;52,54743983
37001;144085;11;1;1044203;2020;10;17;6;3;5;2;0;1;1;0;0;0;0;0;795877,3553;5831961,117;13,36539096;52,5571092
37002;144086;11;9;9041501;2020;10;12;5;2;5;3;0;0;1;0;0;0;1;0;811388,9297;5820131,862;13,58241329;52,44245614
37003;144087;11;3;3061228;2020;10;17;2;3;5;3;0;1;1;0;0;0;0;0;801157,9171;5831113,889;13,44227985;52,54662105
37004;144088;11;8;8010301;2020;10;12;2;3;1;5;0;1;1;0;0;0;0;0;800514,4672;5824917,755;13,42722215;52,49143868
37005;144089;11;9;9041401;2020;10;17;6;2;5;2;0;1;0;0;0;1;0;0;812018,4104;5820699,478;13,59217452;52,44718399
37006;144090;11;2;2020206;2020;10;1;5;3;1;5;2;0;1;0;0;0;1;1;799133,7967;5824551,818;13,40661893;52,4889169
37007;144091;11;6;6040810;2020;10;9;4;3;3;6;0;0;1;0;0;1;0;1;790157,8785;5819785,566;13,27065227;52,45103132
37008;144092;11;7;7050505;2020;10;16;7;3;0;3;0;0;1;0;1;0;0;0;799167,0341;5819064,001;13,40218764;52,43970771
37009;144093;11;1;1044103;2020;10;17;7;3;2;6;0;1;1;0;0;0;0;0;795141,6211;5831070,216;13,353778;52,54952227
37010;144094;11;4;4010101;2020;10;7;4;3;2;6;0;0;1;0;0;0;1;1;790031,7143;5830649,816;13,27826253;52,54849817
37011;144095;11;3;3071537;2020;10;9;5;3;0;6;0;0;1;0;1;0;0;1;799739,2254;5829402,289;13,41987703;52,53206175
37012;144096;11;7;7040406;2020;10;11;4;3;2;6;0;0;1;0;0;0;0;1;800295,9397;5822031,495;13,42141399;52,46568815
37013;144097;11;3;3061228;2020;10;19;7;3;2;6;2;0;1;0;1;0;0;0;800348,379;5830852,489;13,43014111;52,54472496
37014;144098;11;1;1022202;2020;10;11;7;3;5;2;0;1;1;0;0;0;0;0;795657,7853;5829732,367;13,3601775;52,53724979
37015;144099;11;1;1044203;2020;10;19;4;3;2;1;2;0;1;0;0;0;0;1;795600,932;5831707,718;13,36109979;52,55498783
37016;144100;11;4;4031032;2020;10;10;5;3;6;7;0;0;1;1;0;0;0;0;791747,4742;5825158,238;13,29867698;52,49835099
37017;144101;11;11;11030721;2020;10;9;6;2;5;3;0;1;1;0;0;0;0;0;803420,1456;5828617,506;13,47326009;52,5229915
37018;144102;11;8;8010406;2020;10;15;6;3;5;3;0;0;1;0;1;0;0;0;802383,7262;5824039,413;13,45387335;52,48253385
37019;144103;11;1;1044201;2020;10;14;3;3;0;1;0;0;0;0;1;0;0;0;795680,0474;5830934,481;13,36157474;52,54801355
37020;144104;11;11;11030720;2020;10;13;5;3;5;2;0;0;1;0;0;0;0;1;806114,0957;5830155,72;13,51425932;52,53527169
37021;144105;11;8;8041035;2020;10;20;2;3;3;6;2;0;1;0;0;0;0;0;804223,327;5818426,05;13,47576507;52,43120072
37022;144106;11;9;9010302;2020;10;22;1;2;5;2;2;0;1;0;1;0;0;0;803840,7085;5820983,619;13,47248002;52,45433657
37023;144107;11;2;2050804;2020;10;15;5;3;5;3;0;1;0;0;1;0;0;1;803731,4886;5825285,586;13,47479488;52,49295506
37024;144108;11;8;8010509;2020;10;15;4;3;5;3;0;0;1;0;0;0;0;1;803378,7169;5822531,707;13,46710904;52,46846858
37025;144109;11;9;9020701;2020;10;18;5;3;5;3;1;1;1;0;0;0;0;1;809523,3773;5818331,399;13,55338731;52,42737969
37026;144110;11;8;8020619;2020;10;11;7;3;2;6;0;0;1;0;0;0;0;0;801239,128;5821615,802;13,43488074;52,46144298
37027;144111;11;7;7070701;2020;10;15;7;3;5;3;0;0;1;0;0;0;0;0;798893,7851;5816073,817;13,39550765;52,41305364
37028;144112;11;11;11040926;2020;10;14;3;3;5;2;0;1;1;0;0;0;0;0;804587,552;5826362,866;13,48835014;52,5021333
37029;144113;11;5;5010314;2020;10;17;5;3;5;2;0;0;1;0;0;0;1;1;784833,3981;5829015,039;13,20040641;52,53658391
37030;144114;11;2;2050602;2020;10;19;6;3;0;1;1;0;0;0;1;0;0;1;802642,5826;5828239,925;13,46149091;52,52003941
37031;144115;11;9;9051901;2020;10;16;2;3;3;6;0;0;1;0;0;0;0;1;810606,9184;5821048,217;13,57179692;52,45111292
37032;144116;11;4;4041134;2020;10;17;6;2;4;6;0;1;0;0;0;0;0;1;789777,8386;5824191,561;13,26890284;52,49073396
37033;144117;11;11;11040926;2020;10;10;5;3;1;1;0;0;1;0;0;0;0;1;805403,0234;5826782,38;13,50071134;52,50543739
37034;144118;11;12;12214527;2020;10;17;5;3;5;3;0;1;1;0;0;0;0;1;790440,4327;5835176,252;13,28823681;52,58885954
37035;144119;11;1;1044203;2020;10;8;6;3;5;2;0;1;1;0;0;0;0;0;795969,4151;5831564,768;13,36639155;52,5535063
37036;144120;11;3;3030711;2020;10;10;3;3;0;3;0;1;0;0;0;0;0;0;801175,705;5836561,353;13,44748823;52,59543694
37037;144121;11;4;4020311;2020;10;11;5;3;5;3;0;1;1;0;0;0;0;1;789820,4284;5826329,183;13,2713887;52,50987558
37038;144122;11;5;5010314;2020;10;19;1;3;0;6;2;0;1;0;1;0;0;1;784644,2083;5828835,715;13,19747099;52,53507494
37039;144123;11;12;12214424;2020;10;10;1;3;6;4;0;0;0;1;0;0;1;0;793322,9843;5832402,167;13,32821086;52,56244482
37040;144124;11;4;4020313;2020;10;17;4;3;2;6;0;0;1;0;0;0;0;1;790506,9558;5826458,417;13,28158892;52,51066898
37041;144125;11;2;2050601;2020;10;16;5;3;3;6;0;1;1;0;0;0;0;1;801949,525;5829026,843;13,45202201;52,52747675
37042;144126;11;2;2020206;2020;10;8;6;3;0;2;0;1;0;0;0;0;1;0;799523,8218;5824930,156;13,41268606;52,4920943
37043;144127;11;1;1011401;2020;10;6;6;2;0;1;1;1;0;0;0;0;0;0;797688,3425;5829240,45;13,3895871;52,53173501
37044;144128;11;10;10020413;2020;10;23;3;3;0;1;2;1;0;0;0;0;0;0;811345,0753;5830359,776;13,59132471;52,53413749
37045;144129;11;6;6030609;2020;10;16;5;3;0;6;0;0;1;0;1;0;0;1;793313,9628;5818860,579;13,31615022;52,44105477
37046;144130;11;3;3030406;2020;10;17;5;3;0;3;0;1;0;0;0;0;1;0;801977,5711;5838348,48;13,46092078;52,61100993
37047;144131;11;1;1044101;2020;10;18;2;3;5;2;1;1;1;0;0;0;0;0;794674,7412;5831455,317;13,34725417;52,55322716
37048;144132;11;6;6030503;2020;10;15;1;2;0;7;0;0;1;0;0;0;0;1;788601,5525;5817816,629;13,24611362;52,43420256
37049;144133;11;6;6020302;2020;10;7;1;3;1;5;0;0;1;0;0;0;0;0;794128,9444;5819097,243;13,32831398;52,44273864
37050;144134;11;4;4030725;2020;10;18;4;3;2;2;1;0;1;0;1;0;0;1;791914,1043;5826239,014;13,30207215;52,50795087
37051;144135;11;10;10020413;2020;10;16;5;3;5;3;0;1;1;0;0;0;0;1;811305,5268;5831187,377;13,5915188;52,54157642
37052;144136;11;8;8020622;2020;10;12;1;3;5;3;0;0;1;0;0;0;0;1;801325,1158;5819536,651;13,43426669;52,44275948
37053;144137;11;1;1022105;2020;10;16;1;3;2;7;0;1;1;0;0;0;0;0;794040,55;5828328,474;13,33516011;52,52553974
37054;144138;11;5;5030731;2020;10;13;4;3;1;5;0;0;1;0;0;0;0;1;787965,4233;5829859,221;13,24718854;52,54250641
37055;144139;11;9;9010301;2020;10;16;5;3;5;2;0;0;1;0;1;0;0;1;804920,9866;5822559,297;13,48976792;52,46785729
37056;144140;11;8;8041036;2020;10;15;6;3;5;3;0;0;1;0;0;0;0;0;804808,8621;5816772,762;13,48284458;52,41605675
37057;144141;11;2;2050801;2020;10;18;3;3;3;6;2;1;1;0;0;0;0;0;802567,7095;5827388,399;13,45961644;52,51244881
37058;144142;11;1;1011202;2020;10;15;5;3;0;1;0;1;0;0;0;0;0;1;797710,5505;5827790,472;13,38861543;52,51872561
37059;144143;11;1;1044203;2020;10;17;5;3;2;6;0;0;1;0;0;0;1;1;796024,868;5831419,676;13,36707768;52,55217556
37060;144144;11;4;4010101;2020;10;14;2;2;3;5;0;1;1;0;0;0;0;0;790174,7283;5829359,756;13,27923884;52,53685657
37061;144145;11;1;1033102;2020;10;16;2;3;2;6;0;0;1;0;0;0;0;0;797275,9667;5831267,539;13,38533954;52,55013047
37062;144146;11;1;1011303;2020;10;18;6;2;4;2;1;1;1;0;0;0;0;1;798530,9623;5828072,975;13,40092411;52,52080938
37063;144147;11;1;1011301;2020;10;10;4;3;5;2;0;1;1;0;0;0;0;1;797091,3342;5828086,218;13,37978058;52,52171434
37064;144148;11;2;2010104;2020;10;23;7;3;2;6;2;0;1;0;0;0;0;0;798614,4954;5825579,887;13,39991495;52,49841649
37065;144149;11;3;3061430;2020;10;13;7;3;0;7;0;0;1;0;1;0;0;0;802339,9477;5829200,761;13,45791772;52,5288192
37066;144150;11;10;10010310;2020;10;21;4;3;6;2;2;0;1;1;0;0;0;1;808858,7844;5830990,272;13,55537245;52,54120233
37067;144151;11;12;12301203;2020;10;15;5;2;5;3;0;1;1;0;0;0;0;0;793327,5874;5835646,932;13,33114948;52,5915297
37068;144152;11;12;12302211;2020;10;12;6;3;0;1;0;0;0;0;1;0;0;1;793651,4522;5836852,432;13,33698568;52,60216139
37069;144153;11;5;5040934;2020;10;14;6;3;0;1;0;1;0;0;0;0;0;1;783757,671;5823994,944;13,18030761;52,49213389
37070;144154;11;12;12302107;2020;10;15;3;3;5;3;0;1;1;0;0;0;0;0;794352,3176;5836313,059;13,34682498;52,59694738
37071;144155;11;12;12214422;2020;10;15;5;3;6;4;0;0;1;1;0;0;0;1;792117,4076;5833101,902;13,31109265;52,56936584
37072;144156;11;1;1011302;2020;10;13;6;2;6;4;0;0;1;1;0;0;0;1;798537,4352;5828988,936;13,4018415;52,52901616
37073;144157;11;5;5010314;2020;10;20;6;3;2;6;2;0;1;0;0;0;0;1;784779,9842;5828800,117;13,19943684;52,53468484
37074;144158;11;3;3061430;2020;10;15;3;3;2;6;0;0;1;0;0;0;0;0;802504,5028;5829270,937;13,4603999;52,52935689
37075;144159;11;2;2010103;2020;10;17;5;3;0;4;1;1;0;1;0;0;0;1;799080,6076;5826296,223;13,40740414;52,50458218
37076;144160;11;9;9010402;2020;10;11;2;3;2;6;0;0;1;0;1;0;0;0;805903,6633;5819003,322;13,50093191;52,43543757
37077;144161;11;8;8041035;2020;10;11;2;1;6;4;0;0;0;1;0;1;0;0;804174,3033;5819438,685;13,47596757;52,44030408
37078;144162;11;2;2040703;2020;10;9;5;3;5;2;0;1;1;0;0;0;0;1;801467,9503;5827265,789;13,44334883;52,51195875
37079;144163;11;5;5030833;2020;10;9;4;2;0;3;0;1;1;0;0;0;0;1;788058,4872;5829192,275;13,24797879;52,53647777
37080;144164;11;1;1044101;2020;10;19;7;3;5;3;2;0;1;0;0;0;0;0;794532,8667;5831573,585;13,3452726;52,55436409
37081;144165;11;8;8010211;2020;10;16;7;3;2;7;0;0;1;0;0;0;1;0;800569,7193;5823888,338;13,42710516;52,48218122
37082;144166;11;9;9031001;2020;10;7;4;3;6;2;1;0;1;1;0;0;0;1;810851,5787;5815788,881;13,57049781;52,40384149
37083;144167;11;9;9020801;2020;10;9;5;3;6;2;0;0;1;1;0;0;0;0;810025,6459;5820454,588;13,5627198;52,4461229
37084;144168;11;12;12302110;2020;10;9;6;3;1;5;0;0;1;0;0;0;0;0;795106,9983;5836340,198;13,35795884;52,59678164
37085;144169;11;4;4051445;2020;10;20;6;3;1;1;2;0;1;0;0;0;1;1;792083,9321;5824696,093;13,30321401;52,49402797
37086;144170;11;4;4041344;2020;10;11;3;3;0;1;0;0;0;0;1;0;0;0;793309,3282;5822246,612;13,31905676;52,4714121