;OBJECTID;LAND;BEZ;LOR;UJAHR;UMONAT;USTUNDE;UWOCHENTAG;UKATEGORIE;UART;UTYP1;ULICHTVERH;IstRad;IstPKW;IstFuss;IstKrad;IstGkfz;IstSonstige;USTRZUSTAND;LINREFX;LINREFY;XGCSWGS84;YGCSWGS84
37087;144171;11;9;9051901;2020;10;13;5;3;0;1;0;1;0;0;0;0;0;1;810823,097;5821366,002;13,57526357;52,45383791
37088;144172;11;7;7010104;2020;10;18;1;3;5;3;2;0;1;0;0;0;0;1;796355,9299;5825092,489;13,36630802;52,4952786
37089;144173;11;4;4020310;2020;10;18;1;3;2;6;2;0;1;0;0;0;0;0;788260,6207;5827800,042;13,24974349;52,52388896
37090;144174;11;1;1011302;2020;10;15;4;3;5;3;0;1;0;0;1;0;0;1;797992,9491;5828907,572;13,39376598;52,52858474
37091;144175;11;1;1011302;2020;10;15;5;2;1;5;0;1;1;0;0;0;0;1;798752,7545;5828624,686;13,40467885;52,52563322
37092;144176;11;4;4041134;2020;10;11;7;3;5;2;0;1;1;0;0;0;0;0;791219,7034;5824069,136;13,28997236;52,4888691
37093;144177;11;11;11030619;2020;10;23;6;2;5;2;2;1;1;0;0;0;0;1;804143,8597;5829829,688;13,485003;52,53345262
37094;144178;11;5;5020626;2020;10;17;2;3;6;4;1;0;1;1;0;0;0;0;784659,0671;5827558,166;13,19659554;52,52361265
37095;144179;11;2;2040502;2020;10;5;2;3;2;6;2;0;1;0;0;0;0;0;801069,4314;5828565,03;13,43866995;52,52382419
37096;144180;11;7;7030301;2020;10;14;5;3;5;2;0;1;1;0;0;0;0;0;793943,2898;5822498,851;13,32858538;52,47333255
37097;144181;11;7;7010102;2020;10;16;4;3;2;6;0;0;1;0;0;0;0;0;795464,9901;5825484,383;13,35357037;52,49927466
37098;144182;11;4;4030725;2020;10;8;4;3;8;1;0;0;1;0;0;0;0;1;791514,4574;5826323,146;13,29627406;52,50891881
37099;144183;11;3;3061228;2020;10;9;5;3;5;2;0;1;1;0;0;0;0;0;800239,9692;5831182,069;13,42884518;52,54773882
37100;144184;11;5;5030730;2020;10;23;7;3;6;4;2;0;1;1;0;0;0;0;786925,2979;5829409,489;13,23150492;52,53902303
37101;144185;11;5;5010312;2020;10;16;7;3;6;7;0;0;0;1;0;0;1;0;785318,8462;5830135,228;13,20850637;52,54637344
37102;144186;11;1;1033201;2020;10;14;3;3;4;6;0;1;0;0;0;0;0;0;797907,7446;5830984,97;13,39437611;52,54725247
37103;144187;11;4;4020310;2020;10;11;5;3;2;6;0;0;1;0;0;0;0;0;790402,4312;5827327,769;13,28081181;52,51851844
37104;144188;11;10;10020413;2020;10;8;6;2;5;2;0;1;0;0;0;1;0;0;811296,1717;5831566,526;13,59173658;52,54497941
37105;144189;11;6;6040701;2020;10;8;3;3;1;5;0;0;1;0;0;0;0;0;784523,3027;5816494,328;13,18516147;52,42448312
37106;144190;11;5;5010207;2020;10;10;5;3;6;7;0;0;1;1;0;0;0;1;783597,0912;5829950,166;13,18302593;52,5456132
37107;144191;11;3;3030716;2020;10;0;1;3;9;7;2;0;0;0;0;0;1;0;802303,3911;5835362,193;13,46299179;52,58406349
37108;144192;11;1;1011204;2020;10;8;1;3;1;5;0;1;1;0;0;0;0;0;798780,8037;5826702,145;13,40336456;52,50838498
37109;144193;11;5;5030833;2020;10;14;4;3;2;6;1;0;1;0;0;0;0;1;788447,4246;5829358,431;13,25384149;52,53776169
37110;144194;11;6;6030504;2020;10;11;5;3;2;6;0;0;1;0;0;0;0;0;790849,344;5817575,432;13,27887518;52,43084959
37111;144195;11;5;5010206;2020;10;17;6;2;8;1;0;0;1;0;0;0;0;1;781222,4382;5830779,496;13,1488027;52,55428045
37112;144196;11;11;11051229;2020;10;20;3;3;5;3;2;1;1;0;0;0;0;0;803701,8;5826234,477;13,47522408;52,50147627
37113;144197;11;9;9020501;2020;10;10;5;3;5;3;0;1;1;0;0;0;0;0;806150,8785;5823134,794;13,50834462;52,47232735
37114;144198;11;9;9020701;2020;10;7;5;3;2;6;0;0;1;0;0;0;0;0;808485,0211;5819319,899;13,53907614;52,43682512
37115;144199;11;10;10040933;2020;10;13;3;3;6;4;0;0;1;1;0;0;0;0;812386,4624;5824505,948;13,6011351;52,48108465
37116;144200;11;4;4020310;2020;10;10;5;3;5;3;0;0;1;0;0;0;0;0;790358,4827;5827320,916;13,28015995;52,51848041
37117;144201;11;1;1033203;2020;10;3;6;2;8;1;2;0;1;0;1;0;0;1;796977,4281;5830820,603;13,38054989;52,54628705
37118;144202;11;4;4030929;2020;10;0;2;3;9;1;2;0;1;0;0;0;0;1;792707,8728;5825410,912;13,31300631;52,50010187
37119;144203;11;12;12214424;2020;10;8;5;3;5;2;0;1;0;0;0;0;1;1;793224,1058;5832480,215;13,32682533;52,56319773
37120;144204;11;2;2010102;2020;10;14;1;3;5;3;0;0;1;0;0;0;0;1;798213,1219;5826240,73;13,39461164;52,50455959
37121;144205;11;4;4020313;2020;10;0;1;2;5;3;2;0;1;0;0;0;1;0;790459,097;5825989,837;13,28047681;52,50649362
37122;144206;11;10;10010311;2020;10;17;4;3;2;6;2;0;1;0;0;0;0;1;809956,3533;5831635,982;13,5721071;52,54636568
37123;144207;11;8;8020727;2020;10;10;5;3;5;7;0;1;1;0;0;0;0;0;801452,8629;5817527,102;13,43432861;52,42467679
37124;144208;11;1;1022105;2020;10;14;6;3;5;5;0;0;1;0;1;0;0;0;793687,5927;5828159,115;13,32982291;52,52421177
37125;144209;11;3;3071536;2020;10;19;3;3;6;2;2;0;1;1;0;0;0;0;799221,0842;5829275,631;13,41214729;52,53121113
37126;144210;11;1;1022106;2020;10;9;5;3;5;2;0;1;1;0;0;0;0;0;794316,2905;5828379,658;13,33925811;52,52584978
37127;144211;11;1;1011204;2020;10;15;5;3;5;2;0;1;0;0;0;0;1;1;798553,9704;5826816,419;13,40013476;52,50953347
37128;144212;11;8;8020728;2020;10;14;2;3;3;6;0;0;1;0;0;0;1;0;802144,1419;5817739,188;13,44465562;52,4261965
37129;144213;11;1;1044203;2020;10;15;2;3;5;2;0;1;0;0;0;0;1;0;795298,0152;5831409,75;13,35637976;52,55248114
37130;144214;11;3;3061430;2020;10;11;4;3;6;4;0;0;1;1;0;0;0;1;801948,9033;5829757,164;13,4526762;52,53402296
37131;144215;11;9;9010202;2020;10;19;7;3;2;6;2;0;1;0;1;0;0;0;803891,7374;5823386,52;13,47541673;52,47584498
37132;144216;11;2;2020204;2020;10;12;7;3;2;6;0;0;1;0;1;0;0;0;798458,5325;5825248,92;13,39732773;52,49553511
37133;144217;11;6;6030608;2020;10;16;2;3;1;5;0;1;1;0;0;0;0;0;792458,705;5817218,095;13,30216678;52,42678808
37134;144218;11;8;8010214;2020;10;13;7;3;5;3;0;0;1;0;0;0;0;0;801179,1679;5822119,216;13,43445515;52,46598829
37135;144219;11;5;5010209;2020;10;16;7;3;0;1;0;0;0;0;0;0;1;0;783163,9626;5829711,331;13,17645218;52,54369705
37136;144220;11;1;1033203;2020;10;18;4;3;2;6;1;0;1;0;0;0;0;1;796843,0035;5831301,688;13,37900339;52,55067269
37137;144221;11;9;9031101;2020;10;9;5;3;5;2;0;1;1;0;0;0;0;0;811035,5527;5816927,896;13,57425148;52,41394451
37138;144222;11;2;2010103;2020;10;11;6;3;3;6;0;0;1;0;1;0;0;0;799219,0973;5825991,576;13,40916467;52,50177553
37139;144223;11;7;7040404;2020;10;23;6;3;1;5;2;1;1;0;0;0;0;1;797421,6465;5820398,29;13,37777404;52,45262032
37140;144224;11;11;11020515;2020;10;15;3;3;5;2;0;1;1;0;0;0;0;0;803348,4974;5830086,588;13,47354771;52,53619837
37141;144225;11;2;2010102;2020;10;18;6;3;5;3;1;1;1;0;0;0;0;1;798248,5524;5826085,205;13,39499278;52,50314614
37142;144226;11;8;8010117;2020;10;23;5;3;2;6;2;0;1;0;0;0;0;1;800663,5274;5823009,01;13,42768956;52,47424785
37143;144227;11;11;11010206;2020;10;17;2;3;2;6;0;0;1;0;0;0;0;0;806300,705;5833942,268;13,52049506;52,56910243
37144;144228;11;7;7060601;2020;10;8;2;3;6;4;0;0;1;1;0;0;0;0;797291,768;5817294,292;13,3731075;52,42486651
37145;144229;11;4;4030415;2020;10;18;6;3;5;3;1;1;1;0;0;0;0;1;790799,8213;5827370,85;13,28668958;52,5186929
37146;144230;11;11;11020515;2020;10;6;5;3;5;3;2;1;1;0;0;0;0;1;805034,9762;5830433,65;13,49865407;52,53836762
37147;144231;11;3;3071536;2020;10;9;4;3;0;2;0;1;0;0;1;0;0;1;798862,8474;5830159,81;13,40767702;52,53933303
37148;144232;11;9;9010301;2020;10;18;7;3;2;6;1;0;0;0;1;0;1;0;804867,2935;5822470,001;13,48889837;52,46708692
37149;144233;11;1;1011201;2020;10;17;7;3;3;6;0;0;1;0;1;0;0;0;797297,0106;5827242,248;13,38204887;52,51403701
37150;144234;11;1;1011302;2020;10;7;4;2;6;4;0;1;0;1;0;0;0;0;797898,1665;5828862,177;13,39233224;52,52822964
37151;144235;11;1;1011304;2020;10;9;5;3;5;3;0;1;0;0;0;0;1;0;799649,4737;5827641,636;13,41697147;52,51632963
37152;144236;11;1;1022204;2020;10;8;6;3;5;2;0;1;1;0;0;0;0;0;794534,9751;5828206,431;13,3423188;52,52417882
37153;144237;11;7;7040403;2020;10;11;3;3;3;6;0;0;1;0;0;0;0;0;797181,0771;5822068,652;13,37573135;52,46772434
37154;144238;11;9;9020701;2020;10;8;2;3;5;2;0;1;1;0;0;0;0;1;809333,1778;5818492,71;13,55074807;52,42893291
37155;144239;11;8;8030829;2020;10;10;4;3;0;5;0;1;1;0;0;0;0;1;803009,8123;5818257,279;13,45781757;52,4303615
37156;144240;11;3;3050923;2020;10;7;4;3;5;2;0;1;1;0;0;0;0;0;800419,674;5832285,455;13,43248579;52,55752963
37157;144241;11;6;6020301;2020;10;17;2;3;6;2;2;0;1;1;0;0;0;0;796472,656;5818325,182;13,3620104;52,43455208
37158;144242;11;6;6030501;2020;10;17;6;3;6;4;2;0;1;1;0;0;0;1;789027,4883;5817169,255;13,25180199;52,42817361
37159;144243;11;11;11030618;2020;10;8;2;3;5;3;0;0;1;0;1;0;0;1;802943,2596;5829203,336;13,46678638;52,52850735
37160;144244;11;1;1011301;2020;10;14;5;3;3;6;0;1;1;0;0;0;0;1;797025,4958;5829349,202;13,37994129;52,53307144
37161;144245;11;1;1011305;2020;10;17;2;3;5;2;1;1;1;0;0;0;0;1;799644,1159;5827050,083;13,41636009;52,51103021
37162;144246;11;2;2040501;2020;10;10;4;3;2;6;0;1;1;0;0;0;0;1;800240,2564;5828528,548;13,42645218;52,5239544
37163;144247;11;4;4030725;2020;10;17;2;3;2;6;1;0;1;0;0;0;0;0;791845,1161;5826110,707;13,30094607;52,50683753
37164;144248;11;1;1011302;2020;10;9;4;3;0;5;0;0;1;0;1;0;0;1;798673,8629;5828589,859;13,40348816;52,52536427
37165;144249;11;6;6040805;2020;10;19;4;3;1;5;2;1;1;0;0;0;0;1;789141,4698;5818752,58;13,25484319;52,44230868
37166;144250;11;1;1011102;2020;10;17;2;3;2;6;1;0;1;0;1;0;0;1;795043,6281;5827225,289;13,34892417;52,51510861
37167;144251;11;2;2050803;2020;10;17;2;3;6;2;1;0;1;1;0;0;0;1;802936,0725;5826082,12;13,4638393;52,50053633
37168;144252;11;4;4041136;2020;10;7;4;3;5;7;0;0;1;0;0;0;1;1;790673,3727;5822851,784;13,28088725;52,47824658
37169;144253;11;1;1033101;2020;10;12;3;3;6;4;0;0;1;1;0;0;0;0;797242,8479;5832104,444;13,38560186;52,55765037
37170;144254;11;7;7050501;2020;10;20;6;3;0;3;2;0;1;0;1;0;0;1;797198,4068;5818630,389;13,37292601;52,43689414
37171;144255;11;1;1044101;2020;10;17;2;3;5;2;1;1;1;0;0;0;0;1;794521,9395;5831582,424;13,34511974;52,55444923
37172;144256;11;8;8010117;2020;10;13;5;3;6;4;0;1;0;1;0;0;0;1;800602,759;5823172,616;13,42694502;52,47574775
37173;144257;11;4;4051551;2020;10;15;5;3;5;2;0;0;1;0;0;0;0;0;792824,1988;5823221,774;13,31279132;52,48041446
37174;144258;11;5;5010206;2020;10;17;2;3;5;2;1;0;1;0;0;0;0;1;782366,6307;5830501,923;13,1653982;52,5511996
37175;144259;11;9;9010302;2020;10;13;5;3;0;1;0;0;0;0;1;0;0;0;803252,5736;5820911,426;13,46378579;52,45401612
37176;144260;11;8;8020727;2020;10;14;2;3;5;2;0;0;1;0;0;0;0;0;801616,7922;5817421,83;13,43663723;52,42364286
37177;144261;11;10;10020414;2020;10;14;2;2;6;4;0;0;1;1;0;0;0;0;812238,2722;5830685,137;13,60475594;52,53654216
37178;144262;11;4;4051446;2020;10;7;4;3;6;2;0;0;1;1;0;0;0;1;792847,6703;5824356,534;13,31413295;52,49057469
37179;144263;11;2;2010101;2020;10;12;4;3;1;5;0;1;1;0;0;0;0;0;797806,1061;5825670,117;13,38812247;52,49966703
37180;144264;11;6;6020303;2020;10;14;2;3;5;2;0;0;1;0;0;0;1;0;795293,4257;5818559,516;13,34492163;52,43729064
37181;144265;11;9;9051901;2020;10;14;2;3;5;2;0;1;1;0;0;0;0;0;811389,9554;5821163,743;13,58339009;52,45170276
37182;144266;11;1;1044201;2020;10;7;4;3;2;6;1;0;1;0;0;0;0;1;796799,0487;5831909,969;13,37890084;52,55614918
37183;144267;11;1;1011102;2020;10;17;3;3;6;2;2;0;1;1;0;0;0;0;796920,3675;5827634,718;13,37686514;52,51776025
37184;144268;11;2;2040703;2020;10;6;6;3;6;2;1;0;0;1;0;0;1;1;801757,5195;5826237,052;13,44667034;52,50257798
37185;144269;11;3;3050923;2020;10;13;2;3;3;6;0;0;1;0;0;0;1;0;800613,3537;5831852,767;13,43494226;52,5535445
37186;144270;11;1;1011301;2020;10;10;5;3;1;5;0;1;1;0;0;0;0;1;797537,6626;5828460,78;13,3866746;52,52482848
37187;144271;11;1;1011104;2020;10;8;5;3;5;2;0;1;1;0;0;0;0;1;796343,4332;5825932,809;13,36687218;52,50281807
37188;144272;11;2;2010104;2020;10;15;2;3;5;7;0;0;1;0;0;0;0;0;799016,1082;5825472,826;13,40571738;52,49723694
37189;144273;11;4;4051656;2020;10;12;2;3;2;6;0;0;0;0;1;0;1;1;793642,6707;5823083,947;13,32468736;52,4787394
37190;144274;11;8;8010508;2020;10;6;4;3;9;1;2;0;1;0;0;0;0;1;802880,7489;5822870,482;13,4601084;52,4717813
37191;144275;11;8;8010117;2020;10;14;4;3;5;3;0;1;1;0;0;0;0;0;800141,6052;5823257,035;13,4202516;52,47675805
37192;144276;11;11;11010308;2020;10;13;2;2;6;4;0;0;1;1;0;0;0;0;805459,9477;5833498,11;13,50771969;52,56559419
37193;144277;11;5;5020524;2020;10;5;6;3;0;1;2;0;0;0;1;0;0;1;783841,3368;5826431,763;13,18361397;52,51393945
37194;144278;11;5;5010314;2020;10;11;2;3;3;2;0;0;1;0;1;0;0;0;784955,8241;5829423,75;13,20255705;52,54018439
37195;144279;11;8;8010214;2020;10;22;3;3;0;3;2;1;1;0;0;0;0;1;801423,3941;5822253,21;13,43816037;52,46705463
37196;144280;11;1;1044101;2020;10;20;3;3;2;2;2;0;1;0;0;0;0;0;794528,8535;5831571,965;13,34521214;52,55435174
37197;144281;11;3;3040513;2020;10;7;2;3;5;3;0;1;1;0;0;0;0;0;797412,357;5833971,488;13,38976868;52,57429345
37198;144282;11;12;12302212;2020;10;8;3;3;6;4;0;0;1;1;0;0;0;0;793011,8736;5837589,807;13,32822179;52,60911655
37199;144283;11;9;9010401;2020;10;8;4;3;2;6;0;1;1;0;0;0;0;1;806146,4586;5821066,953;13,50638307;52,45379697
37200;144284;11;3;3061227;2020;10;7;2;3;5;3;0;1;1;0;0;0;0;1;800107,8412;5831704,331;13,42737449;52,5524928
37201;144285;11;1;1022206;2020;10;20;3;3;6;4;2;1;0;1;0;0;0;1;795445,2392;5827650,02;13,35520249;52,51869858
37202;144286;11;11;11020515;2020;10;16;3;3;5;2;1;1;1;0;0;0;0;0;803342,2761;5830064,051;13,4734357;52,53599984
37203;144287;11;4;4020311;2020;10;13;6;3;5;3;0;0;1;0;0;0;1;1;789992,273;5826317,665;13,27390367;52,50968098
37204;144288;11;6;6030605;2020;10;13;1;3;1;5;0;1;1;0;0;0;0;1;792337,7964;5819856,422;13,30270125;52,45050514
37205;144289;11;3;3040614;2020;10;15;5;3;6;4;0;0;1;1;0;0;0;1;799877,987;5834309,843;13,42634949;52,5759733
37206;144290;11;1;1011101;2020;10;17;1;3;6;7;1;1;0;1;0;0;0;0;794992,1256;5826408,287;13,34744323;52,50781264
37207;144291;11;4;4031032;2020;10;7;5;3;5;2;0;0;1;0;0;0;0;1;790960,5662;5824830,439;13,28683145;52,49583239
37208;144292;11;4;4041136;2020;10;14;1;3;1;5;0;1;1;0;0;0;0;0;789741,7432;5823200,7;13,26751131;52,48186979
37209;144293;11;2;2020202;2020;10;18;1;3;5;2;2;1;1;0;0;0;0;0;797917,2883;5825263,437;13,38939175;52,49596094
37210;144294;11;1;1044201;2020;10;19;3;3;2;2;2;1;1;0;0;0;0;0;796674,5994;5831952,578;13,37710865;52,55659893
37211;144295;11;4;4030518;2020;10;18;4;3;6;4;1;0;1;1;0;0;0;0;791749,4018;5827875,518;13,30108725;52,52270997
37212;144296;11;3;3030406;2020;10;12;2;3;5;3;0;0;1;0;0;0;0;1;802641,9723;5838682,534;13,47100866;52,61363441
37213;144297;11;4;4030415;2020;10;17;6;3;5;2;1;0;1;0;0;0;0;1;790797,9084;5827383,436;13,28667247;52,51880675
37214;144298;11;11;11010205;2020;10;15;1;2;5;3;0;0;1;0;0;0;0;0;806910,0127;5832627,081;13,52824048;52,55697255
37215;144299;11;4;4030725;2020;10;15;5;3;0;2;1;1;1;0;0;0;0;1;791291,512;5826064,892;13,29277237;52,50672267
37216;144300;11;6;6020305;2020;10;16;1;3;5;2;0;1;0;0;0;0;1;0;796017,7877;5817686,652;13,35477363;52,42907445
37217;144301;11;2;2010101;2020;10;19;3;3;2;2;2;1;0;0;0;0;0;1;797465,9136;5826075,907;13,38348822;52,50349002
37218;144302;11;5;5020417;2020;10;15;1;3;1;5;0;0;1;0;0;0;0;0;781927,6008;5828617,933;13,15734129;52,53453434
37219;144303;11;12;12302110;2020;10;15;1;3;5;2;0;0;1;0;1;0;0;0;795280,0318;5836360,053;13,36052375;52,59686569
37220;144304;11;2;2030302;2020;10;16;6;3;0;1;1;0;0;0;1;0;0;1;801133,8733;5825938,768;13,4372406;52,50024892
37221;144305;11;8;8010301;2020;10;14;1;3;5;2;0;1;1;0;0;0;0;0;800850,2183;5824298,597;13,43159348;52,48570404
37222;144306;11;7;7060603;2020;10;12;1;3;3;6;0;1;1;0;0;0;0;0;798460,407;5815935,07;13,38903103;52,41204638
37223;144307;11;4;4010102;2020;10;10;1;3;0;1;0;0;0;0;1;0;0;0;793388,5283;5829910,904;13,32697367;52,54007669
37224;144308;11;9;9010401;2020;10;17;4;3;5;2;1;1;1;0;0;0;0;0;806321,4838;5820937,997;13,50883245;52,45254316
37225;144309;11;5;5030730;2020;10;10;1;3;5;2;0;0;1;0;1;0;0;0;786437,8557;5831100,448;13,22579595;52,55444005
37226;144310;11;2;2010104;2020;10;9;1;3;5;3;0;0;1;0;0;0;0;0;798583,5358;5825563,689;13,39944571;52,49828824
37227;144311;11;7;7010101;2020;10;19;3;3;2;6;2;0;1;0;0;0;0;1;794476,8412;5825453,693;13,33902865;52,49953366
37228;144312;11;2;2030302;2020;10;6;4;3;0;1;1;0;0;0;1;0;0;1;801595,6335;5826028,079;13,44410335;52,50079442
37229;144313;11;10;10040830;2020;10;9;2;3;5;3;0;0;1;0;0;0;1;1;810602,1505;5825520,441;13,57589062;52,49119382
37230;144314;11;3;3061332;2020;10;10;6;3;0;1;0;1;0;0;0;0;0;1;799594,6134;5831115,958;13,4192967;52,54750154
37231;144315;11;5;5020419;2020;10;9;1;3;5;2;0;1;1;0;0;0;0;0;781987,6539;5828455,488;13,15808647;52,53304672
37232;144316;11;6;6030608;2020;10;14;5;3;5;3;0;1;1;0;0;0;0;0;792502,4296;5817218,694;13,30280854;52,42677008
37233;144317;11;7;7010101;2020;10;11;7;3;0;3;0;0;0;0;1;0;1;1;794537,2675;5825698,24;13,34013253;52,50169327
37234;144318;11;1;1011103;2020;10;19;3;3;6;2;2;0;1;1;0;0;0;1;795984,9101;5826026,845;13,36168927;52,50385562
37235;144319;11;10;10030724;2020;10;13;7;2;0;3;0;1;1;0;0;0;0;1;809283,2529;5830227,315;13,56090134;52,53412425
37236;144320;11;7;7020204;2020;10;19;3;3;0;1;2;1;0;0;0;0;0;1;796115,8036;5823545,724;13,36140694;52,4815435
37237;144321;11;12;12301203;2020;10;10;4;3;5;3;0;0;1;0;0;0;0;0;793348,1682;5836043,588;13,33180374;52,59507436
37238;144322;11;1;1011103;2020;10;0;7;3;2;2;2;0;1;0;0;0;0;1;795767,863;5825708,317;13,35821795;52,50111798
37239;144323;11;7;7040403;2020;10;23;7;3;1;5;2;0;1;0;0;0;0;0;797752,2651;5820777,395;13,38296302;52,45583861
37240;144324;11;7;7010102;2020;10;18;3;3;5;2;2;0;1;0;0;0;1;0;795480,663;5825479,68;13,35379641;52,49922402
37241;144325;11;11;11020513;2020;10;19;3;3;0;6;2;1;0;0;0;0;0;0;803050,6229;5830692,777;13,46972228;52,54179721
37242;144326;11;4;4031032;2020;10;11;3;3;1;5;0;1;1;0;0;0;0;0;791384,9031;5825473,274;13,29362672;52,50136898
37243;144327;11;8;8010303;2020;10;11;4;3;6;2;0;0;1;1;0;0;0;1;801283,8819;5823824,64;13,43753231;52,48121673
37244;144328;11;4;4030827;2020;10;23;7;3;8;1;2;0;0;0;1;0;0;0;792413,349;5826310,239;13,30946973;52,50832202
37245;144329;11;11;11020515;2020;10;14;7;3;2;6;0;0;1;0;0;0;0;0;803362,7068;5830064,267;13,47373619;52,5359904
37246;144330;11;1;1011102;2020;10;18;3;3;2;6;2;0;1;0;0;0;0;0;795052,64;5827184,91;13,34902078;52,51474176
37247;144331;11;4;4041344;2020;10;13;3;3;3;6;0;1;0;0;0;0;1;0;793289,8922;5822226,929;13,31875414;52,47124609
37248;144332;11;10;10040933;2020;10;19;6;3;0;1;2;0;0;0;1;0;0;1;813146,3209;5826915,749;13,61455227;52,50224383
37249;144333;11;1;1011201;2020;10;13;7;3;2;7;0;0;1;0;0;0;0;0;797524,9446;5826660,762;13,38487802;52,50870039
37250;144334;11;8;8010301;2020;10;23;5;3;0;7;2;1;0;0;0;0;0;0;801180,1396;5824646,452;13,43675182;52,48864006
37251;144335;11;10;10030724;2020;10;10;7;3;3;2;0;0;1;0;0;0;1;0;809555,5206;5828028,425;13,56285591;52,51426406
37252;144336;11;2;2020204;2020;10;6;7;3;5;3;2;0;1;0;0;0;0;1;798549,3297;5825346,438;13,3987486;52,49635958
37253;144337;11;10;10030727;2020;10;10;3;3;0;2;0;0;0;0;0;0;1;0;809547,3304;5827025,856;13,56180327;52,50528402
37254;144338;11;1;1033203;2020;10;13;4;3;5;2;0;1;1;0;0;0;0;0;796772,4939;5830525,251;13,37727273;52,54375123
37255;144339;11;1;1044203;2020;10;1;7;3;0;1;2;0;0;0;1;0;0;1;795458,9431;5831618,381;13,35893206;52,55426405
37256;144340;11;12;12214527;2020;10;8;3;3;5;2;0;1;1;0;0;0;0;0;789968,666;5835524,076;13,28159701;52,59222946
37257;144341;11;4;4030931;2020;10;10;3;2;5;2;0;0;1;0;1;0;0;0;794479,5832;5825854,823;13,33942365;52,50312807
37258;144342;11;11;11010310;2020;10;10;6;3;6;2;0;0;1;1;0;0;0;1;805518,8777;5833394,118;13,50849064;52,56462912
37259;144343;11;1;1033201;2020;10;21;7;3;3;6;2;0;1;0;0;0;0;0;797942,2359;5830229,625;13,39420577;52,54046295
37260;144344;11;3;3061228;2020;10;10;5;3;0;2;0;1;1;0;0;0;0;1;800238,8755;5831182,592;13,42882957;52,54774411
37261;144345;11;1;1011303;2020;10;8;5;3;0;2;0;1;1;0;0;0;0;1;799099,9974;5828464,3;13,40963773;52,52400522
37262;144346;11;6;6010101;2020;10;9;6;3;5;2;0;1;0;0;0;1;0;1;793309,5742;5820747,382;13,31774269;52,45797182
37263;144347;11;4;4030620;2020;10;19;7;2;1;5;2;0;1;0;0;0;0;0;792850,959;5827265,281;13,31673961;52,5166489
37264;144348;11;5;5010314;2020;10;12;5;3;1;5;0;1;1;0;0;0;0;1;784899,8032;5829208,902;13,20154903;52,53828736
37265;144349;11;5;5030731;2020;10;14;5;3;5;2;0;1;1;0;0;0;0;1;788036,9235;5829390,495;13,24783357;52,53826629
37266;144350;11;4;4030930;2020;10;18;7;3;5;3;1;0;1;0;0;0;0;0;792968,3855;5825891,848;13,31725622;52,5042735
37267;144351;11;1;1011303;2020;10;18;7;3;1;5;2;1;1;0;0;0;0;0;799180,6235;5828894,245;13,4112094;52,52781479
37268;144352;11;11;11030618;2020;10;18;3;2;6;4;2;0;1;1;0;0;0;1;802412,5329;5828972,776;13,45877709;52,52673553
37269;144353;11;4;4010102;2020;10;8;4;3;5;2;0;1;1;0;0;0;0;1;793340,975;5829718,481;13,32610463;52,53837732
37270;144354;11;11;11010206;2020;10;5;6;3;5;3;2;0;1;0;0;0;1;1;806283,056;5834076,607;13,52035952;52,57031632
37271;144355;11;1;1033102;2020;10;15;7;3;6;4;0;1;0;1;0;0;0;0;797148,8366;5831377,918;13,38356889;52,55118925
37272;144356;11;1;1011204;2020;10;9;3;3;5;2;0;1;1;0;0;0;0;0;798619,5654;5826919,014;13,40119045;52,51041719
37273;144357;11;7;7040403;2020;10;10;3;3;1;7;0;0;1;0;0;0;0;0;797581,8609;5821474,612;13,3810841;52,46218124
37274;144358;11;9;9020701;2020;10;14;6;3;5;3;0;0;0;0;1;0;1;1;808884,4658;5818352,85;13,54404024;52,42793299
37275;144359;11;3;3020203;2020;10;15;7;3;2;2;0;0;1;0;1;0;0;0;796562,7328;5840110,003;13,38276743;52,62978123
37276;144360;11;4;4030622;2020;10;15;7;3;1;5;0;1;1;0;0;0;0;0;791892,7889;5826851,37;13,30229604;52,51345194
37277;144361;11;9;9051901;2020;10;7;5;3;2;6;0;0;1;0;0;0;1;1;809660,6825;5821482,544;13,55832;52,45554205
37278;144362;11;7;7030301;2020;10;15;7;3;3;3;0;1;1;0;0;0;0;0;793935,7529;5822819,883;13,32875766;52,47621452
37279;144363;11;1;1011301;2020;10;16;7;3;6;4;0;0;1;1;0;0;0;0;797539,9691;5828737,893;13,38695645;52,5273112
37280;144364;11;4;4041344;2020;10;18;3;3;2;6;2;0;1;0;0;0;0;0;792983,1143;5821973,79;13,31402837;52,46914138
37281;144365;11;6;6030504;2020;10;7;4;3;2;6;0;0;1;0;1;0;0;1;789996,2247;5816135,833;13,26511414;52,41839596
37282;144366;11;4;4010103;2020;10;11;2;3;0;1;0;0;0;0;1;0;0;1;791338,0006;5829727,581;13,29666393;52,53953344
37283;144367;11;7;7040403;2020;10;17;6;3;5;7;1;0;1;0;0;0;0;1;797817,7598;5821043,43;13,38416135;52,45818765