;OBJECTID;LAND;BEZ;LOR;UJAHR;UMONAT;USTUNDE;UWOCHENTAG;UKATEGORIE;UART;UTYP1;ULICHTVERH;IstRad;IstPKW;IstFuss;IstKrad;IstGkfz;IstSonstige;USTRZUSTAND;LINREFX;LINREFY;XGCSWGS84;YGCSWGS84
37284;144368;11;6;4061757;2020;10;17;7;2;0;6;1;1;1;0;0;0;0;0;784937,2122;5823082,063;13,1968535;52,48333446
37285;144369;11;9;9051901;2020;10;16;7;2;6;4;0;0;1;1;0;0;0;0;811048,8815;5821869,327;13,57904441;52,45822006
37286;144370;11;3;3061434;2020;10;8;3;3;5;3;0;0;1;0;0;0;0;0;800856,1589;5829975,137;13,43681201;52,53658096
37287;144371;11;4;4051655;2020;10;16;4;2;5;3;0;0;1;0;1;0;0;0;794310,3148;5823912,288;13,33522097;52,48580566
37288;144372;11;2;2020203;2020;10;11;2;3;2;6;0;0;1;0;0;0;0;1;797564,0407;5824995,628;13,3839645;52,49375304
37289;144373;11;11;11051330;2020;10;16;6;3;5;2;1;1;1;0;0;0;0;1;807344,5589;5825224,109;13,52778907;52,49038183
37290;144374;11;1;1033102;2020;10;15;7;2;0;1;0;0;0;0;1;0;0;0;797525,8073;5831282,241;13,38902655;52,55012585
37291;144375;11;3;3061126;2020;10;14;3;3;6;7;0;0;1;1;0;0;0;0;798429,9242;5831801,471;13,40278782;52,55428544
37292;144376;11;4;4030415;2020;10;8;5;3;0;3;1;1;1;0;0;0;0;1;791029,0594;5827407,897;13,29009091;52,51890273
37293;144377;11;12;12214126;2020;10;14;7;3;5;5;0;0;1;0;0;0;0;0;789977,5879;5833988,668;13,28038468;52,57845983
37294;144378;11;4;4030929;2020;10;9;3;3;0;7;0;1;1;0;0;0;0;1;792425,3893;5825613,713;13,30903484;52,50207139
37295;144379;11;9;9010302;2020;10;18;7;1;3;6;2;0;1;0;1;0;0;0;804626,6973;5820775,556;13,48382143;52,45203431
37296;144380;11;6;6030607;2020;10;9;6;3;5;2;0;1;1;0;0;0;0;0;790988,1461;5815767,012;13,27933802;52,4145629
37297;144381;11;4;4030415;2020;10;8;4;3;5;2;0;1;1;0;0;0;0;1;790798,2721;5827376,251;13,28667154;52,51874215
37298;144382;11;7;7040403;2020;10;18;6;2;6;4;2;0;1;1;0;0;0;1;796834,9835;5822351,522;13,3709032;52,47044815
37299;144383;11;7;7040402;2020;10;16;6;3;2;6;0;0;1;0;0;0;0;1;796819,6477;5821681,474;13,37008205;52,46445013
37300;144384;11;1;1011306;2020;10;8;3;2;5;3;0;1;1;0;0;0;0;0;799902,9447;5826513,889;13,41967947;52,50608184
37301;144385;11;4;4030931;2020;10;12;3;2;6;2;0;0;0;1;0;0;1;0;793949,4637;5826056,941;13,33181458;52,5052258
37302;144386;11;2;2020203;2020;10;11;2;3;2;7;0;0;0;0;1;0;1;1;797533,7935;5824977,69;13,38350427;52,49360873
37303;144387;11;1;1044201;2020;10;6;6;3;5;2;1;1;1;0;0;0;0;1;796174,8028;5831502,762;13,36935671;52,55283884
37304;144388;11;1;1011103;2020;10;23;6;3;0;1;2;0;0;0;1;0;0;1;795419,9587;5825815,615;13,35320276;52,50226828
37305;144389;11;3;3030406;2020;10;22;3;3;5;2;2;0;1;0;0;0;0;0;802821,4385;5837473,588;13,47254492;52,60269913
37306;144390;11;1;1011302;2020;10;13;5;3;0;3;0;1;0;0;1;0;0;1;798543,1682;5828979,188;13,40191701;52,52892564
37307;144391;11;2;2020206;2020;10;22;6;3;2;5;2;0;1;0;1;0;0;1;800235,5491;5824612,506;13,42285137;52,48885608
37308;144392;11;8;8010404;2020;10;22;6;3;0;3;2;0;1;0;1;0;0;1;801998,1851;5823293,242;13,44753744;52,47605918
37309;144393;11;2;2040501;2020;10;6;3;2;4;6;2;1;1;0;0;0;0;1;800416,4816;5828262,206;13,42880127;52,52147003
37310;144394;11;10;10030727;2020;10;15;5;2;3;6;0;1;0;0;0;0;0;0;809599,694;5826478,141;13,56206307;52,50034587
37311;144395;11;4;4051549;2020;10;21;6;3;2;6;2;0;1;0;0;0;0;1;792461,4182;5824086,186;13,30822303;52,48835816
37312;144396;11;9;9020802;2020;10;7;3;3;1;5;0;1;0;0;0;0;1;0;810697,0458;5819283,762;13,57147841;52,43524929
37313;144397;11;4;4030931;2020;10;20;6;3;9;1;2;0;1;1;0;0;0;1;793523,9259;5825789,314;13,3253271;52,50305575
37314;144398;11;1;1011302;2020;10;20;6;3;0;1;2;1;0;0;0;0;0;1;798528,5915;5829003,996;13,40172505;52,52915599
37315;144399;11;12;12214527;2020;10;17;3;3;5;3;0;0;1;0;0;0;1;0;790140,8828;5835776,637;13,28435343;52,5944018
37316;144400;11;11;11010205;2020;10;21;4;3;5;3;2;0;1;0;0;0;0;0;806901,7184;5832618,583;13,52811066;52,55690107
37317;144401;11;6;6020304;2020;10;19;6;3;6;2;2;0;1;1;0;0;0;1;794703,28;5818070,674;13,33583436;52,43322671
37318;144402;11;7;7020204;2020;10;19;6;3;6;2;2;0;1;1;0;0;0;1;796058,0849;5823338,617;13,36037559;52,47971826
37319;144403;11;10;10020415;2020;10;17;3;3;0;2;0;0;1;0;0;0;1;0;812177,7172;5831100,83;13,60425655;52,54030191
37320;144404;11;5;5010311;2020;10;13;3;3;0;4;0;0;0;1;0;0;1;0;785358,2131;5830176,266;13,2091206;52,54672075
37321;144405;11;2;2050602;2020;10;9;6;3;5;7;0;0;1;0;1;0;0;1;802307,2907;5827985,711;13,45633336;52,51794688
37322;144406;11;1;1011203;2020;10;19;6;3;5;3;2;1;1;0;0;0;0;1;797876,688;5827467,187;13,39076724;52,51573705
37323;144407;11;11;11020412;2020;10;19;3;3;5;2;2;1;0;0;1;0;0;0;804862,3286;5831321,034;13,4969307;52,54641735
37324;144408;11;8;8020622;2020;10;19;5;3;5;3;2;1;1;0;0;0;0;0;801325,5356;5819483,44;13,43422486;52,4422823
37325;144409;11;7;7020203;2020;10;15;5;3;1;5;0;1;1;0;0;0;0;0;795666,4392;5824477,037;13,35563529;52,4901355
37326;144410;11;11;11051332;2020;10;14;6;3;6;2;0;0;1;1;0;0;0;1;806846,17;5824116,281;13,51945187;52,48073358
37327;144411;11;1;1011304;2020;10;14;6;3;2;6;0;0;1;0;0;0;0;1;799988,179;5827427,911;13,42175531;52,51422773
37328;144412;11;7;7040403;2020;10;16;3;3;1;5;0;1;1;0;0;0;0;0;797317,307;5821724,638;13,37742435;52,46456648
37329;144413;11;4;4030415;2020;10;14;4;3;0;1;0;0;0;0;1;0;0;1;790711,7284;5827743,645;13,28572077;52,52208197
37330;144414;11;4;4010102;2020;10;13;6;3;4;6;0;0;1;0;0;0;0;0;793065,6732;5830273,773;13,32254696;52,54350338
37331;144415;11;11;11051331;2020;10;16;3;3;3;6;0;0;1;0;0;1;0;0;807318,1523;5824802,338;13,52701245;52,48661673
37332;144416;11;10;10020622;2020;10;11;4;3;0;7;0;1;0;0;0;0;0;1;810632,2513;5827984,446;13,57863093;52,51325784
37333;144417;11;10;10030724;2020;10;11;6;3;0;6;0;0;1;0;0;0;1;0;809604,3928;5828577,382;13,56408461;52,51915588
37334;144418;11;6;6030608;2020;10;10;6;3;3;6;0;1;1;0;0;0;0;0;792500,0282;5817218,661;13,30277329;52,42677107
37335;144419;11;1;1033203;2020;10;16;3;3;5;3;0;0;1;0;0;0;0;0;796279,5402;5830398,124;13,36991148;52,54287995
37336;144420;11;3;3030405;2020;10;18;3;3;5;3;2;0;1;0;1;0;0;0;803792,34;5839341,198;13,48855166;52,61889586
37337;144421;11;7;7040403;2020;10;7;6;3;5;7;0;0;1;0;0;0;1;1;797420,1847;5820800,922;13,37811121;52,45623031
37338;144422;11;8;8020625;2020;10;9;6;3;0;6;0;0;1;0;0;0;0;1;802490,5225;5818949,275;13,45082899;52,43685134
37339;144423;11;1;1033202;2020;10;7;3;3;5;3;0;1;1;0;0;0;0;0;796983,6117;5830179,325;13,3800675;52,54053537
37340;144424;11;2;2040502;2020;10;10;5;3;0;2;0;1;1;0;0;0;0;1;800865,2094;5828319,39;13,43544671;52,52173519
37341;144425;11;11;11010205;2020;10;9;5;2;5;3;0;0;1;0;0;0;0;1;806901,9659;5832618,829;13,52811453;52,55690313
37342;144426;11;2;2050801;2020;10;9;6;3;2;7;0;1;1;0;0;1;0;1;803063,7653;5827241,136;13,4667697;52,51085353
37343;144427;11;4;4051448;2020;10;9;6;3;1;5;0;1;1;0;0;0;0;0;793992,8401;5825413,032;13,33188331;52,49943012
37344;144428;11;12;12304314;2020;10;16;3;3;0;1;0;1;0;0;0;0;0;0;790510,2628;5835338,855;13,28940728;52,59027997
37345;144429;11;7;7040405;2020;10;7;4;3;1;5;0;1;0;0;0;1;0;0;797872,8645;5820795,109;13,38474842;52,45593168
37346;144430;11;5;5010313;2020;10;10;2;3;5;2;0;0;1;0;0;0;0;0;784655,9027;5829703,647;13,19838653;52,5428507
37347;144431;11;3;3030715;2020;10;19;6;3;5;2;2;0;1;0;0;0;0;1;800120,3031;5833867,357;13,4295141;52,57187364
37348;144432;11;1;1022106;2020;10;7;6;2;0;7;0;1;0;0;0;0;0;1;794119,8094;5828236,889;13,33624403;52,52467598
37349;144433;11;4;4030828;2020;10;15;3;3;2;6;0;0;1;0;0;0;0;0;793008,1683;5826100,954;13,3180247;52,50612669
37350;144434;11;5;5040934;2020;10;15;3;2;4;6;0;0;1;0;0;0;0;0;784004,8599;5823202,454;13,18326324;52,48489969
37351;144435;11;5;5010313;2020;10;14;6;3;2;6;0;0;1;0;0;0;0;1;784921,6814;5829490,922;13,20211259;52,5408045
37352;144436;11;4;4030724;2020;10;7;6;3;0;2;1;1;0;0;0;0;1;1;790710,1375;5825857,98;13,28405;52,5051778
37353;144437;11;2;2010103;2020;10;6;6;3;2;6;1;0;1;0;0;0;0;0;799855,1335;5825758,205;13,41829666;52,49933459
37354;144438;11;8;8010510;2020;10;14;3;3;2;2;0;0;1;0;0;0;0;0;803168,9857;5822295,169;13,46381612;52,46646492
37355;144439;11;9;9010401;2020;10;17;3;3;0;3;2;1;0;0;0;0;1;0;806393,494;5821056,942;13,50999795;52,45356884
37356;144440;11;5;5030730;2020;10;12;6;3;5;2;0;0;1;0;0;0;0;1;786563,9506;5830551,272;13,2271767;52,54945001
37357;144441;11;6;6010209;2020;10;5;6;3;0;7;2;0;0;0;1;0;0;1;794286,3183;5820861,692;13,33217732;52,45847149
37358;144442;11;8;8020619;2020;10;17;5;3;5;3;2;1;1;0;0;0;0;0;801400,138;5821124,362;13,43679975;52,45694928
37359;144443;11;3;3020209;2020;10;7;5;3;5;3;0;1;1;0;0;0;0;1;797194,6168;5835575,562;13,38800344;52,58879083
37360;144444;11;7;7050503;2020;10;0;6;3;2;7;2;0;1;0;0;0;0;1;799454,8068;5820511,423;13,40770591;52,45252442
37361;144445;11;3;3050923;2020;10;11;6;3;1;5;0;0;1;0;0;0;0;0;800378,0353;5832257,696;13,43184831;52,55730379
37362;144446;11;7;7020202;2020;10;14;3;3;6;4;0;0;1;1;0;0;0;0;794814,6855;5823199,634;13,34199702;52,47914503
37363;144447;11;1;1011202;2020;10;17;4;3;6;2;1;0;1;1;0;0;0;0;797923,7232;5827953,578;13,3918939;52,52007124
37364;144448;11;12;12103218;2020;10;9;2;3;5;2;0;1;0;0;0;1;0;1;795445,814;5834160,123;13,36100257;52,57705549
37365;144449;11;2;2030301;2020;10;18;6;2;5;3;2;1;1;0;0;0;0;1;800040,7759;5826343,659;13,42155071;52,50448023
37366;144450;11;10;10020413;2020;10;11;6;3;2;6;0;0;0;0;1;0;1;0;811156,7107;5830746,59;13,58891877;52,5377114
37367;144451;11;2;2040503;2020;10;6;3;3;2;3;0;0;1;0;0;0;0;0;801337,0172;5828711,608;13,4427349;52,52499017
37368;144452;11;1;1011305;2020;10;8;5;3;5;2;0;1;1;0;0;0;0;1;799657,7984;5827045,438;13,41655691;52,51098106
37369;144453;11;3;3050925;2020;10;12;6;3;0;3;0;1;0;0;0;0;1;0;801852,152;5831396,023;13,45274314;52,54876561
37370;144454;11;12;12304314;2020;10;18;2;3;2;6;2;0;1;0;0;0;0;1;790672,3996;5835987,71;13,29236339;52,59601021
37371;144455;11;1;1022204;2020;10;13;6;3;2;6;0;0;1;0;0;0;0;0;795486,8828;5828204,005;13,35630657;52,52364203
37372;144456;11;12;12302107;2020;10;14;6;2;5;3;0;0;1;0;0;0;1;1;794328,9527;5835710,638;13,34594565;52,59155982
37373;144457;11;12;12214422;2020;10;16;4;3;2;6;1;0;1;0;1;0;0;0;792259,8278;5833412,174;13,31346145;52,57207086
37374;144458;11;1;1022206;2020;10;14;6;3;5;2;0;0;1;0;1;0;0;1;795538,7747;5828196,802;13,3570628;52,52354933
37375;144459;11;8;8020727;2020;10;14;6;3;2;2;0;0;1;0;0;0;1;1;801212,986;5817164,813;13,43048533;52,42156154
37376;144460;11;5;5010314;2020;10;15;6;3;2;6;0;0;1;0;0;0;0;0;784830,1916;5829230,995;13,20054437;52,53852184
37377;144461;11;2;2030301;2020;10;15;6;3;0;5;1;0;1;0;1;0;0;1;799756,5106;5826037,547;13,4170996;52,50189264
37378;144462;11;12;12301204;2020;10;6;5;3;5;2;1;0;1;0;0;1;0;1;792647,7006;5835833,678;13,32130665;52,59357001
37379;144463;11;5;5030832;2020;10;16;6;3;2;7;0;0;1;0;1;0;0;1;789828,6688;5829259,986;13,27406389;52,53614627
37380;144464;11;8;8010510;2020;10;16;6;3;5;3;0;0;1;0;1;0;0;1;802044,01;5822141,53;13,44716737;52,46571089
37381;144465;11;5;5030731;2020;10;13;3;3;6;2;0;0;1;1;0;0;0;0;786962,1661;5829581,364;13,23219549;52,54054458
37382;144466;11;9;9020502;2020;10;6;4;3;1;5;0;1;1;0;0;0;0;1;807764,3555;5822130,948;13,53109817;52,46242416
37383;144467;11;2;2050802;2020;10;9;2;3;5;3;0;1;1;0;0;0;0;1;802851,6144;5826924,139;13,46336477;52,50813015
37384;144468;11;2;2040503;2020;10;17;6;3;5;7;2;1;0;0;0;0;1;1;801464,8936;5828060,698;13,44402412;52,5190853
37385;144469;11;4;4041241;2020;10;17;6;3;0;3;1;1;1;0;0;0;0;1;791345,5556;5821989,792;13,29000374;52,47016063
37386;144470;11;10;10020622;2020;10;13;5;3;1;5;0;0;1;0;0;0;0;1;811188,7179;5828474,304;13,58726265;52,51733046
37387;144471;11;3;3030715;2020;10;17;6;2;4;1;0;0;1;0;0;0;0;1;800996,9482;5833688,504;13,44224808;52,5697865
37388;144472;11;2;2010102;2020;10;12;3;3;1;5;0;1;1;0;0;0;0;0;798323,0821;5826242,319;13,39622831;52,50451372
37389;144473;11;1;1011401;2020;10;15;5;3;6;7;0;0;0;1;0;0;1;0;798405,2625;5829214,773;13,40010162;52,53111285
37390;144474;11;8;8010214;2020;10;23;3;3;5;3;2;0;1;0;0;0;0;1;801398,4445;5821866,263;13,43744474;52,46360009
37391;144475;11;1;1011303;2020;10;7;4;3;5;2;1;1;1;0;0;0;0;0;799483,2108;5828847,47;13,41561431;52,52722939
37392;144476;11;7;7060604;2020;10;18;5;3;1;5;1;1;1;0;0;0;0;0;795579,4204;5816081,281;13,34692658;52,41492025
37393;144477;11;4;4030725;2020;10;12;5;3;2;6;0;0;1;0;0;0;0;0;792011,7446;5825947,878;13,30325134;52,50528864
37394;144478;11;9;9051702;2020;10;21;3;2;0;1;2;0;0;0;1;0;0;1;813876,5792;5821794,599;13,62045522;52,45593392
37395;144479;11;4;4051446;2020;10;11;3;3;5;2;0;1;1;0;0;0;0;0;792831,3915;5824347,716;13,31388612;52,49050436
37396;144480;11;2;2010102;2020;10;20;6;2;6;2;2;0;1;1;0;0;0;1;798440,6577;5826525,811;13,39820954;52,50699055
37397;144481;11;1;1033201;2020;10;19;5;3;3;5;2;0;1;0;1;0;0;0;798259,5751;5830634,85;13,39923487;52,54392162
37398;144482;11;6;6020302;2020;10;23;2;3;3;6;2;1;1;0;0;0;0;0;794521,2691;5819136,342;13,33410385;52,44287798
37399;144483;11;9;9020702;2020;10;20;3;3;9;1;2;0;1;0;0;0;0;1;809747,9641;5820508,847;13,55869744;52,44676653
37400;144484;11;3;3061228;2020;10;11;3;3;2;6;0;0;1;0;0;0;0;0;800448,3299;5831508,513;13,43220407;52,55054993
37401;144485;11;7;7020201;2020;10;9;6;3;5;3;0;1;1;0;0;0;0;1;794981,1599;5824062,578;13,34520476;52,48679087
37402;144486;11;3;3040818;2020;10;13;5;3;0;7;0;0;1;0;0;0;0;0;798429,6547;5832314,539;13,40324514;52,55888449
37403;144487;11;3;3040513;2020;10;13;5;2;4;6;0;0;1;0;0;0;0;1;796880,2844;5833869,104;13,38184868;52,5736662
37404;144488;11;7;7030301;2020;10;13;5;3;5;3;0;1;0;0;0;0;0;0;793630,934;5822673,567;13,3241537;52,47506681
37405;144489;11;4;4030623;2020;10;12;5;3;5;3;0;0;1;0;0;0;0;0;793162,5557;5826882,531;13,32098126;52,51305028
37406;144490;11;11;11041022;2020;10;18;2;3;5;3;2;0;1;0;0;0;0;0;806594,7517;5827752,873;13,51910845;52,51346681
37407;144491;11;1;1011201;2020;10;13;4;3;2;2;0;1;1;0;0;0;0;0;796960,7949;5826702,83;13,37662758;52,50938487
37408;144492;11;9;9020601;2020;10;12;5;3;2;2;0;0;1;0;0;0;0;0;806885,1935;5821184,106;13,51732803;52,45443271
37409;144493;11;10;10010203;2020;10;12;5;3;5;3;0;0;1;0;1;0;0;0;807643,3768;5830813,842;13,53734421;52,54030871
37410;144494;11;12;12214422;2020;10;23;2;3;5;3;2;0;1;0;0;0;0;0;792342,0842;5833912,89;13,31511319;52,57651539
37411;144495;11;4;4030827;2020;10;10;3;3;5;7;0;1;1;0;0;0;0;1;792729,5404;5826185,73;13,31400579;52,50703626
37412;144496;11;7;7040401;2020;10;6;6;3;5;2;2;0;1;0;0;0;0;1;797824,7444;5822576,57;13,38563207;52,47192676
37413;144497;11;1;1011102;2020;10;12;5;3;0;2;0;1;0;0;1;0;0;0;795130,6908;5827081,683;13,35007608;52,51377419
37414;144498;11;5;5010339;2020;10;10;5;3;2;7;0;0;1;0;0;0;0;1;787581,1543;5828025,71;13,23995132;52,52627102
37415;144499;11;1;1011301;2020;10;8;5;3;3;6;0;1;1;0;0;0;0;1;797378,2091;5828938,959;13,38475888;52,52920178
37416;144500;11;11;11020515;2020;10;12;5;2;5;2;0;1;1;0;0;0;0;0;803356,1336;5830074,944;13,47364932;52,53608975
37417;144501;11;2;2020204;2020;10;12;5;3;5;3;0;0;1;0;0;0;0;0;798426,0281;5824780,079;13,3964304;52,49135032
37418;144502;11;8;8010303;2020;10;22;2;3;5;2;2;1;1;0;0;0;0;0;801016,9429;5823888,169;13,43367078;52,48193336
37419;144503;11;3;3061434;2020;10;15;4;3;2;6;0;0;1;0;0;0;0;1;801343,5706;5829649,052;13,44368088;52,53338895
37420;144504;11;9;9020701;2020;10;18;5;3;5;3;2;1;1;0;0;0;0;0;808648,5022;5819159,509;13,54132534;52,43529547
37421;144505;11;8;8010404;2020;10;15;5;2;0;7;0;1;0;0;0;0;0;1;801944,3346;5823069,31;13,44654425;52,47408182
37422;144506;11;7;7060602;2020;10;10;5;2;2;2;0;0;1;0;1;0;0;0;797621,8669;5816599,333;13,37732961;52,41845741
37423;144507;11;4;4030725;2020;10;10;5;3;5;7;0;1;1;0;0;0;0;0;791512,5492;5826316,126;13,29623987;52,50885689
37424;144508;11;10;10040830;2020;10;17;2;3;5;3;1;1;1;0;0;0;0;0;810607,3876;5825514,421;13,57596189;52,49113689
37425;144509;11;6;6020305;2020;10;14;4;3;5;2;0;0;1;0;1;0;0;0;796056,2872;5817531,047;13,35520048;52,42765873
37426;144510;11;5;5010311;2020;10;15;6;3;2;6;0;0;1;0;0;0;0;1;785419,251;5830447,447;13,21025136;52,54912014
37427;144511;11;3;3071536;2020;10;10;5;3;1;5;0;1;1;0;0;0;0;0;799057,3303;5829842,291;13,4102503;52,53638026
37428;144512;11;4;4030416;2020;10;8;2;3;6;7;0;1;0;1;0;0;0;1;791019,8198;5827153,104;13,28973224;52,51662346
37429;144513;11;2;2010103;2020;10;21;3;3;5;3;2;1;1;0;0;0;0;0;799559,584;5825858,439;13,41404601;52,50039535
37430;144514;11;4;4020314;2020;10;14;6;3;2;6;0;0;1;0;0;0;0;1;790115,8716;5825349,896;13,27487642;52,50093908
37431;144515;11;6;6010206;2020;10;9;5;3;1;6;0;0;1;0;0;0;0;0;794745,6231;5819883,617;13,3380544;52,44945605
37432;144516;11;7;7030303;2020;10;18;2;3;5;2;1;0;1;0;0;0;0;1;794592,1238;5821848,529;13,33753609;52,46715322
37433;144517;11;6;6030609;2020;10;15;5;2;0;7;0;1;1;0;0;0;0;1;792269,0135;5818679,095;13,30066207;52,43998726
37434;144518;11;7;7040403;2020;10;8;5;3;1;5;0;1;1;0;0;0;0;0;797292,6788;5821261,966;13,37665079;52,46043248
37435;144519;11;5;5020625;2020;10;7;5;3;5;2;0;1;1;0;0;0;0;1;784350,1636;5828098,776;13,19251709;52,528621
37436;144520;11;8;8020619;2020;10;23;5;3;1;5;2;0;1;0;1;0;0;0;801656,9306;5821522,308;13,44092714;52,4603745
37437;144521;11;1;1033102;2020;10;22;5;3;2;6;2;0;1;0;0;0;0;0;797169,922;5831918,545;13,38436288;52,55602381
37438;144522;11;2;2010102;2020;10;11;2;3;5;2;0;1;0;0;0;0;1;0;798333,2558;5825618,414;13,39581881;52,49891565
37439;144523;11;3;3061228;2020;10;18;4;2;5;2;2;1;1;0;0;0;0;0;800193,9661;5830930,274;13,42794121;52,54550727
37440;144524;11;1;1033201;2020;10;9;2;3;2;6;0;0;0;0;0;0;1;1;798039,4897;5830076,969;13,39549859;52,5390414
37441;144525;11;1;1011101;2020;10;17;6;3;0;2;1;1;0;0;1;0;0;1;795229,5879;5826625,582;13,3511246;52,50963207
37442;144526;11;8;8010214;2020;10;20;5;3;5;3;2;0;0;0;1;0;1;0;801192,68;5822115,133;13,43464976;52,46594424
37443;144527;11;6;6040805;2020;10;15;5;3;6;7;0;1;0;1;0;0;0;0;788593,9249;5819384,405;13,24735567;52,4482626
37444;144528;11;2;2050801;2020;10;9;2;3;2;6;0;0;1;0;0;0;0;0;803205,7485;5826819,95;13,46847179;52,50699962
37445;144529;11;5;5040934;2020;10;19;6;2;2;6;2;0;1;0;0;0;0;1;783890,5877;5823465,604;13,18180909;52,48731859
37446;144530;11;1;1033201;2020;10;19;5;3;0;1;2;1;0;0;0;0;0;0;798432,1319;5830182,313;13,40136536;52,53977079
37447;144531;11;4;4030623;2020;10;15;3;3;3;6;0;0;1;0;0;0;0;0;793312,0544;5826678,083;13,32299774;52,51113713
37448;144532;11;3;3030406;2020;10;16;6;3;5;3;0;0;1;0;0;0;0;1;802868,9449;5838271,619;13,47397452;52,60982511
37449;144533;11;9;9010302;2020;10;20;5;3;3;6;2;1;1;0;0;0;0;0;804496,8767;5819984,605;13,48119598;52,44501754
37450;144534;11;6;6030504;2020;10;19;5;2;5;2;2;1;0;0;0;0;0;0;789041,577;5816692,179;13,25159635;52,42388892
37451;144535;11;2;2020203;2020;10;10;5;2;6;4;0;1;1;1;0;0;0;0;797736,303;5824295,647;13,3858689;52,48738458
37452;144536;11;1;1011302;2020;10;11;4;3;5;2;0;1;1;0;0;0;0;0;797995,716;5828901,88;13,39380154;52,52853222
37453;144537;11;11;11030824;2020;10;19;5;3;4;6;2;0;1;0;0;0;1;0;803939,6599;5826972,401;13,47939107;52,50795763
37454;144538;11;2;2030302;2020;10;17;5;3;2;6;0;0;1;0;0;0;0;0;801262,6676;5826188,968;13,43935855;52,50242042
37455;144539;11;4;4020314;2020;10;11;2;2;0;6;0;0;1;0;1;0;0;0;789803,3863;5825148,196;13,2701103;52,49929684
37456;144540;11;9;9052001;2020;10;6;4;3;2;6;2;0;1;0;0;0;0;1;809219,6168;5823016,806;13,55327095;52,46954159
37457;144541;11;1;1022101;2020;10;9;2;3;5;3;0;0;1;0;1;0;0;1;792639,7237;5828688,895;13,31488818;52,52952449
37458;144542;11;12;12103115;2020;10;9;6;3;5;3;0;1;1;0;0;0;0;1;796316,0948;5833941,572;13,37361261;52,57462325
37459;144543;11;3;3050919;2020;10;16;5;3;5;3;0;1;1;0;0;0;0;0;801505,3033;5832597,51;13,44873459;52,55972662
37460;144544;11;4;4030620;2020;10;13;5;3;0;6;0;1;1;0;0;0;0;0;792275,1366;5827416,95;13,30841111;52,51831747
37461;144545;11;11;11051331;2020;10;15;5;3;5;3;0;1;1;0;0;0;0;0;807536,0329;5824817,287;13,53022489;52,48662803
37462;144546;11;9;9010301;2020;10;16;5;3;5;2;0;1;1;0;0;0;0;0;804890,1287;5822151,523;13,48894252;52,46421978
37463;144547;11;12;12302110;2020;10;11;2;3;5;3;0;1;1;0;0;0;0;0;795460,6946;5836375,635;13,36319717;52,59690724
37464;144548;11;2;2010103;2020;10;11;4;3;2;7;0;1;1;0;0;0;0;0;799717,9978;5825787,297;13,4163087;52,49967069
37465;144549;11;7;7020202;2020;10;16;5;3;5;5;0;1;1;0;0;0;0;0;794861,4124;5823589,641;13,34302798;52,48261598
37466;144550;11;4;4051655;2020;10;15;5;3;1;5;0;1;1;0;0;0;0;0;794438,6933;5823271,89;13,3365405;52,47999561
37467;144551;11;7;7030303;2020;10;9;2;3;0;7;0;0;1;0;0;1;0;1;795383,1108;5821187,678;13,3485612;52,46080205
37468;144552;11;11;11040926;2020;10;15;5;3;6;3;0;0;1;1;0;0;0;0;806364,1816;5826858,488;13,51489821;52,50558066
37469;144553;11;10;10010102;2020;10;15;5;3;5;3;0;1;1;0;0;0;0;0;809588,0402;5834275,143;13,56915459;52,57022599
37470;144554;11;1;1011301;2020;10;9;2;3;5;2;0;1;1;0;0;0;0;1;797042,9862;5829329,126;13,38018045;52,53288195
37471;144555;11;6;6010101;2020;10;22;4;3;6;4;2;0;1;1;0;0;0;0;793345,5802;5820329,866;13,31790427;52,45420959
37472;144556;11;1;1044102;2020;10;15;5;3;6;4;0;0;1;1;0;0;0;0;795420,8176;5832292,645;13,35897149;52,56032889
37473;144557;11;3;3061228;2020;10;8;5;3;2;6;0;0;1;0;1;0;0;0;800153,7847;5830856,3;13,4272836;52,54486636
37474;144558;11;12;12224230;2020;10;9;2;3;5;3;0;0;1;0;0;0;0;1;787134,919;5836440,241;13,24067438;52,60194672
37475;144559;11;4;4020311;2020;10;13;3;3;2;2;0;0;1;0;1;0;0;0;789835,8799;5826352,801;13,27163631;52,51007911
37476;144560;11;5;5020625;2020;10;19;6;3;5;3;2;0;1;0;0;0;0;1;784730,906;5828597,857;13,19854196;52,53289702
37477;144561;11;7;7050501;2020;10;7;5;2;6;4;1;1;0;1;0;0;0;0;797666,706;5819356,926;13,38044173;52,44315216
37478;144562;11;6;6030503;2020;10;20;5;3;5;3;2;1;1;0;0;0;0;0;790615,874;5818419,129;13,27618428;52,43853763
37479;144563;11;6;6010102;2020;10;15;5;3;6;2;0;0;1;1;0;0;0;0;793768,9082;5821140,56;13,32482954;52,46124981