;OBJECTID;LAND;BEZ;LOR;UJAHR;UMONAT;USTUNDE;UWOCHENTAG;UKATEGORIE;UART;UTYP1;ULICHTVERH;IstRad;IstPKW;IstFuss;IstKrad;IstGkfz;IstSonstige;USTRZUSTAND;LINREFX;LINREFY;XGCSWGS84;YGCSWGS84
37480;144564;11;6;6030609;2020;10;0;5;2;5;3;2;0;1;0;0;0;1;0;793262,2662;5819094,13;13,31559681;52,44317623
37481;144565;11;10;10010207;2020;10;9;2;3;5;3;0;0;1;0;1;0;0;1;808100,938;5831358,172;13,5445744;52,5449284
37482;144566;11;2;2040701;2020;10;13;4;3;5;2;0;1;1;0;0;0;0;0;800718,1069;5827874,071;13,43288256;52,51782483
37483;144567;11;3;3061227;2020;10;13;5;3;5;2;0;1;1;0;0;0;0;0;799997,1453;5831717,08;13,42575826;52,55266805
37484;144568;11;1;1033202;2020;10;8;2;2;0;1;0;0;0;0;1;0;0;1;797848,1562;5829833,294;13,3924674;52,53696179
37485;144569;11;4;4041239;2020;10;14;3;3;5;2;0;1;1;0;0;0;0;0;791672,1269;5823328,848;13,29596889;52,48199094
37486;144570;11;2;2020204;2020;10;12;6;3;2;6;0;0;1;0;0;0;0;1;797953,4106;5825272,689;13,38993054;52,49602416
37487;144571;11;3;3061441;2020;10;13;5;3;5;2;0;1;0;0;1;0;0;0;802377,5485;5828844,226;13,45814609;52,52560274
37488;144572;11;8;8020727;2020;10;8;2;3;5;3;0;0;1;0;0;0;0;1;801762,473;5816736,79;13,43815534;52,41742231
37489;144573;11;12;12214422;2020;10;19;3;3;5;3;2;1;1;0;0;0;0;1;792085,3592;5832942,597;13,31048084;52,56795493
37490;144574;11;10;10030727;2020;10;7;6;3;5;3;1;1;1;0;0;0;0;1;809398,1266;5825756,2;13,55843257;52,49399034
37491;144575;11;8;8010509;2020;10;13;5;3;5;3;0;0;1;0;0;0;0;1;803337,8357;5822498,548;13,46647893;52,46819407
37492;144576;11;4;4041241;2020;10;18;5;3;3;6;2;0;1;0;1;0;0;1;791617,2813;5822447,492;13,29439278;52,47411891
37493;144577;11;1;1033203;2020;10;9;5;3;2;6;0;0;1;0;0;0;0;0;796845,4252;5830630,257;13,37843886;52,54465276
37494;144578;11;12;12231102;2020;10;13;5;3;0;3;0;0;1;0;1;0;0;0;791009,4435;5841483,655;13,30216201;52,64509936
37495;144579;11;12;12103219;2020;10;14;4;3;3;6;0;0;1;0;0;0;0;0;794966,3216;5832699,146;13,35264775;52,56421921
37496;144580;11;3;3030406;2020;10;7;2;3;2;6;1;0;1;0;0;0;0;0;803382,5596;5838282,723;13,48154659;52,60963822
37497;144581;11;1;1044201;2020;10;8;4;3;2;6;0;0;1;0;0;0;0;1;796432,9768;5831935,905;13,37354018;52,55658105
37498;144582;11;4;4030931;2020;10;5;6;3;1;5;2;1;0;0;0;1;0;1;794410,279;5825901,754;13,33844707;52,50358618
37499;144583;11;5;5030730;2020;10;11;4;3;2;6;0;0;1;0;0;0;0;1;786768,4829;5829277,602;13,22908528;52,53792313
37500;144584;11;1;1044101;2020;10;5;2;3;2;2;2;0;1;0;0;0;0;1;793972,2823;5830139,149;13,33575823;52,54180816
37501;144585;11;12;12214126;2020;10;16;3;3;5;3;0;0;1;0;0;0;0;0;790226,8671;5834022,255;13,28408254;52,57862805
37502;144586;11;1;1022106;2020;10;14;6;3;2;6;0;0;1;0;1;0;0;1;794119,9306;5828249,965;13,33625737;52,52479313
37503;144587;11;10;10010308;2020;10;10;4;3;5;2;0;0;1;0;0;0;0;1;806333,5671;5830184,602;13,51751155;52,53540723
37504;144588;11;1;1033102;2020;10;18;4;3;5;2;2;1;1;0;0;0;0;0;797012,4203;5831490,347;13,38166344;52,55227145
37505;144589;11;1;1022203;2020;10;6;5;3;0;2;1;0;1;0;1;0;0;1;795128,7052;5828649,511;13,35143799;52,52782963
37506;144590;11;2;2050801;2020;10;19;4;3;2;6;2;0;1;0;0;0;0;1;803622,3612;5827345,843;13,47507095;52,51148138
37507;144591;11;11;11030619;2020;10;17;4;2;5;7;1;0;0;0;1;0;1;0;804219,9918;5829078,491;13,48543454;52,52667746
37508;144592;11;4;4051446;2020;10;9;5;3;0;6;0;1;1;0;0;0;0;1;792666,3716;5825228,451;13,31223633;52,49848842
37509;144593;11;12;12301203;2020;10;8;5;3;2;6;0;0;1;0;0;0;0;0;792698,8522;5834799,04;13,32114552;52,5842675
37510;144594;11;8;8010301;2020;10;15;4;3;6;4;0;0;1;1;0;0;0;1;801153,0685;5824102,312;13,43586269;52,48377773
37511;144595;11;2;2020203;2020;10;17;4;3;2;6;1;0;1;0;0;0;0;0;797074,8051;5824293,329;13,3761534;52,48772415
37512;144596;11;9;9020501;2020;10;1;2;3;8;1;2;0;1;0;0;0;0;1;805925,1649;5823619,817;13,50547681;52,47680079
37513;144597;11;12;12231102;2020;10;9;4;3;5;3;0;0;1;0;0;0;1;0;789630,6101;5839732,257;13,28030439;52,63013571
37514;144598;11;1;1022101;2020;10;7;2;3;5;3;0;1;1;0;0;0;0;1;792913,1547;5828880,137;13,3190759;52,53109205
37515;144599;11;6;6020409;2020;10;16;6;3;5;3;2;0;1;0;0;0;0;1;793132,0687;5817664,177;13,31243276;52,43042679
37516;144600;11;1;1011302;2020;10;15;4;3;6;2;0;0;1;1;0;0;0;0;798320,717;5828700,982;13,39839794;52,52655368
37517;144601;11;8;8020726;2020;10;17;2;2;5;3;2;0;1;0;0;0;0;1;799905,9295;5816245,135;13,41049786;52,41403571
37518;144602;11;8;8010117;2020;10;9;3;3;5;3;0;1;1;0;0;0;0;0;800141,2872;5823258,28;13,42024805;52,47676938
37519;144603;11;6;6040807;2020;10;14;5;3;1;5;0;0;1;0;0;0;0;0;789764,2902;5818424,262;13,26369607;52,43903551
37520;144604;11;10;10030724;2020;10;15;4;3;6;4;0;0;0;1;0;0;1;0;809120,2389;5829712,727;13,5580272;52,52960515
37521;144605;11;10;10010310;2020;10;14;2;3;6;2;0;0;1;1;0;0;0;0;809845,0408;5831012,481;13,5698893;52,54084148
37522;144606;11;1;1044201;2020;10;12;4;3;9;1;0;0;1;0;0;0;0;1;796576,5019;5831925,499;13,37564172;52,55640962
37523;144607;11;12;12103219;2020;10;14;4;3;5;2;0;1;1;0;0;0;0;0;795594,4082;5833151,354;13,36228983;52,56793218
37524;144608;11;1;1022105;2020;10;16;4;3;0;5;1;0;0;0;1;0;1;0;794049,4555;5828402,584;13,33535654;52,52619928
37525;144609;11;11;11030619;2020;10;13;4;3;0;1;0;1;0;0;0;0;0;1;803562,8145;5829756,54;13,47639637;52,53312093
37526;144610;11;3;3020210;2020;10;12;4;2;5;3;0;1;1;0;0;0;0;1;799663,2851;5835840,934;13,42457504;52,58981512
37527;144611;11;4;4030827;2020;10;14;2;3;6;7;0;0;0;1;0;0;1;0;792240,672;5826092,522;13,30674156;52,50646276
37528;144612;11;2;2030301;2020;10;16;3;3;6;4;0;1;0;1;0;0;0;0;800168,0652;5825862,534;13,42298674;52,50009771
37529;144613;11;7;7070702;2020;10;9;6;3;3;6;0;1;1;0;0;0;0;1;799948,4289;5815739,551;13,41066787;52,40948054
37530;144614;11;1;1022104;2020;10;13;3;3;5;3;0;1;0;0;0;0;1;0;794264,8175;5829275,329;13,33929438;52,53390668
37531;144615;11;4;4030623;2020;11;15;6;3;1;5;0;1;1;0;0;0;0;0;793799,4055;5826281,342;13,32980814;52,50731827
37532;144616;11;4;4051448;2020;11;8;2;3;2;6;0;0;1;0;0;0;0;1;793917,1593;5825320,791;13,33069024;52,498644
37533;144617;11;10;10040933;2020;11;6;3;3;0;3;2;1;1;0;0;0;0;1;812815,0135;5825737,505;13,60858084;52,49187549
37534;144618;11;7;7030301;2020;11;19;2;3;5;3;2;0;1;0;0;0;0;0;794253,1674;5822030,18;13,33272105;52,4689643
37535;144619;11;1;1022106;2020;11;2;7;3;0;1;2;0;0;0;1;0;0;1;793687,8463;5828003,273;13,32968901;52,52281459
37536;144620;11;11;11030618;2020;11;10;5;3;5;3;0;1;1;0;0;0;0;0;802427,7707;5828890,74;13,45892641;52,5259918
37537;144621;11;7;7060604;2020;11;13;2;3;5;3;0;1;1;0;0;0;0;0;795597,5695;5815761,419;13,34691019;52,41204307
37538;144622;11;7;7040402;2020;11;14;6;3;5;2;0;1;1;0;0;0;0;0;796135,5947;5820787,775;13,35924957;52,45680998
37539;144623;11;10;10020517;2020;11;16;3;3;0;2;1;1;1;0;0;0;0;0;813344,2093;5830791,282;13,62110836;52,53685863
37540;144624;11;2;2010104;2020;11;22;1;3;2;7;2;1;0;0;0;0;1;0;799761,1457;5825710,041;13,41687289;52,49895451
37541;144625;11;6;6020302;2020;11;11;7;2;5;3;0;1;1;0;0;0;0;0;794339,764;5819040,842;13,33135704;52,4421196
37542;144626;11;4;4010101;2020;11;14;1;2;5;3;0;0;1;0;1;0;0;0;791302,031;5830671,043;13,29696246;52,54801065
37543;144627;11;11;11030721;2020;11;12;4;3;6;4;0;0;1;1;0;0;0;0;804619,3102;5827736,586;13,49007363;52,51442763
37544;144628;11;7;7040401;2020;11;7;2;3;5;2;0;0;1;0;0;0;1;1;797750,2116;5822532,395;13,3844986;52,47157142
37545;144629;11;3;3061430;2020;11;6;6;3;2;2;1;0;1;0;0;0;0;0;802319,7197;5829192,124;13,45761259;52,528753
37546;144630;11;8;8041037;2020;11;12;1;3;0;1;0;1;0;0;0;0;0;1;805575,1472;5818616,167;13,4957606;52,43215128
37547;144631;11;7;7040401;2020;11;11;3;2;5;2;0;1;0;0;0;1;0;0;797441,5573;5823740,292;13,38104532;52,48256708
37548;144632;11;12;12304313;2020;11;10;6;3;0;3;0;0;1;0;0;0;1;0;791540,8983;5834614,96;13,30394113;52,58323904
37549;144633;11;4;4030726;2020;11;19;4;3;6;4;2;1;0;1;0;0;0;0;791570,6785;5825584,109;13,29645285;52,50226337
37550;144634;11;4;4051654;2020;11;11;2;3;5;2;0;1;0;0;0;0;1;1;793426,9088;5823928,736;13,32226307;52,4864286
37551;144635;11;1;1033102;2020;11;17;5;3;5;2;2;1;1;0;0;0;0;0;797011,3249;5831490,986;13,3816479;52,55227777
37552;144636;11;9;9030903;2020;11;14;3;3;0;1;0;0;0;0;1;0;0;0;808600,6429;5815655,205;13,53739184;52,40391658
37553;144637;11;3;3050925;2020;11;15;2;3;2;2;0;1;1;0;0;0;0;0;801851,4066;5831399,231;13,45273509;52,54879478
37554;144638;11;1;1044201;2020;11;14;5;3;5;2;0;1;1;0;0;0;0;0;796460,6014;5831928,505;13,37393985;52,55649968
37555;144639;11;2;2030301;2020;11;10;3;3;2;6;0;1;1;0;0;0;0;0;799858,0954;5825839,281;13,41841315;52,50005969
37556;144640;11;5;5010101;2020;11;10;7;3;6;7;0;0;1;1;0;0;0;0;785909,7373;5831309,227;13,21820746;52,55658942
37557;144641;11;6;6010102;2020;11;18;1;3;5;2;2;0;1;0;1;0;0;0;793425,3813;5820364,969;13,31910613;52,45448144
37558;144642;11;3;3071537;2020;11;16;4;3;0;1;1;1;0;0;0;0;0;0;799651,3374;5830086,204;13,41920187;52,53824027
37559;144643;11;8;8041035;2020;11;8;2;3;5;3;0;0;1;0;0;0;0;1;805035,8605;5818888,126;13,48810093;52,43488973
37560;144644;11;2;2010104;2020;11;0;6;3;5;3;2;0;1;0;0;0;0;0;799443,4878;5825666,303;13,41216808;52,49873686
37561;144645;11;10;10020413;2020;11;13;1;3;5;2;0;0;1;0;0;0;0;0;811288,5278;5831560,304;13,5916184;52,54492803
37562;144646;11;8;8010117;2020;11;12;3;3;6;2;0;0;1;1;0;0;0;0;800513,8348;5823446,125;13,42588615;52,47824825
37563;144647;11;3;3061126;2020;11;13;6;3;0;2;0;1;1;0;0;0;0;0;799242,8678;5831771,493;13,41471565;52,55357069
37564;144648;11;8;8020625;2020;11;15;4;3;5;2;0;1;1;0;0;0;0;0;801371,0121;5819265,416;13,43469529;52,44030302
37565;144649;11;4;4020310;2020;11;7;5;3;5;3;0;1;1;0;0;0;0;0;790375,4627;5827305,392;13,28039594;52,51833219
37566;144650;11;9;9020701;2020;11;13;3;3;2;6;0;0;1;0;0;0;0;0;807857,0829;5818113,812;13,5287576;52,42636971
37567;144651;11;1;1033101;2020;11;20;6;3;0;4;2;0;0;1;1;0;0;1;797794,6972;5832710,179;13,39426155;52,56277848
37568;144652;11;9;9031101;2020;11;12;1;3;0;1;0;1;0;0;0;0;0;1;811430,8622;5817355,007;13,58044236;52,41754736
37569;144653;11;4;4041344;2020;11;8;4;3;1;5;0;1;1;0;0;0;0;0;792873,4252;5821902,687;13,31235581;52,46856278
37570;144654;11;2;2050801;2020;11;17;2;3;5;3;2;1;1;0;0;0;0;0;802546,1901;5827385,628;13,45929779;52,51243591
37571;144655;11;6;6030503;2020;11;8;1;3;0;1;0;0;1;0;0;0;0;0;789561,8526;5817598,444;13,26001095;52,43173892
37572;144656;11;10;10010308;2020;11;5;5;3;5;2;2;1;1;0;0;0;0;0;806548,9183;5829160,491;13,51973228;52,52610791
37573;144657;11;1;1044101;2020;11;12;1;3;0;1;0;0;0;0;1;0;0;1;794269,3075;5829935,085;13,33994461;52,53981853
37574;144658;11;1;1033203;2020;11;21;7;3;5;2;2;1;1;0;0;0;0;0;796738,1859;5830744,847;13,37696448;52,54573835
37575;144659;11;12;12103218;2020;11;12;1;3;1;5;0;0;1;0;0;0;0;1;794317,3094;5833289,415;13,34362432;52,56986176
37576;144660;11;2;2020206;2020;11;10;4;3;2;3;0;1;0;0;0;0;0;0;799124,0288;5824614,13;13,40653143;52,48948079
37577;144661;11;10;10020620;2020;11;14;1;3;0;1;0;0;0;0;0;0;1;0;811259,3967;5829643,16;13,58939471;52,52776462
37578;144662;11;8;8041038;2020;11;10;5;2;0;1;0;0;0;0;1;0;0;0;805344,9177;5816515,227;13,49046719;52,41344979
37579;144663;11;6;6030609;2020;11;10;1;3;1;1;0;1;0;0;1;0;0;1;793246,4173;5819220,799;13,31547547;52,44432029
37580;144664;11;12;12103219;2020;11;14;3;3;0;6;0;0;1;0;0;0;0;0;795035,7787;5832504,87;13,35349672;52,56244007
37581;144665;11;6;6010101;2020;11;7;6;3;1;5;0;0;1;0;0;0;0;1;792696,7756;5820874,468;13,30886098;52,45943966
37582;144666;11;2;2020206;2020;11;14;4;3;2;6;0;0;1;0;0;0;0;0;799711,6225;5824838,057;13,41536104;52,4911657
37583;144667;11;4;4030931;2020;11;5;1;3;3;6;2;0;1;0;1;0;0;0;794127,4746;5825972,951;13,3343555;52,50437694
37584;144668;11;10;10020413;2020;11;13;5;2;5;3;0;0;1;0;0;0;0;0;811295,7797;5831566,589;13,59173088;52,5449802
37585;144669;11;1;1011104;2020;11;15;3;3;5;2;1;1;1;0;0;0;0;0;796148,359;5825693,181;13,36379355;52,50077593
37586;144670;11;6;6010101;2020;11;18;6;3;6;7;2;1;0;1;0;0;0;0;793448,6506;5820674,597;13,31971971;52,45724467
37587;144671;11;1;1011103;2020;11;4;1;3;0;1;2;0;0;0;0;0;1;0;795438,4919;5825809,498;13,35346958;52,50220342
37588;144672;11;12;12214126;2020;11;12;3;3;0;1;0;1;0;0;0;0;0;0;790212,2538;5834037,574;13,28388089;52,57877317
37589;144673;11;10;10010310;2020;11;16;2;3;5;7;1;0;1;0;0;0;0;0;809867,8745;5831287,511;13,57048142;52,54329319
37590;144674;11;7;7010102;2020;11;22;7;3;6;4;2;0;1;1;0;0;0;0;795869,0891;5825420,883;13,3594495;52,4984865
37591;144675;11;3;3061227;2020;11;18;5;3;5;2;2;1;1;0;0;0;0;0;799671,0444;5831249,679;13,42054115;52,54865808
37592;144676;11;6;6040804;2020;11;17;2;3;5;3;2;0;1;0;0;0;0;0;787233,6202;5818251,339;13,22642075;52,43882016
37593;144677;11;3;3061228;2020;11;16;6;3;5;3;1;1;1;0;0;0;0;0;801447,1434;5831135,878;13,44655213;52,54665819
37594;144678;11;10;10030724;2020;11;12;3;3;0;2;0;1;1;0;0;0;0;1;809567,4042;5828027,033;13,56302918;52,51424485
37595;144679;11;4;4030827;2020;11;17;1;3;5;7;2;0;1;0;0;0;0;0;792734,175;5826094,63;13,31399377;52,50621709
37596;144680;11;11;11020514;2020;11;12;1;2;1;5;0;1;0;0;0;0;1;0;804819,03;5830889,762;13,4958984;52,54257633
37597;144681;11;9;9051901;2020;11;13;7;3;5;2;0;1;1;0;0;0;0;0;812066,179;5821345,416;13,59347856;52,45294522
37598;144682;11;10;10020413;2020;11;8;2;3;5;2;0;0;1;0;0;0;0;0;812013,4792;5830588,62;13,60136181;52,53580599
37599;144683;11;7;7040403;2020;11;19;6;3;5;2;2;0;1;0;0;0;0;0;796915,1128;5822288,959;13,37202369;52,46984379
37600;144684;11;12;12214527;2020;11;10;4;3;5;2;0;1;1;0;0;0;0;0;790481,7855;5834648,699;13,28838301;52,58410802
37601;144685;11;12;12214424;2020;11;15;1;3;0;2;0;0;1;0;1;0;0;0;793357,2723;5832400,918;13,32871414;52,56241515
37602;144686;11;6;6010101;2020;11;17;7;3;2;6;2;0;1;0;0;0;0;0;793473,4081;5820661,336;13,32007137;52,4571125
37603;144687;11;3;3040614;2020;11;11;5;3;5;3;0;1;1;0;0;0;0;0;798833,4036;5833723,707;13,41045246;52,5712941
37604;144688;11;5;5010339;2020;11;18;3;3;2;6;2;0;1;0;0;0;0;0;787390,6062;5828090,11;13,23720598;52,52694888
37605;144689;11;1;1011301;2020;11;22;6;2;6;2;2;0;0;1;1;0;0;0;797239,3708;5829077,84;13,38284242;52,53052241
37606;144690;11;12;12214422;2020;11;17;1;3;5;3;2;0;1;0;0;0;0;0;792133,4455;5833150,02;13,31137099;52,5697886
37607;144691;11;12;12224230;2020;11;7;3;3;5;2;0;1;0;0;1;0;0;0;788086,9678;5837370,366;13,25550266;52,60978187
37608;144692;11;8;8041035;2020;11;16;2;3;2;6;1;0;1;0;0;0;0;0;803795,4055;5818801,065;13,46983099;52,43479975
37609;144693;11;10;10010309;2020;11;8;7;3;5;3;0;0;1;0;0;0;0;1;807840,3895;5829077,415;13,53863194;52,52463574
37610;144694;11;9;9020701;2020;11;15;5;3;5;2;0;1;0;0;0;0;1;0;807713,912;5818104,639;13,52665017;52,42636803
37611;144695;11;1;1033202;2020;11;16;2;3;3;2;1;1;1;0;0;0;0;1;796973,517;5830178,057;13,37991795;52,5405295
37612;144696;11;10;10030724;2020;11;13;6;3;2;6;0;0;1;0;0;0;0;0;809643,5055;5830284,273;13,56624861;52,53443014
37613;144697;11;11;11010310;2020;11;12;3;3;6;4;0;0;0;1;0;0;1;0;805242,9464;5833200,467;13,50425431;52,56304833
37614;144698;11;6;6010207;2020;11;17;1;3;6;2;2;0;1;1;0;0;0;0;793554,2448;5820079,88;13,32074649;52,45185652
37615;144699;11;5;5010103;2020;11;10;7;3;2;6;0;0;1;0;1;0;0;0;785153,4944;5831165,475;13,20695937;52,55569708
37616;144700;11;11;11010205;2020;11;16;1;3;5;3;1;0;1;0;0;0;0;0;806902,2096;5832627,883;13,52812648;52,55698414
37617;144701;11;1;1022201;2020;11;18;4;3;5;3;2;1;1;0;0;0;0;0;794968,3526;5829078,72;13,34946194;52,53176394
37618;144702;11;11;11040925;2020;11;10;2;3;0;1;0;0;0;0;1;0;0;1;803845,1909;5826602,329;13,47766568;52,5046934
37619;144703;11;8;8010509;2020;11;8;6;3;0;7;0;1;0;0;0;0;0;1;803408,1443;5822535,878;13,46754471;52,46848961
37620;144704;11;4;4020310;2020;10;23;7;1;6;4;2;0;1;1;1;0;0;0;789816,3641;5827411,635;13,27227181;52,5195821
37621;144705;11;7;7060604;2020;11;12;3;3;2;6;0;0;1;0;1;0;0;0;796524,9224;5815893,203;13,36062131;52,41272289
37622;144706;11;12;12214422;2020;10;18;7;3;2;6;2;0;1;0;0;0;1;1;792309,3958;5833924,244;13,3146422;52,57663473
37623;144707;11;3;3061131;2020;11;8;5;3;0;6;0;1;1;0;0;0;0;0;799084,1103;5831090,809;13,41176795;52,54755662
37624;144708;11;4;4030827;2020;11;8;3;3;2;6;0;0;1;0;0;0;0;0;792389,7037;5826105,475;13,30894247;52,50649903
37625;144709;11;2;2020202;2020;11;13;6;3;5;2;0;1;1;0;0;0;0;0;797919,5904;5825262,957;13,38942513;52,49595538
37626;144710;11;12;12103220;2020;10;17;7;3;4;5;2;0;1;0;1;0;0;1;793896,8425;5833424,733;13,3375582;52,57130198
37627;144711;11;2;2050601;2020;11;9;3;3;0;1;0;1;0;0;0;0;0;0;802068,8517;5828581,227;13,45337084;52,5234166
37628;144712;11;2;2050803;2020;11;12;7;3;5;2;0;1;1;0;0;0;0;0;803019,3431;5825733,592;13,46474518;52,49736628
37629;144713;11;2;2040701;2020;11;13;5;3;5;3;0;0;1;0;0;0;1;0;800598,6533;5827041,605;13,43037543;52,51042906
37630;144714;11;8;8010404;2020;11;14;2;3;5;3;0;1;1;0;0;0;0;0;801586,9269;5823552,349;13,44173493;52,47860885
37631;144715;11;2;2020204;2020;11;22;5;2;5;2;2;1;0;0;1;0;0;0;798337,699;5825503,357;13,39578101;52,49788188
37632;144716;11;12;12301203;2020;11;9;3;3;5;7;0;0;1;0;1;0;0;1;794070,4873;5834696,607;13,34124117;52,58260961
37633;144717;11;1;1022104;2020;11;9;7;3;6;4;0;1;0;1;0;0;0;0;794554,5124;5829070,094;13,34337108;52,53191041
37634;144718;11;8;8010118;2020;10;17;7;3;5;3;2;0;1;0;0;0;0;0;800999,2437;5822156,326;13,43184809;52,46642006
37635;144719;11;8;8010118;2020;11;14;4;3;1;5;0;0;1;0;0;0;0;0;800822,8479;5822598,082;13,42965759;52,47047684
37636;144720;11;10;10020413;2020;11;12;6;3;0;7;0;0;1;0;0;0;0;0;811990,2747;5830702,887;13,60112807;52,53684324
37637;144721;11;12;12214424;2020;10;16;7;3;0;2;1;1;0;0;0;0;1;1;793178,7045;5832617,768;13,32627901;52,56445527
37638;144722;11;5;5020417;2020;11;13;3;3;2;7;0;0;1;1;0;0;0;0;783486,8795;5828152,92;13,17987169;52,52955611
37639;144723;11;1;1011302;2020;11;11;6;3;6;7;0;0;0;1;0;1;0;0;798669,6939;5828571,452;13,40341036;52,52520156
37640;144724;11;1;1033202;2020;11;14;4;3;5;3;0;0;1;0;1;0;0;1;797706,7484;5829651,102;13,39022546;52,53540593
37641;144725;11;2;2020205;2020;11;8;6;3;5;2;0;1;0;0;0;0;0;0;799211,169;5824510,688;13,40771813;52,48850583
37642;144726;11;7;7030303;2020;11;18;4;3;2;6;2;0;1;0;0;0;0;0;795909,5917;5820835,617;13,35597556;52,45736126
37643;144727;11;3;3040818;2020;11;19;1;3;5;3;2;0;1;0;0;0;0;0;799726,2436;5832496,068;13,42247807;52,55979951
37644;144728;11;1;1011302;2020;11;16;5;3;0;3;1;1;0;0;0;0;0;0;798233,7729;5828933,344;13,39732857;52,52868406
37645;144729;11;9;9020702;2020;11;20;3;3;1;5;2;1;0;0;0;0;1;0;809572,7894;5819558,356;13,55524767;52,43834758
37646;144730;11;7;7040405;2020;11;7;6;3;5;3;1;1;1;0;0;0;0;1;798046,3233;5821300,936;13,38774522;52,46037131
37647;144731;11;10;10040933;2020;10;16;7;3;5;3;2;0;1;0;0;0;0;1;813106,6722;5824197,949;13,61141659;52,4779122
37648;144732;11;9;9051702;2020;11;9;4;3;5;2;0;1;1;0;0;0;0;0;814205,0626;5821579,363;13,62507109;52,45381648
37649;144733;11;1;1011401;2020;11;12;1;3;3;6;0;1;1;0;0;0;0;0;797270,3742;5829093,879;13,38331246;52,53064927
37650;144734;11;4;4041343;2020;11;5;5;3;6;2;2;0;1;1;0;0;0;1;792637,4938;5822748,088;13,30963423;52,47626805
37651;144735;11;11;11020513;2020;10;16;7;3;1;5;1;1;1;0;0;0;0;1;803575,3636;5831366,292;13,4780516;52,54754161
37652;144736;11;1;1011301;2020;11;16;3;3;0;5;1;0;1;0;1;0;0;0;797409,6452;5828902,125;13,38518797;52,52885446
37653;144737;11;9;9020701;2020;11;7;6;2;5;2;0;0;1;0;0;1;0;0;808250,2235;5818801,274;13,53515491;52,4323095
37654;144738;11;9;9051801;2020;11;13;4;3;5;3;0;1;1;0;0;0;0;0;819884,308;5819744,575;13,70660912;52,43408339
37655;144739;11;2;2020204;2020;11;0;1;3;5;3;2;1;1;0;0;0;0;0;798312,4986;5825487,873;13,39539702;52,49775686
37656;144740;11;5;5010314;2020;11;13;5;3;6;4;0;0;0;1;0;0;1;0;784824,8467;5829249,059;13,20048127;52,53868659
37657;144741;11;12;12214421;2020;11;15;3;3;5;7;0;0;1;0;0;0;1;0;793526,1455;5834105,033;13,33270642;52,57760047
37658;144742;11;10;10010308;2020;11;16;6;3;5;3;1;0;1;0;0;0;0;0;807341,0097;5828494,772;13,53075603;52,51969579
37659;144743;11;2;2020203;2020;10;16;7;3;0;2;1;1;0;0;0;0;1;1;797751,9824;5824294,391;13,38609801;52,48736477
37660;144744;11;9;9010301;2020;11;10;3;3;0;3;0;1;1;0;0;0;0;1;804889,4046;5822168,237;13,48894716;52,46436998
37661;144745;11;7;7060604;2020;11;15;2;3;5;7;0;0;1;0;1;0;0;0;796313,387;5815924,028;13,35754757;52,41311376
37662;144746;11;7;7030301;2020;11;16;5;3;5;3;2;1;1;0;0;0;0;0;793714,7688;5821651,91;13,32448499;52,46586298
37663;144747;11;9;9052001;2020;11;13;3;3;4;7;0;0;1;0;1;0;0;0;809684,1836;5823136,058;13,56019889;52,47034715
37664;144748;11;9;9052001;2020;11;19;6;3;0;3;2;0;1;0;1;0;0;0;810544,7192;5823195,422;13,57288204;52,47039069
37665;144749;11;8;8010211;2020;10;14;7;3;1;5;0;1;1;0;0;0;0;1;800535,5232;5823755,164;13,42648307;52,48100635
37666;144750;11;10;10030724;2020;11;7;4;3;5;3;0;0;1;0;0;0;0;0;809371,5601;5829822,491;13,56182235;52,53044625
37667;144751;11;2;2040701;2020;11;15;2;3;3;6;0;1;1;0;0;0;0;0;800559,7728;5826964,074;13,42973424;52,50975555
37668;144752;11;5;5030730;2020;11;13;7;3;0;7;0;0;1;0;0;0;0;0;786419,6489;5831112,616;13,22553864;52,55455873
37669;144753;11;2;2030302;2020;11;20;5;3;6;7;2;1;0;1;0;0;0;0;801426,0483;5825994,653;13,44158236;52,50058852
37670;144754;11;10;10010204;2020;11;9;2;3;0;1;0;0;0;0;1;0;0;1;810056,6112;5833185,04;13,57502747;52,56019044
37671;144755;11;1;1044201;2020;11;18;6;3;5;3;2;1;1;0;0;0;0;0;795770,237;5831028,628;13,36298478;52,54880852
37672;144756;11;1;1044103;2020;11;6;4;3;2;6;2;0;1;0;0;0;0;0;794760,4569;5830376,081;13,34755682;52,54350628
37673;144757;11;11;11041128;2020;11;21;2;2;5;5;2;0;1;0;1;0;0;1;806725,1936;5825651,703;13,51908909;52,49456237
37674;144758;11;5;5030730;2020;11;13;1;3;5;2;0;0;1;0;0;0;0;0;786103,8541;5829154,615;13,21920676;52,53716982
37675;144759;11;4;4020311;2020;11;13;7;3;6;7;0;0;1;1;0;0;0;0;789721,7216;5826440,649;13,27003538;52,51092733