;OBJECTID;LAND;BEZ;LOR;UJAHR;UMONAT;USTUNDE;UWOCHENTAG;UKATEGORIE;UART;UTYP1;ULICHTVERH;IstRad;IstPKW;IstFuss;IstKrad;IstGkfz;IstSonstige;USTRZUSTAND;LINREFX;LINREFY;XGCSWGS84;YGCSWGS84
37676;144760;11;1;1044101;2020;11;10;5;3;0;5;0;1;1;0;0;0;0;1;793775,6939;5830653,721;13,33332289;52,54652702
37677;144761;11;11;11010308;2020;11;16;3;3;3;5;1;0;1;0;0;0;0;0;805446,5472;5833515,423;13,50753855;52,56575688
37678;144762;11;10;10040931;2020;11;15;6;3;5;3;0;0;1;0;0;0;0;0;815008,794;5829713,653;13,64454862;52,52624293
37679;144763;11;12;12103115;2020;10;15;7;3;0;2;0;1;1;0;0;0;0;1;795489,2808;5833421,767;13,36098418;52,57041324
37680;144764;11;4;4030929;2020;11;8;3;2;5;2;0;1;1;0;0;0;0;0;792711,6539;5825643,099;13,31326594;52,50218133
37681;144765;11;6;6030504;2020;11;15;2;3;0;6;0;1;0;0;0;1;0;0;789078,1897;5816371,534;13,25185621;52,42099483
37682;144766;11;4;4041344;2020;11;11;7;3;0;2;0;0;1;0;1;0;0;1;793399,3962;5821766,037;13,31995632;52,46705554
37683;144767;11;3;11030618;2020;11;14;5;2;6;6;0;0;1;1;0;0;0;0;802565,3047;5829296,761;13,46131697;52,52955461
37684;144768;11;6;6030608;2020;11;18;2;3;2;6;2;0;1;0;0;0;0;0;792761,9849;5817474,733;13,30683911;52,42892662
37685;144769;11;6;6020306;2020;11;15;2;3;5;3;0;0;1;0;0;0;0;0;795530,7868;5816453,636;13,3465424;52,41828446
37686;144770;11;5;5020626;2020;11;13;6;3;0;6;0;0;1;0;0;0;1;0;784592,3855;5827960,109;13,19595936;52,5272513
37687;144771;11;9;9051901;2020;11;10;3;3;5;3;0;1;1;0;0;0;0;0;810822,3653;5821366,255;13,57525307;52,45384059
37688;144772;11;8;8010303;2020;11;0;7;3;0;7;2;0;0;0;0;0;1;0;800340,4607;5824353,805;13,42415872;52,48647954
37689;144773;11;12;12301203;2020;11;16;5;3;5;2;1;0;1;0;1;0;0;0;792354,3866;5834061,452;13,31542523;52,57784057
37690;144774;11;1;1033102;2020;11;14;2;3;6;7;0;1;0;1;0;0;0;0;797541,6911;5831858,818;13,38977684;52,55528545
37691;144775;11;1;1033102;2020;11;17;2;3;5;3;2;1;1;0;0;0;0;0;797140,9445;5831804,109;13,38383428;52,55501384
37692;144776;11;1;1011401;2020;11;15;6;3;2;6;0;0;1;0;0;0;0;0;797619,0344;5829331,644;13,38865002;52,53259029
37693;144777;11;5;5010101;2020;11;10;3;3;2;2;0;0;1;0;0;0;0;0;785210,5096;5831830,755;13,20836981;52,56163202
37694;144778;11;10;10010203;2020;10;15;7;3;9;6;0;0;1;0;0;0;0;1;807526,5844;5831174,351;13,53596124;52,54360549
37695;144779;11;2;2020203;2020;11;9;1;3;5;3;0;1;1;0;0;0;0;0;797755,6703;5824596,924;13,38642246;52,49007462
37696;144780;11;3;3050923;2020;11;12;7;2;5;3;0;1;1;0;0;0;0;0;801062,183;5831424,217;13,44115365;52,54945547
37697;144781;11;6;6030501;2020;10;15;7;2;9;1;0;0;1;0;0;0;0;1;788384,2884;5816786,734;13,24203842;52,42508349
37698;144782;11;9;9020502;2020;11;22;4;3;5;2;2;1;0;0;0;0;0;0;807107,0088;5822243,285;13,52155643;52,46380077
37699;144783;11;4;4041238;2020;11;9;3;3;0;1;0;1;0;0;0;0;0;1;791292,9153;5823315,155;13,29038863;52,48207061
37700;144784;11;7;7040404;2020;11;12;6;3;5;3;0;0;1;0;0;1;0;0;796693,7083;5820028,697;13,36676498;52,44970282
37701;144785;11;3;3051022;2020;10;15;7;3;5;3;0;0;1;0;0;0;1;1;803004,8364;5832012,039;13,47025285;52,5536469
37702;144786;11;1;1022207;2020;11;18;3;3;2;2;2;1;1;0;0;0;0;0;794191,0209;5827133,064;13,33631442;52,51474243
37703;144787;11;8;8020620;2020;11;7;6;3;5;3;0;1;1;0;0;0;0;0;800598,9938;5821191,588;13,42510517;52,45799306
37704;144788;11;7;7030301;2020;11;18;4;3;5;2;1;1;1;0;0;0;0;0;793991,2635;5821551,783;13,32845512;52,46481668
37705;144789;11;5;5040936;2020;11;14;2;3;1;5;0;1;1;0;0;0;0;0;781442,8009;5819503,456;13,14251245;52,45305861
37706;144790;11;6;6030503;2020;11;12;2;3;6;4;0;1;0;1;0;0;0;0;789421,2822;5818018,975;13,25831314;52,43558356
37707;144791;11;6;6010206;2020;11;18;5;3;2;6;2;0;1;0;0;0;0;0;794842,9689;5819779,874;13,3393911;52,44847355
37708;144792;11;4;4020313;2020;11;14;3;3;5;3;0;0;1;0;0;0;0;0;790506,164;5826182,853;13,28133677;52,50819896
37709;144793;11;1;1011303;2020;11;0;7;3;5;2;2;1;1;0;0;0;0;0;799238,782;5828468,097;13,41168066;52,5239631
37710;144794;11;5;5010103;2020;10;13;7;3;4;2;0;0;1;0;0;0;0;1;783906,2045;5831173,335;13,18861801;52,55641923
37711;144795;11;5;5030832;2020;11;12;4;2;6;7;0;0;0;1;0;0;1;0;788769,9631;5830009,366;13,25914959;52,54342669
37712;144796;11;11;11010309;2020;11;10;7;3;6;4;0;0;1;1;0;0;0;0;804394,0944;5833384,288;13,49193895;52,56517103
37713;144797;11;3;3061228;2020;10;20;7;3;2;6;2;0;1;0;0;0;0;1;800685,8379;5830659,83;13,43492804;52,542812
37714;144798;11;3;3061228;2020;11;16;4;3;5;3;1;1;1;0;0;0;0;0;800331,7595;5831573,817;13,43054909;52,55119956
37715;144799;11;7;7040405;2020;11;8;2;3;6;7;0;1;0;1;0;0;0;1;799657,0247;5820978,675;13,41109209;52,45660188
37716;144800;11;3;3061228;2020;11;8;6;3;5;2;0;1;0;0;0;1;0;0;800292,8817;5831595,851;13,42999734;52,55141849
37717;144801;11;2;2050602;2020;10;17;7;3;2;6;2;0;1;0;0;0;0;1;802205,6731;5827743,031;13,4546199;52,51582806
37718;144802;11;7;7020203;2020;11;12;3;3;1;5;0;1;1;0;0;0;0;0;795574,4458;5824148,945;13,35399334;52,48724423
37719;144803;11;8;8041036;2020;11;13;6;3;6;7;0;0;1;1;0;0;0;0;804328,2037;5815872,482;13,47498052;52,4082551
37720;144804;11;1;1011101;2020;11;15;4;3;5;2;0;1;1;0;0;0;0;0;795230,7448;5826625,915;13,35114189;52,50963442
37721;144805;11;6;6030605;2020;11;14;2;3;2;6;0;0;1;0;0;0;0;0;791795,3385;5819237,632;13,29420108;52,44524751
37722;144806;11;12;12231101;2020;11;18;1;3;0;7;2;1;0;0;0;0;0;0;791866,2495;5838585,327;13,31222979;52,6186573
37723;144807;11;7;8020726;2020;11;7;5;3;2;3;0;0;1;0;0;0;0;0;799286,6306;5816277,956;13,40144883;52,41466887
37724;144808;11;1;1022104;2020;11;22;3;3;5;3;2;1;1;0;0;0;0;0;794595,1924;5828438,912;13,34340976;52,52623033
37725;144809;11;6;6010103;2020;11;20;6;3;1;5;2;0;1;0;1;0;0;0;793594,0863;5821528,14;13,32260473;52,46481829
37726;144810;11;8;8030829;2020;10;18;7;3;2;6;2;0;1;0;0;0;0;1;802831,6182;5818234,597;13,45518408;52,43025686
37727;144811;11;4;4051551;2020;11;8;4;3;6;4;0;1;0;1;0;0;0;0;792748,6095;5823284,958;13,31173693;52,48102142
37728;144812;11;11;11030618;2020;11;15;2;3;6;4;0;1;0;1;0;0;0;1;803775,2063;5829027,405;13,47885173;52,52646761
37729;144813;11;6;6040809;2020;11;10;1;3;5;2;0;0;1;0;0;0;0;0;791102,9167;5819243,829;13,28404743;52,44567215
37730;144814;11;8;8020622;2020;11;13;5;2;5;3;0;0;1;0;1;0;0;0;802556,0057;5819114,671;13,45193906;52,43829759
37731;144815;11;11;11020411;2020;10;5;7;3;0;1;2;0;1;0;0;0;0;1;806114,525;5832004,875;13,51596959;52,55184394
37732;144816;11;2;2050802;2020;11;17;3;3;1;5;2;1;1;0;0;0;0;0;802672,0828;5826987,819;13,46078548;52,50880053
37733;144817;11;2;2030301;2020;11;0;6;3;6;4;2;0;1;1;0;0;0;0;799929,689;5825743,37;13,41937831;52,49916065
37734;144818;11;4;4030827;2020;11;9;4;3;1;5;0;1;1;0;0;0;0;0;792116,1734;5826473,391;13,3052467;52,50994385
37735;144819;11;6;6010209;2020;11;14;1;3;2;2;0;1;1;0;0;0;0;0;794443,9499;5821519,275;13,33507067;52,4642815
37736;144820;11;3;3051022;2020;11;12;5;3;5;3;0;1;1;0;0;0;0;0;803398,7186;5831665,205;13,47572763;52,55031908
37737;144821;11;11;11010204;2020;10;0;7;3;0;1;2;0;1;0;0;0;0;1;806726,4069;5833989,793;13,52680037;52,56928866
37738;144822;11;3;3061131;2020;11;14;3;3;2;7;0;0;1;0;0;0;0;0;798380,8917;5830941,191;13,40129371;52,54660112
37739;144823;11;5;5010209;2020;11;8;6;3;0;1;0;1;0;0;0;0;0;0;783178,1308;5829268,922;13,17628342;52,53972294
37740;144824;11;2;2020203;2020;11;14;4;3;1;5;0;1;1;0;0;0;0;0;797358,8918;5824532,138;13,38053804;52,48971016
37741;144825;11;7;7040401;2020;11;15;5;3;2;7;0;0;1;0;0;0;0;0;797357,0086;5823574,988;13,37965651;52,48113136
37742;144826;11;9;9041402;2020;11;15;3;3;0;7;0;1;0;1;0;0;0;1;812136,8362;5820291,882;13,59353063;52,44346378
37743;144827;11;6;6040804;2020;11;18;6;3;0;6;2;1;0;0;0;0;1;0;786674,129;5818445,475;13,21837905;52,44085434
37744;144828;11;4;4010103;2020;10;0;7;3;5;2;2;0;1;0;1;0;0;1;791488,2715;5829239,631;13,29844533;52,53507869
37745;144829;11;8;8020620;2020;11;19;3;2;9;1;2;0;1;0;1;0;0;0;800714,4232;5821065,624;13,42668544;52,4568005
37746;144830;11;2;2030401;2020;11;10;2;3;5;3;0;1;1;0;0;0;0;1;800302,9054;5825567,053;13,42470077;52,49737502
37747;144831;11;2;2030302;2020;11;21;7;3;3;6;2;1;0;0;0;0;1;0;801131,0766;5825937,919;13,43719876;52,50024285
37748;144832;11;2;2020203;2020;11;19;5;3;5;2;2;0;1;0;1;0;0;0;797628,5526;5824021,841;13,38404221;52,48498897
37749;144833;11;5;5010206;2020;11;14;2;3;5;3;0;0;1;0;0;0;0;0;782366,3069;5830500,657;13,16539236;52,55118842
37750;144834;11;11;11030721;2020;11;17;2;3;2;2;2;0;1;0;0;0;0;0;804603,699;5827475,729;13,48960553;52,5120984
37751;144835;11;3;3020209;2020;11;16;6;3;5;2;2;1;1;0;0;0;0;0;797439,9837;5835029,513;13,39112449;52,58376213
37752;144836;11;6;6040804;2020;11;12;4;3;8;1;0;0;1;0;0;0;0;0;787351,1812;5818285,975;13,22817523;52,43906894
37753;144837;11;9;9041301;2020;11;14;2;3;2;2;0;0;1;0;0;0;0;0;811658,5722;5819972,139;13,58621862;52,4408712
37754;144838;11;8;8010406;2020;11;12;1;2;5;3;0;0;1;0;1;0;0;0;802024,1424;5824296,121;13,4488269;52,48503376
37755;144839;11;10;10040931;2020;11;13;7;3;5;3;0;0;1;0;0;0;0;0;813154,0811;5828817,917;13,61645582;52,51928469
37756;144840;11;3;3051021;2020;11;8;5;2;4;6;0;1;0;0;0;0;0;0;802851,7448;5832486,707;13,4684348;52,55798637
37757;144841;11;1;1011301;2020;11;8;3;3;5;2;0;1;1;0;0;0;0;0;797258,5116;5829087,889;13,38313275;52,53060205
37758;144842;11;10;10010309;2020;11;14;6;3;5;2;0;1;1;0;0;0;0;0;807934,6081;5829198,157;13,54012811;52,52566462
37759;144843;11;5;5010314;2020;11;15;1;3;3;6;0;0;1;0;1;0;0;0;785060,2887;5829451,987;13,20411742;52,54038291
37760;144844;11;10;10020622;2020;11;19;7;3;5;2;2;0;1;0;0;0;0;0;810904,6873;5829230,233;13,58379681;52,52426662
37761;144845;11;8;8010211;2020;11;11;5;3;6;4;0;1;0;1;0;0;0;0;800607,4078;5823772,282;13,42755384;52,48112023
37762;144846;11;12;12214125;2020;11;17;3;3;5;2;2;1;0;0;0;0;0;0;790738,3327;5834245,456;13,29180512;52,58035598
37763;144847;11;10;10010309;2020;11;15;6;2;5;7;0;0;1;0;0;0;1;0;808578,9129;5830116,95;13,55044785;52,53353438
37764;144848;11;7;7030302;2020;10;0;7;3;0;1;2;1;0;0;0;0;0;1;794963,8901;5822421,948;13,34349983;52,47209299
37765;144849;11;9;9020702;2020;11;7;3;3;3;6;1;1;0;0;0;0;1;1;808959,9381;5819390,074;13,54610511;52,43718597
37766;144850;11;8;8020622;2020;11;10;2;3;0;4;0;0;0;1;1;0;0;1;801549,3077;5820599,663;13,43851465;52,45216398
37767;144851;11;5;5020419;2020;11;4;7;2;1;1;2;0;1;0;0;0;0;1;782109,241;5828484,14;13,15989854;52,53324071
37768;144852;11;7;7020202;2020;11;15;5;3;6;4;0;1;0;1;0;0;0;0;794650,3211;5823662,818;13,33999318;52,48338592
37769;144853;11;10;10040933;2020;11;16;2;3;5;2;2;0;1;0;0;0;1;0;812723,533;5825534,673;13,60704748;52,49011029
37770;144854;11;9;9051901;2020;11;14;6;3;4;6;0;1;0;0;0;0;0;0;810784,325;5821279,708;13,57461452;52,45308663
37771;144855;11;11;11040926;2020;11;9;3;3;2;2;0;1;1;0;0;0;0;0;806140,8728;5826705,713;13,51147792;52,50433678
37772;144856;11;9;9051702;2020;10;10;7;3;2;7;0;0;1;0;0;0;0;1;814204,3553;5821525,105;13,62500967;52,45333069
37773;144857;11;4;4041136;2020;11;11;7;2;2;2;0;0;1;0;0;0;0;0;790688,312;5822694,722;13,28096969;52,47683055
37774;144858;11;5;5020419;2020;10;12;7;3;0;7;0;0;1;0;0;0;0;1;781534,9545;5828402,73;13,1513855;52,5328077
37775;144859;11;1;1022101;2020;11;19;4;3;5;2;2;1;1;0;0;0;0;0;793530,9685;5829122,921;13,32837189;52,53293613
37776;144860;11;11;11041128;2020;11;11;2;3;5;3;0;1;1;0;0;0;0;1;806076,9117;5825257,178;13,50920747;52,49139041
37777;144861;11;4;4030620;2020;11;10;6;3;5;2;0;1;1;0;0;0;0;1;792542,8955;5827127,512;13,31209148;52,51557918
37778;144862;11;5;5010314;2020;10;12;7;3;4;6;0;1;0;0;0;0;1;1;784540,5632;5829079,209;13,19615554;52,53731223
37779;144863;11;8;8041036;2020;11;12;3;3;5;3;0;1;1;0;0;0;0;0;805150,8209;5817151,825;13,48820269;52,41926367
37780;144864;11;10;10020415;2020;11;22;6;2;5;2;2;1;1;0;0;0;0;0;812100,7084;5831520,825;13,60351929;52,54410964
37781;144865;11;11;11040926;2020;11;19;4;3;2;2;2;0;1;0;1;0;0;0;804913,3703;5826254,237;13,49303585;52,50097775
37782;144866;11;10;10030724;2020;11;13;2;3;5;3;0;0;1;0;0;0;0;1;808678,0613;5828994,675;13,55086305;52,52342067
37783;144867;11;4;4020311;2020;11;9;2;3;3;2;0;0;1;0;1;0;0;0;789926,7135;5826215,334;13,27285124;52,50879842
37784;144868;11;4;4041137;2020;10;11;7;3;1;7;0;0;1;0;0;0;1;1;790761,1057;5822795,603;13,28212643;52,47769621
37785;144869;11;12;12103117;2020;11;9;3;3;5;3;0;0;1;0;0;0;0;0;795783,4657;5832578,597;13,36456043;52,5626953
37786;144870;11;7;7010102;2020;11;12;7;3;6;4;0;0;1;1;0;0;0;0;795080,684;5825615,56;13,34804171;52,50065851
37787;144871;11;12;12301203;2020;11;14;5;2;5;2;0;0;1;0;1;0;0;0;793553,7721;5835456,863;13,33431041;52,58970383
37788;144872;11;4;4020310;2020;11;14;2;3;2;2;0;0;0;0;1;0;1;0;790369,314;5827327,677;13,28032503;52,51853525
37789;144873;11;9;9031001;2020;11;8;5;3;0;7;0;1;0;0;0;0;0;0;811179,3499;5815153,184;13,57470992;52,39795843
37790;144874;11;5;5020419;2020;11;9;3;3;6;2;0;0;1;1;0;0;0;0;781967,69;5828466,584;13,15780235;52,53315654
37791;144875;11;1;1022206;2020;11;10;7;3;0;6;0;0;1;0;0;0;1;0;796353,3708;5828555,489;13,36935397;52,52632246
37792;144876;11;4;4020313;2020;10;12;7;3;3;2;0;0;1;0;1;0;0;1;790424,6615;5825950,513;13,27993657;52,50615941
37793;144877;11;7;7040404;2020;11;15;4;3;4;6;0;0;1;0;0;0;0;0;796193,3602;5820527,852;13,35986667;52,45444868
37794;144878;11;9;9020802;2020;11;6;2;3;0;7;2;1;1;0;0;0;0;1;810369,3453;5820351,915;13,56766528;52,44500779
37795;144879;11;12;12214424;2020;11;8;6;3;0;2;0;0;1;0;0;0;1;0;793474,0922;5832425,561;13,33045435;52,56257311
37796;144880;11;3;3061227;2020;10;12;7;3;5;7;0;0;1;0;0;0;0;1;799431,1298;5831369,476;13,41712155;52,5498638
37797;144881;11;5;5010103;2020;11;12;3;3;6;7;0;0;1;1;0;0;0;0;784162,6683;5831217,695;13,19242873;52,5566832
37798;144882;11;9;9041301;2020;11;12;6;3;0;2;0;0;1;0;1;0;0;0;811748,5845;5819774,935;13,58735465;52,43905266
37799;144883;11;2;2040503;2020;11;14;4;3;2;6;0;1;0;0;0;0;0;0;801335,4887;5828710,741;13,44271166;52,52498324
37800;144884;11;7;7070701;2020;11;7;5;3;6;4;1;0;1;1;0;0;0;0;799688,732;5815156,641;13,40633967;52,4043977
37801;144885;11;1;1022206;2020;11;13;3;3;5;7;0;1;1;0;0;0;0;0;795562,0929;5827763,362;13,35702034;52,51965127
37802;144886;11;3;3030406;2020;11;14;6;3;5;3;0;1;1;0;0;0;0;0;803156,894;5839362,958;13,47921409;52,61944576
37803;144887;11;2;2040502;2020;10;13;7;2;5;3;0;1;0;0;0;0;0;1;801051,0736;5828170,331;13,43804294;52,52029657
37804;144888;11;2;2040502;2020;11;16;5;2;5;2;2;1;0;0;0;0;0;0;800711,4263;5828461,888;13,4333158;52,52309726
37805;144889;11;9;9051801;2020;11;14;3;3;1;5;0;1;1;0;0;0;0;0;819949,2831;5819886,579;13,70769752;52,43531774
37806;144890;11;6;6010103;2020;11;18;6;3;5;3;1;0;1;0;0;0;0;0;793632,7851;5821508,465;13,32315542;52,46462111
37807;144891;11;1;1011401;2020;10;13;7;3;0;1;0;1;0;0;0;0;0;1;798322,3812;5829356,219;13,39901035;52,53242608
37808;144892;11;1;1011401;2020;11;9;4;2;2;6;0;0;1;0;0;0;0;0;797399,2825;5829309,059;13,3853997;52,53250779
37809;144893;11;5;5020524;2020;11;22;1;3;2;6;2;0;1;0;1;0;0;0;783780,0574;5826264,881;13,18257105;52,51247505
37810;144894;11;7;7040405;2020;11;10;5;3;5;3;0;0;0;0;0;0;1;0;799359,9697;5820941,906;13,40670039;52,45643507
37811;144895;11;12;12214422;2020;10;14;7;3;0;7;0;0;1;0;1;0;0;1;791887,2796;5833517,521;13,30807265;52,57321517
37812;144896;11;11;11041128;2020;11;15;3;3;5;2;1;1;1;0;0;0;0;0;807104,8187;5825756,325;13,52475974;52,49528656
37813;144897;11;5;5020417;2020;11;7;6;3;5;3;0;0;1;0;0;0;0;1;782463,589;5828527,119;13,16514518;52,53344254
37814;144898;11;5;5030833;2020;11;13;4;3;3;6;0;0;1;0;1;0;0;0;788090,5046;5829386,666;13,24861807;52,53820364
37815;144899;11;7;7050501;2020;11;13;2;3;5;3;0;1;1;0;0;0;0;1;797555,4379;5820289,027;13,37963974;52,45156808
37816;144900;11;8;8020726;2020;11;0;1;3;1;5;2;0;1;0;0;0;0;0;800574,318;5816156,012;13,42021562;52,41287025
37817;144901;11;1;1022204;2020;11;13;5;3;0;2;0;1;0;0;1;0;0;0;794999,4754;5828142,247;13,34908855;52,52335233
37818;144902;11;3;3030716;2020;11;15;3;3;2;2;0;0;1;0;0;0;0;0;802579,8367;5833494,485;13,46535514;52,56717002
37819;144903;11;9;9031101;2020;11;15;6;2;5;3;0;0;1;0;1;0;0;0;811368,484;5817454,088;13,57962028;52,41847077
37820;144904;11;6;6020410;2020;10;10;7;3;5;3;0;0;1;0;0;0;0;1;794715,4057;5816703,329;13,33480735;52,42096254
37821;144905;11;12;12304313;2020;11;10;3;3;0;1;0;0;0;0;1;0;0;0;791392,496;5834302,887;13,30148264;52,5805209
37822;144906;11;3;3030711;2020;11;10;2;3;2;6;0;0;1;0;0;1;0;1;801975,936;5836387,246;13,4591077;52,59343271
37823;144907;11;4;4010103;2020;11;7;7;3;1;5;0;0;0;0;0;1;1;1;791468,9001;5829224,41;13,29814719;52,53495259
37824;144908;11;1;1011202;2020;11;18;5;3;6;6;2;1;0;1;0;0;0;0;797657,476;5828076,985;13,38809192;52,52132283
37825;144909;11;6;6040703;2020;11;17;2;3;5;2;1;1;1;0;0;0;0;0;787125,1253;5817227,445;13,22394966;52,42969706
37826;144910;11;3;3061227;2020;11;7;4;3;5;3;0;1;1;0;0;0;0;0;799495,1759;5831784,713;13,41843783;52,55355051
37827;144911;11;2;2020203;2020;11;10;2;3;2;6;0;0;1;0;0;0;1;1;797107,2092;5824327,455;13,37665965;52,48801242
37828;144912;11;1;1044203;2020;11;23;7;3;1;5;2;1;1;0;0;0;0;0;796024,868;5831419,676;13,36707768;52,55217556
37829;144913;11;4;4031032;2020;11;15;5;3;1;5;0;0;1;0;0;0;0;0;791076,4366;5825221,801;13,28887543;52,49927916
37830;144914;11;11;11051332;2020;11;2;2;3;4;6;2;0;1;0;0;0;0;0;807108,9952;5823644,629;13,52287549;52,47635881
37831;144915;11;1;1011204;2020;11;18;6;3;2;3;2;1;1;0;0;0;0;0;798610,0686;5827019,871;13,40114142;52,51132644
37832;144916;11;10;10020622;2020;11;11;4;3;6;4;0;0;1;1;0;0;0;0;810852,3849;5828106,099;13,581978;52,51422262
37833;144917;11;1;1011201;2020;11;14;1;3;5;2;0;1;1;0;0;0;0;0;797473,2907;5826793,496;13,3842378;52,50991836
37834;144918;11;11;11051331;2020;11;15;7;3;5;3;0;0;1;0;0;0;0;1;807536,6888;5824817,596;13,5302348;52,48663043
37835;144919;11;5;5020523;2020;11;15;5;2;0;7;1;1;0;0;0;0;0;1;782688,4077;5826946,325;13,1671068;52,51915202
37836;144920;11;2;2030302;2020;11;16;3;3;5;2;2;1;0;0;0;0;1;0;800745,5064;5826524,66;13,43206575;52,50571461
37837;144921;11;8;8030831;2020;11;8;6;3;6;4;0;1;0;1;0;0;0;0;803943,4219;5817486,676;13,47080707;52,42293677
37838;144922;11;4;4051445;2020;10;10;7;3;5;3;0;0;1;0;0;0;0;1;792510,7645;5824492,997;13,30930482;52,49197868
37839;144923;11;9;9020501;2020;11;8;3;3;5;3;0;1;1;0;0;0;0;1;806409,5667;5822969,801;13,51198967;52,47070359
37840;144924;11;12;12103117;2020;11;4;2;3;5;3;2;0;1;0;0;0;0;1;796678,1823;5832735,223;13,37786102;52,56361249
37841;144925;11;1;1022104;2020;11;11;7;3;5;3;0;1;1;0;0;0;0;1;794265,3822;5829147,225;13,33918927;52,53275801
37842;144926;11;10;10010308;2020;11;14;5;3;5;2;0;0;1;0;1;0;0;0;807172,6083;5828934,673;13,52868816;52,52373309
37843;144927;11;7;7040405;2020;11;15;2;3;6;4;1;1;0;1;0;0;0;0;798063,6156;5821156,775;13,38787026;52,45906963
37844;144928;11;4;4061757;2020;11;0;6;2;0;1;2;1;0;0;0;0;0;1;786611,8475;5825097,286;13,2231803;52,50052604
37845;144929;11;12;12214424;2020;11;11;3;3;5;3;0;0;1;0;0;0;0;0;793274,4676;5832581,247;13,32765547;52,56407631
37846;144930;11;10;10020517;2020;11;10;7;3;5;2;0;0;1;0;0;0;1;0;812605,2462;5830312,329;13,60979827;52,53299106
37847;144931;11;7;7040402;2020;10;10;7;2;6;2;0;0;1;1;0;0;0;1;796149,2477;5820777,585;13,35944088;52,45671124
37848;144932;11;2;2010101;2020;11;16;4;3;8;1;1;0;1;0;0;0;0;0;797479,7204;5826059,812;13,38367665;52,50333822
37849;144933;11;12;12214527;2020;11;9;2;3;5;2;0;1;1;0;0;0;0;1;790052,8199;5835750,166;13,28303382;52,59421146
37850;144934;11;5;5020625;2020;11;15;6;3;0;1;0;0;0;0;0;0;1;0;783613,8008;5828666,658;13,18217601;52,53409635
37851;144935;11;8;8010301;2020;11;8;3;3;2;6;0;1;1;0;0;0;0;0;800931,2402;5824258,328;13,43274672;52,48529845
37852;144936;11;12;12231101;2020;10;10;7;3;5;2;0;1;1;0;0;0;0;1;791294,4005;5838938,781;13,30411822;52,62213275
37853;144937;11;12;12302110;2020;11;12;1;3;5;3;0;0;1;0;0;0;0;0;794913,586;5836312,484;13,35508694;52,59663813
37854;144938;11;9;9052001;2020;11;13;7;2;6;4;0;1;0;1;0;0;0;0;811079,3141;5821963,111;13,57957824;52,45904318
37855;144939;11;1;2040501;2020;10;9;7;3;6;4;0;0;1;1;0;0;0;1;800188,838;5828469,922;13,42564366;52,52345723
37856;144940;11;5;5010209;2020;11;12;5;3;5;3;0;0;1;0;0;0;0;0;783345,443;5829415,46;13,17886877;52,54094986
37857;144941;11;6;6010102;2020;11;7;3;3;2;7;0;1;1;0;0;0;0;0;793525,6116;5820668,346;13,32084362;52,45714731
37858;144942;11;7;7030301;2020;11;13;6;3;6;4;0;1;0;1;0;0;0;0;793924,7114;5822863,812;13,32863428;52,47661426
37859;144943;11;1;1011201;2020;10;11;7;3;0;1;0;0;0;0;1;0;0;1;796977,836;5827282,26;13,377395;52,51456955
37860;144944;11;2;2020206;2020;11;9;3;3;1;5;0;1;1;0;0;0;0;0;799975,7446;5824460,819;13,41889996;52,48763926
37861;144945;11;2;2040503;2020;11;13;7;3;6;4;0;0;1;1;0;0;0;0;801598,0222;5828292,055;13,44618997;52,52108536
37862;144946;11;2;2030301;2020;11;16;5;3;3;6;1;1;0;0;0;0;1;0;799900,6668;5825954,297;13,41914199;52,50106723
37863;144947;11;1;1011401;2020;11;13;2;3;2;7;0;0;0;0;1;0;1;0;797501,3169;5829393,016;13,38697464;52,53320468
37864;144948;11;4;4031032;2020;11;18;5;3;2;6;2;0;1;0;1;0;0;0;791619,7488;5824499,243;13,29622389;52,49251143
37865;144949;11;2;2030302;2020;11;9;3;3;2;6;0;1;0;1;0;0;0;0;801207,378;5825943,315;13,43832428;52,50024911
37866;144950;11;12;12103117;2020;11;8;7;3;5;3;0;0;1;0;0;0;1;0;796392,089;5833163,647;13,37403549;52,56760865
37867;144951;11;2;2050802;2020;10;11;7;3;1;5;0;1;1;0;0;0;0;1;802335,4568;5827096,149;13,45593899;52,50995815
37868;144952;11;5;5010209;2020;11;13;4;2;1;5;0;0;1;0;0;0;1;0;783099,7271;5830182,454;13,17590908;52,54795463
37869;144953;11;1;1011302;2020;11;2;6;3;9;1;2;0;0;0;0;0;1;0;798067,788;5828466,029;13,39447012;52,52458597
37870;144954;11;7;7060604;2020;10;12;7;3;5;2;0;0;1;0;0;0;0;1;797607,1847;5815572,006;13,37620095;52,40925635
37871;144955;11;5;5020627;2020;11;14;3;3;2;2;0;0;1;0;0;0;0;0;785951,065;5828001,87;13,21596851;52,52691474