;OBJECTID;LAND;BEZ;LOR;UJAHR;UMONAT;USTUNDE;UWOCHENTAG;UKATEGORIE;UART;UTYP1;ULICHTVERH;IstRad;IstPKW;IstFuss;IstKrad;IstGkfz;IstSonstige;USTRZUSTAND;LINREFX;LINREFY;XGCSWGS84;YGCSWGS84
38069;145153;11;11;11030721;2020;11;8;2;3;5;2;0;1;1;0;0;0;0;0;803791,3998;5827705,822;13,47788274;52,51461365
38070;145154;11;4;4051653;2020;11;15;3;3;6;4;0;0;1;1;0;0;0;0;793990,4211;5824298,684;13,33086438;52,48944185
38071;145155;11;8;8020619;2020;11;16;5;3;5;7;2;0;1;0;0;0;0;1;802798,1186;5820809,883;13,45702627;52,45335791
38072;145156;11;11;11051330;2020;11;7;2;3;2;6;0;0;1;0;0;0;0;0;807167,5379;5825634,093;13,525568;52,4941558
38073;145157;11;1;1011102;2020;11;10;4;3;6;4;0;0;1;1;0;0;0;0;795302,3198;5827364,472;13,35284884;52,51621628
38074;145158;11;2;2020206;2020;11;10;4;3;5;3;0;1;1;0;0;0;0;0;799510,5895;5824913,598;13,41247686;52,49195314
38075;145159;11;8;8010404;2020;11;14;4;3;5;2;0;1;1;0;0;0;0;0;802576,2331;5823077,835;13,45582703;52,47380857
38076;145160;11;12;12302211;2020;11;17;7;3;6;2;2;0;1;1;0;0;0;0;793491,7305;5836487,36;13,33431042;52,59897501
38077;145161;11;4;4020310;2020;11;19;4;3;5;2;2;0;1;0;1;1;0;0;789170,873;5827540,653;13,26289724;52,52108146
38078;145162;11;10;10010309;2020;11;6;2;3;2;2;2;0;0;0;1;1;0;0;808037,5838;5829217,143;13,54165877;52,5257766
38079;145163;11;5;5020625;2020;11;21;4;3;2;6;2;0;1;0;0;0;1;0;784757,132;5828595,815;13,1989258;52,53286501
38080;145164;11;5;5010314;2020;11;14;3;3;5;2;0;0;1;0;0;0;1;0;785066,496;5829481,125;13,2042337;52,54064092
38081;145165;11;2;2030302;2020;11;17;4;3;5;2;2;1;1;0;0;0;0;1;800669,3193;5825803,889;13,43029583;52,49929611
38082;145166;11;4;4030417;2020;11;14;7;3;5;2;0;1;1;0;0;0;0;0;790945,2785;5826751,364;13,28828553;52,51306164
38083;145167;11;1;1011202;2020;11;22;4;3;5;2;2;1;1;0;0;0;0;0;797204,0024;5827496,82;13,38090971;52,51636966
38084;145168;11;3;3061228;2020;11;6;2;3;5;2;1;1;1;0;0;0;0;1;800560,7142;5831407,008;13,43376469;52,54957813
38085;145169;11;1;1011202;2020;11;9;4;3;6;4;0;0;0;1;0;0;1;0;797734,0673;5827617,343;13,38880605;52,51716089
38086;145170;11;4;4030828;2020;11;18;4;3;0;1;2;1;0;0;0;0;0;0;793177,0268;5826080,611;13,32048754;52,50585362
38087;145171;11;3;3040818;2020;11;7;2;3;5;3;0;0;1;0;0;0;0;0;799528,1293;5833287,728;13,420279;52,56700443
38088;145172;11;12;12231101;2020;11;12;6;3;0;6;0;0;1;0;1;0;0;1;791758,4964;5838046,156;13,31016707;52,61388174
38089;145173;11;9;9030901;2020;11;8;4;3;0;1;0;0;0;0;1;0;0;1;809115,0464;5817345,657;13,54649015;52,41877632
38090;145174;11;12;12231102;2020;12;13;3;3;5;3;0;1;1;0;0;0;0;0;790577,9353;5840571,307;13,29499959;52,63715157
38091;145175;11;3;3061434;2020;11;18;4;3;6;7;2;1;0;1;0;0;0;0;801601,3904;5829978,415;13,44776919;52,53619844
38092;145176;11;11;11030720;2020;11;0;2;3;9;1;2;0;1;0;0;0;0;1;806171,1895;5830165,984;13,51510789;52,53533161
38093;145177;11;5;5030730;2020;11;12;5;3;2;6;0;0;1;0;0;0;0;1;786652,9019;5829244,003;13,22735682;52,53768271
38094;145178;11;1;1011301;2020;11;10;2;3;2;6;0;1;1;0;0;0;0;0;796460,2835;5829331,877;13,37161761;52,53322385
38095;145179;11;12;12214421;2020;11;17;4;3;6;2;2;0;1;1;0;0;0;0;793399,0378;5833245,432;13,33007542;52,56996322
38096;145180;11;4;4041342;2020;11;19;3;3;6;2;2;0;0;1;0;0;1;0;792223,7082;5822606,002;13,30343465;52,47521583
38097;145181;11;12;12214527;2020;11;13;4;2;6;2;0;0;0;1;0;0;1;0;790105,5345;5835279,215;13,28339738;52,58996132
38098;145182;11;7;7030303;2020;11;8;4;2;5;3;0;0;1;0;1;0;0;0;795040,5883;5821902,979;13,34416677;52,46739933
38099;145183;11;5;5030730;2020;12;12;4;2;5;2;0;0;1;0;0;0;0;0;786437,8557;5831100,448;13,22579595;52,55444005
38100;145184;11;5;5040936;2020;11;7;4;3;5;3;0;0;1;0;0;1;0;0;780059,1136;5819435,643;13,12214668;52,45316126
38101;145185;11;8;8010404;2020;11;20;1;3;5;3;2;0;1;0;0;0;0;1;801549,8013;5823797,253;13,44141142;52,48082448
38102;145186;11;3;3050923;2020;11;0;6;2;5;3;2;0;1;0;0;0;0;1;801058,1395;5831434,826;13,44110381;52,54955279
38103;145187;11;3;3040614;2020;11;7;4;3;5;3;0;1;1;0;0;0;0;1;797589,3776;5833292,353;13,39176374;52,56810915
38104;145188;11;8;8041036;2020;11;17;1;3;5;3;2;0;1;0;0;0;0;0;805276,475;5817240,694;13,49012574;52,41999011
38105;145189;11;3;3061228;2020;11;8;6;2;5;3;1;0;1;0;1;0;0;1;800496,7253;5830765,85;13,43224372;52,5438666
38106;145190;11;6;6030504;2020;11;17;4;3;5;3;2;1;1;0;0;0;0;0;790523,8112;5817554,19;13,27408207;52,43083213
38107;145191;11;5;5030832;2020;12;13;3;3;5;7;0;1;1;0;0;0;0;0;788869,9414;5830065,644;13,26066871;52,54387824
38108;145192;11;3;3051017;2020;11;16;4;3;5;2;2;0;1;0;0;0;0;0;802746,871;5832702,472;13,46708936;52,55997854
38109;145193;11;8;8010303;2020;11;17;1;3;5;2;2;1;1;0;0;0;0;1;800672,6865;5824170,173;13,42887105;52,48465072
38110;145194;11;12;12302107;2020;11;7;5;2;6;2;2;0;1;1;0;0;0;0;794406,5611;5836249,627;13,34756711;52,5963494
38111;145195;11;4;4030623;2020;11;22;1;3;2;6;2;0;1;0;0;0;0;0;793527,3956;5826481,516;13,32598838;52,50925916
38112;145196;11;11;11020514;2020;11;15;4;3;1;5;0;1;1;0;0;0;0;0;804839,3515;5831052,746;13,49634669;52,54402569
38113;145197;11;9;9020701;2020;11;18;3;3;5;3;2;0;1;0;0;0;0;0;807513,5833;5818335,919;13,52392584;52,42855345
38114;145198;11;1;1011303;2020;11;12;4;3;1;5;0;0;1;0;0;1;0;0;799015,8277;5828497,485;13,40843064;52,52434883
38115;145199;11;4;4030930;2020;11;15;4;3;5;3;0;0;1;0;0;0;0;0;793146,1844;5825750,906;13,31974414;52,50291451
38116;145200;11;8;8010510;2020;11;14;4;3;1;5;0;1;1;0;0;0;0;0;802712,6113;5822559,319;13,45735827;52,46908554
38117;145201;11;7;7020201;2020;11;20;1;3;1;5;2;0;1;0;0;0;0;1;794928,9269;5824759,882;13,34505491;52,49306998
38118;145202;11;12;12231101;2020;11;8;3;2;5;3;0;0;1;0;1;0;0;1;790874,8416;5837514,314;13,29668518;52,6095876
38119;145203;11;12;12103219;2020;11;15;6;3;4;6;0;1;1;0;0;0;0;0;795725,4108;5832398,788;13,36354623;52,56111502
38120;145204;11;8;8010118;2020;11;10;2;3;3;6;0;1;1;0;0;0;0;0;801077,6546;5821977,93;13,4328379;52,46477784
38121;145205;11;4;4030519;2020;11;19;3;1;3;6;2;1;1;0;0;0;0;1;792110,8292;5827689,526;13,30623586;52,52084908
38122;145206;11;1;1033101;2020;11;20;1;3;6;2;2;0;1;1;0;0;0;1;796155,9045;5832265,897;13,36975967;52,55968982
38123;145207;11;8;8010303;2020;11;8;4;3;2;6;0;0;1;0;0;0;0;1;800349,3491;5824349,727;13,42428555;52,48643809
38124;145208;11;11;11030618;2020;11;17;7;3;2;6;2;0;1;0;0;0;0;0;802421,806;5828884,684;13,45883325;52,52594082
38125;145209;11;1;1033101;2020;11;17;3;3;4;6;2;1;0;0;0;0;0;1;796426,9843;5831989,217;13,37349966;52,55706219
38126;145210;11;2;2010102;2020;11;18;2;3;1;5;2;1;1;0;0;0;0;1;798277,9974;5825703,381;13,39508329;52,49970748
38127;145211;11;5;5010312;2020;11;13;3;3;6;7;0;0;0;1;0;0;1;0;785292,6784;5830373,795;13,20832647;52,5485261
38128;145212;11;1;1022206;2020;11;15;1;3;3;6;0;0;1;0;0;0;0;0;796278,8656;5828479,69;13,36819141;52,52568349
38129;145213;11;11;11030720;2020;11;10;4;3;2;6;0;0;1;0;0;0;0;0;805145,0961;5829995,123;13,49987003;52,53437572
38130;145214;11;3;3061228;2020;11;14;1;3;5;2;0;1;1;0;0;0;0;0;800290,2212;5831597,361;13,42995959;52,55143349
38131;145215;11;6;6030607;2020;11;17;3;3;2;2;2;0;1;0;0;0;1;1;791487,6068;5816163,414;13,28700616;52,41785096
38132;145216;11;1;1011204;2020;11;23;3;3;1;1;2;0;1;0;0;0;0;1;798521,6815;5826770,68;13,39961938;52,50914115
38133;145217;11;6;6010102;2020;11;19;3;3;5;2;2;1;1;0;0;0;0;1;793288,65;5821101,007;13,31774631;52,4611532
38134;145218;11;1;1011304;2020;11;17;1;3;5;2;2;1;1;0;0;0;0;1;799726,1547;5827767,82;13,41821181;52,51741853
38135;145219;11;2;2020206;2020;11;14;3;3;0;6;0;0;1;0;0;0;1;0;799911,3051;5824759,796;13,41822284;52,49035453
38136;145220;11;8;8010301;2020;11;20;6;3;0;3;2;0;0;0;0;0;1;0;800664,6549;5824371,24;13,42893449;52,48645738
38137;145221;11;3;3040508;2020;11;14;2;3;5;3;0;0;1;0;1;0;0;0;796393,983;5836677,009;13,37720554;52,59910082
38138;145222;11;3;3040818;2020;11;18;3;3;1;5;2;0;1;0;1;0;0;1;799887,8915;5831981,588;13,42439063;52,55509908
38139;145223;11;6;6040809;2020;11;17;3;3;2;6;2;0;1;0;0;0;0;0;791681,6595;5819377,534;13,29265536;52,44656238
38140;145224;11;8;8030831;2020;11;22;4;2;8;1;2;0;1;0;0;0;0;0;804741,2547;5817828,867;13,48281544;52,42556005
38141;145225;11;2;2050802;2020;11;2;7;2;1;5;2;1;1;0;0;0;0;0;802175,7635;5826881,881;13,45339858;52,50812615
38142;145226;11;6;6020409;2020;11;18;3;3;2;6;2;0;1;0;0;0;0;1;793349,6787;5817704,925;13,31566004;52,43067544
38143;145227;11;5;5010209;2020;11;14;3;3;9;1;0;0;1;0;0;0;0;0;782278,2798;5829457,226;13,16321064;52,54187825
38144;145228;11;7;7010102;2020;11;18;3;3;0;1;2;0;0;0;1;0;0;1;795394,2559;5825512,984;13,35255676;52,49956934
38145;145229;11;8;8020727;2020;11;16;3;3;0;2;2;0;1;0;1;0;0;1;800175,8683;5817051,339;13,41517801;52,42111426
38146;145230;11;1;1022106;2020;11;16;3;3;6;2;2;0;1;1;0;0;0;1;794543,3614;5828344,833;13,34256464;52,52541497
38147;145231;11;8;8010302;2020;12;14;3;2;5;3;0;0;1;0;0;0;0;0;801400,7395;5824764,241;13,44009746;52,48957409
38148;145232;11;4;4041136;2020;11;16;3;3;6;2;2;0;1;1;0;0;0;1;790649,9924;5823282,877;13,28091977;52,48212383
38149;145233;11;4;4041240;2020;11;16;3;3;5;3;2;0;1;0;0;0;0;1;791003,764;5821909,96;13,28491659;52,46962711
38150;145234;11;3;3040614;2020;11;16;3;3;5;2;0;1;1;0;0;0;0;1;798011,2496;5833239,189;13,39792196;52,56740182
38151;145235;11;10;10010309;2020;11;15;3;3;0;6;0;0;1;0;1;0;0;1;807836,996;5829075,917;13,53858069;52,52462423
38152;145236;11;5;5010312;2020;12;16;3;3;5;3;2;0;1;0;0;0;0;0;784825,8815;5830254,049;13,20135823;52,54769674
38153;145237;11;8;8030829;2020;11;14;3;3;5;3;0;0;1;0;0;0;1;1;803571,4527;5818132,962;13,46594023;52,42893589
38154;145238;11;5;5040936;2020;11;16;1;2;5;3;2;0;1;0;0;0;0;1;780520,0665;5820707,364;13,12998093;52,46432827
38155;145239;11;10;10010310;2020;11;7;3;3;5;2;0;1;1;0;0;0;0;0;808511,228;5831160,344;13,55042184;52,54292336
38156;145240;11;12;12214125;2020;11;21;5;3;0;5;2;1;1;0;0;0;0;0;789840,3085;5833535,384;13,27796814;52,57446928
38157;145241;11;12;12231101;2020;11;7;2;2;5;3;0;1;0;0;1;0;0;0;792114,7896;5838097,585;13,3154598;52,61415138
38158;145242;11;11;11020514;2020;11;13;3;3;0;1;0;0;0;0;1;0;0;1;804070,1386;5830550,773;13,48457928;52,53995654
38159;145243;11;8;8020625;2020;11;17;4;3;6;2;2;0;1;1;0;0;0;0;801371,1399;5819264,32;13,43469618;52,44029312
38160;145244;11;2;2020204;2020;11;0;7;3;0;7;2;0;0;0;0;0;1;0;798300,577;5825394,945;13,3951387;52,49693039
38161;145245;11;6;6010103;2020;11;13;3;3;0;7;0;0;0;0;1;0;0;1;793511,3565;5821560,517;13,32141894;52,46515298
38162;145246;11;10;10010203;2020;11;15;1;3;6;7;1;0;1;1;0;0;0;0;807898,209;5831307,596;13,54154743;52,54458975
38163;145247;11;7;7030303;2020;11;8;3;3;2;6;0;0;1;0;0;0;1;0;795773,3192;5822626,157;13,35556282;52,4734859
38164;145248;11;6;6030608;2020;11;15;1;3;5;3;0;1;1;0;0;0;0;0;792507,3793;5817731,607;13,30332976;52,43136567
38165;145249;11;7;7070703;2020;11;16;6;3;5;2;2;0;1;0;0;0;0;0;800025,171;5813275,467;13,4095861;52,38735118
38166;145250;11;9;9051701;2020;11;12;3;3;5;3;0;1;1;0;0;0;0;1;812213,8786;5821374,257;13,595672;52,45311934
38167;145251;11;10;10010311;2020;12;13;3;3;5;3;0;0;1;0;0;0;0;0;810214,7939;5831614,708;13,57588623;52,54602795
38168;145252;11;2;2010103;2020;11;11;3;3;5;3;0;1;1;0;0;0;0;1;798901,2341;5825747,484;13,40427673;52,49976179
38169;145253;11;3;3061227;2020;11;13;1;3;5;3;0;0;1;0;0;0;0;1;799827,4904;5831538,495;13,42310224;52,55116075
38170;145254;11;2;2020205;2020;11;9;5;3;5;3;0;1;1;0;0;0;0;0;798641,3171;5824517,847;13,39935689;52,48888202
38171;145255;11;6;6010103;2020;11;11;1;3;2;7;0;0;1;0;0;0;0;0;793891,1977;5821384,023;13,32683867;52,46336661
38172;145256;11;10;10040933;2020;11;10;3;3;0;7;0;0;1;0;0;0;0;0;811900,5368;5825028,871;13,59449216;52,48604846
38173;145257;11;10;10010309;2020;11;17;3;2;4;6;2;1;1;0;0;0;0;0;808287,8833;5829241,839;13,54535943;52,52585645
38174;145258;11;6;6040807;2020;11;12;4;3;2;6;0;0;1;0;0;0;0;0;790013,8335;5819151,14;13,26798774;52,44541994
38175;145259;11;7;7040403;2020;11;23;7;3;5;2;2;0;1;0;0;0;0;0;797813,3469;5820777,77;13,38385963;52,4558087
38176;145260;11;6;6020304;2020;11;14;5;3;0;5;0;1;0;0;0;0;1;0;794547,0751;5817693,709;13,33321126;52,42993152
38177;145261;11;3;3030715;2020;11;20;2;3;5;3;2;0;1;0;0;0;1;0;800942,4565;5833548,097;13,4413191;52,56855816
38178;145262;11;8;8010405;2020;11;10;3;3;1;5;0;1;1;0;0;0;0;0;802024,506;5823525,113;13,44813379;52,47812292
38179;145263;11;4;4020313;2020;11;15;4;3;5;3;0;1;0;0;0;0;1;0;790739,8531;5826718,102;13,28523788;52,51287298
38180;145264;11;1;1011202;2020;11;15;7;3;0;1;0;1;0;0;0;0;0;0;797154,9588;5827718;13,38038663;52,51837901
38181;145265;11;1;1022204;2020;11;10;3;3;5;2;0;1;0;0;0;0;1;0;794549,3086;5828209,8;13,34253244;52,52420128
38182;145266;11;5;5030731;2020;11;10;3;3;5;7;0;0;1;0;0;0;0;0;786891,6512;5830101,495;13,23160781;52,545245
38183;145267;11;8;8020622;2020;11;20;7;2;0;1;2;0;1;0;1;0;0;0;802361,2131;5819932,588;13,44982222;52,44573643
38184;145268;11;11;11030618;2020;11;8;6;3;5;2;0;1;1;0;0;0;0;0;803074,5716;5829522,598;13,46900717;52,53129584
38185;145269;11;1;1022101;2020;11;8;3;3;5;2;0;1;1;0;0;0;0;0;793528,5779;5828175,151;13,32749998;52,52444115
38186;145270;11;9;9052001;2020;12;16;3;3;2;6;2;0;1;0;0;0;0;0;809204,168;5822897,341;13,55293354;52,4684797
38187;145271;11;12;12103116;2020;11;8;3;3;5;3;0;1;1;0;0;0;0;0;796595,5051;5833590,238;13,37740937;52,57132176
38188;145272;11;2;2040701;2020;11;20;7;3;0;6;2;0;1;0;1;0;0;0;800668,8662;5827546,309;13,43186288;52,51491417
38189;145273;11;1;1011306;2020;11;8;4;3;7;7;0;1;0;0;0;0;0;0;800106,4789;5826882,849;13,42300188;52,50927706
38190;145274;11;5;5020417;2020;11;18;1;2;5;2;2;0;1;0;1;0;0;0;783571,9804;5827959,98;13,18095826;52,5277819
38191;145275;11;12;12214527;2020;11;7;3;3;5;2;0;0;1;0;0;0;0;0;789903,4267;5835694,361;13,28078567;52,59379083
38192;145276;11;6;6030501;2020;11;16;3;3;5;2;1;1;1;0;0;0;0;1;788539,5441;5816879,857;13,24439571;52,42583655
38193;145277;11;5;5010314;2020;11;7;3;3;5;3;0;0;1;0;1;0;0;1;785111,0299;5828547,784;13,20408779;52,53224936
38194;145278;11;12;12301203;2020;11;16;7;3;5;2;1;1;1;0;0;0;0;0;793930,2742;5835301,5;13,33971428;52,58810779
38195;145279;11;7;7040403;2020;11;6;3;3;5;3;1;0;0;0;0;1;1;1;797024,187;5820714,99;13,37222401;52,45567535
38196;145280;11;9;9020702;2020;12;11;4;3;0;3;0;0;1;0;0;0;1;0;809467,5174;5819065,482;13,55324769;52,43399007
38197;145281;11;8;8010303;2020;11;18;2;3;1;5;2;1;1;0;0;0;0;0;801400,5954;5823861,162;13,43927876;52,48147968
38198;145282;11;12;12214126;2020;11;14;7;3;1;5;0;1;1;0;0;0;0;0;790718,2228;5834012,478;13,29130484;52,57827811
38199;145283;11;4;4051656;2020;11;17;6;3;2;6;2;0;1;0;1;0;0;0;793612,6029;5823079,335;13,32424184;52,47871423
38200;145284;11;3;3050923;2020;11;11;2;2;5;2;0;1;1;0;0;0;0;0;800324,457;5831637,07;13,43049892;52,55177053
38201;145285;11;2;2030302;2020;11;13;2;3;5;3;0;1;1;0;0;0;0;0;800678,7425;5825793,301;13,43042467;52,49919601
38202;145286;11;5;5010314;2020;11;13;7;3;0;3;0;0;1;0;0;0;1;0;784033,5978;5829036,769;13,18866472;52,53719618
38203;145287;11;7;7050503;2020;11;9;4;3;2;6;0;0;1;0;0;0;0;0;799136,3029;5819909,183;13,40249351;52,44730051
38204;145288;11;10;10040828;2020;11;12;7;3;5;3;0;0;1;0;0;0;0;0;811796,6439;5828955,283;13,59664363;52,52129342
38205;145289;11;4;4030623;2020;11;10;2;3;1;5;0;1;1;0;0;0;0;1;793377,954;5826610,595;13,32390651;52,51049669
38206;145290;11;1;1044101;2020;11;12;3;3;2;2;0;0;1;0;0;0;0;0;793673,2764;5832254,13;13,33323262;52,56092894
38207;145291;11;2;2020206;2020;11;14;2;3;1;5;0;1;0;0;0;0;1;0;799529,28;5824527,611;13,41240438;52,48848308
38208;145292;11;7;7060601;2020;11;18;2;3;5;3;2;1;0;0;0;0;1;1;797070,4747;5817409,257;13,3699647;52,42601726
38209;145293;11;4;4030929;2020;11;16;2;3;0;1;2;0;0;0;1;0;0;1;792712,812;5825686,423;13,31332104;52,5025691
38210;145294;11;4;4010103;2020;11;11;7;3;6;4;0;0;1;1;0;0;0;0;791652,521;5829314,135;13,30092541;52,53565873
38211;145295;11;1;1011201;2020;11;13;3;3;5;2;0;1;1;0;0;0;0;0;796974,3106;5826707,178;13,37683002;52,50941648
38212;145296;11;2;2020205;2020;11;18;6;3;0;3;2;0;1;0;1;0;0;0;797812,2485;5824587,861;13,3872452;52,48996252
38213;145297;11;6;6040805;2020;11;14;2;3;5;3;0;1;1;0;0;0;0;0;788459,1307;5818048,514;13,24422454;52,43635669
38214;145298;11;2;2050801;2020;11;16;2;3;4;2;1;1;1;0;0;0;0;0;802755,335;5827479,256;13,46245544;52,51315904
38215;145299;11;2;2040701;2020;11;17;4;3;5;2;2;1;1;0;0;0;0;0;800602,4265;5827107,933;13,43049076;52,51102151
38216;145300;11;10;10020517;2020;11;7;3;2;5;3;2;1;1;0;0;0;0;0;813275,2877;5830405,167;13,61973158;52,53343832
38217;145301;11;2;2030301;2020;11;12;6;3;2;6;0;1;1;0;0;0;1;0;799974,0996;5825683,732;13,41997685;52,49860168
38218;145302;11;7;7020202;2020;11;15;2;3;2;6;1;1;1;0;0;0;0;0;794638,4882;5823468,021;13,33964727;52,48164606
38219;145303;11;11;11051229;2020;11;15;2;3;5;2;0;1;0;0;0;0;1;0;805346,5977;5824619,425;13,49790003;52,48608354
38220;145304;11;5;5010339;2020;11;8;4;3;5;3;0;1;1;0;0;0;0;0;788000,9017;5827876,631;13,24599229;52,52471288
38221;145305;11;7;7020201;2020;11;21;7;3;0;3;2;0;1;0;0;0;0;0;794986,894;5823964,885;13,3452025;52,48591202
38222;145306;11;1;1033201;2020;11;23;2;2;0;1;2;1;0;0;0;0;0;1;798522,026;5830231,044;13,40273067;52,54015835
38223;145307;11;5;5020625;2020;11;15;2;3;2;6;0;0;1;0;0;0;0;0;784667,3539;5828622,162;13,19762839;52,53314814
38224;145308;11;4;4010102;2020;11;14;2;3;5;2;0;0;1;0;0;0;1;0;793353,368;5829678,049;13,32625114;52,5380082
38225;145309;11;3;3020307;2020;11;14;2;3;5;3;0;1;1;0;0;0;0;0;799543,5762;5837777,265;13,42456496;52,60723685
38226;145310;11;7;7040401;2020;12;16;3;2;1;5;2;1;1;0;0;0;0;0;797430,757;5822909,032;13,38014528;52,4751216
38227;145311;11;12;12304314;2020;11;12;2;3;5;7;0;0;1;0;0;0;0;1;790732,2628;5835262,907;13,29260847;52,58948049
38228;145312;11;9;9010401;2020;11;11;7;3;6;2;0;0;1;1;0;0;0;0;805824,833;5819645,49;13,50036346;52,44123711
38229;145313;11;5;5030730;2020;11;6;3;3;6;2;2;0;1;1;0;0;0;0;785973,4329;5829224,262;13,21734903;52,53786271
38230;145314;11;7;7070703;2020;11;17;5;3;5;3;2;0;1;0;0;0;0;1;798626,4145;5814455,759;13,39014538;52,39869541
38231;145315;11;3;3010102;2020;11;7;2;3;5;3;0;1;0;0;0;0;1;0;804398,4259;5841003,461;13,49900722;52,63345436
38232;145316;11;4;7030301;2020;11;12;2;3;2;6;0;0;1;0;0;0;0;0;793390,3838;5822344,278;13,32033254;52,47224411
38233;145317;11;1;1044103;2020;11;15;4;3;5;2;0;0;1;0;1;0;0;0;794640,8537;5830517,103;13,34592334;52,54483512
38234;145318;11;12;12214527;2020;11;12;7;3;2;7;0;0;1;0;0;0;0;0;790119,5393;5834574,741;13,28298668;52,58363828
38235;145319;11;4;4030931;2020;11;12;2;3;5;2;0;1;1;0;0;0;0;0;794484,3102;5825863,175;13,33950048;52,50320039
38236;145320;11;7;7050501;2020;11;12;2;3;4;2;0;0;1;0;0;0;1;0;797867,1777;5819755,898;13,38373817;52,44661936
38237;145321;11;5;5010101;2020;11;17;6;1;6;4;2;0;1;1;0;0;0;0;785540,208;5831872,88;13,21325658;52,56183689
38238;145322;11;1;1011204;2020;11;13;6;3;5;3;0;0;1;0;0;0;0;0;797887,5537;5826665,887;13,39020965;52,50854844
38239;145323;11;1;1044202;2020;11;11;2;3;0;2;0;1;1;0;0;0;0;1;794896,2574;5830252,521;13,34944384;52,54232518
38240;145324;11;5;5020524;2020;11;10;7;2;4;6;0;0;1;0;0;0;0;0;783599,2862;5825701,146;13,17943404;52,50751448
38241;145325;11;3;11030618;2020;11;11;2;3;2;6;0;0;1;0;0;0;0;0;802335,8431;5829182,785;13,45784105;52,52866036
38242;145326;11;8;8010404;2020;11;17;6;3;5;3;2;1;1;0;0;0;0;0;801646,2976;5823294,793;13,44237352;52,47626754
38243;145327;11;12;12214527;2020;11;7;2;3;0;2;0;1;1;0;0;0;0;1;789909,3148;5835708,268;13,28088453;52,59391237
38244;145328;11;8;8010404;2020;11;7;2;3;6;2;1;0;0;1;0;0;1;1;802354,403;5822748,524;13,45227253;52,47097976
38245;145329;11;4;4030827;2020;11;18;6;3;2;3;2;0;1;0;0;0;0;0;792208,357;5826489,074;13,30661491;52,51003507
38246;145330;11;11;11040926;2020;11;12;6;3;5;3;0;0;1;0;0;0;0;0;805380,0058;5826727,959;13,50032335;52,50496253
38247;145331;11;12;12301205;2020;11;7;2;3;2;2;1;0;1;0;0;0;0;1;792461,9445;5837308,24;13,31987481;52,60688863
38248;145332;11;4;4051445;2020;12;14;3;3;5;2;0;0;1;0;1;0;0;0;791728,9919;5824411,304;13,29775137;52,49166469
38249;145333;11;3;3020209;2020;11;7;2;2;0;3;2;0;1;0;1;0;0;1;798118,392;5836943,473;13,40283035;52,60054663
38250;145334;11;10;10010102;2020;11;9;6;2;5;2;0;1;1;0;0;0;0;0;809959,617;5834672,817;13,5749913;52,57357826
38251;145335;11;3;3061131;2020;11;14;5;3;0;3;0;1;1;0;0;0;0;1;798709,4419;5830318,213;13,40556425;52,54083699
38252;145336;11;2;2030302;2020;11;18;2;3;5;3;1;1;1;0;0;0;0;0;800798,9208;5825809,963;13,43220476;52,49927913
38253;145337;11;5;5020626;2020;11;6;2;3;5;3;2;0;1;0;1;0;1;1;785072,9555;5827597,149;13,20271289;52,52374593
38254;145338;11;12;12103219;2020;11;13;4;2;6;4;0;0;0;1;0;1;0;0;795586,479;5833147,048;13,36216934;52,56789788
38255;145339;11;9;9020802;2020;11;9;2;3;4;7;0;1;0;0;0;0;0;1;810546,9927;5819985,91;13,56993054;52,44162692
38256;145340;11;1;1044202;2020;12;17;4;3;6;7;2;0;1;1;0;0;0;0;794819,972;5830138,331;13,34822089;52,54134283
38257;145341;11;12;12302211;2020;11;9;2;3;5;3;0;0;1;0;0;0;0;0;793793,7191;5836749,828;13,33898923;52,60116476
38258;145342;11;10;10020413;2020;11;11;6;2;6;2;0;0;1;1;0;0;0;0;811279,4193;5831569,252;13,5914929;52,54501341
38259;145343;11;8;8020727;2020;11;7;6;3;6;2;2;0;1;1;0;0;0;1;801625,7844;5817412,042;13,43676025;52,42355017
38260;145344;11;12;12224230;2020;11;6;2;3;0;6;2;1;1;0;0;0;0;1;786237,4201;5838978,131;13,22965461;52,62517349
38261;145345;11;1;1022204;2020;11;9;2;3;0;1;0;0;0;0;1;0;0;1;794993,7137;5828280,368;13,3491264;52,52459361
38262;145346;11;4;4020311;2020;11;7;6;3;5;7;1;1;1;0;0;0;0;0;790012,1943;5826400,965;13,27426897;52,51041719
38263;145347;11;1;1011204;2020;11;8;4;3;5;3;0;0;1;0;0;0;0;0;798015,3299;5826695,794;13,39211356;52,50874674
38264;145348;11;7;7050503;2020;12;19;3;2;1;5;2;0;1;0;0;0;0;0;798835,1091;5819369,369;13,39759211;52,44262644