;OBJECTID;LAND;BEZ;LOR;UJAHR;UMONAT;USTUNDE;UWOCHENTAG;UKATEGORIE;UART;UTYP1;ULICHTVERH;IstRad;IstPKW;IstFuss;IstKrad;IstGkfz;IstSonstige;USTRZUSTAND;LINREFX;LINREFY;XGCSWGS84;YGCSWGS84
38265;145349;11;8;8010301;2020;11;9;2;3;2;6;0;0;1;0;1;0;0;1;801135,9716;5824127,423;13,43563436;52,48401224
38266;145350;11;4;4030415;2020;11;9;6;3;5;3;0;1;1;0;0;0;0;1;790673,7924;5827899,213;13,28529918;52,52349687
38267;145351;11;4;4030725;2020;11;7;5;3;5;3;2;1;1;0;0;0;0;0;791578,8933;5826514,22;13,29738819;52,51059732
38268;145352;11;11;11030721;2020;11;1;1;3;6;4;2;0;1;1;0;0;0;1;805151,7749;5827523,537;13,49770053;52,51222056
38269;145353;11;1;1011204;2020;11;8;2;3;1;5;0;1;1;0;0;0;0;1;798553,3231;5826825,067;13,400133;52,50961134
38270;145354;11;9;9020802;2020;11;12;4;3;5;2;0;1;1;0;0;0;0;0;809965,2336;5820291,139;13,56168212;52,44469236
38271;145355;11;3;3040508;2020;11;8;2;3;5;2;0;0;1;0;1;0;0;1;796360,7493;5836602,161;13,3766493;52,59844802
38272;145356;11;5;5020521;2020;12;18;3;2;2;6;2;0;1;0;0;0;0;0;779556,4673;5827840,002;13,12182072;52,52878022
38273;145357;11;6;6010207;2020;11;8;2;3;0;1;0;0;0;0;1;0;0;1;793585,1478;5820041,556;13,32116625;52,45149635
38274;145358;11;3;3061126;2020;11;8;6;3;2;2;0;1;1;0;0;0;0;0;798989,5708;5831775,206;13,41099415;52,55374308
38275;145359;11;1;1044201;2020;11;16;6;3;0;2;1;0;1;0;0;0;1;0;796669,4532;5831945,147;13,37702632;52,55653512
38276;145360;11;12;12103219;2020;11;10;2;3;5;2;0;1;1;0;0;0;0;0;795593,6213;5833150,9;13,36227785;52,56792854
38277;145361;11;1;1033102;2020;11;4;2;3;5;3;2;0;1;0;0;0;0;1;797160,6502;5831876,449;13,38418884;52,55565153
38278;145362;11;12;12103116;2020;11;8;6;3;1;5;0;0;1;0;0;0;0;0;796140,5859;5833412,85;13,37055815;52,56997936
38279;145363;11;1;1011301;2020;11;8;4;3;1;5;0;1;1;0;0;0;0;0;797056,1155;5828298,526;13,37945265;52,52363663
38280;145364;11;5;5010101;2020;11;10;7;3;5;3;0;1;1;0;0;0;0;1;782942,2679;5834314,412;13,17711761;52,58508443
38281;145365;11;1;1011303;2020;11;6;2;2;0;1;2;0;0;0;0;0;1;1;799587,313;5828476,435;13,41680998;52,52384645
38282;145366;11;2;2050801;2020;11;9;2;3;0;1;0;1;1;0;0;0;0;1;802333,3509;5827469,091;13,45624684;52,51330199
38283;145367;11;10;10040933;2020;11;10;2;3;5;3;0;1;1;0;0;0;0;0;812388,4041;5823984,047;13,60067471;52,47640667
38284;145368;11;3;3061131;2020;11;14;1;3;5;2;0;1;1;0;0;0;0;0;799164,7771;5831007,126;13,41287864;52,54676224
38285;145369;11;1;1011402;2020;11;10;2;3;0;3;0;1;1;0;0;0;0;1;798678,2677;5829460,13;13,40433472;52,5331626
38286;145370;11;4;4030623;2020;11;11;2;3;2;6;0;0;1;0;0;1;0;1;793253,59;5826900,807;13,32233499;52,51316519
38287;145371;11;6;6010208;2020;11;11;2;3;2;6;0;0;1;0;0;0;0;0;794767,8567;5820624,876;13,33903489;52,45608906
38288;145372;11;4;4030828;2020;11;7;6;3;5;2;0;1;1;0;0;0;0;1;793140,7029;5826081,816;13,31995496;52,50588393
38289;145373;11;3;3040614;2020;11;13;3;3;5;2;0;1;1;0;0;0;0;0;797786,5495;5832951,454;13,39435825;52,56494563
38290;145374;11;5;5010314;2020;11;13;6;3;2;6;0;0;1;0;0;0;0;0;785316,7399;5829280,07;13,20774089;52,5387073
38291;145375;11;5;5020417;2020;11;15;2;3;1;5;0;0;1;0;1;0;0;0;783241,4668;5828821,845;13,1768337;52,53568142
38292;145376;11;4;4030623;2020;11;11;2;3;3;6;0;0;0;0;1;0;1;0;792877,338;5826978,628;13,31687493;52,51406499
38293;145377;11;1;1011201;2020;11;12;3;2;6;4;0;1;0;1;0;0;0;0;796957,239;5826782,865;13,37664674;52,51010423
38294;145378;11;4;4051654;2020;11;8;4;2;5;3;0;1;1;0;0;0;0;0;793455,728;5823833,612;13,32260252;52,48556035
38295;145379;11;9;9030901;2020;11;13;7;2;1;5;0;0;1;0;0;1;0;0;807886,9462;5816374,636;13,52759533;52,41076602
38296;145380;11;1;1044203;2020;11;11;2;2;8;1;0;0;1;0;0;0;0;0;796045,6924;5831956,661;13,3678628;52,55697777
38297;145381;11;4;4030620;2020;11;11;3;3;6;7;0;0;1;1;0;0;0;0;792246,0787;5827279,375;13,30786323;52,51709972
38298;145382;11;7;7020203;2020;11;11;2;3;0;3;0;0;1;0;1;0;0;1;795144,0289;5824000,214;13,34754117;52,4861438
38299;145383;11;2;2050802;2020;11;16;1;3;0;6;0;1;1;0;0;0;0;0;802273,6416;5827112,389;13,45504568;52,51013797
38300;145384;11;11;11040926;2020;11;14;1;2;6;4;0;0;1;1;0;0;0;0;805002,3509;5826582,932;13,4946437;52,50387395
38301;145385;11;9;9010301;2020;12;15;3;3;5;2;1;1;1;0;0;0;0;0;804919,2886;5822560,631;13,48974422;52,46787019
38302;145386;11;2;2050802;2020;11;16;1;3;5;2;1;1;1;0;0;0;0;0;802551,4834;5826716,091;13,45876698;52,50643194
38303;145387;11;11;11030720;2020;11;1;6;2;4;6;2;0;1;0;0;0;0;0;805185,5815;5829455,897;13,49997001;52,52952029
38304;145388;11;2;2030302;2020;11;16;5;3;5;3;0;1;1;0;0;0;0;1;800619,5358;5826270,125;13,42998554;52,50350255
38305;145389;11;5;5020628;2020;11;11;4;2;0;1;0;0;0;0;1;0;0;0;784001,2792;5826851,591;13,18632293;52,51762044
38306;145390;11;11;11030619;2020;11;6;2;3;0;2;1;1;1;0;0;0;0;0;803849,341;5829048,351;13,47996028;52,52661402
38307;145391;11;3;3040614;2020;12;10;4;2;0;7;0;0;0;0;1;0;1;1;799240,2671;5833697,865;13,41641462;52,57083894
38308;145392;11;11;11030721;2020;12;11;7;3;5;3;0;0;1;0;0;0;1;0;803832,4325;5828649,545;13,47934745;52,52304909
38309;145393;11;1;1033102;2020;12;5;5;3;0;7;2;0;0;0;0;1;0;0;797714,8999;5831846,047;13,39231266;52,55507632
38310;145394;11;1;1022103;2020;12;18;3;3;2;6;2;0;0;0;1;0;1;0;793453,6888;5829424,588;13,32750222;52,53568204
38311;145395;11;9;9010101;2020;12;13;1;3;0;1;0;0;0;0;1;0;0;1;801844,688;5825011,472;13,44684007;52,49154477
38312;145396;11;5;5010102;2020;12;13;3;3;2;6;0;0;1;0;0;0;0;0;785211,5755;5831911,421;13,20845483;52,56235469
38313;145397;11;4;4051447;2020;12;6;2;3;6;2;2;0;1;1;0;0;0;0;793203,2057;5824546,488;13,31952157;52,49208671
38314;145398;11;6;4061757;2020;12;16;7;3;2;6;0;0;1;0;0;0;0;0;788498,2395;5821548,483;13,24782176;52,46771526
38315;145399;11;3;3040818;2020;12;8;7;2;1;5;0;0;1;0;0;0;0;0;799271,43;5832479,202;13,41577374;52,55989848
38316;145400;11;9;9010301;2020;12;6;7;3;9;1;1;0;1;0;0;0;0;2;804164,8738;5821833,771;13,47801038;52,46177603
38317;145401;11;7;7030301;2020;12;11;7;3;5;2;0;1;1;0;0;0;0;0;794134,1176;5821850,507;13,33081515;52,46741772
38318;145402;11;11;11020411;2020;12;19;3;3;1;5;2;0;1;0;0;0;0;0;806053,6106;5832085,12;13,51514795;52,55259735
38319;145403;11;1;1033203;2020;12;17;5;3;5;2;2;1;1;0;0;0;0;1;796936,277;5830145,192;13,37934109;52,5402552
38320;145404;11;9;9051801;2020;12;9;6;3;6;4;0;0;1;1;0;0;0;0;818918,0672;5820224,353;13,69290189;52,43894641
38321;145405;11;3;3061429;2020;12;19;3;2;5;3;2;1;0;0;0;0;1;0;801415,2368;5830908,423;13,44587662;52,54463715
38322;145406;11;1;1011101;2020;12;17;2;3;2;6;2;0;1;0;0;0;0;0;795149,0301;5825900,001;13,34929776;52,50317135
38323;145407;11;2;2020204;2020;12;16;3;3;5;3;2;1;1;0;0;0;0;0;798174,2536;5824851,443;13,39279696;52,4921276
38324;145408;11;6;6020407;2020;12;10;7;2;5;3;0;1;1;0;0;0;0;0;793559,2202;5815872,203;13,31712508;52,41413311
38325;145409;11;10;10010308;2020;12;12;4;3;2;6;0;0;1;0;0;0;1;1;806568,6063;5828044,276;13,51899285;52,51609312
38326;145410;11;1;1011301;2020;12;19;3;3;0;3;2;1;0;0;0;0;1;0;796927,8682;5828127,073;13,37741485;52,52216959
38327;145411;11;4;4041238;2020;12;15;7;3;5;3;1;0;1;0;1;0;0;1;791661,9799;5823239,649;13,29574186;52,4811967
38328;145412;11;8;8010510;2020;12;16;2;3;5;2;1;0;1;0;1;0;0;0;803278,8815;5822089,608;13,46524207;52,4645615
38329;145413;11;3;3030715;2020;12;10;7;3;0;1;0;0;0;0;1;0;0;0;801993,2286;5833529,951;13,45675899;52,56781362
38330;145414;11;2;2020204;2020;12;9;6;3;5;2;0;1;1;0;0;0;0;1;798490,2884;5825225,182;13,39777283;52,49530497
38331;145415;11;4;4041135;2020;12;12;7;3;2;6;0;0;1;0;0;0;0;0;789402,1989;5822978,974;13,26233285;52,48006201
38332;145416;11;2;2040701;2020;12;7;5;3;5;3;1;1;1;0;0;0;0;0;800426,3893;5827977,804;13,42869;52,5189154
38333;145417;11;6;6030504;2020;12;9;6;3;5;2;0;1;1;0;0;0;0;1;790738,7156;5817061,529;13,27680581;52,42630113
38334;145418;11;4;4030623;2020;12;16;7;3;2;6;1;0;1;0;0;0;1;0;793714,3627;5826355,545;13,3286242;52,50802926
38335;145419;11;10;10010310;2020;12;10;7;2;3;6;0;0;1;0;0;0;0;1;807879,4458;5830821,779;13,54082139;52,54024652
38336;145420;11;4;4030620;2020;12;14;5;3;6;2;0;0;0;1;0;0;1;0;792752,8524;5827025,317;13,3150868;52,51455037
38337;145421;11;11;11010103;2020;12;19;5;3;3;6;2;1;0;0;0;0;1;0;807285,097;5834173,783;13,53518815;52,57062249
38338;145422;11;2;2020203;2020;12;20;3;3;5;2;2;1;0;0;0;0;1;0;797769,8498;5824017,133;13,38611267;52,48486973
38339;145423;11;9;9041301;2020;12;6;2;3;5;2;1;1;1;0;0;0;0;1;811680,4759;5819984,371;13,58655123;52,44096833
38340;145424;11;3;3051017;2020;12;15;3;3;5;3;0;1;1;0;0;0;0;0;802304,1932;5833113,476;13,46095353;52,56390824
38341;145425;11;1;1033203;2020;12;14;7;3;5;3;0;0;1;0;0;0;0;0;796805,6221;5831272,082;13,37842723;52,55042768
38342;145426;11;8;8010211;2020;12;10;4;3;6;4;0;0;1;1;0;0;0;1;800507,0656;5823746,158;13,42605717;52,4809413
38343;145427;11;8;8010510;2020;12;21;3;3;5;3;2;0;1;0;0;0;1;0;803762,3228;5821792,032;13,47206553;52,46162583
38344;145428;11;4;4031032;2020;12;9;7;3;0;1;0;1;0;0;0;0;0;1;791841,6038;5824799,334;13,29974521;52,49508314
38345;145429;11;10;10020517;2020;12;11;2;3;6;4;0;1;0;1;0;0;0;1;812587,6753;5830348,828;13,60957439;52,53332821
38346;145430;11;9;9020802;2020;12;13;7;3;5;3;0;1;0;0;0;0;0;0;810503,6516;5820302,454;13,56958907;52,4444883
38347;145431;11;8;8010405;2020;12;19;6;3;5;2;2;1;1;0;0;0;0;0;802117,8523;5823636,846;13,4496053;52,47907276
38348;145432;11;7;7030301;2020;12;9;7;3;0;1;0;0;0;0;1;0;0;2;793991,3362;5822291,427;13,3291079;52,47144723
38349;145433;11;1;1011401;2020;12;8;4;3;0;1;1;1;0;0;0;0;0;1;798290,3341;5829368,487;13,39855031;52,53255359
38350;145434;11;6;6020411;2020;12;11;5;2;5;2;0;1;0;0;0;1;0;0;793381,2312;5816238,302;13,31483653;52,41751055
38351;145435;11;6;6010206;2020;12;7;2;2;0;5;2;1;1;0;0;0;0;0;794468,1453;5819917,131;13,33401273;52,44990601
38352;145436;11;5;5020627;2020;12;11;2;3;2;6;0;0;1;0;0;0;0;0;785142,5901;5828329,974;13,20436496;52,53027998
38353;145437;11;12;12302211;2020;12;12;3;2;6;2;0;0;1;1;0;0;0;0;792927,309;5837087,05;13,32653152;52,60465522
38354;145438;11;11;11010206;2020;12;6;3;3;0;3;2;0;0;0;1;0;1;1;805825,5046;5833790,085;13,51336525;52,56800571
38355;145439;11;10;10040829;2020;12;12;7;3;0;1;0;1;0;0;0;0;0;2;811214,5808;5827849,339;13,5870581;52,51171518
38356;145440;11;12;12304314;2020;12;18;4;3;3;6;2;0;1;0;0;0;0;1;790229,9874;5835876,407;13,28575263;52,59524869
38357;145441;11;10;10010308;2020;12;12;2;3;2;7;0;0;1;0;0;0;1;0;806359,5599;5830199,483;13,51790729;52,53552598
38358;145442;11;5;5010208;2020;12;13;7;3;1;5;0;1;1;0;0;0;0;0;783670,5067;5829737,655;13,18392417;52,54366957
38359;145443;11;8;8010303;2020;12;18;5;3;6;4;2;0;1;1;0;0;0;0;800365,1708;5824327,06;13,42449743;52,48622622
38360;145444;11;11;11051229;2020;12;17;2;3;5;2;2;1;1;0;0;0;0;0;804096,9728;5825993,993;13,48080827;52,49910081
38361;145445;11;10;10010309;2020;12;12;2;3;2;2;0;0;1;0;0;0;0;1;807827,1045;5829072,024;13,53843175;52,52459493
38362;145446;11;10;10040830;2020;12;12;3;2;5;3;0;0;1;0;0;0;0;0;810593,6233;5825520,939;13,57576589;52,49120313
38363;145447;11;4;4030519;2020;12;12;7;3;5;7;0;0;1;0;1;0;0;0;792536,9958;5828264,179;13,31300447;52,52577219
38364;145448;11;10;10010203;2020;12;7;4;3;2;6;2;0;1;0;0;0;0;1;807574,7243;5831424,582;13,53690057;52,54582088
38365;145449;11;1;1011304;2020;12;22;2;3;5;3;2;1;1;0;0;0;0;1;800053,4083;5828096,684;13,4233168;52,52018631
38366;145450;11;3;3020307;2020;12;18;7;3;0;1;2;1;0;0;0;0;0;0;800189,9488;5836569,31;13,43298616;52,59605327
38367;145451;11;4;5030833;2020;12;7;2;3;2;6;0;0;1;0;0;0;0;0;790384,9066;5829032,168;13,28204272;52,53380779
38368;145452;11;4;4030930;2020;12;12;7;3;1;5;0;1;1;0;0;0;0;0;793362,8876;5825685,531;13,32286996;52,50221198
38369;145453;11;6;6040807;2020;12;14;6;3;1;7;0;0;1;0;0;0;0;0;789738,8858;5818493,097;13,26338306;52,4396661
38370;145454;11;2;2040701;2020;12;20;6;3;2;6;2;1;0;0;0;0;1;0;800588,4846;5827035,375;13,43022042;52,51037883
38371;145455;11;3;3030715;2020;12;14;4;3;5;3;0;0;1;0;0;0;0;0;800111,9581;5833871,028;13,42939465;52,57191114
38372;145456;11;11;11020513;2020;12;10;5;3;5;2;0;0;1;0;0;0;0;0;803105,059;5830493,811;13,470341;52,53998365
38373;145457;11;11;11051229;2020;12;15;2;3;2;6;1;0;1;0;0;0;0;1;803732,6545;5826228,611;13,47567188;52,50140652
38374;145458;11;6;6040810;2020;12;10;2;3;5;3;0;1;1;0;0;0;0;1;791192,0493;5820067,468;13,28607321;52,45300871
38375;145459;11;8;8010117;2020;12;12;3;3;5;2;0;1;1;0;0;0;0;0;800477,5149;5823615,375;13,42550548;52,47978529
38376;145460;11;8;8030830;2020;12;18;2;3;0;1;2;1;0;0;0;0;0;1;803182,1678;5817604,116;13,45975282;52,42441168
38377;145461;11;6;6020302;2020;12;15;6;3;5;3;0;0;1;0;0;0;0;0;794426,173;5818456,48;13,33210985;52,43683452
38378;145462;11;8;8020621;2020;12;10;7;3;0;1;0;1;0;0;0;0;0;2;799827,6151;5818966,827;13,41178954;52,43847492
38379;145463;11;12;12302211;2020;12;16;1;3;2;6;1;0;1;0;0;0;0;0;793861,3183;5836700,782;13,33994094;52,60068857
38380;145464;11;7;7040405;2020;12;5;6;3;6;2;1;0;1;1;0;0;0;0;798999,6966;5821690,249;13,40208431;52,46334021
38381;145465;11;3;3040818;2020;12;14;2;3;5;3;0;1;1;0;0;0;0;1;799809,9676;5832097,331;13,42334924;52,55617941
38382;145466;11;1;1011303;2020;12;18;5;3;4;2;2;1;1;0;0;0;0;1;799046,5195;5828346,145;13,4087456;52,52297546
38383;145467;11;10;10010308;2020;12;12;1;3;5;3;0;0;1;0;0;0;0;1;806629,6621;5830238,73;13,52191324;52,53572583
38384;145468;11;2;2030302;2020;12;22;6;3;6;4;2;0;0;1;0;0;1;0;800926,1416;5825857,649;13,43411632;52,49963642
38385;145469;11;2;2050602;2020;12;10;5;3;1;5;0;1;1;0;0;0;0;0;802914,5919;5827958,151;13,46523102;52,51736289
38386;145470;11;5;5030730;2020;12;5;6;2;6;2;2;0;1;1;0;0;0;0;786441,8008;5831105,776;13,22585857;52,55448575
38387;145471;11;10;10010310;2020;12;12;4;3;2;6;0;0;1;0;0;0;1;0;809863,6472;5831256,766;13,57039061;52,54302007
38388;145472;11;4;4030623;2020;12;9;4;3;0;3;0;0;1;0;1;0;0;0;793052,6475;5827334,964;13,31976478;52,51716524
38389;145473;11;9;9030901;2020;12;22;6;3;5;3;2;1;1;0;0;0;0;0;808079,2043;5816930,249;13,53092431;52,41563739
38390;145474;11;1;1011204;2020;12;1;5;3;5;3;2;0;1;0;0;0;0;1;798008,7468;5826788,809;13,39210012;52,5095841
38391;145475;11;10;10040933;2020;12;14;2;3;9;1;0;0;1;0;0;0;0;1;813742,474;5825688,769;13,62215063;52,49090653
38392;145476;11;3;3061332;2020;12;23;1;3;0;1;2;0;0;0;1;0;0;1;799469,6744;5831030,923;13,41738302;52,54680803
38393;145477;11;2;2030301;2020;12;11;3;3;5;2;0;1;1;0;0;0;0;0;799912,0863;5825985,317;13,41933766;52,501339
38394;145478;11;4;4030726;2020;12;20;2;3;1;5;2;1;1;0;0;0;0;0;791726,7549;5825433,959;13,29861415;52,50083388
38395;145479;11;3;3040614;2020;12;7;6;3;2;2;0;0;1;0;0;0;0;0;800048,1508;5835697,745;13,4301095;52,58831954
38396;145480;11;7;7030302;2020;12;17;6;2;5;3;2;0;1;0;1;0;0;0;794264,2993;5822005,235;13,33286245;52,46873468
38397;145481;11;2;2020206;2020;12;20;7;3;1;5;2;1;1;0;0;0;0;0;799971,0113;5825356,681;13,41963697;52,49567188
38398;145482;11;1;1044201;2020;12;16;6;3;0;3;2;0;0;0;0;0;1;0;796667,0769;5831956,972;13,37700194;52,55664241
38399;145483;11;12;12304314;2020;12;7;2;3;2;2;1;0;1;0;0;0;1;0;790493,6094;5835335,022;13,28915878;52,5902545
38400;145484;11;10;10020517;2020;12;16;5;3;2;6;0;0;1;0;0;0;0;0;812914,8914;5830227,946;13,6142689;52,53205725
38401;145485;11;1;1033101;2020;12;11;6;3;0;6;0;0;1;0;0;0;1;0;797361,1451;5832415,788;13,38762065;52,56037659
38402;145486;11;3;3071639;2020;12;7;2;3;5;2;0;1;1;0;0;0;0;1;800902,5054;5829193,263;13,43678548;52,52954731
38403;145487;11;12;12301203;2020;12;16;2;3;5;2;2;1;1;0;0;0;0;1;793864,4207;5835438,706;13,33886672;52,58937333
38404;145488;11;9;9020702;2020;12;16;3;3;1;5;2;1;1;0;0;0;0;0;809160,3202;5819527,817;13,54917088;52,43830719
38405;145489;11;12;12103220;2020;12;12;6;3;0;1;0;0;0;0;1;0;0;1;793570,104;5834019,944;13,33327792;52,57681399
38406;145490;11;1;1022202;2020;12;11;4;3;5;2;0;1;1;0;0;0;0;1;795668,9128;5829732,336;13,36034106;52,53724347
38407;145491;11;9;9020701;2020;12;7;2;3;5;3;0;0;1;0;0;0;0;1;808293,0568;5818594,64;13,53559245;52,43043349
38408;145492;11;9;9051901;2020;12;12;7;3;1;5;0;0;1;0;0;0;1;0;811097,686;5821578,333;13,57948926;52,45558452
38409;145493;11;3;3061126;2020;12;8;6;3;5;2;0;1;1;0;0;0;0;0;799034,1173;5831781,111;13,41165455;52,55377155
38410;145494;11;6;6030610;2020;12;12;2;3;5;2;0;1;1;0;0;0;0;1;792774,4331;5817967,696;13,3074533;52,43333931
38411;145495;11;7;7060603;2020;12;15;3;3;2;6;1;0;1;0;0;0;0;1;798387,5589;5815912,727;13,38794325;52,4118858
38412;145496;11;3;3010102;2020;12;19;3;3;2;2;2;0;1;0;0;0;0;0;804402,0198;5841206,865;13,49924755;52,6352753
38413;145497;11;4;4030931;2020;12;9;6;3;2;2;0;0;1;0;0;0;0;0;793985,584;5826172,401;13,33244718;52,50624138
38414;145498;11;4;4051654;2020;12;12;4;3;5;2;0;1;1;0;0;0;0;0;793662,0519;5823955,197;13,32573939;52,48653938
38415;145499;11;12;12301203;2020;12;11;2;3;5;7;0;1;1;0;0;0;0;0;793711,6268;5836142,619;13,33724197;52,59576593
38416;145500;11;1;1011305;2020;12;13;1;3;0;6;0;1;0;0;0;0;0;0;799625,8642;5826984,24;13,41603267;52,51045006
38417;145501;11;3;3050923;2020;12;17;2;3;5;3;2;0;1;0;0;0;0;0;801101,717;5831525,216;13,44182651;52,55033888
38418;145502;11;7;7010102;2020;12;9;6;3;1;5;0;1;1;0;0;0;0;0;795980,6512;5825362,249;13,36103602;52,49790041
38419;145503;11;3;3061430;2020;12;11;6;3;5;2;0;0;1;0;0;0;0;0;801965,3322;5829733,233;13,45289593;52,53379937
38420;145504;11;1;1033203;2020;12;14;7;3;5;3;0;1;1;0;0;0;0;0;797151,346;5831087,228;13,38334566;52,5485822
38421;145505;11;9;9051901;2020;12;8;6;2;2;6;0;0;1;0;0;0;1;0;810389,9237;5821280,249;13,56882966;52,45331555
38422;145506;11;4;4041238;2020;12;13;5;3;1;5;0;1;1;0;0;0;0;0;791315,0361;5822611,404;13,29009861;52,47574968
38423;145507;11;2;2020206;2020;12;4;5;3;9;1;2;0;1;0;0;0;0;0;799061,5539;5824587,047;13,40558973;52,48927226
38424;145508;11;3;3050920;2020;12;11;2;3;5;3;0;0;1;0;0;0;0;0;802407,4312;5832569,655;13,46197636;52,55897673
38425;145509;11;7;7020202;2020;12;15;2;2;6;2;0;0;1;1;0;0;0;1;795317,8617;5823421,345;13,34958094;52,48086066
38426;145510;11;4;4030930;2020;12;14;3;3;5;3;0;1;1;0;0;0;0;0;793125,7418;5825377,038;13,31911473;52,49957391
38427;145511;11;1;1022101;2020;12;7;6;3;2;2;0;0;1;0;0;0;0;0;793534,4672;5829125,658;13,32842574;52,53295879
38428;145512;11;9;9030903;2020;12;7;4;3;5;3;0;1;1;0;0;0;0;1;808346,0944;5816141,467;13,53410962;52,40841793
38429;145513;11;5;5010339;2020;12;7;2;3;6;2;2;0;1;1;0;0;0;1;786716,1907;5828213,836;13,22739874;52,52841328
38430;145514;11;8;8010301;2020;12;20;7;3;1;5;2;1;1;0;0;0;0;0;800821,8873;5824463,426;13,43132628;52,48719706
38431;145515;11;11;11020411;2020;12;10;2;3;6;7;0;0;1;1;0;0;0;1;804923,5006;5833089,459;13,49945427;52,56223243
38432;145516;11;6;6030609;2020;12;7;6;3;6;4;0;0;1;1;0;0;0;0;793311,0165;5818817,691;13,31606936;52,44067187
38433;145517;11;7;7010101;2020;12;17;6;2;6;4;2;1;0;1;0;0;0;1;794588,4831;5825231,64;13,34047213;52,49748284
38434;145518;11;3;3040614;2020;12;7;7;3;6;2;2;0;1;1;0;0;0;1;798602,2526;5833049,925;13,40644535;52,56538152
38435;145519;11;7;7040404;2020;12;15;2;2;5;3;1;1;1;0;0;0;0;0;797023,7127;5820688,658;13,37219363;52,45543957
38436;145520;11;12;12214422;2020;12;2;6;3;5;3;2;0;1;0;0;0;1;0;792279,3842;5833938,749;13,31421336;52,57678088
38437;145521;11;8;8020727;2020;12;7;6;3;5;3;1;0;1;0;1;0;0;1;801379,6329;5817512,074;13,43324137;52,42458242
38438;145522;11;1;1022106;2020;12;11;7;3;2;2;0;0;1;0;0;0;0;0;794319,0657;5828364,228;13,33928524;52,52570997
38439;145523;11;8;8010301;2020;12;6;4;3;2;1;2;1;1;0;0;0;0;0;801392,4233;5824153,896;13,43942343;52,48410803
38440;145524;11;12;12302211;2020;12;16;5;3;3;2;2;1;1;0;0;0;0;0;792923,5514;5837077,225;13,32646749;52,60456917
38441;145525;11;8;8010404;2020;12;10;2;3;1;5;0;1;1;0;0;0;0;1;801581,2799;5823669,151;13,44175767;52,47965889
38442;145526;11;9;9020701;2020;12;11;2;3;2;6;0;0;1;0;0;1;0;1;807740,1484;5818115,024;13,52704437;52,42644635
38443;145527;11;1;1022204;2020;12;12;3;3;5;5;0;0;1;0;0;0;0;0;794999,3621;5828141,628;13,34908634;52,52334685
38444;145528;11;1;1011402;2020;12;15;6;3;0;1;1;1;0;0;0;0;0;1;798385,1966;5829408,824;13,39998087;52,53286323
38445;145529;11;2;2010103;2020;12;21;4;3;6;4;2;0;0;1;0;0;1;0;799547,1009;5825856,25;13,41386069;52,50038258
38446;145530;11;11;11020515;2020;12;10;2;3;3;6;0;1;1;0;0;0;0;0;804935,085;5830510,357;13,4972562;52,539111
38447;145531;11;12;12302107;2020;12;15;7;2;5;3;0;0;1;0;0;0;0;1;794340,6599;5835713,369;13,3461204;52,59157796
38448;145532;11;8;8010407;2020;12;22;1;2;0;1;2;1;0;0;0;0;0;1;802516,3301;5823715,913;13,45552657;52,47956086
38449;145533;11;10;10040932;2020;12;15;6;3;6;7;0;0;1;1;0;0;0;0;813122,0094;5827855,99;13,61507956;52,51068329
38450;145534;11;2;2050802;2020;12;16;5;3;6;2;2;0;1;1;0;0;0;0;802020,5341;5826917,375;13,45115055;52,50853023
38451;145535;11;7;7060601;2020;12;15;6;2;5;2;1;0;1;0;0;0;0;0;797200,1723;5817146,638;13,37163322;52,42359268
38452;145536;11;4;4041239;2020;12;13;4;3;2;7;0;1;1;0;0;0;0;1;791981,1795;5823186,044;13,30038187;52,48054555
38453;145537;11;8;8020728;2020;12;14;6;3;5;2;0;1;1;0;0;0;0;0;801974,6198;5817595,356;13,44204018;52,42500088
38454;145538;11;6;6010205;2020;12;7;5;2;2;6;1;0;1;0;1;0;0;1;796026,0272;5819879,378;13,35683654;52,44872624
38455;145539;11;7;7030303;2020;12;10;2;2;5;3;0;0;1;0;0;1;0;1;795243,0959;5822264,937;13,34745947;52,47053465
38456;145540;11;4;4030417;2020;12;19;1;3;5;3;2;1;1;0;0;0;0;1;791546,4074;5826647,012;13,29702719;52,51180515
38457;145541;11;12;12214125;2020;12;10;3;3;2;6;0;0;1;0;0;0;0;0;791086,2317;5833913,712;13,29663371;52,57719596
38458;145542;11;9;9041301;2020;12;21;4;2;8;1;2;0;1;0;0;0;0;1;816392,8745;5817597,468;13,6533923;52,41687446
38459;145543;11;4;4041238;2020;12;8;5;3;5;3;0;1;1;0;0;0;0;0;790858,7237;5822868,778;13,28362355;52,47830025
38460;145544;11;8;8010404;2020;12;9;2;3;2;7;0;0;1;0;1;0;0;0;801584,5076;5823576,559;13,44172131;52,47882719