;OBJECTID;LAND;BEZ;LOR;UJAHR;UMONAT;USTUNDE;UWOCHENTAG;UKATEGORIE;UART;UTYP1;ULICHTVERH;IstRad;IstPKW;IstFuss;IstKrad;IstGkfz;IstSonstige;USTRZUSTAND;LINREFX;LINREFY;XGCSWGS84;YGCSWGS84
38461;145545;11;1;1033101;2020;12;19;2;3;5;3;2;1;1;0;0;0;0;0;797630,7917;5832828,469;13,39195679;52,56392841
38462;145546;11;6;6030609;2020;12;15;3;3;5;3;1;1;0;0;0;0;0;0;792938,4195;5818918,669;13,31069197;52,44177683
38463;145547;11;2;2030302;2020;12;1;3;2;0;1;2;0;0;0;0;0;1;1;800920,8041;5825964,727;13,43413468;52,50059913
38464;145548;11;3;3061228;2020;12;14;6;3;5;2;0;1;1;0;0;0;0;0;800610,1021;5831414,561;13,43449771;52,54961858
38465;145549;11;1;1022206;2020;12;17;4;3;6;4;1;1;0;1;0;0;0;1;795984,8706;5828354,936;13,36375952;52,52472488
38466;145550;11;12;12301206;2020;12;12;7;2;1;1;0;0;0;0;1;0;1;0;794541,9672;5838546,288;13,35160442;52,61686358
38467;145551;11;1;1044203;2020;12;19;1;3;2;6;2;0;1;0;0;0;1;0;795290,3403;5831408,87;13,35626611;52,55247741
38468;145552;11;5;5020417;2020;12;12;6;3;5;2;0;0;1;0;0;0;0;0;781961,321;5828509,545;13,15774515;52,53354504
38469;145553;11;1;1044202;2020;12;9;5;3;5;2;0;1;1;0;0;0;0;0;794627,9474;5829879,046;13,3451677;52,53912239
38470;145554;11;2;2030401;2020;12;15;4;3;2;7;0;1;1;0;0;0;1;1;801181,1811;5825164,658;13,43723549;52,49328429
38471;145555;11;7;7030301;2020;12;14;6;3;6;4;0;0;0;1;0;0;1;0;794146,0609;5822113,62;13,33122242;52,46976997
38472;145556;11;10;10030724;2020;12;17;3;2;5;3;2;0;1;0;1;0;0;1;808803,4374;5828976,088;13,55268788;52,52318311
38473;145557;11;1;1044201;2020;12;12;6;3;2;6;0;0;1;0;0;0;0;0;796697,6855;5831916,881;13,37741627;52,55626636
38474;145558;11;6;6040806;2020;12;15;5;3;0;1;1;1;0;0;0;0;0;0;788634,6553;5819426,065;13,24798932;52,44861461
38475;145559;11;8;8010510;2020;12;9;2;3;6;7;0;0;0;1;0;0;1;0;803564,1907;5821953,555;13,46930512;52,46318364
38476;145560;11;1;1033102;2020;12;17;1;3;6;2;2;0;1;1;0;0;0;0;797354,8265;5831189,495;13,38642927;52,54938786
38477;145561;11;4;4051447;2020;12;6;3;3;2;6;2;0;1;0;0;0;0;1;793050,4222;5824469,882;13,3172103;52,491482
38478;145562;11;4;4051446;2020;12;18;2;3;2;6;2;0;1;0;0;0;0;0;792504,0868;5824731,509;13,30941615;52,49412046
38479;145563;11;6;6020409;2020;12;21;6;2;0;1;2;0;0;0;1;0;0;0;793105,3706;5817665,951;13,31204275;52,430457
38480;145564;11;10;10010102;2020;12;16;6;3;5;3;2;0;1;0;0;0;0;0;809611,6488;5834130,584;13,56936689;52,5689171
38481;145565;11;12;12214527;2020;12;14;4;3;6;2;0;0;1;1;0;0;0;1;790213,0401;5835129,57;13,28484877;52,58856241
38482;145566;11;1;1011305;2020;12;16;7;3;1;6;2;0;1;0;0;0;0;0;799449,3848;5826753,995;13,41323288;52,50848316
38483;145567;11;2;2010102;2020;12;20;6;3;6;2;2;0;1;1;0;0;0;0;798440,8211;5826526,262;13,39821234;52,50699451
38484;145568;11;10;10010310;2020;12;10;2;3;2;6;0;0;1;0;0;0;0;1;809801,2244;5831553,518;13,56974983;52,54571491
38485;145569;11;9;9020701;2020;12;19;6;3;5;2;2;0;1;0;0;0;0;0;807713,5962;5818113,616;13,5266538;52,42644867
38486;145570;11;6;6030503;2020;12;8;7;3;5;2;0;1;1;0;0;0;0;2;789572,0141;5817322,544;13,25992107;52,42925998
38487;145571;11;11;11040926;2020;12;14;4;3;1;7;0;0;1;1;0;0;0;1;805359,4084;5827204,371;13,50045781;52,50924386
38488;145572;11;4;4031032;2020;12;13;7;3;5;3;0;0;1;0;0;0;0;0;790961,1479;5824830,95;13,28684044;52,49583666
38489;145573;11;5;5030730;2020;12;19;6;3;2;6;2;0;1;0;0;0;0;0;786767,5777;5829294,743;13,22908676;52,53807729
38490;145574;11;3;3061228;2020;12;8;2;3;3;6;1;1;1;0;0;0;0;1;800742,8633;5831270,759;13,43631955;52,54825638
38491;145575;11;5;5010311;2020;12;17;5;3;2;6;2;0;1;0;1;0;0;1;785283,4094;5830868,027;13,2086148;52,55296217
38492;145576;11;1;1011305;2020;12;9;6;3;0;1;0;1;0;0;0;0;0;0;799088,0996;5827106,051;13,40824181;52,51183702
38493;145577;11;1;1022206;2020;12;8;2;3;5;3;0;1;1;0;0;0;0;1;795930,2484;5828131,792;13,3627582;52,52275425
38494;145578;11;6;6020302;2020;12;17;2;3;2;2;2;0;1;0;0;0;0;1;794095,528;5818809,479;13,32757051;52,44017692
38495;145579;11;7;7070706;2020;12;17;3;2;5;2;2;1;0;0;0;1;0;0;800037,685;5813263,096;13,40975836;52,38723344
38496;145580;11;4;4051448;2020;12;19;6;3;6;2;2;0;1;1;0;0;0;0;794214,0854;5825277,264;13,33501321;52,4980938
38497;145581;11;1;1011401;2020;12;14;4;3;4;6;0;0;1;0;1;0;0;1;798224,5718;5829358,311;13,39757457;52,53249836
38498;145582;11;1;1044201;2020;12;19;2;3;5;7;2;0;1;0;0;0;1;0;795776,1172;5830778,642;13,36284861;52,54656445
38499;145583;11;9;9031001;2020;12;15;7;3;5;3;0;0;1;0;0;0;0;0;810134,618;5815881,941;13,56007867;52,40508198
38500;145584;11;11;11030618;2020;12;13;2;2;1;1;0;0;1;1;0;0;1;0;802894,0301;5828955,908;13,46583752;52,52631705
38501;145585;11;2;2050801;2020;12;19;6;3;1;5;2;1;1;0;0;0;0;0;802266,0573;5827501,856;13,45528798;52,51363296
38502;145586;11;4;4030518;2020;12;10;6;3;0;3;0;0;1;0;0;0;1;1;791614,3729;5827996,369;13,29920865;52,52386561
38503;145587;11;9;9051702;2020;12;7;4;3;6;4;2;0;1;1;0;0;0;1;813740,0792;5821734,596;13,61839658;52,4554746
38504;145588;11;4;4030415;2020;12;13;7;3;6;4;0;0;1;1;0;0;0;0;791445,0081;5827484,152;13,29627054;52,51936421
38505;145589;11;8;8010404;2020;12;13;5;3;5;2;0;1;1;0;0;0;0;0;801232,6592;5823674,336;13,43664452;52,47989777
38506;145590;11;11;11030720;2020;12;21;5;2;5;3;2;0;1;0;0;0;0;0;806110,5031;5830157,852;13,51420848;52,53529282
38507;145591;11;3;3061126;2020;12;18;2;3;2;6;2;0;1;0;0;0;0;0;798764,073;5831820,011;13,40771841;52,55426843
38508;145592;11;10;10010310;2020;12;13;2;3;2;6;0;0;1;0;0;0;1;0;809902,0889;5831607,744;13,57128308;52,5461435
38509;145593;11;5;5010102;2020;12;13;3;3;1;5;0;1;0;0;0;0;1;0;784871,4172;5832006,585;13,20353201;52,56338601
38510;145594;11;6;6030503;2020;12;14;5;3;5;2;0;0;1;0;0;0;0;0;788909,923;5817930,331;13,2507353;52,43505917
38511;145595;11;2;2010103;2020;12;12;6;3;5;7;0;0;1;0;0;0;0;0;798917,7905;5826114,981;13,40484978;52,50304683
38512;145596;11;1;1044201;2020;12;17;2;3;3;6;2;0;1;0;0;0;0;1;797094,9703;5831923,772;13,38326526;52,55611156
38513;145597;11;8;8010118;2020;12;16;2;3;5;3;2;0;1;0;0;0;0;1;801045,1714;5822087,753;13,43246026;52,46578012
38514;145598;11;12;12302109;2020;12;15;3;2;6;7;1;0;1;1;0;0;0;0;794954,9825;5836523,038;13,35588389;52,5985031
38515;145599;11;7;7040403;2020;12;18;6;3;2;6;2;0;1;0;0;0;0;0;797026,7113;5822196,703;13,37357963;52,46895614
38516;145600;11;1;1044202;2020;12;11;4;3;2;6;0;0;1;0;0;0;0;1;794921,8411;5830258,535;13,34982533;52,54236524
38517;145601;11;1;1044103;2020;12;17;2;3;0;2;2;0;0;1;0;0;1;0;795519,6427;5830761,814;13,35906241;52,54655278
38518;145602;11;1;1022101;2020;12;11;7;3;2;6;0;0;1;0;0;0;0;1;792786,0173;5828847,474;13,31717825;52,53086754
38519;145603;11;12;12304313;2020;12;11;2;3;5;2;0;1;1;0;0;0;0;0;791492,8815;5834327,328;13,30298146;52,58068623
38520;145604;11;4;4020310;2020;12;9;5;3;9;7;0;0;1;0;0;0;0;0;790536,3662;5827349,463;13,2827991;52,51864159
38521;145605;11;7;7070701;2020;12;21;6;3;2;2;2;0;1;0;0;0;0;0;799753,3221;5814504,015;13,40670229;52,39851238
38522;145606;11;4;4030930;2020;12;18;3;2;6;4;2;0;0;1;0;0;1;0;793189,3603;5825612,178;13,32025625;52,50164767
38523;145607;11;9;9010202;2020;12;10;7;3;5;2;0;1;1;0;0;0;0;1;803786,9804;5823280,015;13,47378207;52,47494868
38524;145608;11;7;7050504;2020;12;8;4;3;5;3;0;0;1;0;0;0;0;0;799718,0252;5819656,283;13,41080052;52,44471502
38525;145609;11;5;5010101;2020;12;14;5;3;5;3;0;1;1;0;0;0;0;1;785202,1999;5831175,805;13,20768471;52,55576419
38526;145610;11;2;2050801;2020;12;17;2;3;0;3;2;1;0;0;0;0;0;1;802395,0763;5827439,037;13,45712634;52,51299839
38527;145611;11;5;5040936;2020;12;11;2;3;5;3;0;1;1;0;0;0;0;1;779934,8827;5821661,565;13,1221904;52,47318469
38528;145612;11;8;8010301;2020;12;16;3;3;3;6;1;1;1;0;0;0;0;0;800644,2133;5824401,182;13,42866136;52,48673702
38529;145613;11;12;12304313;2020;12;7;3;3;5;2;0;0;1;0;0;1;0;0;792353,1181;5834071,103;13,31541508;52,57792777
38530;145614;11;4;4030726;2020;12;18;5;3;0;7;2;0;0;0;1;0;1;0;792305,2179;5825383,575;13,30706748;52,50007263
38531;145615;11;7;7020201;2020;12;19;4;3;5;3;2;0;1;0;0;0;0;1;794525,2929;5824640,818;13,33902164;52,49222057
38532;145616;11;1;1011303;2020;12;14;2;3;5;2;0;0;1;0;0;0;0;1;799479,819;5828830,293;13,41554899;52,52707728
38533;145617;11;2;2020204;2020;12;13;7;2;6;2;0;0;1;1;0;0;0;0;798418,0646;5824779,116;13,3963126;52,49134605
38534;145618;11;7;7070703;2020;12;13;1;3;6;7;0;0;1;1;0;0;0;1;799505,1389;5813169,293;13,40187264;52,38668397
38535;145619;11;5;5010208;2020;12;16;5;3;2;6;2;0;1;0;0;0;0;0;784102,1326;5830063,972;13,19055095;52,54637045
38536;145620;11;2;2010102;2020;12;17;5;3;1;5;2;1;1;0;0;0;0;1;797930,9439;5826403,24;13,39061203;52,50617045
38537;145621;11;1;1044201;2020;12;10;5;3;6;7;0;1;0;0;0;0;1;0;796599,2162;5831923,893;13,37597435;52,55638286
38538;145622;11;9;9020701;2020;12;7;4;3;6;2;2;0;0;1;0;0;1;1;808460,6802;5819064,651;13,5384837;52,43455129
38539;145623;11;4;4030931;2020;12;22;1;3;2;6;2;0;1;0;1;0;0;1;794365,563;5825923,458;13,33780937;52,50380487
38540;145624;11;7;7060601;2020;12;18;7;3;1;1;2;0;1;0;0;0;1;1;796140,4332;5816154,209;13,35521577;52,41527077
38541;145625;11;12;12214424;2020;12;14;2;3;0;6;0;0;1;0;0;0;1;0;793175,2249;5832313,347;13,32595884;52,56172818
38542;145626;11;2;2040703;2020;12;22;5;2;0;7;2;1;0;0;0;0;0;0;801750,2213;5826253,013;13,44657761;52,50272507
38543;145627;11;7;7050506;2020;12;14;6;3;3;7;0;0;1;0;0;0;1;1;799045,4249;5816806,584;13,39838527;52,41953921
38544;145628;11;6;6030608;2020;12;11;6;3;2;6;0;0;1;0;0;1;0;0;791048,3716;5817783,905;13,2819758;52,43261274
38545;145629;11;8;8010301;2020;12;18;4;3;1;5;2;1;1;0;0;0;0;0;801418,2089;5823907,098;13,43957887;52,48188169
38546;145630;11;1;1011303;2020;12;19;5;3;0;3;2;0;1;0;1;0;0;0;799484,657;5828789,065;13,41558296;52,52670508
38547;145631;11;11;11030824;2020;12;21;1;3;5;3;2;0;1;0;0;0;0;1;804081,1069;5826834,909;13,48134317;52,50664652
38548;145632;11;12;12301206;2020;12;10;2;3;1;5;0;1;1;0;0;0;0;1;794312,7101;5838368,403;13,34806968;52,61539322
38549;145633;11;1;1011301;2020;12;6;3;3;5;3;2;1;1;0;0;0;0;1;797630,1443;5828308,092;13,38789709;52,52340934
38550;145634;11;1;1011302;2020;12;13;2;3;5;3;0;1;0;0;0;0;1;0;798484,3209;5828745,495;13,40084232;52,52686314
38551;145635;11;9;9020502;2020;12;22;5;3;0;1;2;0;0;0;1;0;0;0;808603,568;5821642,423;13,54295986;52,45757274
38552;145636;11;2;2050803;2020;12;12;7;3;2;6;0;0;1;0;0;0;0;0;802595,1342;5826145,9;13,45888998;52,50129715
38553;145637;11;6;6010208;2020;12;18;3;3;2;6;2;0;1;0;0;0;0;0;794260,5086;5820290,572;13,33129523;52,45336555
38554;145638;11;7;7040405;2020;12;15;1;3;5;2;1;0;1;0;0;0;0;0;799129,2279;5821712,416;13,40400511;52,46346801
38555;145639;11;2;2010104;2020;12;21;5;3;5;3;2;0;1;0;0;0;0;0;798581,5814;5825563,493;13,39941683;52,49828755
38556;145640;11;5;5020419;2020;12;18;5;3;6;4;2;0;0;1;0;0;1;1;781764,0456;5828315,017;13,15467957;52,53190284
38557;145641;11;3;3061228;2020;12;15;3;3;5;3;0;0;1;0;1;0;0;0;800403,9773;5831533,36;13,43157439;52,5507971
38558;145642;11;9;9010402;2020;12;12;6;3;5;3;0;0;1;0;0;0;1;0;805707,206;5818798,895;13,49786408;52,43371521
38559;145643;11;11;11041022;2020;12;21;3;3;1;7;2;0;1;0;0;0;0;1;805555,1398;5827532,632;13,50363422;52,51207628
38560;145644;11;8;8041035;2020;12;19;5;2;5;2;2;0;1;0;1;0;0;0;803851,695;5818878,728;13,47072704;52,43546457
38561;145645;11;11;11040926;2020;12;15;6;3;5;7;2;1;1;0;0;0;0;0;805176,6047;5827185,744;13,49775556;52,50917921
38562;145646;11;7;7050505;2020;12;10;4;3;0;1;0;1;0;0;0;0;0;1;798294,8533;5818963,953;13,38930531;52,43928731
38563;145647;11;5;5010209;2020;12;13;4;3;5;3;0;1;1;0;0;0;0;0;783232,6591;5830278,517;13,17794618;52,54874685
38564;145648;11;4;4030622;2020;12;9;5;3;0;1;0;0;1;0;1;0;0;0;791858,395;5827240,195;13,30213171;52,51695609
38565;145649;11;3;3040513;2020;12;5;5;2;5;2;2;0;1;0;1;0;0;0;796758,765;5834005,184;13,38018259;52,57495226
38566;145650;11;8;8030831;2020;12;14;1;3;5;3;0;0;1;0;0;0;0;0;804640,8902;5817828,494;13,48134362;52,4256126
38567;145651;11;11;11040926;2020;12;4;1;3;1;5;2;0;1;0;0;0;1;1;805537,2047;5827099,314;13,502973;52,50820275
38568;145652;11;9;9010401;2020;12;16;3;3;5;2;2;1;1;0;0;0;0;0;805506,0928;5821509,932;13,49739394;52,45812546
38569;145653;11;3;3050924;2020;12;5;2;3;5;3;2;0;1;0;0;0;1;1;801492,8801;5831342,132;13,44741181;52,54848154
38570;145654;11;8;8010404;2020;12;19;5;3;1;5;2;1;1;0;0;0;0;0;801702,4767;5822657,468;13,44262172;52,47052404
38571;145655;11;8;8010214;2020;12;2;7;3;1;5;2;0;1;0;0;0;1;1;801558,4986;5822300,362;13,44018578;52,46740271
38572;145656;11;1;1011102;2020;12;20;7;3;5;2;2;1;1;0;0;0;0;0;795194,321;5827245,996;13,35115678;52,51521269
38573;145657;11;4;4030930;2020;12;18;5;3;5;3;2;0;1;0;0;0;0;0;792843,7185;5825520,125;13,31509784;52,50100805
38574;145658;11;12;12231102;2020;12;16;1;3;1;5;1;0;1;0;0;0;0;0;790115,9334;5839467,826;13,28722279;52,62750611
38575;145659;11;1;1011301;2020;12;16;5;2;6;4;1;0;1;1;0;0;0;1;797312,3394;5829015,409;13,3838591;52,529923
38576;145660;11;3;3061126;2020;12;10;6;3;6;2;0;0;1;1;0;0;0;0;798529,7392;5831475,736;13,40396279;52,551311
38577;145661;11;7;7040403;2020;12;15;1;3;6;2;0;0;1;1;0;0;0;0;797362,1964;5821915,736;13,37825344;52,46625506
38578;145662;11;1;1033102;2020;12;17;2;3;1;5;2;0;1;0;0;0;1;1;797750,308;5831839,839;13,39282781;52,55500132
38579;145663;11;12;12231101;2020;12;16;3;3;0;5;2;0;1;0;0;0;1;0;792074,7353;5839016,551;13,31568149;52,62241098
38580;145664;11;6;6010205;2020;12;17;5;2;6;4;2;0;1;1;0;0;0;0;795091,6765;5819664,808;13,34293842;52,44730787
38581;145665;11;11;2050801;2020;12;12;4;3;2;6;0;0;1;0;0;0;0;1;803402,7453;5826641,762;13,47120303;52,50529304
38582;145666;11;4;4030931;2020;12;14;1;3;0;6;0;0;1;0;0;0;1;0;794409,8794;5826087,972;13,33860586;52,50525572
38583;145667;11;10;10010101;2020;12;9;7;3;0;1;0;0;0;0;1;0;0;2;808524,6134;5834000,852;13,55325851;52,56837163
38584;145668;11;7;7030303;2020;12;12;2;3;5;2;0;1;0;0;0;0;1;1;795386,8151;5820977,945;13,34842997;52,45891993
38585;145669;11;5;5010101;2020;12;16;5;3;5;3;1;1;1;0;0;0;0;0;785294,0743;5832415,933;13,21010244;52,56683483
38586;145670;11;11;11020516;2020;12;8;6;3;2;6;0;0;1;0;0;0;1;1;805921,491;5830512,2;13,51175671;52,53857469
38587;145671;11;7;7020202;2020;12;14;3;3;2;6;0;0;1;0;0;0;0;0;795009,8287;5823508,933;13,34513577;52,48181232
38588;145672;11;10;10020622;2020;12;16;5;3;6;2;0;0;1;1;0;0;0;0;811210,7276;5828849,918;13,58793734;52,52068391
38589;145673;11;10;10010102;2020;12;14;1;3;2;6;0;0;1;0;0;0;0;0;809497,2414;5834652,693;13,56817147;52,57366103
38590;145674;11;2;2020204;2020;12;13;1;3;6;7;0;0;0;1;0;0;1;0;798439,8168;5825262,953;13,39706543;52,49567114
38591;145675;11;2;2030302;2020;12;13;2;3;5;3;0;0;1;0;1;0;0;0;800626,475;5826265,999;13,43008374;52,50346175
38592;145676;11;2;2020205;2020;12;15;5;2;1;5;1;1;1;0;0;0;0;0;798071,7617;5824552,629;13,39102453;52,48950507
38593;145677;11;2;2040703;2020;12;12;6;2;3;6;0;1;0;0;0;0;1;1;801326,5598;5827374,63;13,44137022;52,51301243
38594;145678;11;4;4030930;2020;12;15;7;3;6;7;1;0;0;1;0;0;1;0;793146,8194;5825598,713;13,31961948;52,50154981
38595;145679;11;3;3040818;2020;12;14;5;3;2;6;0;1;1;0;0;0;0;0;799288,7309;5832571,483;13,41611142;52,56071612
38596;145680;11;5;5010206;2020;12;14;5;3;6;7;0;0;0;1;0;0;1;0;782338,5308;5830416,969;13,16491262;52,55045245
38597;145681;11;9;9020502;2020;12;15;5;3;6;4;0;0;1;1;0;0;0;0;807243,7183;5822147,265;13,52347401;52,46286336
38598;145682;11;12;12214527;2020;12;12;1;3;5;3;0;0;1;0;0;0;0;1;790051,9954;5835749,776;13,28302134;52,59420841
38599;145683;11;6;6030503;2020;12;15;2;3;2;6;1;0;1;0;0;0;0;1;789927,0314;5817671,625;13,26543073;52,4322016
38600;145684;11;4;4051448;2020;12;14;3;3;5;2;1;1;1;0;0;0;0;0;793474,2492;5824849,149;13,32376889;52,49465429
38601;145685;11;4;4030623;2020;12;14;5;3;6;4;0;0;1;1;0;0;0;0;793759,0823;5826063,927;13,32902388;52,50539097
38602;145686;11;2;2020203;2020;12;10;4;3;0;1;0;1;0;0;0;0;0;1;796908,0912;5824306,218;13,37371683;52,48793037
38603;145687;11;11;11020515;2020;12;12;1;3;5;2;0;1;0;0;0;0;1;0;803330,6599;5830082,101;13,47328143;52,53616808
38604;145688;11;1;1044201;2020;12;10;7;3;5;2;0;0;1;0;0;0;0;1;796475,1232;5831930,609;13,3741553;52,55651063
38605;145689;11;9;9020701;2020;12;15;2;3;5;2;1;1;1;0;0;0;0;0;809324,3752;5818521,814;13,55064593;52,42919872
38606;145690;11;12;12231101;2020;12;13;5;3;6;7;0;0;1;1;0;0;0;0;791460,1886;5838453,151;13,30613233;52,61769035
38607;145691;11;6;6020410;2020;12;18;6;3;3;6;2;0;1;0;0;0;0;0;794067,9144;5817441,869;13,3259625;52,42793162
38608;145692;11;7;7050501;2020;12;8;7;3;0;1;0;0;0;0;1;0;0;2;797609,2762;5819584,985;13,37980241;52,44522774
38609;145693;11;6;6020306;2020;12;7;4;3;5;3;1;0;1;0;0;0;0;1;795903,8113;5816492,265;13,35204567;52,4184292
38610;145694;11;12;12301204;2020;12;10;5;3;5;3;0;1;0;0;0;0;1;0;792989,6972;5835646,741;13,32617565;52,59171011
38611;145695;11;5;5010101;2020;12;9;1;2;6;2;0;0;1;1;0;0;0;0;785260,6135;5832257,138;13,20947355;52,56542864
38612;145696;11;11;11051330;2020;12;11;2;3;2;6;0;0;1;0;0;0;0;1;807220,9942;5825554,047;13,5262791;52,49340834
38613;145697;11;3;3040512;2020;12;12;7;3;2;7;0;0;1;0;0;0;0;0;796323,8603;5834878,491;13,37456438;52,58301744
38614;145698;11;2;2010102;2020;12;11;4;3;5;7;0;0;1;0;0;0;0;0;798237,3231;5826153,076;13,39488863;52,50376065
38615;145699;11;4;4030724;2020;12;17;5;3;0;7;2;1;1;0;0;0;0;0;790677,0462;5825976,313;13,28366715;52,50625629
38616;145700;11;12;12304314;2020;12;9;1;3;5;3;0;0;1;0;0;0;0;1;791248,2701;5836413,791;13,30121602;52,59952179
38617;145701;11;8;8010404;2020;12;11;2;2;6;2;0;0;1;1;0;0;0;0;801391,5259;5823751,39;13,43904638;52,48050077
38618;145702;11;12;12103219;2020;12;12;3;3;6;4;0;0;1;1;0;0;0;1;795646,1849;5832515,527;13,36248491;52,5622045
38619;145703;11;1;1033201;2020;12;12;5;3;5;2;0;1;1;0;0;0;0;0;797702,3072;5830685,507;13,39108701;52,54468047
38620;145704;11;2;2030302;2020;12;6;4;3;6;2;2;0;1;1;0;0;0;1;801416,9314;5826074,542;13,44152077;52,50130961
38621;145705;11;9;9010302;2020;12;7;1;3;6;7;2;0;1;1;0;0;0;1;804675,9235;5820283,736;13,48409499;52,44759883
38622;145706;11;8;8010301;2020;12;16;7;3;6;7;1;0;1;1;0;0;0;0;801544,6569;5824044,518;13,44155954;52,4830436
38623;145707;11;10;10030726;2020;12;23;1;3;8;1;2;0;1;0;0;0;0;1;808929,8925;5827234,764;13,55292917;52,50750615
38624;145708;11;7;7040405;2020;12;12;5;2;5;2;0;1;0;0;0;1;0;0;798999,5141;5821688,881;13,4020804;52,46332805
38625;145709;11;1;1011303;2020;12;14;6;3;1;5;0;1;1;0;0;0;0;0;799059,5819;5828477,148;13,40905535;52,52414255
38626;145710;11;3;3071633;2020;12;14;3;3;0;1;0;1;0;0;0;0;0;0;800111,0026;5830642,181;13,42646116;52,54297072
38627;145711;11;4;4030623;2020;12;19;6;3;5;7;2;0;1;0;0;0;0;0;792905,8975;5826965,884;13,31728337;52,51393541
38628;145712;11;2;2050601;2020;12;14;4;3;5;2;0;0;1;0;0;0;1;0;801868,1469;5828991,074;13,45079361;52,52720122
38629;145713;11;7;7040403;2020;12;8;5;3;1;5;0;1;1;0;0;0;0;0;797421,2151;5821376,037;13,3786387;52,46138508
38630;145714;11;12;12214424;2020;12;20;7;3;6;7;2;0;1;1;0;0;0;0;792545,2938;5833150,309;13,31743065;52,56957
38631;145715;11;5;5010310;2020;12;23;2;3;1;1;2;0;1;0;0;0;1;1;784316,2743;5830601,037;13,19416022;52,55107406
38632;145716;11;7;7060604;2020;12;17;3;3;2;6;2;0;1;0;0;1;0;1;797006,4055;5815657,072;13,36747007;52,41034514
38633;145717;11;8;8010301;2020;12;11;2;3;0;2;0;0;1;0;0;0;1;0;800757,2204;5824338,452;13,43026401;52,48611251
38634;145718;11;4;4031032;2020;12;11;5;3;6;2;0;0;1;1;0;0;0;0;791756,0414;5825179,925;13,29882182;52,49854083
38635;145719;11;5;5020627;2020;12;9;7;3;0;7;0;1;0;0;0;0;0;2;785967,8654;5827981,213;13,21619771;52,52672072
38636;145720;11;1;1011203;2020;12;17;3;3;5;2;2;1;1;0;0;0;0;0;797774,4993;5827360,366;13,38917016;52,51483533
38637;145721;11;5;5010103;2020;12;3;3;3;1;7;2;0;1;0;0;0;1;1;784201,7221;5830726,083;13,19258234;52,55225501
38638;145722;11;3;3071638;2020;12;10;5;3;0;3;0;0;1;0;1;0;0;1;799663,401;5829002,209;13,41840193;52,52851736
38639;145723;11;1;1011204;2020;12;17;4;2;5;3;1;1;1;0;0;0;0;0;798084,7542;5827089,182;13,39348577;52,51223504
38640;145724;11;3;3050923;2020;12;13;7;3;5;3;0;0;1;0;1;0;0;0;800676,9549;5831558,812;13,4356113;52,55087462
38641;145725;11;2;2050801;2020;12;20;1;3;2;6;2;0;1;0;0;0;0;1;803393,7921;5826856,2;13,47126694;52,50721998
38642;145726;11;8;8010213;2020;12;9;5;3;5;3;0;0;1;0;0;0;0;0;801199,9885;5822630,823;13,43522254;52,4705625
38643;145727;11;7;7020204;2020;12;10;5;3;2;6;0;0;1;0;0;0;0;0;796647,1643;5823971,27;13,36958718;52,48506973
38644;145728;11;12;12304313;2020;12;14;6;3;5;2;0;0;1;0;0;0;0;0;792354,2132;5834072,217;13,31543218;52,57793717
38645;145729;11;3;3040818;2020;12;11;4;3;1;5;0;1;1;0;0;0;0;1;799176,2641;5833211,959;13,41503479;52,56651876
38646;145730;11;5;5010101;2020;12;21;3;2;9;1;2;0;1;0;0;0;0;1;782512,5806;5831711,515;13,1685746;52,5619695
38647;145731;11;7;7060604;2020;12;12;5;3;5;3;0;1;1;0;0;0;0;0;795649,3546;5816052,469;13,3479264;52,4146242
38648;145732;11;6;6010205;2020;12;15;5;2;0;7;1;0;1;0;0;0;0;0;795759,172;5819912,352;13,35295054;52,44916625
38649;145733;11;2;2020204;2020;12;19;7;3;2;7;2;0;1;0;0;0;0;0;798320,5052;5825154,293;13,39521587;52,49476236
38650;145734;11;6;6020303;2020;12;13;1;3;5;2;0;1;0;0;0;0;1;0;795367,089;5818451,713;13,34590686;52,43628448
38651;145735;11;4;4051655;2020;12;17;3;3;2;6;2;0;1;0;0;0;0;0;793923,5846;5823380,325;13,32907303;52,48124518
38652;145736;11;3;3040512;2020;12;19;2;3;2;6;2;0;1;0;0;0;0;1;795880,3285;5835412,334;13,368514;52,58804415
38653;145737;11;9;11051332;2020;12;7;5;3;5;3;0;1;1;0;0;0;0;0;806095,7342;5823425,66;13,50780221;52,47496511
38654;145738;11;11;11041128;2020;12;22;6;3;1;5;2;0;1;0;0;0;0;1;805388,8225;5826063,808;13,49984378;52,49900517
38655;145739;11;1;1011102;2020;12;16;7;3;5;3;2;0;1;0;0;0;0;0;795160,0796;5827088,833;13,35051424;52,51382237
38656;145740;11;6;6010205;2020;12;14;4;3;6;3;0;0;1;1;0;0;0;0;795839,2629;5819911,242;13,35412463;52,44911297